set,examinee,L_s,window,scope,tau_model,null_ff,null_ff_oos,false_flip_nonreactive,n,unit,routes,flip,lo,hi,sign_agree,abs_over_tau_median
pdm,TFv6 target speed,0.1,per frame,pooled,2.1527776865,0.05033205173016428,0.05555048818403385,0.010775862068965518,783,frame,48,0.06130268199233716,0.03770587894752077,0.08588159581453032,0.42017879948914433,0.01755871044474615
pdm,TFv6 target speed,0.1,per frame,pedestrian,2.1527776865,0.05033205173016428,0.05555048818403385,0.005852231163130944,309,frame,22,0.061488673139158574,0.025545122760451226,0.1035467635804974,0.5275080906148867,0.008918694905069899
pdm,TFv6 target speed,0.1,per frame,cut-in,2.1527776865,0.05033205173016428,0.05555048818403385,0.05851063829787234,474,frame,26,0.06118143459915612,0.0293498485337762,0.09330879566680782,0.350210970464135,0.035114758512179
pdm,TFv6 target speed,0.1,(a) gated,pooled,2.1527776865,0.04568345323741007,0.054746412104682125,0.01045354914854156,725,frame,48,0.06482758620689655,0.03889542573578749,0.09197280947578314,0.416551724137931,0.018080082643894393
pdm,TFv6 target speed,0.1,(a) gated,pedestrian,2.1527776865,0.04568345323741007,0.054746412104682125,0.005740740740740741,275,frame,22,0.06545454545454546,0.023620721652217715,0.11451578583397605,0.52,0.008918722592387874
pdm,TFv6 target speed,0.1,(a) gated,cut-in,2.1527776865,0.04568345323741007,0.054746412104682125,0.0583804143126177,450,frame,26,0.06444444444444444,0.03144162735849056,0.0970500587801077,0.35333333333333333,0.03522831062916894
pdm,TFv6 target speed,0.1,(b) per pair,pooled,2.1527776865,0.5955056179775281,0.5411616161616162,0.010775862068965518,140,pair,48,0.25,0.15383211678832118,0.34782608695652173,0.42017879948914433,0.01755871044474615
pdm,TFv6 target speed,0.1,(b) per pair,pedestrian,2.1527776865,0.5955056179775281,0.5411616161616162,0.005852231163130944,63,pair,22,0.23809523809523808,0.0967741935483871,0.39344262295081966,0.5275080906148867,0.008918694905069899
pdm,TFv6 target speed,0.1,(b) per pair,cut-in,2.1527776865,0.5955056179775281,0.5411616161616162,0.05851063829787234,77,pair,26,0.2597402597402597,0.12804054054054054,0.4025974025974026,0.350210970464135,0.035114758512179
pdm,TFv6 waypoint speed 2 s,0.1,per frame,pooled,1.8946682175,0.05033205173016428,0.04836969581059146,0.059847480106100796,783,frame,48,0.1251596424010217,0.06241994739400177,0.19447844138011436,0.5798212005108557,0.1649800845950344
pdm,TFv6 waypoint speed 2 s,0.1,per frame,pedestrian,1.8946682175,0.05033205173016428,0.04836969581059146,0.06510607168983175,309,frame,22,0.10355987055016182,0.033431064073226546,0.19582602839707752,0.6537216828478964,0.04938600620779633
pdm,TFv6 waypoint speed 2 s,0.1,per frame,cut-in,1.8946682175,0.05033205173016428,0.04836969581059146,0.008865248226950355,474,frame,26,0.13924050632911392,0.040721110779337114,0.23972881167167834,0.5316455696202531,0.3354731686140723
pdm,TFv6 waypoint speed 2 s,0.1,(a) gated,pooled,1.8946682175,0.04712230215827338,0.04496136112734593,0.06002360478839993,725,frame,48,0.13379310344827586,0.06684643897377816,0.2075195063129522,0.5889655172413794,0.18916249871002788
pdm,TFv6 waypoint speed 2 s,0.1,(a) gated,pedestrian,1.8946682175,0.04712230215827338,0.04496136112734593,0.065,275,frame,22,0.11636363636363636,0.03814253302767471,0.22131303966962831,0.6727272727272727,0.04372495420401314
pdm,TFv6 waypoint speed 2 s,0.1,(a) gated,cut-in,1.8946682175,0.04712230215827338,0.04496136112734593,0.009416195856873822,450,frame,26,0.14444444444444443,0.03962158531124048,0.24732272595175817,0.5377777777777778,0.3749178355037897
pdm,TFv6 waypoint speed 2 s,0.1,(b) per pair,pooled,1.8946682175,0.5168539325842697,0.45025252525252524,0.059847480106100796,140,pair,48,0.2571428571428571,0.15327199918897,0.37142857142857144,0.5798212005108557,0.1649800845950344
pdm,TFv6 waypoint speed 2 s,0.1,(b) per pair,pedestrian,1.8946682175,0.5168539325842697,0.45025252525252524,0.06510607168983175,63,pair,22,0.25396825396825395,0.1076923076923077,0.4166666666666667,0.6537216828478964,0.04938600620779633
pdm,TFv6 waypoint speed 2 s,0.1,(b) per pair,cut-in,1.8946682175,0.5168539325842697,0.45025252525252524,0.008865248226950355,77,pair,26,0.2597402597402597,0.11538461538461539,0.41025641025641024,0.5316455696202531,0.3354731686140723
pdm,TFv6 target speed (decoded scalar),0.1,per frame,pooled,2.234400034,0.049982523593149246,0.05699493426311428,0.010941644562334218,783,frame,48,0.06002554278416347,0.0357131483166515,0.0843720351043643,0.20945083014048532,0.0
pdm,TFv6 target speed (decoded scalar),0.1,per frame,pedestrian,2.234400034,0.049982523593149246,0.05699493426311428,0.005852231163130944,309,frame,22,0.061488673139158574,0.025545122760451226,0.1035467635804974,0.284789644012945,0.0
pdm,TFv6 target speed (decoded scalar),0.1,per frame,cut-in,2.234400034,0.049982523593149246,0.05699493426311428,0.06028368794326241,474,frame,26,0.05907172995780591,0.027091931833311145,0.09163429614873837,0.16033755274261605,0.0
pdm,TFv6 target speed (decoded scalar),0.1,(a) gated,pooled,2.234400034,0.045323741007194246,0.055851678680433794,0.010622154779969651,725,frame,48,0.06344827586206897,0.036595252312537324,0.09030826760434643,0.2082758620689655,0.0
pdm,TFv6 target speed (decoded scalar),0.1,(a) gated,pedestrian,2.234400034,0.045323741007194246,0.055851678680433794,0.005740740740740741,275,frame,22,0.06545454545454546,0.023620721652217715,0.11451578583397605,0.28,0.0
pdm,TFv6 target speed (decoded scalar),0.1,(a) gated,cut-in,2.234400034,0.045323741007194246,0.055851678680433794,0.060263653483992465,450,frame,26,0.06222222222222222,0.02906846968438538,0.09566133794929228,0.16444444444444445,0.0
pdm,TFv6 target speed (decoded scalar),0.1,(b) per pair,pooled,2.234400034,0.5955056179775281,0.5409090909090909,0.010941644562334218,140,pair,48,0.24285714285714285,0.14595895482915475,0.34042938637064446,0.20945083014048532,0.0
pdm,TFv6 target speed (decoded scalar),0.1,(b) per pair,pedestrian,2.234400034,0.5955056179775281,0.5409090909090909,0.005852231163130944,63,pair,22,0.23809523809523808,0.0967741935483871,0.39344262295081966,0.284789644012945,0.0
pdm,TFv6 target speed (decoded scalar),0.1,(b) per pair,cut-in,2.234400034,0.5955056179775281,0.5409090909090909,0.06028368794326241,77,pair,26,0.24675324675324675,0.10810810810810811,0.38961038961038963,0.16033755274261605,0.0
pdm,ridge ego,0.0,per frame,pooled,0.0,0.0027962250961202375,0.0028474541362011386,0.017241379310344827,783,frame,48,0.07918263090676884,0.058670056497175146,0.10105132287826903,0.07918263090676884,
pdm,ridge ego,0.0,per frame,pedestrian,0.0,0.0027962250961202375,0.0028474541362011386,0.019019751280175568,309,frame,22,0.11650485436893204,0.08064516129032258,0.15658694959366865,0.11650485436893204,
pdm,ridge ego,0.0,per frame,cut-in,0.0,0.0027962250961202375,0.0028474541362011386,0.0,474,frame,26,0.05485232067510549,0.03178387084255055,0.07919067280277307,0.05485232067510549,
pdm,ridge ego,0.0,(a) gated,pooled,0.0,0.0027962250961202375,0.0028474541362011386,0.017241379310344827,783,frame,48,0.07918263090676884,0.058670056497175146,0.10105132287826903,0.07918263090676884,
pdm,ridge ego,0.0,(a) gated,pedestrian,0.0,0.0027962250961202375,0.0028474541362011386,0.019019751280175568,309,frame,22,0.11650485436893204,0.08064516129032258,0.15658694959366865,0.11650485436893204,
pdm,ridge ego,0.0,(a) gated,cut-in,0.0,0.0027962250961202375,0.0028474541362011386,0.0,474,frame,26,0.05485232067510549,0.03178387084255055,0.07919067280277307,0.05485232067510549,
pdm,ridge ego,0.0,(b) per pair,pooled,0.0,0.02247191011235955,0.022474747474747474,0.017241379310344827,140,pair,48,0.4,0.2907801418439716,0.5070422535211268,0.07918263090676884,
pdm,ridge ego,0.0,(b) per pair,pedestrian,0.0,0.02247191011235955,0.022474747474747474,0.019019751280175568,63,pair,22,0.5238095238095238,0.375,0.671875,0.11650485436893204,
pdm,ridge ego,0.0,(b) per pair,cut-in,0.0,0.02247191011235955,0.022474747474747474,0.0,77,pair,26,0.2987012987012987,0.15584415584415584,0.44155844155844154,0.05485232067510549,
pdm,ridge_late L18_last,0.3,per frame,pooled,0.4627066851,0.05033205173016428,0.04992962892128737,0.0,783,frame,48,0.0,0.0,0.0,0.524904214559387,0.053965192288160324
pdm,ridge_late L18_last,0.3,per frame,pedestrian,0.4627066851,0.05033205173016428,0.04992962892128737,0.0,309,frame,22,0.0,0.0,0.0,0.5436893203883495,0.03226204589009285
pdm,ridge_late L18_last,0.3,per frame,cut-in,0.4627066851,0.05033205173016428,0.04992962892128737,0.0,474,frame,26,0.0,0.0,0.0,0.5126582278481012,0.0790649950504303
pdm,ridge_late L18_last,0.3,(a) gated,pooled,0.4627066851,0.042175360710321866,0.05363290032818968,0.0,664,frame,47,0.0,0.0,0.0,0.5316265060240963,0.05986296385526657
pdm,ridge_late L18_last,0.3,(a) gated,pedestrian,0.4627066851,0.042175360710321866,0.05363290032818968,0.0,238,frame,21,0.0,0.0,0.0,0.5462184873949579,0.032821886241436005
pdm,ridge_late L18_last,0.3,(a) gated,cut-in,0.4627066851,0.042175360710321866,0.05363290032818968,0.0,426,frame,26,0.0,0.0,0.0,0.5234741784037559,0.08098281919956207
pdm,ridge_late L18_last,0.3,(b) per pair,pooled,0.4627066851,0.3595505617977528,0.34924242424242424,0.0,140,pair,48,0.0,0.0,0.0,0.524904214559387,0.053965192288160324
pdm,ridge_late L18_last,0.3,(b) per pair,pedestrian,0.4627066851,0.3595505617977528,0.34924242424242424,0.0,63,pair,22,0.0,0.0,0.0,0.5436893203883495,0.03226204589009285
pdm,ridge_late L18_last,0.3,(b) per pair,cut-in,0.4627066851,0.3595505617977528,0.34924242424242424,0.0,77,pair,26,0.0,0.0,0.0,0.5126582278481012,0.0790649950504303
pdm,ridge_late L18_mean,0.3,per frame,pooled,0.39712166790000003,0.05033205173016428,0.05689146180591313,0.00016578249336870026,783,frame,48,0.006385696040868455,0.0,0.020081668957710026,0.5823754789272031,0.03421849384903908
pdm,ridge_late L18_mean,0.3,per frame,pedestrian,0.39712166790000003,0.05033205173016428,0.05689146180591313,0.0,309,frame,22,0.0,0.0,0.0,0.6601941747572816,0.01976526901125908
pdm,ridge_late L18_mean,0.3,per frame,cut-in,0.39712166790000003,0.05033205173016428,0.05689146180591313,0.0017730496453900709,474,frame,26,0.010548523206751054,0.0,0.033637980949295945,0.5316455696202531,0.04380394518375397
pdm,ridge_late L18_mean,0.3,(a) gated,pooled,0.39712166790000003,0.04661487236403995,0.05983799413986268,0.00017140898183064793,664,frame,47,0.007530120481927711,0.0,0.023848326126801208,0.5918674698795181,0.03744726628065109
pdm,ridge_late L18_mean,0.3,(a) gated,pedestrian,0.39712166790000003,0.04661487236403995,0.05983799413986268,0.0,238,frame,21,0.0,0.0,0.0,0.6932773109243697,0.021464306861162186
pdm,ridge_late L18_mean,0.3,(a) gated,cut-in,0.39712166790000003,0.04661487236403995,0.05983799413986268,0.002008032128514056,426,frame,26,0.011737089201877934,0.0,0.03816793893129771,0.5352112676056338,0.04509473592042923
pdm,ridge_late L18_mean,0.3,(b) per pair,pooled,0.39712166790000003,0.30337078651685395,0.25681818181818183,0.00016578249336870026,140,pair,48,0.014285714285714285,0.0,0.043478260869565216,0.5823754789272031,0.03421849384903908
pdm,ridge_late L18_mean,0.3,(b) per pair,pedestrian,0.39712166790000003,0.30337078651685395,0.25681818181818183,0.0,63,pair,22,0.0,0.0,0.0,0.6601941747572816,0.01976526901125908
pdm,ridge_late L18_mean,0.3,(b) per pair,cut-in,0.39712166790000003,0.30337078651685395,0.25681818181818183,0.0017730496453900709,77,pair,26,0.025974025974025976,0.0,0.07894736842105263,0.5316455696202531,0.04380394518375397
pdm,ridge_late op-cinque temporal,0.1,per frame,pooled,1.3154439926000001,0.05033205173016428,0.04931247210902368,0.00016578249336870026,783,frame,48,0.005108556832694764,0.0,0.011782044781987864,0.5772669220945083,0.07713925838470459
pdm,ridge_late op-cinque temporal,0.1,per frame,pedestrian,1.3154439926000001,0.05033205173016428,0.04931247210902368,0.0,309,frame,22,0.006472491909385114,0.0,0.022222222222222223,0.5792880258899676,0.04827443137764931
pdm,ridge_late op-cinque temporal,0.1,per frame,cut-in,1.3154439926000001,0.05033205173016428,0.04931247210902368,0.0017730496453900709,474,frame,26,0.004219409282700422,0.0,0.010615711252653927,0.5759493670886076,0.09158562868833542
pdm,ridge_late op-cinque temporal,0.1,(a) gated,pooled,1.3154439926000001,0.04784172661870503,0.04936943957399831,0.0001686056314280897,725,frame,48,0.005517241379310344,0.0,0.012739984438332363,0.5737931034482758,0.08051369339227676
pdm,ridge_late op-cinque temporal,0.1,(a) gated,pedestrian,1.3154439926000001,0.04784172661870503,0.04936943957399831,0.0,275,frame,22,0.007272727272727273,0.0,0.02531846493871809,0.5672727272727273,0.04856043681502342
pdm,ridge_late op-cinque temporal,0.1,(a) gated,cut-in,1.3154439926000001,0.04784172661870503,0.04936943957399831,0.0018832391713747645,450,frame,26,0.0044444444444444444,0.0,0.01113647888164174,0.5777777777777777,0.09377525746822357
pdm,ridge_late op-cinque temporal,0.1,(b) per pair,pooled,1.3154439926000001,0.550561797752809,0.5174242424242425,0.00016578249336870026,140,pair,48,0.02857142857142857,0.0,0.06521739130434782,0.5772669220945083,0.07713925838470459
pdm,ridge_late op-cinque temporal,0.1,(b) per pair,pedestrian,1.3154439926000001,0.550561797752809,0.5174242424242425,0.0,63,pair,22,0.031746031746031744,0.0,0.1016949152542373,0.5792880258899676,0.04827443137764931
pdm,ridge_late op-cinque temporal,0.1,(b) per pair,cut-in,1.3154439926000001,0.550561797752809,0.5174242424242425,0.0017730496453900709,77,pair,26,0.025974025974025976,0.0,0.06493506493506493,0.5759493670886076,0.09158562868833542
pdm,ridge_late op-cinque vision,0.1,per frame,pooled,1.2274227142,0.05033205173016428,0.05182695089716995,0.0,783,frame,48,0.001277139208173691,0.0,0.004000133511348464,0.6360153256704981,0.07441692054271698
pdm,ridge_late op-cinque vision,0.1,per frame,pedestrian,1.2274227142,0.05033205173016428,0.05182695089716995,0.0,309,frame,22,0.0,0.0,0.0,0.5533980582524272,0.0462578646838665
pdm,ridge_late op-cinque vision,0.1,per frame,cut-in,1.2274227142,0.05033205173016428,0.05182695089716995,0.0,474,frame,26,0.002109704641350211,0.0,0.006411987041036707,0.689873417721519,0.10026952624320984
pdm,ridge_late op-cinque vision,0.1,(a) gated,pooled,1.2274227142,0.04748201438848921,0.050490291577375154,0.0,725,frame,48,0.001379310344827586,0.0,0.004316546762589928,0.6386206896551724,0.07644326984882355
pdm,ridge_late op-cinque vision,0.1,(a) gated,pedestrian,1.2274227142,0.04748201438848921,0.050490291577375154,0.0,275,frame,22,0.0,0.0,0.0,0.5418181818181819,0.04620270058512688
pdm,ridge_late op-cinque vision,0.1,(a) gated,cut-in,1.2274227142,0.04748201438848921,0.050490291577375154,0.0,450,frame,26,0.0022222222222222222,0.0,0.0068034958858258525,0.6977777777777778,0.10473771393299103
pdm,ridge_late op-cinque vision,0.1,(b) per pair,pooled,1.2274227142,0.5056179775280899,0.5164141414141414,0.0,140,pair,48,0.007142857142857143,0.0,0.021897810218978103,0.6360153256704981,0.07441692054271698
pdm,ridge_late op-cinque vision,0.1,(b) per pair,pedestrian,1.2274227142,0.5056179775280899,0.5164141414141414,0.0,63,pair,22,0.0,0.0,0.0,0.5533980582524272,0.0462578646838665
pdm,ridge_late op-cinque vision,0.1,(b) per pair,cut-in,1.2274227142,0.5056179775280899,0.5164141414141414,0.0,77,pair,26,0.012987012987012988,0.0,0.039473684210526314,0.689873417721519,0.10026952624320984
pdm,ridge_late op-lebowski temporal,0.1,per frame,pooled,1.3996896744,0.05033205173016428,0.05116394254581476,0.0004973474801061008,783,frame,48,0.02554278416347382,0.0014595895482915476,0.06007513941665231,0.5530012771392082,0.09106883406639099
pdm,ridge_late op-lebowski temporal,0.1,per frame,pedestrian,1.3996896744,0.05033205173016428,0.05116394254581476,0.0,309,frame,22,0.003236245954692557,0.0,0.00967741935483871,0.5469255663430421,0.04872652888298035
pdm,ridge_late op-lebowski temporal,0.1,per frame,cut-in,1.3996896744,0.05033205173016428,0.05116394254581476,0.005319148936170213,474,frame,26,0.04008438818565401,0.0021095936042638238,0.09899859522376074,0.5569620253164557,0.1332496702671051
pdm,ridge_late op-lebowski temporal,0.1,(a) gated,pooled,1.3996896744,0.04784172661870503,0.05055003571660498,0.0005058168942842691,725,frame,48,0.027586206896551724,0.001612709056076218,0.06506364922206506,0.5503448275862068,0.09778691828250885
pdm,ridge_late op-lebowski temporal,0.1,(a) gated,pedestrian,1.3996896744,0.04784172661870503,0.05055003571660498,0.0,275,frame,22,0.0036363636363636364,0.0,0.010753655140403802,0.5381818181818182,0.04940991848707199
pdm,ridge_late op-lebowski temporal,0.1,(a) gated,cut-in,1.3996896744,0.04784172661870503,0.05055003571660498,0.005649717514124294,450,frame,26,0.042222222222222223,0.002231771658219829,0.10330437580437575,0.5577777777777778,0.1401953101158142
pdm,ridge_late op-lebowski temporal,0.1,(b) per pair,pooled,1.3996896744,0.5056179775280899,0.5156565656565657,0.0004973474801061008,140,pair,48,0.05,0.0071929599177800625,0.1056338028169014,0.5530012771392082,0.09106883406639099
pdm,ridge_late op-lebowski temporal,0.1,(b) per pair,pedestrian,1.3996896744,0.5056179775280899,0.5156565656565657,0.0,63,pair,22,0.015873015873015872,0.0,0.04840692755155991,0.5469255663430421,0.04872652888298035
pdm,ridge_late op-lebowski temporal,0.1,(b) per pair,cut-in,1.3996896744,0.5056179775280899,0.5156565656565657,0.005319148936170213,77,pair,26,0.07792207792207792,0.01282051282051282,0.1794871794871795,0.5569620253164557,0.1332496702671051
pdm,ridge_late op-lebowski vision,0.1,per frame,pooled,1.2282640934,0.05033205173016428,0.05083832305964623,0.0,783,frame,48,0.006385696040868455,0.001201923076923077,0.012987396763992508,0.5312899106002554,0.097821444272995
pdm,ridge_late op-lebowski vision,0.1,per frame,pedestrian,1.2282640934,0.05033205173016428,0.05083832305964623,0.0,309,frame,22,0.0,0.0,0.0,0.5307443365695793,0.061297282576560974
pdm,ridge_late op-lebowski vision,0.1,per frame,cut-in,1.2282640934,0.05033205173016428,0.05083832305964623,0.0,474,frame,26,0.010548523206751054,0.002079002079002079,0.02123152497356319,0.5316455696202531,0.14028537273406982
pdm,ridge_late op-lebowski vision,0.1,(a) gated,pooled,1.2282640934,0.046402877697841724,0.0510643548282356,0.0,725,frame,48,0.006896551724137931,0.0012986171859228853,0.013889371812702824,0.5337931034482759,0.10758945345878601
pdm,ridge_late op-lebowski vision,0.1,(a) gated,pedestrian,1.2282640934,0.046402877697841724,0.0510643548282356,0.0,275,frame,22,0.0,0.0,0.0,0.5454545454545454,0.06501682102680206
pdm,ridge_late op-lebowski vision,0.1,(a) gated,cut-in,1.2282640934,0.046402877697841724,0.0510643548282356,0.0,450,frame,26,0.011111111111111112,0.002188183807439825,0.022279998522240267,0.5266666666666666,0.1453244686126709
pdm,ridge_late op-lebowski vision,0.1,(b) per pair,pooled,1.2282640934,0.5056179775280899,0.5050505050505051,0.0,140,pair,48,0.03571428571428571,0.007042253521126761,0.07354302832244002,0.5312899106002554,0.097821444272995
pdm,ridge_late op-lebowski vision,0.1,(b) per pair,pedestrian,1.2282640934,0.5056179775280899,0.5050505050505051,0.0,63,pair,22,0.0,0.0,0.0,0.5307443365695793,0.061297282576560974
pdm,ridge_late op-lebowski vision,0.1,(b) per pair,cut-in,1.2282640934,0.5056179775280899,0.5050505050505051,0.0,77,pair,26,0.06493506493506493,0.01282051282051282,0.12987012987012986,0.5316455696202531,0.14028537273406982
pdm,ridge_late op-lebowski hidden,0.1,per frame,pooled,1.1032174826,0.05033205173016428,0.04955962906840461,0.0,783,frame,48,0.017879948914431672,0.003682864900048671,0.03708558605761516,0.5070242656449553,0.10040219873189926
pdm,ridge_late op-lebowski hidden,0.1,per frame,pedestrian,1.1032174826,0.05033205173016428,0.04955962906840461,0.0,309,frame,22,0.0,0.0,0.0,0.5469255663430421,0.05102405324578285
pdm,ridge_late op-lebowski hidden,0.1,per frame,cut-in,1.1032174826,0.05033205173016428,0.04955962906840461,0.0,474,frame,26,0.029535864978902954,0.005881492948056416,0.06000103519668736,0.4810126582278481,0.14718160033226013
pdm,ridge_late op-lebowski hidden,0.1,(a) gated,pooled,1.1032174826,0.04820143884892086,0.04745373076173778,0.0,725,frame,48,0.019310344827586208,0.004000992383203147,0.03983653468264884,0.4979310344827586,0.10731519013643265
pdm,ridge_late op-lebowski hidden,0.1,(a) gated,pedestrian,1.1032174826,0.04820143884892086,0.04745373076173778,0.0,275,frame,22,0.0,0.0,0.0,0.5345454545454545,0.053439319133758545
pdm,ridge_late op-lebowski hidden,0.1,(a) gated,cut-in,1.1032174826,0.04820143884892086,0.04745373076173778,0.0,450,frame,26,0.03111111111111111,0.0062083396455082564,0.06312110734566763,0.47555555555555556,0.1561262607574463
pdm,ridge_late op-lebowski hidden,0.1,(b) per pair,pooled,1.1032174826,0.5617977528089888,0.5611111111111111,0.0,140,pair,48,0.07857142857142857,0.02112676056338028,0.15942028985507245,0.5070242656449553,0.10040219873189926
pdm,ridge_late op-lebowski hidden,0.1,(b) per pair,pedestrian,1.1032174826,0.5617977528089888,0.5611111111111111,0.0,63,pair,22,0.0,0.0,0.0,0.5469255663430421,0.05102405324578285
pdm,ridge_late op-lebowski hidden,0.1,(b) per pair,cut-in,1.1032174826,0.5617977528089888,0.5611111111111111,0.0,77,pair,26,0.14285714285714285,0.038461538461538464,0.28205128205128205,0.4810126582278481,0.14718160033226013
pdm,prior [cinque],0.1,per frame,pooled,1.3154478073120115,0.05033205173016428,0.04931247210902368,0.00016578249336870026,783,frame,48,0.005108556832694764,0.0,0.011782044781987864,0.5772669220945083,0.07714447379112244
pdm,prior [cinque],0.1,per frame,pedestrian,1.3154478073120115,0.05033205173016428,0.04931247210902368,0.0,309,frame,22,0.006472491909385114,0.0,0.022222222222222223,0.5792880258899676,0.04827157407999039
pdm,prior [cinque],0.1,per frame,cut-in,1.3154478073120115,0.05033205173016428,0.04931247210902368,0.0017730496453900709,474,frame,26,0.004219409282700422,0.0,0.010615711252653927,0.5759493670886076,0.09158282727003098
pdm,prior [cinque],0.1,(a) gated,pooled,1.3154478073120115,0.04784172661870503,0.04936943957399831,0.0001686056314280897,725,frame,48,0.005517241379310344,0.0,0.012739984438332363,0.5737931034482758,0.08050476014614105
pdm,prior [cinque],0.1,(a) gated,pedestrian,1.3154478073120115,0.04784172661870503,0.04936943957399831,0.0,275,frame,22,0.007272727272727273,0.0,0.02531846493871809,0.5672727272727273,0.04856319725513458
pdm,prior [cinque],0.1,(a) gated,cut-in,1.3154478073120115,0.04784172661870503,0.04936943957399831,0.0018832391713747645,450,frame,26,0.0044444444444444444,0.0,0.01113647888164174,0.5777777777777777,0.09377516806125641
pdm,prior [cinque],0.1,(b) per pair,pooled,1.3154478073120115,0.550561797752809,0.5174242424242425,0.00016578249336870026,140,pair,48,0.02857142857142857,0.0,0.06521739130434782,0.5772669220945083,0.07714447379112244
pdm,prior [cinque],0.1,(b) per pair,pedestrian,1.3154478073120115,0.550561797752809,0.5174242424242425,0.0,63,pair,22,0.031746031746031744,0.0,0.1016949152542373,0.5792880258899676,0.04827157407999039
pdm,prior [cinque],0.1,(b) per pair,cut-in,1.3154478073120115,0.550561797752809,0.5174242424242425,0.0017730496453900709,77,pair,26,0.025974025974025976,0.0,0.06493506493506493,0.5759493670886076,0.09158282727003098
pdm,M-C pair [cinque],0.3,per frame,pooled,1.3463215827941897,0.05033205173016428,0.050176785880668304,0.0004973474801061008,783,frame,48,0.0140485312899106,0.0047561013497674125,0.025333802816901407,0.6768837803320562,0.10402696579694748
pdm,M-C pair [cinque],0.3,per frame,pedestrian,1.3463215827941897,0.05033205173016428,0.050176785880668304,0.000182882223847842,309,frame,22,0.009708737864077669,0.0,0.02702964592499475,0.6343042071197411,0.08197514712810516
pdm,M-C pair [cinque],0.3,per frame,cut-in,1.3463215827941897,0.05033205173016428,0.050176785880668304,0.0035460992907801418,474,frame,26,0.016877637130801686,0.004236841164270901,0.03289654424522844,0.7046413502109705,0.12225118279457092
pdm,M-C pair [cinque],0.3,(a) gated,pooled,1.3463215827941897,0.0440251572327044,0.05053626303550715,0.0005142269454919438,664,frame,47,0.015060240963855422,0.004490850138288445,0.028071546052631572,0.7063253012048193,0.1146126314997673
pdm,M-C pair [cinque],0.3,(a) gated,pedestrian,1.3463215827941897,0.0440251572327044,0.05053626303550715,0.0001874062968515742,238,frame,21,0.008403361344537815,0.0,0.028849637681159404,0.6470588235294118,0.09493203461170197
pdm,M-C pair [cinque],0.3,(a) gated,cut-in,1.3463215827941897,0.0440251572327044,0.05053626303550715,0.004016064257028112,426,frame,26,0.018779342723004695,0.004960068900720326,0.0362131424365321,0.7394366197183099,0.13084247708320618
pdm,M-C pair [cinque],0.3,(b) per pair,pooled,1.3463215827941897,0.5617977528089888,0.5611111111111111,0.0004973474801061008,140,pair,48,0.06428571428571428,0.021424772036474166,0.11428571428571428,0.6768837803320562,0.10402696579694748
pdm,M-C pair [cinque],0.3,(b) per pair,pedestrian,1.3463215827941897,0.5617977528089888,0.5611111111111111,0.000182882223847842,63,pair,22,0.047619047619047616,0.0,0.13114754098360656,0.6343042071197411,0.08197514712810516
pdm,M-C pair [cinque],0.3,(b) per pair,cut-in,1.3463215827941897,0.5617977528089888,0.5611111111111111,0.0035460992907801418,77,pair,26,0.07792207792207792,0.02564102564102564,0.14285714285714285,0.7046413502109705,0.12225118279457092
pdm,M-C pair (mu=0) [cinque],0.3,per frame,pooled,1.7265070676803589,0.05033205173016428,0.0503839759904668,0.0004973474801061008,783,frame,48,0.04086845466155811,0.011935156926160434,0.07770327881559563,0.7151979565772669,0.13402977585792542
pdm,M-C pair (mu=0) [cinque],0.3,per frame,pedestrian,1.7265070676803589,0.05033205173016428,0.0503839759904668,0.000182882223847842,309,frame,22,0.006472491909385114,0.0,0.017292817403138,0.6537216828478964,0.0980609580874443
pdm,M-C pair (mu=0) [cinque],0.3,per frame,cut-in,1.7265070676803589,0.05033205173016428,0.0503839759904668,0.0035460992907801418,474,frame,26,0.06329113924050633,0.01639269746646796,0.12000218340611352,0.7552742616033755,0.17210519313812256
pdm,M-C pair (mu=0) [cinque],0.3,(a) gated,pooled,1.7265070676803589,0.04661487236403995,0.050788864639623545,0.0005142269454919438,664,frame,47,0.046686746987951805,0.012280164070421236,0.09017834441175401,0.7515060240963856,0.15266335010528564
pdm,M-C pair (mu=0) [cinque],0.3,(a) gated,pedestrian,1.7265070676803589,0.04661487236403995,0.050788864639623545,0.0001874062968515742,238,frame,21,0.004201680672268907,0.0,0.014424818840579702,0.680672268907563,0.11099143326282501
pdm,M-C pair (mu=0) [cinque],0.3,(a) gated,cut-in,1.7265070676803589,0.04661487236403995,0.050788864639623545,0.004016064257028112,426,frame,26,0.07042253521126761,0.01853662413582034,0.13626395870126337,0.7910798122065728,0.18218031525611877
pdm,M-C pair (mu=0) [cinque],0.3,(b) per pair,pooled,1.7265070676803589,0.4943820224719101,0.49444444444444446,0.0004973474801061008,140,pair,48,0.09285714285714286,0.03571428571428571,0.16314969604863208,0.7151979565772669,0.13402977585792542
pdm,M-C pair (mu=0) [cinque],0.3,(b) per pair,pedestrian,1.7265070676803589,0.4943820224719101,0.49444444444444446,0.000182882223847842,63,pair,22,0.031746031746031744,0.0,0.08064516129032258,0.6537216828478964,0.0980609580874443
pdm,M-C pair (mu=0) [cinque],0.3,(b) per pair,cut-in,1.7265070676803589,0.4943820224719101,0.49444444444444446,0.0035460992907801418,77,pair,26,0.14285714285714285,0.03896103896103896,0.2631578947368421,0.7552742616033755,0.17210519313812256
pdm,M-C pair qwen [cinque],0.3,per frame,pooled,1.3699588775634766,0.05033205173016428,0.050012504965206775,0.0003315649867374005,783,frame,48,0.005108556832694764,0.0,0.011629417094533365,0.6194125159642401,0.09465954452753067
pdm,M-C pair qwen [cinque],0.3,per frame,pedestrian,1.3699588775634766,0.05033205173016428,0.050012504965206775,0.000182882223847842,309,frame,22,0.006472491909385114,0.0,0.022222222222222223,0.6181229773462783,0.08263661712408066
pdm,M-C pair qwen [cinque],0.3,per frame,cut-in,1.3699588775634766,0.05033205173016428,0.050012504965206775,0.0017730496453900709,474,frame,26,0.004219409282700422,0.0,0.01079913606911447,0.620253164556962,0.1106170117855072
pdm,M-C pair qwen [cinque],0.3,(a) gated,pooled,1.3699588775634766,0.04439511653718091,0.05047386851523031,0.00034281796366129587,664,frame,47,0.006024096385542169,0.0,0.014286282080399724,0.6506024096385542,0.10533910244703293
pdm,M-C pair qwen [cinque],0.3,(a) gated,pedestrian,1.3699588775634766,0.04439511653718091,0.05047386851523031,0.0001874062968515742,238,frame,21,0.008403361344537815,0.0,0.028849637681159404,0.6386554621848739,0.08908386528491974
pdm,M-C pair qwen [cinque],0.3,(a) gated,cut-in,1.3699588775634766,0.04439511653718091,0.05047386851523031,0.002008032128514056,426,frame,26,0.004694835680751174,0.0,0.012048192771084338,0.6572769953051644,0.11589387059211731
pdm,M-C pair qwen [cinque],0.3,(b) per pair,pooled,1.3699588775634766,0.5393258426966292,0.5388888888888889,0.0003315649867374005,140,pair,48,0.02857142857142857,0.0,0.06428571428571428,0.6194125159642401,0.09465954452753067
pdm,M-C pair qwen [cinque],0.3,(b) per pair,pedestrian,1.3699588775634766,0.5393258426966292,0.5388888888888889,0.000182882223847842,63,pair,22,0.031746031746031744,0.0,0.1016949152542373,0.6181229773462783,0.08263661712408066
pdm,M-C pair qwen [cinque],0.3,(b) per pair,cut-in,1.3699588775634766,0.5393258426966292,0.5388888888888889,0.0017730496453900709,77,pair,26,0.025974025974025976,0.0,0.06493506493506493,0.620253164556962,0.1106170117855072
pdm,M-C pair op [cinque],0.1,per frame,pooled,1.2889704704284668,0.05033205173016428,0.048445215992624524,0.0003315649867374005,783,frame,48,0.011494252873563218,0.0026417472015573943,0.021964179231621087,0.644955300127714,0.0839134231209755
pdm,M-C pair op [cinque],0.1,per frame,pedestrian,1.2889704704284668,0.05033205173016428,0.048445215992624524,0.0,309,frame,22,0.006472491909385114,0.0,0.022222222222222223,0.6181229773462783,0.05285393074154854
pdm,M-C pair op [cinque],0.1,per frame,cut-in,1.2889704704284668,0.05033205173016428,0.048445215992624524,0.0035460992907801418,474,frame,26,0.014767932489451477,0.002070179932125248,0.030239217226258254,0.6624472573839663,0.1020495593547821
pdm,M-C pair op [cinque],0.1,(a) gated,pooled,1.2889704704284668,0.04784172661870503,0.050799402558607695,0.0003372112628561794,725,frame,48,0.012413793103448275,0.0028776978417266188,0.023669670636197827,0.6496551724137931,0.08700387179851532
pdm,M-C pair op [cinque],0.1,(a) gated,pedestrian,1.2889704704284668,0.04784172661870503,0.050799402558607695,0.0,275,frame,22,0.007272727272727273,0.0,0.02531846493871809,0.610909090909091,0.05166643485426903
pdm,M-C pair op [cinque],0.1,(a) gated,cut-in,1.2889704704284668,0.04784172661870503,0.050799402558607695,0.003766478342749529,450,frame,26,0.015555555555555555,0.0021831687867856463,0.03171008869179599,0.6733333333333333,0.10643626749515533
pdm,M-C pair op [cinque],0.1,(b) per pair,pooled,1.2889704704284668,0.5168539325842697,0.5169191919191919,0.0003315649867374005,140,pair,48,0.05,0.014084507042253521,0.097235275689223,0.644955300127714,0.0839134231209755
pdm,M-C pair op [cinque],0.1,(b) per pair,pedestrian,1.2889704704284668,0.5168539325842697,0.5169191919191919,0.0,63,pair,22,0.031746031746031744,0.0,0.1016949152542373,0.6181229773462783,0.05285393074154854
pdm,M-C pair op [cinque],0.1,(b) per pair,cut-in,1.2889704704284668,0.5168539325842697,0.5169191919191919,0.0035460992907801418,77,pair,26,0.06493506493506493,0.01282051282051282,0.12987012987012986,0.6624472573839663,0.1020495593547821
pdm,M-C hard [cinque],0.3,per frame,pooled,2.033889055252075,0.05033205173016428,0.048732339801587886,0.0,783,frame,48,0.0038314176245210726,0.0,0.010376134889753566,0.5670498084291188,0.0850035548210144
pdm,M-C hard [cinque],0.3,per frame,pedestrian,2.033889055252075,0.05033205173016428,0.048732339801587886,0.0,309,frame,22,0.003236245954692557,0.0,0.011111111111111112,0.56957928802589,0.06518442928791046
pdm,M-C hard [cinque],0.3,per frame,cut-in,2.033889055252075,0.05033205173016428,0.048732339801587886,0.0,474,frame,26,0.004219409282700422,0.0,0.013923553136587361,0.5654008438818565,0.09827695041894913
pdm,M-C hard [cinque],0.3,(a) gated,pooled,2.033889055252075,0.04624491305956345,0.04949314759739867,0.0,664,frame,47,0.004518072289156626,0.0,0.011923586431783147,0.5873493975903614,0.0894470065832138
pdm,M-C hard [cinque],0.3,(a) gated,pedestrian,2.033889055252075,0.04624491305956345,0.04949314759739867,0.0,238,frame,21,0.004201680672268907,0.0,0.014424818840579702,0.592436974789916,0.06549952924251556
pdm,M-C hard [cinque],0.3,(a) gated,cut-in,2.033889055252075,0.04624491305956345,0.04949314759739867,0.0,426,frame,26,0.004694835680751174,0.0,0.015789473684210527,0.5845070422535211,0.10614988207817078
pdm,M-C hard [cinque],0.3,(b) per pair,pooled,2.033889055252075,0.47191011235955055,0.472979797979798,0.0,140,pair,48,0.02142857142857143,0.0,0.05714285714285714,0.5670498084291188,0.0850035548210144
pdm,M-C hard [cinque],0.3,(b) per pair,pedestrian,2.033889055252075,0.47191011235955055,0.472979797979798,0.0,63,pair,22,0.015873015873015872,0.0,0.05084745762711865,0.56957928802589,0.06518442928791046
pdm,M-C hard [cinque],0.3,(b) per pair,cut-in,2.033889055252075,0.47191011235955055,0.472979797979798,0.0,77,pair,26,0.025974025974025976,0.0,0.08,0.5654008438818565,0.09827695041894913
pdm,M-C uniform [cinque],0.3,per frame,pooled,1.4750871658325195,0.05033205173016428,0.0507154801661444,0.0,783,frame,48,0.005108556832694764,0.0,0.011782044781987864,0.5964240102171137,0.07377415150403976
pdm,M-C uniform [cinque],0.3,per frame,pedestrian,1.4750871658325195,0.05033205173016428,0.0507154801661444,0.0,309,frame,22,0.006472491909385114,0.0,0.022222222222222223,0.5922330097087378,0.053356703370809555
pdm,M-C uniform [cinque],0.3,per frame,cut-in,1.4750871658325195,0.05033205173016428,0.0507154801661444,0.0,474,frame,26,0.004219409282700422,0.0,0.010615711252653927,0.5991561181434599,0.08889561891555786
pdm,M-C uniform [cinque],0.3,(a) gated,pooled,1.4750871658325195,0.04624491305956345,0.050759179140989624,0.0,664,frame,47,0.006024096385542169,0.0,0.013953952559996284,0.6204819277108434,0.08067317306995392
pdm,M-C uniform [cinque],0.3,(a) gated,pedestrian,1.4750871658325195,0.04624491305956345,0.050759179140989624,0.0,238,frame,21,0.008403361344537815,0.0,0.028849637681159404,0.6092436974789915,0.05765606462955475
pdm,M-C uniform [cinque],0.3,(a) gated,cut-in,1.4750871658325195,0.04624491305956345,0.050759179140989624,0.0,426,frame,26,0.004694835680751174,0.0,0.011731761467382274,0.6267605633802817,0.09538022428750992
pdm,M-C uniform [cinque],0.3,(b) per pair,pooled,1.4750871658325195,0.5280898876404494,0.5401515151515152,0.0,140,pair,48,0.02857142857142857,0.0,0.06521739130434782,0.5964240102171137,0.07377415150403976
pdm,M-C uniform [cinque],0.3,(b) per pair,pedestrian,1.4750871658325195,0.5280898876404494,0.5401515151515152,0.0,63,pair,22,0.031746031746031744,0.0,0.1016949152542373,0.5922330097087378,0.053356703370809555
pdm,M-C uniform [cinque],0.3,(b) per pair,cut-in,1.4750871658325195,0.5280898876404494,0.5401515151515152,0.0,77,pair,26,0.025974025974025976,0.0,0.06493506493506493,0.5991561181434599,0.08889561891555786
pdm,prior [lebowski],0.1,per frame,pooled,1.3996986150741575,0.05033205173016428,0.05116394254581476,0.0004973474801061008,783,frame,48,0.02554278416347382,0.0014595895482915476,0.06007513941665231,0.5530012771392082,0.09107370674610138
pdm,prior [lebowski],0.1,per frame,pedestrian,1.3996986150741575,0.05033205173016428,0.05116394254581476,0.0,309,frame,22,0.003236245954692557,0.0,0.00967741935483871,0.5469255663430421,0.048726558685302734
pdm,prior [lebowski],0.1,per frame,cut-in,1.3996986150741575,0.05033205173016428,0.05116394254581476,0.005319148936170213,474,frame,26,0.04008438818565401,0.0021095936042638238,0.09899859522376074,0.5569620253164557,0.13324370980262756
pdm,prior [lebowski],0.1,(a) gated,pooled,1.3996986150741575,0.04784172661870503,0.05055003571660498,0.0005058168942842691,725,frame,48,0.027586206896551724,0.001612709056076218,0.06506364922206506,0.5503448275862068,0.09779106080532074
pdm,prior [lebowski],0.1,(a) gated,pedestrian,1.3996986150741575,0.04784172661870503,0.05055003571660498,0.0,275,frame,22,0.0036363636363636364,0.0,0.010753655140403802,0.5381818181818182,0.04940960556268692
pdm,prior [lebowski],0.1,(a) gated,cut-in,1.3996986150741575,0.04784172661870503,0.05055003571660498,0.005649717514124294,450,frame,26,0.042222222222222223,0.002231771658219829,0.10330437580437575,0.5577777777777778,0.14019441604614258
pdm,prior [lebowski],0.1,(b) per pair,pooled,1.3996986150741575,0.5056179775280899,0.5156565656565657,0.0004973474801061008,140,pair,48,0.05,0.0071929599177800625,0.1056338028169014,0.5530012771392082,0.09107370674610138
pdm,prior [lebowski],0.1,(b) per pair,pedestrian,1.3996986150741575,0.5056179775280899,0.5156565656565657,0.0,63,pair,22,0.015873015873015872,0.0,0.04840692755155991,0.5469255663430421,0.048726558685302734
pdm,prior [lebowski],0.1,(b) per pair,cut-in,1.3996986150741575,0.5056179775280899,0.5156565656565657,0.005319148936170213,77,pair,26,0.07792207792207792,0.01282051282051282,0.1794871794871795,0.5569620253164557,0.13324370980262756
pdm,M-C pair [lebowski],0.3,per frame,pooled,1.216743230819702,0.05033205173016428,0.05034106679612983,0.0008289124668435014,783,frame,48,0.04086845466155811,0.008760404313131739,0.08940210504345751,0.665389527458493,0.14131426811218262
pdm,M-C pair [lebowski],0.3,per frame,pedestrian,1.216743230819702,0.05033205173016428,0.05034106679612983,0.0,309,frame,22,0.003236245954692557,0.0,0.00967741935483871,0.6440129449838188,0.09992728382349014
pdm,M-C pair [lebowski],0.3,per frame,cut-in,1.216743230819702,0.05033205173016428,0.05034106679612983,0.008865248226950355,474,frame,26,0.06540084388185655,0.012468052505552042,0.14667647058823524,0.679324894514768,0.18846997618675232
pdm,M-C pair [lebowski],0.3,(a) gated,pooled,1.216743230819702,0.04661487236403995,0.04988840451439472,0.0008570449091532396,664,frame,47,0.04819277108433735,0.010920277193079538,0.1087379924822497,0.6822289156626506,0.15486586093902588
pdm,M-C pair [lebowski],0.3,(a) gated,pedestrian,1.216743230819702,0.04661487236403995,0.04988840451439472,0.0,238,frame,21,0.004201680672268907,0.0,0.01244845594033169,0.6512605042016807,0.11002566665410995
pdm,M-C pair [lebowski],0.3,(a) gated,cut-in,1.216743230819702,0.04661487236403995,0.04988840451439472,0.010040160642570281,426,frame,26,0.07276995305164319,0.0138880869899923,0.16230365765665755,0.6995305164319249,0.19895634055137634
pdm,M-C pair [lebowski],0.3,(b) per pair,pooled,1.216743230819702,0.5168539325842697,0.5050505050505051,0.0008289124668435014,140,pair,48,0.09285714285714286,0.03496503496503497,0.16914502503128898,0.665389527458493,0.14131426811218262
pdm,M-C pair [lebowski],0.3,(b) per pair,pedestrian,1.216743230819702,0.5168539325842697,0.5050505050505051,0.0,63,pair,22,0.015873015873015872,0.0,0.04840692755155991,0.6440129449838188,0.09992728382349014
pdm,M-C pair [lebowski],0.3,(b) per pair,cut-in,1.216743230819702,0.5168539325842697,0.5050505050505051,0.008865248226950355,77,pair,26,0.15584415584415584,0.05194805194805195,0.28205128205128205,0.679324894514768,0.18846997618675232
pdm,M-C pair (mu=0) [lebowski],0.3,per frame,pooled,1.5054712295532229,0.05033205173016428,0.04943384383014825,0.00016578249336870026,783,frame,48,0.06768837803320563,0.0272017790335457,0.1206469323515769,0.7407407407407407,0.20423811674118042
pdm,M-C pair (mu=0) [lebowski],0.3,per frame,pedestrian,1.5054712295532229,0.05033205173016428,0.04943384383014825,0.000182882223847842,309,frame,22,0.006472491909385114,0.0,0.022222222222222223,0.686084142394822,0.12181419134140015
pdm,M-C pair (mu=0) [lebowski],0.3,per frame,cut-in,1.5054712295532229,0.05033205173016428,0.04943384383014825,0.0,474,frame,26,0.10759493670886076,0.04076689693801344,0.18933613719766254,0.7763713080168776,0.31238165497779846
pdm,M-C pair (mu=0) [lebowski],0.3,(a) gated,pooled,1.5054712295532229,0.04328523862375139,0.05033121320235065,0.00017140898183064793,664,frame,47,0.07981927710843373,0.033967102956374104,0.1457799652766403,0.7786144578313253,0.2293122261762619
pdm,M-C pair (mu=0) [lebowski],0.3,(a) gated,pedestrian,1.5054712295532229,0.04328523862375139,0.05033121320235065,0.0001874062968515742,238,frame,21,0.008403361344537815,0.0,0.028849637681159404,0.7142857142857143,0.12341180443763733
pdm,M-C pair (mu=0) [lebowski],0.3,(a) gated,cut-in,1.5054712295532229,0.04328523862375139,0.05033121320235065,0.0,426,frame,26,0.11971830985915492,0.04684816316793893,0.2112208417849898,0.8145539906103286,0.34128984808921814
pdm,M-C pair (mu=0) [lebowski],0.3,(b) per pair,pooled,1.5054712295532229,0.5730337078651685,0.5616161616161616,0.00016578249336870026,140,pair,48,0.17857142857142858,0.08888888888888889,0.2817131047152479,0.7407407407407407,0.20423811674118042
pdm,M-C pair (mu=0) [lebowski],0.3,(b) per pair,pedestrian,1.5054712295532229,0.5730337078651685,0.5616161616161616,0.000182882223847842,63,pair,22,0.015873015873015872,0.0,0.05084745762711865,0.686084142394822,0.12181419134140015
pdm,M-C pair (mu=0) [lebowski],0.3,(b) per pair,cut-in,1.5054712295532229,0.5730337078651685,0.5616161616161616,0.0,77,pair,26,0.3116883116883117,0.14473684210526316,0.47435897435897434,0.7763713080168776,0.31238165497779846
pdm,M-C pair qwen [lebowski],0.3,per frame,pooled,1.3567285537719729,0.05033205173016428,0.05091825675881109,0.0009946949602122016,783,frame,48,0.0280970625798212,0.003962620802336091,0.06485792447485722,0.5977011494252874,0.11645027250051498
pdm,M-C pair qwen [lebowski],0.3,per frame,pedestrian,1.3567285537719729,0.05033205173016428,0.05091825675881109,0.0,309,frame,22,0.003236245954692557,0.0,0.00967741935483871,0.6019417475728155,0.0884852260351181
pdm,M-C pair qwen [lebowski],0.3,per frame,cut-in,1.3567285537719729,0.05033205173016428,0.05091825675881109,0.010638297872340425,474,frame,26,0.04430379746835443,0.00419265282492566,0.10581095923846716,0.5949367088607594,0.1470087468624115
pdm,M-C pair qwen [lebowski],0.3,(a) gated,pooled,1.3567285537719729,0.048094709581945984,0.050646209326743886,0.0010284538909838875,664,frame,47,0.03313253012048193,0.005364833271810016,0.07965436576946025,0.5993975903614458,0.1305197775363922
pdm,M-C pair qwen [lebowski],0.3,(a) gated,pedestrian,1.3567285537719729,0.048094709581945984,0.050646209326743886,0.0,238,frame,21,0.004201680672268907,0.0,0.01244845594033169,0.592436974789916,0.09366804361343384
pdm,M-C pair qwen [lebowski],0.3,(a) gated,cut-in,1.3567285537719729,0.048094709581945984,0.050646209326743886,0.012048192771084338,426,frame,26,0.04929577464788732,0.004726208147781626,0.11594632186276528,0.6032863849765259,0.1685183346271515
pdm,M-C pair qwen [lebowski],0.3,(b) per pair,pooled,1.3567285537719729,0.5280898876404494,0.527020202020202,0.0009946949602122016,140,pair,48,0.06428571428571428,0.02097537878787879,0.12589628681177967,0.5977011494252874,0.11645027250051498
pdm,M-C pair qwen [lebowski],0.3,(b) per pair,pedestrian,1.3567285537719729,0.5280898876404494,0.527020202020202,0.0,63,pair,22,0.015873015873015872,0.0,0.04840692755155991,0.6019417475728155,0.0884852260351181
pdm,M-C pair qwen [lebowski],0.3,(b) per pair,cut-in,1.3567285537719729,0.5280898876404494,0.527020202020202,0.010638297872340425,77,pair,26,0.1038961038961039,0.02564102564102564,0.2077922077922078,0.5949367088607594,0.1470087468624115
pdm,M-C pair op [lebowski],0.1,per frame,pooled,1.1976799964904783,0.05033205173016428,0.05096116595314806,0.0004973474801061008,783,frame,48,0.038314176245210725,0.0075089179826843475,0.08690591064144956,0.6475095785440613,0.11442968994379044
pdm,M-C pair op [lebowski],0.1,per frame,pedestrian,1.1976799964904783,0.05033205173016428,0.05096116595314806,0.0,309,frame,22,0.0,0.0,0.0,0.5760517799352751,0.05834256112575531
pdm,M-C pair op [lebowski],0.1,per frame,cut-in,1.1976799964904783,0.05033205173016428,0.05096116595314806,0.005319148936170213,474,frame,26,0.06329113924050633,0.012437039368912264,0.143505863197282,0.6940928270042194,0.16687747836112976
pdm,M-C pair op [lebowski],0.1,(a) gated,pooled,1.1976799964904783,0.04820143884892086,0.050622767712189105,0.0005058168942842691,725,frame,48,0.041379310344827586,0.008216675626077447,0.09358077369699284,0.6413793103448275,0.12223988771438599
pdm,M-C pair op [lebowski],0.1,(a) gated,pedestrian,1.1976799964904783,0.04820143884892086,0.050622767712189105,0.0,275,frame,22,0.0,0.0,0.0,0.5527272727272727,0.06088384985923767
pdm,M-C pair op [lebowski],0.1,(a) gated,cut-in,1.1976799964904783,0.04820143884892086,0.050622767712189105,0.005649717514124294,450,frame,26,0.06666666666666667,0.013212259940686994,0.15146111170383014,0.6955555555555556,0.16957882046699524
pdm,M-C pair op [lebowski],0.1,(b) per pair,pooled,1.1976799964904783,0.5280898876404494,0.5388888888888889,0.0004973474801061008,140,pair,48,0.09285714285714286,0.02857142857142857,0.1736111111111111,0.6475095785440613,0.11442968994379044
pdm,M-C pair op [lebowski],0.1,(b) per pair,pedestrian,1.1976799964904783,0.5280898876404494,0.5388888888888889,0.0,63,pair,22,0.0,0.0,0.0,0.5760517799352751,0.05834256112575531
pdm,M-C pair op [lebowski],0.1,(b) per pair,cut-in,1.1976799964904783,0.5280898876404494,0.5388888888888889,0.005319148936170213,77,pair,26,0.16883116883116883,0.05263157894736842,0.3026315789473684,0.6940928270042194,0.16687747836112976
pdm,M-C hard [lebowski],0.3,per frame,pooled,2.141246795654297,0.05033205173016428,0.05083685188726896,0.0009946949602122016,783,frame,48,0.02554278416347382,0.0013458497952213491,0.06915868783117435,0.5644955300127714,0.0910901203751564
pdm,M-C hard [lebowski],0.3,per frame,pedestrian,2.141246795654297,0.05033205173016428,0.05083685188726896,0.0,309,frame,22,0.0,0.0,0.0,0.6019417475728155,0.07071831077337265
pdm,M-C hard [lebowski],0.3,per frame,cut-in,2.141246795654297,0.05033205173016428,0.05083685188726896,0.010638297872340425,474,frame,26,0.04219409282700422,0.0022775178057906184,0.11530864248601776,0.540084388185654,0.11725178360939026
pdm,M-C hard [lebowski],0.3,(a) gated,pooled,2.141246795654297,0.04439511653718091,0.051989478139928644,0.0010284538909838875,664,frame,47,0.030120481927710843,0.0017421602787456446,0.08425062217715897,0.5662650602409639,0.10044248402118683
pdm,M-C hard [lebowski],0.3,(a) gated,pedestrian,2.141246795654297,0.04439511653718091,0.051989478139928644,0.0,238,frame,21,0.0,0.0,0.0,0.6176470588235294,0.07412460446357727
pdm,M-C hard [lebowski],0.3,(a) gated,cut-in,2.141246795654297,0.04439511653718091,0.051989478139928644,0.012048192771084338,426,frame,26,0.046948356807511735,0.0026282894736842106,0.12894949066213923,0.5375586854460094,0.12227068841457367
pdm,M-C hard [lebowski],0.3,(b) per pair,pooled,2.141246795654297,0.5730337078651685,0.5727272727272728,0.0009946949602122016,140,pair,48,0.05,0.0070921985815602835,0.10793321864247721,0.5644955300127714,0.0910901203751564
pdm,M-C hard [lebowski],0.3,(b) per pair,pedestrian,2.141246795654297,0.5730337078651685,0.5727272727272728,0.0,63,pair,22,0.0,0.0,0.0,0.6019417475728155,0.07071831077337265
pdm,M-C hard [lebowski],0.3,(b) per pair,cut-in,2.141246795654297,0.5730337078651685,0.5727272727272728,0.010638297872340425,77,pair,26,0.09090909090909091,0.012987012987012988,0.1948692754613804,0.540084388185654,0.11725178360939026
pdm,M-C uniform [lebowski],0.3,per frame,pooled,1.463125228881836,0.05033205173016428,0.050959694780770795,0.000663129973474801,783,frame,48,0.0280970625798212,0.00263817616465488,0.06745096431464333,0.5644955300127714,0.09515330195426941
pdm,M-C uniform [lebowski],0.3,per frame,pedestrian,1.463125228881836,0.05033205173016428,0.050959694780770795,0.0,309,frame,22,0.0,0.0,0.0,0.5825242718446602,0.062231212854385376
pdm,M-C uniform [lebowski],0.3,per frame,cut-in,1.463125228881836,0.05033205173016428,0.050959694780770795,0.0070921985815602835,474,frame,26,0.046413502109704644,0.00419265282492566,0.1120395685350587,0.5527426160337553,0.1275249421596527
pdm,M-C uniform [lebowski],0.3,(a) gated,pooled,1.463125228881836,0.04587495375508694,0.04841732313764726,0.0006856359273225917,664,frame,47,0.03313253012048193,0.0037298028207585925,0.08334044368600678,0.5542168674698795,0.1040799468755722
pdm,M-C uniform [lebowski],0.3,(a) gated,pedestrian,1.463125228881836,0.04587495375508694,0.04841732313764726,0.0,238,frame,21,0.0,0.0,0.0,0.5798319327731093,0.06720547378063202
pdm,M-C uniform [lebowski],0.3,(a) gated,cut-in,1.463125228881836,0.04587495375508694,0.04841732313764726,0.008032128514056224,426,frame,26,0.051643192488262914,0.004726208147781626,0.12368421052631579,0.539906103286385,0.13148432970046997
pdm,M-C uniform [lebowski],0.3,(b) per pair,pooled,1.463125228881836,0.4943820224719101,0.5154040404040404,0.000663129973474801,140,pair,48,0.05714285714285714,0.014084507042253521,0.11973953650983905,0.5644955300127714,0.09515330195426941
pdm,M-C uniform [lebowski],0.3,(b) per pair,pedestrian,1.463125228881836,0.4943820224719101,0.5154040404040404,0.0,63,pair,22,0.0,0.0,0.0,0.5825242718446602,0.062231212854385376
pdm,M-C uniform [lebowski],0.3,(b) per pair,cut-in,1.463125228881836,0.4943820224719101,0.5154040404040404,0.0070921985815602835,77,pair,26,0.1038961038961039,0.02564102564102564,0.2077922077922078,0.5527426160337553,0.1275249421596527
pdm,gate any,0.0,per frame,pooled,0.0,0.0,0.0,0.03265915119363395,783,frame,48,0.0421455938697318,0.019148335786697737,0.07066730486008836,0.0421455938697318,
pdm,gate any,0.0,per frame,pedestrian,0.0,0.0,0.0,0.03602779809802487,309,frame,22,0.10679611650485436,0.05666509433962264,0.16600899902279656,0.10679611650485436,
pdm,gate any,0.0,per frame,cut-in,0.0,0.0,0.0,0.0,474,frame,26,0.0,0.0,0.0,0.0,
pdm,gate any,0.0,(a) gated,pooled,0.0,0.0,0.0,0.03265915119363395,783,frame,48,0.0421455938697318,0.019148335786697737,0.07066730486008836,0.0421455938697318,
pdm,gate any,0.0,(a) gated,pedestrian,0.0,0.0,0.0,0.03602779809802487,309,frame,22,0.10679611650485436,0.05666509433962264,0.16600899902279656,0.10679611650485436,
pdm,gate any,0.0,(a) gated,cut-in,0.0,0.0,0.0,0.0,474,frame,26,0.0,0.0,0.0,0.0,
pdm,gate any,0.0,(b) per pair,pooled,0.0,0.0,0.0,0.03265915119363395,140,pair,48,0.16428571428571428,0.07857142857142857,0.26317616959064316,0.0421455938697318,
pdm,gate any,0.0,(b) per pair,pedestrian,0.0,0.0,0.0,0.03602779809802487,63,pair,22,0.36507936507936506,0.20967741935483872,0.5345822281167103,0.10679611650485436,
pdm,gate any,0.0,(b) per pair,cut-in,0.0,0.0,0.0,0.0,77,pair,26,0.0,0.0,0.0,0.0,
pdm,gate pedestrian,0.0,per frame,pooled,0.0,0.0,0.0,0.027354111405835543,783,frame,48,0.05491698595146871,0.029109479667368748,0.08550247016239483,0.05491698595146871,
pdm,gate pedestrian,0.0,per frame,pedestrian,0.0,0.0,0.0,0.030175566934893927,309,frame,22,0.13915857605177995,0.09038639707885988,0.19230769230769232,0.13915857605177995,
pdm,gate pedestrian,0.0,per frame,cut-in,0.0,0.0,0.0,0.0,474,frame,26,0.0,0.0,0.0,0.0,
pdm,gate pedestrian,0.0,(a) gated,pooled,0.0,0.0,0.0,0.027354111405835543,783,frame,48,0.05491698595146871,0.029109479667368748,0.08550247016239483,0.05491698595146871,
pdm,gate pedestrian,0.0,(a) gated,pedestrian,0.0,0.0,0.0,0.030175566934893927,309,frame,22,0.13915857605177995,0.09038639707885988,0.19230769230769232,0.13915857605177995,
pdm,gate pedestrian,0.0,(a) gated,cut-in,0.0,0.0,0.0,0.0,474,frame,26,0.0,0.0,0.0,0.0,
pdm,gate pedestrian,0.0,(b) per pair,pooled,0.0,0.0,0.0,0.027354111405835543,140,pair,48,0.21428571428571427,0.11971830985915492,0.31948753041362504,0.05491698595146871,
pdm,gate pedestrian,0.0,(b) per pair,pedestrian,0.0,0.0,0.0,0.030175566934893927,63,pair,22,0.47619047619047616,0.31816378066378065,0.640625,0.13915857605177995,
pdm,gate pedestrian,0.0,(b) per pair,cut-in,0.0,0.0,0.0,0.0,77,pair,26,0.0,0.0,0.0,0.0,
pdm,gate ttc,0.0,per frame,pooled,0.0,0.0,0.0,0.0,783,frame,48,0.0,0.0,0.0,0.0,
pdm,gate ttc,0.0,per frame,pedestrian,0.0,0.0,0.0,0.0,309,frame,22,0.0,0.0,0.0,0.0,
pdm,gate ttc,0.0,per frame,cut-in,0.0,0.0,0.0,0.0,474,frame,26,0.0,0.0,0.0,0.0,
pdm,gate ttc,0.0,(a) gated,pooled,0.0,0.0,0.0,0.0,783,frame,48,0.0,0.0,0.0,0.0,
pdm,gate ttc,0.0,(a) gated,pedestrian,0.0,0.0,0.0,0.0,309,frame,22,0.0,0.0,0.0,0.0,
pdm,gate ttc,0.0,(a) gated,cut-in,0.0,0.0,0.0,0.0,474,frame,26,0.0,0.0,0.0,0.0,
pdm,gate ttc,0.0,(b) per pair,pooled,0.0,0.0,0.0,0.0,140,pair,48,0.0,0.0,0.0,0.0,
pdm,gate ttc,0.0,(b) per pair,pedestrian,0.0,0.0,0.0,0.0,63,pair,22,0.0,0.0,0.0,0.0,
pdm,gate ttc,0.0,(b) per pair,cut-in,0.0,0.0,0.0,0.0,77,pair,26,0.0,0.0,0.0,0.0,
pdm,gate intrusion,0.0,per frame,pooled,0.0,0.0,0.0,0.01807029177718833,783,frame,48,0.0,0.0,0.0,0.0,
pdm,gate intrusion,0.0,per frame,pedestrian,0.0,0.0,0.0,0.019934162399414777,309,frame,22,0.0,0.0,0.0,0.0,
pdm,gate intrusion,0.0,per frame,cut-in,0.0,0.0,0.0,0.0,474,frame,26,0.0,0.0,0.0,0.0,
pdm,gate intrusion,0.0,(a) gated,pooled,0.0,0.0,0.0,0.01807029177718833,783,frame,48,0.0,0.0,0.0,0.0,
pdm,gate intrusion,0.0,(a) gated,pedestrian,0.0,0.0,0.0,0.019934162399414777,309,frame,22,0.0,0.0,0.0,0.0,
pdm,gate intrusion,0.0,(a) gated,cut-in,0.0,0.0,0.0,0.0,474,frame,26,0.0,0.0,0.0,0.0,
pdm,gate intrusion,0.0,(b) per pair,pooled,0.0,0.0,0.0,0.01807029177718833,140,pair,48,0.0,0.0,0.0,0.0,
pdm,gate intrusion,0.0,(b) per pair,pedestrian,0.0,0.0,0.0,0.019934162399414777,63,pair,22,0.0,0.0,0.0,0.0,
pdm,gate intrusion,0.0,(b) per pair,cut-in,0.0,0.0,0.0,0.0,77,pair,26,0.0,0.0,0.0,0.0,
pdm,gate any (L = 0.6 s),0.6,per frame,pooled,0.0,0.0,0.0,0.03265915119363395,783,frame,48,0.0421455938697318,0.019148335786697737,0.07066730486008836,0.0421455938697318,
pdm,gate any (L = 0.6 s),0.6,per frame,pedestrian,0.0,0.0,0.0,0.03602779809802487,309,frame,22,0.10679611650485436,0.05666509433962264,0.16600899902279656,0.10679611650485436,
pdm,gate any (L = 0.6 s),0.6,per frame,cut-in,0.0,0.0,0.0,0.0,474,frame,26,0.0,0.0,0.0,0.0,
pdm,gate any (L = 0.6 s),0.6,(a) gated,pooled,0.0,0.0,0.0,0.03432653772434222,603,frame,47,0.04145936981757877,0.016181110793832096,0.07564925210250252,0.04145936981757877,
pdm,gate any (L = 0.6 s),0.6,(a) gated,pedestrian,0.0,0.0,0.0,0.03735305271141449,201,frame,21,0.12437810945273632,0.05651056481105242,0.22766550522648069,0.12437810945273632,
pdm,gate any (L = 0.6 s),0.6,(a) gated,cut-in,0.0,0.0,0.0,0.0,402,frame,26,0.0,0.0,0.0,0.0,
pdm,gate any (L = 0.6 s),0.6,(b) per pair,pooled,0.0,0.0,0.0,0.03265915119363395,140,pair,48,0.16428571428571428,0.07857142857142857,0.26317616959064316,0.0421455938697318,
pdm,gate any (L = 0.6 s),0.6,(b) per pair,pedestrian,0.0,0.0,0.0,0.03602779809802487,63,pair,22,0.36507936507936506,0.20967741935483872,0.5345822281167103,0.10679611650485436,
pdm,gate any (L = 0.6 s),0.6,(b) per pair,cut-in,0.0,0.0,0.0,0.0,77,pair,26,0.0,0.0,0.0,0.0,
ba,TFv6 target speed,0.1,per frame,pooled,8.2538498137,0.050062972292191435,0.046660110809968104,0.014833127317676144,1081,frame,49,0.0,0.0,0.0,0.5781683626271971,0.029683092701849028
ba,TFv6 target speed,0.1,per frame,pedestrian,8.2538498137,0.050062972292191435,0.046660110809968104,0.004740518962075849,406,frame,21,0.0,0.0,0.0,0.5517241379310345,0.0011025152505551874
ba,TFv6 target speed,0.1,per frame,cut-in,8.2538498137,0.050062972292191435,0.046660110809968104,0.01645925331192292,676,frame,26,0.0,0.0,0.0,0.5976331360946746,0.10248888344688706
ba,TFv6 target speed,0.1,(a) gated,pooled,8.2538498137,0.05017805114923923,0.04704157072587471,0.015298317185109638,1051,frame,46,0.0,0.0,0.0,0.5832540437678402,0.03067661809980819
ba,TFv6 target speed,0.1,(a) gated,pedestrian,8.2538498137,0.05017805114923923,0.04704157072587471,0.004868050217781194,385,frame,21,0.0,0.0,0.0,0.5688311688311688,0.0012115546913220602
ba,TFv6 target speed,0.1,(a) gated,cut-in,8.2538498137,0.05017805114923923,0.04704157072587471,0.01684470008216927,676,frame,26,0.0,0.0,0.0,0.5976331360946746,0.10248888344688706
ba,TFv6 target speed,0.1,(b) per pair,pooled,8.2538498137,0.14736842105263157,0.12677304964539007,0.014833127317676144,147,pair,49,0.0,0.0,0.0,0.5781683626271971,0.029683092701849028
ba,TFv6 target speed,0.1,(b) per pair,pedestrian,8.2538498137,0.14736842105263157,0.12677304964539007,0.004740518962075849,63,pair,21,0.0,0.0,0.0,0.5517241379310345,0.0011025152505551874
ba,TFv6 target speed,0.1,(b) per pair,cut-in,8.2538498137,0.14736842105263157,0.12677304964539007,0.01645925331192292,78,pair,26,0.0,0.0,0.0,0.5976331360946746,0.10248888344688706
ba,TFv6 waypoint speed 2 s,0.1,per frame,pooled,2.4086446325,0.050062972292191435,0.055367008050911826,0.17626699629171816,1081,frame,49,0.30434782608695654,0.2394488796753705,0.3695497643089834,0.8566142460684552,0.49637929274871856
ba,TFv6 waypoint speed 2 s,0.1,per frame,pedestrian,2.4086446325,0.050062972292191435,0.055367008050911826,0.0998003992015968,406,frame,21,0.29310344827586204,0.21979801954226508,0.3667638341706726,0.8399014778325123,0.0753923111384518
ba,TFv6 waypoint speed 2 s,0.1,per frame,cut-in,2.4086446325,0.050062972292191435,0.055367008050911826,0.14853472501003612,676,frame,26,0.3254437869822485,0.22918361669930568,0.421857203967596,0.8698224852071006,0.6951104659678343
ba,TFv6 waypoint speed 2 s,0.1,(a) gated,pooled,2.4086446325,0.04985432178698608,0.05482915844669356,0.18052014278429374,1051,frame,46,0.31303520456707895,0.24576885892380104,0.3816621541428677,0.8620361560418649,0.5267033006989289
ba,TFv6 waypoint speed 2 s,0.1,(a) gated,pedestrian,2.4086446325,0.04985432178698608,0.05482915844669356,0.10197284140404816,385,frame,21,0.3090909090909091,0.23229370373754912,0.3862549753033136,0.8519480519480519,0.0988141253571818
ba,TFv6 waypoint speed 2 s,0.1,(a) gated,cut-in,2.4086446325,0.04985432178698608,0.05482915844669356,0.15201314708299096,676,frame,26,0.3254437869822485,0.22918361669930568,0.421857203967596,0.8698224852071006,0.6951104659678343
ba,TFv6 waypoint speed 2 s,0.1,(b) per pair,pooled,2.4086446325,0.5052631578947369,0.5257092198581561,0.17626699629171816,147,pair,49,0.673469387755102,0.5578231292517006,0.7959183673469388,0.8566142460684552,0.49637929274871856
ba,TFv6 waypoint speed 2 s,0.1,(b) per pair,pedestrian,2.4086446325,0.5052631578947369,0.5257092198581561,0.0998003992015968,63,pair,21,0.7142857142857143,0.5392857142857143,0.873015873015873,0.8399014778325123,0.0753923111384518
ba,TFv6 waypoint speed 2 s,0.1,(b) per pair,cut-in,2.4086446325,0.5052631578947369,0.5257092198581561,0.14853472501003612,78,pair,26,0.7307692307692307,0.5641025641025641,0.8846153846153846,0.8698224852071006,0.6951104659678343
ba,TFv6 target speed (decoded scalar),0.1,per frame,pooled,8.25,0.052267002518891686,0.05267271084674485,0.015822002472187888,1081,frame,49,0.0,0.0,0.0,0.4440333024976873,0.01893332510283499
ba,TFv6 target speed (decoded scalar),0.1,per frame,pedestrian,8.25,0.052267002518891686,0.05267271084674485,0.005239520958083832,406,frame,21,0.0,0.0,0.0,0.3522167487684729,0.0
ba,TFv6 target speed (decoded scalar),0.1,per frame,cut-in,8.25,0.052267002518891686,0.05267271084674485,0.017262143717382578,676,frame,26,0.0,0.0,0.0,0.5044378698224852,0.10227272727272727
ba,TFv6 target speed (decoded scalar),0.1,(a) gated,pooled,8.25,0.05244415668501133,0.052909003735031754,0.01631820499745028,1051,frame,46,0.0,0.0,0.0,0.4490960989533777,0.01894546277595289
ba,TFv6 target speed (decoded scalar),0.1,(a) gated,pedestrian,8.25,0.05244415668501133,0.052909003735031754,0.005380476556495004,385,frame,21,0.0,0.0,0.0,0.36623376623376624,0.0
ba,TFv6 target speed (decoded scalar),0.1,(a) gated,cut-in,8.25,0.05244415668501133,0.052909003735031754,0.017666392769104356,676,frame,26,0.0,0.0,0.0,0.5044378698224852,0.10227272727272727
ba,TFv6 target speed (decoded scalar),0.1,(b) per pair,pooled,8.25,0.14736842105263157,0.12677304964539007,0.015822002472187888,147,pair,49,0.0,0.0,0.0,0.4440333024976873,0.01893332510283499
ba,TFv6 target speed (decoded scalar),0.1,(b) per pair,pedestrian,8.25,0.14736842105263157,0.12677304964539007,0.005239520958083832,63,pair,21,0.0,0.0,0.0,0.3522167487684729,0.0
ba,TFv6 target speed (decoded scalar),0.1,(b) per pair,cut-in,8.25,0.14736842105263157,0.12677304964539007,0.017262143717382578,78,pair,26,0.0,0.0,0.0,0.5044378698224852,0.10227272727272727
ba,ridge ego,0.0,per frame,pooled,0.0,0.005037783375314861,0.005418975207668753,0.000988875154511743,1081,frame,49,0.060129509713228495,0.04196321350592638,0.07962797194289377,0.060129509713228495,
ba,ridge ego,0.0,per frame,pedestrian,0.0,0.005037783375314861,0.005418975207668753,0.006986027944111776,406,frame,21,0.07635467980295567,0.049291881510191364,0.10390433510151816,0.07635467980295567,
ba,ridge ego,0.0,per frame,cut-in,0.0,0.005037783375314861,0.005418975207668753,0.0,676,frame,26,0.038461538461538464,0.01948952544685741,0.05882569522654421,0.038461538461538464,
ba,ridge ego,0.0,(a) gated,pooled,0.0,0.005037783375314861,0.005418975207668753,0.000988875154511743,1081,frame,49,0.060129509713228495,0.04196321350592638,0.07962797194289377,0.060129509713228495,
ba,ridge ego,0.0,(a) gated,pedestrian,0.0,0.005037783375314861,0.005418975207668753,0.006986027944111776,406,frame,21,0.07635467980295567,0.049291881510191364,0.10390433510151816,0.07635467980295567,
ba,ridge ego,0.0,(a) gated,cut-in,0.0,0.005037783375314861,0.005418975207668753,0.0,676,frame,26,0.038461538461538464,0.01948952544685741,0.05882569522654421,0.038461538461538464,
ba,ridge ego,0.0,(b) per pair,pooled,0.0,0.042105263157894736,0.04233156028368794,0.000988875154511743,147,pair,49,0.4421768707482993,0.3197278911564626,0.5714285714285714,0.060129509713228495,
ba,ridge ego,0.0,(b) per pair,pedestrian,0.0,0.042105263157894736,0.04233156028368794,0.006986027944111776,63,pair,21,0.49206349206349204,0.30158730158730157,0.6825396825396826,0.07635467980295567,
ba,ridge ego,0.0,(b) per pair,cut-in,0.0,0.042105263157894736,0.04233156028368794,0.0,78,pair,26,0.3333333333333333,0.16666666666666666,0.5128205128205128,0.038461538461538464,
ba,ridge_late L18_last,0.3,per frame,pooled,0.6905306578,0.050062972292191435,0.05105733176632368,0.002472187886279357,1081,frame,49,0.0,0.0,0.0,0.6160962072155411,0.10260417312383652
ba,ridge_late L18_last,0.3,per frame,pedestrian,0.6905306578,0.050062972292191435,0.05105733176632368,0.00249500998003992,406,frame,21,0.0,0.0,0.0,0.5788177339901478,0.07206861674785614
ba,ridge_late L18_last,0.3,per frame,cut-in,0.6905306578,0.050062972292191435,0.05105733176632368,0.0,676,frame,26,0.0,0.0,0.0,0.6272189349112426,0.14257903397083282
ba,ridge_late L18_last,0.3,(a) gated,pooled,0.6905306578,0.05091514143094842,0.05133858521159061,0.0026322716504343247,1030,frame,46,0.0,0.0,0.0,0.6174757281553398,0.10884766280651093
ba,ridge_late L18_last,0.3,(a) gated,pedestrian,0.6905306578,0.05091514143094842,0.05133858521159061,0.0026329647182727752,364,frame,21,0.0,0.0,0.0,0.5824175824175825,0.07682399451732635
ba,ridge_late L18_last,0.3,(a) gated,cut-in,0.6905306578,0.05091514143094842,0.05133858521159061,0.0,676,frame,26,0.0,0.0,0.0,0.6272189349112426,0.14257903397083282
ba,ridge_late L18_last,0.3,(b) per pair,pooled,0.6905306578,0.23157894736842105,0.2528812056737589,0.002472187886279357,147,pair,49,0.0,0.0,0.0,0.6160962072155411,0.10260417312383652
ba,ridge_late L18_last,0.3,(b) per pair,pedestrian,0.6905306578,0.23157894736842105,0.2528812056737589,0.00249500998003992,63,pair,21,0.0,0.0,0.0,0.5788177339901478,0.07206861674785614
ba,ridge_late L18_last,0.3,(b) per pair,cut-in,0.6905306578,0.23157894736842105,0.2528812056737589,0.0,78,pair,26,0.0,0.0,0.0,0.6272189349112426,0.14257903397083282
ba,ridge_late L18_mean,0.3,per frame,pooled,0.5073179007,0.050062972292191435,0.043083571183012336,0.002472187886279357,1081,frame,49,0.0,0.0,0.0,0.723404255319149,0.07626117765903473
ba,ridge_late L18_mean,0.3,per frame,pedestrian,0.5073179007,0.050062972292191435,0.043083571183012336,0.00249500998003992,406,frame,21,0.0,0.0,0.0,0.6650246305418719,0.0360768660902977
ba,ridge_late L18_mean,0.3,per frame,cut-in,0.5073179007,0.050062972292191435,0.043083571183012336,0.0,676,frame,26,0.0,0.0,0.0,0.7485207100591716,0.12433797121047974
ba,ridge_late L18_mean,0.3,(a) gated,pooled,0.5073179007,0.051580698835274545,0.042080294548650504,0.0026322716504343247,1030,frame,46,0.0,0.0,0.0,0.7320388349514563,0.08255346119403839
ba,ridge_late L18_mean,0.3,(a) gated,pedestrian,0.5073179007,0.051580698835274545,0.042080294548650504,0.0026329647182727752,364,frame,21,0.0,0.0,0.0,0.6895604395604396,0.042024195194244385
ba,ridge_late L18_mean,0.3,(a) gated,cut-in,0.5073179007,0.051580698835274545,0.042080294548650504,0.0,676,frame,26,0.0,0.0,0.0,0.7485207100591716,0.12433797121047974
ba,ridge_late L18_mean,0.3,(b) per pair,pooled,0.5073179007,0.1368421052631579,0.08444148936170212,0.002472187886279357,147,pair,49,0.0,0.0,0.0,0.723404255319149,0.07626117765903473
ba,ridge_late L18_mean,0.3,(b) per pair,pedestrian,0.5073179007,0.1368421052631579,0.08444148936170212,0.00249500998003992,63,pair,21,0.0,0.0,0.0,0.6650246305418719,0.0360768660902977
ba,ridge_late L18_mean,0.3,(b) per pair,cut-in,0.5073179007,0.1368421052631579,0.08444148936170212,0.0,78,pair,26,0.0,0.0,0.0,0.7485207100591716,0.12433797121047974
ba,ridge_late op-cinque temporal,0.1,per frame,pooled,1.1648487151,0.050062972292191435,0.0505208708096483,0.06946847960444993,1081,frame,49,0.48196114708603144,0.3549692920535316,0.6022899718701918,0.876040703052729,0.8939483761787415
ba,ridge_late op-cinque temporal,0.1,per frame,pedestrian,1.1648487151,0.050062972292191435,0.0505208708096483,0.004491017964071856,406,frame,21,0.0024630541871921183,0.0,0.0079155672823219,0.7068965517241379,0.12403818219900131
ba,ridge_late op-cinque temporal,0.1,per frame,cut-in,1.1648487151,0.050062972292191435,0.0505208708096483,0.1055800883179446,676,frame,26,0.7692307692307693,0.668621274636841,0.854829986613119,0.9659763313609467,1.7809231281280518
ba,ridge_late op-cinque temporal,0.1,(a) gated,pooled,1.1648487151,0.04920686306247977,0.04972551702327187,0.07164711881693014,1051,frame,46,0.49571836346336823,0.3704398422599103,0.6178121427506337,0.8801141769743102,0.9733216166496277
ba,ridge_late op-cinque temporal,0.1,(a) gated,pedestrian,1.1648487151,0.04920686306247977,0.04972551702327187,0.004611837048424289,385,frame,21,0.0025974025974025974,0.0,0.008357129518681623,0.7116883116883117,0.12737791240215302
ba,ridge_late op-cinque temporal,0.1,(a) gated,cut-in,1.1648487151,0.04920686306247977,0.04972551702327187,0.10805258833196385,676,frame,26,0.7692307692307693,0.668621274636841,0.854829986613119,0.9659763313609467,1.7809231281280518
ba,ridge_late op-cinque temporal,0.1,(b) per pair,pooled,1.1648487151,0.4105263157894737,0.39937943262411346,0.06946847960444993,147,pair,49,0.5306122448979592,0.4013605442176871,0.6666666666666666,0.876040703052729,0.8939483761787415
ba,ridge_late op-cinque temporal,0.1,(b) per pair,pedestrian,1.1648487151,0.4105263157894737,0.39937943262411346,0.004491017964071856,63,pair,21,0.015873015873015872,0.0,0.047619047619047616,0.7068965517241379,0.12403818219900131
ba,ridge_late op-cinque temporal,0.1,(b) per pair,cut-in,1.1648487151,0.4105263157894737,0.39937943262411346,0.1055800883179446,78,pair,26,0.9871794871794872,0.9615384615384616,1.0,0.9659763313609467,1.7809231281280518
ba,ridge_late op-cinque vision,0.1,per frame,pooled,1.1442355812,0.050062972292191435,0.05075792099393184,0.06056860321384425,1081,frame,49,0.486586493987049,0.3764239709879592,0.5943517215885845,0.8788159111933395,0.9298164248466492
ba,ridge_late op-cinque vision,0.1,per frame,pedestrian,1.1442355812,0.050062972292191435,0.05075792099393184,0.000249500998003992,406,frame,21,0.04926108374384237,0.019657966319472923,0.07992193957816704,0.6995073891625616,0.16213834285736084
ba,ridge_late op-cinque vision,0.1,per frame,cut-in,1.1442355812,0.050062972292191435,0.05075792099393184,0.09795262946607788,676,frame,26,0.7485207100591716,0.6587111283921949,0.8270895068553735,0.9792899408284024,1.582878589630127
ba,ridge_late op-cinque vision,0.1,(a) gated,pooled,1.1442355812,0.05017805114923923,0.05131630907493487,0.062468128505864355,1051,frame,46,0.5004757373929591,0.38568539880712654,0.6127915481492613,0.8896289248334919,1.0010888576507568
ba,ridge_late op-cinque vision,0.1,(a) gated,pedestrian,1.1442355812,0.05017805114923923,0.05131630907493487,0.00025621316935690495,385,frame,21,0.05194805194805195,0.02110266814552519,0.0828643659711075,0.7220779220779221,0.1743331104516983
ba,ridge_late op-cinque vision,0.1,(a) gated,cut-in,1.1442355812,0.05017805114923923,0.05131630907493487,0.10024650780608052,676,frame,26,0.7485207100591716,0.6587111283921949,0.8270895068553735,0.9792899408284024,1.582878589630127
ba,ridge_late op-cinque vision,0.1,(b) per pair,pooled,1.1442355812,0.47368421052631576,0.45234929078014185,0.06056860321384425,147,pair,49,0.6462585034013606,0.5170068027210885,0.7755102040816326,0.8788159111933395,0.9298164248466492
ba,ridge_late op-cinque vision,0.1,(b) per pair,pedestrian,1.1442355812,0.47368421052631576,0.45234929078014185,0.000249500998003992,63,pair,21,0.2698412698412698,0.1111111111111111,0.4603174603174603,0.6995073891625616,0.16213834285736084
ba,ridge_late op-cinque vision,0.1,(b) per pair,cut-in,1.1442355812,0.47368421052631576,0.45234929078014185,0.09795262946607788,78,pair,26,1.0,1.0,1.0,0.9792899408284024,1.582878589630127
ba,ridge_late op-lebowski temporal,0.1,per frame,pooled,1.1702796221,0.050062972292191435,0.051578602323331654,0.0899876390605686,1081,frame,49,0.4514338575393155,0.33538820242010214,0.5616625317537569,0.849213691026827,0.793968677520752
ba,ridge_late op-lebowski temporal,0.1,per frame,pedestrian,1.1702796221,0.050062972292191435,0.051578602323331654,0.0029940119760479044,406,frame,21,0.027093596059113302,0.0030950284507815684,0.0589570498010525,0.6748768472906403,0.09442196041345596
ba,ridge_late op-lebowski temporal,0.1,per frame,cut-in,1.1702796221,0.050062972292191435,0.051578602323331654,0.14130871136089923,676,frame,26,0.7056213017751479,0.5959294877251523,0.805927031509121,0.9556213017751479,1.5660381317138672
ba,ridge_late op-lebowski temporal,0.1,(a) gated,pooled,1.1702796221,0.04920686306247977,0.051422220944421004,0.09280979092299847,1051,frame,46,0.4643196955280685,0.3499964920486436,0.5809592573491491,0.8563273073263559,0.8638392090797424
ba,ridge_late op-lebowski temporal,0.1,(a) gated,pedestrian,1.1702796221,0.04920686306247977,0.051422220944421004,0.0030745580322828594,385,frame,21,0.02857142857142857,0.003366161616161616,0.061047066394461204,0.6831168831168831,0.1012323796749115
ba,ridge_late op-lebowski temporal,0.1,(a) gated,cut-in,1.1702796221,0.04920686306247977,0.051422220944421004,0.14461791290057519,676,frame,26,0.7056213017751479,0.5959294877251523,0.805927031509121,0.9556213017751479,1.5660381317138672
ba,ridge_late op-lebowski temporal,0.1,(b) per pair,pooled,1.1702796221,0.5578947368421052,0.5795656028368794,0.0899876390605686,147,pair,49,0.5714285714285714,0.4421768707482993,0.7074829931972789,0.849213691026827,0.793968677520752
ba,ridge_late op-lebowski temporal,0.1,(b) per pair,pedestrian,1.1702796221,0.5578947368421052,0.5795656028368794,0.0029940119760479044,63,pair,21,0.1111111111111111,0.015873015873015872,0.2384920634920613,0.6748768472906403,0.09442196041345596
ba,ridge_late op-lebowski temporal,0.1,(b) per pair,cut-in,1.1702796221,0.5578947368421052,0.5795656028368794,0.14130871136089923,78,pair,26,0.9871794871794872,0.9615384615384616,1.0,0.9556213017751479,1.5660381317138672
ba,ridge_late op-lebowski vision,0.1,per frame,pooled,1.3042706251,0.050062972292191435,0.05026263401530233,0.07490729295426453,1081,frame,49,0.46808510638297873,0.3502447869217532,0.5784847790796727,0.8732654949121184,0.8563000559806824
ba,ridge_late op-lebowski vision,0.1,per frame,pedestrian,1.3042706251,0.050062972292191435,0.05026263401530233,0.00124750499001996,406,frame,21,0.04926108374384237,0.02187457308743169,0.07805173887318387,0.7438423645320197,0.12120429426431656
ba,ridge_late op-lebowski vision,0.1,per frame,cut-in,1.3042706251,0.050062972292191435,0.05026263401530233,0.11963067041348856,676,frame,26,0.7189349112426036,0.6058250096043027,0.8196788397736143,0.9452662721893491,1.6604262590408325
ba,ridge_late op-lebowski vision,0.1,(a) gated,pooled,1.3042706251,0.04920686306247977,0.050819728273691495,0.07725650178480367,1051,frame,46,0.4814462416745956,0.3683225327810345,0.596463466158405,0.8753568030447193,0.9085997939109802
ba,ridge_late op-lebowski vision,0.1,(a) gated,pedestrian,1.3042706251,0.04920686306247977,0.050819728273691495,0.0012810658467845247,385,frame,21,0.05194805194805195,0.02338991909826379,0.0814636309875813,0.7454545454545455,0.13161666691303253
ba,ridge_late op-lebowski vision,0.1,(a) gated,cut-in,1.3042706251,0.04920686306247977,0.050819728273691495,0.12243221035332785,676,frame,26,0.7189349112426036,0.6058250096043027,0.8196788397736143,0.9452662721893491,1.6604262590408325
ba,ridge_late op-lebowski vision,0.1,(b) per pair,pooled,1.3042706251,0.49473684210526314,0.5050975177304965,0.07490729295426453,147,pair,49,0.6326530612244898,0.5102040816326531,0.7552721088435365,0.8732654949121184,0.8563000559806824
ba,ridge_late op-lebowski vision,0.1,(b) per pair,pedestrian,1.3042706251,0.49473684210526314,0.5050975177304965,0.00124750499001996,63,pair,21,0.2857142857142857,0.12698412698412698,0.4603174603174603,0.7438423645320197,0.12120429426431656
ba,ridge_late op-lebowski vision,0.1,(b) per pair,cut-in,1.3042706251,0.49473684210526314,0.5050975177304965,0.11963067041348856,78,pair,26,0.9615384615384616,0.8846153846153846,1.0,0.9452662721893491,1.6604262590408325
ba,ridge_late op-lebowski hidden,0.1,per frame,pooled,1.0407010913,0.050062972292191435,0.0566006284028494,0.10951792336217553,1081,frame,49,0.4708603145235893,0.3508790916703086,0.5825714948710646,0.8408880666049954,0.8750907778739929
ba,ridge_late op-lebowski hidden,0.1,per frame,pedestrian,1.0407010913,0.050062972292191435,0.0566006284028494,0.003243512974051896,406,frame,21,0.034482758620689655,0.004739336492890996,0.07246716220344158,0.6724137931034483,0.0903201550245285
ba,ridge_late op-lebowski hidden,0.1,per frame,cut-in,1.0407010913,0.050062972292191435,0.0566006284028494,0.17262143717382578,676,frame,26,0.7322485207100592,0.6255479060040724,0.8262150220913107,0.9378698224852071,1.8138487339019775
ba,ridge_late op-lebowski hidden,0.1,(a) gated,pooled,1.0407010913,0.05050178051149239,0.056829011311641336,0.11295257521672616,1051,frame,46,0.48430066603235017,0.3694179007404443,0.6000044923629829,0.8430066603235015,0.951667308807373
ba,ridge_late op-lebowski hidden,0.1,(a) gated,pedestrian,1.0407010913,0.05050178051149239,0.056829011311641336,0.003330771201639764,385,frame,21,0.03636363636363636,0.00497450864489434,0.07632588415483146,0.6727272727272727,0.1051684319972992
ba,ridge_late op-lebowski hidden,0.1,(a) gated,cut-in,1.0407010913,0.05050178051149239,0.056829011311641336,0.17666392769104355,676,frame,26,0.7322485207100592,0.6255479060040724,0.8262150220913107,0.9378698224852071,1.8138487339019775
ba,ridge_late op-lebowski hidden,0.1,(b) per pair,pooled,1.0407010913,0.5052631578947369,0.5148492907801419,0.10951792336217553,147,pair,49,0.5850340136054422,0.4557823129251701,0.7210884353741497,0.8408880666049954,0.8750907778739929
ba,ridge_late op-lebowski hidden,0.1,(b) per pair,pedestrian,1.0407010913,0.5052631578947369,0.5148492907801419,0.003243512974051896,63,pair,21,0.12698412698412698,0.015873015873015872,0.2543650793650772,0.6724137931034483,0.0903201550245285
ba,ridge_late op-lebowski hidden,0.1,(b) per pair,cut-in,1.0407010913,0.5052631578947369,0.5148492907801419,0.17262143717382578,78,pair,26,1.0,1.0,1.0,0.9378698224852071,1.8138487339019775
ba,prior [cinque],0.1,per frame,pooled,1.1648510098457336,0.050062972292191435,0.0505208708096483,0.06946847960444993,1081,frame,49,0.48196114708603144,0.3549692920535316,0.6022899718701918,0.876040703052729,0.8939400911331177
ba,prior [cinque],0.1,per frame,pedestrian,1.1648510098457336,0.050062972292191435,0.0505208708096483,0.004491017964071856,406,frame,21,0.0024630541871921183,0.0,0.0079155672823219,0.7068965517241379,0.12403978407382965
ba,prior [cinque],0.1,per frame,cut-in,1.1648510098457336,0.050062972292191435,0.0505208708096483,0.1055800883179446,676,frame,26,0.7692307692307693,0.668621274636841,0.854829986613119,0.9659763313609467,1.7809230089187622
ba,prior [cinque],0.1,(a) gated,pooled,1.1648510098457336,0.04920686306247977,0.04972551702327187,0.07164711881693014,1051,frame,46,0.49571836346336823,0.3704398422599103,0.6178121427506337,0.8801141769743102,0.9733197093009949
ba,prior [cinque],0.1,(a) gated,pedestrian,1.1648510098457336,0.04920686306247977,0.04972551702327187,0.004611837048424289,385,frame,21,0.0025974025974025974,0.0,0.008357129518681623,0.7116883116883117,0.12737765908241272
ba,prior [cinque],0.1,(a) gated,cut-in,1.1648510098457336,0.04920686306247977,0.04972551702327187,0.10805258833196385,676,frame,26,0.7692307692307693,0.668621274636841,0.854829986613119,0.9659763313609467,1.7809230089187622
ba,prior [cinque],0.1,(b) per pair,pooled,1.1648510098457336,0.4105263157894737,0.39937943262411346,0.06946847960444993,147,pair,49,0.5306122448979592,0.4013605442176871,0.6666666666666666,0.876040703052729,0.8939400911331177
ba,prior [cinque],0.1,(b) per pair,pedestrian,1.1648510098457336,0.4105263157894737,0.39937943262411346,0.004491017964071856,63,pair,21,0.015873015873015872,0.0,0.047619047619047616,0.7068965517241379,0.12403978407382965
ba,prior [cinque],0.1,(b) per pair,cut-in,1.1648510098457336,0.4105263157894737,0.39937943262411346,0.1055800883179446,78,pair,26,0.9871794871794872,0.9615384615384616,1.0,0.9659763313609467,1.7809230089187622
ba,M-C pair [cinque],0.3,per frame,pooled,1.6276710629463196,0.050062972292191435,0.05095939366320486,0.06674907292954264,1081,frame,49,0.6632747456059205,0.5845551992614532,0.7370402648448833,0.9296947271045328,1.5369198322296143
ba,M-C pair [cinque],0.3,per frame,pedestrian,1.6276710629463196,0.050062972292191435,0.05095939366320486,0.018213572854291416,406,frame,21,0.43349753694581283,0.350400550029417,0.5067287505095801,0.8645320197044335,0.6805734038352966
ba,M-C pair [cinque],0.3,per frame,cut-in,1.6276710629463196,0.050062972292191435,0.05095939366320486,0.07788036932958652,676,frame,26,0.8002958579881657,0.7005668604651163,0.8839285714285714,0.9704142011834319,1.8430671691894531
ba,M-C pair [cinque],0.3,(a) gated,pooled,1.6276710629463196,0.049251247920133114,0.051031018626554264,0.07001842590155304,1030,frame,46,0.6893203883495146,0.6113216850455763,0.7649593576526565,0.9407766990291262,1.6205105781555176
ba,M-C pair [cinque],0.3,(a) gated,pedestrian,1.6276710629463196,0.049251247920133114,0.051031018626554264,0.018957345971563982,364,frame,21,0.4642857142857143,0.3780011675170803,0.5437194420477424,0.8873626373626373,0.8506048321723938
ba,M-C pair [cinque],0.3,(a) gated,cut-in,1.6276710629463196,0.049251247920133114,0.051031018626554264,0.08161548169962138,676,frame,26,0.8002958579881657,0.7005668604651163,0.8839285714285714,0.9704142011834319,1.8430671691894531
ba,M-C pair [cinque],0.3,(b) per pair,pooled,1.6276710629463196,0.5473684210526316,0.5483156028368794,0.06674907292954264,147,pair,49,0.8435374149659864,0.7482993197278912,0.9251700680272109,0.9296947271045328,1.5369198322296143
ba,M-C pair [cinque],0.3,(b) per pair,pedestrian,1.6276710629463196,0.5473684210526316,0.5483156028368794,0.018213572854291416,63,pair,21,0.7619047619047619,0.5873015873015873,0.9047619047619048,0.8645320197044335,0.6805734038352966
ba,M-C pair [cinque],0.3,(b) per pair,cut-in,1.6276710629463196,0.5473684210526316,0.5483156028368794,0.07788036932958652,78,pair,26,0.9743589743589743,0.9230769230769231,1.0,0.9704142011834319,1.8430671691894531
ba,M-C pair (mu=0) [cinque],0.3,per frame,pooled,2.5602736473083496,0.050062972292191435,0.054731809496398276,0.045241038318912234,1081,frame,49,0.5578168362627197,0.46577593261131167,0.6441819995546807,0.9232192414431082,1.147642970085144
ba,M-C pair (mu=0) [cinque],0.3,per frame,pedestrian,2.5602736473083496,0.050062972292191435,0.054731809496398276,0.01472055888223553,406,frame,21,0.37438423645320196,0.2749390087945383,0.4596173600410888,0.8620689655172413,0.5220949649810791
ba,M-C pair (mu=0) [cinque],0.3,per frame,cut-in,2.5602736473083496,0.050062972292191435,0.054731809496398276,0.04937775993576877,676,frame,26,0.6671597633136095,0.5302589277956382,0.7843581812729756,0.9600591715976331,1.3527672290802002
ba,M-C pair (mu=0) [cinque],0.3,(a) gated,pooled,2.5602736473083496,0.04792013311148086,0.0546838188683159,0.04764411687286128,1030,frame,46,0.5805825242718446,0.4900419329751932,0.6758838890093569,0.9310679611650485,1.1932475566864014
ba,M-C pair (mu=0) [cinque],0.3,(a) gated,pedestrian,2.5602736473083496,0.04792013311148086,0.0546838188683159,0.015271195365982097,364,frame,21,0.40384615384615385,0.2976493534750715,0.4984824204631557,0.8791208791208791,0.598547637462616
ba,M-C pair (mu=0) [cinque],0.3,(a) gated,cut-in,2.5602736473083496,0.04792013311148086,0.0546838188683159,0.05174589819099706,676,frame,26,0.6671597633136095,0.5302589277956382,0.7843581812729756,0.9600591715976331,1.3527672290802002
ba,M-C pair (mu=0) [cinque],0.3,(b) per pair,pooled,2.5602736473083496,0.43157894736842106,0.4011524822695035,0.045241038318912234,147,pair,49,0.7959183673469388,0.6938775510204082,0.891156462585034,0.9232192414431082,1.147642970085144
ba,M-C pair (mu=0) [cinque],0.3,(b) per pair,pedestrian,2.5602736473083496,0.43157894736842106,0.4011524822695035,0.01472055888223553,63,pair,21,0.6984126984126984,0.5079365079365079,0.873015873015873,0.8620689655172413,0.5220949649810791
ba,M-C pair (mu=0) [cinque],0.3,(b) per pair,cut-in,2.5602736473083496,0.43157894736842106,0.4011524822695035,0.04937775993576877,78,pair,26,0.9358974358974359,0.8458333333333333,1.0,0.9600591715976331,1.3527672290802002
ba,M-C pair qwen [cinque],0.3,per frame,pooled,1.5962463915348053,0.050062972292191435,0.04929764388906212,0.06427688504326329,1081,frame,49,0.6049953746530989,0.5215128265778234,0.6827762208474123,0.9333950046253469,1.3120566606521606
ba,M-C pair qwen [cinque],0.3,per frame,pedestrian,1.5962463915348053,0.050062972292191435,0.04929764388906212,0.021457085828343315,406,frame,21,0.4211822660098522,0.33498728746225964,0.5,0.8694581280788177,0.6876512765884399
ba,M-C pair qwen [cinque],0.3,per frame,cut-in,1.5962463915348053,0.050062972292191435,0.04929764388906212,0.0702529104777198,676,frame,26,0.7144970414201184,0.5961335516739447,0.8228294636465551,0.9733727810650887,1.53458833694458
ba,M-C pair qwen [cinque],0.3,(a) gated,pooled,1.5962463915348053,0.050249584026622295,0.04984612729859082,0.06764938141616215,1030,frame,46,0.6271844660194175,0.5453573786728293,0.7067804689237714,0.945631067961165,1.3530876636505127
ba,M-C pair qwen [cinque],0.3,(a) gated,pedestrian,1.5962463915348053,0.050249584026622295,0.04984612729859082,0.022116903633491312,364,frame,21,0.4478021978021978,0.36119970100909427,0.527953083407276,0.8956043956043956,0.7729803919792175
ba,M-C pair qwen [cinque],0.3,(a) gated,cut-in,1.5962463915348053,0.050249584026622295,0.04984612729859082,0.0736222128733698,676,frame,26,0.7144970414201184,0.5961335516739447,0.8228294636465551,0.9733727810650887,1.53458833694458
ba,M-C pair qwen [cinque],0.3,(b) per pair,pooled,1.5962463915348053,0.45263157894736844,0.46343085106382975,0.06427688504326329,147,pair,49,0.8367346938775511,0.7346938775510204,0.9251700680272109,0.9333950046253469,1.3120566606521606
ba,M-C pair qwen [cinque],0.3,(b) per pair,pedestrian,1.5962463915348053,0.45263157894736844,0.46343085106382975,0.021457085828343315,63,pair,21,0.7777777777777778,0.6031746031746031,0.9206349206349206,0.8694581280788177,0.6876512765884399
ba,M-C pair qwen [cinque],0.3,(b) per pair,cut-in,1.5962463915348053,0.45263157894736844,0.46343085106382975,0.0702529104777198,78,pair,26,0.9487179487179487,0.8589743589743589,1.0,0.9733727810650887,1.53458833694458
ba,M-C pair op [cinque],0.1,per frame,pooled,1.225830465555191,0.050062972292191435,0.05009753835575916,0.06749072929542645,1081,frame,49,0.5578168362627197,0.43687941285767373,0.6741072304132687,0.910268270120259,1.4700632095336914
ba,M-C pair op [cinque],0.1,per frame,pedestrian,1.225830465555191,0.050062972292191435,0.05009753835575916,0.0014970059880239522,406,frame,21,0.06896551724137931,0.02992456566225632,0.11601337674212112,0.7758620689655172,0.23491543531417847
ba,M-C pair op [cinque],0.1,per frame,cut-in,1.225830465555191,0.050062972292191435,0.05009753835575916,0.10718586912886391,676,frame,26,0.8505917159763313,0.7743161114003123,0.9160422550138775,0.9792899408284024,2.4308345317840576
ba,M-C pair op [cinque],0.1,(a) gated,pooled,1.225830465555191,0.04888313370022661,0.05045823267125378,0.06960734319224886,1051,frame,46,0.5737392959086585,0.4544509182528591,0.6935047407120742,0.9124643196955281,1.5384327173233032
ba,M-C pair op [cinque],0.1,(a) gated,pedestrian,1.225830465555191,0.04888313370022661,0.05045823267125378,0.0015372790161414297,385,frame,21,0.07272727272727272,0.03187946372635008,0.12088183421516753,0.7766233766233767,0.25788751244544983
ba,M-C pair op [cinque],0.1,(a) gated,cut-in,1.225830465555191,0.04888313370022661,0.05045823267125378,0.10969597370583402,676,frame,26,0.8505917159763313,0.7743161114003123,0.9160422550138775,0.9792899408284024,2.4308345317840576
ba,M-C pair op [cinque],0.1,(b) per pair,pooled,1.225830465555191,0.45263157894736844,0.4532358156028369,0.06749072929542645,147,pair,49,0.673469387755102,0.5510204081632653,0.7959183673469388,0.910268270120259,1.4700632095336914
ba,M-C pair op [cinque],0.1,(b) per pair,pedestrian,1.225830465555191,0.45263157894736844,0.4532358156028369,0.0014970059880239522,63,pair,21,0.3333333333333333,0.15873015873015872,0.5396825396825397,0.7758620689655172,0.23491543531417847
ba,M-C pair op [cinque],0.1,(b) per pair,cut-in,1.225830465555191,0.45263157894736844,0.4532358156028369,0.10718586912886391,78,pair,26,1.0,1.0,1.0,0.9792899408284024,2.4308345317840576
ba,M-C hard [cinque],0.3,per frame,pooled,1.3206075429916382,0.050062972292191435,0.04923568304831347,0.07243510506798517,1081,frame,49,0.484736355226642,0.3569327601390919,0.6040899589023762,0.8936170212765957,0.9321094751358032
ba,M-C hard [cinque],0.3,per frame,pedestrian,1.3206075429916382,0.050062972292191435,0.04923568304831347,0.005239520958083832,406,frame,21,0.0,0.0,0.0,0.7512315270935961,0.15440917015075684
ba,M-C hard [cinque],0.3,per frame,cut-in,1.3206075429916382,0.050062972292191435,0.04923568304831347,0.10919309514251305,676,frame,26,0.7751479289940828,0.6754662315605906,0.8620702716823406,0.9718934911242604,1.8190282583236694
ba,M-C hard [cinque],0.3,(a) gated,pooled,1.3206075429916382,0.04891846921797005,0.0521989222652279,0.07712555935772572,1030,frame,46,0.5087378640776699,0.3819994613124388,0.6320903029594104,0.9009708737864077,1.0273534059524536
ba,M-C hard [cinque],0.3,(a) gated,pedestrian,1.3206075429916382,0.04891846921797005,0.0521989222652279,0.005529225908372828,364,frame,21,0.0,0.0,0.0,0.7582417582417582,0.16635297238826752
ba,M-C hard [cinque],0.3,(a) gated,cut-in,1.3206075429916382,0.04891846921797005,0.0521989222652279,0.11442995372318047,676,frame,26,0.7751479289940828,0.6754662315605906,0.8620702716823406,0.9718934911242604,1.8190282583236694
ba,M-C hard [cinque],0.3,(b) per pair,pooled,1.3206075429916382,0.4421052631578947,0.44193262411347517,0.07243510506798517,147,pair,49,0.5238095238095238,0.3945578231292517,0.6598639455782312,0.8936170212765957,0.9321094751358032
ba,M-C hard [cinque],0.3,(b) per pair,pedestrian,1.3206075429916382,0.4421052631578947,0.44193262411347517,0.005239520958083832,63,pair,21,0.0,0.0,0.0,0.7512315270935961,0.15440917015075684
ba,M-C hard [cinque],0.3,(b) per pair,cut-in,1.3206075429916382,0.4421052631578947,0.44193262411347517,0.10919309514251305,78,pair,26,0.9871794871794872,0.9615384615384616,1.0,0.9718934911242604,1.8190282583236694
ba,M-C uniform [cinque],0.3,per frame,pooled,1.1982893347740171,0.050062972292191435,0.050118325218461934,0.07095179233621755,1081,frame,49,0.48751156336725254,0.3607612813717294,0.608960302644824,0.8899167437557817,0.9405964612960815
ba,M-C uniform [cinque],0.3,per frame,pedestrian,1.1982893347740171,0.050062972292191435,0.050118325218461934,0.0054890219560878245,406,frame,21,0.0,0.0,0.0,0.7364532019704434,0.131190687417984
ba,M-C uniform [cinque],0.3,per frame,cut-in,1.1982893347740171,0.050062972292191435,0.050118325218461934,0.10638297872340426,676,frame,26,0.7795857988165681,0.6784910394265233,0.8660740546218487,0.9718934911242604,1.814965009689331
ba,M-C uniform [cinque],0.3,(a) gated,pooled,1.1982893347740171,0.049584026622296176,0.050004604557886446,0.07554619636746512,1030,frame,46,0.5116504854368932,0.38322300711077845,0.6394033272203301,0.8970873786407767,1.070600986480713
ba,M-C uniform [cinque],0.3,(a) gated,pedestrian,1.1982893347740171,0.049584026622296176,0.050004604557886446,0.005792522380200105,364,frame,21,0.0,0.0,0.0,0.7417582417582418,0.14396587014198303
ba,M-C uniform [cinque],0.3,(a) gated,cut-in,1.1982893347740171,0.049584026622296176,0.050004604557886446,0.11148506520824569,676,frame,26,0.7795857988165681,0.6784910394265233,0.8660740546218487,0.9718934911242604,1.814965009689331
ba,M-C uniform [cinque],0.3,(b) per pair,pooled,1.1982893347740171,0.4105263157894737,0.4100177304964539,0.07095179233621755,147,pair,49,0.5238095238095238,0.3945578231292517,0.6598639455782312,0.8899167437557817,0.9405964612960815
ba,M-C uniform [cinque],0.3,(b) per pair,pedestrian,1.1982893347740171,0.4105263157894737,0.4100177304964539,0.0054890219560878245,63,pair,21,0.0,0.0,0.0,0.7364532019704434,0.131190687417984
ba,M-C uniform [cinque],0.3,(b) per pair,cut-in,1.1982893347740171,0.4105263157894737,0.4100177304964539,0.10638297872340426,78,pair,26,0.9871794871794872,0.9615384615384616,1.0,0.9718934911242604,1.814965009689331
ba,prior [lebowski],0.1,per frame,pooled,1.170272946357727,0.050062972292191435,0.051578602323331654,0.0899876390605686,1081,frame,49,0.4514338575393155,0.33538820242010214,0.5616625317537569,0.849213691026827,0.7940090894699097
ba,prior [lebowski],0.1,per frame,pedestrian,1.170272946357727,0.050062972292191435,0.051578602323331654,0.0029940119760479044,406,frame,21,0.027093596059113302,0.0030950284507815684,0.0589570498010525,0.6748768472906403,0.09442128241062164
ba,prior [lebowski],0.1,per frame,cut-in,1.170272946357727,0.050062972292191435,0.051578602323331654,0.14130871136089923,676,frame,26,0.7056213017751479,0.5959294877251523,0.805927031509121,0.9556213017751479,1.5660452842712402
ba,prior [lebowski],0.1,(a) gated,pooled,1.170272946357727,0.04920686306247977,0.051422220944421004,0.09280979092299847,1051,frame,46,0.4643196955280685,0.3499964920486436,0.5809592573491491,0.8563273073263559,0.8638498187065125
ba,prior [lebowski],0.1,(a) gated,pedestrian,1.170272946357727,0.04920686306247977,0.051422220944421004,0.0030745580322828594,385,frame,21,0.02857142857142857,0.003366161616161616,0.061047066394461204,0.6831168831168831,0.10122888535261154
ba,prior [lebowski],0.1,(a) gated,cut-in,1.170272946357727,0.04920686306247977,0.051422220944421004,0.14461791290057519,676,frame,26,0.7056213017751479,0.5959294877251523,0.805927031509121,0.9556213017751479,1.5660452842712402
ba,prior [lebowski],0.1,(b) per pair,pooled,1.170272946357727,0.5578947368421052,0.5795656028368794,0.0899876390605686,147,pair,49,0.5714285714285714,0.4421768707482993,0.7074829931972789,0.849213691026827,0.7940090894699097
ba,prior [lebowski],0.1,(b) per pair,pedestrian,1.170272946357727,0.5578947368421052,0.5795656028368794,0.0029940119760479044,63,pair,21,0.1111111111111111,0.015873015873015872,0.2384920634920613,0.6748768472906403,0.09442128241062164
ba,prior [lebowski],0.1,(b) per pair,cut-in,1.170272946357727,0.5578947368421052,0.5795656028368794,0.14130871136089923,78,pair,26,0.9871794871794872,0.9615384615384616,1.0,0.9556213017751479,1.5660452842712402
ba,M-C pair [lebowski],0.3,per frame,pooled,1.6549868881702423,0.050062972292191435,0.04956067765172412,0.06650185414091471,1081,frame,49,0.6392229417206291,0.5617174566283502,0.7156282874103392,0.9213691026827012,1.4401910305023193
ba,M-C pair [lebowski],0.3,per frame,pedestrian,1.6549868881702423,0.050062972292191435,0.04956067765172412,0.018463073852295408,406,frame,21,0.41625615763546797,0.3243885959129862,0.5,0.8596059113300493,0.5936293601989746
ba,M-C pair [lebowski],0.3,per frame,cut-in,1.6549868881702423,0.050062972292191435,0.04956067765172412,0.07828181453231634,676,frame,26,0.772189349112426,0.6830948203735956,0.852592526372251,0.9615384615384616,1.6718566417694092
ba,M-C pair [lebowski],0.3,(a) gated,pooled,1.6549868881702423,0.052246256239600664,0.05077821498725476,0.06975519873650961,1030,frame,46,0.6640776699029126,0.5893180045524729,0.7377253842958038,0.9310679611650485,1.4837994575500488
ba,M-C pair [lebowski],0.3,(a) gated,pedestrian,1.6549868881702423,0.052246256239600664,0.05077821498725476,0.018430753027909426,364,frame,21,0.44505494505494503,0.34442913385826773,0.534543264194427,0.8763736263736264,0.7548720836639404
ba,M-C pair [lebowski],0.3,(a) gated,cut-in,1.6549868881702423,0.052246256239600664,0.05077821498725476,0.08203618005889778,676,frame,26,0.772189349112426,0.6830948203735956,0.852592526372251,0.9615384615384616,1.6718566417694092
ba,M-C pair [lebowski],0.3,(b) per pair,pooled,1.6549868881702423,0.4842105263157895,0.4740691489361702,0.06650185414091471,147,pair,49,0.8435374149659864,0.7482993197278912,0.9319727891156463,0.9213691026827012,1.4401910305023193
ba,M-C pair [lebowski],0.3,(b) per pair,pedestrian,1.6549868881702423,0.4842105263157895,0.4740691489361702,0.018463073852295408,63,pair,21,0.7301587301587301,0.5555555555555556,0.8888888888888888,0.8596059113300493,0.5936293601989746
ba,M-C pair [lebowski],0.3,(b) per pair,cut-in,1.6549868881702423,0.4842105263157895,0.4740691489361702,0.07828181453231634,78,pair,26,1.0,1.0,1.0,0.9615384615384616,1.6718566417694092
ba,M-C pair (mu=0) [lebowski],0.3,per frame,pooled,2.464788913726806,0.050062972292191435,0.0495658743673998,0.04993819530284302,1081,frame,49,0.5587419056429233,0.4694558257919535,0.6401179497914775,0.9222941720629048,1.1494258642196655
ba,M-C pair (mu=0) [lebowski],0.3,per frame,pedestrian,2.464788913726806,0.050062972292191435,0.0495658743673998,0.017964071856287425,406,frame,21,0.35467980295566504,0.24458295863309354,0.4487020511224101,0.8325123152709359,0.5182356834411621
ba,M-C pair (mu=0) [lebowski],0.3,per frame,cut-in,2.464788913726806,0.050062972292191435,0.0495658743673998,0.05218787635487756,676,frame,26,0.6804733727810651,0.5660315292949354,0.782154911381617,0.9644970414201184,1.4275214672088623
ba,M-C pair (mu=0) [lebowski],0.3,(a) gated,pooled,2.464788913726806,0.050249584026622295,0.04972162541787481,0.052645433008686494,1030,frame,46,0.5815533980582525,0.495002455406647,0.6640623878744387,0.9339805825242719,1.1917049884796143
ba,M-C pair (mu=0) [lebowski],0.3,(a) gated,pedestrian,2.464788913726806,0.050249584026622295,0.04972162541787481,0.018430753027909426,364,frame,21,0.38186813186813184,0.26649711329279857,0.4858647801827613,0.8543956043956044,0.5754917860031128
ba,M-C pair (mu=0) [lebowski],0.3,(a) gated,cut-in,2.464788913726806,0.050249584026622295,0.04972162541787481,0.054690786705931846,676,frame,26,0.6804733727810651,0.5660315292949354,0.782154911381617,0.9644970414201184,1.4275214672088623
ba,M-C pair (mu=0) [lebowski],0.3,(b) per pair,pooled,2.464788913726806,0.49473684210526314,0.48470744680851063,0.04993819530284302,147,pair,49,0.7959183673469388,0.6870748299319728,0.8979591836734694,0.9222941720629048,1.1494258642196655
ba,M-C pair (mu=0) [lebowski],0.3,(b) per pair,pedestrian,2.464788913726806,0.49473684210526314,0.48470744680851063,0.017964071856287425,63,pair,21,0.6666666666666666,0.47619047619047616,0.8412698412698413,0.8325123152709359,0.5182356834411621
ba,M-C pair (mu=0) [lebowski],0.3,(b) per pair,cut-in,2.464788913726806,0.49473684210526314,0.48470744680851063,0.05218787635487756,78,pair,26,0.9615384615384616,0.8846153846153846,1.0,0.9644970414201184,1.4275214672088623
ba,M-C pair qwen [lebowski],0.3,per frame,pooled,1.6808594465255735,0.050062972292191435,0.047320893195500445,0.07070457354758962,1081,frame,49,0.5494912118408881,0.46401905964005485,0.6345481548154815,0.9213691026827012,1.1165302991867065
ba,M-C pair qwen [lebowski],0.3,per frame,pedestrian,1.6808594465255735,0.050062972292191435,0.047320893195500445,0.019211576846307386,406,frame,21,0.3916256157635468,0.30268589655645495,0.4758492577986153,0.854679802955665,0.5842065811157227
ba,M-C pair qwen [lebowski],0.3,per frame,cut-in,1.6808594465255735,0.050062972292191435,0.047320893195500445,0.08390204737053392,676,frame,26,0.643491124260355,0.5167253724633959,0.7583223466633296,0.9644970414201184,1.2782572507858276
ba,M-C pair qwen [lebowski],0.3,(a) gated,pooled,1.6808594465255735,0.05091514143094842,0.04738581814052753,0.07396683337720453,1030,frame,46,0.5699029126213592,0.48320368364030336,0.6533114196790872,0.9320388349514563,1.1570731401443481
ba,M-C pair qwen [lebowski],0.3,(a) gated,pedestrian,1.6808594465255735,0.05091514143094842,0.04738581814052753,0.018957345971563982,364,frame,21,0.4175824175824176,0.32343203651220137,0.5083624146639285,0.8736263736263736,0.695453405380249
ba,M-C pair qwen [lebowski],0.3,(a) gated,cut-in,1.6808594465255735,0.05091514143094842,0.04738581814052753,0.08792595708876735,676,frame,26,0.643491124260355,0.5167253724633959,0.7583223466633296,0.9644970414201184,1.2782572507858276
ba,M-C pair qwen [lebowski],0.3,(b) per pair,pooled,1.6808594465255735,0.5473684210526316,0.5263741134751774,0.07070457354758962,147,pair,49,0.8163265306122449,0.7142857142857143,0.9047619047619048,0.9213691026827012,1.1165302991867065
ba,M-C pair qwen [lebowski],0.3,(b) per pair,pedestrian,1.6808594465255735,0.5473684210526316,0.5263741134751774,0.019211576846307386,63,pair,21,0.7301587301587301,0.5396825396825397,0.9047619047619048,0.854679802955665,0.5842065811157227
ba,M-C pair qwen [lebowski],0.3,(b) per pair,cut-in,1.6808594465255735,0.5473684210526316,0.5263741134751774,0.08390204737053392,78,pair,26,0.9487179487179487,0.8846153846153846,1.0,0.9644970414201184,1.2782572507858276
ba,M-C pair op [lebowski],0.1,per frame,pooled,1.2718895971775055,0.050062972292191435,0.05198114791451802,0.07367119901112484,1081,frame,49,0.5901942645698427,0.48196269265639163,0.6926856734783563,0.883441258094357,1.522171974182129
ba,M-C pair op [lebowski],0.1,per frame,pedestrian,1.2718895971775055,0.050062972292191435,0.05198114791451802,0.00249500998003992,406,frame,21,0.17733990147783252,0.10659490124139318,0.24500082781456953,0.7536945812807881,0.2217610776424408
ba,M-C pair op [lebowski],0.1,per frame,cut-in,1.2718895971775055,0.050062972292191435,0.05198114791451802,0.11561621838619028,676,frame,26,0.8372781065088757,0.7630696423642261,0.8977799796747967,0.9644970414201184,2.229490280151367
ba,M-C pair op [lebowski],0.1,(a) gated,pooled,1.2718895971775055,0.05050178051149239,0.05154271947856691,0.07598164201937786,1051,frame,46,0.6070409134157945,0.5043951049487189,0.7057101286551057,0.8934348239771646,1.5765148401260376
ba,M-C pair op [lebowski],0.1,(a) gated,pedestrian,1.2718895971775055,0.05050178051149239,0.05154271947856691,0.0025621316935690495,385,frame,21,0.18701298701298702,0.11377846454131425,0.2572966681216354,0.7714285714285715,0.24568206071853638
ba,M-C pair op [lebowski],0.1,(a) gated,cut-in,1.2718895971775055,0.05050178051149239,0.05154271947856691,0.11832374691865243,676,frame,26,0.8372781065088757,0.7630696423642261,0.8977799796747967,0.9644970414201184,2.229490280151367
ba,M-C pair op [lebowski],0.1,(b) per pair,pooled,1.2718895971775055,0.5368421052631579,0.5265957446808511,0.07367119901112484,147,pair,49,0.7414965986394558,0.6258503401360545,0.8505102040816317,0.883441258094357,1.522171974182129
ba,M-C pair op [lebowski],0.1,(b) per pair,pedestrian,1.2718895971775055,0.5368421052631579,0.5265957446808511,0.00249500998003992,63,pair,21,0.49206349206349204,0.30158730158730157,0.6984126984126984,0.7536945812807881,0.2217610776424408
ba,M-C pair op [lebowski],0.1,(b) per pair,cut-in,1.2718895971775055,0.5368421052631579,0.5265957446808511,0.11561621838619028,78,pair,26,1.0,1.0,1.0,0.9644970414201184,2.229490280151367
ba,M-C hard [lebowski],0.3,per frame,pooled,1.3459995985031128,0.050062972292191435,0.05474739964342536,0.08974042027194067,1081,frame,49,0.4495837187789084,0.333311345646438,0.5600464625513384,0.8788159111933395,0.7975630164146423
ba,M-C hard [lebowski],0.3,per frame,pedestrian,1.3459995985031128,0.050062972292191435,0.05474739964342536,0.001996007984031936,406,frame,21,0.034482758620689655,0.009171198472331771,0.06467800506396587,0.7463054187192119,0.10858729481697083
ba,M-C hard [lebowski],0.3,per frame,cut-in,1.3459995985031128,0.050062972292191435,0.05474739964342536,0.14251304696908873,676,frame,26,0.6982248520710059,0.5893307578919474,0.7997106824925816,0.9615384615384616,1.6173326969146729
ba,M-C hard [lebowski],0.3,(a) gated,pooled,1.3459995985031128,0.04858569051580699,0.055193226024782355,0.09528823374572255,1030,frame,46,0.47184466019417476,0.3581873090145149,0.5851760385005066,0.887378640776699,0.9135058522224426
ba,M-C hard [lebowski],0.3,(a) gated,pedestrian,1.3459995985031128,0.04858569051580699,0.055193226024782355,0.0018430753027909425,364,frame,21,0.038461538461538464,0.010353626943005182,0.07099378488077114,0.7527472527472527,0.11660389602184296
ba,M-C hard [lebowski],0.3,(a) gated,cut-in,1.3459995985031128,0.04858569051580699,0.055193226024782355,0.14934791754312157,676,frame,26,0.6982248520710059,0.5893307578919474,0.7997106824925816,0.9615384615384616,1.6173326969146729
ba,M-C hard [lebowski],0.3,(b) per pair,pooled,1.3459995985031128,0.5578947368421052,0.6110372340425532,0.08974042027194067,147,pair,49,0.5986394557823129,0.46938775510204084,0.7278911564625851,0.8788159111933395,0.7975630164146423
ba,M-C hard [lebowski],0.3,(b) per pair,pedestrian,1.3459995985031128,0.5578947368421052,0.6110372340425532,0.001996007984031936,63,pair,21,0.1746031746031746,0.047619047619047616,0.3178571428571407,0.7463054187192119,0.10858729481697083
ba,M-C hard [lebowski],0.3,(b) per pair,cut-in,1.3459995985031128,0.5578947368421052,0.6110372340425532,0.14251304696908873,78,pair,26,0.9871794871794872,0.9615384615384616,1.0,0.9615384615384616,1.6173326969146729
ba,M-C uniform [lebowski],0.3,per frame,pooled,1.1550595164299011,0.050062972292191435,0.05221340113048553,0.09295426452410384,1081,frame,49,0.4606845513413506,0.34039016134057576,0.56989660082967,0.8630897317298798,0.8400190472602844
ba,M-C uniform [lebowski],0.3,per frame,pedestrian,1.1550595164299011,0.050062972292191435,0.05221340113048553,0.0029940119760479044,406,frame,21,0.034482758620689655,0.007978723404255319,0.06542903765867712,0.7044334975369458,0.10670198500156403
ba,M-C uniform [lebowski],0.3,per frame,cut-in,1.1550595164299011,0.050062972292191435,0.05221340113048553,0.14612605379365717,676,frame,26,0.7159763313609467,0.6095791001451378,0.811659683807404,0.9615384615384616,1.6491619348526
ba,M-C uniform [lebowski],0.3,(a) gated,pooled,1.1550595164299011,0.04891846921797005,0.050953679935840185,0.09871018689128717,1030,frame,46,0.48349514563106794,0.37123023193238147,0.5975601466045034,0.8737864077669902,0.9389374256134033
ba,M-C uniform [lebowski],0.3,(a) gated,pedestrian,1.1550595164299011,0.04891846921797005,0.050953679935840185,0.0028962611901000527,364,frame,21,0.038461538461538464,0.009174311926605505,0.07186043425614143,0.7142857142857143,0.1154150664806366
ba,M-C uniform [lebowski],0.3,(a) gated,cut-in,1.1550595164299011,0.04891846921797005,0.050953679935840185,0.15313420277660916,676,frame,26,0.7159763313609467,0.6095791001451378,0.811659683807404,0.9615384615384616,1.6491619348526
ba,M-C uniform [lebowski],0.3,(b) per pair,pooled,1.1550595164299011,0.5473684210526316,0.5902039007092199,0.09295426452410384,147,pair,49,0.5918367346938775,0.46258503401360546,0.7210884353741497,0.8630897317298798,0.8400190472602844
ba,M-C uniform [lebowski],0.3,(b) per pair,pedestrian,1.1550595164299011,0.5473684210526316,0.5902039007092199,0.0029940119760479044,63,pair,21,0.15873015873015872,0.031746031746031744,0.3019841269841248,0.7044334975369458,0.10670198500156403
ba,M-C uniform [lebowski],0.3,(b) per pair,cut-in,1.1550595164299011,0.5473684210526316,0.5902039007092199,0.14612605379365717,78,pair,26,0.9871794871794872,0.9615384615384616,1.0,0.9615384615384616,1.6491619348526
ba,gate any,0.0,per frame,pooled,0.0,0.0,0.0,0.13943139678615574,1081,frame,49,0.5078630897317299,0.3899786108555658,0.6230012424028742,0.5078630897317299,
ba,gate any,0.0,per frame,pedestrian,0.0,0.0,0.0,0.10029940119760479,406,frame,21,0.8004926108374384,0.7543848765835184,0.856,0.8004926108374384,
ba,gate any,0.0,per frame,cut-in,0.0,0.0,0.0,0.0734644720995584,676,frame,26,0.34171597633136097,0.18368295436219964,0.526791747104247,0.34171597633136097,
ba,gate any,0.0,(a) gated,pooled,0.0,0.0,0.0,0.13943139678615574,1081,frame,49,0.5078630897317299,0.3899786108555658,0.6230012424028742,0.5078630897317299,
ba,gate any,0.0,(a) gated,pedestrian,0.0,0.0,0.0,0.10029940119760479,406,frame,21,0.8004926108374384,0.7543848765835184,0.856,0.8004926108374384,
ba,gate any,0.0,(a) gated,cut-in,0.0,0.0,0.0,0.0734644720995584,676,frame,26,0.34171597633136097,0.18368295436219964,0.526791747104247,0.34171597633136097,
ba,gate any,0.0,(b) per pair,pooled,0.0,0.0,0.0,0.13943139678615574,147,pair,49,0.7074829931972789,0.5782312925170068,0.8231292517006803,0.5078630897317299,
ba,gate any,0.0,(b) per pair,pedestrian,0.0,0.0,0.0,0.10029940119760479,63,pair,21,1.0,1.0,1.0,0.8004926108374384,
ba,gate any,0.0,(b) per pair,cut-in,0.0,0.0,0.0,0.0734644720995584,78,pair,26,0.5641025641025641,0.3717948717948718,0.7564102564102564,0.34171597633136097,
ba,gate pedestrian,0.0,per frame,pooled,0.0,0.0,0.0,0.09419035846724351,1081,frame,49,0.29417206290471787,0.18621966558153302,0.4050119844576564,0.29417206290471787,
ba,gate pedestrian,0.0,per frame,pedestrian,0.0,0.0,0.0,0.10104790419161677,406,frame,21,0.8078817733990148,0.7608068083416526,0.8652736084559114,0.8078817733990148,
ba,gate pedestrian,0.0,per frame,cut-in,0.0,0.0,0.0,0.0,676,frame,26,0.0,0.0,0.0,0.0,
ba,gate pedestrian,0.0,(a) gated,pooled,0.0,0.0,0.0,0.09419035846724351,1081,frame,49,0.29417206290471787,0.18621966558153302,0.4050119844576564,0.29417206290471787,
ba,gate pedestrian,0.0,(a) gated,pedestrian,0.0,0.0,0.0,0.10104790419161677,406,frame,21,0.8078817733990148,0.7608068083416526,0.8652736084559114,0.8078817733990148,
ba,gate pedestrian,0.0,(a) gated,cut-in,0.0,0.0,0.0,0.0,676,frame,26,0.0,0.0,0.0,0.0,
ba,gate pedestrian,0.0,(b) per pair,pooled,0.0,0.0,0.0,0.09419035846724351,147,pair,49,0.40816326530612246,0.2653061224489796,0.5510204081632653,0.29417206290471787,
ba,gate pedestrian,0.0,(b) per pair,pedestrian,0.0,0.0,0.0,0.10104790419161677,63,pair,21,1.0,1.0,1.0,0.8078817733990148,
ba,gate pedestrian,0.0,(b) per pair,cut-in,0.0,0.0,0.0,0.0,78,pair,26,0.0,0.0,0.0,0.0,
ba,gate ttc,0.0,per frame,pooled,0.0,0.0,0.0,0.0034610630407911,1081,frame,49,0.07400555041628122,0.05013082480489309,0.09861990950226245,0.07400555041628122,
ba,gate ttc,0.0,per frame,pedestrian,0.0,0.0,0.0,0.004740518962075849,406,frame,21,0.14532019704433496,0.10539815656550454,0.1826152375201288,0.14532019704433496,
ba,gate ttc,0.0,per frame,cut-in,0.0,0.0,0.0,0.0,676,frame,26,0.03106508875739645,0.013293943870014771,0.0517273307790549,0.03106508875739645,
ba,gate ttc,0.0,(a) gated,pooled,0.0,0.0,0.0,0.0034610630407911,1081,frame,49,0.07400555041628122,0.05013082480489309,0.09861990950226245,0.07400555041628122,
ba,gate ttc,0.0,(a) gated,pedestrian,0.0,0.0,0.0,0.004740518962075849,406,frame,21,0.14532019704433496,0.10539815656550454,0.1826152375201288,0.14532019704433496,
ba,gate ttc,0.0,(a) gated,cut-in,0.0,0.0,0.0,0.0,676,frame,26,0.03106508875739645,0.013293943870014771,0.0517273307790549,0.03106508875739645,
ba,gate ttc,0.0,(b) per pair,pooled,0.0,0.0,0.0,0.0034610630407911,147,pair,49,0.4217687074829932,0.2925170068027211,0.5510204081632653,0.07400555041628122,
ba,gate ttc,0.0,(b) per pair,pedestrian,0.0,0.0,0.0,0.004740518962075849,63,pair,21,0.6666666666666666,0.47619047619047616,0.8416666666666645,0.14532019704433496,
ba,gate ttc,0.0,(b) per pair,cut-in,0.0,0.0,0.0,0.0,78,pair,26,0.2564102564102564,0.10256410256410256,0.42339743589743417,0.03106508875739645,
ba,gate intrusion,0.0,per frame,pooled,0.0,0.0,0.0,0.048702101359703334,1081,frame,49,0.2682701202590194,0.16563200609718418,0.3756714630884066,0.2682701202590194,
ba,gate intrusion,0.0,per frame,pedestrian,0.0,0.0,0.0,0.004491017964071856,406,frame,21,0.14532019704433496,0.10539815656550454,0.1826152375201288,0.14532019704433496,
ba,gate intrusion,0.0,per frame,cut-in,0.0,0.0,0.0,0.0734644720995584,676,frame,26,0.34171597633136097,0.18368295436219964,0.526791747104247,0.34171597633136097,
ba,gate intrusion,0.0,(a) gated,pooled,0.0,0.0,0.0,0.048702101359703334,1081,frame,49,0.2682701202590194,0.16563200609718418,0.3756714630884066,0.2682701202590194,
ba,gate intrusion,0.0,(a) gated,pedestrian,0.0,0.0,0.0,0.004491017964071856,406,frame,21,0.14532019704433496,0.10539815656550454,0.1826152375201288,0.14532019704433496,
ba,gate intrusion,0.0,(a) gated,cut-in,0.0,0.0,0.0,0.0734644720995584,676,frame,26,0.34171597633136097,0.18368295436219964,0.526791747104247,0.34171597633136097,
ba,gate intrusion,0.0,(b) per pair,pooled,0.0,0.0,0.0,0.048702101359703334,147,pair,49,0.5850340136054422,0.4557823129251701,0.7074829931972789,0.2682701202590194,
ba,gate intrusion,0.0,(b) per pair,pedestrian,0.0,0.0,0.0,0.004491017964071856,63,pair,21,0.6666666666666666,0.47619047619047616,0.8416666666666645,0.14532019704433496,
ba,gate intrusion,0.0,(b) per pair,cut-in,0.0,0.0,0.0,0.0734644720995584,78,pair,26,0.5641025641025641,0.3717948717948718,0.7564102564102564,0.34171597633136097,
ba,gate any (L = 0.6 s),0.6,per frame,pooled,0.0,0.0,0.0,0.13943139678615574,1081,frame,49,0.5078630897317299,0.3899786108555658,0.6230012424028742,0.5078630897317299,
ba,gate any (L = 0.6 s),0.6,per frame,pedestrian,0.0,0.0,0.0,0.10029940119760479,406,frame,21,0.8004926108374384,0.7543848765835184,0.856,0.8004926108374384,
ba,gate any (L = 0.6 s),0.6,per frame,cut-in,0.0,0.0,0.0,0.0734644720995584,676,frame,26,0.34171597633136097,0.18368295436219964,0.526791747104247,0.34171597633136097,
ba,gate any (L = 0.6 s),0.6,(a) gated,pooled,0.0,0.0,0.0,0.14806750136091454,1013,frame,43,0.48963474827245806,0.3645091270227288,0.6216129099759196,0.48963474827245806,
ba,gate any (L = 0.6 s),0.6,(a) gated,pedestrian,0.0,0.0,0.0,0.10349498780818206,347,frame,18,0.7838616714697406,0.7371552884408872,0.8437734162125339,0.7838616714697406,
ba,gate any (L = 0.6 s),0.6,(a) gated,cut-in,0.0,0.0,0.0,0.07887931034482759,676,frame,26,0.34171597633136097,0.18368295436219964,0.526791747104247,0.34171597633136097,
ba,gate any (L = 0.6 s),0.6,(b) per pair,pooled,0.0,0.0,0.0,0.13943139678615574,147,pair,49,0.7074829931972789,0.5782312925170068,0.8231292517006803,0.5078630897317299,
ba,gate any (L = 0.6 s),0.6,(b) per pair,pedestrian,0.0,0.0,0.0,0.10029940119760479,63,pair,21,1.0,1.0,1.0,0.8004926108374384,
ba,gate any (L = 0.6 s),0.6,(b) per pair,cut-in,0.0,0.0,0.0,0.0734644720995584,78,pair,26,0.5641025641025641,0.3717948717948718,0.7564102564102564,0.34171597633136097,
