fork_id,set,family,base_id,k_name,world,action,route_id,n_ticks,cos_vs_op_min,cos_vs_op_last,cos_vs_src_min,actor_dmax,walker_dmax,actor_d_p99,px_mad_mean,px_mad_max,px_max,img_identical,img_n
0,ba,VehicleTurningRoutePedestrian,10552,k1,plus,op_slow,90000010,11,0.999973,0.999975,0.999986,0,0,0,0.134895,0.382003,162,0,33
0,ba,VehicleTurningRoutePedestrian,10552,k1,plus,op_stop,90000020,11,0.999979,0.999983,0.999982,0,0,0,0.0614298,0.178343,156,0,33
0,ba,VehicleTurningRoutePedestrian,10552,k1,plus,hold,90000030,11,0.999974,0.999974,0.999992,0,0,0,0.0671072,0.221265,161,1,33
0,ba,VehicleTurningRoutePedestrian,10552,k1,plus,brake_hard,90000040,11,0.999991,0.999996,0.999982,0,0,0,0.117885,0.373699,158,0,33
0,ba,VehicleTurningRoutePedestrian,10552,k1,plus,shift_L,90000050,11,0.995947,0.998528,0.997019,0,0,0,0.0690984,0.210472,164,0,33
0,ba,VehicleTurningRoutePedestrian,10552,k1,plus,shift_R,90000060,11,0.999957,0.999979,0.999964,0,0,0,0.0901587,0.312548,162,0,33
1,ba,VehicleTurningRoutePedestrian,10552,k1,minus,op_slow,90000080,11,0.999896,0.999934,0.997134,0,0,0,0.0679302,0.222107,160,0,33
1,ba,VehicleTurningRoutePedestrian,10552,k1,minus,op_stop,90000090,11,0.999914,0.999914,0.997455,0,0,0,0.0805775,0.317913,162,1,33
1,ba,VehicleTurningRoutePedestrian,10552,k1,minus,hold,90000100,11,0.99993,0.999978,0.997338,0,0,0,0.173159,0.443501,161,0,33
1,ba,VehicleTurningRoutePedestrian,10552,k1,minus,brake_hard,90000110,11,0.999977,0.999984,0.997398,0,0,0,0.13342,0.442742,161,1,33
1,ba,VehicleTurningRoutePedestrian,10552,k1,minus,shift_L,90000120,11,0.999975,0.999976,0.997373,0,0,0,0.049661,0.198718,160,0,33
1,ba,VehicleTurningRoutePedestrian,10552,k1,minus,shift_R,90000130,11,0.999979,0.999988,0.997203,0,0,0,0.124831,0.368807,162,0,33
2,ba,VehicleTurningRoutePedestrian,10552,k2,plus,op_slow,90000150,11,0.999934,0.999967,0.999976,0,0,0,0.109626,1.44936,110,0,33
2,ba,VehicleTurningRoutePedestrian,10552,k2,plus,op_stop,90000160,11,0.995963,0.99941,0.997031,0,0,0,0.165596,1.09838,164,2,33
2,ba,VehicleTurningRoutePedestrian,10552,k2,plus,hold,90000170,11,0.999865,0.999967,0.99994,0,0,0,0.124665,1.45011,150,0,33
2,ba,VehicleTurningRoutePedestrian,10552,k2,plus,brake_hard,90000180,11,0.999949,0.999953,0.999973,0,0,0,0.1462,1.19004,105,0,33
2,ba,VehicleTurningRoutePedestrian,10552,k2,plus,shift_L,90000190,11,0.999777,0.999952,0.999849,0,0,0,0.194863,1.17386,134,0,33
2,ba,VehicleTurningRoutePedestrian,10552,k2,plus,shift_R,90000200,11,0.999848,0.99993,0.999937,0,0,0,0.179168,1.19221,111,0,33
3,ba,VehicleTurningRoutePedestrian,10552,k2,minus,op_slow,90000220,11,0.999978,0.999978,0.997339,0,0,0,0.179091,1.4445,109,0,33
3,ba,VehicleTurningRoutePedestrian,10552,k2,minus,op_stop,90000230,11,0.999836,0.999945,0.997276,0,0,0,0.153111,1.56739,80,0,33
3,ba,VehicleTurningRoutePedestrian,10552,k2,minus,hold,90000240,11,0.999974,0.999985,0.997449,0,0,0,0.0315024,0.0993887,137,0,33
3,ba,VehicleTurningRoutePedestrian,10552,k2,minus,brake_hard,90000250,11,0.999763,0.999975,0.997004,0,0,0,0.202478,1.54759,158,0,33
3,ba,VehicleTurningRoutePedestrian,10552,k2,minus,shift_L,90000260,11,0.999971,0.999971,0.997309,0,0,0,0.185514,1.48355,75,0,33
3,ba,VehicleTurningRoutePedestrian,10552,k2,minus,shift_R,90000270,11,0.99997,0.99997,0.997326,0,0,0,0.16231,1.44491,75,0,33
4,ba,VehicleTurningRoutePedestrian,10791,k1,plus,op_slow,90000290,11,0.999824,0.999824,0.998969,0,0,0,1.03059,5.49565,119,2,33
4,ba,VehicleTurningRoutePedestrian,10791,k1,plus,op_stop,90000300,11,0.999824,0.999824,0.998957,0,0,0,1.02408,5.4956,98,2,33
4,ba,VehicleTurningRoutePedestrian,10791,k1,plus,hold,90000310,11,0.999774,0.99979,0.998876,0,0,0,1.03098,5.4956,161,2,33
4,ba,VehicleTurningRoutePedestrian,10791,k1,plus,brake_hard,90000320,11,0.999815,0.999815,0.998982,0,0,0,1.03368,5.49563,117,2,33
4,ba,VehicleTurningRoutePedestrian,10791,k1,plus,shift_L,90000330,11,0.999982,0.999982,0.999037,0,0,0,0.373135,4.01129,120,2,33
4,ba,VehicleTurningRoutePedestrian,10791,k1,plus,shift_R,90000340,11,0.998642,0.998642,0.999843,0.00317383,0,0.000545915,2.17962,8.45115,160,0,33
5,ba,VehicleTurningRoutePedestrian,10791,k1,minus,op_slow,90000360,11,0.998749,0.998749,0.999968,0.00317383,0,0.000545915,2.19265,8.38958,160,0,33
5,ba,VehicleTurningRoutePedestrian,10791,k1,minus,op_stop,90000370,11,0.998792,0.998792,0.999977,0.00317383,0,0.000545915,2.49086,8.93567,160,1,33
5,ba,VehicleTurningRoutePedestrian,10791,k1,minus,hold,90000380,11,0.999758,0.999945,0.99915,0,0,0,0.194974,0.437009,162,0,33
5,ba,VehicleTurningRoutePedestrian,10791,k1,minus,brake_hard,90000390,11,0.999958,0.999972,0.999169,0,0,0,0.0586034,0.251718,140,1,33
5,ba,VehicleTurningRoutePedestrian,10791,k1,minus,shift_L,90000400,11,0.998655,0.998655,0.99996,0.00317383,0,0.000545915,2.27064,8.98415,160,0,33
5,ba,VehicleTurningRoutePedestrian,10791,k1,minus,shift_R,90000410,11,0.999091,0.999303,0.999967,0.00317383,0,0.000545915,2.48083,8.88672,160,0,33
6,ba,VehicleTurningRoutePedestrian,10791,k2,plus,op_slow,90000430,11,0.998358,0.998358,0.999719,0.00332067,0,0.00225394,3.9933,8.7075,167,0,33
6,ba,VehicleTurningRoutePedestrian,10791,k2,plus,op_stop,90000440,11,0.999854,0.999928,0.998595,0,0,0,0.816931,4.58634,155,1,33
6,ba,VehicleTurningRoutePedestrian,10791,k2,plus,hold,90000450,11,0.998839,0.998988,0.999844,0,0,0,4.18888,8.87688,167,0,33
6,ba,VehicleTurningRoutePedestrian,10791,k2,plus,brake_hard,90000460,11,0.999731,0.999888,0.998805,0,0,0,1.67139,7.82806,155,1,33
6,ba,VehicleTurningRoutePedestrian,10791,k2,plus,shift_L,90000470,11,0.998488,0.998548,0.999689,0,0,0,3.68603,8.70739,169,0,33
6,ba,VehicleTurningRoutePedestrian,10791,k2,plus,shift_R,90000480,11,0.999805,0.999863,0.99853,0,0,0,0.580597,4.58634,166,3,33
7,ba,VehicleTurningRoutePedestrian,10791,k2,minus,op_slow,90000500,11,0.999514,0.999801,0.999611,0,0,0,1.16744,6.43352,154,0,33
7,ba,VehicleTurningRoutePedestrian,10791,k2,minus,op_stop,90000510,11,0.999544,0.999755,0.999663,0,0,0,0.632147,4.67795,105,7,33
7,ba,VehicleTurningRoutePedestrian,10791,k2,minus,hold,90000520,11,0.999788,0.999788,0.999863,0,0,0,0.323284,1.41383,165,0,33
7,ba,VehicleTurningRoutePedestrian,10791,k2,minus,brake_hard,90000530,11,0.999321,0.999709,0.999466,0,0,0,0.218467,1.51307,106,5,33
7,ba,VehicleTurningRoutePedestrian,10791,k2,minus,shift_L,90000540,11,0.999436,0.999843,0.999538,0,0,0,1.15213,6.43122,146,0,33
7,ba,VehicleTurningRoutePedestrian,10791,k2,minus,shift_R,90000550,11,0.99994,0.99994,0.999823,0,0,0,0.0330897,0.354177,155,13,33
8,ba,VehicleTurningRoutePedestrian,10793,k1,plus,op_slow,90000570,11,0.999493,0.999618,0.99638,0,0,0,1.10214,1.65226,143,0,33
8,ba,VehicleTurningRoutePedestrian,10793,k1,plus,op_stop,90000580,11,0.999667,0.999696,0.996939,0,0,0,4.51905,9.01871,118,0,33
8,ba,VehicleTurningRoutePedestrian,10793,k1,plus,hold,90000590,11,0.999503,0.999782,0.996944,0,0,0,1.07421,1.45145,120,0,33
8,ba,VehicleTurningRoutePedestrian,10793,k1,plus,brake_hard,90000600,11,0.99949,0.999562,0.996563,0,0,0,3.96595,9.05154,128,0,33
8,ba,VehicleTurningRoutePedestrian,10793,k1,plus,shift_L,90000610,11,0.999411,0.999671,0.996301,0,0,0,4.50869,9.03405,142,0,33
8,ba,VehicleTurningRoutePedestrian,10793,k1,plus,shift_R,90000620,11,0.999363,0.999597,0.996315,0,0,0,3.59261,8.97274,137,0,33
9,ba,VehicleTurningRoutePedestrian,10793,k1,minus,op_slow,90000640,11,0.999478,0.999762,0.997042,0,0,0,3.91951,9.06674,154,0,33
9,ba,VehicleTurningRoutePedestrian,10793,k1,minus,op_stop,90000650,11,0.999466,0.999468,0.996988,0,0,0,4.51204,9.22384,138,0,33
9,ba,VehicleTurningRoutePedestrian,10793,k1,minus,hold,90000660,11,0.999706,0.999708,0.996731,0,0,0,4.47567,9.13044,111,0,33
9,ba,VehicleTurningRoutePedestrian,10793,k1,minus,brake_hard,90000670,11,0.995501,0.996911,0.99935,0,0,0,4.34431,9.40605,128,0,33
9,ba,VehicleTurningRoutePedestrian,10793,k1,minus,shift_L,90000680,11,0.996221,0.997144,0.999406,0,0,0,4.35706,9.38458,162,0,33
9,ba,VehicleTurningRoutePedestrian,10793,k1,minus,shift_R,90000690,11,0.995546,0.997491,0.999304,0,0,0,4.3714,9.35549,160,0,33
10,ba,VehicleTurningRoutePedestrian,10793,k2,plus,op_slow,90000710,11,0.999664,0.999667,0.999394,0,0,0,1.11218,1.40853,161,0,33
10,ba,VehicleTurningRoutePedestrian,10793,k2,plus,op_stop,90000720,11,0.999648,0.999648,0.999371,0,0,0,1.16403,1.76923,160,0,33
10,ba,VehicleTurningRoutePedestrian,10793,k2,plus,hold,90000730,11,0.999566,0.999752,0.999348,0,0,0,1.09528,1.41242,160,0,33
10,ba,VehicleTurningRoutePedestrian,10793,k2,plus,brake_hard,90000740,11,0.999714,0.999783,0.99925,0,0,0,1.16104,1.79198,103,0,33
10,ba,VehicleTurningRoutePedestrian,10793,k2,plus,shift_L,90000750,11,0.999468,0.999483,0.998783,0,0,0,4.81012,9.22541,159,0,33
10,ba,VehicleTurningRoutePedestrian,10793,k2,plus,shift_R,90000760,11,0.999667,0.999715,0.999538,0,0,0,1.10673,1.41131,161,0,33
11,ba,VehicleTurningRoutePedestrian,10793,k2,minus,op_slow,90000780,11,0.999501,0.999501,0.999303,0,0,0,1.14946,1.67699,162,0,33
11,ba,VehicleTurningRoutePedestrian,10793,k2,minus,op_stop,90000790,11,0.999469,0.99951,0.998753,0,0,0,5.24057,9.22727,159,0,33
11,ba,VehicleTurningRoutePedestrian,10793,k2,minus,hold,90000800,11,0.99939,0.999487,0.999128,0,0,0,5.25563,9.15838,159,0,33
11,ba,VehicleTurningRoutePedestrian,10793,k2,minus,brake_hard,90000810,11,0.999281,0.999422,0.999051,0,0,0,5.82546,9.3612,124,0,33
11,ba,VehicleTurningRoutePedestrian,10793,k2,minus,shift_L,90000820,11,0.99946,0.999716,0.99904,0,0,0,1.11934,1.59788,160,0,33
11,ba,VehicleTurningRoutePedestrian,10793,k2,minus,shift_R,90000830,11,0.99952,0.99952,0.999082,0,0,0,5.25307,9.22861,163,0,33
12,ba,VehicleTurningRoutePedestrian,10857,k1,plus,op_slow,90000850,11,0.999921,0.99994,0.999873,0,0,0,0.0297349,0.112966,144,0,33
12,ba,VehicleTurningRoutePedestrian,10857,k1,plus,op_stop,90000860,11,0.999907,0.999922,0.999851,0,0,0,0.119744,0.222469,157,0,33
12,ba,VehicleTurningRoutePedestrian,10857,k1,plus,hold,90000870,11,0.999899,0.999967,0.999966,0,0,0,0.222896,1.09797,115,0,33
12,ba,VehicleTurningRoutePedestrian,10857,k1,plus,brake_hard,90000880,11,0.999961,0.999974,0.999944,0,0,0,0.163487,0.988893,122,0,33
12,ba,VehicleTurningRoutePedestrian,10857,k1,plus,shift_L,90000890,11,0.999969,0.999995,0.999931,0,0,0,0.0041854,0.0360896,63,2,33
12,ba,VehicleTurningRoutePedestrian,10857,k1,plus,shift_R,90000900,11,0.999944,0.999948,0.999896,0,0,0,0.135178,0.281604,153,0,33
13,ba,VehicleTurningRoutePedestrian,10857,k1,minus,op_slow,90000920,11,0.999879,0.999943,0.999975,0,0,0,0.328099,0.738492,85,0,33
13,ba,VehicleTurningRoutePedestrian,10857,k1,minus,op_stop,90000930,11,0.999892,0.999949,0.999969,0,0,0,0.22328,1.01504,115,0,33
13,ba,VehicleTurningRoutePedestrian,10857,k1,minus,hold,90000940,11,0.999944,0.999982,0.999902,0,0,0,0.1418,0.300815,105,0,33
13,ba,VehicleTurningRoutePedestrian,10857,k1,minus,brake_hard,90000950,11,0.999918,0.99992,0.999855,0,0,0,0.158423,0.350243,157,0,33
13,ba,VehicleTurningRoutePedestrian,10857,k1,minus,shift_L,90000960,11,0.999883,0.99995,0.999979,0,0,0,0.306801,1.14207,85,1,33
13,ba,VehicleTurningRoutePedestrian,10857,k1,minus,shift_R,90000970,11,0.99995,0.999978,0.99992,0,0,0,0.157757,0.50615,84,0,33
14,ba,VehicleTurningRoutePedestrian,10857,k2,plus,op_slow,90000990,11,0.999806,0.999868,0.998099,0,0,0,0.424744,1.75207,102,0,33
14,ba,VehicleTurningRoutePedestrian,10857,k2,plus,op_stop,90001000,11,0.999989,0.999989,0.997265,0,0,0,0.136051,1.11781,116,0,33
14,ba,VehicleTurningRoutePedestrian,10857,k2,plus,hold,90001010,11,0.997582,0.997582,0.999908,0,0,0,0.391618,1.76054,103,0,33
14,ba,VehicleTurningRoutePedestrian,10857,k2,plus,brake_hard,90001020,11,0.999813,0.999813,0.998362,0,0,0,0.304373,1.71649,103,0,33
14,ba,VehicleTurningRoutePedestrian,10857,k2,plus,shift_L,90001030,11,0.996997,0.996997,0.999916,0,0,0,0.418423,1.7433,130,0,33
14,ba,VehicleTurningRoutePedestrian,10857,k2,plus,shift_R,90001040,11,0.99989,0.999936,0.997259,0,0,0,0.411562,1.75334,103,0,33
15,ba,VehicleTurningRoutePedestrian,10857,k2,minus,op_slow,90001060,11,0.998126,0.998126,0.999902,0,0,0,0.0646638,0.3929,148,0,33
15,ba,VehicleTurningRoutePedestrian,10857,k2,minus,op_stop,90001070,11,0.99974,0.99974,0.997344,0,0,0,0.274799,0.783506,148,0,33
15,ba,VehicleTurningRoutePedestrian,10857,k2,minus,hold,90001080,11,0.999727,0.999765,0.99822,0,0,0,0.633227,1.59622,149,0,33
15,ba,VehicleTurningRoutePedestrian,10857,k2,minus,brake_hard,90001090,11,0.998288,0.998288,0.99993,0,0,0,0.354056,1.01113,148,0,33
15,ba,VehicleTurningRoutePedestrian,10857,k2,minus,shift_L,90001100,11,0.999713,0.999755,0.998625,0,0,0,0.199935,0.510323,149,0,33
15,ba,VehicleTurningRoutePedestrian,10857,k2,minus,shift_R,90001110,11,0.999706,0.99974,0.99745,0,0,0,0.476402,1.26859,149,0,33
16,ba,VehicleTurningRoutePedestrian,11010,k1,plus,op_slow,90001130,10,0.999,0.999896,0.999953,0,0,0,0.433192,1.79554,207,0,30
16,ba,VehicleTurningRoutePedestrian,11010,k1,plus,op_stop,90001140,10,0.999828,0.999974,0.999934,0,0,0,0.133283,0.660077,208,0,30
16,ba,VehicleTurningRoutePedestrian,11010,k1,plus,hold,90001150,10,0.999907,0.999907,0.999956,0,0,0,0.218358,0.84068,210,0,30
16,ba,VehicleTurningRoutePedestrian,11010,k1,plus,brake_hard,90001160,10,0.999929,0.999949,0.999881,0,0,0,0.189672,0.736649,205,0,30
16,ba,VehicleTurningRoutePedestrian,11010,k1,plus,shift_L,90001170,10,0.998985,0.999942,0.999985,0,0,0,0.245453,1.78247,210,0,30
16,ba,VehicleTurningRoutePedestrian,11010,k1,plus,shift_R,90001180,10,0.998974,0.999937,0.999903,0,0,0,0.225412,1.782,210,0,30
17,ba,VehicleTurningRoutePedestrian,11010,k1,minus,op_slow,90001200,10,0.99996,0.99996,0.999999,0,0,0,0.0413751,0.349962,144,0,30
17,ba,VehicleTurningRoutePedestrian,11010,k1,minus,op_stop,90001210,10,0.999026,0.99979,0.999845,0,0,0,0.482803,1.81476,207,6,30
17,ba,VehicleTurningRoutePedestrian,11010,k1,minus,hold,90001220,10,0.999731,0.999923,0.999955,0,0,0,0.168535,0.757797,165,0,30
17,ba,VehicleTurningRoutePedestrian,11010,k1,minus,brake_hard,90001230,10,0.998978,0.999466,0.999016,0,0,0,0.974463,2.59151,207,0,30
17,ba,VehicleTurningRoutePedestrian,11010,k1,minus,shift_L,90001240,10,0.999982,0.999987,0.999996,0,0,0,0.0817383,0.33188,144,7,30
17,ba,VehicleTurningRoutePedestrian,11010,k1,minus,shift_R,90001250,10,0.999035,0.999815,0.999956,0,0,0,0.31203,1.76677,211,3,30
18,ba,VehicleTurningRoutePedestrian,11010,k2,plus,op_slow,90001270,11,0.99992,0.999989,0.999508,0,0,0,0.156417,0.835071,209,0,33
18,ba,VehicleTurningRoutePedestrian,11010,k2,plus,op_stop,90001280,11,0.999683,0.999836,0.999732,0,0,0,0.691236,2.55155,209,0,33
18,ba,VehicleTurningRoutePedestrian,11010,k2,plus,hold,90001290,11,0.99999,0.99999,0.999475,0,0,0,0.145036,0.835191,209,0,33
18,ba,VehicleTurningRoutePedestrian,11010,k2,plus,brake_hard,90001300,11,0.999669,0.999952,0.999726,0,0,0,0.247041,1.24905,142,0,33
18,ba,VehicleTurningRoutePedestrian,11010,k2,plus,shift_L,90001310,11,0.999595,0.999835,0.999954,0,0,0,0.388446,1.25918,210,0,33
18,ba,VehicleTurningRoutePedestrian,11010,k2,plus,shift_R,90001320,11,0.99981,0.99982,0.99946,0,0,0,0.223441,0.880786,132,1,33
19,ba,VehicleTurningRoutePedestrian,11010,k2,minus,op_slow,90001340,11,0.999584,0.999584,0.999976,0,0,0,0.605112,2.54656,176,0,33
19,ba,VehicleTurningRoutePedestrian,11010,k2,minus,op_stop,90001350,11,0.999697,0.999841,0.999618,0,0,0,0.59395,2.22855,177,0,33
19,ba,VehicleTurningRoutePedestrian,11010,k2,minus,hold,90001360,11,0.999834,0.999834,0.999842,0,0,0,0.616569,2.56574,207,4,33
19,ba,VehicleTurningRoutePedestrian,11010,k2,minus,brake_hard,90001370,11,0.999487,0.999487,0.998957,0,0,0,0.695894,2.1778,159,0,33
19,ba,VehicleTurningRoutePedestrian,11010,k2,minus,shift_L,90001380,11,0.999706,0.999706,0.999997,0,0,0,0.626396,2.56184,207,4,33
19,ba,VehicleTurningRoutePedestrian,11010,k2,minus,shift_R,90001390,11,0.999682,0.999784,0.999468,0,0,0,0.655757,2.60265,209,0,33
20,ba,VehicleTurningRoutePedestrian,11177,k1,plus,op_slow,90001410,10,0.998939,0.999312,0.999311,0,0,0,0.620236,0.965893,99,0,30
20,ba,VehicleTurningRoutePedestrian,11177,k1,plus,op_stop,90001420,10,0.999855,0.999855,0.999884,0,0,0,0.149466,0.420616,71,0,30
20,ba,VehicleTurningRoutePedestrian,11177,k1,plus,hold,90001430,10,0.999629,0.999785,0.999863,0,0,0,0.143431,0.471699,52,0,30
20,ba,VehicleTurningRoutePedestrian,11177,k1,plus,brake_hard,90001440,10,0.994599,0.999884,0.999832,0,0,0,0.168784,1.28052,72,0,30
20,ba,VehicleTurningRoutePedestrian,11177,k1,plus,shift_L,90001450,10,0.999859,0.999859,0.999915,0,0,0,0.451231,0.900737,62,0,30
20,ba,VehicleTurningRoutePedestrian,11177,k1,plus,shift_R,90001460,10,0.999824,0.999824,0.9999,0,0,0,0.133961,0.384254,59,0,30
21,ba,VehicleTurningRoutePedestrian,11177,k1,minus,op_slow,90001480,10,0.999653,0.999929,0.999929,0,0,0,0.114671,0.306988,72,0,30
21,ba,VehicleTurningRoutePedestrian,11177,k1,minus,op_stop,90001490,10,0.99981,0.999904,0.999931,0,0,0,0.185501,0.400044,72,1,30
21,ba,VehicleTurningRoutePedestrian,11177,k1,minus,hold,90001500,10,0.999643,0.999775,0.999945,0,0,0,0.203495,0.509475,72,0,30
21,ba,VehicleTurningRoutePedestrian,11177,k1,minus,brake_hard,90001510,10,0.995097,0.999721,0.999793,0,0,0,0.26031,1.28014,72,0,30
21,ba,VehicleTurningRoutePedestrian,11177,k1,minus,shift_L,90001520,10,0.9996,0.999666,0.99962,0,0,0,0.351763,0.863016,72,0,30
21,ba,VehicleTurningRoutePedestrian,11177,k1,minus,shift_R,90001530,10,0.999582,0.999771,0.999926,0,0,0,0.189111,0.534352,72,0,30
22,ba,VehicleTurningRoutePedestrian,11177,k2,plus,op_slow,90001550,11,0.999241,0.999241,0.999885,0,0,0,0.316401,0.734795,68,0,33
22,ba,VehicleTurningRoutePedestrian,11177,k2,plus,op_stop,90001560,11,0.998886,0.998886,0.999786,0,0,0,0.4952,0.840231,74,0,33
22,ba,VehicleTurningRoutePedestrian,11177,k2,plus,hold,90001570,11,0.999062,0.999062,0.999882,0,0,0,0.364452,0.709311,74,0,33
22,ba,VehicleTurningRoutePedestrian,11177,k2,plus,brake_hard,90001580,11,0.999001,0.999001,0.999824,0,0,0,0.663393,0.909868,71,0,33
22,ba,VehicleTurningRoutePedestrian,11177,k2,plus,shift_L,90001590,11,0.999207,0.999207,0.999867,0,0,0,0.314412,0.732424,69,0,33
22,ba,VehicleTurningRoutePedestrian,11177,k2,plus,shift_R,90001600,11,0.999011,0.999011,0.999898,0,0,0,0.355722,0.743675,72,0,33
23,ba,VehicleTurningRoutePedestrian,11177,k2,minus,op_slow,90001620,11,0.999623,0.999848,0.999922,0,0,0,0.456103,0.902866,72,0,33
23,ba,VehicleTurningRoutePedestrian,11177,k2,minus,op_stop,90001630,11,0.998934,0.998934,0.999251,0,0,0,0.645055,0.89831,67,0,33
23,ba,VehicleTurningRoutePedestrian,11177,k2,minus,hold,90001640,11,0.999635,0.999813,0.999915,0,0,0,0.529846,0.905073,73,0,33
23,ba,VehicleTurningRoutePedestrian,11177,k2,minus,brake_hard,90001650,11,0.999671,0.999833,0.999814,0,0,0,0.536007,0.90465,60,0,33
23,ba,VehicleTurningRoutePedestrian,11177,k2,minus,shift_L,90001660,11,0.999627,0.999841,0.999936,0,0,0,0.497626,0.853886,73,0,33
23,ba,VehicleTurningRoutePedestrian,11177,k2,minus,shift_R,90001670,11,0.999861,0.999861,0.999636,0,0,0,0.384735,0.868777,72,0,33
24,ba,VehicleTurningRoutePedestrian,11215,k1,plus,op_slow,90001690,10,0.999775,0.999929,0.99991,0,0,0,0.0669291,0.25287,163,0,30
24,ba,VehicleTurningRoutePedestrian,11215,k1,plus,op_stop,90001700,10,0.999301,0.99986,0.999874,0,0,0,0.130392,1.65854,163,7,30
24,ba,VehicleTurningRoutePedestrian,11215,k1,plus,hold,90001710,10,0.999271,0.999567,0.99972,0,0,0,0.419651,2.76624,185,2,30
24,ba,VehicleTurningRoutePedestrian,11215,k1,plus,brake_hard,90001720,10,0.999305,0.999858,0.999874,0,0,0,0.126316,1.66672,163,9,30
24,ba,VehicleTurningRoutePedestrian,11215,k1,plus,shift_L,90001730,10,0.999795,0.999939,0.99994,0,0,0,0.129318,0.287332,163,6,30
24,ba,VehicleTurningRoutePedestrian,11215,k1,plus,shift_R,90001740,10,0.99038,0.99038,0.991405,0,0,0,0.0917047,0.304129,127,7,30
25,ba,VehicleTurningRoutePedestrian,11215,k1,minus,op_slow,90001760,10,0.999878,0.999907,0.999874,0,0,0,0.0961568,0.509753,146,0,30
25,ba,VehicleTurningRoutePedestrian,11215,k1,minus,op_stop,90001770,10,0.999929,0.999929,0.99999,0,0,0,0.0680978,0.378105,101,8,30
25,ba,VehicleTurningRoutePedestrian,11215,k1,minus,hold,90001780,10,0.999916,0.999916,0.999982,0,0,0,0.0869126,0.450231,98,0,30
25,ba,VehicleTurningRoutePedestrian,11215,k1,minus,brake_hard,90001790,10,0.999866,0.999913,0.999858,0,0,0,0.109019,0.538954,146,0,30
25,ba,VehicleTurningRoutePedestrian,11215,k1,minus,shift_L,90001800,10,0.999925,0.999925,0.999992,0,0,0,0.0778101,0.479166,122,9,30
25,ba,VehicleTurningRoutePedestrian,11215,k1,minus,shift_R,90001810,10,0.999899,0.999899,0.999967,0,0,0,0.0804541,0.484048,150,15,30
26,ba,VehicleTurningRoutePedestrian,11215,k2,plus,op_slow,90001830,11,0.999822,0.999847,0.999786,0,0,0,0.129509,0.496472,175,8,33
26,ba,VehicleTurningRoutePedestrian,11215,k2,plus,op_stop,90001840,11,0.989056,0.989056,0.988543,0,0,0,0.142981,0.446511,151,0,33
26,ba,VehicleTurningRoutePedestrian,11215,k2,plus,hold,90001850,11,0.999906,0.999919,0.99993,0,0,0,0.0460932,0.199841,172,0,33
26,ba,VehicleTurningRoutePedestrian,11215,k2,plus,brake_hard,90001860,11,0.998974,0.998974,0.999126,0,0,0,0.316596,0.586903,175,0,33
26,ba,VehicleTurningRoutePedestrian,11215,k2,plus,shift_L,90001870,11,0.988258,0.997588,0.987234,0,0,0,7.40754,21.2533,208,0,33
26,ba,VehicleTurningRoutePedestrian,11215,k2,plus,shift_R,90001880,11,0.991329,0.996071,0.994214,0,0,0,13.658,21.4253,210,0,33
27,ba,VehicleTurningRoutePedestrian,11215,k2,minus,op_slow,90001900,11,0.990188,0.991282,0.991114,0,0,0,0.0772774,0.274251,160,6,33
27,ba,VehicleTurningRoutePedestrian,11215,k2,minus,op_stop,90001910,11,0.999847,0.999902,0.999908,0,0,0,0.155319,0.279796,169,8,33
27,ba,VehicleTurningRoutePedestrian,11215,k2,minus,hold,90001920,11,0.999054,0.999054,0.999009,0,0,0,0.346171,0.613517,163,0,33
27,ba,VehicleTurningRoutePedestrian,11215,k2,minus,brake_hard,90001930,11,0.999845,0.999898,0.999906,0,0,0,0.0875491,0.274251,163,6,33
27,ba,VehicleTurningRoutePedestrian,11215,k2,minus,shift_L,90001940,11,0.999887,0.999979,0.999989,0,0,0,0.0809217,0.274861,166,4,33
27,ba,VehicleTurningRoutePedestrian,11215,k2,minus,shift_R,90001950,11,0.999897,0.999982,0.999979,0,0,0,0.125557,0.279788,125,6,33
28,ba,VehicleTurningRoutePedestrian,11333,k1,plus,op_slow,90001970,11,0.997981,0.999916,0.999967,0,0,0,0.124444,0.443153,148,1,33
28,ba,VehicleTurningRoutePedestrian,11333,k1,plus,op_stop,90001980,11,0.998488,0.999925,0.999962,0,0,0,0.11815,0.436451,148,0,33
28,ba,VehicleTurningRoutePedestrian,11333,k1,plus,hold,90001990,11,0.998201,0.999945,0.99989,0,0,0,0.246752,0.479164,132,0,33
28,ba,VehicleTurningRoutePedestrian,11333,k1,plus,brake_hard,90002000,11,0.998681,0.999926,0.999916,0,0,0,0.274944,0.937587,148,0,33
28,ba,VehicleTurningRoutePedestrian,11333,k1,plus,shift_L,90002010,11,0.999876,0.999894,0.999828,0,0,0,0.0285237,0.095419,152,0,33
28,ba,VehicleTurningRoutePedestrian,11333,k1,plus,shift_R,90002020,11,0.998992,0.99994,0.999928,0,0,0,0.112312,0.443042,127,1,33
29,ba,VehicleTurningRoutePedestrian,11333,k1,minus,op_slow,90002040,11,0.998464,0.999972,0.999943,0,0,0,0.0572505,0.267304,145,0,33
29,ba,VehicleTurningRoutePedestrian,11333,k1,minus,op_stop,90002050,11,0.999868,0.999919,0.999908,0,0,0,0.251318,0.6944,155,0,33
29,ba,VehicleTurningRoutePedestrian,11333,k1,minus,hold,90002060,11,0.999909,0.999937,0.999935,0,0,0,0.224985,0.480767,129,0,33
29,ba,VehicleTurningRoutePedestrian,11333,k1,minus,brake_hard,90002070,11,0.9991,0.999895,0.999679,0,0,0,0.223262,0.477497,132,0,33
29,ba,VehicleTurningRoutePedestrian,11333,k1,minus,shift_L,90002080,11,0.998613,0.999916,0.999955,0,0,0,0.107204,0.403191,129,0,33
29,ba,VehicleTurningRoutePedestrian,11333,k1,minus,shift_R,90002090,11,0.999136,0.999976,0.99993,0,0,0,0.0397771,0.159253,131,0,33
30,ba,VehicleTurningRoutePedestrian,11333,k2,plus,op_slow,90002110,11,0.999839,0.999906,0.999669,0,0,0,0.254269,0.715598,128,0,33
30,ba,VehicleTurningRoutePedestrian,11333,k2,plus,op_stop,90002120,11,0.99983,0.999852,0.999778,0,0,0,0.272181,1.10051,149,0,33
30,ba,VehicleTurningRoutePedestrian,11333,k2,plus,hold,90002130,11,0.999718,0.999905,0.999841,0,0,0,0.24938,1.033,180,0,33
30,ba,VehicleTurningRoutePedestrian,11333,k2,plus,brake_hard,90002140,11,0.999851,0.999958,0.999786,0,0,0,0.298617,0.995962,106,0,33
30,ba,VehicleTurningRoutePedestrian,11333,k2,plus,shift_L,90002150,11,0.999792,0.999792,0.999756,0,0,0,0.273171,0.991062,148,0,33
30,ba,VehicleTurningRoutePedestrian,11333,k2,plus,shift_R,90002160,11,0.999787,0.999824,0.99988,0,0,0,0.271997,1.03175,151,0,33
31,ba,VehicleTurningRoutePedestrian,11333,k2,minus,op_slow,90002180,11,0.999843,0.999942,0.999891,0,0,0,0.304996,0.925153,61,0,33
31,ba,VehicleTurningRoutePedestrian,11333,k2,minus,op_stop,90002190,11,0.999824,0.999952,0.999867,0,0,0,0.316192,0.986764,163,0,33
31,ba,VehicleTurningRoutePedestrian,11333,k2,minus,hold,90002200,11,0.999976,0.999987,0.999973,0,0,0,0.147474,1.05692,78,0,33
31,ba,VehicleTurningRoutePedestrian,11333,k2,minus,brake_hard,90002210,11,0.999767,0.999938,0.999826,0,0,0,0.249129,0.9936,167,0,33
31,ba,VehicleTurningRoutePedestrian,11333,k2,minus,shift_L,90002220,11,0.999979,0.999979,0.999953,0,0,0,0.186694,0.880684,48,0,33
31,ba,VehicleTurningRoutePedestrian,11333,k2,minus,shift_R,90002230,11,0.999655,0.999894,0.999641,0,0,0,0.28526,0.978161,157,0,33
32,ba,VehicleTurningRoutePedestrian,11381,k1,plus,op_slow,90002250,9,0.999568,0.999568,0.999427,0,0,0,0.224186,0.564149,146,1,27
32,ba,VehicleTurningRoutePedestrian,11381,k1,plus,op_stop,90002260,9,0.997875,0.9985,0.998304,0,0,0,2.42435,5.80014,129,0,27
32,ba,VehicleTurningRoutePedestrian,11381,k1,plus,hold,90002270,9,0.998846,0.999862,0.999587,0,0,0,0.278386,1.90889,147,1,27
32,ba,VehicleTurningRoutePedestrian,11381,k1,plus,brake_hard,90002280,9,0.99882,0.999808,0.999383,0,0,0,0.351977,1.91605,107,1,27
32,ba,VehicleTurningRoutePedestrian,11381,k1,plus,shift_L,90002290,9,0.999256,0.999885,0.999714,0,0,0,0.22731,0.621492,157,0,27
32,ba,VehicleTurningRoutePedestrian,11381,k1,plus,shift_R,90002300,9,0.999267,0.999387,0.999398,0,0,0,2.36919,5.716,154,0,27
33,ba,VehicleTurningRoutePedestrian,11381,k1,minus,op_slow,90002320,9,0.999065,0.99947,0.999069,0,0,0,2.73715,6.32765,129,0,27
33,ba,VehicleTurningRoutePedestrian,11381,k1,minus,op_stop,90002330,9,0.999346,0.99983,0.999949,0,0,0,0.312841,0.958842,156,1,27
33,ba,VehicleTurningRoutePedestrian,11381,k1,minus,hold,90002340,9,0.998898,0.999118,0.998851,0,0,0,0.278956,1.91591,107,1,27
33,ba,VehicleTurningRoutePedestrian,11381,k1,minus,brake_hard,90002350,9,0.999074,0.999787,0.999124,0,0,0,0.308931,0.639817,87,0,27
33,ba,VehicleTurningRoutePedestrian,11381,k1,minus,shift_L,90002360,9,0.999158,0.999821,0.999147,0,0,0,0.244351,0.628387,157,1,27
33,ba,VehicleTurningRoutePedestrian,11381,k1,minus,shift_R,90002370,9,0.998863,0.999038,0.998785,0,0,0,2.29992,5.73219,125,0,27
34,ba,VehicleTurningRoutePedestrian,11381,k2,plus,op_slow,90002390,11,0.999158,0.999654,0.999629,0,0,0,0.92046,5.00542,108,0,33
34,ba,VehicleTurningRoutePedestrian,11381,k2,plus,op_stop,90002400,11,0.999891,0.99998,0.999397,0,0,0,0.273919,4.47692,101,0,33
34,ba,VehicleTurningRoutePedestrian,11381,k2,plus,hold,90002410,11,0.99935,0.999754,0.999807,0,0,0,0.364684,4.18498,101,0,33
34,ba,VehicleTurningRoutePedestrian,11381,k2,plus,brake_hard,90002420,11,0.999467,0.999818,0.999892,0,0,0,0.816727,4.98899,108,0,33
34,ba,VehicleTurningRoutePedestrian,11381,k2,plus,shift_L,90002430,11,0.999863,0.999941,0.999215,0,0,0,0.190962,2.16997,142,0,33
34,ba,VehicleTurningRoutePedestrian,11381,k2,plus,shift_R,90002440,11,0.999459,0.999908,0.999938,0,0,0,0.51342,4.47391,108,0,33
35,ba,VehicleTurningRoutePedestrian,11381,k2,minus,op_slow,90002460,11,0.999116,0.999611,0.998582,0,0,0,0.263091,0.60266,76,0,33
35,ba,VehicleTurningRoutePedestrian,11381,k2,minus,op_stop,90002470,11,0.999102,0.999612,0.999035,0,0,0,0.444906,2.24203,149,0,33
35,ba,VehicleTurningRoutePedestrian,11381,k2,minus,hold,90002480,11,0.999213,0.999714,0.999113,0,0,0,0.414148,2.2383,98,0,33
35,ba,VehicleTurningRoutePedestrian,11381,k2,minus,brake_hard,90002490,11,0.999125,0.999673,0.999016,0,0,0,2.68316,5.78309,129,0,33
35,ba,VehicleTurningRoutePedestrian,11381,k2,minus,shift_L,90002500,11,0.999856,0.999956,0.99896,0,0,0,0.148116,0.319758,155,0,33
35,ba,VehicleTurningRoutePedestrian,11381,k2,minus,shift_R,90002510,11,0.999942,0.999942,0.999011,0,0,0,0.0916582,0.864437,76,0,33
36,ba,PedestrianCrossing,13674,k1,plus,op_slow,90002530,11,0.999316,0.999946,0.999954,0,0,0,0.622114,7.6691,243,0,33
36,ba,PedestrianCrossing,13674,k1,plus,op_stop,90002540,11,0.998026,0.999918,0.99979,0,0,0,1.0043,7.67667,245,0,33
36,ba,PedestrianCrossing,13674,k1,plus,hold,90002550,11,0.999318,0.999973,0.999612,0,0,0,0.521055,7.63256,246,0,33
36,ba,PedestrianCrossing,13674,k1,plus,brake_hard,90002560,11,0.999961,0.999989,0.999615,0,0,0,0.112766,0.507656,136,0,33
36,ba,PedestrianCrossing,13674,k1,plus,shift_L,90002570,11,0.996204,0.999407,0.997934,0,0,0,0.60086,7.45839,244,0,33
36,ba,PedestrianCrossing,13674,k1,plus,shift_R,90002580,11,0.997935,0.99996,0.999767,0,0,0,0.963136,7.89307,245,0,33
37,ba,PedestrianCrossing,13674,k1,minus,op_slow,90002600,11,0.999934,0.999975,0.999616,0,0,0,0.149816,0.500921,192,0,33
37,ba,PedestrianCrossing,13674,k1,minus,op_stop,90002610,11,0.99906,0.999965,0.999702,0,0,0,0.590377,7.83779,245,0,33
37,ba,PedestrianCrossing,13674,k1,minus,hold,90002620,11,0.99959,0.999929,0.999801,0,0,0,0.287353,0.816486,194,0,33
37,ba,PedestrianCrossing,13674,k1,minus,brake_hard,90002630,11,0.999862,0.999957,0.999662,0,0,0,0.252675,0.562322,193,0,33
37,ba,PedestrianCrossing,13674,k1,minus,shift_L,90002640,11,0.998967,0.999923,0.99937,0,0,0,0.620429,7.77447,245,0,33
37,ba,PedestrianCrossing,13674,k1,minus,shift_R,90002650,11,0.999172,0.999911,0.999718,0,0,0,0.588111,7.28261,243,0,33
38,ba,PedestrianCrossing,13674,k2,plus,op_slow,90002670,11,0.999646,0.999893,0.999865,0,0,0,0.189284,0.63659,190,0,33
38,ba,PedestrianCrossing,13674,k2,plus,op_stop,90002680,11,0.999617,0.999863,0.999917,0,0,0,0.934945,5.30602,185,0,33
38,ba,PedestrianCrossing,13674,k2,plus,hold,90002690,11,0.999398,0.999966,0.999627,0,0,0,0.231832,0.802058,181,0,33
38,ba,PedestrianCrossing,13674,k2,plus,brake_hard,90002700,11,0.999972,0.999983,0.999656,0,0,0,0.225846,0.938393,90,0,33
38,ba,PedestrianCrossing,13674,k2,plus,shift_L,90002710,11,0.999659,0.999852,0.999861,0,0,0,0.872881,5.66274,190,0,33
38,ba,PedestrianCrossing,13674,k2,plus,shift_R,90002720,11,0.999472,0.999912,0.999729,0,0,0,0.184453,0.609325,185,0,33
39,ba,PedestrianCrossing,13674,k2,minus,op_slow,90002740,11,0.995,0.998787,0.997697,0,0,0,13.1051,18.2732,236,0,33
39,ba,PedestrianCrossing,13674,k2,minus,op_stop,90002750,11,0.999881,0.99995,0.999549,0,0,0,1.4414,6.71956,207,0,33
39,ba,PedestrianCrossing,13674,k2,minus,hold,90002760,11,0.999789,0.999932,0.99971,0,0,0,1.55213,6.72745,208,0,33
39,ba,PedestrianCrossing,13674,k2,minus,brake_hard,90002770,11,0.99981,0.999948,0.999565,0,0,0,0.815079,6.35669,215,0,33
39,ba,PedestrianCrossing,13674,k2,minus,shift_L,90002780,11,0.999828,0.999945,0.999551,0,0,0,1.4167,6.52742,207,0,33
39,ba,PedestrianCrossing,13674,k2,minus,shift_R,90002790,11,0.999876,0.999922,0.999462,0,0,0,1.21403,6.54228,217,0,33
40,ba,PedestrianCrossing,14194,k1,plus,op_slow,90002810,11,0.999541,0.99997,0.999511,0,0,0,0.732569,1.99417,179,0,33
40,ba,PedestrianCrossing,14194,k1,plus,op_stop,90002820,11,0.999701,0.999971,0.999464,0,0,0,0.768036,2.17329,163,0,33
40,ba,PedestrianCrossing,14194,k1,plus,hold,90002830,11,0.999978,0.999978,0.999507,0,0,0,0.106311,0.228637,124,0,33
40,ba,PedestrianCrossing,14194,k1,plus,brake_hard,90002840,11,0.996728,0.997784,0.996527,0,0,0,4.68866,13.7573,165,0,33
40,ba,PedestrianCrossing,14194,k1,plus,shift_L,90002850,11,0.851897,0.980155,0.981609,0,0,0,27.9971,94.648,255,0,33
40,ba,PedestrianCrossing,14194,k1,plus,shift_R,90002860,11,0.91787,0.979158,0.98365,0,0,0,73.931,103.218,255,0,33
41,ba,PedestrianCrossing,14194,k1,minus,op_slow,90002880,11,0.995106,0.997884,0.997602,0,0,0,6.61738,13.8135,166,0,33
41,ba,PedestrianCrossing,14194,k1,minus,op_stop,90002890,11,0.999737,0.999961,0.999272,0,0,0,0.932865,2.11312,165,0,33
41,ba,PedestrianCrossing,14194,k1,minus,hold,90002900,11,0.999835,0.999981,0.999323,0,0,0,0.865672,1.81103,164,0,33
41,ba,PedestrianCrossing,14194,k1,minus,brake_hard,90002910,11,0.999736,0.999962,0.999264,0,0,0,0.932871,2.11315,165,0,33
41,ba,PedestrianCrossing,14194,k1,minus,shift_L,90002920,11,0.999996,0.999998,0.999329,0,0,0,0.0938242,0.177741,44,0,33
41,ba,PedestrianCrossing,14194,k1,minus,shift_R,90002930,11,0.999997,0.999998,0.999332,0,0,0,0.0945813,0.177741,44,0,33
42,ba,PedestrianCrossing,14194,k2,plus,op_slow,90002950,11,0.999911,0.999981,0.99824,0,0,0,0.661633,1.76287,164,0,33
42,ba,PedestrianCrossing,14194,k2,plus,op_stop,90002960,11,0.999757,0.999973,0.998163,0,0,0,0.761657,2.12995,165,0,33
42,ba,PedestrianCrossing,14194,k2,plus,hold,90002970,11,0.99975,0.999971,0.998197,0,0,0,0.767344,2.16397,165,0,33
42,ba,PedestrianCrossing,14194,k2,plus,brake_hard,90002980,11,0.999754,0.999974,0.99839,0,0,0,0.511817,2.23871,163,0,33
42,ba,PedestrianCrossing,14194,k2,plus,shift_L,90002990,11,0.999757,0.999972,0.998175,0,0,0,0.756005,2.16394,165,0,33
42,ba,PedestrianCrossing,14194,k2,plus,shift_R,90003000,11,0.999743,0.999976,0.998077,0,0,0,0.804025,2.23296,166,0,33
43,ba,PedestrianCrossing,14194,k2,minus,op_slow,90003020,11,0.937678,0.973876,0.995788,0,0,0,47.2382,104.63,255,0,33
43,ba,PedestrianCrossing,14194,k2,minus,op_stop,90003030,11,0.937618,0.972325,0.998344,0,0,0,40.6464,98.8138,255,0,33
43,ba,PedestrianCrossing,14194,k2,minus,hold,90003040,11,0.937638,0.97232,0.998333,0,0,0,41.1547,98.8229,255,0,33
43,ba,PedestrianCrossing,14194,k2,minus,brake_hard,90003050,11,0.937608,0.972311,0.998295,0,0,0,41.1963,98.8812,255,0,33
43,ba,PedestrianCrossing,14194,k2,minus,shift_L,90003060,11,0.937252,0.973778,0.995779,0,0,0,47.0041,104.547,255,0,33
43,ba,PedestrianCrossing,14194,k2,minus,shift_R,90003070,11,0.937755,0.972261,0.998369,0,0,0,40.6388,98.827,255,2,33
44,ba,PedestrianCrossing,14194,k3,plus,op_slow,90003090,11,0.952258,0.969788,0.940466,0,0,0,26.6272,39.8085,255,0,33
44,ba,PedestrianCrossing,14194,k3,plus,op_stop,90003100,11,0.99046,0.995438,0.994182,0,0,0,8.65823,12.9977,179,0,33
44,ba,PedestrianCrossing,14194,k3,plus,hold,90003110,11,0.990307,0.995123,0.994052,0,0,0,8.65896,12.9931,179,0,33
44,ba,PedestrianCrossing,14194,k3,plus,brake_hard,90003120,11,0.989912,0.993044,0.993982,0,0,0,8.6692,12.9994,179,0,33
44,ba,PedestrianCrossing,14194,k3,plus,shift_L,90003130,11,0.98909,0.98909,0.998344,0,0,0,8.74922,12.9875,189,0,33
44,ba,PedestrianCrossing,14194,k3,plus,shift_R,90003140,11,0.9881,0.9881,0.999003,0,0,0,8.7771,13.1084,189,0,33
45,ba,PedestrianCrossing,14194,k3,minus,op_slow,90003160,11,0.99184,0.996069,0.993909,0,0,0,0.481297,1.30166,143,0,33
45,ba,PedestrianCrossing,14194,k3,minus,op_stop,90003170,11,0.991839,0.995827,0.993736,0,0,0,1.5828,10.4729,150,0,33
45,ba,PedestrianCrossing,14194,k3,minus,hold,90003180,11,0.99004,0.995339,0.992669,0,0,0,0.422868,1.31228,143,0,33
45,ba,PedestrianCrossing,14194,k3,minus,brake_hard,90003190,11,0.89934,0.962592,0.895597,0,0,0,50.4979,66.973,255,0,33
45,ba,PedestrianCrossing,14194,k3,minus,shift_L,90003200,11,0.998165,0.998165,0.9938,0,0,0,0.350753,0.921779,99,0,33
45,ba,PedestrianCrossing,14194,k3,minus,shift_R,90003210,11,0.999226,0.999347,0.993712,0,0,0,0.308594,0.937391,99,0,33
46,ba,PedestrianCrossing,14382,k1,plus,op_slow,90003230,10,0.997069,0.999872,0.999148,0,0,0,1.09005,1.39986,133,0,30
46,ba,PedestrianCrossing,14382,k1,plus,op_stop,90003240,10,0.999724,0.999945,0.999235,0,0,0,1.11807,1.5334,136,0,30
46,ba,PedestrianCrossing,14382,k1,plus,hold,90003250,10,0.998534,0.998534,0.9998,0,0,0,1.43669,1.83796,132,0,30
46,ba,PedestrianCrossing,14382,k1,plus,brake_hard,90003260,10,0.214699,0.516886,0.347307,0,0,0,53.3413,65.5158,255,0,30
46,ba,PedestrianCrossing,14382,k1,plus,shift_L,90003270,10,0.998593,0.999103,0.9998,0,0,0,1.3198,1.57061,125,0,30
46,ba,PedestrianCrossing,14382,k1,plus,shift_R,90003280,10,0.998682,0.998682,0.999672,0,0,0,1.49799,1.88463,133,0,30
47,ba,PedestrianCrossing,14382,k1,minus,op_slow,90003300,10,0.99981,0.99981,0.998851,0,0,0,1.14413,1.77453,141,0,30
47,ba,PedestrianCrossing,14382,k1,minus,op_stop,90003310,10,0.999839,0.999893,0.99904,0,0,0,0.95509,1.67797,138,0,30
47,ba,PedestrianCrossing,14382,k1,minus,hold,90003320,10,0.999712,0.99985,0.999108,0,0,0,0.91472,1.58516,136,0,30
47,ba,PedestrianCrossing,14382,k1,minus,brake_hard,90003330,10,0.899007,0.96252,0.967925,0,0,0,45.631,70.6487,255,0,30
47,ba,PedestrianCrossing,14382,k1,minus,shift_L,90003340,10,0.905203,0.980925,0.982032,0,0,0,40.7968,47.6229,255,0,30
47,ba,PedestrianCrossing,14382,k1,minus,shift_R,90003350,10,0.999884,0.999924,0.999208,0,0,0,0.892632,1.6096,136,0,30
48,ba,PedestrianCrossing,14382,k2,plus,op_slow,90003370,11,0.9505,0.9505,0.997393,0,0,0,44.847,61.7141,255,0,33
48,ba,PedestrianCrossing,14382,k2,plus,op_stop,90003380,11,0.951783,0.951783,0.996116,0,0,0,44.8105,61.6287,255,0,33
48,ba,PedestrianCrossing,14382,k2,plus,hold,90003390,11,0.954859,0.954859,0.998234,0,0,0,44.8213,61.6859,255,0,33
48,ba,PedestrianCrossing,14382,k2,plus,brake_hard,90003400,11,0.94979,0.94979,0.997015,0,0,0,44.8372,61.7068,255,0,33
48,ba,PedestrianCrossing,14382,k2,plus,shift_L,90003410,11,0.953718,0.953718,0.9973,0,0,0,44.743,61.6509,255,0,33
48,ba,PedestrianCrossing,14382,k2,plus,shift_R,90003420,11,0.952849,0.952849,0.997177,0,0,0,44.7984,61.6673,255,0,33
49,ba,PedestrianCrossing,14382,k2,minus,op_slow,90003440,11,0.994855,0.998121,0.998225,0,0,0,3.29484,7.3947,152,0,33
49,ba,PedestrianCrossing,14382,k2,minus,op_stop,90003450,11,0.993936,0.998892,0.998343,0,0,0,3.5589,7.28077,135,0,33
49,ba,PedestrianCrossing,14382,k2,minus,hold,90003460,11,0.994606,0.998422,0.998434,0,0,0,3.4738,6.5347,140,0,33
49,ba,PedestrianCrossing,14382,k2,minus,brake_hard,90003470,11,0.994926,0.998359,0.998558,0,0,0,3.37982,7.54887,137,0,33
49,ba,PedestrianCrossing,14382,k2,minus,shift_L,90003480,11,0.995365,0.998273,0.998701,0,0,0,3.25327,7.41086,134,0,33
49,ba,PedestrianCrossing,14382,k2,minus,shift_R,90003490,11,0.995672,0.998333,0.998517,0,0,0,3.26159,7.43137,115,0,33
50,ba,PedestrianCrossing,14382,k3,plus,op_slow,90003510,11,0.910344,0.973798,0.903306,0,0,0,56.0106,84.676,248,0,33
50,ba,PedestrianCrossing,14382,k3,plus,op_stop,90003520,11,0.989303,0.995112,0.991308,0,0,0,1.0079,1.91005,115,0,33
50,ba,PedestrianCrossing,14382,k3,plus,hold,90003530,11,0.991311,0.995644,0.99133,0,0,0,1.0105,1.891,118,0,33
50,ba,PedestrianCrossing,14382,k3,plus,brake_hard,90003540,11,0.997676,0.999555,0.995104,0,0,0,0.834631,1.1183,119,0,33
50,ba,PedestrianCrossing,14382,k3,plus,shift_L,90003550,11,0.991194,0.995342,0.991787,0,0,0,1.08148,1.92806,207,0,33
50,ba,PedestrianCrossing,14382,k3,plus,shift_R,90003560,11,0.997613,0.999401,0.996644,0,0,0,0.857562,1.11938,116,0,33
51,ba,PedestrianCrossing,14382,k3,minus,op_slow,90003580,11,0.994387,0.994757,0.99127,0,0,0,1.14198,2.05853,208,0,33
51,ba,PedestrianCrossing,14382,k3,minus,op_stop,90003590,11,0.99334,0.9969,0.990175,0,0,0,1.33139,2.59944,210,0,33
51,ba,PedestrianCrossing,14382,k3,minus,hold,90003600,11,0.99884,0.99884,0.995635,0,0,0,0.839608,0.931305,96,0,33
51,ba,PedestrianCrossing,14382,k3,minus,brake_hard,90003610,11,0.998167,0.998167,0.99814,0,0,0,0.897804,1.08493,112,0,33
51,ba,PedestrianCrossing,14382,k3,minus,shift_L,90003620,11,0.992585,0.996823,0.991071,0,0,0,1.48849,2.45306,208,0,33
51,ba,PedestrianCrossing,14382,k3,minus,shift_R,90003630,11,0.997623,0.997623,0.998046,0,0,0,1.16558,2.23555,132,0,33
52,ba,ParkingCutIn,1711,k3,plus,op_slow,90003650,11,0.997897,0.998302,0.998036,0.0202975,,0.0146038,1.13508,1.75296,222,0,33
52,ba,ParkingCutIn,1711,k3,plus,op_stop,90003660,11,0.997719,0.998552,0.997316,0.0202975,,0.0146038,1.13984,1.68816,225,0,33
52,ba,ParkingCutIn,1711,k3,plus,hold,90003670,11,0.997786,0.998202,0.998309,0.0209244,,0.0127766,1.13095,1.71276,217,0,33
52,ba,ParkingCutIn,1711,k3,plus,brake_hard,90003680,11,0.996658,0.998771,0.997992,0.0202975,,0.0146038,1.12475,1.79226,225,0,33
52,ba,ParkingCutIn,1711,k3,plus,shift_L,90003690,11,0.998383,0.998768,0.995814,0,,0,1.02573,1.25446,114,0,33
52,ba,ParkingCutIn,1711,k3,plus,shift_R,90003700,11,0.997949,0.998887,0.998888,0.0209244,,0.0127766,1.14116,1.62711,217,0,33
53,ba,ParkingCutIn,1711,k3,minus,op_slow,90003720,11,0.999109,0.999427,0.999022,0,,0,1.01698,1.2035,104,0,33
53,ba,ParkingCutIn,1711,k3,minus,op_stop,90003730,11,0.999392,0.999497,0.999055,0,,0,1.01994,1.20651,100,0,33
53,ba,ParkingCutIn,1711,k3,minus,hold,90003740,11,0.99798,0.999115,0.998,0,,0,9.75052,24.5028,212,0,33
53,ba,ParkingCutIn,1711,k3,minus,brake_hard,90003750,11,0.99933,0.999615,0.998764,0,,0,1.01679,1.29676,108,0,33
53,ba,ParkingCutIn,1711,k3,minus,shift_L,90003760,11,0.999258,0.999642,0.999225,0,,0,1.01807,1.2823,120,0,33
53,ba,ParkingCutIn,1711,k3,minus,shift_R,90003770,11,0.998857,0.998857,0.998408,0,,0,1.00462,1.16612,106,0,33
54,ba,DynamicObjectCrossing,17749,k1,plus,op_slow,90003790,11,0.836342,0.97858,0.836894,0,0,0,116.055,156.932,255,0,33
54,ba,DynamicObjectCrossing,17749,k1,plus,op_stop,90003800,11,0.999973,0.999979,0.999782,0,0,0,0.230298,0.418081,58,0,33
54,ba,DynamicObjectCrossing,17749,k1,plus,hold,90003810,11,0.999672,0.999731,0.99963,0,0,0,0.201684,0.379198,58,0,33
54,ba,DynamicObjectCrossing,17749,k1,plus,brake_hard,90003820,11,0.999849,0.999922,0.999809,0,0,0,0.100993,0.305148,58,0,33
54,ba,DynamicObjectCrossing,17749,k1,plus,shift_L,90003830,11,0.999982,0.999989,0.999796,0,0,0,0.0464888,0.295137,58,0,33
54,ba,DynamicObjectCrossing,17749,k1,plus,shift_R,90003840,11,0.999971,0.999978,0.999781,0,0,0,0.226271,0.418055,58,0,33
55,ba,DynamicObjectCrossing,17749,k1,minus,op_slow,90003860,11,0.999987,0.999995,0.999204,0,0,0,0.108906,0.302765,51,4,33
55,ba,DynamicObjectCrossing,17749,k1,minus,op_stop,90003870,11,0.999721,0.999803,0.999353,0,0,0,0.232244,0.381762,53,0,33
55,ba,DynamicObjectCrossing,17749,k1,minus,hold,90003880,11,0.999959,0.999989,0.999274,0,0,0,0.195924,0.380311,51,0,33
55,ba,DynamicObjectCrossing,17749,k1,minus,brake_hard,90003890,11,0.999805,0.999906,0.999447,0,0,0,0.287632,1.24224,42,0,33
55,ba,DynamicObjectCrossing,17749,k1,minus,shift_L,90003900,11,0.999714,0.999784,0.999353,0,0,0,0.267445,0.40841,50,0,33
55,ba,DynamicObjectCrossing,17749,k1,minus,shift_R,90003910,11,0.997692,0.999051,0.998484,0,0,0,0.562182,1.03876,97,0,33
56,ba,DynamicObjectCrossing,17749,k2,plus,op_slow,90003930,11,0.999792,0.999792,0.999396,0,0,0,0.0857584,0.735744,77,5,33
56,ba,DynamicObjectCrossing,17749,k2,plus,op_stop,90003940,11,0.998934,0.998934,0.999711,0,0,0,0.411713,1.06901,84,0,33
56,ba,DynamicObjectCrossing,17749,k2,plus,hold,90003950,11,0.998683,0.998683,0.999503,0,0,0,0.429239,1.14022,84,0,33
56,ba,DynamicObjectCrossing,17749,k2,plus,brake_hard,90003960,11,0.870454,0.980342,0.968396,0,0,0,95.5853,147.836,255,0,33
56,ba,DynamicObjectCrossing,17749,k2,plus,shift_L,90003970,11,0.997752,0.998749,0.998762,0,0,0,12.1683,15.9051,185,0,33
56,ba,DynamicObjectCrossing,17749,k2,plus,shift_R,90003980,11,0.999996,0.999996,0.999281,0,0,0,0.0138724,0.0823544,52,5,33
57,ba,DynamicObjectCrossing,17749,k2,minus,op_slow,90004000,11,0.999852,0.999939,0.999121,0,0,0,0.086651,0.290357,64,0,33
57,ba,DynamicObjectCrossing,17749,k2,minus,op_stop,90004010,11,0.999691,0.999691,0.999552,0,0,0,0.100368,0.680135,73,0,33
57,ba,DynamicObjectCrossing,17749,k2,minus,hold,90004020,11,0.999752,0.999752,0.999446,0,0,0,0.19482,0.734341,69,0,33
57,ba,DynamicObjectCrossing,17749,k2,minus,brake_hard,90004030,11,0.999846,0.999854,0.998993,0,0,0,0.0820118,0.305682,24,0,33
57,ba,DynamicObjectCrossing,17749,k2,minus,shift_L,90004040,11,0.863482,0.978597,0.965029,0,0,0,69.099,80.0677,255,0,33
57,ba,DynamicObjectCrossing,17749,k2,minus,shift_R,90004050,11,0.999594,0.999594,0.998734,0,0,0,0.300543,0.713654,78,0,33
58,ba,DynamicObjectCrossing,17749,k3,plus,op_slow,90004070,11,0.997974,0.999806,0.999841,0,0,0,0.729415,3.93375,157,0,33
58,ba,DynamicObjectCrossing,17749,k3,plus,op_stop,90004080,11,0.998286,0.999846,0.999767,0,0,0,0.20891,0.971843,84,0,33
58,ba,DynamicObjectCrossing,17749,k3,plus,hold,90004090,11,0.999777,0.999947,0.998646,0,0,0,0.147148,0.475503,40,0,33
58,ba,DynamicObjectCrossing,17749,k3,plus,brake_hard,90004100,11,0.998471,0.999889,0.999607,0,0,0,0.181442,0.811093,82,0,33
58,ba,DynamicObjectCrossing,17749,k3,plus,shift_L,90004110,11,0.998256,0.999808,0.999785,0,0,0,0.774568,4.53829,157,0,33
58,ba,DynamicObjectCrossing,17749,k3,plus,shift_R,90004120,11,0.998535,0.999835,0.999597,0,0,0,0.224111,0.893971,88,0,33
59,ba,DynamicObjectCrossing,17749,k3,minus,op_slow,90004140,11,0.997974,0.998996,0.997856,0,0,0,13.8403,18.4745,186,0,33
59,ba,DynamicObjectCrossing,17749,k3,minus,op_stop,90004150,11,0.999299,0.999896,0.999283,0,0,0,0.779165,4.50678,157,0,33
59,ba,DynamicObjectCrossing,17749,k3,minus,hold,90004160,11,0.999865,0.999932,0.999671,0,0,0,0.652052,4.50476,157,0,33
59,ba,DynamicObjectCrossing,17749,k3,minus,brake_hard,90004170,11,0.999839,0.999944,0.99969,0,0,0,0.671617,4.5039,157,0,33
59,ba,DynamicObjectCrossing,17749,k3,minus,shift_L,90004180,11,0.997586,0.99931,0.997635,0,0,0,14.3036,18.8204,185,0,33
59,ba,DynamicObjectCrossing,17749,k3,minus,shift_R,90004190,11,0.999828,0.999975,0.99964,0,0,0,0.243841,0.739154,124,0,33
60,ba,DynamicObjectCrossing,17752,k1,plus,op_slow,90004210,11,0.999987,0.999988,0.999989,0,0,0,0.171641,0.367218,119,0,33
60,ba,DynamicObjectCrossing,17752,k1,plus,op_stop,90004220,11,0.999975,0.999988,0.999972,0,0,0,0.140924,0.289146,119,0,33
60,ba,DynamicObjectCrossing,17752,k1,plus,hold,90004230,11,0.999986,0.999991,0.999973,0,0,0,0.137615,0.249392,119,0,33
60,ba,DynamicObjectCrossing,17752,k1,plus,brake_hard,90004240,11,0.999978,0.999991,0.999975,0,0,0,0.152109,0.794306,119,0,33
60,ba,DynamicObjectCrossing,17752,k1,plus,shift_L,90004250,11,0.99998,0.99999,0.999973,0,0,0,0.0498407,0.162564,119,3,33
60,ba,DynamicObjectCrossing,17752,k1,plus,shift_R,90004260,11,0.999975,0.999988,0.999978,0,0,0,0.203182,0.829441,56,0,33
61,ba,DynamicObjectCrossing,17752,k1,minus,op_slow,90004280,11,0.999986,0.999987,0.999978,0,0,0,0.124383,0.292691,73,0,33
61,ba,DynamicObjectCrossing,17752,k1,minus,op_stop,90004290,11,0.999985,0.999985,0.999977,0,0,0,0.175214,0.328439,122,0,33
61,ba,DynamicObjectCrossing,17752,k1,minus,hold,90004300,11,0.999981,0.999983,0.999975,0,0,0,0.231002,0.818149,76,0,33
61,ba,DynamicObjectCrossing,17752,k1,minus,brake_hard,90004310,11,0.999981,0.99999,0.999981,0,0,0,0.129936,0.25107,54,0,33
61,ba,DynamicObjectCrossing,17752,k1,minus,shift_L,90004320,11,0.999971,0.999971,0.999966,0,0,0,0.141318,0.218787,57,0,33
61,ba,DynamicObjectCrossing,17752,k1,minus,shift_R,90004330,11,0.99998,0.999982,0.999981,0,0,0,0.163735,0.301594,119,0,33
62,ba,DynamicObjectCrossing,17752,k2,plus,op_slow,90004350,11,0.999972,0.999972,0.999974,0,0,0,0.139813,0.285468,153,0,33
62,ba,DynamicObjectCrossing,17752,k2,plus,op_stop,90004360,11,0.999969,0.999971,0.999978,0,0,0,0.133517,0.225076,153,0,33
62,ba,DynamicObjectCrossing,17752,k2,plus,hold,90004370,11,0.999974,0.999977,0.99998,0,0,0,0.45737,2.63637,186,0,33
62,ba,DynamicObjectCrossing,17752,k2,plus,brake_hard,90004380,11,0.999974,0.999976,0.999984,0,0,0,0.134149,0.259756,153,0,33
62,ba,DynamicObjectCrossing,17752,k2,plus,shift_L,90004390,11,0.999978,0.99998,0.999978,0,0,0,0.0767228,0.174783,153,0,33
62,ba,DynamicObjectCrossing,17752,k2,plus,shift_R,90004400,11,0.999968,0.999968,0.999969,0,0,0,0.127037,0.177772,153,0,33
63,ba,DynamicObjectCrossing,17752,k2,minus,op_slow,90004420,11,0.99998,0.999983,0.999973,0,0,0,0.138028,0.238933,180,0,33
63,ba,DynamicObjectCrossing,17752,k2,minus,op_stop,90004430,11,0.999956,0.999984,0.999974,0,0,0,0.0914662,0.263302,180,0,33
63,ba,DynamicObjectCrossing,17752,k2,minus,hold,90004440,11,0.999977,0.999982,0.999977,0,0,0,0.151677,0.310104,180,0,33
63,ba,DynamicObjectCrossing,17752,k2,minus,brake_hard,90004450,11,0.999948,0.999948,0.999967,0,0,0,0.613266,4.29777,195,0,33
63,ba,DynamicObjectCrossing,17752,k2,minus,shift_L,90004460,11,0.999975,0.999979,0.999973,0,0,0,0.100992,0.259471,180,0,33
63,ba,DynamicObjectCrossing,17752,k2,minus,shift_R,90004470,11,0.99998,0.999988,0.999981,0,0,0,0.150771,0.263389,180,0,33
64,ba,DynamicObjectCrossing,17752,k3,plus,op_slow,90004490,11,0.999965,0.999965,0.999967,0,0,0,0.0723654,0.179923,168,0,33
64,ba,DynamicObjectCrossing,17752,k3,plus,op_stop,90004500,11,0.999992,0.999996,0.99998,0,0,0,0.0498456,0.224678,83,0,33
64,ba,DynamicObjectCrossing,17752,k3,plus,hold,90004510,11,0.999979,0.999979,0.999985,0,0,0,0.141823,0.291638,171,0,33
64,ba,DynamicObjectCrossing,17752,k3,plus,brake_hard,90004520,11,0.999905,0.999947,0.999942,0,0,0,0.675683,4.12664,183,0,33
64,ba,DynamicObjectCrossing,17752,k3,plus,shift_L,90004530,11,0.999983,0.999998,0.999973,0,0,0,0.0508526,0.173859,59,0,33
64,ba,DynamicObjectCrossing,17752,k3,plus,shift_R,90004540,11,0.999979,0.99999,0.999981,0,0,0,0.134347,0.27167,108,0,33
65,ba,DynamicObjectCrossing,17752,k3,minus,op_slow,90004560,11,0.999976,0.99999,0.999976,0,0,0,0.578198,4.09898,194,0,33
65,ba,DynamicObjectCrossing,17752,k3,minus,op_stop,90004570,11,0.999973,0.999973,0.999976,0,0,0,0.139344,0.272352,171,0,33
65,ba,DynamicObjectCrossing,17752,k3,minus,hold,90004580,11,0.999989,0.999989,0.999974,0,0,0,0.137975,0.279201,84,0,33
65,ba,DynamicObjectCrossing,17752,k3,minus,brake_hard,90004590,11,0.99999,0.999993,0.999979,0,0,0,0.0440653,0.143474,81,1,33
65,ba,DynamicObjectCrossing,17752,k3,minus,shift_L,90004600,11,0.999979,0.999987,0.999978,0,0,0,0.114237,0.207762,60,0,33
65,ba,DynamicObjectCrossing,17752,k3,minus,shift_R,90004610,11,0.99997,0.999991,0.999978,0,0,0,0.0660336,0.23995,84,0,33
66,ba,DynamicObjectCrossing,17853,k1,plus,op_slow,90004630,11,0.998785,0.999102,0.998366,0,0,0,2.51414,3.98577,107,0,33
66,ba,DynamicObjectCrossing,17853,k1,plus,op_stop,90004640,11,0.999122,0.99924,0.996245,0,0,0,1.0235,1.72863,99,0,33
66,ba,DynamicObjectCrossing,17853,k1,plus,hold,90004650,11,0.999426,0.999426,0.997587,0,0,0,1.06079,4.0595,101,0,33
66,ba,DynamicObjectCrossing,17853,k1,plus,brake_hard,90004660,11,0.998953,0.998953,0.998161,0,0,0,1.32417,1.69192,95,0,33
66,ba,DynamicObjectCrossing,17853,k1,plus,shift_L,90004670,11,0.999395,0.999402,0.997917,0,0,0,0.974249,2.85001,95,0,33
66,ba,DynamicObjectCrossing,17853,k1,plus,shift_R,90004680,11,0.99889,0.999336,0.997543,0,0,0,3.46225,5.57545,150,0,33
67,ba,DynamicObjectCrossing,17853,k1,minus,op_slow,90004700,11,0.997705,0.999232,0.998663,0,0,0,3.75213,6.0685,150,0,33
67,ba,DynamicObjectCrossing,17853,k1,minus,op_stop,90004710,11,0.998452,0.999566,0.99848,0,0,0,0.971251,1.2084,91,0,33
67,ba,DynamicObjectCrossing,17853,k1,minus,hold,90004720,11,0.99944,0.999524,0.997955,0,0,0,3.41622,5.70595,151,0,33
67,ba,DynamicObjectCrossing,17853,k1,minus,brake_hard,90004730,11,0.999333,0.999664,0.997414,0,0,0,0.973403,1.16482,112,0,33
67,ba,DynamicObjectCrossing,17853,k1,minus,shift_L,90004740,11,0.997642,0.997642,0.997247,0,0,0,1.40679,1.81732,99,0,33
67,ba,DynamicObjectCrossing,17853,k1,minus,shift_R,90004750,11,0.999133,0.999133,0.997243,0,0,0,2.06041,3.12953,133,0,33
68,ba,DynamicObjectCrossing,17853,k2,plus,op_slow,90004770,11,0.998047,0.998047,0.99917,0,0,0,1.37391,1.82771,121,0,33
68,ba,DynamicObjectCrossing,17853,k2,plus,op_stop,90004780,11,0.99772,0.99772,0.998734,0,0,0,3.27269,5.92773,149,0,33
68,ba,DynamicObjectCrossing,17853,k2,plus,hold,90004790,11,0.997627,0.997627,0.998589,0,0,0,2.31913,3.81194,119,0,33
68,ba,DynamicObjectCrossing,17853,k2,plus,brake_hard,90004800,11,0.997513,0.997513,0.997781,0,0,0,1.88301,2.56627,121,0,33
68,ba,DynamicObjectCrossing,17853,k2,plus,shift_L,90004810,11,0.998846,0.999628,0.997568,0,0,0,0.927973,1.1243,119,0,33
68,ba,DynamicObjectCrossing,17853,k2,plus,shift_R,90004820,11,0.997461,0.997461,0.99722,0,0,0,3.37394,5.95675,149,0,33
69,ba,DynamicObjectCrossing,17853,k2,minus,op_slow,90004840,11,0.999221,0.999545,0.998823,0,0,0,1.14417,3.32454,138,0,33
69,ba,DynamicObjectCrossing,17853,k2,minus,op_stop,90004850,11,0.998548,0.999372,0.99903,0,0,0,2.81513,5.70693,150,0,33
69,ba,DynamicObjectCrossing,17853,k2,minus,hold,90004860,11,0.998685,0.99957,0.998456,0,0,0,2.036,3.87068,108,0,33
69,ba,DynamicObjectCrossing,17853,k2,minus,brake_hard,90004870,11,0.998798,0.999504,0.999196,0,0,0,1.14562,2.67625,110,0,33
69,ba,DynamicObjectCrossing,17853,k2,minus,shift_L,90004880,11,0.9986,0.999654,0.997887,0,0,0,1.47862,4.3382,106,0,33
69,ba,DynamicObjectCrossing,17853,k2,minus,shift_R,90004890,11,0.998815,0.999487,0.998528,0,0,0,1.99567,4.74019,148,0,33
70,ba,DynamicObjectCrossing,17892,k1,plus,op_slow,90004910,11,0.998553,0.999571,0.992268,0,0,0,2.46033,4.84729,122,0,33
70,ba,DynamicObjectCrossing,17892,k1,plus,op_stop,90004920,11,0.999316,0.999626,0.992455,0,0,0,2.20618,4.84758,123,0,33
70,ba,DynamicObjectCrossing,17892,k1,plus,hold,90004930,11,0.999145,0.999571,0.991915,0,0,0,1.16519,1.45868,118,0,33
70,ba,DynamicObjectCrossing,17892,k1,plus,brake_hard,90004940,11,0.999062,0.999559,0.992302,0,0,0,1.5503,4.06572,125,0,33
70,ba,DynamicObjectCrossing,17892,k1,plus,shift_L,90004950,11,0.998537,0.999519,0.991989,0,0,0,2.39155,4.86131,138,0,33
70,ba,DynamicObjectCrossing,17892,k1,plus,shift_R,90004960,11,0.990904,0.998274,0.992864,0,0,0,2.73715,4.85637,140,0,33
71,ba,DynamicObjectCrossing,17892,k1,minus,op_slow,90004980,11,0.990777,0.996756,0.99919,0,0,0,2.41376,4.65585,140,0,33
71,ba,DynamicObjectCrossing,17892,k1,minus,op_stop,90004990,11,0.990883,0.998108,0.995239,0,0,0,1.97006,4.54695,140,0,33
71,ba,DynamicObjectCrossing,17892,k1,minus,hold,90005000,11,0.988822,0.997857,0.999039,0,0,0,2.57527,4.76644,142,0,33
71,ba,DynamicObjectCrossing,17892,k1,minus,brake_hard,90005010,11,0.988336,0.996983,0.998733,0,0,0,2.35795,4.56001,142,0,33
71,ba,DynamicObjectCrossing,17892,k1,minus,shift_L,90005020,11,0.991268,0.998021,0.999305,0,0,0,1.91306,3.44785,143,0,33
71,ba,DynamicObjectCrossing,17892,k1,minus,shift_R,90005030,11,0.990158,0.998008,0.999203,0,0,0,2.07346,4.63752,139,0,33
72,ba,DynamicObjectCrossing,17892,k2,plus,op_slow,90005050,11,0.999177,0.999773,0.9956,0,0,0,1.22888,2.34192,119,0,33
72,ba,DynamicObjectCrossing,17892,k2,plus,op_stop,90005060,11,0.999103,0.999577,0.995779,0,0,0,1.14513,1.47713,74,0,33
72,ba,DynamicObjectCrossing,17892,k2,plus,hold,90005070,11,0.990988,0.999744,0.992473,0,0,0,3.00026,8.58394,151,0,33
72,ba,DynamicObjectCrossing,17892,k2,plus,brake_hard,90005080,11,0.999204,0.999771,0.995224,0,0,0,2.33518,4.32209,115,0,33
72,ba,DynamicObjectCrossing,17892,k2,plus,shift_L,90005090,11,0.999507,0.999731,0.995428,0,0,0,1.27574,3.18762,140,0,33
72,ba,DynamicObjectCrossing,17892,k2,plus,shift_R,90005100,11,0.999202,0.999691,0.99597,0,0,0,1.21844,2.82349,117,0,33
73,ba,DynamicObjectCrossing,17892,k2,minus,op_slow,90005120,11,0.999277,0.999757,0.998842,0,0,0,2.54459,6.34413,143,0,33
73,ba,DynamicObjectCrossing,17892,k2,minus,op_stop,90005130,11,0.998811,0.999714,0.999264,0,0,0,1.68507,5.81189,144,0,33
73,ba,DynamicObjectCrossing,17892,k2,minus,hold,90005140,11,0.999152,0.999777,0.9991,0,0,0,1.48752,4.59934,131,0,33
73,ba,DynamicObjectCrossing,17892,k2,minus,brake_hard,90005150,11,0.999305,0.999743,0.999193,0,0,0,1.41237,4.63025,124,0,33
73,ba,DynamicObjectCrossing,17892,k2,minus,shift_L,90005160,11,0.998115,0.999722,0.998735,0,0,0,2.39205,6.35284,144,0,33
73,ba,DynamicObjectCrossing,17892,k2,minus,shift_R,90005170,11,0.999452,0.999745,0.999336,0,0,0,1.25869,3.40499,63,0,33
74,ba,DynamicObjectCrossing,17892,k3,plus,op_slow,90005190,11,0.999294,0.999705,0.999125,0,0,0,2.30456,4.34753,113,0,33
74,ba,DynamicObjectCrossing,17892,k3,plus,op_stop,90005200,11,0.99953,0.999704,0.998736,0,0,0,2.29097,4.57276,150,0,33
74,ba,DynamicObjectCrossing,17892,k3,plus,hold,90005210,11,0.999224,0.999473,0.998363,0,0,0,3.15046,4.35709,147,0,33
74,ba,DynamicObjectCrossing,17892,k3,plus,brake_hard,90005220,11,0.999519,0.999791,0.998918,0,0,0,1.45816,5.5919,149,0,33
74,ba,DynamicObjectCrossing,17892,k3,plus,shift_L,90005230,11,0.999567,0.999644,0.999074,0,0,0,3.032,8.83176,159,0,33
74,ba,DynamicObjectCrossing,17892,k3,plus,shift_R,90005240,11,0.999425,0.999744,0.998385,0,0,0,2.20417,4.36247,113,0,33
75,ba,DynamicObjectCrossing,17892,k3,minus,op_slow,90005260,11,0.999266,0.999607,0.999187,0,0,0,2.37088,6.40632,143,0,33
75,ba,DynamicObjectCrossing,17892,k3,minus,op_stop,90005270,11,0.999162,0.999624,0.999073,0,0,0,1.36772,3.42728,153,0,33
75,ba,DynamicObjectCrossing,17892,k3,minus,hold,90005280,11,0.999067,0.999581,0.999017,0,0,0,1.35067,3.67733,64,0,33
75,ba,DynamicObjectCrossing,17892,k3,minus,brake_hard,90005290,11,0.99931,0.999801,0.99904,0,0,0,1.33642,3.20582,139,0,33
75,ba,DynamicObjectCrossing,17892,k3,minus,shift_L,90005300,11,0.999234,0.999685,0.999294,0,0,0,2.31523,6.40951,142,0,33
75,ba,DynamicObjectCrossing,17892,k3,minus,shift_R,90005310,11,0.999411,0.999697,0.999251,0,0,0,1.36303,3.62755,111,0,33
76,ba,DynamicObjectCrossing,17921,k1,plus,op_slow,90005330,11,0.99989,0.99999,0.99994,0,0,0,1.49768,6.24216,110,0,33
76,ba,DynamicObjectCrossing,17921,k1,plus,op_stop,90005340,11,0.999896,0.999997,0.999974,0,0,0,0.372779,4.34322,70,0,33
76,ba,DynamicObjectCrossing,17921,k1,plus,hold,90005350,11,0.999888,0.999981,0.999932,0,0,0,1.61455,6.2421,110,0,33
76,ba,DynamicObjectCrossing,17921,k1,plus,brake_hard,90005360,11,0.999878,0.999994,0.999942,0,0,0,1.29098,6.24336,110,0,33
76,ba,DynamicObjectCrossing,17921,k1,plus,shift_L,90005370,11,0.999793,0.999985,0.999876,0,0,0,1.59195,6.24319,110,0,33
76,ba,DynamicObjectCrossing,17921,k1,plus,shift_R,90005380,11,0.999896,0.999989,0.999938,0,0,0,1.71791,6.24283,110,0,33
77,ba,DynamicObjectCrossing,17921,k1,minus,op_slow,90005400,11,0.999912,0.99998,0.99999,0,0,0,2.52562,6.24759,110,0,33
77,ba,DynamicObjectCrossing,17921,k1,minus,op_stop,90005410,11,0.999882,0.999988,0.999992,0,0,0,2.58455,6.24742,110,0,33
77,ba,DynamicObjectCrossing,17921,k1,minus,hold,90005420,11,0.99998,0.999987,0.999887,0,0,0,0.530825,4.2252,83,0,33
77,ba,DynamicObjectCrossing,17921,k1,minus,brake_hard,90005430,11,0.999905,0.999985,0.999995,0.000244141,0.000244141,0.000244141,2.39017,5.97925,110,0,33
77,ba,DynamicObjectCrossing,17921,k1,minus,shift_L,90005440,11,0.999873,0.999986,0.999967,0,0,0,2.3041,6.24442,110,0,33
77,ba,DynamicObjectCrossing,17921,k1,minus,shift_R,90005450,11,0.999971,0.99999,0.999887,0,0,0,0.279526,2.91794,83,0,33
78,ba,DynamicObjectCrossing,17921,k2,plus,op_slow,90005470,11,0.999992,0.999992,0.999957,0,0,0,0.362842,1.69739,78,3,33
78,ba,DynamicObjectCrossing,17921,k2,plus,op_stop,90005480,11,0.99998,0.999991,0.999963,0,0,0,0.617164,4.02179,83,5,33
78,ba,DynamicObjectCrossing,17921,k2,plus,hold,90005490,11,0.99998,0.999997,0.999978,0,0,0,1.05569,4.37992,77,0,33
78,ba,DynamicObjectCrossing,17921,k2,plus,brake_hard,90005500,11,0.999975,0.999983,0.999947,0,0,0,0.645119,4.03008,83,0,33
78,ba,DynamicObjectCrossing,17921,k2,plus,shift_L,90005510,11,0.999984,0.999996,0.999962,0,0,0,0.442341,4.02635,83,0,33
78,ba,DynamicObjectCrossing,17921,k2,plus,shift_R,90005520,11,0.999927,0.999994,0.999959,0,0,0,0.960213,3.68267,78,0,33
79,ba,DynamicObjectCrossing,17921,k2,minus,op_slow,90005540,11,0.99997,0.999984,0.999993,0,0,0,1.10164,4.50059,75,0,33
79,ba,DynamicObjectCrossing,17921,k2,minus,op_stop,90005550,11,0.99998,0.999983,0.999971,0,0,0,0.265194,2.68246,85,1,33
79,ba,DynamicObjectCrossing,17921,k2,minus,hold,90005560,11,0.999972,0.999983,0.999958,0,0,0,0.59967,2.66781,85,2,33
79,ba,DynamicObjectCrossing,17921,k2,minus,brake_hard,90005570,11,0.999953,0.999984,0.999926,0,0,0,0.908985,2.57583,80,0,33
79,ba,DynamicObjectCrossing,17921,k2,minus,shift_L,90005580,11,0.999979,0.999991,0.999986,0,0,0,1.04244,4.50206,77,0,33
79,ba,DynamicObjectCrossing,17921,k2,minus,shift_R,90005590,11,0.999973,0.999988,0.999994,0,0,0,1.09505,4.4713,75,0,33
80,ba,DynamicObjectCrossing,17921,k3,plus,op_slow,90005610,11,0.999955,0.999965,0.999961,0,0,0,0.572996,1.61281,84,0,33
80,ba,DynamicObjectCrossing,17921,k3,plus,op_stop,90005620,11,0.999973,0.999982,0.999985,0,0,0,0.23438,1.53417,82,0,33
80,ba,DynamicObjectCrossing,17921,k3,plus,hold,90005630,11,0.99997,0.999988,0.999961,0,0,0,0.211272,1.4092,69,0,33
80,ba,DynamicObjectCrossing,17921,k3,plus,brake_hard,90005640,11,0.999969,0.99998,0.999921,0,0,0,0.120679,0.462467,69,0,33
80,ba,DynamicObjectCrossing,17921,k3,plus,shift_L,90005650,11,0.999951,0.99997,0.99993,0,0,0,0.204436,1.40975,66,0,33
80,ba,DynamicObjectCrossing,17921,k3,plus,shift_R,90005660,11,0.999963,0.999976,0.999982,0,0,0,0.420986,1.32811,82,0,33
81,ba,DynamicObjectCrossing,17921,k3,minus,op_slow,90005680,11,0.999931,0.999983,0.999895,0,0,0,0.479146,1.3476,84,0,33
81,ba,DynamicObjectCrossing,17921,k3,minus,op_stop,90005690,11,0.999971,0.999988,0.999965,0,0,0,0.379076,1.02577,84,0,33
81,ba,DynamicObjectCrossing,17921,k3,minus,hold,90005700,11,0.999979,0.999993,0.999979,0,0,0,0.380137,1.01798,84,0,33
81,ba,DynamicObjectCrossing,17921,k3,minus,brake_hard,90005710,11,0.99997,0.99999,0.999955,0,0,0,0.426325,1.32931,84,0,33
81,ba,DynamicObjectCrossing,17921,k3,minus,shift_L,90005720,11,0.999978,0.999996,0.999982,0,0,0,0.396251,1.12223,67,0,33
81,ba,DynamicObjectCrossing,17921,k3,minus,shift_R,90005730,11,0.999977,0.999991,0.999956,0,0,0,0.0622621,0.137693,68,0,33
82,ba,DynamicObjectCrossing,17965,k1,plus,op_slow,90005750,11,0.999811,0.999873,0.999618,0,0,0,1.36106,1.63288,85,0,33
82,ba,DynamicObjectCrossing,17965,k1,plus,op_stop,90005760,11,0.999449,0.999602,0.999313,0,0,0,1.62093,2.57699,96,0,33
82,ba,DynamicObjectCrossing,17965,k1,plus,hold,90005770,11,0.999666,0.999896,0.999646,0,0,0,1.6079,2.41074,104,0,33
82,ba,DynamicObjectCrossing,17965,k1,plus,brake_hard,90005780,11,0.999801,0.999888,0.999586,0,0,0,1.44076,1.89514,85,0,33
82,ba,DynamicObjectCrossing,17965,k1,plus,shift_L,90005790,11,0.999814,0.999901,0.999713,0,0,0,1.38777,1.6447,85,0,33
82,ba,DynamicObjectCrossing,17965,k1,plus,shift_R,90005800,11,0.999736,0.999745,0.999764,0,0,0,1.56843,2.86142,98,0,33
83,ba,DynamicObjectCrossing,17965,k1,minus,op_slow,90005820,11,0.999542,0.999702,0.999569,0,0,0,1.63872,2.53989,108,0,33
83,ba,DynamicObjectCrossing,17965,k1,minus,op_stop,90005830,11,0.999637,0.999671,0.999524,0,0,0,1.47284,2.02498,109,0,33
83,ba,DynamicObjectCrossing,17965,k1,minus,hold,90005840,11,0.999623,0.999647,0.999526,0,0,0,1.68602,2.72878,110,0,33
83,ba,DynamicObjectCrossing,17965,k1,minus,brake_hard,90005850,11,0.999361,0.999777,0.999528,0,0,0,1.48164,2.30714,107,0,33
83,ba,DynamicObjectCrossing,17965,k1,minus,shift_L,90005860,11,0.999623,0.999795,0.999328,0,0,0,1.40731,1.88212,111,0,33
83,ba,DynamicObjectCrossing,17965,k1,minus,shift_R,90005870,11,0.999673,0.999767,0.999508,0,0,0,1.43916,2.00632,108,0,33
84,ba,DynamicObjectCrossing,17965,k2,plus,op_slow,90005890,11,0.999753,0.999846,0.999566,0,0,0,1.41106,1.97385,81,0,33
84,ba,DynamicObjectCrossing,17965,k2,plus,op_stop,90005900,11,0.999441,0.999534,0.999508,0,0,0,1.48495,2.25601,79,0,33
84,ba,DynamicObjectCrossing,17965,k2,plus,hold,90005910,11,0.999678,0.999775,0.99955,0,0,0,1.43154,2.03843,78,0,33
84,ba,DynamicObjectCrossing,17965,k2,plus,brake_hard,90005920,11,0.999586,0.999586,0.999347,0,0,0,1.33333,1.60322,73,0,33
84,ba,DynamicObjectCrossing,17965,k2,plus,shift_L,90005930,11,0.999571,0.999571,0.999411,0,0,0,1.37358,1.70436,72,0,33
84,ba,DynamicObjectCrossing,17965,k2,plus,shift_R,90005940,11,0.999791,0.999791,0.999721,0,0,0,1.37414,1.75296,71,0,33
85,ba,DynamicObjectCrossing,17965,k2,minus,op_slow,90005960,11,0.99976,0.999765,0.999546,0,0,0,1.47349,2.0858,81,0,33
85,ba,DynamicObjectCrossing,17965,k2,minus,op_stop,90005970,11,0.999605,0.999605,0.999085,0,0,0,1.43174,1.92176,82,0,33
85,ba,DynamicObjectCrossing,17965,k2,minus,hold,90005980,11,0.999549,0.999549,0.99931,0,0,0,1.44548,2.128,83,0,33
85,ba,DynamicObjectCrossing,17965,k2,minus,brake_hard,90005990,11,0.999706,0.999706,0.999559,0,0,0,1.42932,1.67455,74,0,33
85,ba,DynamicObjectCrossing,17965,k2,minus,shift_L,90006000,11,0.999818,0.999823,0.999549,0,0,0,1.44094,1.78995,83,0,33
85,ba,DynamicObjectCrossing,17965,k2,minus,shift_R,90006010,11,0.999788,0.999893,0.999427,0,0,0,1.40089,1.92346,88,0,33
86,ba,DynamicObjectCrossing,17965,k3,plus,op_slow,90006030,11,0.99965,0.999846,0.999283,0,0,0,1.41401,1.79238,127,0,33
86,ba,DynamicObjectCrossing,17965,k3,plus,op_stop,90006040,11,0.999765,0.999826,0.999205,0,0,0,1.42486,1.82132,134,0,33
86,ba,DynamicObjectCrossing,17965,k3,plus,hold,90006050,11,0.999643,0.999749,0.999353,0,0,0,1.42181,1.8739,121,0,33
86,ba,DynamicObjectCrossing,17965,k3,plus,brake_hard,90006060,11,0.999463,0.99977,0.999251,0,0,0,1.42411,1.77954,118,0,33
86,ba,DynamicObjectCrossing,17965,k3,plus,shift_L,90006070,11,0.999753,0.999856,0.99925,0,0,0,1.43356,1.8409,123,0,33
86,ba,DynamicObjectCrossing,17965,k3,plus,shift_R,90006080,11,0.999799,0.999836,0.999132,0,0,0,1.41754,1.82794,124,0,33
87,ba,DynamicObjectCrossing,17965,k3,minus,op_slow,90006100,11,0.999772,0.999805,0.999536,0,0,0,1.41355,2.00672,125,0,33
87,ba,DynamicObjectCrossing,17965,k3,minus,op_stop,90006110,11,0.999746,0.999882,0.999551,0,0,0,1.39605,1.8013,124,0,33
87,ba,DynamicObjectCrossing,17965,k3,minus,hold,90006120,11,0.999791,0.999867,0.999555,0,0,0,1.39944,1.76509,129,0,33
87,ba,DynamicObjectCrossing,17965,k3,minus,brake_hard,90006130,11,0.999436,0.999773,0.999428,0,0,0,1.38978,1.75133,125,0,33
87,ba,DynamicObjectCrossing,17965,k3,minus,shift_L,90006140,11,0.999687,0.999781,0.999377,0,0,0,1.4308,1.76492,128,0,33
87,ba,DynamicObjectCrossing,17965,k3,minus,shift_R,90006150,11,0.999583,0.999779,0.999379,0,0,0,1.39934,1.86395,128,0,33
88,ba,DynamicObjectCrossing,18027,k1,plus,op_slow,90006170,11,0.999968,0.999981,0.999901,0,0,0,0.117472,0.282045,43,0,33
88,ba,DynamicObjectCrossing,18027,k1,plus,op_stop,90006180,11,0.999979,0.99999,0.999943,0,0,0,0.116122,0.333613,63,0,33
88,ba,DynamicObjectCrossing,18027,k1,plus,hold,90006190,11,0.999949,0.999961,0.999954,0,0,0,0.381723,2.06433,69,0,33
88,ba,DynamicObjectCrossing,18027,k1,plus,brake_hard,90006200,11,0.999946,0.99996,0.999935,0,0,0,0.291831,1.30669,64,0,33
88,ba,DynamicObjectCrossing,18027,k1,plus,shift_L,90006210,11,0.999897,0.999974,0.999994,0,0,0,0.601596,2.17925,81,0,33
88,ba,DynamicObjectCrossing,18027,k1,plus,shift_R,90006220,11,0.999973,0.999979,0.999938,0,0,0,0.0864921,0.244248,63,0,33
89,ba,DynamicObjectCrossing,18027,k1,minus,op_slow,90006240,11,0.999968,0.999995,0.999916,0,0,0,0.201128,1.26955,54,0,33
89,ba,DynamicObjectCrossing,18027,k1,minus,op_stop,90006250,11,0.999885,0.999979,0.999952,0,0,0,0.575637,1.95626,72,0,33
89,ba,DynamicObjectCrossing,18027,k1,minus,hold,90006260,11,0.999957,0.999979,0.999925,0,0,0,0.188367,1.2741,59,0,33
89,ba,DynamicObjectCrossing,18027,k1,minus,brake_hard,90006270,11,0.999982,0.999993,0.999924,0,0,0,0.218677,1.29191,46,0,33
89,ba,DynamicObjectCrossing,18027,k1,minus,shift_L,90006280,11,0.999921,0.999983,0.999957,0,0,0,0.416371,1.79613,56,0,33
89,ba,DynamicObjectCrossing,18027,k1,minus,shift_R,90006290,11,0.999921,0.999979,0.99991,0,0,0,0.27968,1.6987,69,0,33
90,ba,DynamicObjectCrossing,18027,k2,plus,op_slow,90006310,11,0.999977,0.999997,0.999968,0,0,0,0.171435,0.570856,45,0,33
90,ba,DynamicObjectCrossing,18027,k2,plus,op_stop,90006320,11,0.999989,0.999998,0.999965,0,0,0,0.116637,0.358816,29,0,33
90,ba,DynamicObjectCrossing,18027,k2,plus,hold,90006330,11,0.99994,0.999984,0.999919,0,0,0,0.350649,2.08053,77,0,33
90,ba,DynamicObjectCrossing,18027,k2,plus,brake_hard,90006340,11,0.999948,0.999988,0.999926,0,0,0,0.340706,2.06373,69,0,33
90,ba,DynamicObjectCrossing,18027,k2,plus,shift_L,90006350,11,0.999957,0.999995,0.999994,0,0,0,0.436765,1.71419,71,0,33
90,ba,DynamicObjectCrossing,18027,k2,plus,shift_R,90006360,11,0.999958,0.999987,0.999939,0,0,0,0.157679,0.570652,76,0,33
91,ba,DynamicObjectCrossing,18027,k2,minus,op_slow,90006380,11,0.99993,0.999994,0.999956,0,0,0,0.34593,1.77404,62,0,33
91,ba,DynamicObjectCrossing,18027,k2,minus,op_stop,90006390,11,0.999969,0.999993,0.999933,0,0,0,0.420886,2.0624,69,0,33
91,ba,DynamicObjectCrossing,18027,k2,minus,hold,90006400,11,0.999908,0.999991,0.999958,0,0,0,0.419175,2.08038,69,0,33
91,ba,DynamicObjectCrossing,18027,k2,minus,brake_hard,90006410,11,0.999958,0.999989,0.999945,0,0,0,0.123595,0.301158,65,0,33
91,ba,DynamicObjectCrossing,18027,k2,minus,shift_L,90006420,11,0.999983,0.999996,0.999902,0,0,0,0.209651,1.28967,46,0,33
91,ba,DynamicObjectCrossing,18027,k2,minus,shift_R,90006430,11,0.999901,0.999992,0.999953,0,0,0,0.506452,2.17722,76,0,33
92,ba,DynamicObjectCrossing,18027,k3,plus,op_slow,90006450,11,0.999994,0.999994,0.999979,0,0,0,0.0271041,0.097401,33,0,33
92,ba,DynamicObjectCrossing,18027,k3,plus,op_stop,90006460,11,0.999991,0.999991,0.999989,0,0,0,0.033521,0.136554,53,0,33
92,ba,DynamicObjectCrossing,18027,k3,plus,hold,90006470,11,0.999987,0.999987,0.99999,0,0,0,0.0313953,0.143272,52,0,33
92,ba,DynamicObjectCrossing,18027,k3,plus,brake_hard,90006480,11,0.999985,0.999985,0.999989,0,0,0,0.0371837,0.142537,52,0,33
92,ba,DynamicObjectCrossing,18027,k3,plus,shift_L,90006490,11,0.999989,0.999989,0.99999,0,0,0,0.0359629,0.145263,53,0,33
92,ba,DynamicObjectCrossing,18027,k3,plus,shift_R,90006500,11,0.999985,0.999985,0.999989,0,0,0,0.0352898,0.142643,53,0,33
93,ba,DynamicObjectCrossing,18027,k3,minus,op_slow,90006520,11,0.999962,0.999984,0.999989,0,0,0,0.0309743,0.137616,57,0,33
93,ba,DynamicObjectCrossing,18027,k3,minus,op_stop,90006530,11,0.999993,0.999995,0.999967,0,0,0,0.0283136,0.0710782,24,0,33
93,ba,DynamicObjectCrossing,18027,k3,minus,hold,90006540,11,0.999989,0.999989,0.999957,0,0,0,0.0540859,0.151462,70,0,33
93,ba,DynamicObjectCrossing,18027,k3,minus,brake_hard,90006550,11,0.999985,0.999985,0.999964,0,0,0,0.0340685,0.143912,52,0,33
93,ba,DynamicObjectCrossing,18027,k3,minus,shift_L,90006560,11,0.999938,0.999984,0.999985,0,0,0,0.0342104,0.159435,59,0,33
93,ba,DynamicObjectCrossing,18027,k3,minus,shift_R,90006570,11,0.999995,0.999996,0.999967,0,0,0,0.0382984,0.1381,41,0,33
94,ba,DynamicObjectCrossing,18073,k1,plus,op_slow,90006590,11,0.999597,0.999658,0.998529,0,0,0,2.9912,5.39288,136,0,33
94,ba,DynamicObjectCrossing,18073,k1,plus,op_stop,90006600,11,0.995393,0.99707,0.995053,0,0,0,3.11594,5.75612,94,0,33
94,ba,DynamicObjectCrossing,18073,k1,plus,hold,90006610,11,0.999539,0.999717,0.999238,0,0,0,2.31036,6.59839,122,0,33
94,ba,DynamicObjectCrossing,18073,k1,plus,brake_hard,90006620,11,0.999515,0.999664,0.999133,0,0,0,2.55673,5.45875,123,0,33
94,ba,DynamicObjectCrossing,18073,k1,plus,shift_L,90006630,11,0.999033,0.999415,0.999599,0,0,0,1.77387,6.20075,131,0,33
94,ba,DynamicObjectCrossing,18073,k1,plus,shift_R,90006640,11,0.998783,0.999571,0.999159,0,0,0,2.53367,5.93844,135,0,33
95,ba,DynamicObjectCrossing,18073,k1,minus,op_slow,90006660,11,0.999416,0.999424,0.999566,0,0,0,1.24324,1.57168,115,0,33
95,ba,DynamicObjectCrossing,18073,k1,minus,op_stop,90006670,11,0.999264,0.999803,0.998493,0,0,0,1.3954,1.841,145,0,33
95,ba,DynamicObjectCrossing,18073,k1,minus,hold,90006680,11,0.999456,0.999675,0.999512,0,0,0,1.23897,1.57425,100,0,33
95,ba,DynamicObjectCrossing,18073,k1,minus,brake_hard,90006690,11,0.998441,0.999332,0.999455,0,0,0,1.83317,3.49557,109,0,33
95,ba,DynamicObjectCrossing,18073,k1,minus,shift_L,90006700,11,0.992555,0.998354,0.991086,0,0,0,2.4355,4.55581,152,0,33
95,ba,DynamicObjectCrossing,18073,k1,minus,shift_R,90006710,11,0.999571,0.999687,0.999507,0,0,0,2.27875,3.51293,149,0,33
96,ba,DynamicObjectCrossing,18073,k2,plus,op_slow,90006730,11,0.999521,0.999733,0.998478,0,0,0,1.60592,3.12507,100,0,33
96,ba,DynamicObjectCrossing,18073,k2,plus,op_stop,90006740,11,0.999236,0.999738,0.997506,0,0,0,1.37412,1.78532,107,0,33
96,ba,DynamicObjectCrossing,18073,k2,plus,hold,90006750,11,0.999509,0.999556,0.998961,0,0,0,1.43388,1.71552,104,0,33
96,ba,DynamicObjectCrossing,18073,k2,plus,brake_hard,90006760,11,0.99838,0.999582,0.998813,0,0,0,1.8707,3.04416,125,0,33
96,ba,DynamicObjectCrossing,18073,k2,plus,shift_L,90006770,11,0.999582,0.999582,0.998812,0,0,0,1.63224,3.15689,111,0,33
96,ba,DynamicObjectCrossing,18073,k2,plus,shift_R,90006780,11,0.999518,0.999644,0.998143,0,0,0,1.39298,1.8065,101,0,33
97,ba,DynamicObjectCrossing,18073,k2,minus,op_slow,90006800,11,0.998916,0.99962,0.999373,0,0,0,1.48243,1.74828,130,0,33
97,ba,DynamicObjectCrossing,18073,k2,minus,op_stop,90006810,11,0.999347,0.999509,0.999496,0,0,0,1.58613,3.15375,132,0,33
97,ba,DynamicObjectCrossing,18073,k2,minus,hold,90006820,11,0.999127,0.999729,0.999014,0,0,0,1.40123,1.8494,122,0,33
97,ba,DynamicObjectCrossing,18073,k2,minus,brake_hard,90006830,11,0.999633,0.999633,0.999571,0,0,0,1.23122,1.50976,143,0,33
97,ba,DynamicObjectCrossing,18073,k2,minus,shift_L,90006840,11,0.999511,0.999732,0.999471,0,0,0,1.39795,1.8028,124,0,33
97,ba,DynamicObjectCrossing,18073,k2,minus,shift_R,90006850,11,0.99948,0.999723,0.999072,0,0,0,1.36216,1.80599,129,0,33
98,ba,DynamicObjectCrossing,18073,k3,plus,op_slow,90006870,11,0.999166,0.99955,0.99815,0,0,0,1.22596,1.52517,83,0,33
98,ba,DynamicObjectCrossing,18073,k3,plus,op_stop,90006880,11,0.999521,0.999674,0.99705,0,0,0,1.26141,1.61979,83,0,33
98,ba,DynamicObjectCrossing,18073,k3,plus,hold,90006890,11,0.99911,0.999409,0.998294,0,0,0,1.45164,2.42729,109,0,33
98,ba,DynamicObjectCrossing,18073,k3,plus,brake_hard,90006900,11,0.99907,0.999542,0.997199,0,0,0,1.23696,1.48345,90,0,33
98,ba,DynamicObjectCrossing,18073,k3,plus,shift_L,90006910,11,0.999006,0.999463,0.997405,0,0,0,1.2234,1.57746,95,0,33
98,ba,DynamicObjectCrossing,18073,k3,plus,shift_R,90006920,11,0.998994,0.999492,0.997857,0,0,0,1.1837,1.4425,83,0,33
99,ba,DynamicObjectCrossing,18073,k3,minus,op_slow,90006940,11,0.998426,0.999513,0.998723,0,0,0,2.94343,6.80974,97,0,33
99,ba,DynamicObjectCrossing,18073,k3,minus,op_stop,90006950,11,0.997398,0.99957,0.999057,0,0,0,1.32085,1.80738,90,0,33
99,ba,DynamicObjectCrossing,18073,k3,minus,hold,90006960,11,0.998706,0.99965,0.998951,0,0,0,1.33027,1.71888,91,0,33
99,ba,DynamicObjectCrossing,18073,k3,minus,brake_hard,90006970,11,0.998027,0.999618,0.99914,0,0,0,1.25204,1.48738,91,0,33
99,ba,DynamicObjectCrossing,18073,k3,minus,shift_L,90006980,11,0.998756,0.999719,0.999187,0,0,0,1.44863,2.28423,97,0,33
99,ba,DynamicObjectCrossing,18073,k3,minus,shift_R,90006990,11,0.997899,0.999621,0.998987,0,0,0,1.48814,2.31666,97,0,33
100,ba,DynamicObjectCrossing,18160,k1,plus,op_slow,90007010,11,0.998541,0.999018,0.998738,0,0,0,1.10239,1.31728,86,0,33
100,ba,DynamicObjectCrossing,18160,k1,plus,op_stop,90007020,11,0.998929,0.999011,0.998255,0,0,0,1.09969,1.3609,54,0,33
100,ba,DynamicObjectCrossing,18160,k1,plus,hold,90007030,11,0.998833,0.998833,0.998696,0,0,0,1.09464,1.20827,61,0,33
100,ba,DynamicObjectCrossing,18160,k1,plus,brake_hard,90007040,11,0.998522,0.998862,0.998528,0,0,0,1.07684,1.2394,111,0,33
100,ba,DynamicObjectCrossing,18160,k1,plus,shift_L,90007050,11,0.998442,0.998786,0.998623,0,0,0,1.07637,1.19829,60,0,33
100,ba,DynamicObjectCrossing,18160,k1,plus,shift_R,90007060,11,0.999062,0.999137,0.99832,0,0,0,1.08639,1.31543,52,0,33
101,ba,DynamicObjectCrossing,18160,k1,minus,op_slow,90007080,11,0.998765,0.999112,0.998626,0,0,0,1.09127,1.43843,94,0,33
101,ba,DynamicObjectCrossing,18160,k1,minus,op_stop,90007090,11,0.999192,0.999419,0.998504,0,0,0,1.08834,1.40342,114,0,33
101,ba,DynamicObjectCrossing,18160,k1,minus,hold,90007100,11,0.999249,0.999249,0.998885,0,0,0,1.10645,1.41358,120,0,33
101,ba,DynamicObjectCrossing,18160,k1,minus,brake_hard,90007110,11,0.998284,0.99914,0.998796,0,0,0,1.10189,1.68302,87,0,33
101,ba,DynamicObjectCrossing,18160,k1,minus,shift_L,90007120,11,0.999339,0.999454,0.998952,0,0,0,1.09237,1.45755,111,0,33
101,ba,DynamicObjectCrossing,18160,k1,minus,shift_R,90007130,11,0.999242,0.999367,0.998559,0,0,0,1.10091,1.48627,112,0,33
102,ba,DynamicObjectCrossing,18160,k2,plus,op_slow,90007150,11,0.998504,0.999236,0.998448,0,0,0,1.06104,1.53983,150,0,33
102,ba,DynamicObjectCrossing,18160,k2,plus,op_stop,90007160,11,0.999186,0.999558,0.998284,0,0,0,1.04129,1.30799,154,0,33
102,ba,DynamicObjectCrossing,18160,k2,plus,hold,90007170,11,0.999063,0.999377,0.998132,0,0,0,1.06717,1.54854,150,0,33
102,ba,DynamicObjectCrossing,18160,k2,plus,brake_hard,90007180,11,0.998685,0.99959,0.998674,0,0,0,1.07181,1.37978,150,0,33
102,ba,DynamicObjectCrossing,18160,k2,plus,shift_L,90007190,11,0.998284,0.998284,0.99708,0,0,0,1.05041,1.40335,154,0,33
102,ba,DynamicObjectCrossing,18160,k2,plus,shift_R,90007200,11,0.998766,0.999578,0.998318,0,0,0,1.04264,1.33813,149,0,33
103,ba,DynamicObjectCrossing,18160,k2,minus,op_slow,90007220,11,0.998358,0.999221,0.997731,0,0,0,1.04454,1.2742,128,0,33
103,ba,DynamicObjectCrossing,18160,k2,minus,op_stop,90007230,11,0.998591,0.999213,0.998528,0,0,0,1.02031,1.23933,89,0,33
103,ba,DynamicObjectCrossing,18160,k2,minus,hold,90007240,11,0.99803,0.998835,0.998704,0,0,0,1.03623,1.25516,118,0,33
103,ba,DynamicObjectCrossing,18160,k2,minus,brake_hard,90007250,11,0.99837,0.99837,0.998367,0,0,0,1.0308,1.31067,108,0,33
103,ba,DynamicObjectCrossing,18160,k2,minus,shift_L,90007260,11,0.99826,0.99826,0.998283,0,0,0,1.06384,1.43391,91,0,33
103,ba,DynamicObjectCrossing,18160,k2,minus,shift_R,90007270,11,0.998392,0.998392,0.998415,0,0,0,1.0356,1.21287,138,0,33
104,ba,DynamicObjectCrossing,18160,k3,plus,op_slow,90007290,11,0.998777,0.999452,0.99775,0,0,0,0.998185,1.29921,109,0,33
104,ba,DynamicObjectCrossing,18160,k3,plus,op_stop,90007300,11,0.999134,0.999314,0.997486,0,0,0,1.01958,1.35024,122,0,33
104,ba,DynamicObjectCrossing,18160,k3,plus,hold,90007310,11,0.998475,0.998475,0.997597,0,0,0,0.983223,1.26947,108,0,33
104,ba,DynamicObjectCrossing,18160,k3,plus,brake_hard,90007320,11,0.999099,0.99911,0.995569,0,0,0,0.979466,1.24675,108,0,33
104,ba,DynamicObjectCrossing,18160,k3,plus,shift_L,90007330,11,0.998425,0.999356,0.99678,0,0,0,0.99745,1.40101,106,0,33
104,ba,DynamicObjectCrossing,18160,k3,plus,shift_R,90007340,11,0.998343,0.998343,0.998215,0,0,0,0.982762,1.45521,118,0,33
105,ba,DynamicObjectCrossing,18160,k3,minus,op_slow,90007360,11,0.998308,0.99925,0.998124,0,0,0,1.06936,1.43141,128,0,33
105,ba,DynamicObjectCrossing,18160,k3,minus,op_stop,90007370,11,0.998466,0.998893,0.998068,0,0,0,1.00206,1.2458,118,0,33
105,ba,DynamicObjectCrossing,18160,k3,minus,hold,90007380,11,0.997531,0.998911,0.998228,0,0,0,1.0319,1.29319,107,0,33
105,ba,DynamicObjectCrossing,18160,k3,minus,brake_hard,90007390,11,0.99752,0.99827,0.996563,0,0,0,1.00041,1.2335,110,0,33
105,ba,DynamicObjectCrossing,18160,k3,minus,shift_L,90007400,11,0.997734,0.999064,0.99808,0,0,0,1.03093,1.47005,108,0,33
105,ba,DynamicObjectCrossing,18160,k3,minus,shift_R,90007410,11,0.99804,0.998414,0.9982,0,0,0,1.04468,1.32404,109,0,33
106,ba,DynamicObjectCrossing,18174,k1,plus,op_slow,90007430,11,0.999261,0.999952,0.998722,0,0,0,0.452561,3.52176,110,0,33
106,ba,DynamicObjectCrossing,18174,k1,plus,op_stop,90007440,11,0.999637,0.999981,0.999918,0,0,0,0.728402,3.71214,115,0,33
106,ba,DynamicObjectCrossing,18174,k1,plus,hold,90007450,11,0.999114,0.999929,0.998598,0,0,0,0.737511,3.85034,110,0,33
106,ba,DynamicObjectCrossing,18174,k1,plus,brake_hard,90007460,11,0.999702,0.99999,0.999967,0,0,0,0.700476,3.68857,111,0,33
106,ba,DynamicObjectCrossing,18174,k1,plus,shift_L,90007470,11,0.999684,0.999991,0.999981,0,0,0,0.687811,3.70107,111,0,33
106,ba,DynamicObjectCrossing,18174,k1,plus,shift_R,90007480,11,0.999966,0.999995,0.999698,0,0,0,0.264737,1.07462,58,0,33
107,ba,DynamicObjectCrossing,18174,k1,minus,op_slow,90007500,11,0.999451,0.99998,0.999383,0,0,0,0.577492,3.69121,111,0,33
107,ba,DynamicObjectCrossing,18174,k1,minus,op_stop,90007510,11,0.999953,0.999995,0.999967,0,0,0,0.383343,3.67665,79,0,33
107,ba,DynamicObjectCrossing,18174,k1,minus,hold,90007520,11,0.99991,0.999993,0.999979,0,0,0,0.17198,0.972868,52,0,33
107,ba,DynamicObjectCrossing,18174,k1,minus,brake_hard,90007530,11,0.999493,0.999991,0.999424,0,0,0,0.520885,3.70995,111,0,33
107,ba,DynamicObjectCrossing,18174,k1,minus,shift_L,90007540,11,0.999456,0.999991,0.999384,0,0,0,0.51034,3.6924,111,0,33
107,ba,DynamicObjectCrossing,18174,k1,minus,shift_R,90007550,11,0.999957,0.999996,0.999979,0,0,0,0.0644065,0.319876,54,0,33
108,ba,DynamicObjectCrossing,18174,k2,plus,op_slow,90007570,11,0.999986,0.999995,0.999994,0,0,0,0.378002,1.89146,66,0,33
108,ba,DynamicObjectCrossing,18174,k2,plus,op_stop,90007580,11,0.999935,0.999986,0.999939,0,0,0,0.155477,0.654448,65,0,33
108,ba,DynamicObjectCrossing,18174,k2,plus,hold,90007590,11,0.999982,0.999997,0.999994,0,0,0,0.44338,1.96569,66,0,33
108,ba,DynamicObjectCrossing,18174,k2,plus,brake_hard,90007600,11,0.999957,0.999996,0.999955,0,0,0,0.314367,1.8736,66,0,33
108,ba,DynamicObjectCrossing,18174,k2,plus,shift_L,90007610,11,0.999978,0.999995,0.999977,0,0,0,0.231409,1.12718,60,0,33
108,ba,DynamicObjectCrossing,18174,k2,plus,shift_R,90007620,11,0.999973,0.999995,0.99999,0,0,0,0.419873,1.95933,66,0,33
109,ba,DynamicObjectCrossing,18174,k2,minus,op_slow,90007640,11,0.99994,0.999995,0.999955,0,0,0,0.223991,1.19121,66,0,33
109,ba,DynamicObjectCrossing,18174,k2,minus,op_stop,90007650,11,0.999986,0.999997,0.999989,0,0,0,0.124934,0.68988,48,0,33
109,ba,DynamicObjectCrossing,18174,k2,minus,hold,90007660,11,0.999979,0.999996,0.999962,0,0,0,0.189228,0.894361,54,0,33
109,ba,DynamicObjectCrossing,18174,k2,minus,brake_hard,90007670,11,0.999962,0.999996,0.999961,0,0,0,0.138776,0.629715,61,0,33
109,ba,DynamicObjectCrossing,18174,k2,minus,shift_L,90007680,11,0.999991,0.999997,0.99998,0,0,0,0.127179,0.65102,48,0,33
109,ba,DynamicObjectCrossing,18174,k2,minus,shift_R,90007690,11,0.999984,0.999997,0.999994,0,0,0,0.252916,1.68508,60,0,33
110,ba,DynamicObjectCrossing,18174,k3,plus,op_slow,90007710,11,0.999966,0.999969,0.999963,0,0,0,0.0478659,0.168149,38,0,33
110,ba,DynamicObjectCrossing,18174,k3,plus,op_stop,90007720,11,0.999963,0.999994,0.999969,0,0,0,0.0480892,0.182217,68,0,33
110,ba,DynamicObjectCrossing,18174,k3,plus,hold,90007730,11,0.999953,0.999995,0.999965,0,0,0,0.0472614,0.183954,44,0,33
110,ba,DynamicObjectCrossing,18174,k3,plus,brake_hard,90007740,11,0.999966,0.999996,0.999967,0,0,0,0.0480206,0.182337,68,0,33
110,ba,DynamicObjectCrossing,18174,k3,plus,shift_L,90007750,11,0.999969,0.999996,0.999987,0,0,0,0.0461103,0.180611,68,0,33
110,ba,DynamicObjectCrossing,18174,k3,plus,shift_R,90007760,11,0.999951,0.999995,0.99998,0,0,0,0.0478878,0.18372,68,0,33
111,ba,DynamicObjectCrossing,18174,k3,minus,op_slow,90007780,11,0.999886,0.99999,0.999923,0,0,0,0.039057,0.173458,76,1,33
111,ba,DynamicObjectCrossing,18174,k3,minus,op_stop,90007790,11,0.999991,0.999995,0.999983,0,0,0,0.0313265,0.0706431,76,0,33
111,ba,DynamicObjectCrossing,18174,k3,minus,hold,90007800,11,0.999889,0.999987,0.999858,0.000183105,0.000183105,0.000183105,0.0388129,0.172756,76,3,33
111,ba,DynamicObjectCrossing,18174,k3,minus,brake_hard,90007810,11,0.999992,0.999998,0.999979,0,0,0,0.0294735,0.0696042,19,0,33
111,ba,DynamicObjectCrossing,18174,k3,minus,shift_L,90007820,11,0.999852,0.999986,0.999849,0,0,0,0.0381676,0.173289,76,5,33
111,ba,DynamicObjectCrossing,18174,k3,minus,shift_R,90007830,11,0.999983,0.999995,0.999969,0,0,0,0.0392441,0.0829395,76,0,33
112,ba,ParkingCrossingPedestrian,18252,k1,plus,op_slow,90007850,11,0.986195,0.986402,0.997885,0,0,0,1.94565,2.18857,149,0,33
112,ba,ParkingCrossingPedestrian,18252,k1,plus,op_stop,90007860,11,0.987968,0.988485,0.997979,0,0,0,1.93841,2.17699,148,0,33
112,ba,ParkingCrossingPedestrian,18252,k1,plus,hold,90007870,11,0.98792,0.988202,0.997465,0,0,0,1.92236,2.16972,150,0,33
112,ba,ParkingCrossingPedestrian,18252,k1,plus,brake_hard,90007880,11,0.996608,0.997148,0.987682,0,0,0,1.12988,1.30968,139,0,33
112,ba,ParkingCrossingPedestrian,18252,k1,plus,shift_L,90007890,11,0.986806,0.986806,0.996082,0,0,0,1.95613,2.72187,147,0,33
112,ba,ParkingCrossingPedestrian,18252,k1,plus,shift_R,90007900,11,0.98949,0.990021,0.996568,0,0,0,1.95427,2.72734,148,0,33
113,ba,ParkingCrossingPedestrian,18252,k1,minus,op_slow,90007920,11,0.998431,0.999473,0.989801,0,0,0,1.20869,2.03787,142,0,33
113,ba,ParkingCrossingPedestrian,18252,k1,minus,op_stop,90007930,11,0.997799,0.998347,0.986574,0,0,0,1.22064,2.0376,126,0,33
113,ba,ParkingCrossingPedestrian,18252,k1,minus,hold,90007940,11,0.998595,0.999052,0.988261,0,0,0,1.21894,2.08513,148,0,33
113,ba,ParkingCrossingPedestrian,18252,k1,minus,brake_hard,90007950,11,0.998343,0.999047,0.987084,0,0,0,1.20727,2.05564,124,0,33
113,ba,ParkingCrossingPedestrian,18252,k1,minus,shift_L,90007960,11,0.998444,0.998869,0.990663,0,0,0,1.20992,2.07392,141,0,33
113,ba,ParkingCrossingPedestrian,18252,k1,minus,shift_R,90007970,11,0.998313,0.99942,0.989103,0,0,0,1.21278,2.04765,133,0,33
114,ba,ParkingCrossingPedestrian,18252,k2,plus,op_slow,90007990,11,0.9986,0.998909,0.997423,0,0,0,1.27031,1.98591,201,0,33
114,ba,ParkingCrossingPedestrian,18252,k2,plus,op_stop,90008000,11,0.997903,0.998849,0.996053,0,0,0,1.25658,2.04238,177,0,33
114,ba,ParkingCrossingPedestrian,18252,k2,plus,hold,90008010,11,0.998583,0.998583,0.997577,0,0,0,1.26445,2.03162,148,0,33
114,ba,ParkingCrossingPedestrian,18252,k2,plus,brake_hard,90008020,11,0.998618,0.998685,0.996885,0,0,0,1.26686,2.06733,197,0,33
114,ba,ParkingCrossingPedestrian,18252,k2,plus,shift_L,90008030,11,0.998406,0.998743,0.997791,0,0,0,1.26186,1.95408,148,0,33
114,ba,ParkingCrossingPedestrian,18252,k2,plus,shift_R,90008040,11,0.998273,0.998273,0.997252,0,0,0,1.24526,2.09505,175,0,33
115,ba,ParkingCrossingPedestrian,18252,k2,minus,op_slow,90008060,11,0.998089,0.998799,0.990057,0,0,0,1.206,1.51978,175,0,33
115,ba,ParkingCrossingPedestrian,18252,k2,minus,op_stop,90008070,11,0.997597,0.997883,0.988829,0,0,0,1.2012,1.54396,176,0,33
115,ba,ParkingCrossingPedestrian,18252,k2,minus,hold,90008080,11,0.997409,0.998458,0.98929,0,0,0,1.20353,1.48695,171,0,33
115,ba,ParkingCrossingPedestrian,18252,k2,minus,brake_hard,90008090,11,0.99871,0.999048,0.988216,0,0,0,1.19303,1.36361,202,0,33
115,ba,ParkingCrossingPedestrian,18252,k2,minus,shift_L,90008100,11,0.98587,0.993228,0.994908,0,0,0,1.97324,2.29122,170,0,33
115,ba,ParkingCrossingPedestrian,18252,k2,minus,shift_R,90008110,11,0.998171,0.998318,0.987971,0,0,0,1.19869,1.39262,177,0,33
116,ba,ParkingCrossingPedestrian,18252,k3,plus,op_slow,90008130,11,0.996705,0.997658,0.994172,0,0,0,1.15607,1.64922,172,0,33
116,ba,ParkingCrossingPedestrian,18252,k3,plus,op_stop,90008140,11,0.995453,0.995453,0.994215,0,0,0,1.14636,1.81712,172,0,33
116,ba,ParkingCrossingPedestrian,18252,k3,plus,hold,90008150,11,0.99767,0.998611,0.996256,0,0,0,1.12455,1.6003,168,0,33
116,ba,ParkingCrossingPedestrian,18252,k3,plus,brake_hard,90008160,11,0.997061,0.997767,0.99423,0,0,0,1.13447,1.67838,172,0,33
116,ba,ParkingCrossingPedestrian,18252,k3,plus,shift_L,90008170,11,0.996864,0.997877,0.995039,0,0,0,1.1295,1.66958,173,0,33
116,ba,ParkingCrossingPedestrian,18252,k3,plus,shift_R,90008180,11,0.997418,0.997982,0.994914,0,0,0,1.19848,1.98141,176,0,33
117,ba,ParkingCrossingPedestrian,18252,k3,minus,op_slow,90008200,11,0.99827,0.998311,0.997407,0,0,0,1.15234,1.74856,148,0,33
117,ba,ParkingCrossingPedestrian,18252,k3,minus,op_stop,90008210,11,0.99783,0.997978,0.99549,0,0,0,1.13762,1.72842,127,0,33
117,ba,ParkingCrossingPedestrian,18252,k3,minus,hold,90008220,11,0.996776,0.998415,0.997193,0,0,0,1.12912,1.62277,128,0,33
117,ba,ParkingCrossingPedestrian,18252,k3,minus,brake_hard,90008230,11,0.995788,0.997716,0.995836,0,0,0,1.13044,1.74377,131,0,33
117,ba,ParkingCrossingPedestrian,18252,k3,minus,shift_L,90008240,11,0.997833,0.997833,0.997165,0,0,0,1.13507,1.6299,129,0,33
117,ba,ParkingCrossingPedestrian,18252,k3,minus,shift_R,90008250,11,0.996851,0.997834,0.997186,0,0,0,1.16603,1.87472,161,0,33
118,ba,ParkingCutIn,18305,k3,plus,op_slow,90008270,11,0.999978,0.999978,0.99997,0,,0,0.0513223,0.204246,81,0,33
118,ba,ParkingCutIn,18305,k3,plus,op_stop,90008280,11,0.999959,0.999985,0.999988,0,,0,0.0772956,0.218456,87,0,33
118,ba,ParkingCutIn,18305,k3,plus,hold,90008290,11,0.999981,0.999981,0.999968,0,,0,0.0542074,0.211304,87,0,33
118,ba,ParkingCutIn,18305,k3,plus,brake_hard,90008300,11,0.999982,0.999982,0.999967,0,,0,0.0637289,0.196836,81,0,33
118,ba,ParkingCutIn,18305,k3,plus,shift_L,90008310,11,0.999533,0.999827,0.999578,0.0566727,,0.0243239,0.338382,2.31113,230,0,33
118,ba,ParkingCutIn,18305,k3,plus,shift_R,90008320,11,0.999979,0.999979,0.999969,0,,0,0.0621871,0.21279,87,0,33
119,ba,ParkingCutIn,18305,k3,minus,op_slow,90008340,11,0.999991,0.999996,0.999995,0,,0,0.0479129,0.109302,46,0,33
119,ba,ParkingCutIn,18305,k3,minus,op_stop,90008350,11,0.999986,0.999994,0.999995,0,,0,0.0472975,0.10985,42,0,33
119,ba,ParkingCutIn,18305,k3,minus,hold,90008360,11,0.999992,0.999997,0.999992,0,,0,0.0539513,0.164654,65,0,33
119,ba,ParkingCutIn,18305,k3,minus,brake_hard,90008370,11,0.999987,0.999998,0.999993,0,,0,0.0643562,0.192059,48,0,33
119,ba,ParkingCutIn,18305,k3,minus,shift_L,90008380,11,0.999995,0.999998,0.999998,0,,0,0.0594734,0.146037,47,0,33
119,ba,ParkingCutIn,18305,k3,minus,shift_R,90008390,11,0.999987,0.999996,0.999987,0,,0,0.0563875,0.158224,71,0,33
120,ba,ParkingCutIn,18311,k3,plus,op_slow,90008410,11,0.999913,0.999958,0.999929,0,,0,0.0480191,0.127834,33,0,33
120,ba,ParkingCutIn,18311,k3,plus,op_stop,90008420,11,0.999983,0.999983,0.999979,0,,0,0.031257,0.103466,29,0,33
120,ba,ParkingCutIn,18311,k3,plus,hold,90008430,11,0.999975,0.999975,0.999968,0,,0,0.0374052,0.121509,32,0,33
120,ba,ParkingCutIn,18311,k3,plus,brake_hard,90008440,11,0.999985,0.999991,0.999981,0,,0,0.0317459,0.12319,29,0,33
120,ba,ParkingCutIn,18311,k3,plus,shift_L,90008450,11,0.99998,0.999991,0.999974,0,,0,0.0393784,0.133999,29,0,33
120,ba,ParkingCutIn,18311,k3,plus,shift_R,90008460,11,0.999995,0.999996,0.999987,0,,0,0.0133594,0.0718668,21,0,33
121,ba,ParkingCutIn,18311,k3,minus,op_slow,90008480,11,0.999978,0.999991,0.999892,0,,0,0.0286168,0.133773,20,0,33
121,ba,ParkingCutIn,18311,k3,minus,op_stop,90008490,11,0.999864,0.999974,0.999984,0,,0,0.0246062,0.133453,35,0,33
121,ba,ParkingCutIn,18311,k3,minus,hold,90008500,11,0.999938,0.999982,0.999966,0,,0,0.0351495,0.131791,35,0,33
121,ba,ParkingCutIn,18311,k3,minus,brake_hard,90008510,11,0.999917,0.999978,0.999976,0,,0,0.0383693,0.14181,35,0,33
121,ba,ParkingCutIn,18311,k3,minus,shift_L,90008520,11,0.999922,0.999982,0.999964,0,,0,0.0300063,0.140851,35,0,33
121,ba,ParkingCutIn,18311,k3,minus,shift_R,90008530,11,0.999923,0.999979,0.999962,0,,0,0.0293719,0.132595,35,0,33
122,ba,ParkingCutIn,18344,k3,plus,op_slow,90008550,11,0.995296,0.995296,0.99247,0.00497951,,0,1.47875,1.84223,159,0,33
122,ba,ParkingCutIn,18344,k3,plus,op_stop,90008560,11,0.998379,0.998379,0.998589,0.00497951,,0,1.47216,1.97277,154,0,33
122,ba,ParkingCutIn,18344,k3,plus,hold,90008570,11,0.998358,0.998358,0.994388,0.00497951,,0,1.45966,1.95565,155,0,33
122,ba,ParkingCutIn,18344,k3,plus,brake_hard,90008580,11,0.996601,0.996601,0.998012,0.00497951,,0,1.46901,1.73144,158,0,33
122,ba,ParkingCutIn,18344,k3,plus,shift_L,90008590,11,0.998996,0.998996,0.996556,0.00497951,,0,1.4593,1.71362,158,0,33
122,ba,ParkingCutIn,18344,k3,plus,shift_R,90008600,11,0.995877,0.995877,0.992925,0.00497951,,0,1.45763,1.74749,153,0,33
123,ba,ParkingCutIn,18344,k3,minus,op_slow,90008620,11,0.998764,0.999166,0.998811,0,,0,1.47207,1.78777,136,0,33
123,ba,ParkingCutIn,18344,k3,minus,op_stop,90008630,11,0.999093,0.999305,0.999409,0,,0,1.46351,1.72869,128,0,33
123,ba,ParkingCutIn,18344,k3,minus,hold,90008640,11,0.998857,0.998857,0.999233,0,,0,1.48116,1.72504,127,0,33
123,ba,ParkingCutIn,18344,k3,minus,brake_hard,90008650,11,0.998954,0.998984,0.99888,0,,0,1.49514,1.73211,137,0,33
123,ba,ParkingCutIn,18344,k3,minus,shift_L,90008660,11,0.9985,0.9985,0.998758,0,,0,1.4738,1.75554,135,0,33
123,ba,ParkingCutIn,18344,k3,minus,shift_R,90008670,11,0.998926,0.999454,0.998851,0,,0,1.48216,1.78727,139,0,33
124,ba,ParkingCutIn,18356,k3,plus,op_slow,90008690,11,0.996781,0.998539,0.995566,0,,0,1.05564,1.30876,109,0,33
124,ba,ParkingCutIn,18356,k3,plus,op_stop,90008700,11,0.997877,0.998959,0.995135,0,,0,1.06104,1.33132,80,0,33
124,ba,ParkingCutIn,18356,k3,plus,hold,90008710,11,0.995291,0.998008,0.995382,0.036971,,0.0224123,1.14444,1.59957,213,0,33
124,ba,ParkingCutIn,18356,k3,plus,brake_hard,90008720,11,0.996678,0.99768,0.993718,0.036971,,0.0224123,1.12811,1.62343,212,0,33
124,ba,ParkingCutIn,18356,k3,plus,shift_L,90008730,11,0.997151,0.998231,0.994852,0,,0,1.06122,1.43319,66,0,33
124,ba,ParkingCutIn,18356,k3,plus,shift_R,90008740,11,0.997167,0.999064,0.995466,0,,0,1.05057,1.24861,122,0,33
125,ba,ParkingCutIn,18356,k3,minus,op_slow,90008760,11,0.997851,0.997851,0.99587,0,,0,1.11418,1.41436,85,0,33
125,ba,ParkingCutIn,18356,k3,minus,op_stop,90008770,11,0.996343,0.997284,0.995344,0,,0,1.04175,1.37108,89,0,33
125,ba,ParkingCutIn,18356,k3,minus,hold,90008780,11,0.997145,0.997935,0.996589,0,,0,1.09393,1.72755,102,0,33
125,ba,ParkingCutIn,18356,k3,minus,brake_hard,90008790,11,0.996199,0.997486,0.996867,0,,0,1.05704,1.43308,79,0,33
125,ba,ParkingCutIn,18356,k3,minus,shift_L,90008800,11,0.99682,0.997896,0.993893,0,,0,1.0697,1.59752,84,0,33
125,ba,ParkingCutIn,18356,k3,minus,shift_R,90008810,11,0.99551,0.998206,0.994656,0,,0,1.07959,1.36039,78,0,33
126,ba,VehicleTurningRoutePedestrian,2164,k1,plus,op_slow,90008830,10,0.998406,0.999963,0.99995,0,0,0,2.22277,5.24188,167,0,30
126,ba,VehicleTurningRoutePedestrian,2164,k1,plus,op_stop,90008840,10,0.999941,0.999957,0.99993,0,0,0,1.79755,4.94975,176,0,30
126,ba,VehicleTurningRoutePedestrian,2164,k1,plus,hold,90008850,10,0.999925,0.999948,0.99988,0,0,0,1.80906,4.96087,175,0,30
126,ba,VehicleTurningRoutePedestrian,2164,k1,plus,brake_hard,90008860,10,0.999922,0.999949,0.999928,0,0,0,1.85464,5.17054,175,0,30
126,ba,VehicleTurningRoutePedestrian,2164,k1,plus,shift_L,90008870,10,0.999888,0.999962,0.999999,0,0,0,2.00739,5.20627,167,0,30
126,ba,VehicleTurningRoutePedestrian,2164,k1,plus,shift_R,90008880,10,0.998406,0.999961,0.99995,0,0,0,2.21315,5.24188,167,0,30
127,ba,VehicleTurningRoutePedestrian,2164,k1,minus,op_slow,90008900,10,0.999859,0.999859,0.99997,0,0,0,0.734526,1.90322,178,1,30
127,ba,VehicleTurningRoutePedestrian,2164,k1,minus,op_stop,90008910,10,0.999966,0.99999,0.999864,0,0,0,0.190473,1.342,177,2,30
127,ba,VehicleTurningRoutePedestrian,2164,k1,minus,hold,90008920,10,0.999947,0.999984,0.999945,0,0,0,0.0253098,0.170568,157,1,30
127,ba,VehicleTurningRoutePedestrian,2164,k1,minus,brake_hard,90008930,10,0.998387,0.999965,0.999939,0,0,0,0.0888354,1.98637,157,2,30
127,ba,VehicleTurningRoutePedestrian,2164,k1,minus,shift_L,90008940,10,0.999953,0.999987,0.999952,0,0,0,0.0297986,0.141176,157,1,30
127,ba,VehicleTurningRoutePedestrian,2164,k1,minus,shift_R,90008950,10,0.998407,0.999892,0.999902,0,0,0,1.8699,5.07895,175,0,30
128,ba,VehicleTurningRoutePedestrian,2164,k2,plus,op_slow,90008970,11,0.998905,0.998905,0.999919,0,0,0,0.226628,0.652528,157,0,33
128,ba,VehicleTurningRoutePedestrian,2164,k2,plus,op_stop,90008980,11,0.998891,0.998891,0.999933,0,0,0,0.449395,0.943196,171,0,33
128,ba,VehicleTurningRoutePedestrian,2164,k2,plus,hold,90008990,11,0.998861,0.998861,0.999991,0,0,0,0.56506,1.59207,176,0,33
128,ba,VehicleTurningRoutePedestrian,2164,k2,plus,brake_hard,90009000,11,0.998927,0.998927,0.999926,0,0,0,2.22517,5.0506,176,0,33
128,ba,VehicleTurningRoutePedestrian,2164,k2,plus,shift_L,90009010,11,0.998888,0.998888,0.999927,0,0,0,0.26324,0.672993,128,0,33
128,ba,VehicleTurningRoutePedestrian,2164,k2,plus,shift_R,90009020,11,0.998883,0.998883,0.999934,0,0,0,1.95212,4.78866,176,0,33
129,ba,VehicleTurningRoutePedestrian,2164,k2,minus,op_slow,90009040,11,0.999998,0.999999,0.999947,0,0,0,0.00150579,0.0058067,17,3,33
129,ba,VehicleTurningRoutePedestrian,2164,k2,minus,op_stop,90009050,11,0.998664,0.998664,0.998726,0,0,0,0.551649,1.29002,176,0,33
129,ba,VehicleTurningRoutePedestrian,2164,k2,minus,hold,90009060,11,0.999816,0.999985,0.999914,0,0,0,0.132837,0.488512,167,0,33
129,ba,VehicleTurningRoutePedestrian,2164,k2,minus,brake_hard,90009070,11,0.999914,0.999996,0.999912,0,0,0,0.364043,1.4054,177,0,33
129,ba,VehicleTurningRoutePedestrian,2164,k2,minus,shift_L,90009080,11,0.998697,0.998697,0.998752,0,0,0,1.28689,3.7553,175,0,33
129,ba,VehicleTurningRoutePedestrian,2164,k2,minus,shift_R,90009090,11,0.999998,0.999999,0.999948,0,0,0,0.0129796,0.0861846,91,3,33
130,ba,VehicleTurningRoutePedestrian,2164,k3,plus,op_slow,90009110,11,0.999982,0.999999,0.999973,0,0,0,0.105607,0.372862,86,0,33
130,ba,VehicleTurningRoutePedestrian,2164,k3,plus,op_stop,90009120,11,0.999977,0.999999,0.999975,0,0,0,0.0889655,0.314765,86,0,33
130,ba,VehicleTurningRoutePedestrian,2164,k3,plus,hold,90009130,11,0.999966,0.999999,0.999951,0,0,0,0.166621,0.779107,99,0,33
130,ba,VehicleTurningRoutePedestrian,2164,k3,plus,brake_hard,90009140,11,0.999985,0.999998,0.999976,0.000818873,0,0.000440131,0.0941768,0.267227,65,0,33
130,ba,VehicleTurningRoutePedestrian,2164,k3,plus,shift_L,90009150,11,0.999976,0.999998,0.999997,0,0,0,0.0913279,0.307379,65,0,33
130,ba,VehicleTurningRoutePedestrian,2164,k3,plus,shift_R,90009160,11,0.999986,0.999999,0.999986,0.000818873,0,0.000440131,0.0946925,0.274425,65,0,33
131,ba,VehicleTurningRoutePedestrian,2164,k3,minus,op_slow,90009180,11,0.999976,0.999999,0.999997,0.000818873,0,0.000440131,0.061381,0.192443,22,0,33
131,ba,VehicleTurningRoutePedestrian,2164,k3,minus,op_stop,90009190,11,0.999956,0.999998,0.999969,0.000818873,0,0.000440131,0.144053,0.504325,86,0,33
131,ba,VehicleTurningRoutePedestrian,2164,k3,minus,hold,90009200,11,0.999988,0.999999,0.999974,0,0,0,0.0711128,0.217072,49,0,33
131,ba,VehicleTurningRoutePedestrian,2164,k3,minus,brake_hard,90009210,11,0.999848,0.999999,0.999891,0.000818873,0,0.000440131,0.305413,1.17681,143,0,33
131,ba,VehicleTurningRoutePedestrian,2164,k3,minus,shift_L,90009220,11,0.999978,0.999999,0.999992,0.000818873,0,0.000440131,0.0937936,0.302112,57,0,33
131,ba,VehicleTurningRoutePedestrian,2164,k3,minus,shift_R,90009230,11,0.999976,0.999999,0.999992,0.000818873,0,0.000440131,0.0773799,0.228823,73,0,33
132,ba,StaticCutIn,22331,k1,plus,op_slow,90009250,11,0.998777,0.999271,0.998955,0.00012207,,0.00012207,1.41256,1.68653,78,0,33
132,ba,StaticCutIn,22331,k1,plus,op_stop,90009260,11,0.998148,0.999502,0.998425,0.00012207,,0.00012207,1.41671,1.71278,66,0,33
132,ba,StaticCutIn,22331,k1,plus,hold,90009270,11,0.998425,0.999351,0.998131,0.00012207,,0.00012207,1.45066,1.98454,76,0,33
132,ba,StaticCutIn,22331,k1,plus,brake_hard,90009280,11,0.998353,0.999362,0.998891,0.00012207,,0.00012207,1.39896,1.56623,74,0,33
132,ba,StaticCutIn,22331,k1,plus,shift_L,90009290,11,0.997342,0.999047,0.998498,0.00012207,,0.00012207,1.45881,1.86591,65,0,33
132,ba,StaticCutIn,22331,k1,plus,shift_R,90009300,11,0.998731,0.999342,0.998276,0.00012207,,0.00012207,1.4282,1.76692,89,0,33
133,ba,StaticCutIn,22331,k1,minus,op_slow,90009320,11,0.998916,0.999488,0.998323,0,,0,1.46741,1.89355,72,0,33
133,ba,StaticCutIn,22331,k1,minus,op_stop,90009330,11,0.983825,0.999076,0.986753,0,,0,1.63923,3.35243,100,0,33
133,ba,StaticCutIn,22331,k1,minus,hold,90009340,11,0.999127,0.999398,0.9985,0,,0,1.43949,2.02379,84,0,33
133,ba,StaticCutIn,22331,k1,minus,brake_hard,90009350,11,0.99862,0.99862,0.998199,0.00012207,,0.00012207,1.44832,1.82892,76,0,33
133,ba,StaticCutIn,22331,k1,minus,shift_L,90009360,11,0.998873,0.999575,0.997922,0,,0,1.41765,1.72252,84,0,33
133,ba,StaticCutIn,22331,k1,minus,shift_R,90009370,11,0.999087,0.999142,0.997441,0,,0,1.44859,1.78039,74,0,33
134,ba,StaticCutIn,22331,k2,plus,op_slow,90009390,11,0.999167,0.999348,0.99865,0.00012207,,0.00012207,1.44243,1.89983,79,0,33
134,ba,StaticCutIn,22331,k2,plus,op_stop,90009400,11,0.99905,0.99905,0.998507,0.00012207,,0.00012207,1.39582,1.76015,79,0,33
134,ba,StaticCutIn,22331,k2,plus,hold,90009410,11,0.998796,0.999357,0.998455,0.00012207,,0.00012207,1.39393,1.71137,97,0,33
134,ba,StaticCutIn,22331,k2,plus,brake_hard,90009420,11,0.998983,0.999415,0.998533,0.00012207,,0.00012207,1.38374,1.68753,77,0,33
134,ba,StaticCutIn,22331,k2,plus,shift_L,90009430,11,0.999076,0.999551,0.998451,0.00012207,,0.00012207,1.40848,1.7826,74,0,33
134,ba,StaticCutIn,22331,k2,plus,shift_R,90009440,11,0.998622,0.999138,0.99853,0.00012207,,0.00012207,1.42242,2.0046,77,0,33
135,ba,StaticCutIn,22331,k2,minus,op_slow,90009460,11,0.998457,0.998457,0.998686,0,,0,1.40018,1.7547,90,0,33
135,ba,StaticCutIn,22331,k2,minus,op_stop,90009470,11,0.999045,0.999472,0.99789,0,,0,1.41966,1.85218,84,0,33
135,ba,StaticCutIn,22331,k2,minus,hold,90009480,11,0.999096,0.999096,0.998787,0,,0,1.39985,1.82333,81,0,33
135,ba,StaticCutIn,22331,k2,minus,brake_hard,90009490,11,0.998941,0.999237,0.998356,0,,0,1.39926,1.72892,81,0,33
135,ba,StaticCutIn,22331,k2,minus,shift_L,90009500,11,0.999022,0.999054,0.998266,0,,0,1.41235,1.85656,81,0,33
135,ba,StaticCutIn,22331,k2,minus,shift_R,90009510,11,0.998912,0.998912,0.998401,0,,0,1.40838,1.82104,82,0,33
136,ba,StaticCutIn,22331,k3,plus,op_slow,90009530,11,0.998611,0.998611,0.998398,0,,0,1.36311,1.61688,87,0,33
136,ba,StaticCutIn,22331,k3,plus,op_stop,90009540,11,0.998824,0.999264,0.99856,0,,0,1.34149,1.57975,87,0,33
136,ba,StaticCutIn,22331,k3,plus,hold,90009550,11,0.997534,0.997534,0.998301,0,,0,1.37941,1.69788,87,0,33
136,ba,StaticCutIn,22331,k3,plus,brake_hard,90009560,11,0.998006,0.998006,0.99689,0.0192488,,0.00012207,1.36314,1.6339,74,0,33
136,ba,StaticCutIn,22331,k3,plus,shift_L,90009570,11,0.998148,0.998986,0.997834,0.0192488,,0.00012207,1.38351,1.6329,87,0,33
136,ba,StaticCutIn,22331,k3,plus,shift_R,90009580,11,0.998173,0.998597,0.998094,0,,0,1.35976,1.66336,87,0,33
137,ba,StaticCutIn,22331,k3,minus,op_slow,90009600,11,0.998809,0.998809,0.997405,0,,0,1.37587,1.66819,88,0,33
137,ba,StaticCutIn,22331,k3,minus,op_stop,90009610,11,0.998725,0.998769,0.998648,0,,0,1.38804,1.87585,62,0,33
137,ba,StaticCutIn,22331,k3,minus,hold,90009620,11,0.99864,0.999065,0.997814,0,,0,1.34895,1.63271,71,0,33
137,ba,StaticCutIn,22331,k3,minus,brake_hard,90009630,11,0.998077,0.998077,0.997439,0,,0,1.39162,1.65549,67,0,33
137,ba,StaticCutIn,22331,k3,minus,shift_L,90009640,11,0.998687,0.998955,0.998645,0,,0,1.35472,1.70295,85,0,33
137,ba,StaticCutIn,22331,k3,minus,shift_R,90009650,11,0.9981,0.999499,0.998416,0,,0,1.37224,1.78349,69,0,33
138,ba,StaticCutIn,22531,k1,plus,op_slow,90009670,11,0.999632,0.999632,0.999545,0,,0,1.32773,2.48312,82,0,33
138,ba,StaticCutIn,22531,k1,plus,op_stop,90009680,11,0.999409,0.999409,0.999465,0,,0,1.23772,2.4148,77,0,33
138,ba,StaticCutIn,22531,k1,plus,hold,90009690,11,0.999639,0.999764,0.999563,0,,0,1.33218,1.87788,70,0,33
138,ba,StaticCutIn,22531,k1,plus,brake_hard,90009700,11,0.999598,0.999641,0.999503,0,,0,1.20881,2.30683,77,0,33
138,ba,StaticCutIn,22531,k1,plus,shift_L,90009710,11,0.999603,0.999603,0.999541,0,,0,1.24854,1.9757,97,0,33
138,ba,StaticCutIn,22531,k1,plus,shift_R,90009720,11,0.999438,0.999438,0.999363,0,,0,1.31344,2.30241,77,0,33
139,ba,StaticCutIn,22531,k1,minus,op_slow,90009740,11,0.99962,0.999795,0.999494,0,,0,1.44558,2.48532,81,0,33
139,ba,StaticCutIn,22531,k1,minus,op_stop,90009750,11,0.99912,0.999623,0.999373,0,,0,1.42157,2.52885,118,0,33
139,ba,StaticCutIn,22531,k1,minus,hold,90009760,11,0.99958,0.999718,0.999444,0,,0,1.3633,1.97834,71,0,33
139,ba,StaticCutIn,22531,k1,minus,brake_hard,90009770,11,0.999711,0.999789,0.999344,0,,0,1.3734,2.55078,114,0,33
139,ba,StaticCutIn,22531,k1,minus,shift_L,90009780,11,0.999231,0.999793,0.999496,0,,0,1.44081,2.59913,85,0,33
139,ba,StaticCutIn,22531,k1,minus,shift_R,90009790,11,0.999603,0.999603,0.999431,0,,0,1.39543,2.62867,115,0,33
140,ba,StaticCutIn,22531,k2,plus,op_slow,90009810,11,0.999541,0.999772,0.998755,0,,0,1.16297,1.52542,68,0,33
140,ba,StaticCutIn,22531,k2,plus,op_stop,90009820,11,0.999663,0.999663,0.998548,0,,0,1.1535,1.55276,109,0,33
140,ba,StaticCutIn,22531,k2,plus,hold,90009830,11,0.999519,0.999817,0.998881,0,,0,1.19476,2.42966,84,0,33
140,ba,StaticCutIn,22531,k2,plus,brake_hard,90009840,11,0.999582,0.999735,0.999411,0,,0,1.18667,1.48382,65,0,33
140,ba,StaticCutIn,22531,k2,plus,shift_L,90009850,11,0.999693,0.999737,0.999301,0,,0,1.22256,2.42789,85,0,33
140,ba,StaticCutIn,22531,k2,plus,shift_R,90009860,11,0.99972,0.999797,0.999393,0,,0,1.18178,1.65323,56,0,33
141,ba,StaticCutIn,22531,k2,minus,op_slow,90009880,11,0.999668,0.99976,0.999569,0,,0,1.13755,2.267,83,0,33
141,ba,StaticCutIn,22531,k2,minus,op_stop,90009890,11,0.999556,0.99969,0.999443,0,,0,1.1505,1.63877,73,0,33
141,ba,StaticCutIn,22531,k2,minus,hold,90009900,11,0.999578,0.999798,0.99944,0.000488281,,0,1.12622,1.49964,117,0,33
141,ba,StaticCutIn,22531,k2,minus,brake_hard,90009910,11,0.999585,0.999662,0.999538,0,,0,1.15573,1.56304,118,0,33
141,ba,StaticCutIn,22531,k2,minus,shift_L,90009920,11,0.999696,0.999728,0.999514,0,,0,1.14395,1.52754,71,0,33
141,ba,StaticCutIn,22531,k2,minus,shift_R,90009930,11,0.999572,0.999709,0.999473,0,,0,1.15226,2.21126,120,0,33
142,ba,StaticCutIn,22531,k3,plus,op_slow,90009950,11,0.999644,0.999715,0.999444,0,,0,1.11415,1.33053,117,0,33
142,ba,StaticCutIn,22531,k3,plus,op_stop,90009960,11,0.999337,0.999648,0.999153,0.0257267,,0,1.13878,1.36744,82,0,33
142,ba,StaticCutIn,22531,k3,plus,hold,90009970,11,0.999526,0.999808,0.999327,0,,0,1.1144,1.32136,61,0,33
142,ba,StaticCutIn,22531,k3,plus,brake_hard,90009980,11,0.999416,0.999701,0.999198,0,,0,1.10498,1.26864,91,0,33
142,ba,StaticCutIn,22531,k3,plus,shift_L,90009990,11,0.999741,0.999882,0.999495,0,,0,1.11638,1.37401,130,0,33
142,ba,StaticCutIn,22531,k3,plus,shift_R,90010000,11,0.999514,0.999867,0.999385,0,,0,1.12174,1.47403,139,0,33
143,ba,StaticCutIn,22531,k3,minus,op_slow,90010020,11,0.999677,0.999804,0.999626,0,,0,1.11673,1.29935,75,0,33
143,ba,StaticCutIn,22531,k3,minus,op_stop,90010030,11,0.999442,0.999799,0.999565,0,,0,1.10349,1.27847,69,0,33
143,ba,StaticCutIn,22531,k3,minus,hold,90010040,11,0.999796,0.999846,0.999566,0,,0,1.11596,1.29939,74,0,33
143,ba,StaticCutIn,22531,k3,minus,brake_hard,90010050,11,0.999785,0.999827,0.999551,0,,0,1.13961,1.37191,73,0,33
143,ba,StaticCutIn,22531,k3,minus,shift_L,90010060,11,0.999533,0.999729,0.999372,0,,0,1.11058,1.5347,136,0,33
143,ba,StaticCutIn,22531,k3,minus,shift_R,90010070,11,0.999732,0.999736,0.999394,0,,0,1.12298,1.41982,73,0,33
144,ba,StaticCutIn,22535,k1,plus,op_slow,90010090,11,0.999903,0.999989,0.999987,0,,0,0.138605,0.485359,99,0,33
144,ba,StaticCutIn,22535,k1,plus,op_stop,90010100,11,0.999878,0.999987,0.999962,0,,0,0.150762,0.499726,99,0,33
144,ba,StaticCutIn,22535,k1,plus,hold,90010110,11,0.999898,0.99999,0.999984,0,,0,0.14095,0.462985,98,0,33
144,ba,StaticCutIn,22535,k1,plus,brake_hard,90010120,11,0.999886,0.999989,0.999995,0,,0,0.148767,0.489985,99,0,33
144,ba,StaticCutIn,22535,k1,plus,shift_L,90010130,11,0.999882,0.999989,0.999996,0,,0,0.148636,0.488877,99,0,33
144,ba,StaticCutIn,22535,k1,plus,shift_R,90010140,11,0.999899,0.99999,0.999995,0,,0,0.146194,0.464773,99,0,33
145,ba,StaticCutIn,22535,k1,minus,op_slow,90010160,11,0.99995,0.999996,0.999965,0,,0,0.0992714,0.304305,62,0,33
145,ba,StaticCutIn,22535,k1,minus,op_stop,90010170,11,0.999964,0.999995,0.999989,0,,0,0.0831141,0.304652,62,0,33
145,ba,StaticCutIn,22535,k1,minus,hold,90010180,11,0.999957,0.999996,0.999986,0,,0,0.108086,0.313257,62,0,33
145,ba,StaticCutIn,22535,k1,minus,brake_hard,90010190,11,0.999963,0.999997,0.999994,0,,0,0.106925,0.32186,63,0,33
145,ba,StaticCutIn,22535,k1,minus,shift_L,90010200,11,0.99996,0.999993,0.999992,0,,0,0.0831892,0.28943,62,0,33
145,ba,StaticCutIn,22535,k1,minus,shift_R,90010210,11,0.999972,0.999996,0.999997,0,,0,0.0794007,0.290206,62,0,33
146,ba,StaticCutIn,22535,k2,plus,op_slow,90010230,11,0.999992,0.999998,0.999993,0,,0,0.060147,0.147266,20,0,33
146,ba,StaticCutIn,22535,k2,plus,op_stop,90010240,11,0.999992,0.999997,0.999993,0,,0,0.0687573,0.193507,20,0,33
146,ba,StaticCutIn,22535,k2,plus,hold,90010250,11,0.999959,0.999995,0.999973,0,,0,0.0673866,0.244511,98,0,33
146,ba,StaticCutIn,22535,k2,plus,brake_hard,90010260,11,0.99999,0.999996,0.999994,0,,0,0.0674553,0.178955,37,0,33
146,ba,StaticCutIn,22535,k2,plus,shift_L,90010270,11,0.999955,0.999997,0.999982,0,,0,0.0564929,0.229182,98,0,33
146,ba,StaticCutIn,22535,k2,plus,shift_R,90010280,11,0.999995,0.999997,0.999995,0,,0,0.0594819,0.135733,25,0,33
147,ba,StaticCutIn,22535,k2,minus,op_slow,90010300,11,0.999991,0.999998,0.999992,0,,0,0.0446686,0.0719284,27,0,33
147,ba,StaticCutIn,22535,k2,minus,op_stop,90010310,11,0.999995,0.999998,0.999997,0,,0,0.0386376,0.0849075,30,0,33
147,ba,StaticCutIn,22535,k2,minus,hold,90010320,11,0.999992,0.999998,0.999994,0,,0,0.0508147,0.123226,30,0,33
147,ba,StaticCutIn,22535,k2,minus,brake_hard,90010330,11,0.999995,0.999998,0.999997,0,,0,0.0438765,0.0780955,27,0,33
147,ba,StaticCutIn,22535,k2,minus,shift_L,90010340,11,0.999994,0.999998,0.999996,0,,0,0.0491849,0.116705,31,0,33
147,ba,StaticCutIn,22535,k2,minus,shift_R,90010350,11,0.999987,0.999997,0.999988,0,,0,0.0581184,0.140456,53,0,33
148,ba,StaticCutIn,22535,k3,plus,op_slow,90010370,11,0.999996,0.999997,0.999991,0,,0,0.0260339,0.0593943,68,0,33
148,ba,StaticCutIn,22535,k3,plus,op_stop,90010380,11,0.999996,0.999996,0.999989,0,,0,0.0208773,0.0416808,15,0,33
148,ba,StaticCutIn,22535,k3,plus,hold,90010390,11,0.999995,0.999998,0.999988,0,,0,0.0218529,0.0410852,19,0,33
148,ba,StaticCutIn,22535,k3,plus,brake_hard,90010400,11,0.999996,0.999996,0.999987,0,,0,0.0211322,0.041287,19,0,33
148,ba,StaticCutIn,22535,k3,plus,shift_L,90010410,11,0.999931,0.999931,0.999932,0.0181668,,0,0.042479,0.272822,94,0,33
148,ba,StaticCutIn,22535,k3,plus,shift_R,90010420,11,0.999997,0.999997,0.999991,0,,0,0.0210766,0.0554736,46,0,33
149,ba,StaticCutIn,22535,k3,minus,op_slow,90010440,11,0.999997,0.999999,0.999997,0,,0,0.0260745,0.0760557,89,0,33
149,ba,StaticCutIn,22535,k3,minus,op_stop,90010450,11,0.999995,0.999995,0.999995,0,,0,0.0240542,0.0746617,20,0,33
149,ba,StaticCutIn,22535,k3,minus,hold,90010460,11,0.999997,0.999998,0.999996,0,,0,0.0281474,0.0654819,89,0,33
149,ba,StaticCutIn,22535,k3,minus,brake_hard,90010470,11,0.999996,0.999999,0.999995,0,,0,0.0419827,0.267525,156,0,33
149,ba,StaticCutIn,22535,k3,minus,shift_L,90010480,11,0.999997,0.999998,0.999995,0,,0,0.0283508,0.0724875,61,0,33
149,ba,StaticCutIn,22535,k3,minus,shift_R,90010490,11,0.999994,0.999994,0.999996,0,,0,0.0288942,0.0763624,89,0,33
150,ba,HighwayCutIn,2286,k1,plus,op_slow,90010510,11,0.99993,0.999991,0.999689,0,,0,0.213387,0.453286,90,0,33
150,ba,HighwayCutIn,2286,k1,plus,op_stop,90010520,11,0.999939,0.999992,0.999633,0,,0,0.208676,0.45163,90,0,33
150,ba,HighwayCutIn,2286,k1,plus,hold,90010530,11,0.999966,0.999994,0.999609,0,,0,0.187117,0.412493,90,0,33
150,ba,HighwayCutIn,2286,k1,plus,brake_hard,90010540,11,0.999909,0.999991,0.999709,0,,0,0.244472,0.473806,90,0,33
150,ba,HighwayCutIn,2286,k1,plus,shift_L,90010550,11,0.999933,0.999989,0.999633,0,,0,0.188675,0.412888,90,0,33
150,ba,HighwayCutIn,2286,k1,plus,shift_R,90010560,11,0.999932,0.99999,0.999709,0,,0,0.24712,0.472954,90,0,33
151,ba,HighwayCutIn,2286,k1,minus,op_slow,90010580,11,0.999911,0.999983,0.999785,0,,0,0.254373,0.550092,89,0,33
151,ba,HighwayCutIn,2286,k1,minus,op_stop,90010590,11,0.999973,0.999995,0.99996,0,,0,0.13242,0.255248,75,0,33
151,ba,HighwayCutIn,2286,k1,minus,hold,90010600,11,0.999991,0.999996,0.999947,0,,0,0.0996003,0.24242,58,0,33
151,ba,HighwayCutIn,2286,k1,minus,brake_hard,90010610,11,0.999877,0.999993,0.99974,0,,0,0.277643,0.557995,88,0,33
151,ba,HighwayCutIn,2286,k1,minus,shift_L,90010620,11,0.999911,0.999994,0.999783,0,,0,0.216046,0.554336,64,0,33
151,ba,HighwayCutIn,2286,k1,minus,shift_R,90010630,11,0.99983,0.999994,0.999787,0,,0,0.222311,0.58335,117,0,33
152,ba,HighwayCutIn,2286,k2,plus,op_slow,90010650,11,0.999989,0.999997,0.999973,0,,0,0.0613604,0.138485,29,0,33
152,ba,HighwayCutIn,2286,k2,plus,op_stop,90010660,11,0.999991,0.999997,0.99997,0,,0,0.0818956,0.195318,26,0,33
152,ba,HighwayCutIn,2286,k2,plus,hold,90010670,11,0.999991,0.999998,0.999962,0,,0,0.0907982,0.291891,24,0,33
152,ba,HighwayCutIn,2286,k2,plus,brake_hard,90010680,11,0.999987,0.999997,0.999973,0,,0,0.112952,0.347172,30,0,33
152,ba,HighwayCutIn,2286,k2,plus,shift_L,90010690,11,0.999995,0.999997,0.999955,0,,0,0.0737327,0.224647,24,0,33
152,ba,HighwayCutIn,2286,k2,plus,shift_R,90010700,11,0.999987,0.999995,0.999963,0,,0,0.126313,0.373546,59,0,33
153,ba,HighwayCutIn,2286,k2,minus,op_slow,90010720,11,0.999961,0.999993,0.999984,0,,0,0.17218,0.431347,75,0,33
153,ba,HighwayCutIn,2286,k2,minus,op_stop,90010730,11,0.999961,0.999995,0.999987,0,,0,0.130695,0.313829,75,0,33
153,ba,HighwayCutIn,2286,k2,minus,hold,90010740,11,0.999957,0.999995,0.999991,0,,0,0.126838,0.368363,76,0,33
153,ba,HighwayCutIn,2286,k2,minus,brake_hard,90010750,11,0.999996,0.999998,0.999964,0,,0,0.0413849,0.1081,65,0,33
153,ba,HighwayCutIn,2286,k2,minus,shift_L,90010760,11,0.999966,0.999995,0.999977,0,,0,0.145591,0.349238,75,0,33
153,ba,HighwayCutIn,2286,k2,minus,shift_R,90010770,11,0.999995,0.999995,0.999958,0,,0,0.0664365,0.168247,67,0,33
154,ba,HighwayCutIn,2299,k1,plus,op_slow,90010790,9,0.997932,0.999301,0.998046,0,,0,1.94864,3.4175,84,0,27
154,ba,HighwayCutIn,2299,k1,plus,op_stop,90010800,9,0.997361,0.99968,0.998913,0,,0,1.4648,1.87005,100,0,27
154,ba,HighwayCutIn,2299,k1,plus,hold,90010810,9,0.998237,0.999726,0.999227,0,,0,1.49528,1.99938,99,0,27
154,ba,HighwayCutIn,2299,k1,plus,brake_hard,90010820,9,0.997781,0.999486,0.999027,0,,0,1.95161,3.32277,82,0,27
154,ba,HighwayCutIn,2299,k1,plus,shift_L,90010830,9,0.998694,0.999373,0.998977,0,,0,1.49989,1.84111,100,0,27
154,ba,HighwayCutIn,2299,k1,plus,shift_R,90010840,9,0.998244,0.99964,0.99899,0,,0,1.48552,1.77155,91,0,27
155,ba,HighwayCutIn,2299,k1,minus,op_slow,90010860,9,0.99826,0.998975,0.998618,0,,0,1.94496,3.47103,82,0,27
155,ba,HighwayCutIn,2299,k1,minus,op_stop,90010870,9,0.998603,0.999603,0.998913,0,,0,2.06753,3.38971,102,0,27
155,ba,HighwayCutIn,2299,k1,minus,hold,90010880,9,0.998113,0.999566,0.999028,0,,0,1.47986,1.67136,82,0,27
155,ba,HighwayCutIn,2299,k1,minus,brake_hard,90010890,9,0.995582,0.995582,0.99567,0,,0,2.29147,3.04231,100,0,27
155,ba,HighwayCutIn,2299,k1,minus,shift_L,90010900,9,0.998506,0.999389,0.999033,0,,0,1.54397,2.42174,101,0,27
155,ba,HighwayCutIn,2299,k1,minus,shift_R,90010910,9,0.998033,0.99942,0.999263,0,,0,1.47335,1.79706,84,0,27
156,ba,HighwayCutIn,2299,k2,plus,op_slow,90010930,11,0.997712,0.999438,0.998978,0,,0,2.09767,3.48924,81,0,33
156,ba,HighwayCutIn,2299,k2,plus,op_stop,90010940,11,0.998752,0.999258,0.999092,0,,0,1.52734,1.97725,85,0,33
156,ba,HighwayCutIn,2299,k2,plus,hold,90010950,11,0.999251,0.999713,0.99836,0,,0,1.51025,1.82561,86,0,33
156,ba,HighwayCutIn,2299,k2,plus,brake_hard,90010960,11,0.999123,0.999392,0.99873,0,,0,2.10256,3.52645,87,0,33
156,ba,HighwayCutIn,2299,k2,plus,shift_L,90010970,11,0.997757,0.999491,0.999119,0,,0,2.09024,3.38878,80,0,33
156,ba,HighwayCutIn,2299,k2,plus,shift_R,90010980,11,0.998246,0.999585,0.998587,0,,0,1.57538,2.6871,76,0,33
157,ba,HighwayCutIn,2299,k2,minus,op_slow,90011000,11,0.998807,0.998807,0.998888,0,,0,2.10415,3.52476,85,0,33
157,ba,HighwayCutIn,2299,k2,minus,op_stop,90011010,11,0.999304,0.999528,0.999139,0,,0,2.0845,3.59744,85,0,33
157,ba,HighwayCutIn,2299,k2,minus,hold,90011020,11,0.998043,0.999377,0.998757,0,,0,1.52577,1.79622,68,0,33
157,ba,HighwayCutIn,2299,k2,minus,brake_hard,90011030,11,0.999013,0.999366,0.999135,0,,0,2.06649,3.49882,87,0,33
157,ba,HighwayCutIn,2299,k2,minus,shift_L,90011040,11,0.999265,0.999457,0.999178,0,,0,2.10066,3.55795,87,0,33
157,ba,HighwayCutIn,2299,k2,minus,shift_R,90011050,11,0.998665,0.999418,0.998124,0,,0,1.58844,2.61764,75,0,33
158,ba,HighwayCutIn,2299,k3,plus,op_slow,90011070,11,0.999079,0.999397,0.998663,0,,0,1.43807,1.69804,148,0,33
158,ba,HighwayCutIn,2299,k3,plus,op_stop,90011080,11,0.999038,0.999056,0.997942,0.0138107,,0.0117594,1.4576,1.65297,150,0,33
158,ba,HighwayCutIn,2299,k3,plus,hold,90011090,11,0.999021,0.999312,0.998579,0.00100662,,0,1.43225,1.61207,149,0,33
158,ba,HighwayCutIn,2299,k3,plus,brake_hard,90011100,11,0.998878,0.999384,0.99865,0,,0,1.43842,1.62886,177,0,33
158,ba,HighwayCutIn,2299,k3,plus,shift_L,90011110,11,0.999028,0.999101,0.998473,0.0040042,,0.00282759,1.46867,1.70173,148,0,33
158,ba,HighwayCutIn,2299,k3,plus,shift_R,90011120,11,0.999168,0.999298,0.997854,0,,0,1.44063,1.74815,148,0,33
159,ba,HighwayCutIn,2299,k3,minus,op_slow,90011140,11,0.999012,0.999479,0.999403,0,,0,1.43015,1.70307,148,0,33
159,ba,HighwayCutIn,2299,k3,minus,op_stop,90011150,11,0.999297,0.999473,0.998879,0,,0,1.41701,1.62278,149,0,33
159,ba,HighwayCutIn,2299,k3,minus,hold,90011160,11,0.999092,0.999321,0.999209,0,,0,1.43087,1.64936,148,0,33
159,ba,HighwayCutIn,2299,k3,minus,brake_hard,90011170,11,0.998996,0.999496,0.999156,0,,0,1.4467,1.72485,141,0,33
159,ba,HighwayCutIn,2299,k3,minus,shift_L,90011180,11,0.999186,0.999426,0.999153,0,,0,1.43033,1.6126,144,0,33
159,ba,HighwayCutIn,2299,k3,minus,shift_R,90011190,11,0.99872,0.999216,0.999045,0,,0,1.4175,1.64018,149,0,33
160,ba,HighwayCutIn,23697,k1,plus,op_slow,90011210,11,0.995119,0.999897,0.998998,0,,0,0.761554,2.02642,193,0,33
160,ba,HighwayCutIn,23697,k1,plus,op_stop,90011220,11,0.999962,0.99999,0.99928,0,,0,0.202619,0.449525,110,0,33
160,ba,HighwayCutIn,23697,k1,plus,hold,90011230,11,0.99993,0.999988,0.99934,0,,0,0.276548,0.623521,110,0,33
160,ba,HighwayCutIn,23697,k1,plus,brake_hard,90011240,11,0.995129,0.99949,0.998788,0,,0,0.846561,2.01167,193,0,33
160,ba,HighwayCutIn,23697,k1,plus,shift_L,90011250,11,0.995053,0.999781,0.998173,0,,0,0.959098,2.01613,195,0,33
160,ba,HighwayCutIn,23697,k1,plus,shift_R,90011260,11,0.999785,0.999985,0.999276,0,,0,0.338328,0.761551,156,0,33
161,ba,HighwayCutIn,23697,k1,minus,op_slow,90011280,11,0.999908,0.999981,0.999907,0,,0,0.22124,0.505474,98,0,33
161,ba,HighwayCutIn,23697,k1,minus,op_stop,90011290,11,0.999891,0.999992,0.999993,0,,0,0.382714,0.667381,110,0,33
161,ba,HighwayCutIn,23697,k1,minus,hold,90011300,11,0.999942,0.999985,0.999932,0,,0,0.293654,0.700869,107,0,33
161,ba,HighwayCutIn,23697,k1,minus,brake_hard,90011310,11,0.995411,0.999899,0.998074,0,,0,0.762112,1.99626,194,0,33
161,ba,HighwayCutIn,23697,k1,minus,shift_L,90011320,11,0.995445,0.99989,0.998146,0,,0,0.779671,1.98759,194,0,33
161,ba,HighwayCutIn,23697,k1,minus,shift_R,90011330,11,0.999583,0.999988,0.999907,0,,0,0.406023,1.02422,156,0,33
162,ba,HighwayCutIn,23697,k2,plus,op_slow,90011350,11,0.997388,0.99983,0.997951,0,,0,0.595405,1.92185,195,0,33
162,ba,HighwayCutIn,23697,k2,plus,op_stop,90011360,11,0.999874,0.99997,0.999602,0,,0,0.345759,0.709838,130,0,33
162,ba,HighwayCutIn,23697,k2,plus,hold,90011370,11,0.999842,0.999979,0.999743,0,,0,0.288404,0.52551,113,0,33
162,ba,HighwayCutIn,23697,k2,plus,brake_hard,90011380,11,0.99981,0.999972,0.999686,0,,0,0.393891,0.815203,112,0,33
162,ba,HighwayCutIn,23697,k2,plus,shift_L,90011390,11,0.999642,0.999977,0.999877,0,,0,0.517229,1.09367,155,0,33
162,ba,HighwayCutIn,23697,k2,plus,shift_R,90011400,11,0.999949,0.999995,0.999689,0,,0,0.177285,0.52466,131,0,33
163,ba,HighwayCutIn,23697,k2,minus,op_slow,90011420,11,0.999152,0.999973,0.999138,0,,0,0.464601,1.16067,152,0,33
163,ba,HighwayCutIn,23697,k2,minus,op_stop,90011430,11,0.999423,0.999978,0.999432,0,,0,0.460684,1.15697,154,0,33
163,ba,HighwayCutIn,23697,k2,minus,hold,90011440,11,0.999903,0.999968,0.999963,0,,0,0.336498,0.752846,132,0,33
163,ba,HighwayCutIn,23697,k2,minus,brake_hard,90011450,11,0.999981,0.999997,0.999898,0,,0,0.222153,0.6861,95,0,33
163,ba,HighwayCutIn,23697,k2,minus,shift_L,90011460,11,0.999112,0.999975,0.99911,0,,0,0.49693,1.19045,155,0,33
163,ba,HighwayCutIn,23697,k2,minus,shift_R,90011470,11,0.999869,0.99997,0.999977,0,,0,0.309307,0.756321,132,0,33
164,ba,HighwayCutIn,23697,k3,plus,op_slow,90011490,11,0.999404,0.999894,0.999978,0.137026,,0.100284,0.163086,0.477636,195,0,33
164,ba,HighwayCutIn,23697,k3,plus,op_stop,90011500,11,0.999396,0.999895,0.999979,0.137026,,0.100284,0.160562,0.477743,195,0,33
164,ba,HighwayCutIn,23697,k3,plus,hold,90011510,11,0.999402,0.999891,0.999977,0.137026,,0.100284,0.161927,0.476807,195,0,33
164,ba,HighwayCutIn,23697,k3,plus,brake_hard,90011520,11,0.999411,0.999894,0.999976,0.137026,,0.100284,0.162243,0.476783,195,0,33
164,ba,HighwayCutIn,23697,k3,plus,shift_L,90011530,11,0.999394,0.999896,0.999974,0.137026,,0.100284,0.161504,0.477701,195,0,33
164,ba,HighwayCutIn,23697,k3,plus,shift_R,90011540,11,0.999404,0.999892,0.999979,0.137026,,0.100284,0.175523,0.541021,195,0,33
165,ba,HighwayCutIn,23697,k3,minus,op_slow,90011560,11,0.999994,0.999999,0.999994,0,,0,0.0277279,0.0521805,9,0,33
165,ba,HighwayCutIn,23697,k3,minus,op_stop,90011570,11,0.99999,0.999998,0.999996,0,,0,0.0171695,0.0462149,9,0,33
165,ba,HighwayCutIn,23697,k3,minus,hold,90011580,11,0.999993,0.999998,0.99999,0,,0,0.022187,0.0518519,9,8,33
165,ba,HighwayCutIn,23697,k3,minus,brake_hard,90011590,11,0.999994,0.999999,0.999993,0,,0,0.0312741,0.0522581,9,0,33
165,ba,HighwayCutIn,23697,k3,minus,shift_L,90011600,11,0.999988,0.999997,0.999996,0,,0,0.0277899,0.0534843,9,0,33
165,ba,HighwayCutIn,23697,k3,minus,shift_R,90011610,11,0.999995,0.999999,0.999993,0,,0,0.0250474,0.0529878,9,3,33
166,ba,HighwayCutIn,23842,k1,plus,op_slow,90011630,11,0.999628,0.999648,0.998303,0,,0,1.0493,1.20849,117,0,33
166,ba,HighwayCutIn,23842,k1,plus,op_stop,90011640,11,0.993909,0.998247,0.996742,0,,0,1.66089,2.53886,114,0,33
166,ba,HighwayCutIn,23842,k1,plus,hold,90011650,11,0.999587,0.999667,0.998266,0,,0,1.0329,1.18268,108,0,33
166,ba,HighwayCutIn,23842,k1,plus,brake_hard,90011660,11,0.999642,0.999767,0.99873,0,,0,1.07916,1.27845,108,0,33
166,ba,HighwayCutIn,23842,k1,plus,shift_L,90011670,11,0.999474,0.999563,0.998607,0,,0,1.05604,1.23507,165,0,33
166,ba,HighwayCutIn,23842,k1,plus,shift_R,90011680,11,0.999598,0.99973,0.998215,0,,0,1.06275,1.23464,111,0,33
167,ba,HighwayCutIn,23842,k1,minus,op_slow,90011700,11,0.995699,0.999272,0.995791,0,,0,1.42169,2.43672,171,0,33
167,ba,HighwayCutIn,23842,k1,minus,op_stop,90011710,11,0.999534,0.999534,0.998983,0,,0,1.07321,1.291,90,0,33
167,ba,HighwayCutIn,23842,k1,minus,hold,90011720,11,0.999474,0.999474,0.998799,0,,0,1.1131,1.43983,140,0,33
167,ba,HighwayCutIn,23842,k1,minus,brake_hard,90011730,11,0.999793,0.999842,0.998995,0,,0,1.07566,1.71312,166,0,33
167,ba,HighwayCutIn,23842,k1,minus,shift_L,90011740,11,0.999654,0.999733,0.998644,0,,0,1.06511,1.43493,185,0,33
167,ba,HighwayCutIn,23842,k1,minus,shift_R,90011750,11,0.999433,0.999637,0.998729,0,,0,1.12878,1.62381,101,0,33
168,ba,HighwayCutIn,23842,k2,plus,op_slow,90011770,11,0.999038,0.999595,0.998578,0,,0,1.08497,1.34857,155,0,33
168,ba,HighwayCutIn,23842,k2,plus,op_stop,90011780,11,0.999275,0.999435,0.998415,0,,0,1.0865,1.32269,140,0,33
168,ba,HighwayCutIn,23842,k2,plus,hold,90011790,11,0.999046,0.999046,0.997971,0,,0,1.0742,1.2978,103,0,33
168,ba,HighwayCutIn,23842,k2,plus,brake_hard,90011800,11,0.999511,0.999511,0.99849,0,,0,1.08897,1.433,95,0,33
168,ba,HighwayCutIn,23842,k2,plus,shift_L,90011810,11,0.999411,0.999411,0.99743,0,,0,1.09009,1.34096,103,0,33
168,ba,HighwayCutIn,23842,k2,plus,shift_R,90011820,11,0.999285,0.999521,0.99797,0,,0,1.08371,1.45719,101,0,33
169,ba,HighwayCutIn,23842,k2,minus,op_slow,90011840,11,0.999217,0.999729,0.998473,0,,0,1.16291,1.69043,104,0,33
169,ba,HighwayCutIn,23842,k2,minus,op_stop,90011850,11,0.999398,0.999398,0.998756,0,,0,1.10472,1.37469,93,0,33
169,ba,HighwayCutIn,23842,k2,minus,hold,90011860,11,0.998731,0.999384,0.997888,0,,0,1.08904,1.35126,96,0,33
169,ba,HighwayCutIn,23842,k2,minus,brake_hard,90011870,11,0.999387,0.999403,0.998729,0,,0,1.09795,1.38866,148,0,33
169,ba,HighwayCutIn,23842,k2,minus,shift_L,90011880,11,0.999508,0.999547,0.998954,0,,0,1.0859,1.34911,92,0,33
169,ba,HighwayCutIn,23842,k2,minus,shift_R,90011890,11,0.99934,0.99934,0.999203,0,,0,1.08824,1.36067,116,0,33
170,ba,HighwayCutIn,23842,k3,plus,op_slow,90011910,11,0.999718,0.999718,0.999266,0.0174714,,0.00787354,1.16963,1.47606,100,0,33
170,ba,HighwayCutIn,23842,k3,plus,op_stop,90011920,11,0.999729,0.999801,0.999294,0,,0,1.15315,1.62751,100,0,33
170,ba,HighwayCutIn,23842,k3,plus,hold,90011930,11,0.999634,0.999634,0.999371,0,,0,1.16917,1.49688,97,0,33
170,ba,HighwayCutIn,23842,k3,plus,brake_hard,90011940,11,0.999633,0.999686,0.999173,0.0010376,,0.000323618,1.14218,1.44681,101,0,33
170,ba,HighwayCutIn,23842,k3,plus,shift_L,90011950,11,0.999464,0.999798,0.999208,0,,0,1.17546,1.56519,97,0,33
170,ba,HighwayCutIn,23842,k3,plus,shift_R,90011960,11,0.999679,0.999702,0.999405,0,,0,1.15189,1.54018,98,0,33
171,ba,HighwayCutIn,23842,k3,minus,op_slow,90011980,11,0.999251,0.999393,0.997899,0,,0,1.14544,1.4644,93,0,33
171,ba,HighwayCutIn,23842,k3,minus,op_stop,90011990,11,0.999175,0.999175,0.998115,0,,0,1.133,1.39409,94,0,33
171,ba,HighwayCutIn,23842,k3,minus,hold,90012000,11,0.999544,0.999729,0.998472,0,,0,1.15811,1.44822,94,0,33
171,ba,HighwayCutIn,23842,k3,minus,brake_hard,90012010,11,0.999457,0.999457,0.998244,0,,0,1.1288,1.36244,94,0,33
171,ba,HighwayCutIn,23842,k3,minus,shift_L,90012020,11,0.998998,0.999334,0.999098,0,,0,1.13361,1.3838,99,0,33
171,ba,HighwayCutIn,23842,k3,minus,shift_R,90012030,11,0.999579,0.999781,0.998967,0,,0,1.14119,1.41583,94,0,33
172,ba,ParkingCrossingPedestrian,24206,k1,plus,op_slow,90012050,11,0.9994,0.999774,0.973311,0,0,0,1.44699,1.72045,125,0,33
172,ba,ParkingCrossingPedestrian,24206,k1,plus,op_stop,90012060,11,0.999409,0.999746,0.973884,0,0,0,1.45717,1.73618,138,0,33
172,ba,ParkingCrossingPedestrian,24206,k1,plus,hold,90012070,11,0.996179,0.999702,0.975156,0,0,0,1.45383,1.73629,123,0,33
172,ba,ParkingCrossingPedestrian,24206,k1,plus,brake_hard,90012080,11,0.999323,0.999647,0.973673,0,0,0,1.45985,1.72817,120,0,33
172,ba,ParkingCrossingPedestrian,24206,k1,plus,shift_L,90012090,11,0.99767,0.99971,0.974583,0,0,0,1.4481,1.69109,129,0,33
172,ba,ParkingCrossingPedestrian,24206,k1,plus,shift_R,90012100,11,0.998835,0.999726,0.973412,0,0,0,1.44603,1.73134,123,0,33
173,ba,ParkingCrossingPedestrian,24206,k1,minus,op_slow,90012120,11,0.998811,0.998811,0.999063,0,0,0,1.45781,1.74397,133,0,33
173,ba,ParkingCrossingPedestrian,24206,k1,minus,op_stop,90012130,11,0.999411,0.999505,0.999471,0,0,0,1.46264,1.70229,136,0,33
173,ba,ParkingCrossingPedestrian,24206,k1,minus,hold,90012140,11,0.97045,0.987448,0.985203,0,0,0,39.1806,51.9215,255,0,33
173,ba,ParkingCrossingPedestrian,24206,k1,minus,brake_hard,90012150,11,0.999327,0.999536,0.999234,0,0,0,1.4523,1.71179,128,0,33
173,ba,ParkingCrossingPedestrian,24206,k1,minus,shift_L,90012160,11,0.999275,0.999599,0.999334,0,0,0,1.45275,1.71609,116,0,33
173,ba,ParkingCrossingPedestrian,24206,k1,minus,shift_R,90012170,11,0.999483,0.999738,0.999388,0,0,0,1.46997,1.7551,118,0,33
174,ba,ParkingCrossingPedestrian,24206,k2,plus,op_slow,90012190,11,0.99495,0.99978,0.922793,0,0,0,1.42368,1.67505,145,0,33
174,ba,ParkingCrossingPedestrian,24206,k2,plus,op_stop,90012200,11,0.999509,0.999591,0.919642,0,0,0,1.4263,1.68353,152,0,33
174,ba,ParkingCrossingPedestrian,24206,k2,plus,hold,90012210,11,0.999179,0.999724,0.909025,0,0,0,1.4275,1.68346,151,0,33
174,ba,ParkingCrossingPedestrian,24206,k2,plus,brake_hard,90012220,11,0.999376,0.999766,0.911636,0,0,0,1.42172,1.65228,146,0,33
174,ba,ParkingCrossingPedestrian,24206,k2,plus,shift_L,90012230,11,0.998713,0.9998,0.913732,0,0,0,1.41808,1.67518,119,0,33
174,ba,ParkingCrossingPedestrian,24206,k2,plus,shift_R,90012240,11,0.997962,0.999698,0.927781,0,0,0,1.42808,1.65872,153,0,33
175,ba,ParkingCrossingPedestrian,24206,k2,minus,op_slow,90012260,11,0.999551,0.999551,0.998541,0,0,0,1.41414,1.57679,109,0,33
175,ba,ParkingCrossingPedestrian,24206,k2,minus,op_stop,90012270,11,0.904448,0.987153,0.903892,0,0,0,39.7273,54.3108,255,0,33
175,ba,ParkingCrossingPedestrian,24206,k2,minus,hold,90012280,11,0.999289,0.999289,0.999339,0.00178953,0.00178953,0.00178953,1.42254,1.67187,111,0,33
175,ba,ParkingCrossingPedestrian,24206,k2,minus,brake_hard,90012290,11,0.924743,0.986143,0.924342,0,0,0,39.6956,54.2819,255,0,33
175,ba,ParkingCrossingPedestrian,24206,k2,minus,shift_L,90012300,11,0.999107,0.999438,0.999,0,0,0,1.41394,1.60414,106,0,33
175,ba,ParkingCrossingPedestrian,24206,k2,minus,shift_R,90012310,11,0.999066,0.999066,0.998947,0,0,0,1.43262,1.62803,149,0,33
176,ba,ParkingCrossingPedestrian,24206,k3,plus,op_slow,90012330,11,0.964232,0.975522,0.959754,0,0,0,37.6827,53.3991,255,0,33
176,ba,ParkingCrossingPedestrian,24206,k3,plus,op_stop,90012340,11,0.967106,0.978421,0.962612,0,0,0,37.6726,53.432,255,0,33
176,ba,ParkingCrossingPedestrian,24206,k3,plus,hold,90012350,11,0.967256,0.976009,0.96302,0,0,0,37.6815,53.4263,255,0,33
176,ba,ParkingCrossingPedestrian,24206,k3,plus,brake_hard,90012360,11,0.959195,0.976122,0.963598,0,0,0,37.6844,53.3696,255,0,33
176,ba,ParkingCrossingPedestrian,24206,k3,plus,shift_L,90012370,11,0.968646,0.979396,0.964341,0,0,0,37.6609,53.3466,255,0,33
176,ba,ParkingCrossingPedestrian,24206,k3,plus,shift_R,90012380,11,0.962305,0.975071,0.962044,0,0,0,37.7049,53.441,255,0,33
177,ba,ParkingCrossingPedestrian,24206,k3,minus,op_slow,90012400,11,0.999244,0.999771,0.997329,0,0,0,1.39705,1.52144,150,0,33
177,ba,ParkingCrossingPedestrian,24206,k3,minus,op_stop,90012410,11,0.999469,0.999633,0.996793,0.00178953,0.00178953,0.00178953,1.39764,1.55603,120,0,33
177,ba,ParkingCrossingPedestrian,24206,k3,minus,hold,90012420,11,0.999268,0.999764,0.997675,0.00178953,0.00178953,0.00178953,1.41814,1.58384,128,0,33
177,ba,ParkingCrossingPedestrian,24206,k3,minus,brake_hard,90012430,11,0.999369,0.999587,0.997388,0.00178953,0.00178953,0.00178953,1.40988,1.60018,122,0,33
177,ba,ParkingCrossingPedestrian,24206,k3,minus,shift_L,90012440,11,0.999161,0.999293,0.997159,0.00178953,0.00178953,0.00178953,1.38943,1.53319,119,0,33
177,ba,ParkingCrossingPedestrian,24206,k3,minus,shift_R,90012450,11,0.998915,0.999555,0.996264,0.00178953,0.00178953,0.00178953,1.39126,1.55029,117,0,33
178,ba,DynamicObjectCrossing,24211,k1,plus,op_slow,90012470,11,0.99686,0.998894,0.991927,0,0,0,0.994021,1.3201,121,0,33
178,ba,DynamicObjectCrossing,24211,k1,plus,op_stop,90012480,11,0.992192,0.99879,0.995752,0,0,0,0.973049,1.37241,122,0,33
178,ba,DynamicObjectCrossing,24211,k1,plus,hold,90012490,11,0.995499,0.995499,0.990848,0,0,0,0.985304,1.32319,121,0,33
178,ba,DynamicObjectCrossing,24211,k1,plus,brake_hard,90012500,11,0.997258,0.998983,0.989459,0,0,0,0.9788,1.32539,121,0,33
178,ba,DynamicObjectCrossing,24211,k1,plus,shift_L,90012510,11,0.968104,0.968104,0.971273,0,0,0,0.992848,1.42359,139,0,33
178,ba,DynamicObjectCrossing,24211,k1,plus,shift_R,90012520,11,0.992666,0.99919,0.990505,0,0,0,0.968116,1.3155,121,0,33
179,ba,DynamicObjectCrossing,24211,k1,minus,op_slow,90012540,11,0.980321,0.980321,0.996619,0,0,0,4.22054,9.3835,194,0,33
179,ba,DynamicObjectCrossing,24211,k1,minus,op_stop,90012550,11,0.994746,0.994746,0.994537,0,0,0,1.01571,1.26092,107,0,33
179,ba,DynamicObjectCrossing,24211,k1,minus,hold,90012560,11,0.987386,0.987386,0.996636,0,0,0,1.02968,1.27696,107,0,33
179,ba,DynamicObjectCrossing,24211,k1,minus,brake_hard,90012570,11,0.996609,0.996609,0.984264,0,0,0,4.21855,9.41377,194,0,33
179,ba,DynamicObjectCrossing,24211,k1,minus,shift_L,90012580,11,0.991159,0.991159,0.996798,3.8147e-05,3.8147e-05,3.8147e-05,1.03833,1.51611,113,0,33
179,ba,DynamicObjectCrossing,24211,k1,minus,shift_R,90012590,11,0.992842,0.997398,0.977508,0,0,0,1.23973,1.88195,124,0,33
180,ba,DynamicObjectCrossing,24211,k2,plus,op_slow,90012610,11,0.990765,0.999278,0.995815,0,0,0,0.993954,1.67527,131,0,33
180,ba,DynamicObjectCrossing,24211,k2,plus,op_stop,90012620,11,0.992132,0.998852,0.985108,0,0,0,0.985962,1.2473,129,0,33
180,ba,DynamicObjectCrossing,24211,k2,plus,hold,90012630,11,0.990373,0.999451,0.996612,0,0,0,1.01553,1.28484,123,0,33
180,ba,DynamicObjectCrossing,24211,k2,plus,brake_hard,90012640,11,0.993341,0.99784,0.99221,0,0,0,0.988528,1.31333,131,0,33
180,ba,DynamicObjectCrossing,24211,k2,plus,shift_L,90012650,11,0.996577,0.996577,0.997428,0,0,0,0.976643,1.1111,139,0,33
180,ba,DynamicObjectCrossing,24211,k2,plus,shift_R,90012660,11,0.9864,0.998807,0.990278,0,0,0,0.991551,1.3171,134,0,33
181,ba,DynamicObjectCrossing,24211,k2,minus,op_slow,90012680,11,0.992934,0.99811,0.99354,0,0,0,0.988837,1.30381,111,0,33
181,ba,DynamicObjectCrossing,24211,k2,minus,op_stop,90012690,11,0.994545,0.998025,0.995286,0,0,0,1.00004,1.22062,113,0,33
181,ba,DynamicObjectCrossing,24211,k2,minus,hold,90012700,11,0.994835,0.998285,0.990486,0,0,0,0.990124,1.25027,108,0,33
181,ba,DynamicObjectCrossing,24211,k2,minus,brake_hard,90012710,11,0.993305,0.996654,0.992967,0,0,0,1.00495,1.20369,110,0,33
181,ba,DynamicObjectCrossing,24211,k2,minus,shift_L,90012720,11,0.991586,0.99739,0.990903,0,0,0,0.986898,1.13697,133,0,33
181,ba,DynamicObjectCrossing,24211,k2,minus,shift_R,90012730,11,0.996483,0.998424,0.995759,0,0,0,1.02396,1.57056,111,0,33
182,ba,DynamicObjectCrossing,24211,k3,plus,op_slow,90012750,11,0.991619,0.998834,0.996138,0,0,0,1.0734,1.51915,119,0,33
182,ba,DynamicObjectCrossing,24211,k3,plus,op_stop,90012760,11,0.995874,0.998774,0.99788,0,0,0,1.05034,1.28295,137,0,33
182,ba,DynamicObjectCrossing,24211,k3,plus,hold,90012770,11,0.996293,0.998775,0.995749,0,0,0,1.04707,1.23378,130,0,33
182,ba,DynamicObjectCrossing,24211,k3,plus,brake_hard,90012780,11,0.996181,0.997812,0.996657,0,0,0,1.05701,1.23656,121,0,33
182,ba,DynamicObjectCrossing,24211,k3,plus,shift_L,90012790,11,0.997555,0.998922,0.996762,0,0,0,1.09823,1.33136,141,0,33
182,ba,DynamicObjectCrossing,24211,k3,plus,shift_R,90012800,11,0.998255,0.99833,0.996038,0,0,0,1.07127,1.56224,128,0,33
183,ba,DynamicObjectCrossing,24211,k3,minus,op_slow,90012820,11,0.997622,0.999024,0.996072,0,0,0,1.04702,1.35156,108,0,33
183,ba,DynamicObjectCrossing,24211,k3,minus,op_stop,90012830,11,0.988208,0.998651,0.995516,0,0,0,1.08002,1.56729,146,0,33
183,ba,DynamicObjectCrossing,24211,k3,minus,hold,90012840,11,0.997458,0.999493,0.995714,0,0,0,3.90078,11.6131,199,0,33
183,ba,DynamicObjectCrossing,24211,k3,minus,brake_hard,90012850,11,0.984239,0.998774,0.992109,0,0,0,1.05671,1.39212,112,0,33
183,ba,DynamicObjectCrossing,24211,k3,minus,shift_L,90012860,11,0.988657,0.998115,0.993661,0,0,0,1.0423,1.3538,144,0,33
183,ba,DynamicObjectCrossing,24211,k3,minus,shift_R,90012870,11,0.995402,0.999215,0.99593,0,0,0,1.06079,1.47928,108,0,33
184,ba,DynamicObjectCrossing,24224,k1,plus,op_slow,90012890,11,0.999988,0.999994,0.999995,0,0,0,0.0200834,0.0561118,24,0,33
184,ba,DynamicObjectCrossing,24224,k1,plus,op_stop,90012900,11,0.999987,0.999995,0.999994,0,0,0,0.031655,0.122538,72,0,33
184,ba,DynamicObjectCrossing,24224,k1,plus,hold,90012910,11,0.999986,0.999992,0.999995,0,0,0,0.0448832,0.244088,78,0,33
184,ba,DynamicObjectCrossing,24224,k1,plus,brake_hard,90012920,11,0.999992,0.999996,0.999996,0,0,0,0.0586205,0.255434,78,0,33
184,ba,DynamicObjectCrossing,24224,k1,plus,shift_L,90012930,11,0.999972,0.999992,0.99999,0,0,0,0.0871799,0.240311,29,0,33
184,ba,DynamicObjectCrossing,24224,k1,plus,shift_R,90012940,11,0.99999,0.999994,0.999994,0,0,0,0.0587408,0.426196,72,0,33
185,ba,DynamicObjectCrossing,24224,k1,minus,op_slow,90012960,11,0.999974,0.999979,0.999996,0,0,0,0.0619369,0.252337,78,0,33
185,ba,DynamicObjectCrossing,24224,k1,minus,op_stop,90012970,11,0.999974,0.999974,0.999994,0,0,0,0.0590681,0.256296,78,0,33
185,ba,DynamicObjectCrossing,24224,k1,minus,hold,90012980,11,0.999993,0.999995,0.999992,0,0,0,0.0221711,0.0383776,13,0,33
185,ba,DynamicObjectCrossing,24224,k1,minus,brake_hard,90012990,11,0.999975,0.999986,0.999996,0,0,0,0.0270777,0.264692,78,0,33
185,ba,DynamicObjectCrossing,24224,k1,minus,shift_L,90013000,11,0.999989,0.999989,0.999995,0,0,0,0.0597002,0.257529,78,0,33
185,ba,DynamicObjectCrossing,24224,k1,minus,shift_R,90013010,11,0.999989,0.999989,0.999994,0,0,0,0.0155468,0.0944347,72,0,33
186,ba,DynamicObjectCrossing,24224,k2,plus,op_slow,90013030,11,0.999987,0.999987,0.999994,0,0,0,0.0398258,0.174626,28,0,33
186,ba,DynamicObjectCrossing,24224,k2,plus,op_stop,90013040,11,0.999987,0.999987,0.999995,0,0,0,0.0518023,0.237437,28,0,33
186,ba,DynamicObjectCrossing,24224,k2,plus,hold,90013050,11,0.999994,0.999995,0.999994,0,0,0,0.0477414,0.181439,24,0,33
186,ba,DynamicObjectCrossing,24224,k2,plus,brake_hard,90013060,11,0.999995,0.999996,0.999991,0,0,0,0.0476378,0.27574,78,0,33
186,ba,DynamicObjectCrossing,24224,k2,plus,shift_L,90013070,11,0.999988,0.999988,0.999992,0,0,0,0.0669657,0.279778,43,0,33
186,ba,DynamicObjectCrossing,24224,k2,plus,shift_R,90013080,11,0.999992,0.999992,0.999994,0,0,0,0.0288457,0.172825,25,0,33
187,ba,DynamicObjectCrossing,24224,k2,minus,op_slow,90013100,11,0.999962,0.999987,0.998704,0.000244617,0,0.000168944,0.28072,0.849606,89,0,33
187,ba,DynamicObjectCrossing,24224,k2,minus,op_stop,90013110,11,0.999993,0.999996,0.998687,0,0,0,0.0574559,0.252983,89,0,33
187,ba,DynamicObjectCrossing,24224,k2,minus,hold,90013120,11,0.999995,0.999998,0.998623,0,0,0,0.0199789,0.109727,17,0,33
187,ba,DynamicObjectCrossing,24224,k2,minus,brake_hard,90013130,11,0.999993,0.999994,0.998684,0,0,0,0.060296,0.230331,89,0,33
187,ba,DynamicObjectCrossing,24224,k2,minus,shift_L,90013140,11,0.999989,0.999995,0.998724,0,0,0,0.0551669,0.255315,89,0,33
187,ba,DynamicObjectCrossing,24224,k2,minus,shift_R,90013150,11,0.999995,0.999997,0.998692,0,0,0,0.0664304,0.425195,78,0,33
188,ba,DynamicObjectCrossing,24224,k3,plus,op_slow,90013170,11,0.999995,0.999998,0.999994,0,0,0,0.0437936,0.250738,28,0,33
188,ba,DynamicObjectCrossing,24224,k3,plus,op_stop,90013180,11,0.999989,0.999998,0.999992,0,0,0,0.0341675,0.256346,78,0,33
188,ba,DynamicObjectCrossing,24224,k3,plus,hold,90013190,11,0.999985,0.999996,0.99999,0,0,0,0.0531396,0.327768,103,0,33
188,ba,DynamicObjectCrossing,24224,k3,plus,brake_hard,90013200,11,0.999995,0.999995,0.999994,0,0,0,0.0516481,0.249612,88,0,33
188,ba,DynamicObjectCrossing,24224,k3,plus,shift_L,90013210,11,0.999988,0.999994,0.999993,0,0,0,0.0253942,0.323588,103,0,33
188,ba,DynamicObjectCrossing,24224,k3,plus,shift_R,90013220,11,0.999994,0.999998,0.999994,0,0,0,0.0355658,0.256229,78,0,33
189,ba,DynamicObjectCrossing,24224,k3,minus,op_slow,90013240,11,0.999993,0.999996,0.998722,0,0,0,0.041341,0.24194,29,0,33
189,ba,DynamicObjectCrossing,24224,k3,minus,op_stop,90013250,11,0.999993,0.999996,0.998711,0,0,0,0.021648,0.0393295,16,0,33
189,ba,DynamicObjectCrossing,24224,k3,minus,hold,90013260,11,0.999994,0.999994,0.998684,0,0,0,0.0301235,0.0444341,14,0,33
189,ba,DynamicObjectCrossing,24224,k3,minus,brake_hard,90013270,11,0.999996,0.999996,0.998716,0,0,0,0.0624519,0.268191,78,0,33
189,ba,DynamicObjectCrossing,24224,k3,minus,shift_L,90013280,11,0.999988,0.999996,0.9987,0,0,0,0.047527,0.24187,90,0,33
189,ba,DynamicObjectCrossing,24224,k3,minus,shift_R,90013290,11,0.999991,0.999993,0.99865,0,0,0,0.0274688,0.0462334,13,0,33
190,ba,DynamicObjectCrossing,24252,k1,plus,op_slow,90013310,11,0.998708,0.999176,0.997176,0,0,0,1.36243,1.46862,169,0,33
190,ba,DynamicObjectCrossing,24252,k1,plus,op_stop,90013320,11,0.998507,0.999296,0.997687,0,0,0,1.35175,1.51524,87,0,33
190,ba,DynamicObjectCrossing,24252,k1,plus,hold,90013330,11,0.996816,0.999031,0.997116,0,0,0,1.36403,1.52055,160,0,33
190,ba,DynamicObjectCrossing,24252,k1,plus,brake_hard,90013340,11,0.996565,0.999037,0.996737,0,0,0,1.36915,1.50469,159,0,33
190,ba,DynamicObjectCrossing,24252,k1,plus,shift_L,90013350,11,0.998543,0.99896,0.997632,0,0,0,1.35916,1.53593,109,0,33
190,ba,DynamicObjectCrossing,24252,k1,plus,shift_R,90013360,11,0.99763,0.998966,0.996315,0,0,0,1.3714,1.53508,109,0,33
191,ba,DynamicObjectCrossing,24252,k1,minus,op_slow,90013380,11,0.997625,0.99818,0.995763,0,0,0,1.35641,1.52382,109,0,33
191,ba,DynamicObjectCrossing,24252,k1,minus,op_stop,90013390,11,0.997427,0.998646,0.996073,0,0,0,1.36612,1.53086,137,0,33
191,ba,DynamicObjectCrossing,24252,k1,minus,hold,90013400,11,0.998229,0.998884,0.996778,0,0,0,1.3603,1.61641,101,0,33
191,ba,DynamicObjectCrossing,24252,k1,minus,brake_hard,90013410,11,0.997104,0.999553,0.997092,0,0,0,1.36093,1.47833,87,0,33
191,ba,DynamicObjectCrossing,24252,k1,minus,shift_L,90013420,11,0.998503,0.998975,0.996002,0,0,0,1.36033,1.48097,153,0,33
191,ba,DynamicObjectCrossing,24252,k1,minus,shift_R,90013430,11,0.997678,0.998338,0.995532,0,0,0,1.36733,1.48379,185,0,33
192,ba,DynamicObjectCrossing,24252,k2,plus,op_slow,90013450,11,0.997637,0.998732,0.997057,0,0,0,1.38268,1.52359,130,0,33
192,ba,DynamicObjectCrossing,24252,k2,plus,op_stop,90013460,11,0.995842,0.999065,0.996863,0,0,0,1.37694,1.51769,132,0,33
192,ba,DynamicObjectCrossing,24252,k2,plus,hold,90013470,11,0.995951,0.998843,0.997138,0,0,0,1.37965,1.50904,110,0,33
192,ba,DynamicObjectCrossing,24252,k2,plus,brake_hard,90013480,11,0.9966,0.998845,0.997458,0,0,0,1.3894,1.54586,134,0,33
192,ba,DynamicObjectCrossing,24252,k2,plus,shift_L,90013490,11,0.997375,0.999256,0.997248,0,0,0,1.38383,1.5306,183,0,33
192,ba,DynamicObjectCrossing,24252,k2,plus,shift_R,90013500,11,0.996411,0.999112,0.996874,0,0,0,1.39667,1.62022,130,0,33
193,ba,DynamicObjectCrossing,24252,k2,minus,op_slow,90013520,11,0.998019,0.999175,0.996869,0,0,0,1.37453,1.56848,105,0,33
193,ba,DynamicObjectCrossing,24252,k2,minus,op_stop,90013530,11,0.887783,0.999252,0.994329,0,0,0,1.37846,1.52351,105,0,33
193,ba,DynamicObjectCrossing,24252,k2,minus,hold,90013540,11,0.991114,0.998809,0.99628,0,0,0,1.38405,1.47956,170,0,33
193,ba,DynamicObjectCrossing,24252,k2,minus,brake_hard,90013550,11,0.998033,0.998033,0.996258,0,0,0,1.3767,1.5404,146,0,33
193,ba,DynamicObjectCrossing,24252,k2,minus,shift_L,90013560,11,0.998217,0.998217,0.99592,0,0,0,1.37732,1.49733,146,0,33
193,ba,DynamicObjectCrossing,24252,k2,minus,shift_R,90013570,11,0.935569,0.999352,0.995908,0,0,0,1.38304,1.54264,107,0,33
194,ba,DynamicObjectCrossing,24252,k3,plus,op_slow,90013590,11,0.998285,0.998823,0.997919,0,0,0,1.39229,1.58999,83,0,33
194,ba,DynamicObjectCrossing,24252,k3,plus,op_stop,90013600,11,0.998582,0.998808,0.997559,0,0,0,1.39978,1.63061,128,0,33
194,ba,DynamicObjectCrossing,24252,k3,plus,hold,90013610,11,0.998651,0.998821,0.996835,0,0,0,1.38854,1.55943,81,0,33
194,ba,DynamicObjectCrossing,24252,k3,plus,brake_hard,90013620,11,0.998,0.999237,0.998009,0,0,0,1.39667,1.61988,130,0,33
194,ba,DynamicObjectCrossing,24252,k3,plus,shift_L,90013630,11,0.996796,0.998535,0.996987,0,0,0,1.38292,1.61418,126,0,33
194,ba,DynamicObjectCrossing,24252,k3,plus,shift_R,90013640,11,0.998567,0.998816,0.99803,0,0,0,1.38294,1.62125,128,0,33
195,ba,DynamicObjectCrossing,24252,k3,minus,op_slow,90013660,11,0.997896,0.998507,0.99767,0,0,0,1.37124,1.54652,164,0,33
195,ba,DynamicObjectCrossing,24252,k3,minus,op_stop,90013670,11,0.998359,0.999389,0.998107,0,0,0,1.37958,1.54812,143,0,33
195,ba,DynamicObjectCrossing,24252,k3,minus,hold,90013680,11,0.997777,0.999335,0.996879,0,0,0,1.37131,1.55863,163,0,33
195,ba,DynamicObjectCrossing,24252,k3,minus,brake_hard,90013690,11,0.998614,0.999264,0.996896,0,0,0,1.38901,1.61968,148,0,33
195,ba,DynamicObjectCrossing,24252,k3,minus,shift_L,90013700,11,0.997952,0.998706,0.997883,0,0,0,1.38207,1.54699,144,0,33
195,ba,DynamicObjectCrossing,24252,k3,minus,shift_R,90013710,11,0.999075,0.999248,0.99755,0,0,0,1.38281,1.56073,141,0,33
196,ba,ParkingCrossingPedestrian,24294,k1,plus,op_slow,90013730,11,0.999994,0.999995,0.999995,0,0,0,0.057209,0.354854,16,0,33
196,ba,ParkingCrossingPedestrian,24294,k1,plus,op_stop,90013740,11,0.999995,0.999995,0.999994,56.2725,56.2725,0,0.0490517,0.342392,64,0,33
196,ba,ParkingCrossingPedestrian,24294,k1,plus,hold,90013750,11,0.999993,0.999993,0.999995,0,0,0,0.0785227,0.318649,22,0,33
196,ba,ParkingCrossingPedestrian,24294,k1,plus,brake_hard,90013760,11,0.999991,0.999992,0.999996,0,0,0,0.0565917,0.345286,15,0,33
196,ba,ParkingCrossingPedestrian,24294,k1,plus,shift_L,90013770,11,0.999991,0.999991,0.999995,0,0,0,0.063985,0.353351,31,0,33
196,ba,ParkingCrossingPedestrian,24294,k1,plus,shift_R,90013780,11,0.999992,0.999993,0.999991,0,0,0,0.0613393,0.343867,29,0,33
197,ba,ParkingCrossingPedestrian,24294,k1,minus,op_slow,90013800,11,0.999996,0.999998,0.999994,0,0,0,0.0473697,0.337333,17,0,33
197,ba,ParkingCrossingPedestrian,24294,k1,minus,op_stop,90013810,11,0.999995,0.999997,0.999995,0,0,0,0.0629794,0.332683,31,0,33
197,ba,ParkingCrossingPedestrian,24294,k1,minus,hold,90013820,11,0.999997,0.999997,0.999995,0,0,0,0.0232121,0.136251,31,0,33
197,ba,ParkingCrossingPedestrian,24294,k1,minus,brake_hard,90013830,11,0.999992,0.999995,0.999995,0,0,0,0.0539298,0.219877,31,0,33
197,ba,ParkingCrossingPedestrian,24294,k1,minus,shift_L,90013840,11,0.999995,0.999996,0.999992,0,0,0,0.0582795,0.338118,22,0,33
197,ba,ParkingCrossingPedestrian,24294,k1,minus,shift_R,90013850,11,0.999996,0.999997,0.999995,0,0,0,0.0516815,0.434837,28,0,33
198,ba,ParkingCrossingPedestrian,24294,k2,plus,op_slow,90013870,11,0.999994,0.999995,0.999993,0,0,0,0.0338909,0.105526,55,0,33
198,ba,ParkingCrossingPedestrian,24294,k2,plus,op_stop,90013880,11,0.999988,0.999988,0.999989,0,0,0,0.0595799,0.339286,17,0,33
198,ba,ParkingCrossingPedestrian,24294,k2,plus,hold,90013890,11,0.999987,0.999987,0.99999,0,0,0,0.0460589,0.331169,31,0,33
198,ba,ParkingCrossingPedestrian,24294,k2,plus,brake_hard,90013900,11,0.999995,0.999995,0.999995,0,0,0,0.0207381,0.0753037,31,0,33
198,ba,ParkingCrossingPedestrian,24294,k2,plus,shift_L,90013910,11,0.999987,0.999987,0.999989,0,0,0,0.0181949,0.0734387,9,1,33
198,ba,ParkingCrossingPedestrian,24294,k2,plus,shift_R,90013920,11,0.999993,0.999993,0.999994,0,0,0,0.0401132,0.307989,23,0,33
199,ba,ParkingCrossingPedestrian,24294,k2,minus,op_slow,90013940,11,0.99999,0.99999,0.999994,0,0,0,0.0585729,0.328833,55,0,33
199,ba,ParkingCrossingPedestrian,24294,k2,minus,op_stop,90013950,11,0.999992,0.999992,0.999992,0,0,0,0.0566441,0.339739,55,0,33
199,ba,ParkingCrossingPedestrian,24294,k2,minus,hold,90013960,11,0.999995,0.999996,0.999989,0,0,0,0.0537103,0.339901,55,0,33
199,ba,ParkingCrossingPedestrian,24294,k2,minus,brake_hard,90013970,11,0.999987,0.99999,0.999989,0,0,0,0.0602966,0.400344,25,0,33
199,ba,ParkingCrossingPedestrian,24294,k2,minus,shift_L,90013980,11,0.999991,0.999991,0.999993,0,0,0,0.0514051,0.308304,55,0,33
199,ba,ParkingCrossingPedestrian,24294,k2,minus,shift_R,90013990,11,0.999991,0.999994,0.999986,0,0,0,0.0765896,0.340047,55,0,33
200,ba,ParkingCrossingPedestrian,24294,k3,plus,op_slow,90014010,11,0.999974,0.99999,0.999978,0,0,0,0.0211742,0.0836664,55,0,33
200,ba,ParkingCrossingPedestrian,24294,k3,plus,op_stop,90014020,11,0.99984,0.999979,0.999857,0,0,0,0.0257895,0.101815,55,0,33
200,ba,ParkingCrossingPedestrian,24294,k3,plus,hold,90014030,11,0.999977,0.999988,0.999985,0,0,0,0.0257498,0.0786438,55,0,33
200,ba,ParkingCrossingPedestrian,24294,k3,plus,brake_hard,90014040,11,0.999931,0.999965,0.999943,0,0,0,0.0238116,0.105832,55,0,33
200,ba,ParkingCrossingPedestrian,24294,k3,plus,shift_L,90014050,11,0.999988,0.999988,0.999991,0,0,0,0.0418828,0.216226,55,0,33
200,ba,ParkingCrossingPedestrian,24294,k3,plus,shift_R,90014060,11,0.999949,0.999984,0.999959,0,0,0,0.0257782,0.114561,55,0,33
201,ba,ParkingCrossingPedestrian,24294,k3,minus,op_slow,90014080,11,0.99995,0.99995,0.999986,0,0,0,0.0372794,0.227608,50,0,33
201,ba,ParkingCrossingPedestrian,24294,k3,minus,op_stop,90014090,11,0.999906,0.999953,0.999989,0,0,0,0.0358913,0.246235,50,0,33
201,ba,ParkingCrossingPedestrian,24294,k3,minus,hold,90014100,11,0.999941,0.999961,0.999851,0,0,0,0.157617,0.339751,47,0,33
201,ba,ParkingCrossingPedestrian,24294,k3,minus,brake_hard,90014110,11,0.999951,0.999961,0.999977,0,0,0,0.0459659,0.225969,50,0,33
201,ba,ParkingCrossingPedestrian,24294,k3,minus,shift_L,90014120,11,0.999988,0.999994,0.99993,0,0,0,0.0412364,0.246235,41,0,33
201,ba,ParkingCrossingPedestrian,24294,k3,minus,shift_R,90014130,11,0.999923,0.99995,0.999991,0,0,0,0.0421024,0.226838,50,0,33
203,ba,DynamicObjectCrossing,24333,k1,minus,op_slow,90014220,11,0.99636,0.997959,0.996577,0,0,0,1.37385,1.88756,137,0,33
203,ba,DynamicObjectCrossing,24333,k1,minus,op_stop,90014230,11,0.994777,0.997158,0.996266,0,0,0,1.38948,1.98055,112,0,33
203,ba,DynamicObjectCrossing,24333,k1,minus,hold,90014240,11,0.99632,0.999133,0.995087,0,0,0,1.37111,1.86264,136,0,33
203,ba,DynamicObjectCrossing,24333,k1,minus,brake_hard,90014250,11,0.994726,0.997473,0.994292,0,0,0,1.38683,1.85973,151,0,33
203,ba,DynamicObjectCrossing,24333,k1,minus,shift_L,90014260,11,0.996976,0.997964,0.995551,0,0,0,1.36861,1.91201,124,0,33
203,ba,DynamicObjectCrossing,24333,k1,minus,shift_R,90014270,11,0.995158,0.998634,0.994943,0,0,0,1.37681,1.8771,105,0,33
204,ba,DynamicObjectCrossing,24333,k2,plus,op_slow,90014290,11,0.993665,0.998108,0.994797,0,0,0,1.36056,1.9247,101,0,33
204,ba,DynamicObjectCrossing,24333,k2,plus,op_stop,90014300,11,0.995272,0.995272,0.995247,0,0,0,1.37399,1.97621,110,0,33
204,ba,DynamicObjectCrossing,24333,k2,plus,hold,90014310,11,0.994018,0.99504,0.995987,0,0,0,1.39243,1.82285,102,0,33
204,ba,DynamicObjectCrossing,24333,k2,plus,brake_hard,90014320,11,0.996558,0.997343,0.99068,0,0,0,1.37733,1.97256,113,0,33
204,ba,DynamicObjectCrossing,24333,k2,plus,shift_L,90014330,11,0.99647,0.997199,0.99403,0,0,0,1.38143,1.8943,200,0,33
204,ba,DynamicObjectCrossing,24333,k2,plus,shift_R,90014340,11,0.995458,0.997977,0.99652,0,0,0,1.38628,1.91592,121,0,33
205,ba,DynamicObjectCrossing,24333,k2,minus,op_slow,90014360,11,0.99744,0.997508,0.995912,0,0,0,1.34065,1.81636,114,0,33
205,ba,DynamicObjectCrossing,24333,k2,minus,op_stop,90014370,11,0.9968,0.997485,0.994592,0,0,0,1.33082,1.89229,92,0,33
205,ba,DynamicObjectCrossing,24333,k2,minus,hold,90014380,11,0.995855,0.995855,0.994829,0,0,0,1.36368,1.80609,109,0,33
205,ba,DynamicObjectCrossing,24333,k2,minus,brake_hard,90014390,11,0.996121,0.996121,0.995398,0,0,0,1.33818,1.80307,167,0,33
205,ba,DynamicObjectCrossing,24333,k2,minus,shift_L,90014400,11,0.99734,0.997574,0.995062,0,0,0,1.33635,1.86781,116,0,33
205,ba,DynamicObjectCrossing,24333,k2,minus,shift_R,90014410,11,0.995615,0.995615,0.995387,0,0,0,1.35572,1.97052,102,0,33
206,ba,ParkingCutIn,24416,k1,plus,op_slow,90014430,11,0.999942,0.999982,0.996041,0,,0,0.0019209,0.0131371,78,3,33
206,ba,ParkingCutIn,24416,k1,plus,op_stop,90014440,11,0.999941,0.999984,0.995954,0,,0,0.00205357,0.0130392,78,1,33
206,ba,ParkingCutIn,24416,k1,plus,hold,90014450,11,0.999987,0.999997,0.995806,0,,0,0.00113213,0.00484686,35,0,33
206,ba,ParkingCutIn,24416,k1,plus,brake_hard,90014460,11,0.999323,0.999595,0.995755,0,,0,0.0369464,0.0694818,95,0,33
206,ba,ParkingCutIn,24416,k1,plus,shift_L,90014470,11,0.99999,0.999999,0.995926,0,,0,0.00290731,0.0219555,35,0,33
206,ba,ParkingCutIn,24416,k1,plus,shift_R,90014480,11,0.999993,0.999999,0.995998,0,,0,0.0050541,0.0224113,51,0,33
207,ba,ParkingCutIn,24416,k1,minus,op_slow,90014500,11,0.996019,0.996698,0.999997,0,,0,0.480448,2.49158,133,0,33
207,ba,ParkingCutIn,24416,k1,minus,op_stop,90014510,11,0.999985,0.999999,0.995784,0,,0,0.00289802,0.0223344,38,0,33
207,ba,ParkingCutIn,24416,k1,minus,hold,90014520,11,0.99995,0.999976,0.995857,0,,0,0.00230405,0.0163783,78,5,33
207,ba,ParkingCutIn,24416,k1,minus,brake_hard,90014530,11,0.999995,0.999998,0.99585,0,,0,0.0026422,0.0251602,16,1,33
207,ba,ParkingCutIn,24416,k1,minus,shift_L,90014540,11,0.999946,0.999975,0.995669,0,,0,0.00158548,0.0142298,78,3,33
207,ba,ParkingCutIn,24416,k1,minus,shift_R,90014550,11,0.999946,0.999976,0.995853,0,,0,0.00220343,0.0169408,78,0,33
208,ba,ParkingCutIn,24416,k2,plus,op_slow,90014570,11,0.999997,0.999997,0.995019,0,,0,0.00101313,0.0131962,11,2,33
208,ba,ParkingCutIn,24416,k2,plus,op_stop,90014580,11,0.999933,0.999996,0.994929,0,,0,0.00287803,0.0142139,78,1,33
208,ba,ParkingCutIn,24416,k2,plus,hold,90014590,11,0.999991,0.999997,0.994847,0,,0,0.00269674,0.0221093,35,0,33
208,ba,ParkingCutIn,24416,k2,plus,brake_hard,90014600,11,0.999938,0.999997,0.994772,0,,0,0.00307494,0.0143235,78,0,33
208,ba,ParkingCutIn,24416,k2,plus,shift_L,90014610,11,0.999065,0.999065,0.99519,0,,0,0.0336446,0.0694166,95,0,33
208,ba,ParkingCutIn,24416,k2,plus,shift_R,90014620,11,0.999998,0.999998,0.995071,0,,0,0.000211172,0.0012516,7,10,33
209,ba,ParkingCutIn,24416,k2,minus,op_slow,90014640,11,0.999958,0.999997,0.994897,0,,0,0.00284431,0.0229468,78,2,33
209,ba,ParkingCutIn,24416,k2,minus,op_stop,90014650,11,0.999989,0.999999,0.994958,0,,0,0.00379277,0.025258,38,0,33
209,ba,ParkingCutIn,24416,k2,minus,hold,90014660,11,0.999996,0.999996,0.994973,0,,0,0.00311145,0.0251404,16,4,33
209,ba,ParkingCutIn,24416,k2,minus,brake_hard,90014670,11,0.99999,0.999999,0.994921,0,,0,0.0030023,0.0252237,38,4,33
209,ba,ParkingCutIn,24416,k2,minus,shift_L,90014680,11,0.999993,0.999999,0.994652,0,,0,0.00361915,0.0259118,16,2,33
209,ba,ParkingCutIn,24416,k2,minus,shift_R,90014690,11,0.999947,0.999996,0.994618,0,,0,0.00436539,0.0258209,78,0,33
210,ba,ParkingCutIn,24416,k3,plus,op_slow,90014710,11,0.999964,0.999964,0.990484,0,,0,0.00768496,0.0236575,23,0,33
210,ba,ParkingCutIn,24416,k3,plus,op_stop,90014720,11,0.9978,0.999815,0.993074,0.0248245,,0.00294212,0.115759,0.789121,150,0,33
210,ba,ParkingCutIn,24416,k3,plus,hold,90014730,11,0.99773,0.99921,0.987986,0.111568,,0.0113261,0.187547,1.80845,218,0,33
210,ba,ParkingCutIn,24416,k3,plus,brake_hard,90014740,11,0.999983,0.999996,0.989418,0,,0,0.00705491,0.0314382,17,0,33
210,ba,ParkingCutIn,24416,k3,plus,shift_L,90014750,11,0.999982,0.999991,0.990291,0,,0,0.0304026,0.29084,27,0,33
210,ba,ParkingCutIn,24416,k3,plus,shift_R,90014760,11,0.999649,0.999649,0.989295,0.00627287,,0.00305957,0.056855,0.21678,114,0,33
211,ba,ParkingCutIn,24416,k3,minus,op_slow,90014780,11,0.999998,0.999999,0.997539,0,,0,0.0276607,0.28986,27,0,33
211,ba,ParkingCutIn,24416,k3,minus,op_stop,90014790,11,0.999997,0.999998,0.997521,0,,0,0.0289796,0.290947,27,0,33
211,ba,ParkingCutIn,24416,k3,minus,hold,90014800,11,0.999997,0.999998,0.997508,0,,0,0.0288919,0.290745,27,0,33
211,ba,ParkingCutIn,24416,k3,minus,brake_hard,90014810,11,0.999997,0.999998,0.997568,0,,0,0.00734056,0.0407632,24,0,33
211,ba,ParkingCutIn,24416,k3,minus,shift_L,90014820,11,0.999996,0.999997,0.997542,0,,0,0.00558918,0.0464663,14,0,33
211,ba,ParkingCutIn,24416,k3,minus,shift_R,90014830,11,0.999997,0.999999,0.997514,0,,0,0.00335015,0.0193433,24,0,33
212,ba,ParkingCrossingPedestrian,24519,k1,plus,op_slow,90014850,11,0.999997,0.999997,0.993204,0,0,0,0.00788601,0.0405373,34,0,33
212,ba,ParkingCrossingPedestrian,24519,k1,plus,op_stop,90014860,11,0.999995,0.999995,0.993324,0,0,0,0.0121416,0.0384717,34,0,33
212,ba,ParkingCrossingPedestrian,24519,k1,plus,hold,90014870,11,0.999996,0.999998,0.993252,0,0,0,0.00578017,0.02595,34,0,33
212,ba,ParkingCrossingPedestrian,24519,k1,plus,brake_hard,90014880,11,0.999995,0.999999,0.993298,0,0,0,0.0155419,0.0407721,13,0,33
212,ba,ParkingCrossingPedestrian,24519,k1,plus,shift_L,90014890,11,0.999992,0.999997,0.993304,0,0,0,0.0427444,0.136319,34,0,33
212,ba,ParkingCrossingPedestrian,24519,k1,plus,shift_R,90014900,11,0.999997,0.999998,0.993242,0,0,0,0.00791764,0.0276103,34,0,33
213,ba,ParkingCrossingPedestrian,24519,k1,minus,op_slow,90014920,11,0.999997,0.999999,0.999981,0,0,0,0.0043677,0.0278636,37,0,33
213,ba,ParkingCrossingPedestrian,24519,k1,minus,op_stop,90014930,11,0.981685,0.981685,0.981814,0,0,0,8.49881,20.9841,255,0,33
213,ba,ParkingCrossingPedestrian,24519,k1,minus,hold,90014940,11,0.999998,0.999999,0.999982,0,0,0,0.0032655,0.0324594,43,0,33
213,ba,ParkingCrossingPedestrian,24519,k1,minus,brake_hard,90014950,11,0.981655,0.981682,0.981811,0,0,0,8.49837,20.9841,255,0,33
213,ba,ParkingCrossingPedestrian,24519,k1,minus,shift_L,90014960,11,0.981488,0.981488,0.981619,0,0,0,8.49825,20.9841,255,0,33
213,ba,ParkingCrossingPedestrian,24519,k1,minus,shift_R,90014970,11,0.981603,0.981721,0.98185,0,0,0,8.49877,20.9827,255,0,33
214,ba,ParkingCrossingPedestrian,24519,k2,plus,op_slow,90014990,11,0.978634,0.987571,0.992945,0,0,0,6.43566,18.7039,255,0,33
214,ba,ParkingCrossingPedestrian,24519,k2,plus,op_stop,90015000,11,0.978784,0.987541,0.993036,0,0,0,6.43573,18.704,255,0,33
214,ba,ParkingCrossingPedestrian,24519,k2,plus,hold,90015010,11,0.978685,0.987544,0.992987,0,0,0,6.43545,18.7039,255,0,33
214,ba,ParkingCrossingPedestrian,24519,k2,plus,brake_hard,90015020,11,0.978687,0.987593,0.992979,0,0,0,6.43572,18.7039,255,0,33
214,ba,ParkingCrossingPedestrian,24519,k2,plus,shift_L,90015030,11,0.997253,0.998203,0.993485,0,0,0,6.52689,16.5568,255,0,33
214,ba,ParkingCrossingPedestrian,24519,k2,plus,shift_R,90015040,11,0.978714,0.987568,0.993005,0,0,0,6.43571,18.704,255,0,33
215,ba,ParkingCrossingPedestrian,24519,k2,minus,op_slow,90015060,11,0.999996,0.999998,0.978128,0,0,0,0.0108674,0.0451744,42,0,33
215,ba,ParkingCrossingPedestrian,24519,k2,minus,op_stop,90015070,11,0.999997,0.999998,0.978071,0,0,0,0.00654136,0.0278169,18,3,33
215,ba,ParkingCrossingPedestrian,24519,k2,minus,hold,90015080,11,0.97939,0.987736,0.997128,0,0,0,8.54839,24.9444,253,0,33
215,ba,ParkingCrossingPedestrian,24519,k2,minus,brake_hard,90015090,11,0.999997,0.999998,0.978104,0,0,0,0.00633381,0.0276904,14,7,33
215,ba,ParkingCrossingPedestrian,24519,k2,minus,shift_L,90015100,11,0.999996,0.999997,0.978131,0,0,0,0.00797322,0.0444351,42,0,33
215,ba,ParkingCrossingPedestrian,24519,k2,minus,shift_R,90015110,11,0.999997,0.999998,0.9781,0,0,0,0.0561826,0.165739,18,0,33
216,ba,DynamicObjectCrossing,2460,k1,plus,op_slow,90015130,11,0.999978,0.999987,0.999197,0,0,0,0.118063,0.401288,68,0,33
216,ba,DynamicObjectCrossing,2460,k1,plus,op_stop,90015140,11,0.999892,0.999892,0.999227,0,0,0,0.157773,0.395,107,0,33
216,ba,DynamicObjectCrossing,2460,k1,plus,hold,90015150,11,0.998842,0.998974,0.999461,0,0,0,0.267849,0.437028,118,0,33
216,ba,DynamicObjectCrossing,2460,k1,plus,brake_hard,90015160,11,0.99812,0.998223,0.998634,0,0,0,0.356457,0.487689,120,0,33
216,ba,DynamicObjectCrossing,2460,k1,plus,shift_L,90015170,11,0.999147,0.99934,0.999882,0,0,0,0.234103,0.668257,123,0,33
216,ba,DynamicObjectCrossing,2460,k1,plus,shift_R,90015180,11,0.999039,0.999523,0.999835,0,0,0,0.224441,0.548117,105,0,33
217,ba,DynamicObjectCrossing,2460,k1,minus,op_slow,90015200,11,0.999172,0.999686,0.99933,0,0,0,0.143364,0.463448,107,0,33
217,ba,DynamicObjectCrossing,2460,k1,minus,op_stop,90015210,11,0.999546,0.99974,0.999488,0,0,0,0.293306,0.898497,108,0,33
217,ba,DynamicObjectCrossing,2460,k1,minus,hold,90015220,11,0.99912,0.999637,0.999224,0,0,0,0.17159,0.618926,103,0,33
217,ba,DynamicObjectCrossing,2460,k1,minus,brake_hard,90015230,11,0.999981,0.999988,0.999954,0,0,0,0.0809707,0.227279,52,0,33
217,ba,DynamicObjectCrossing,2460,k1,minus,shift_L,90015240,11,0.999197,0.999696,0.999299,0,0,0,0.1554,0.406294,49,0,33
217,ba,DynamicObjectCrossing,2460,k1,minus,shift_R,90015250,11,0.999428,0.999673,0.999389,0,0,0,0.327157,0.952887,108,0,33
218,ba,DynamicObjectCrossing,2460,k2,plus,op_slow,90015270,11,0.999223,0.999758,0.997862,0,0,0,0.148776,0.245049,39,0,33
218,ba,DynamicObjectCrossing,2460,k2,plus,op_stop,90015280,11,0.997797,0.99863,0.999328,0,0,0,0.19091,0.280266,126,0,33
218,ba,DynamicObjectCrossing,2460,k2,plus,hold,90015290,11,0.99847,0.998741,0.998342,0,0,0,0.189002,0.558807,105,0,33
218,ba,DynamicObjectCrossing,2460,k2,plus,brake_hard,90015300,11,0.998964,0.999306,0.998342,0,0,0,0.189864,0.275858,61,0,33
218,ba,DynamicObjectCrossing,2460,k2,plus,shift_L,90015310,11,0.996803,0.997491,0.999296,0,0,0,0.316684,0.492158,119,0,33
218,ba,DynamicObjectCrossing,2460,k2,plus,shift_R,90015320,11,0.997531,0.997609,0.999476,0,0,0,0.265694,0.606469,123,0,33
219,ba,DynamicObjectCrossing,2460,k2,minus,op_slow,90015340,11,0.997723,0.998258,0.997938,0,0,0,0.303453,0.451187,119,0,33
219,ba,DynamicObjectCrossing,2460,k2,minus,op_stop,90015350,11,0.998669,0.998777,0.998998,0,0,0,0.173445,0.51663,117,0,33
219,ba,DynamicObjectCrossing,2460,k2,minus,hold,90015360,11,0.998907,0.998907,0.998891,0,0,0,0.211711,0.396378,107,0,33
219,ba,DynamicObjectCrossing,2460,k2,minus,brake_hard,90015370,11,0.997687,0.998377,0.997876,0,0,0,0.23872,0.505654,119,0,33
219,ba,DynamicObjectCrossing,2460,k2,minus,shift_L,90015380,11,0.999065,0.999065,0.998647,0,0,0,0.0897831,0.352455,106,0,33
219,ba,DynamicObjectCrossing,2460,k2,minus,shift_R,90015390,11,0.998716,0.998716,0.998503,0,0,0,0.0607457,0.276347,107,0,33
220,ba,DynamicObjectCrossing,2460,k3,plus,op_slow,90015410,11,0.999875,0.999955,0.999911,0,0,0,0.462078,0.794496,64,0,33
220,ba,DynamicObjectCrossing,2460,k3,plus,op_stop,90015420,11,0.99986,0.999869,0.999888,0,0,0,0.449146,0.791118,34,0,33
220,ba,DynamicObjectCrossing,2460,k3,plus,hold,90015430,11,0.999887,0.999887,0.999886,0,0,0,0.234909,0.635896,33,0,33
220,ba,DynamicObjectCrossing,2460,k3,plus,brake_hard,90015440,11,0.999884,0.999955,0.99991,0,0,0,0.184675,0.398214,48,0,33
220,ba,DynamicObjectCrossing,2460,k3,plus,shift_L,90015450,11,0.999794,0.999794,0.999827,0,0,0,0.47011,0.795278,46,0,33
220,ba,DynamicObjectCrossing,2460,k3,plus,shift_R,90015460,11,0.999816,0.999816,0.999832,0,0,0,0.474857,0.794353,46,0,33
221,ba,DynamicObjectCrossing,2460,k3,minus,op_slow,90015480,11,0.999421,0.999974,0.999209,0,0,0,0.0710354,0.292339,141,0,33
221,ba,DynamicObjectCrossing,2460,k3,minus,op_stop,90015490,11,0.99992,0.99992,0.999895,0,0,0,0.270722,0.685466,46,0,33
221,ba,DynamicObjectCrossing,2460,k3,minus,hold,90015500,11,0.999966,0.99997,0.999873,0,0,0,0.0417408,0.115803,46,4,33
221,ba,DynamicObjectCrossing,2460,k3,minus,brake_hard,90015510,11,0.999939,0.999977,0.999814,0,0,0,0.0620418,0.196054,63,0,33
221,ba,DynamicObjectCrossing,2460,k3,minus,shift_L,90015520,11,0.999946,0.999981,0.99981,0,0,0,0.252667,0.683738,63,0,33
221,ba,DynamicObjectCrossing,2460,k3,minus,shift_R,90015530,11,0.999817,0.999817,0.999946,0,0,0,0.475807,0.877918,63,0,33
222,ba,ParkingCutIn,24679,k3,plus,op_slow,90015550,11,0.999242,0.999514,0.998971,0,,0,0.483246,0.807588,72,0,33
222,ba,ParkingCutIn,24679,k3,plus,op_stop,90015560,11,0.998691,0.999475,0.998177,0,,0,0.486411,0.644121,72,0,33
222,ba,ParkingCutIn,24679,k3,plus,hold,90015570,11,0.999434,0.999544,0.998961,0,,0,0.483681,0.669416,70,0,33
222,ba,ParkingCutIn,24679,k3,plus,brake_hard,90015580,11,0.9991,0.999664,0.998566,0,,0,0.475366,0.694105,55,0,33
222,ba,ParkingCutIn,24679,k3,plus,shift_L,90015590,11,0.999287,0.999287,0.998964,0,,0,0.480267,0.666614,72,0,33
222,ba,ParkingCutIn,24679,k3,plus,shift_R,90015600,11,0.99678,0.998564,0.996193,0.0558062,,0.0254602,0.584613,1.68397,227,0,33
223,ba,ParkingCutIn,24679,k3,minus,op_slow,90015620,11,0.999153,0.999629,0.986707,0,,0,0.476585,0.710637,69,0,33
223,ba,ParkingCutIn,24679,k3,minus,op_stop,90015630,11,0.999455,0.999733,0.987299,0,,0,0.477625,0.708595,70,0,33
223,ba,ParkingCutIn,24679,k3,minus,hold,90015640,11,0.999392,0.999463,0.988603,0,,0,0.481269,0.739572,53,0,33
223,ba,ParkingCutIn,24679,k3,minus,brake_hard,90015650,11,0.999171,0.999171,0.988517,0,,0,0.472707,0.704179,67,0,33
223,ba,ParkingCutIn,24679,k3,minus,shift_L,90015660,11,0.99941,0.99964,0.987007,0,,0,0.480865,0.706606,69,0,33
223,ba,ParkingCutIn,24679,k3,minus,shift_R,90015670,11,0.99944,0.99944,0.986296,0,,0,0.474198,0.819014,55,0,33
224,ba,ParkingCutIn,24759,k3,plus,op_slow,90015690,11,0.992033,0.995313,0.991119,1.80422,,1.18517,0.894697,1.73474,92,0,33
224,ba,ParkingCutIn,24759,k3,plus,op_stop,90015700,11,0.994474,0.994474,0.996526,0,,0,0.780897,1.08711,89,0,33
224,ba,ParkingCutIn,24759,k3,plus,hold,90015710,11,0.995144,0.9988,0.994568,0.0457886,,0.0189715,0.853744,1.46932,140,0,33
224,ba,ParkingCutIn,24759,k3,plus,brake_hard,90015720,11,0.997153,0.997153,0.995559,0,,0,1.06014,1.74669,109,0,33
224,ba,ParkingCutIn,24759,k3,plus,shift_L,90015730,11,0.996043,0.996043,0.99504,0.0138795,,0,1.07789,1.762,109,0,33
224,ba,ParkingCutIn,24759,k3,plus,shift_R,90015740,11,0.997041,0.997041,0.996791,0.033057,,0.0139427,0.846245,1.37542,142,0,33
225,ba,ParkingCutIn,24759,k3,minus,op_slow,90015760,11,0.997305,0.997388,0.997713,0,,0,0.763854,1.00681,86,0,33
225,ba,ParkingCutIn,24759,k3,minus,op_stop,90015770,11,0.998029,0.998812,0.997725,0,,0,0.744082,0.975111,94,0,33
225,ba,ParkingCutIn,24759,k3,minus,hold,90015780,11,0.996946,0.996946,0.99809,0,,0,1.05204,1.81298,110,0,33
225,ba,ParkingCutIn,24759,k3,minus,brake_hard,90015790,11,0.99795,0.99852,0.997812,0,,0,0.749396,0.987391,74,0,33
225,ba,ParkingCutIn,24759,k3,minus,shift_L,90015800,11,0.997981,0.998526,0.998128,0,,0,0.76598,1.10923,63,0,33
225,ba,ParkingCutIn,24759,k3,minus,shift_R,90015810,11,0.998645,0.999043,0.997173,0,,0,0.750766,0.966485,78,0,33
226,ba,StaticCutIn,25358,k1,plus,op_slow,90015830,11,0.999991,0.999991,0.999543,0,,0,0.00594169,0.0705802,48,0,33
226,ba,StaticCutIn,25358,k1,plus,op_stop,90015840,11,0.999989,0.999989,0.999541,0,,0,0.00442098,0.0686154,48,11,33
226,ba,StaticCutIn,25358,k1,plus,hold,90015850,11,0.99999,0.99999,0.999542,0,,0,0.00509949,0.0697999,48,11,33
226,ba,StaticCutIn,25358,k1,plus,brake_hard,90015860,11,0.999991,0.999991,0.99955,0,,0,0.00578233,0.0682849,48,11,33
226,ba,StaticCutIn,25358,k1,plus,shift_L,90015870,11,0.999991,0.999991,0.999557,0,,0,0.00579495,0.0685467,48,11,33
226,ba,StaticCutIn,25358,k1,plus,shift_R,90015880,11,0.99999,0.99999,0.999537,0,,0,0.00571029,0.0685242,48,11,33
227,ba,StaticCutIn,25358,k1,minus,op_slow,90015900,11,0.999984,0.999984,0.999559,0,,0,0.00313038,0.0684794,48,11,33
227,ba,StaticCutIn,25358,k1,minus,op_stop,90015910,11,0.999411,0.99954,0.999991,0,,0,0.417819,0.82763,110,0,33
227,ba,StaticCutIn,25358,k1,minus,hold,90015920,11,0.999984,0.999984,0.999548,0,,0,0.00469273,0.0688509,48,11,33
227,ba,StaticCutIn,25358,k1,minus,brake_hard,90015930,11,0.999422,0.999546,0.999992,0,,0,0.41721,0.827428,110,0,33
227,ba,StaticCutIn,25358,k1,minus,shift_L,90015940,11,0.999438,0.999529,0.999992,0,,0,0.417859,0.827317,110,0,33
227,ba,StaticCutIn,25358,k1,minus,shift_R,90015950,11,0.999985,0.999985,0.99956,0,,0,0.00502545,0.0689434,48,11,33
228,ba,StaticCutIn,25358,k2,plus,op_slow,90015970,11,0.999997,0.999999,0.999998,0,,0,0.00451446,0.0347986,26,11,33
228,ba,StaticCutIn,25358,k2,plus,op_stop,90015980,11,0.999983,0.999994,0.999987,0,,0,0.00845837,0.0708971,48,0,33
228,ba,StaticCutIn,25358,k2,plus,hold,90015990,11,0.999995,0.999998,0.999996,74.8647,,0.00512787,0.00514534,0.026721,26,0,33
228,ba,StaticCutIn,25358,k2,plus,brake_hard,90016000,11,0.999998,0.999999,0.999999,0,,0,0.0018998,0.0110938,26,10,33
228,ba,StaticCutIn,25358,k2,plus,shift_L,90016010,11,0.999273,0.999622,0.99941,0,,0,0.467843,1.09237,110,0,33
228,ba,StaticCutIn,25358,k2,plus,shift_R,90016020,11,0.999241,0.999609,0.999358,0,,0,0.467619,1.09231,110,0,33
229,ba,StaticCutIn,25358,k2,minus,op_slow,90016040,11,0.999284,0.999648,0.999991,0,,0,0.467702,1.09153,110,0,33
229,ba,StaticCutIn,25358,k2,minus,op_stop,90016050,11,0.999266,0.999644,0.999992,0,,0,0.467644,1.09153,110,0,33
229,ba,StaticCutIn,25358,k2,minus,hold,90016060,11,0.999268,0.999663,0.99999,0,,0,0.469272,1.09154,110,0,33
229,ba,StaticCutIn,25358,k2,minus,brake_hard,90016070,11,0.999266,0.999654,0.999992,0,,0,0.467785,1.09157,110,0,33
229,ba,StaticCutIn,25358,k2,minus,shift_L,90016080,11,0.999272,0.999651,0.999993,0,,0,0.467718,1.09158,110,0,33
229,ba,StaticCutIn,25358,k2,minus,shift_R,90016090,11,0.999246,0.999649,0.999988,0,,0,0.467974,1.09169,110,0,33
230,ba,StaticCutIn,25358,k3,plus,op_slow,90016110,11,0.999512,0.999512,0.999996,0.149004,,0,0.00935428,0.0886261,68,8,33
230,ba,StaticCutIn,25358,k3,plus,op_stop,90016120,11,0.999488,0.999488,0.999992,0.149004,,0,0.0106225,0.0883642,68,2,33
230,ba,StaticCutIn,25358,k3,plus,hold,90016130,11,0.999492,0.999492,0.999995,0.149004,,0,0.0101643,0.0883909,68,6,33
230,ba,StaticCutIn,25358,k3,plus,brake_hard,90016140,11,0.999918,0.999918,0.999635,0.0841616,,0,0.0117694,0.0456489,30,8,33
230,ba,StaticCutIn,25358,k3,plus,shift_L,90016150,11,0.999491,0.999491,0.999997,0.149004,,0,0.00796633,0.0879317,68,7,33
230,ba,StaticCutIn,25358,k3,plus,shift_R,90016160,11,0.999512,0.999512,0.999998,0.149004,,0,0.00993566,0.0885536,68,8,33
231,ba,StaticCutIn,25358,k3,minus,op_slow,90016180,11,0.999986,0.999994,0.999989,0,,0,0.0119941,0.0409377,45,0,33
231,ba,StaticCutIn,25358,k3,minus,op_stop,90016190,11,0.999938,0.999964,0.999918,0,,0,0.127305,0.23106,34,0,33
231,ba,StaticCutIn,25358,k3,minus,hold,90016200,11,0.999988,0.999992,0.999989,0,,0,0.00903533,0.0213618,22,0,33
231,ba,StaticCutIn,25358,k3,minus,brake_hard,90016210,11,0.999987,0.999993,0.999988,0,,0,0.0117714,0.0484508,45,0,33
231,ba,StaticCutIn,25358,k3,minus,shift_L,90016220,11,0.999988,0.999995,0.999988,0,,0,0.0122073,0.0485068,45,0,33
231,ba,StaticCutIn,25358,k3,minus,shift_R,90016230,11,0.999988,0.999995,0.999991,0,,0,0.0116909,0.036497,45,0,33
232,ba,PedestrianCrossing,25863,k1,plus,op_slow,90016250,10,0.996129,0.998368,0.994461,0,0,0,0.828928,1.29084,109,0,30
232,ba,PedestrianCrossing,25863,k1,plus,op_stop,90016260,10,0.997291,0.997291,0.996442,0,0,0,1.14364,2.24247,130,0,30
232,ba,PedestrianCrossing,25863,k1,plus,hold,90016270,10,0.997028,0.997028,0.996606,0,0,0,1.1271,2.19408,131,0,30
232,ba,PedestrianCrossing,25863,k1,plus,brake_hard,90016280,10,0.99559,0.996689,0.995617,0,0,0,0.783909,1.04432,113,0,30
232,ba,PedestrianCrossing,25863,k1,plus,shift_L,90016290,10,0.994404,0.998466,0.996571,0,0,0,1.16589,2.29127,130,0,30
232,ba,PedestrianCrossing,25863,k1,plus,shift_R,90016300,10,0.996938,0.998879,0.996637,0,0,0,1.14899,2.2071,131,0,30
233,ba,PedestrianCrossing,25863,k1,minus,op_slow,90016320,10,0.997002,0.998956,0.998542,0,0,0,0.84538,2.17617,126,0,30
233,ba,PedestrianCrossing,25863,k1,minus,op_stop,90016330,10,0.997529,0.99821,0.99786,0,0,0,1.21699,2.91609,128,0,30
233,ba,PedestrianCrossing,25863,k1,minus,hold,90016340,10,0.997309,0.998446,0.998403,0,0,0,0.875554,2.11155,126,0,30
233,ba,PedestrianCrossing,25863,k1,minus,brake_hard,90016350,10,0.997092,0.998779,0.997613,0,0,0,1.22691,2.97449,128,0,30
233,ba,PedestrianCrossing,25863,k1,minus,shift_L,90016360,10,0.997876,0.999022,0.998285,0,0,0,1.22109,2.96997,128,0,30
233,ba,PedestrianCrossing,25863,k1,minus,shift_R,90016370,10,0.995145,0.998304,0.998129,0,0,0,1.21166,2.93994,128,0,30
234,ba,PedestrianCrossing,25863,k2,plus,op_slow,90016390,11,0.993639,0.998969,0.993522,0,0,0,1.11185,2.24002,130,0,33
234,ba,PedestrianCrossing,25863,k2,plus,op_stop,90016400,11,0.995315,0.99842,0.994442,0,0,0,1.07787,2.25805,130,0,33
234,ba,PedestrianCrossing,25863,k2,plus,hold,90016410,11,0.997339,0.998224,0.995314,0,0,0,1.10259,2.28509,128,0,33
234,ba,PedestrianCrossing,25863,k2,plus,brake_hard,90016420,11,0.996672,0.998429,0.99499,0,0,0,0.781892,0.972319,110,0,33
234,ba,PedestrianCrossing,25863,k2,plus,shift_L,90016430,11,0.996694,0.99833,0.996634,0,0,0,1.09131,2.36822,128,0,33
234,ba,PedestrianCrossing,25863,k2,plus,shift_R,90016440,11,0.996358,0.998853,0.99673,0,0,0,0.777345,1.06044,104,0,33
235,ba,PedestrianCrossing,25863,k2,minus,op_slow,90016460,11,0.998298,0.998542,0.997536,0,0,0,0.79586,1.06082,116,0,33
235,ba,PedestrianCrossing,25863,k2,minus,op_stop,90016470,11,0.99672,0.998673,0.997209,0,0,0,1.09761,2.35073,134,0,33
235,ba,PedestrianCrossing,25863,k2,minus,hold,90016480,11,0.997441,0.998383,0.997296,0,0,0,0.790817,1.01478,116,0,33
235,ba,PedestrianCrossing,25863,k2,minus,brake_hard,90016490,11,0.997416,0.998376,0.997764,0,0,0,1.09498,2.19802,131,0,33
235,ba,PedestrianCrossing,25863,k2,minus,shift_L,90016500,11,0.997426,0.998041,0.997404,0,0,0,0.779157,1.00425,103,0,33
235,ba,PedestrianCrossing,25863,k2,minus,shift_R,90016510,11,0.997668,0.99833,0.997834,0,0,0,0.798501,1.16936,110,0,33
236,ba,StaticCutIn,26396,k1,plus,op_slow,90016530,11,0.999454,0.99947,0.99879,0,,0,0.939334,1.25299,87,0,33
236,ba,StaticCutIn,26396,k1,plus,op_stop,90016540,11,0.997843,0.999517,0.997724,0,,0,1.04446,1.37178,87,0,33
236,ba,StaticCutIn,26396,k1,plus,hold,90016550,11,0.999242,0.999308,0.998796,0,,0,0.941787,1.31774,88,0,33
236,ba,StaticCutIn,26396,k1,plus,brake_hard,90016560,11,0.998989,0.999493,0.998561,0,,0,0.957859,1.32964,86,0,33
236,ba,StaticCutIn,26396,k1,plus,shift_L,90016570,11,0.999087,0.999666,0.998457,0,,0,0.952373,1.25499,81,0,33
236,ba,StaticCutIn,26396,k1,plus,shift_R,90016580,11,0.998442,0.998861,0.998895,0,,0,0.974445,1.32364,75,0,33
237,ba,StaticCutIn,26396,k1,minus,op_slow,90016600,11,0.998868,0.999602,0.999021,0,,0,1.09409,1.598,150,0,33
237,ba,StaticCutIn,26396,k1,minus,op_stop,90016610,11,0.997003,0.999387,0.998447,0,,0,1.11182,1.66314,150,0,33
237,ba,StaticCutIn,26396,k1,minus,hold,90016620,11,0.999059,0.999143,0.998722,0,,0,1.07456,1.63677,149,0,33
237,ba,StaticCutIn,26396,k1,minus,brake_hard,90016630,11,0.998588,0.999505,0.99815,0,,0,0.936818,1.08662,74,0,33
237,ba,StaticCutIn,26396,k1,minus,shift_L,90016640,11,0.998614,0.999172,0.998959,0,,0,1.07911,1.58118,149,0,33
237,ba,StaticCutIn,26396,k1,minus,shift_R,90016650,11,0.999369,0.999751,0.99782,0,,0,0.949757,1.33339,70,0,33
238,ba,StaticCutIn,26396,k2,plus,op_slow,90016670,11,0.998749,0.999496,0.998996,0,,0,0.943814,1.14368,62,0,33
238,ba,StaticCutIn,26396,k2,plus,op_stop,90016680,11,0.998786,0.999631,0.998644,0,,0,0.928736,1.14848,60,0,33
238,ba,StaticCutIn,26396,k2,plus,hold,90016690,11,0.998215,0.999202,0.997912,0,,0,1.25358,2.39732,166,0,33
238,ba,StaticCutIn,26396,k2,plus,brake_hard,90016700,11,0.9989,0.999596,0.998245,0,,0,0.944578,1.14485,62,0,33
238,ba,StaticCutIn,26396,k2,plus,shift_L,90016710,11,0.999106,0.999498,0.998748,0,,0,0.951706,1.27154,60,0,33
238,ba,StaticCutIn,26396,k2,plus,shift_R,90016720,11,0.998547,0.999387,0.998764,0,,0,0.936068,1.12459,63,0,33
239,ba,StaticCutIn,26396,k2,minus,op_slow,90016740,11,0.998557,0.999488,0.999168,0,,0,0.922743,1.08241,77,0,33
239,ba,StaticCutIn,26396,k2,minus,op_stop,90016750,11,0.998811,0.999334,0.998686,0,,0,0.944718,1.1365,60,0,33
239,ba,StaticCutIn,26396,k2,minus,hold,90016760,11,0.999311,0.999637,0.998912,0,,0,0.940754,1.10993,71,0,33
239,ba,StaticCutIn,26396,k2,minus,brake_hard,90016770,11,0.998655,0.99975,0.998649,0,,0,0.946083,1.13034,95,0,33
239,ba,StaticCutIn,26396,k2,minus,shift_L,90016780,11,0.999157,0.999523,0.9987,0,,0,0.94224,1.10362,64,0,33
239,ba,StaticCutIn,26396,k2,minus,shift_R,90016790,11,0.999112,0.999586,0.998853,0,,0,0.932005,1.14023,58,0,33
241,ba,StaticCutIn,26396,k3,minus,op_slow,90016880,11,0.999395,0.999591,0.998905,0,,0,0.95426,1.11128,93,0,33
241,ba,StaticCutIn,26396,k3,minus,op_stop,90016890,11,0.999337,0.999465,0.998798,0,,0,0.968412,1.27284,72,0,33
241,ba,StaticCutIn,26396,k3,minus,hold,90016900,11,0.99906,0.999509,0.998197,0,,0,1.13465,1.55537,153,0,33
241,ba,StaticCutIn,26396,k3,minus,brake_hard,90016910,11,0.999355,0.999358,0.998797,0,,0,0.955856,1.11002,71,0,33
241,ba,StaticCutIn,26396,k3,minus,shift_L,90016920,11,0.999061,0.999061,0.997901,0,,0,0.961216,1.28758,68,0,33
241,ba,StaticCutIn,26396,k3,minus,shift_R,90016930,11,0.999307,0.999307,0.998797,0,,0,0.963364,1.25417,85,0,33
242,ba,StaticCutIn,26405,k1,plus,op_slow,90016950,11,0.999959,0.999996,0.999948,0.388329,,0,0.241429,0.863922,162,0,33
242,ba,StaticCutIn,26405,k1,plus,op_stop,90016960,11,0.998723,0.999985,0.999628,0,,0,0.423636,3.31257,175,0,33
242,ba,StaticCutIn,26405,k1,plus,hold,90016970,11,0.999982,0.999998,0.999931,0,,0,0.136814,0.57547,156,0,33
242,ba,StaticCutIn,26405,k1,plus,brake_hard,90016980,11,0.99932,0.999976,0.999816,0,,0,0.345063,2.95596,169,0,33
242,ba,StaticCutIn,26405,k1,plus,shift_L,90016990,11,0.999982,0.999997,0.999921,0,,0,0.13471,0.550178,117,0,33
242,ba,StaticCutIn,26405,k1,plus,shift_R,90017000,11,0.998804,0.999988,0.999754,0,,0,0.38012,3.23335,173,0,33
243,ba,StaticCutIn,26405,k1,minus,op_slow,90017020,11,0.999992,0.999997,0.999885,0.272853,,0.255608,0.0614385,0.152519,133,0,33
243,ba,StaticCutIn,26405,k1,minus,op_stop,90017030,11,0.99999,0.999997,0.99989,0.272853,,0.255608,0.0865713,0.236763,108,0,33
243,ba,StaticCutIn,26405,k1,minus,hold,90017040,11,0.999988,0.999998,0.999898,0.272853,,0.255608,0.0683436,0.223934,115,0,33
243,ba,StaticCutIn,26405,k1,minus,brake_hard,90017050,11,0.999994,0.999995,0.999896,0.272853,,0.255608,0.084197,0.157973,111,0,33
243,ba,StaticCutIn,26405,k1,minus,shift_L,90017060,11,0.999993,0.999997,0.999883,0.272853,,0.255608,0.0594773,0.151456,67,0,33
243,ba,StaticCutIn,26405,k1,minus,shift_R,90017070,11,0.999694,0.999928,0.999601,0.272853,,0.255608,0.277923,1.03714,162,0,33
244,ba,StaticCutIn,26405,k2,plus,op_slow,90017090,11,0.999984,0.999998,0.999751,0,,0,0.134106,0.332822,161,0,33
244,ba,StaticCutIn,26405,k2,plus,op_stop,90017100,11,0.999982,0.999995,0.999613,0,,0,0.168048,0.476992,161,0,33
244,ba,StaticCutIn,26405,k2,plus,hold,90017110,11,0.999983,0.999995,0.999745,0,,0,0.138173,0.329901,161,0,33
244,ba,StaticCutIn,26405,k2,plus,brake_hard,90017120,11,0.999979,0.999997,0.999754,0,,0,0.111676,0.328518,161,0,33
244,ba,StaticCutIn,26405,k2,plus,shift_L,90017130,11,0.999986,0.999994,0.999721,0,,0,0.117693,0.326757,161,0,33
244,ba,StaticCutIn,26405,k2,plus,shift_R,90017140,11,0.999991,0.999996,0.999654,0,,0,0.124453,0.343473,161,0,33
245,ba,StaticCutIn,26405,k2,minus,op_slow,90017160,11,0.999993,0.999997,0.99975,0,,0,0.0899673,0.157138,104,0,33
245,ba,StaticCutIn,26405,k2,minus,op_stop,90017170,11,0.998686,0.999057,0.998665,0,,0,4.10979,10.1766,186,0,33
245,ba,StaticCutIn,26405,k2,minus,hold,90017180,11,0.998714,0.999046,0.998691,0,,0,4.12464,10.3089,186,0,33
245,ba,StaticCutIn,26405,k2,minus,brake_hard,90017190,11,0.99964,0.999996,0.999621,0,,0,0.108576,0.315974,162,0,33
245,ba,StaticCutIn,26405,k2,minus,shift_L,90017200,11,0.999982,0.999996,0.999636,0,,0,0.137979,0.421092,112,0,33
245,ba,StaticCutIn,26405,k2,minus,shift_R,90017210,11,0.999981,0.999995,0.999682,0,,0,0.133246,0.392446,111,0,33
247,ba,StaticCutIn,26405,k3,minus,op_slow,90017300,11,0.999991,0.999995,0.999921,0,,0,0.0421165,0.209736,116,0,33
247,ba,StaticCutIn,26405,k3,minus,op_stop,90017310,11,0.999922,0.999922,0.999974,0,,0,0.0628041,0.290855,85,0,33
247,ba,StaticCutIn,26405,k3,minus,hold,90017320,11,0.999986,0.999992,0.999922,0,,0,0.0652794,0.245058,116,0,33
247,ba,StaticCutIn,26405,k3,minus,brake_hard,90017330,11,0.999924,0.999924,0.999987,0,,0,0.0618799,0.394419,116,0,33
247,ba,StaticCutIn,26405,k3,minus,shift_L,90017340,11,0.999926,0.999926,0.999993,0,,0,0.0682028,0.394093,85,0,33
247,ba,StaticCutIn,26405,k3,minus,shift_R,90017350,11,0.999919,0.999919,0.999971,0,,0,0.0667218,0.394842,113,0,33
248,ba,StaticCutIn,2709,k1,plus,op_slow,90017370,11,0.998661,0.998661,0.997066,0,,0,1.31482,1.64379,86,0,33
248,ba,StaticCutIn,2709,k1,plus,op_stop,90017380,11,0.998378,0.998879,0.99675,0,,0,1.33207,1.66419,87,0,33
248,ba,StaticCutIn,2709,k1,plus,hold,90017390,11,0.997379,0.99769,0.998073,0,,0,1.32974,1.70835,88,0,33
248,ba,StaticCutIn,2709,k1,plus,brake_hard,90017400,11,0.998657,0.998667,0.997298,0,,0,1.31651,1.78404,136,0,33
248,ba,StaticCutIn,2709,k1,plus,shift_L,90017410,11,0.993707,0.997705,0.99672,0,,0,1.40559,2.53955,133,0,33
248,ba,StaticCutIn,2709,k1,plus,shift_R,90017420,11,0.998703,0.999218,0.997295,0,,0,1.31948,1.66926,98,0,33
249,ba,StaticCutIn,2709,k1,minus,op_slow,90017440,11,0.998057,0.998438,0.99785,0,,0,1.34338,1.8063,69,0,33
249,ba,StaticCutIn,2709,k1,minus,op_stop,90017450,11,0.995578,0.997609,0.996657,0,,0,1.42469,2.53113,131,0,33
249,ba,StaticCutIn,2709,k1,minus,hold,90017460,11,0.997949,0.998365,0.998049,0,,0,1.33573,1.758,123,0,33
249,ba,StaticCutIn,2709,k1,minus,brake_hard,90017470,11,0.997678,0.997678,0.997157,0,,0,1.32972,1.78604,80,0,33
249,ba,StaticCutIn,2709,k1,minus,shift_L,90017480,11,0.997873,0.997873,0.998079,0,,0,1.32539,1.79999,157,0,33
249,ba,StaticCutIn,2709,k1,minus,shift_R,90017490,11,0.998165,0.998442,0.998618,0,,0,1.33388,1.81531,74,0,33
250,ba,StaticCutIn,2709,k2,plus,op_slow,90017510,11,0.997451,0.997451,0.997126,0,,0,1.28414,1.73821,137,0,33
250,ba,StaticCutIn,2709,k2,plus,op_stop,90017520,11,0.998341,0.998341,0.997982,0,,0,1.2795,1.60274,80,0,33
250,ba,StaticCutIn,2709,k2,plus,hold,90017530,11,0.997447,0.998299,0.996867,0,,0,1.27998,1.647,114,0,33
250,ba,StaticCutIn,2709,k2,plus,brake_hard,90017540,11,0.997685,0.997831,0.997229,0,,0,1.27449,1.63976,79,0,33
250,ba,StaticCutIn,2709,k2,plus,shift_L,90017550,11,0.997716,0.998605,0.996554,0,,0,1.27344,1.64587,105,0,33
250,ba,StaticCutIn,2709,k2,plus,shift_R,90017560,11,0.997646,0.998238,0.996886,0,,0,1.26929,1.62377,163,0,33
251,ba,StaticCutIn,2709,k2,minus,op_slow,90017580,11,0.997674,0.998716,0.994303,0,,0,1.27434,1.59504,95,0,33
251,ba,StaticCutIn,2709,k2,minus,op_stop,90017590,11,0.997411,0.998777,0.996871,0,,0,1.28976,1.63735,96,0,33
251,ba,StaticCutIn,2709,k2,minus,hold,90017600,11,0.997962,0.998536,0.996858,0,,0,1.30414,1.75481,71,0,33
251,ba,StaticCutIn,2709,k2,minus,brake_hard,90017610,11,0.996023,0.997454,0.994515,0,,0,1.31392,1.68705,118,0,33
251,ba,StaticCutIn,2709,k2,minus,shift_L,90017620,11,0.997806,0.997806,0.99709,0,,0,1.29761,1.78019,92,0,33
251,ba,StaticCutIn,2709,k2,minus,shift_R,90017630,11,0.997184,0.99868,0.996412,0,,0,1.28817,1.63017,99,0,33
252,ba,StaticCutIn,2709,k3,plus,op_slow,90017650,11,0.997184,0.999188,0.996844,0.00120225,,0,1.18399,1.51514,67,0,33
252,ba,StaticCutIn,2709,k3,plus,op_stop,90017660,11,0.997964,0.998585,0.996297,0.00120225,,0,1.18657,1.5433,67,0,33
252,ba,StaticCutIn,2709,k3,plus,hold,90017670,11,0.997985,0.999417,0.995475,0.00120225,,0,1.17657,1.50468,64,0,33
252,ba,StaticCutIn,2709,k3,plus,brake_hard,90017680,11,0.997277,0.99905,0.996605,0.00120225,,0,1.19826,1.51984,56,0,33
252,ba,StaticCutIn,2709,k3,plus,shift_L,90017690,11,0.996384,0.998202,0.992801,0.00120225,,0,1.18223,1.52259,63,0,33
252,ba,StaticCutIn,2709,k3,plus,shift_R,90017700,11,0.996356,0.998355,0.997061,0.00120225,,0,1.19404,2.06141,67,0,33
253,ba,StaticCutIn,2709,k3,minus,op_slow,90017720,11,0.996507,0.996507,0.997839,0,,0,1.19076,1.61125,50,0,33
253,ba,StaticCutIn,2709,k3,minus,op_stop,90017730,11,0.997454,0.997702,0.997202,0,,0,1.19657,1.63534,127,0,33
253,ba,StaticCutIn,2709,k3,minus,hold,90017740,11,0.996803,0.996803,0.996964,0,,0,1.20979,1.72571,52,0,33
253,ba,StaticCutIn,2709,k3,minus,brake_hard,90017750,11,0.997622,0.997956,0.996773,0,,0,1.20931,1.91967,44,0,33
253,ba,StaticCutIn,2709,k3,minus,shift_L,90017760,11,0.99674,0.99857,0.995354,0,,0,1.19918,1.58775,59,0,33
253,ba,StaticCutIn,2709,k3,minus,shift_R,90017770,11,0.995586,0.997184,0.994036,0,,0,1.18873,1.62297,44,0,33
254,ba,StaticCutIn,2715,k1,plus,op_slow,90017790,11,0.999848,0.999953,0.999899,0,,0,0.183559,0.308293,76,0,33
254,ba,StaticCutIn,2715,k1,plus,op_stop,90017800,11,0.999951,0.999984,0.999868,0,,0,0.0776456,0.175603,71,0,33
254,ba,StaticCutIn,2715,k1,plus,hold,90017810,11,0.999961,0.999987,0.999888,0,,0,0.101608,0.250379,71,0,33
254,ba,StaticCutIn,2715,k1,plus,brake_hard,90017820,11,0.999676,0.99973,0.999667,0,,0,0.292979,0.449381,76,0,33
254,ba,StaticCutIn,2715,k1,plus,shift_L,90017830,11,0.999859,0.999951,0.999956,0,,0,0.177897,0.341365,75,0,33
254,ba,StaticCutIn,2715,k1,plus,shift_R,90017840,11,0.999858,0.999954,0.99995,0,,0,0.179456,0.341898,77,0,33
255,ba,StaticCutIn,2715,k1,minus,op_slow,90017860,11,0.999921,0.999972,0.999733,0,,0,0.159405,0.273187,69,0,33
255,ba,StaticCutIn,2715,k1,minus,op_stop,90017870,11,0.99984,0.999955,0.999769,0,,0,0.162494,0.306217,48,0,33
255,ba,StaticCutIn,2715,k1,minus,hold,90017880,11,0.999837,0.999956,0.999773,0,,0,0.156486,0.308158,48,0,33
255,ba,StaticCutIn,2715,k1,minus,brake_hard,90017890,11,0.999626,0.999813,0.999438,0,,0,0.253629,0.400174,60,0,33
255,ba,StaticCutIn,2715,k1,minus,shift_L,90017900,11,0.999633,0.999829,0.999457,0,,0,0.331501,0.494074,66,0,33
255,ba,StaticCutIn,2715,k1,minus,shift_R,90017910,11,0.999978,0.999991,0.999817,0,,0,0.0677042,0.142717,63,0,33
256,ba,StaticCutIn,2715,k2,plus,op_slow,90017930,11,0.999898,0.999979,0.999948,0,,0,0.113422,0.333109,75,0,33
256,ba,StaticCutIn,2715,k2,plus,op_stop,90017940,11,0.999944,0.999968,0.999907,0,,0,0.198429,0.359735,84,0,33
256,ba,StaticCutIn,2715,k2,plus,hold,90017950,11,0.999685,0.999919,0.999694,0,,0,0.229775,0.375768,86,0,33
256,ba,StaticCutIn,2715,k2,plus,brake_hard,90017960,11,0.999899,0.999987,0.999921,0,,0,0.125809,0.350618,76,0,33
256,ba,StaticCutIn,2715,k2,plus,shift_L,90017970,11,0.999933,0.999943,0.999923,0,,0,0.174911,0.318527,83,0,33
256,ba,StaticCutIn,2715,k2,plus,shift_R,90017980,11,0.999926,0.99994,0.999916,0,,0,0.141018,0.290459,83,0,33
257,ba,StaticCutIn,2715,k2,minus,op_slow,90018000,11,0.999311,0.999835,0.999989,0,,0,0.311628,0.534608,89,0,33
257,ba,StaticCutIn,2715,k2,minus,op_stop,90018010,11,0.999769,0.999903,0.99977,0,,0,0.241245,0.39245,74,0,33
257,ba,StaticCutIn,2715,k2,minus,hold,90018020,11,0.999701,0.999919,0.999783,0,,0,0.21989,0.38281,70,0,33
257,ba,StaticCutIn,2715,k2,minus,brake_hard,90018030,11,0.999691,0.999921,0.999825,0,,0,0.256017,0.406791,86,0,33
257,ba,StaticCutIn,2715,k2,minus,shift_L,90018040,11,0.999346,0.999808,0.99997,0,,0,0.37478,0.538797,91,0,33
257,ba,StaticCutIn,2715,k2,minus,shift_R,90018050,11,0.999896,0.999955,0.999493,0,,0,0.143462,0.354408,86,0,33
258,ba,StaticCutIn,2715,k3,plus,op_slow,90018070,11,0.999991,0.999996,0.999993,0,,0,0.0325198,0.0783711,104,0,33
258,ba,StaticCutIn,2715,k3,plus,op_stop,90018080,11,0.999945,0.999979,0.999936,0.00586224,,0,0.0462663,0.16772,59,0,33
258,ba,StaticCutIn,2715,k3,plus,hold,90018090,11,0.999993,0.999996,0.999993,0,,0,0.0269884,0.0878996,69,0,33
258,ba,StaticCutIn,2715,k3,plus,brake_hard,90018100,11,0.999995,0.999997,0.999992,0,,0,0.0328821,0.0743032,17,0,33
258,ba,StaticCutIn,2715,k3,plus,shift_L,90018110,11,0.99998,0.999993,0.999973,0,,0,0.0358505,0.0850563,104,0,33
258,ba,StaticCutIn,2715,k3,plus,shift_R,90018120,11,0.99998,0.999994,0.999971,0,,0,0.0253218,0.0805269,85,0,33
259,ba,StaticCutIn,2715,k3,minus,op_slow,90018140,11,0.999994,0.999994,0.999993,0,,0,0.0282117,0.07092,104,0,33
259,ba,StaticCutIn,2715,k3,minus,op_stop,90018150,11,0.999981,0.999992,0.999979,0,,0,0.0285901,0.0613283,82,0,33
259,ba,StaticCutIn,2715,k3,minus,hold,90018160,11,0.999987,0.999992,0.999991,0,,0,0.0334675,0.068795,82,0,33
259,ba,StaticCutIn,2715,k3,minus,brake_hard,90018170,11,0.999987,0.999992,0.999988,0,,0,0.0293036,0.0727926,104,0,33
259,ba,StaticCutIn,2715,k3,minus,shift_L,90018180,11,0.999983,0.999991,0.999983,0,,0,0.044173,0.0953796,104,0,33
259,ba,StaticCutIn,2715,k3,minus,shift_R,90018190,11,0.999993,0.999997,0.999991,0,,0,0.0481741,0.0849803,104,0,33
260,ba,VehicleTurningRoutePedestrian,27297,k1,plus,op_slow,90018210,8,0.999996,0.999998,0.999997,0,0,0,0.0238551,0.0999582,27,6,24
260,ba,VehicleTurningRoutePedestrian,27297,k1,plus,op_stop,90018220,8,0.999998,0.999998,0.999995,0,0,0,0.0197319,0.197879,15,9,24
260,ba,VehicleTurningRoutePedestrian,27297,k1,plus,hold,90018230,8,0.999994,0.999998,0.999999,0,0,0,0.0250755,0.100011,27,5,24
260,ba,VehicleTurningRoutePedestrian,27297,k1,plus,brake_hard,90018240,8,0.999995,0.999998,0.999997,0,0,0,0.0407334,0.96362,67,9,24
260,ba,VehicleTurningRoutePedestrian,27297,k1,plus,shift_L,90018250,8,0.999997,0.999999,0.999996,0,0,0,0.0401882,0.96362,67,15,24
260,ba,VehicleTurningRoutePedestrian,27297,k1,plus,shift_R,90018260,8,0.999996,0.999999,0.999996,0,0,0,0.0762618,0.96362,67,15,24
261,ba,VehicleTurningRoutePedestrian,27297,k1,minus,op_slow,90018280,8,0.999937,0.99999,0.999975,0,0,0,0.152461,0.860271,58,3,24
261,ba,VehicleTurningRoutePedestrian,27297,k1,minus,op_stop,90018290,8,0.999931,0.999992,0.999971,0,0,0,0.160287,0.963625,67,3,24
261,ba,VehicleTurningRoutePedestrian,27297,k1,minus,hold,90018300,8,0.999856,0.999978,0.999968,0,0,0,0.250394,1.22619,67,1,24
261,ba,VehicleTurningRoutePedestrian,27297,k1,minus,brake_hard,90018310,8,0.999944,0.99999,0.999969,0,0,0,0.122477,0.425703,56,4,24
261,ba,VehicleTurningRoutePedestrian,27297,k1,minus,shift_L,90018320,8,0.999872,0.999973,0.999951,0,0,0,0.223627,1.21423,67,1,24
261,ba,VehicleTurningRoutePedestrian,27297,k1,minus,shift_R,90018330,8,0.999932,0.999992,0.999968,0,0,0,0.161072,0.963625,67,3,24
262,ba,VehicleTurningRoutePedestrian,27297,k2,plus,op_slow,90018350,11,0.999926,0.999993,0.999996,0,0,0,0.250657,1.85832,96,0,33
262,ba,VehicleTurningRoutePedestrian,27297,k2,plus,op_stop,90018360,11,0.997212,0.999993,0.999963,0,0,0,0.270565,1.85832,96,0,33
262,ba,VehicleTurningRoutePedestrian,27297,k2,plus,hold,90018370,11,0.999925,0.999993,0.999996,0,0,0,0.203721,1.07781,96,0,33
262,ba,VehicleTurningRoutePedestrian,27297,k2,plus,brake_hard,90018380,11,0.999922,0.999994,0.999988,0,0,0,0.151924,1.07781,66,0,33
262,ba,VehicleTurningRoutePedestrian,27297,k2,plus,shift_L,90018390,11,0.999928,0.999994,0.999995,0,0,0,0.250695,1.85832,96,0,33
262,ba,VehicleTurningRoutePedestrian,27297,k2,plus,shift_R,90018400,11,0.997527,0.999979,0.999945,0,0,0,0.331561,1.85832,96,0,33
263,ba,VehicleTurningRoutePedestrian,27297,k2,minus,op_slow,90018420,11,0.996296,0.999993,0.999988,0,0,0,0.144703,1.21423,67,1,33
263,ba,VehicleTurningRoutePedestrian,27297,k2,minus,op_stop,90018430,11,0.999839,0.999987,0.999977,0,0,0,0.141087,1.22098,44,0,33
263,ba,VehicleTurningRoutePedestrian,27297,k2,minus,hold,90018440,11,0.996298,0.999991,0.999975,0,0,0,0.178293,1.21423,67,0,33
263,ba,VehicleTurningRoutePedestrian,27297,k2,minus,brake_hard,90018450,11,0.996296,0.999991,0.999987,0,0,0,0.124387,1.21423,67,0,33
263,ba,VehicleTurningRoutePedestrian,27297,k2,minus,shift_L,90018460,11,0.999699,0.999989,0.999961,0,0,0,0.106488,1.21943,67,0,33
263,ba,VehicleTurningRoutePedestrian,27297,k2,minus,shift_R,90018470,11,0.999891,0.999993,0.999975,0,0,0,0.0992116,1.21423,67,2,33
264,ba,PedestrianCrossing,27529,k1,plus,op_slow,90018490,10,0.99134,0.998972,0.983903,0,0,0,1.03437,1.74585,116,0,30
264,ba,PedestrianCrossing,27529,k1,plus,op_stop,90018500,10,0.998431,0.998616,0.982289,0,0,0,1.13784,1.4713,172,0,30
264,ba,PedestrianCrossing,27529,k1,plus,hold,90018510,10,0.988835,0.999173,0.983618,0,0,0,1.04499,1.6497,114,0,30
264,ba,PedestrianCrossing,27529,k1,plus,brake_hard,90018520,10,0.995354,0.999344,0.984332,0,0,0,1.01162,1.3039,96,0,30
264,ba,PedestrianCrossing,27529,k1,plus,shift_L,90018530,10,0.989003,0.99938,0.985637,0,0,0,1.03852,1.69942,112,0,30
264,ba,PedestrianCrossing,27529,k1,plus,shift_R,90018540,10,0.989918,0.998917,0.984923,0,0,0,1.03605,1.60525,113,0,30
265,ba,PedestrianCrossing,27529,k1,minus,op_slow,90018560,10,0.996219,0.999512,0.992096,0,0,0,0.983905,1.57072,109,0,30
265,ba,PedestrianCrossing,27529,k1,minus,op_stop,90018570,10,0.998946,0.99954,0.991506,0,0,0,0.929395,1.166,58,0,30
265,ba,PedestrianCrossing,27529,k1,minus,hold,90018580,10,0.997347,0.999792,0.99129,0,0,0,0.975153,1.57449,109,0,30
265,ba,PedestrianCrossing,27529,k1,minus,brake_hard,90018590,10,0.99749,0.999531,0.991703,0,0,0,0.953029,1.20085,59,0,30
265,ba,PedestrianCrossing,27529,k1,minus,shift_L,90018600,10,0.996242,0.999511,0.991783,0,0,0,0.986631,1.55655,107,0,30
265,ba,PedestrianCrossing,27529,k1,minus,shift_R,90018610,10,0.99896,0.999512,0.991796,0,0,0,0.94986,1.34119,59,0,30
266,ba,PedestrianCrossing,27529,k2,plus,op_slow,90018630,11,0.998953,0.999375,0.927042,0.0107426,0.0107426,0,0.983087,1.14984,34,0,33
266,ba,PedestrianCrossing,27529,k2,plus,op_stop,90018640,11,0.999065,0.999065,0.930448,0.0107426,0.0107426,0,0.97125,1.15076,32,0,33
266,ba,PedestrianCrossing,27529,k2,plus,hold,90018650,11,0.998391,0.998874,0.93143,0.0107426,0.0107426,0,0.991146,1.24223,47,0,33
266,ba,PedestrianCrossing,27529,k2,plus,brake_hard,90018660,11,0.998041,0.998769,0.926692,0.0107426,0.0107426,0,0.990516,1.20648,45,0,33
266,ba,PedestrianCrossing,27529,k2,plus,shift_L,90018670,11,0.998872,0.999076,0.927441,26.9543,26.9543,0.000161135,0.986439,1.20118,70,0,33
266,ba,PedestrianCrossing,27529,k2,plus,shift_R,90018680,11,0.997355,0.999057,0.931385,0.0107426,0.0107426,0,0.990867,1.23177,37,0,33
267,ba,PedestrianCrossing,27529,k2,minus,op_slow,90018700,11,0.998517,0.99874,0.942422,0,0,0,0.974846,1.08362,58,0,33
267,ba,PedestrianCrossing,27529,k2,minus,op_stop,90018710,11,0.997838,0.998053,0.952092,0,0,0,0.973049,1.15214,41,0,33
267,ba,PedestrianCrossing,27529,k2,minus,hold,90018720,11,0.997893,0.997893,0.941429,0,0,0,0.986684,1.12545,40,0,33
267,ba,PedestrianCrossing,27529,k2,minus,brake_hard,90018730,11,0.997983,0.997983,0.952947,0,0,0,0.961577,1.06102,43,0,33
267,ba,PedestrianCrossing,27529,k2,minus,shift_L,90018740,11,0.998482,0.998482,0.946796,0,0,0,0.964378,1.09302,40,0,33
267,ba,PedestrianCrossing,27529,k2,minus,shift_R,90018750,11,0.996189,0.996189,0.957717,0,0,0,0.989002,1.41147,42,0,33
268,ba,PedestrianCrossing,27529,k3,plus,op_slow,90018770,11,0.96285,0.96285,0.926626,0,0,0,0.983866,1.54776,50,0,33
268,ba,PedestrianCrossing,27529,k3,plus,op_stop,90018780,11,0.966101,0.966101,0.924954,0,0,0,0.972956,1.29046,50,0,33
268,ba,PedestrianCrossing,27529,k3,plus,hold,90018790,11,0.976048,0.976048,0.936062,0,0,0,0.977228,1.27792,50,0,33
268,ba,PedestrianCrossing,27529,k3,plus,brake_hard,90018800,11,0.986729,0.986729,0.949566,0,0,0,0.988609,1.25782,49,0,33
268,ba,PedestrianCrossing,27529,k3,plus,shift_L,90018810,11,0.989814,0.989814,0.948849,0,0,0,0.981952,1.26679,121,0,33
268,ba,PedestrianCrossing,27529,k3,plus,shift_R,90018820,11,0.990502,0.990502,0.954301,0,0,0,0.975402,1.33415,53,0,33
269,ba,PedestrianCrossing,27529,k3,minus,op_slow,90018840,11,0.995466,0.996378,0.932775,0,0,0,0.953024,1.06235,54,0,33
269,ba,PedestrianCrossing,27529,k3,minus,op_stop,90018850,11,0.981411,0.981411,0.914083,0,0,0,0.974795,1.10043,45,0,33
269,ba,PedestrianCrossing,27529,k3,minus,hold,90018860,11,0.99205,0.99205,0.928312,0,0,0,0.963504,1.12403,46,0,33
269,ba,PedestrianCrossing,27529,k3,minus,brake_hard,90018870,11,0.99707,0.99707,0.908163,0,0,0,0.952957,1.05844,70,0,33
269,ba,PedestrianCrossing,27529,k3,minus,shift_L,90018880,11,0.983795,0.996786,0.943621,0,0,0,0.972099,1.1475,68,0,33
269,ba,PedestrianCrossing,27529,k3,minus,shift_R,90018890,11,0.997422,0.998074,0.896222,0,0,0,0.97565,1.26427,45,0,33
270,ba,PedestrianCrossing,27582,k1,plus,op_slow,90018910,10,0.998887,0.999962,0.99994,0,0,0,0.0893701,0.564493,41,0,30
270,ba,PedestrianCrossing,27582,k1,plus,op_stop,90018920,10,0.998905,0.999969,0.999955,0,0,0,0.0684439,0.564493,30,0,30
270,ba,PedestrianCrossing,27582,k1,plus,hold,90018930,10,0.998851,0.999972,0.99996,0,0,0,0.0448637,0.564493,30,0,30
270,ba,PedestrianCrossing,27582,k1,plus,brake_hard,90018940,10,0.999973,0.999993,0.999952,0,0,0,0.091668,0.894622,30,0,30
270,ba,PedestrianCrossing,27582,k1,plus,shift_L,90018950,10,0.99998,0.999996,0.999943,0,0,0,0.0481309,0.574543,28,0,30
270,ba,PedestrianCrossing,27582,k1,plus,shift_R,90018960,10,0.999733,0.999959,0.999876,0,0,0,0.0917719,0.694569,62,0,30
271,ba,PedestrianCrossing,27582,k1,minus,op_slow,90018980,10,0.998879,0.999957,0.999998,0,0,0,0.0220901,0.559988,60,5,30
271,ba,PedestrianCrossing,27582,k1,minus,op_stop,90018990,10,0.999007,0.99993,0.999671,0,0,0,0.132172,0.559988,63,2,30
271,ba,PedestrianCrossing,27582,k1,minus,hold,90019000,10,0.999059,0.999935,0.999888,0,0,0,0.0927033,0.559988,62,1,30
271,ba,PedestrianCrossing,27582,k1,minus,brake_hard,90019010,10,0.998879,0.999973,0.999967,0,0,0,0.0207588,0.559988,29,22,30
271,ba,PedestrianCrossing,27582,k1,minus,shift_L,90019020,10,0.999983,0.999996,0.999952,0,0,0,0.00224534,0.0138627,21,11,30
271,ba,PedestrianCrossing,27582,k1,minus,shift_R,90019030,10,0.99949,0.99997,0.999976,0,0,0,0.0367062,0.35711,60,0,30
272,ba,PedestrianCrossing,27582,k2,plus,op_slow,90019050,11,0.999705,0.99997,0.999943,0,0,0,0.0135928,0.0462149,57,4,33
272,ba,PedestrianCrossing,27582,k2,plus,op_stop,90019060,11,0.998895,0.999917,0.999698,0,0,0,0.0846072,0.188852,77,0,33
272,ba,PedestrianCrossing,27582,k2,plus,hold,90019070,11,0.999752,0.999976,0.999953,0,0,0,0.00321332,0.0181622,57,5,33
272,ba,PedestrianCrossing,27582,k2,plus,brake_hard,90019080,11,0.999997,0.999998,0.999986,0,0,0,0.00053343,0.00405103,6,4,33
272,ba,PedestrianCrossing,27582,k2,plus,shift_L,90019090,11,0.999752,0.999976,0.999953,0,0,0,0.00307507,0.0181622,57,17,33
272,ba,PedestrianCrossing,27582,k2,plus,shift_R,90019100,11,0.999998,0.999998,0.999984,0,0,0,0.0158721,0.0656993,10,2,33
273,ba,PedestrianCrossing,27582,k2,minus,op_slow,90019120,11,0.999571,0.999962,0.999972,0,0,0,0.095813,0.216564,65,0,33
273,ba,PedestrianCrossing,27582,k2,minus,op_stop,90019130,11,0.999677,0.999971,0.999954,0,0,0,0.0866216,0.188852,64,0,33
273,ba,PedestrianCrossing,27582,k2,minus,hold,90019140,11,0.999681,0.999971,0.999956,0,0,0,0.0867066,0.188852,63,0,33
273,ba,PedestrianCrossing,27582,k2,minus,brake_hard,90019150,11,0.998922,0.999928,0.999994,0,0,0,0.0864987,0.188852,77,0,33
273,ba,PedestrianCrossing,27582,k2,minus,shift_L,90019160,11,0.999621,0.999965,0.999971,0,0,0,0.0869072,0.188852,67,0,33
273,ba,PedestrianCrossing,27582,k2,minus,shift_R,90019170,11,0.999673,0.999971,0.999957,0,0,0,0.0778524,0.175551,63,0,33
274,ba,HighwayCutIn,3072,k1,plus,op_slow,90019190,11,0.998807,0.999413,0.998348,0,,0,0.91269,1.2447,72,0,33
274,ba,HighwayCutIn,3072,k1,plus,op_stop,90019200,11,0.998887,0.999281,0.997817,0,,0,0.941694,1.48013,71,0,33
274,ba,HighwayCutIn,3072,k1,plus,hold,90019210,11,0.997477,0.999426,0.998148,0,,0,0.955252,1.60273,98,0,33
274,ba,HighwayCutIn,3072,k1,plus,brake_hard,90019220,11,0.998529,0.999447,0.997434,0,,0,0.951959,1.19586,57,0,33
274,ba,HighwayCutIn,3072,k1,plus,shift_L,90019230,11,0.998979,0.999037,0.997508,0,,0,0.914497,1.19965,158,0,33
274,ba,HighwayCutIn,3072,k1,plus,shift_R,90019240,11,0.998834,0.998923,0.99799,0,,0,0.936229,1.24174,57,0,33
275,ba,HighwayCutIn,3072,k1,minus,op_slow,90019260,11,0.99862,0.99862,0.997318,0,,0,0.943915,1.20554,72,0,33
275,ba,HighwayCutIn,3072,k1,minus,op_stop,90019270,11,0.999296,0.999382,0.997119,0,,0,0.942124,1.40059,98,0,33
275,ba,HighwayCutIn,3072,k1,minus,hold,90019280,11,0.998867,0.999173,0.996704,0,,0,0.935518,1.17733,62,0,33
275,ba,HighwayCutIn,3072,k1,minus,brake_hard,90019290,11,0.999053,0.99939,0.996691,0,,0,0.942952,1.16542,68,0,33
275,ba,HighwayCutIn,3072,k1,minus,shift_L,90019300,11,0.998606,0.999615,0.997707,0,,0,0.982501,1.47027,145,0,33
275,ba,HighwayCutIn,3072,k1,minus,shift_R,90019310,11,0.998027,0.999075,0.997093,0,,0,0.938497,1.25656,72,0,33
276,ba,HighwayCutIn,3072,k2,plus,op_slow,90019330,11,0.998164,0.998164,0.988591,0,,0,0.918821,1.02588,67,0,33
276,ba,HighwayCutIn,3072,k2,plus,op_stop,90019340,11,0.997907,0.997907,0.989512,0,,0,0.921442,1.07564,60,0,33
276,ba,HighwayCutIn,3072,k2,plus,hold,90019350,11,0.997661,0.997661,0.991033,0,,0,0.917585,1.20914,55,0,33
276,ba,HighwayCutIn,3072,k2,plus,brake_hard,90019360,11,0.99233,0.99233,0.993777,0,,0,0.909053,1.03673,89,0,33
276,ba,HighwayCutIn,3072,k2,plus,shift_L,90019370,11,0.99823,0.998617,0.987233,0,,0,0.926844,1.04599,89,0,33
276,ba,HighwayCutIn,3072,k2,plus,shift_R,90019380,11,0.998405,0.998405,0.987193,0,,0,0.918762,1.10786,99,0,33
277,ba,HighwayCutIn,3072,k2,minus,op_slow,90019400,11,0.998392,0.998392,0.994521,0,,0,0.923737,1.11256,57,0,33
277,ba,HighwayCutIn,3072,k2,minus,op_stop,90019410,11,0.998143,0.999164,0.992061,0,,0,0.915977,1.12907,134,0,33
277,ba,HighwayCutIn,3072,k2,minus,hold,90019420,11,0.998679,0.999031,0.989409,0,,0,0.919524,1.07989,72,0,33
277,ba,HighwayCutIn,3072,k2,minus,brake_hard,90019430,11,0.99805,0.998469,0.994348,0,,0,0.930278,1.11828,49,0,33
277,ba,HighwayCutIn,3072,k2,minus,shift_L,90019440,11,0.996131,0.996131,0.996301,0,,0,0.925654,1.18595,88,0,33
277,ba,HighwayCutIn,3072,k2,minus,shift_R,90019450,11,0.998637,0.999208,0.991537,0,,0,0.920041,1.09579,79,0,33
278,ba,HighwayCutIn,3072,k3,plus,op_slow,90019470,11,0.998873,0.999278,0.995997,0,,0,0.909013,1.13793,27,0,33
278,ba,HighwayCutIn,3072,k3,plus,op_stop,90019480,11,0.998444,0.998945,0.996646,0,,0,0.922503,1.28997,28,0,33
278,ba,HighwayCutIn,3072,k3,plus,hold,90019490,11,0.998671,0.998803,0.997317,0,,0,0.915211,1.50548,30,0,33
278,ba,HighwayCutIn,3072,k3,plus,brake_hard,90019500,11,0.99858,0.998975,0.996264,0,,0,0.90764,1.13515,34,0,33
278,ba,HighwayCutIn,3072,k3,plus,shift_L,90019510,11,0.998325,0.99891,0.995541,0,,0,0.930321,1.19656,56,0,33
278,ba,HighwayCutIn,3072,k3,plus,shift_R,90019520,11,0.998682,0.999081,0.996808,0,,0,0.905034,1.1008,35,0,33
279,ba,HighwayCutIn,3072,k3,minus,op_slow,90019540,11,0.997771,0.998361,0.993563,0,,0,0.899649,1.1274,31,0,33
279,ba,HighwayCutIn,3072,k3,minus,op_stop,90019550,11,0.993918,0.998506,0.990879,0,,0,0.904378,1.22167,30,0,33
279,ba,HighwayCutIn,3072,k3,minus,hold,90019560,11,0.996372,0.998502,0.990837,0,,0,0.893903,1.12207,29,0,33
279,ba,HighwayCutIn,3072,k3,minus,brake_hard,90019570,11,0.996395,0.998732,0.994178,0,,0,0.909619,1.11821,30,0,33
279,ba,HighwayCutIn,3072,k3,minus,shift_L,90019580,11,0.994555,0.998348,0.992482,0,,0,0.907059,1.14976,31,0,33
279,ba,HighwayCutIn,3072,k3,minus,shift_R,90019590,11,0.994803,0.998441,0.992937,0,,0,0.918145,1.09872,33,0,33
280,ba,HighwayCutIn,3074,k2,plus,op_slow,90019610,9,0.998571,0.999973,0.999852,0,,0,0.131225,1.13585,182,8,27
280,ba,HighwayCutIn,3074,k2,plus,op_stop,90019620,9,0.999839,0.999986,0.999872,0,,0,0.169451,1.34084,214,11,27
280,ba,HighwayCutIn,3074,k2,plus,hold,90019630,9,0.999909,0.999993,0.999883,0,,0,0.104618,0.739475,182,6,27
280,ba,HighwayCutIn,3074,k2,plus,brake_hard,90019640,9,0.999839,0.999985,0.999871,0,,0,0.169659,1.34084,214,11,27
280,ba,HighwayCutIn,3074,k2,plus,shift_L,90019650,9,0.999904,0.999992,0.999884,0,,0,0.104666,0.739471,182,8,27
280,ba,HighwayCutIn,3074,k2,plus,shift_R,90019660,9,0.998579,0.999977,0.999857,0,,0,0.131415,1.13587,182,6,27
281,ba,HighwayCutIn,3074,k2,minus,op_slow,90019680,9,0.998486,0.999388,0.999797,0,,0,1.30806,3.45626,204,3,27
281,ba,HighwayCutIn,3074,k2,minus,op_stop,90019690,9,0.998538,0.999406,0.999776,0,,0,1.40058,3.45829,204,3,27
281,ba,HighwayCutIn,3074,k2,minus,hold,90019700,9,0.998468,0.999404,0.999772,0,,0,1.31738,3.46238,204,3,27
281,ba,HighwayCutIn,3074,k2,minus,brake_hard,90019710,9,0.998523,0.999407,0.99979,0,,0,1.31274,3.45532,204,3,27
281,ba,HighwayCutIn,3074,k2,minus,shift_L,90019720,9,0.999125,0.999489,0.999805,0,,0,1.27446,3.45829,204,5,27
281,ba,HighwayCutIn,3074,k2,minus,shift_R,90019730,9,0.999139,0.999492,0.999819,0,,0,1.27368,3.45106,204,3,27
282,ba,HighwayCutIn,3074,k3,plus,op_slow,90019750,11,0.999991,0.999993,0.999978,0.0072465,,0.00583775,0.0448902,0.147111,50,6,33
282,ba,HighwayCutIn,3074,k3,plus,op_stop,90019760,11,0.999921,0.99997,0.999894,0.00770592,,0.00634226,0.0811764,0.238192,82,4,33
282,ba,HighwayCutIn,3074,k3,plus,hold,90019770,11,0.999994,0.999997,0.999989,0,,0,0.13011,1.24622,53,1,33
282,ba,HighwayCutIn,3074,k3,plus,brake_hard,90019780,11,0.999997,0.999999,0.999991,0,,0,0.0447279,0.148153,50,8,33
282,ba,HighwayCutIn,3074,k3,plus,shift_L,90019790,11,0.999948,0.999995,0.999956,0,,0,0.150974,1.27567,90,0,33
282,ba,HighwayCutIn,3074,k3,plus,shift_R,90019800,11,0.999995,0.999996,0.999991,0,,0,0.0413764,0.144636,47,4,33
283,ba,HighwayCutIn,3074,k3,minus,op_slow,90019820,11,0.999987,0.999995,0.999987,0,,0,0.0340471,0.0892777,49,6,33
283,ba,HighwayCutIn,3074,k3,minus,op_stop,90019830,11,0.999993,0.999993,0.99999,6.10352e-05,,0,0.0444247,0.150946,49,5,33
283,ba,HighwayCutIn,3074,k3,minus,hold,90019840,11,0.999968,0.99999,0.999976,0,,0,1.60045,6.70483,85,0,33
283,ba,HighwayCutIn,3074,k3,minus,brake_hard,90019850,11,0.999981,0.999981,0.999983,0,,0,0.136657,1.27567,66,0,33
283,ba,HighwayCutIn,3074,k3,minus,shift_L,90019860,11,0.999988,0.999993,0.999987,0,,0,0.0425954,0.101679,49,7,33
283,ba,HighwayCutIn,3074,k3,minus,shift_R,90019870,11,0.999988,0.999988,0.999987,0,,0,0.0291246,0.0773159,90,6,33
284,ba,HighwayCutIn,3080,k1,plus,op_slow,90019890,11,0.999822,0.999988,0.999309,0,,0,0.147306,0.599846,65,0,33
284,ba,HighwayCutIn,3080,k1,plus,op_stop,90019900,11,0.999807,0.999986,0.999323,0,,0,0.146509,0.595787,54,0,33
284,ba,HighwayCutIn,3080,k1,plus,hold,90019910,11,0.997654,0.999849,0.999664,0,,0,0.382425,1.35444,112,0,33
284,ba,HighwayCutIn,3080,k1,plus,brake_hard,90019920,11,0.999839,0.999987,0.999306,0,,0,0.144215,0.579092,66,0,33
284,ba,HighwayCutIn,3080,k1,plus,shift_L,90019930,11,0.999825,0.999987,0.99932,0,,0,0.144064,0.597645,54,0,33
284,ba,HighwayCutIn,3080,k1,plus,shift_R,90019940,11,0.999832,0.999983,0.999257,0,,0,0.149952,0.597141,54,0,33
285,ba,HighwayCutIn,3080,k1,minus,op_slow,90019960,11,0.998814,0.999791,0.999132,0,,0,0.571375,1.38716,112,0,33
285,ba,HighwayCutIn,3080,k1,minus,op_stop,90019970,11,0.999838,0.999985,0.999769,0,,0,0.142323,0.594088,66,0,33
285,ba,HighwayCutIn,3080,k1,minus,hold,90019980,11,0.99899,0.999991,0.999458,0,,0,0.0649302,0.203918,111,0,33
285,ba,HighwayCutIn,3080,k1,minus,brake_hard,90019990,11,0.999837,0.999947,0.999736,0,,0,0.168467,0.573819,84,0,33
285,ba,HighwayCutIn,3080,k1,minus,shift_L,90020000,11,0.999851,0.999986,0.999766,0,,0,0.142309,0.594443,51,0,33
285,ba,HighwayCutIn,3080,k1,minus,shift_R,90020010,11,0.999842,0.999988,0.999769,0,,0,0.142842,0.594036,67,0,33
286,ba,HighwayCutIn,3080,k2,plus,op_slow,90020030,11,0.999996,0.999998,0.999527,0,,0,0.0429432,0.162318,42,0,33
286,ba,HighwayCutIn,3080,k2,plus,op_stop,90020040,11,0.999846,0.999996,0.999405,0,,0,0.134449,0.585576,43,0,33
286,ba,HighwayCutIn,3080,k2,plus,hold,90020050,11,0.999995,0.999998,0.999506,0,,0,0.0410396,0.158533,56,0,33
286,ba,HighwayCutIn,3080,k2,plus,brake_hard,90020060,11,0.999849,0.999996,0.999405,0,,0,0.107107,0.560402,43,0,33
286,ba,HighwayCutIn,3080,k2,plus,shift_L,90020070,11,0.999827,0.999996,0.999405,0,,0,0.122404,0.568231,43,0,33
286,ba,HighwayCutIn,3080,k2,plus,shift_R,90020080,11,0.99985,0.999996,0.999398,0,,0,0.110006,0.572639,43,0,33
287,ba,HighwayCutIn,3080,k2,minus,op_slow,90020100,11,0.999829,0.999996,0.999698,0,,0,0.137177,0.60673,44,0,33
287,ba,HighwayCutIn,3080,k2,minus,op_stop,90020110,11,0.999506,0.999978,0.999969,0,,0,0.21287,0.931787,87,0,33
287,ba,HighwayCutIn,3080,k2,minus,hold,90020120,11,0.999837,0.999996,0.999712,0,,0,0.139334,0.608548,43,0,33
287,ba,HighwayCutIn,3080,k2,minus,brake_hard,90020130,11,0.999997,0.999999,0.999475,0,,0,0.0189632,0.118553,17,0,33
287,ba,HighwayCutIn,3080,k2,minus,shift_L,90020140,11,0.999822,0.99996,0.999705,0,,0,0.175816,0.610306,84,0,33
287,ba,HighwayCutIn,3080,k2,minus,shift_R,90020150,11,0.999825,0.999995,0.999704,0,,0,0.141989,0.612893,65,0,33
288,ba,HighwayCutIn,3080,k3,plus,op_slow,90020170,11,0.999944,0.999963,0.999944,0.0715051,,0.0186179,0.0442118,0.194887,105,2,33
288,ba,HighwayCutIn,3080,k3,plus,op_stop,90020180,11,0.999994,0.999999,0.999995,0,,0,0.00390648,0.0174465,17,7,33
288,ba,HighwayCutIn,3080,k3,plus,hold,90020190,11,0.999995,0.999998,0.999997,0,,0,0.00378217,0.0165919,11,11,33
288,ba,HighwayCutIn,3080,k3,plus,brake_hard,90020200,11,0.999995,0.999998,0.999996,0,,0,0.00373942,0.0146172,12,1,33
288,ba,HighwayCutIn,3080,k3,plus,shift_L,90020210,11,0.999981,0.999993,0.999983,0.0368252,,0.00333068,0.0198914,0.0879269,49,9,33
288,ba,HighwayCutIn,3080,k3,plus,shift_R,90020220,11,0.999997,0.999999,0.999997,0,,0,0.00357842,0.0132642,12,7,33
289,ba,HighwayCutIn,3080,k3,minus,op_slow,90020240,11,0.999995,0.999996,0.999995,0,,0,0.00978652,0.0184915,8,0,33
289,ba,HighwayCutIn,3080,k3,minus,op_stop,90020250,11,0.999993,0.999993,0.999996,0,,0,0.00963453,0.0183809,7,0,33
289,ba,HighwayCutIn,3080,k3,minus,hold,90020260,11,0.999996,0.999996,0.999994,0,,0,0.00984031,0.0183494,7,0,33
289,ba,HighwayCutIn,3080,k3,minus,brake_hard,90020270,11,0.999995,0.999995,0.999996,0,,0,0.00983425,0.0183494,7,0,33
289,ba,HighwayCutIn,3080,k3,minus,shift_L,90020280,11,0.999995,0.999995,0.999996,0,,0,0.00980711,0.018529,6,0,33
289,ba,HighwayCutIn,3080,k3,minus,shift_R,90020290,11,0.999992,0.999996,0.999996,0,,0,0.00948823,0.0183494,7,0,33
290,ba,ParkingCrossingPedestrian,3248,k1,plus,op_slow,90020310,11,0.999619,0.999763,0.999654,0,0,0,4.24444,4.97101,90,0,33
290,ba,ParkingCrossingPedestrian,3248,k1,plus,op_stop,90020320,11,0.999994,0.999996,0.999994,0,0,0,0.13047,0.406459,80,0,33
290,ba,ParkingCrossingPedestrian,3248,k1,plus,hold,90020330,11,0.999994,0.999996,0.999996,0,0,0,0.110865,0.364472,80,0,33
290,ba,ParkingCrossingPedestrian,3248,k1,plus,brake_hard,90020340,11,0.999651,0.999765,0.999649,0,0,0,4.28635,4.97126,90,0,33
290,ba,ParkingCrossingPedestrian,3248,k1,plus,shift_L,90020350,11,0.999633,0.999774,0.999659,0,0,0,4.28649,4.97121,90,0,33
290,ba,ParkingCrossingPedestrian,3248,k1,plus,shift_R,90020360,11,0.999994,0.999996,0.999994,0,0,0,0.0829276,0.166448,63,0,33
291,ba,ParkingCrossingPedestrian,3248,k1,minus,op_slow,90020380,11,0.999621,0.999763,0.999996,0,0,0,4.28316,4.97106,69,0,33
291,ba,ParkingCrossingPedestrian,3248,k1,minus,op_stop,90020390,11,0.999619,0.999765,0.999993,0,0,0,4.28414,4.9713,69,0,33
291,ba,ParkingCrossingPedestrian,3248,k1,minus,hold,90020400,11,0.999993,0.999995,0.999631,0,0,0,0.085399,0.150692,37,0,33
291,ba,ParkingCrossingPedestrian,3248,k1,minus,brake_hard,90020410,11,0.999601,0.999761,0.999973,0,0,0,4.28692,4.9709,88,0,33
291,ba,ParkingCrossingPedestrian,3248,k1,minus,shift_L,90020420,11,0.991057,0.991057,0.991412,0,0,0,53.3802,86.3656,255,0,33
291,ba,ParkingCrossingPedestrian,3248,k1,minus,shift_R,90020430,11,0.999991,0.999997,0.999642,0,0,0,0.105556,0.220643,84,0,33
292,ba,ParkingCrossingPedestrian,3255,k1,plus,op_slow,90020450,11,0.999997,0.999998,0.999974,0,0,0,0.0582974,0.264493,52,0,33
292,ba,ParkingCrossingPedestrian,3255,k1,plus,op_stop,90020460,11,0.999995,0.999995,0.999973,0,0,0,0.0636422,0.263618,101,0,33
292,ba,ParkingCrossingPedestrian,3255,k1,plus,hold,90020470,11,0.999993,0.999993,0.999984,0,0,0,0.0645291,0.241914,110,0,33
292,ba,ParkingCrossingPedestrian,3255,k1,plus,brake_hard,90020480,11,0.997865,0.998946,0.998746,0,0,0,25.074,37.12,192,0,33
292,ba,ParkingCrossingPedestrian,3255,k1,plus,shift_L,90020490,11,0.687635,0.950564,0.953802,0,0,0,132.759,165.584,255,0,33
292,ba,ParkingCrossingPedestrian,3255,k1,plus,shift_R,90020500,11,0.999973,0.999987,0.999992,0,0,0,0.043016,0.135381,114,1,33
293,ba,ParkingCrossingPedestrian,3255,k1,minus,op_slow,90020520,11,0.999823,0.999971,0.999833,0,0,0,0.162644,0.739427,147,0,33
293,ba,ParkingCrossingPedestrian,3255,k1,minus,op_stop,90020530,11,0.99989,0.99999,0.999972,0.00195312,0.00195312,0.00195312,0.0621653,0.262709,119,0,33
293,ba,ParkingCrossingPedestrian,3255,k1,minus,hold,90020540,11,0.999985,0.999989,0.999992,0,0,0,0.0615659,0.191513,78,0,33
293,ba,ParkingCrossingPedestrian,3255,k1,minus,brake_hard,90020550,11,0.997829,0.998927,0.998783,0,0,0,25.0735,37.112,192,0,33
293,ba,ParkingCrossingPedestrian,3255,k1,minus,shift_L,90020560,11,0.719817,0.96206,0.927994,0,0,0,121.118,146.39,255,0,33
293,ba,ParkingCrossingPedestrian,3255,k1,minus,shift_R,90020570,11,0.965959,0.988751,0.991065,0,0,0,88.4974,121.537,255,0,33
294,ba,StaticCutIn,3483,k1,plus,op_slow,90020590,11,0.99992,0.999977,0.999946,0,,0,0.0660585,0.209986,107,0,33
294,ba,StaticCutIn,3483,k1,plus,op_stop,90020600,11,0.999906,0.999975,0.999898,0,,0,0.0561585,0.18744,101,0,33
294,ba,StaticCutIn,3483,k1,plus,hold,90020610,11,0.999896,0.999972,0.999943,0,,0,0.0578724,0.198144,137,0,33
294,ba,StaticCutIn,3483,k1,plus,brake_hard,90020620,11,0.999126,0.999126,0.999267,0,,0,0.0892369,0.556966,137,0,33
294,ba,StaticCutIn,3483,k1,plus,shift_L,90020630,11,0.999957,0.999967,0.999922,0,,0,0.0691545,0.227569,107,0,33
294,ba,StaticCutIn,3483,k1,plus,shift_R,90020640,11,0.980274,0.985574,0.980157,0,,0,17.6522,42.8753,255,0,33
295,ba,StaticCutIn,3483,k1,minus,op_slow,90020660,11,0.999787,0.999881,0.963461,0,,0,0.901068,1.88459,49,0,33
295,ba,StaticCutIn,3483,k1,minus,op_stop,90020670,11,0.99971,0.999854,0.963542,0,,0,0.92228,1.94504,107,0,33
295,ba,StaticCutIn,3483,k1,minus,hold,90020680,11,0.999728,0.99985,0.96404,0,,0,0.919543,1.96195,105,0,33
295,ba,StaticCutIn,3483,k1,minus,brake_hard,90020690,11,0.999781,0.999889,0.963171,0,,0,0.896734,1.88412,49,0,33
295,ba,StaticCutIn,3483,k1,minus,shift_L,90020700,11,0.999356,0.999356,0.961236,0,,0,0.941183,2.05447,122,0,33
295,ba,StaticCutIn,3483,k1,minus,shift_R,90020710,11,0.998249,0.999273,0.961966,0,,0,1.23059,2.167,123,0,33
296,ba,StaticCutIn,3483,k2,plus,op_slow,90020730,11,0.9986,0.999154,0.999193,0,,0,0.535764,0.830324,124,0,33
296,ba,StaticCutIn,3483,k2,plus,op_stop,90020740,11,0.998638,0.999549,0.999378,0,,0,0.440509,0.804415,124,0,33
296,ba,StaticCutIn,3483,k2,plus,hold,90020750,11,0.998534,0.999261,0.999276,0,,0,0.586159,0.917946,128,0,33
296,ba,StaticCutIn,3483,k2,plus,brake_hard,90020760,11,0.998586,0.999217,0.999187,0,,0,0.538518,0.819347,143,0,33
296,ba,StaticCutIn,3483,k2,plus,shift_L,90020770,11,0.929359,0.974534,0.957583,0,,0,55.4514,119.465,255,0,33
296,ba,StaticCutIn,3483,k2,plus,shift_R,90020780,11,0.99855,0.999231,0.99915,0,,0,0.55782,0.877034,128,0,33
297,ba,StaticCutIn,3483,k2,minus,op_slow,90020800,11,0.999782,0.999996,0.929483,0,,0,0.0787453,0.152557,94,0,33
297,ba,StaticCutIn,3483,k2,minus,op_stop,90020810,11,0.999839,0.999995,0.929101,0,,0,0.0505236,0.211368,65,0,33
297,ba,StaticCutIn,3483,k2,minus,hold,90020820,11,0.999938,0.99996,0.930653,0,,0,0.106636,0.299504,98,0,33
297,ba,StaticCutIn,3483,k2,minus,brake_hard,90020830,11,0.999342,0.999614,0.931677,0,,0,0.207174,0.794344,122,0,33
297,ba,StaticCutIn,3483,k2,minus,shift_L,90020840,11,0.99974,0.99974,0.930771,0,,0,0.186659,0.530854,124,0,33
297,ba,StaticCutIn,3483,k2,minus,shift_R,90020850,11,0.99983,0.999989,0.930427,0,,0,0.0484826,0.182031,104,0,33
298,ba,StaticCutIn,3483,k3,plus,op_slow,90020870,11,0.999972,0.999992,0.999971,0,,0,0.0551509,0.409184,89,0,33
298,ba,StaticCutIn,3483,k3,plus,op_stop,90020880,11,0.999963,0.999988,0.999961,0.0129515,,0.00684147,0.0798085,0.411766,152,0,33
298,ba,StaticCutIn,3483,k3,plus,hold,90020890,11,0.999994,0.999995,0.999992,0.0129515,,0.00657437,0.0574368,0.420998,105,0,33
298,ba,StaticCutIn,3483,k3,plus,brake_hard,90020900,11,0.999716,0.999716,0.999708,0.0129515,,0.00657437,0.0683677,0.411961,136,0,33
298,ba,StaticCutIn,3483,k3,plus,shift_L,90020910,11,0.999972,0.999987,0.999968,0.00907024,,0,0.0609966,0.411919,112,0,33
298,ba,StaticCutIn,3483,k3,plus,shift_R,90020920,11,0.999992,0.999998,0.999993,0,,0,0.0519735,0.408806,89,0,33
299,ba,StaticCutIn,3483,k3,minus,op_slow,90020940,11,0.999992,0.999993,0.985746,0.0129515,,0.00657437,0.0249559,0.059626,52,0,33
299,ba,StaticCutIn,3483,k3,minus,op_stop,90020950,11,0.999993,0.999996,0.985747,0.0129515,,0.00657437,0.0273079,0.0630512,102,0,33
299,ba,StaticCutIn,3483,k3,minus,hold,90020960,11,0.999992,0.999997,0.985843,0,,0,0.0252007,0.0623675,102,0,33
299,ba,StaticCutIn,3483,k3,minus,brake_hard,90020970,11,0.999982,0.999997,0.985816,0,,0,0.0661477,0.491624,126,0,33
299,ba,StaticCutIn,3483,k3,minus,shift_L,90020980,11,0.999961,0.999995,0.98578,0.0129515,,0.00657437,0.145159,1.19271,188,0,33
299,ba,StaticCutIn,3483,k3,minus,shift_R,90020990,11,0.999992,0.999995,0.985793,0.0129515,,0.00657437,0.0398629,0.249081,105,0,33
300,ba,StaticCutIn,3502,k1,plus,op_slow,90021010,11,0.997623,0.998205,0.99869,0,,0,1.18763,2.89716,180,0,33
300,ba,StaticCutIn,3502,k1,plus,op_stop,90021020,11,0.99684,0.998476,0.998733,0,,0,1.81189,3.96109,180,0,33
300,ba,StaticCutIn,3502,k1,plus,hold,90021030,11,0.997041,0.998472,0.998761,0,,0,1.64956,4.05367,183,0,33
300,ba,StaticCutIn,3502,k1,plus,brake_hard,90021040,11,0.997992,0.998458,0.998415,0,,0,1.4686,2.97166,180,0,33
300,ba,StaticCutIn,3502,k1,plus,shift_L,90021050,11,0.998299,0.998644,0.999388,0,,0,1.23199,2.88468,169,0,33
300,ba,StaticCutIn,3502,k1,plus,shift_R,90021060,11,0.998354,0.998628,0.99878,0,,0,1.43384,3.05305,180,0,33
301,ba,StaticCutIn,3502,k1,minus,op_slow,90021080,11,0.998286,0.998432,0.999578,0,,0,1.32266,2.36508,172,0,33
301,ba,StaticCutIn,3502,k1,minus,op_stop,90021090,11,0.998521,0.998907,0.999219,6.10352e-05,,6.10352e-05,0.96839,2.09879,168,0,33
301,ba,StaticCutIn,3502,k1,minus,hold,90021100,11,0.997949,0.997955,0.999111,6.10352e-05,,0,1.41776,3.98898,170,0,33
301,ba,StaticCutIn,3502,k1,minus,brake_hard,90021110,11,0.998934,0.998934,0.99943,0,,0,0.975674,2.17681,171,0,33
301,ba,StaticCutIn,3502,k1,minus,shift_L,90021120,11,0.999125,0.999721,0.998693,0,,0,0.966791,2.58053,176,0,33
301,ba,StaticCutIn,3502,k1,minus,shift_R,90021130,11,0.999718,0.999764,0.99864,0,,0,0.642222,1.45887,164,0,33
302,ba,StaticCutIn,3502,k2,plus,op_slow,90021150,11,0.999424,0.999424,0.999576,0.0176341,,0,0.941051,2.96548,173,0,33
302,ba,StaticCutIn,3502,k2,plus,op_stop,90021160,11,0.999419,0.999473,0.999547,0.0176341,,0,0.991862,3.06053,174,0,33
302,ba,StaticCutIn,3502,k2,plus,hold,90021170,11,0.999512,0.999512,0.999673,0.0176341,,0,0.986701,3.06965,176,0,33
302,ba,StaticCutIn,3502,k2,plus,brake_hard,90021180,11,0.999658,0.999826,0.999656,0.0176341,,0,0.734179,1.26422,164,0,33
302,ba,StaticCutIn,3502,k2,plus,shift_L,90021190,11,0.997842,0.99795,0.997047,0,,0,1.5502,3.47945,169,0,33
302,ba,StaticCutIn,3502,k2,plus,shift_R,90021200,11,0.999108,0.999344,0.998675,0,,0,1.00492,2.84112,167,0,33
303,ba,StaticCutIn,3502,k2,minus,op_slow,90021220,11,0.997446,0.997446,0.998727,0.0176341,,0,1.20484,2.09266,167,0,33
303,ba,StaticCutIn,3502,k2,minus,op_stop,90021230,11,0.998526,0.998559,0.999175,0,,0,1.05436,2.02368,176,0,33
303,ba,StaticCutIn,3502,k2,minus,hold,90021240,11,0.999659,0.99984,0.999195,0,,0,0.386849,1.34076,158,0,33
303,ba,StaticCutIn,3502,k2,minus,brake_hard,90021250,11,0.999243,0.999306,0.999905,0.0176341,,0,0.887881,1.73257,159,0,33
303,ba,StaticCutIn,3502,k2,minus,shift_L,90021260,11,0.999538,0.999699,0.999009,0,,0,0.528384,2.32499,161,0,33
303,ba,StaticCutIn,3502,k2,minus,shift_R,90021270,11,0.99941,0.999657,0.999124,0,,0,0.678987,1.7947,162,0,33
304,ba,StaticCutIn,3502,k3,plus,op_slow,90021290,11,0.999317,0.999317,0.999928,0.100073,,6.10352e-05,0.106367,0.74685,191,0,33
304,ba,StaticCutIn,3502,k3,plus,op_stop,90021300,11,0.999319,0.999319,0.999932,0.100073,,0,0.0995008,0.739431,191,0,33
304,ba,StaticCutIn,3502,k3,plus,hold,90021310,11,0.999339,0.999339,0.999928,0.100073,,0,0.0996218,0.737434,191,0,33
304,ba,StaticCutIn,3502,k3,plus,brake_hard,90021320,11,0.999171,0.999171,0.999989,0.810109,,0.193492,0.127242,0.784322,191,0,33
304,ba,StaticCutIn,3502,k3,plus,shift_L,90021330,11,0.999209,0.999209,0.999993,0.810109,,0.193492,0.117794,0.785316,191,0,33
304,ba,StaticCutIn,3502,k3,plus,shift_R,90021340,11,0.999323,0.999323,0.99993,0.100073,,6.10352e-05,0.16929,1.06891,191,0,33
305,ba,StaticCutIn,3502,k3,minus,op_slow,90021360,11,0.999892,0.999892,0.999889,0.810109,,0.193492,0.085951,0.149333,169,0,33
305,ba,StaticCutIn,3502,k3,minus,op_stop,90021370,11,0.999994,0.999994,0.999991,6.10352e-05,,6.10352e-05,0.0653134,0.107902,72,0,33
305,ba,StaticCutIn,3502,k3,minus,hold,90021380,11,0.999995,0.999996,0.999993,6.10352e-05,,6.10352e-05,0.0667156,0.103893,72,0,33
305,ba,StaticCutIn,3502,k3,minus,brake_hard,90021390,11,0.999891,0.999891,0.999891,0.810109,,0.193492,0.0883658,0.153445,169,0,33
305,ba,StaticCutIn,3502,k3,minus,shift_L,90021400,11,0.999994,0.999998,0.999995,6.10352e-05,,6.10352e-05,0.0779021,0.123942,72,0,33
305,ba,StaticCutIn,3502,k3,minus,shift_R,90021410,11,0.999987,0.999987,0.999984,6.10352e-05,,6.10352e-05,0.0870343,0.249196,72,0,33
306,ba,VehicleTurningRoutePedestrian,3731,k1,plus,op_slow,90021430,10,0.97001,0.981283,0.96665,0,0,0,2.26256,3.90329,126,0,30
306,ba,VehicleTurningRoutePedestrian,3731,k1,plus,op_stop,90021440,10,0.997322,0.997322,0.9966,0,0,0,1.50624,1.729,110,0,30
306,ba,VehicleTurningRoutePedestrian,3731,k1,plus,hold,90021450,10,0.999019,0.999641,0.999161,0,0,0,1.53726,1.88151,99,0,30
306,ba,VehicleTurningRoutePedestrian,3731,k1,plus,brake_hard,90021460,10,0.973652,0.98718,0.970605,0,0,0,2.43567,3.89307,130,0,30
306,ba,VehicleTurningRoutePedestrian,3731,k1,plus,shift_L,90021470,10,0.975065,0.989585,0.972011,0,0,0,2.44178,4.00867,126,0,30
306,ba,VehicleTurningRoutePedestrian,3731,k1,plus,shift_R,90021480,10,0.975865,0.986939,0.972581,0,0,0,1.78673,3.18161,108,0,30
307,ba,VehicleTurningRoutePedestrian,3731,k1,minus,op_slow,90021500,10,0.99903,0.999262,0.999076,0,0,0,1.58216,2.51072,111,0,30
307,ba,VehicleTurningRoutePedestrian,3731,k1,minus,op_stop,90021510,10,0.970256,0.987953,0.971465,0,0,0,2.32681,3.87715,128,0,30
307,ba,VehicleTurningRoutePedestrian,3731,k1,minus,hold,90021520,10,0.972009,0.988206,0.973219,0,0,0,1.79257,3.14176,109,0,30
307,ba,VehicleTurningRoutePedestrian,3731,k1,minus,brake_hard,90021530,10,0.976933,0.994016,0.977656,0,0,0,2.42003,3.44978,117,0,30
307,ba,VehicleTurningRoutePedestrian,3731,k1,minus,shift_L,90021540,10,0.979572,0.993858,0.980257,0,0,0,2.36035,3.44168,119,0,30
307,ba,VehicleTurningRoutePedestrian,3731,k1,minus,shift_R,90021550,10,0.999092,0.999532,0.99957,0,0,0,1.44535,1.95822,117,0,30
308,ba,VehicleTurningRoutePedestrian,3731,k2,plus,op_slow,90021570,11,0.980258,0.997901,0.979505,0,0,0,2.62188,4.09788,129,0,33
308,ba,VehicleTurningRoutePedestrian,3731,k2,plus,op_stop,90021580,11,0.979184,0.998143,0.977847,0,0,0,2.10459,3.08364,119,0,33
308,ba,VehicleTurningRoutePedestrian,3731,k2,plus,hold,90021590,11,0.973445,0.998008,0.970572,0,0,0,1.79722,3.29394,108,0,33
308,ba,VehicleTurningRoutePedestrian,3731,k2,plus,brake_hard,90021600,11,0.97931,0.99763,0.977679,0,0,0,2.63899,4.09817,127,0,33
308,ba,VehicleTurningRoutePedestrian,3731,k2,plus,shift_L,90021610,11,0.979526,0.998046,0.977396,0,0,0,2.03584,2.9627,111,0,33
308,ba,VehicleTurningRoutePedestrian,3731,k2,plus,shift_R,90021620,11,0.979234,0.998083,0.978659,0,0,0,2.67072,4.08053,128,0,33
309,ba,VehicleTurningRoutePedestrian,3731,k2,minus,op_slow,90021640,11,0.971657,0.99815,0.998432,0,0,0,2.29991,3.86299,127,0,33
309,ba,VehicleTurningRoutePedestrian,3731,k2,minus,op_stop,90021650,11,0.981287,0.997466,0.9794,0,0,0,2.34151,3.17392,121,0,33
309,ba,VehicleTurningRoutePedestrian,3731,k2,minus,hold,90021660,11,0.983343,0.997448,0.978868,0,0,0,2.29303,3.23223,117,0,33
309,ba,VehicleTurningRoutePedestrian,3731,k2,minus,brake_hard,90021670,11,0.982796,0.997385,0.977408,0,0,0,2.35016,3.14237,112,0,33
309,ba,VehicleTurningRoutePedestrian,3731,k2,minus,shift_L,90021680,11,0.971628,0.989537,0.978808,0,0,0,2.33864,3.21426,112,0,33
309,ba,VehicleTurningRoutePedestrian,3731,k2,minus,shift_R,90021690,11,0.980492,0.99674,0.979556,0,0,0,2.30967,3.23526,116,0,33
310,ba,VehicleTurningRoutePedestrian,3737,k1,plus,op_slow,90021710,11,0.998915,0.999526,0.998567,0,0,0,1.30583,1.58234,107,0,33
310,ba,VehicleTurningRoutePedestrian,3737,k1,plus,op_stop,90021720,11,0.998437,0.999321,0.998491,0,0,0,1.28807,1.78012,105,0,33
310,ba,VehicleTurningRoutePedestrian,3737,k1,plus,hold,90021730,11,0.997976,0.999612,0.997792,0,0,0,1.262,1.6551,105,0,33
310,ba,VehicleTurningRoutePedestrian,3737,k1,plus,brake_hard,90021740,11,0.99768,0.999487,0.998044,0,0,0,1.26469,1.64994,107,0,33
310,ba,VehicleTurningRoutePedestrian,3737,k1,plus,shift_L,90021750,11,0.998781,0.999569,0.999333,0,0,0,1.3572,1.63209,103,0,33
310,ba,VehicleTurningRoutePedestrian,3737,k1,plus,shift_R,90021760,11,0.998681,0.999457,0.998348,0,0,0,1.3067,1.52552,105,0,33
311,ba,VehicleTurningRoutePedestrian,3737,k1,minus,op_slow,90021780,11,0.998546,0.999577,0.998873,0,0,0,1.24491,1.49693,70,0,33
311,ba,VehicleTurningRoutePedestrian,3737,k1,minus,op_stop,90021790,11,0.99937,0.99976,0.99858,0,0,0,1.27734,1.53137,91,0,33
311,ba,VehicleTurningRoutePedestrian,3737,k1,minus,hold,90021800,11,0.997669,0.999344,0.998532,0,0,0,1.24299,1.42298,106,0,33
311,ba,VehicleTurningRoutePedestrian,3737,k1,minus,brake_hard,90021810,11,0.999196,0.99957,0.998614,0,0,0,1.26683,1.71072,70,0,33
311,ba,VehicleTurningRoutePedestrian,3737,k1,minus,shift_L,90021820,11,0.998034,0.998895,0.998504,0,0,0,2.12477,3.79018,153,0,33
311,ba,VehicleTurningRoutePedestrian,3737,k1,minus,shift_R,90021830,11,0.998799,0.999764,0.998981,0,0,0,1.25419,1.40036,70,0,33
312,ba,VehicleTurningRoutePedestrian,3740,k1,plus,op_slow,90021850,11,0.999155,0.999961,0.999986,0,0,0,0.25496,2.42873,84,1,33
312,ba,VehicleTurningRoutePedestrian,3740,k1,plus,op_stop,90021860,11,0.999112,0.999919,0.999962,0,0,0,0.24024,2.43262,117,8,33
312,ba,VehicleTurningRoutePedestrian,3740,k1,plus,hold,90021870,11,0.999711,0.999941,0.999936,0,0,0,0.187623,1.40227,136,1,33
312,ba,VehicleTurningRoutePedestrian,3740,k1,plus,brake_hard,90021880,11,0.999762,0.999952,0.999989,0,0,0,0.164756,1.38615,118,3,33
312,ba,VehicleTurningRoutePedestrian,3740,k1,plus,shift_L,90021890,11,0.999574,0.999945,0.999514,0,0,0,0.18942,1.21489,121,1,33
312,ba,VehicleTurningRoutePedestrian,3740,k1,plus,shift_R,90021900,11,0.999754,0.99997,0.999963,0,0,0,0.206178,1.40956,90,1,33
313,ba,VehicleTurningRoutePedestrian,3740,k1,minus,op_slow,90021920,11,0.999597,0.999966,0.999842,0,0,0,0.219015,1.02341,96,3,33
313,ba,VehicleTurningRoutePedestrian,3740,k1,minus,op_stop,90021930,11,0.999967,0.999986,0.999765,0,0,0,0.05719,0.340688,116,8,33
313,ba,VehicleTurningRoutePedestrian,3740,k1,minus,hold,90021940,11,0.999118,0.999945,0.999676,0,0,0,0.624785,2.73621,105,1,33
313,ba,VehicleTurningRoutePedestrian,3740,k1,minus,brake_hard,90021950,11,0.999608,0.999958,0.999847,0,0,0,0.0970851,0.893878,111,5,33
313,ba,VehicleTurningRoutePedestrian,3740,k1,minus,shift_L,90021960,11,0.999845,0.999958,0.999796,0,0,0,0.0619298,0.145585,147,0,33
313,ba,VehicleTurningRoutePedestrian,3740,k1,minus,shift_R,90021970,11,0.999948,0.999987,0.999747,0,0,0,0.118183,0.904669,83,1,33
314,ba,VehicleTurningRoutePedestrian,3740,k2,plus,op_slow,90021990,11,0.999666,0.999971,0.999801,0,0,0,0.284226,1.42328,85,0,33
314,ba,VehicleTurningRoutePedestrian,3740,k2,plus,op_stop,90022000,11,0.999882,0.999986,0.999927,0,0,0,0.0994906,0.454128,117,0,33
314,ba,VehicleTurningRoutePedestrian,3740,k2,plus,hold,90022010,11,0.999769,0.999956,0.999843,0,0,0,0.155452,1.05395,150,0,33
314,ba,VehicleTurningRoutePedestrian,3740,k2,plus,brake_hard,90022020,11,0.999952,0.999995,0.999978,0,0,0,0.0826888,0.330633,69,0,33
314,ba,VehicleTurningRoutePedestrian,3740,k2,plus,shift_L,90022030,11,0.999785,0.999973,0.999817,0,0,0,0.217055,1.09154,84,0,33
314,ba,VehicleTurningRoutePedestrian,3740,k2,plus,shift_R,90022040,11,0.999975,0.999991,0.999991,0,0,0,0.121523,0.4568,96,0,33
315,ba,VehicleTurningRoutePedestrian,3740,k2,minus,op_slow,90022060,11,0.999465,0.999874,0.999771,0,0,0,0.117526,0.982577,144,9,33
315,ba,VehicleTurningRoutePedestrian,3740,k2,minus,op_stop,90022070,11,0.999826,0.999969,0.999807,0,0,0,0.0972614,0.34604,144,0,33
315,ba,VehicleTurningRoutePedestrian,3740,k2,minus,hold,90022080,11,0.99992,0.999968,0.999833,0,0,0,0.0484718,0.255658,127,2,33
315,ba,VehicleTurningRoutePedestrian,3740,k2,minus,brake_hard,90022090,11,0.99956,0.999925,0.999723,0,0,0,0.438352,2.6036,145,1,33
315,ba,VehicleTurningRoutePedestrian,3740,k2,minus,shift_L,90022100,11,0.999894,0.999982,0.99979,0.0012207,0.0012207,0.0012207,0.304364,2.65504,144,0,33
315,ba,VehicleTurningRoutePedestrian,3740,k2,minus,shift_R,90022110,11,0.999881,0.999982,0.999778,0,0,0,0.0285509,0.101857,144,3,33
316,ba,HighwayCutIn,3813,k1,plus,op_slow,90022130,11,0.99952,0.999842,0.999561,0,,0,0.310398,0.638295,99,0,33
316,ba,HighwayCutIn,3813,k1,plus,op_stop,90022140,11,0.999517,0.999843,0.999555,0,,0,0.290839,0.592382,99,0,33
316,ba,HighwayCutIn,3813,k1,plus,hold,90022150,11,0.999768,0.999768,0.999702,0,,0,0.071018,0.445493,60,0,33
316,ba,HighwayCutIn,3813,k1,plus,brake_hard,90022160,11,0.999989,0.999991,0.999677,0.00803071,,0.00764671,0.0467215,0.0939866,64,0,33
316,ba,HighwayCutIn,3813,k1,plus,shift_L,90022170,11,0.998311,0.998952,0.998671,0,,0,0.475594,0.858696,38,0,33
316,ba,HighwayCutIn,3813,k1,plus,shift_R,90022180,11,0.999541,0.99985,0.99956,0,,0,0.299843,0.616139,99,0,33
317,ba,HighwayCutIn,3813,k1,minus,op_slow,90022200,11,0.997808,0.999657,0.998701,0,,0,0.617381,0.986793,59,0,33
317,ba,HighwayCutIn,3813,k1,minus,op_stop,90022210,11,0.999516,0.999934,0.999613,0,,0,0.291199,0.614931,99,0,33
317,ba,HighwayCutIn,3813,k1,minus,hold,90022220,11,0.99975,0.999789,0.999411,0,,0,0.132325,0.583218,60,0,33
317,ba,HighwayCutIn,3813,k1,minus,brake_hard,90022230,11,0.99781,0.999664,0.99877,0,,0,0.60576,0.953898,57,0,33
317,ba,HighwayCutIn,3813,k1,minus,shift_L,90022240,11,0.997852,0.999564,0.998731,0,,0,0.618845,0.966445,57,0,33
317,ba,HighwayCutIn,3813,k1,minus,shift_R,90022250,11,0.997885,0.999671,0.99882,0,,0,0.440202,0.838541,63,0,33
318,ba,HighwayCutIn,3813,k2,plus,op_slow,90022270,11,0.998278,0.998714,0.998443,0,,0,0.395717,0.733032,58,0,33
318,ba,HighwayCutIn,3813,k2,plus,op_stop,90022280,11,0.999537,0.999537,0.999379,0,,0,0.390453,0.818049,58,0,33
318,ba,HighwayCutIn,3813,k2,plus,hold,90022290,11,0.999982,0.999996,0.999862,0,,0,0.20064,0.624556,58,0,33
318,ba,HighwayCutIn,3813,k2,plus,brake_hard,90022300,11,0.999478,0.999947,0.999782,0,,0,0.319433,0.706114,99,0,33
318,ba,HighwayCutIn,3813,k2,plus,shift_L,90022310,11,0.999784,0.999965,0.99971,0,,0,0.126709,0.576544,28,0,33
318,ba,HighwayCutIn,3813,k2,plus,shift_R,90022320,11,0.998259,0.998259,0.997907,0,,0,0.449611,0.713476,99,0,33
319,ba,HighwayCutIn,3813,k2,minus,op_slow,90022340,11,0.999428,0.999428,0.997766,0,,0,0.242676,0.570841,92,0,33
319,ba,HighwayCutIn,3813,k2,minus,op_stop,90022350,11,0.99948,0.999696,0.998005,0,,0,0.083705,0.187975,99,0,33
319,ba,HighwayCutIn,3813,k2,minus,hold,90022360,11,0.999578,0.999578,0.997739,0,,0,0.244021,0.580748,92,0,33
319,ba,HighwayCutIn,3813,k2,minus,brake_hard,90022370,11,0.998684,0.998684,0.999306,0,,0,0.321483,0.643669,58,0,33
319,ba,HighwayCutIn,3813,k2,minus,shift_L,90022380,11,0.998222,0.998222,0.998433,0,,0,0.574832,0.955173,99,0,33
319,ba,HighwayCutIn,3813,k2,minus,shift_R,90022390,11,0.999469,0.999469,0.998284,0,,0,0.11445,0.301679,99,0,33
320,ba,HighwayCutIn,3813,k3,plus,op_slow,90022410,11,0.999997,0.999999,0.999997,0,,0,0.0012214,0.0137076,5,2,33
320,ba,HighwayCutIn,3813,k3,plus,op_stop,90022420,11,0.999998,0.999999,0.999996,0,,0,0.00883035,0.0357263,5,0,33
320,ba,HighwayCutIn,3813,k3,plus,hold,90022430,11,0.999998,0.999999,0.999996,0,,0,0.0010791,0.0110864,5,9,33
320,ba,HighwayCutIn,3813,k3,plus,brake_hard,90022440,11,0.999934,0.99999,0.999929,0.00185932,,0.00123714,0.00942841,0.0267912,18,10,33
320,ba,HighwayCutIn,3813,k3,plus,shift_L,90022450,11,0.999995,0.999999,0.999996,0,,0,0.00112948,0.0137076,5,12,33
320,ba,HighwayCutIn,3813,k3,plus,shift_R,90022460,11,0.999998,0.999999,0.999995,0,,0,0.00116735,0.0137076,5,12,33
321,ba,HighwayCutIn,3813,k3,minus,op_slow,90022480,11,0.999998,0.999999,0.999997,0,,0,0.0118648,0.0373101,6,0,33
321,ba,HighwayCutIn,3813,k3,minus,op_stop,90022490,11,0.999994,0.999999,0.999997,0,,0,0.0118574,0.0373101,6,0,33
321,ba,HighwayCutIn,3813,k3,minus,hold,90022500,11,0.999998,0.999999,0.999998,0,,0,0.0118671,0.0373101,6,0,33
321,ba,HighwayCutIn,3813,k3,minus,brake_hard,90022510,11,0.999994,0.999999,0.999997,0,,0,0.00549781,0.0208882,5,0,33
321,ba,HighwayCutIn,3813,k3,minus,shift_L,90022520,11,0.999998,0.999999,0.999998,0,,0,0.0118654,0.0373101,6,0,33
321,ba,HighwayCutIn,3813,k3,minus,shift_R,90022530,11,0.999998,0.999998,0.999996,0,,0,0.000933391,0.0101825,5,7,33
322,p6,ParkedObstacle,1773,k3,plus,op_slow,90022550,11,0.990573,0.998551,0.990365,0,,0,1.37334,2.27114,145,0,33
322,p6,ParkedObstacle,1773,k3,plus,op_stop,90022560,11,0.989617,0.998575,0.990714,0,,0,1.37603,2.30396,149,0,33
322,p6,ParkedObstacle,1773,k3,plus,hold,90022570,11,0.995551,0.998839,0.987768,0,,0,1.20116,1.74177,87,0,33
322,p6,ParkedObstacle,1773,k3,plus,brake_hard,90022580,11,0.98847,0.997425,0.990115,0,,0,1.39526,2.31186,146,0,33
322,p6,ParkedObstacle,1773,k3,plus,shift_L,90022590,11,0.994928,0.999177,0.982036,0,,0,1.18192,1.49429,75,0,33
322,p6,ParkedObstacle,1773,k3,plus,shift_R,90022600,11,0.988741,0.998213,0.990618,0,,0,1.3668,2.28033,146,0,33
323,p6,ParkedObstacle,1773,k3,minus,op_slow,90022620,11,0.997095,0.998468,0.990973,0,,0,1.26775,1.76707,156,0,33
323,p6,ParkedObstacle,1773,k3,minus,op_stop,90022630,11,0.996103,0.997231,0.990805,0,,0,1.27563,1.76525,153,0,33
323,p6,ParkedObstacle,1773,k3,minus,hold,90022640,11,0.995863,0.997969,0.993984,0,,0,1.29223,1.77592,154,0,33
323,p6,ParkedObstacle,1773,k3,minus,brake_hard,90022650,11,0.989682,0.998579,0.991436,0,,0,1.44058,2.32609,154,0,33
323,p6,ParkedObstacle,1773,k3,minus,shift_L,90022660,11,0.993936,0.997498,0.995377,0,,0,1.59305,2.55296,153,0,33
323,p6,ParkedObstacle,1773,k3,minus,shift_R,90022670,11,0.994126,0.997562,0.99738,0,,0,1.59566,2.54527,153,0,33
324,p6,HazardAtSideLane,1792,k3,plus,op_slow,90022690,11,0.999994,0.999998,0.999987,0,,0,0.0281942,0.0645946,57,0,33
324,p6,HazardAtSideLane,1792,k3,plus,op_stop,90022700,11,0.999993,0.999998,0.999995,0,,0,0.0535151,0.193442,92,0,33
324,p6,HazardAtSideLane,1792,k3,plus,hold,90022710,11,0.999996,0.999996,0.999992,0,,0,0.0509282,0.174912,37,0,33
324,p6,HazardAtSideLane,1792,k3,plus,brake_hard,90022720,11,0.999993,0.999997,0.999992,0,,0,0.0490713,0.170191,57,0,33
324,p6,HazardAtSideLane,1792,k3,plus,shift_L,90022730,11,0.999996,0.999998,0.999995,0,,0,0.0323131,0.106225,57,0,33
324,p6,HazardAtSideLane,1792,k3,plus,shift_R,90022740,11,0.999995,0.999998,0.999995,0,,0,0.0621994,0.263975,57,0,33
325,p6,HazardAtSideLane,1792,k3,minus,op_slow,90022760,11,0.999994,0.999994,0.999996,0,,0,0.0698554,0.217711,101,0,33
325,p6,HazardAtSideLane,1792,k3,minus,op_stop,90022770,11,0.999995,0.999995,0.999993,0,,0,0.0631651,0.199625,63,0,33
325,p6,HazardAtSideLane,1792,k3,minus,hold,90022780,11,0.999996,0.999997,0.999993,0,,0,0.0561191,0.20031,27,0,33
325,p6,HazardAtSideLane,1792,k3,minus,brake_hard,90022790,11,0.999996,0.999996,0.999995,0,,0,0.0662427,0.196202,59,0,33
325,p6,HazardAtSideLane,1792,k3,minus,shift_L,90022800,11,0.999991,0.999997,0.999995,0,,0,0.0763692,0.217991,27,0,33
325,p6,HazardAtSideLane,1792,k3,minus,shift_R,90022810,11,0.999995,0.999995,0.999994,0,,0,0.052187,0.179039,25,0,33
326,p6,ConstructionObstacleTwoWays,1825,k1,plus,op_slow,90022830,11,0.989438,0.999161,0.997499,16.8267,,16.8267,1.20761,1.7398,193,0,33
326,p6,ConstructionObstacleTwoWays,1825,k1,plus,op_stop,90022840,11,0.993743,0.999122,0.997028,16.8267,,16.8267,1.26788,3.87788,221,0,33
326,p6,ConstructionObstacleTwoWays,1825,k1,plus,hold,90022850,11,0.994534,0.999588,0.997173,16.8267,,16.8267,1.25385,4.64016,171,0,33
326,p6,ConstructionObstacleTwoWays,1825,k1,plus,brake_hard,90022860,11,0.992034,0.999516,0.996473,0,,0,1.25721,4.59892,172,0,33
326,p6,ConstructionObstacleTwoWays,1825,k1,plus,shift_L,90022870,11,0.997451,0.999322,0.997058,0,,0,1.26344,4.62559,172,0,33
326,p6,ConstructionObstacleTwoWays,1825,k1,plus,shift_R,90022880,11,0.9972,0.999167,0.996652,16.8267,,16.8267,1.26402,4.61574,171,0,33
327,p6,ConstructionObstacleTwoWays,1825,k1,minus,op_slow,90022900,11,0.992842,0.998993,0.997739,0,,0,1.36335,4.53892,222,0,33
327,p6,ConstructionObstacleTwoWays,1825,k1,minus,op_stop,90022910,11,0.998215,0.998881,0.997386,8.52541,,8.52518,1.21348,2.70124,196,0,33
327,p6,ConstructionObstacleTwoWays,1825,k1,minus,hold,90022920,11,0.993681,0.999057,0.99749,0,,0,1.19153,2.02424,196,0,33
327,p6,ConstructionObstacleTwoWays,1825,k1,minus,brake_hard,90022930,11,0.991665,0.997596,0.996644,8.52541,,8.52518,1.22293,2.77385,197,0,33
327,p6,ConstructionObstacleTwoWays,1825,k1,minus,shift_L,90022940,11,0.99502,0.998883,0.997558,0,,0,1.17905,1.76263,194,0,33
327,p6,ConstructionObstacleTwoWays,1825,k1,minus,shift_R,90022950,11,0.992008,0.998949,0.997315,8.52541,,3.13688,1.1738,1.74239,195,0,33
328,p6,ConstructionObstacleTwoWays,1825,k2,plus,op_slow,90022970,11,0.997294,0.998723,0.994605,8.52541,,0,1.17738,1.51822,129,0,33
328,p6,ConstructionObstacleTwoWays,1825,k2,plus,op_stop,90022980,11,0.993666,0.993666,0.993044,8.52541,,0,1.19097,1.61093,124,0,33
328,p6,ConstructionObstacleTwoWays,1825,k2,plus,hold,90022990,11,0.997083,0.998304,0.996897,16.8267,,16.8267,1.29863,4.59108,171,0,33
328,p6,ConstructionObstacleTwoWays,1825,k2,plus,brake_hard,90023000,11,0.998044,0.998044,0.996862,16.8267,,16.8267,1.27922,4.43944,171,0,33
328,p6,ConstructionObstacleTwoWays,1825,k2,plus,shift_L,90023010,11,0.99782,0.998484,0.996581,8.52541,,8.52518,1.29066,4.55072,171,0,33
328,p6,ConstructionObstacleTwoWays,1825,k2,plus,shift_R,90023020,11,0.998047,0.99832,0.997379,8.52541,,3.24891,1.20268,1.56614,128,0,33
329,p6,ConstructionObstacleTwoWays,1825,k2,minus,op_slow,90023040,11,0.997791,0.998483,0.995129,16.8267,,16.8267,1.37813,3.94589,220,0,33
329,p6,ConstructionObstacleTwoWays,1825,k2,minus,op_stop,90023050,11,0.998169,0.999174,0.994118,16.8267,,16.8267,1.26872,4.50814,175,0,33
329,p6,ConstructionObstacleTwoWays,1825,k2,minus,hold,90023060,11,0.997199,0.998459,0.993286,0,,0,1.30995,4.45802,174,0,33
329,p6,ConstructionObstacleTwoWays,1825,k2,minus,brake_hard,90023070,11,0.996995,0.997149,0.994733,0,,0,1.19105,1.67466,112,0,33
329,p6,ConstructionObstacleTwoWays,1825,k2,minus,shift_L,90023080,11,0.997681,0.998593,0.992985,0,,0,1.18424,1.57478,94,0,33
329,p6,ConstructionObstacleTwoWays,1825,k2,minus,shift_R,90023090,11,0.995479,0.997907,0.992083,0,,0,1.32248,4.41864,173,0,33
330,p6,ConstructionObstacleTwoWays,1825,k3,plus,op_slow,90023110,11,0.996757,0.999043,0.995135,0,,0,1.38604,2.17789,149,0,33
330,p6,ConstructionObstacleTwoWays,1825,k3,plus,op_stop,90023120,11,0.996988,0.999316,0.990656,0,,0,1.36317,1.9771,143,0,33
330,p6,ConstructionObstacleTwoWays,1825,k3,plus,hold,90023130,11,0.996736,0.998317,0.991119,16.8267,,16.8267,1.35822,1.93238,123,0,33
330,p6,ConstructionObstacleTwoWays,1825,k3,plus,brake_hard,90023140,11,0.997224,0.999104,0.987149,8.52541,,8.52541,1.37934,1.95511,118,0,33
330,p6,ConstructionObstacleTwoWays,1825,k3,plus,shift_L,90023150,11,0.99624,0.999243,0.988649,16.8267,,16.8267,1.35753,1.82065,146,0,33
330,p6,ConstructionObstacleTwoWays,1825,k3,plus,shift_R,90023160,11,0.997982,0.999237,0.991677,8.52541,,8.52541,1.38422,1.99121,106,0,33
331,p6,ConstructionObstacleTwoWays,1825,k3,minus,op_slow,90023180,11,0.997549,0.998231,0.99333,5.60938,,5.60156,1.30974,1.75351,134,0,33
331,p6,ConstructionObstacleTwoWays,1825,k3,minus,op_stop,90023190,11,0.994059,0.994059,0.995335,8.52518,,8.52518,1.35517,1.87545,138,0,33
331,p6,ConstructionObstacleTwoWays,1825,k3,minus,hold,90023200,11,0.993336,0.993336,0.994366,0,,0,1.31311,1.74154,132,0,33
331,p6,ConstructionObstacleTwoWays,1825,k3,minus,brake_hard,90023210,11,0.997335,0.998847,0.99248,0,,0,1.32438,1.75348,130,0,33
331,p6,ConstructionObstacleTwoWays,1825,k3,minus,shift_L,90023220,11,0.993666,0.994389,0.993099,0,,0,1.31534,1.85938,134,0,33
331,p6,ConstructionObstacleTwoWays,1825,k3,minus,shift_R,90023230,11,0.996035,0.997222,0.996366,0,,0,1.37464,2.11158,132,0,33
332,p6,ConstructionObstacleTwoWays,1833,k3,plus,op_slow,90023250,11,0.99997,0.999983,0.999988,10.2138,,10.2138,0.156812,0.802207,90,0,33
332,p6,ConstructionObstacleTwoWays,1833,k3,plus,op_stop,90023260,11,0.999978,0.999997,0.99999,10.2138,,10.2138,0.11018,0.43424,89,0,33
332,p6,ConstructionObstacleTwoWays,1833,k3,plus,hold,90023270,11,0.999979,0.999995,0.999989,10.2138,,10.2138,0.071587,0.229975,89,0,33
332,p6,ConstructionObstacleTwoWays,1833,k3,plus,brake_hard,90023280,11,0.99996,0.999996,0.999991,8.52565,,8.52565,0.124624,0.465972,89,0,33
332,p6,ConstructionObstacleTwoWays,1833,k3,plus,shift_L,90023290,11,0.999987,0.999998,0.999976,10.2138,,10.2138,0.070843,0.215181,55,0,33
332,p6,ConstructionObstacleTwoWays,1833,k3,plus,shift_R,90023300,11,0.999963,0.999986,0.999992,8.52565,,8.52565,0.121224,0.509442,91,0,33
333,p6,ConstructionObstacleTwoWays,1833,k3,minus,op_slow,90023320,11,0.999991,0.999997,0.99999,0,,0,0.0879028,0.255483,76,0,33
333,p6,ConstructionObstacleTwoWays,1833,k3,minus,op_stop,90023330,11,0.999992,0.999997,0.999992,0,,0,0.0573188,0.1628,84,0,33
333,p6,ConstructionObstacleTwoWays,1833,k3,minus,hold,90023340,11,0.999994,0.999996,0.999986,0,,0,0.0808829,0.259365,64,0,33
333,p6,ConstructionObstacleTwoWays,1833,k3,minus,brake_hard,90023350,11,0.999992,0.999998,0.999978,0,,0,0.0827864,0.220466,64,0,33
333,p6,ConstructionObstacleTwoWays,1833,k3,minus,shift_L,90023360,11,0.999994,0.999998,0.999992,0,,0,0.104777,0.396585,153,0,33
333,p6,ConstructionObstacleTwoWays,1833,k3,minus,shift_R,90023370,11,0.999995,0.999998,0.999989,0,,0,0.0883361,0.370694,64,0,33
334,p6,AccidentTwoWays,1852,k3,plus,op_slow,90023390,11,0.999963,0.999994,0.999981,10.2195,,10.2195,0.102107,0.240311,123,0,33
334,p6,AccidentTwoWays,1852,k3,plus,op_stop,90023400,11,0.999948,0.999997,0.999963,14.1445,,14.1445,0.0924521,0.309271,123,0,33
334,p6,AccidentTwoWays,1852,k3,plus,hold,90023410,11,0.999949,0.999996,0.999987,14.1445,,14.1445,0.11876,0.286539,123,0,33
334,p6,AccidentTwoWays,1852,k3,plus,brake_hard,90023420,11,0.999965,0.999997,0.999966,5.67776,,5.67727,0.106562,0.266078,124,0,33
334,p6,AccidentTwoWays,1852,k3,plus,shift_L,90023430,11,0.999984,0.999997,0.999983,0.0504741,,0.000244141,0.0834021,0.272967,123,0,33
334,p6,AccidentTwoWays,1852,k3,plus,shift_R,90023440,11,0.999968,0.999998,0.999988,5.67776,,5.67727,0.0879815,0.186002,123,0,33
335,p6,AccidentTwoWays,1852,k3,minus,op_slow,90023460,11,0.999994,0.999995,0.999995,0,,0,0.0666853,0.282217,118,0,33
335,p6,AccidentTwoWays,1852,k3,minus,op_stop,90023470,11,0.999993,0.999997,0.999993,0,,0,0.116415,0.279032,81,0,33
335,p6,AccidentTwoWays,1852,k3,minus,hold,90023480,11,0.999926,0.999963,0.99992,0,,0,0.0665449,0.166704,81,0,33
335,p6,AccidentTwoWays,1852,k3,minus,brake_hard,90023490,11,0.999966,0.999992,0.999964,5.67776,,5.67727,0.0611228,0.11067,80,0,33
335,p6,AccidentTwoWays,1852,k3,minus,shift_L,90023500,11,0.999993,0.999996,0.999995,0,,0,0.0669469,0.206999,117,0,33
335,p6,AccidentTwoWays,1852,k3,minus,shift_R,90023510,11,0.999996,0.999996,0.999995,0,,0,0.0882382,0.225305,80,0,33
336,p6,ConstructionObstacle,2509,k3,plus,op_slow,90023530,11,0.99996,0.999996,0.999969,0,,0,0.0568714,0.273576,14,0,33
336,p6,ConstructionObstacle,2509,k3,plus,op_stop,90023540,11,0.999964,0.999996,0.999991,0,,0,0.00736182,0.0714561,11,0,33
336,p6,ConstructionObstacle,2509,k3,plus,hold,90023550,11,0.999962,0.999996,0.999964,0,,0,0.0544148,0.274533,17,0,33
336,p6,ConstructionObstacle,2509,k3,plus,brake_hard,90023560,11,0.999962,0.999997,0.99997,0,,0,0.0568797,0.273706,14,0,33
336,p6,ConstructionObstacle,2509,k3,plus,shift_L,90023570,11,0.999962,0.999996,0.999966,0.000244141,,0,0.0544442,0.274227,17,0,33
336,p6,ConstructionObstacle,2509,k3,plus,shift_R,90023580,11,0.999994,0.999998,0.999961,0,,0,0.0215544,0.0671861,13,0,33
337,p6,ConstructionObstacle,2513,k3,plus,op_slow,90023600,11,0.997322,0.998202,0.996987,0.000488281,,0,0.859319,1.30644,99,0,33
337,p6,ConstructionObstacle,2513,k3,plus,op_stop,90023610,11,0.997431,0.997736,0.993113,0,,0,0.851459,1.0093,99,0,33
337,p6,ConstructionObstacle,2513,k3,plus,hold,90023620,11,0.997016,0.997881,0.993102,0,,0,0.856795,1.0365,99,0,33
337,p6,ConstructionObstacle,2513,k3,plus,brake_hard,90023630,11,0.997327,0.997597,0.996155,0,,0,0.866288,1.06904,99,0,33
337,p6,ConstructionObstacle,2513,k3,plus,shift_L,90023640,11,0.995983,0.997813,0.995052,0,,0,0.88985,1.08884,99,0,33
337,p6,ConstructionObstacle,2513,k3,plus,shift_R,90023650,11,0.997574,0.998052,0.99405,0,,0,0.855746,1.1908,99,0,33
338,p6,ConstructionObstacle,2513,k3,minus,op_slow,90023670,11,0.99806,0.998773,0.996805,0,,0,0.970742,1.29872,112,0,33
338,p6,ConstructionObstacle,2513,k3,minus,op_stop,90023680,11,0.99703,0.998557,0.998088,0,,0,0.971288,1.2757,109,0,33
338,p6,ConstructionObstacle,2513,k3,minus,hold,90023690,11,0.998557,0.998882,0.997249,0,,0,0.96839,1.31902,111,0,33
338,p6,ConstructionObstacle,2513,k3,minus,brake_hard,90023700,11,0.998875,0.998875,0.997246,0,,0,0.989254,1.36525,105,0,33
338,p6,ConstructionObstacle,2513,k3,minus,shift_L,90023710,11,0.996787,0.998929,0.997535,0,,0,0.974035,1.39635,108,0,33
338,p6,ConstructionObstacle,2513,k3,minus,shift_R,90023720,11,0.998304,0.999025,0.996548,0,,0,0.971735,1.34113,113,0,33
339,p6,Accident,2539,k3,plus,op_slow,90023740,11,0.996468,0.998379,0.995214,0,,0,1.05352,1.72552,147,0,33
339,p6,Accident,2539,k3,plus,op_stop,90023750,11,0.996693,0.998046,0.99608,0,,0,1.32395,2.92421,136,0,33
339,p6,Accident,2539,k3,plus,hold,90023760,11,0.99689,0.997823,0.996926,0,,0,1.38906,2.9194,124,0,33
339,p6,Accident,2539,k3,plus,brake_hard,90023770,11,0.997626,0.998103,0.994927,0,,0,1.035,1.64606,125,0,33
339,p6,Accident,2539,k3,plus,shift_L,90023780,11,0.996676,0.996911,0.991558,0,,0,1.31937,2.75354,128,0,33
339,p6,Accident,2539,k3,plus,shift_R,90023790,11,0.998054,0.998345,0.99516,0,,0,1.40348,2.94448,141,0,33
340,p6,Accident,2539,k3,minus,op_slow,90023810,11,0.997819,0.999019,0.994812,0,,0,1.2894,2.82702,166,0,33
340,p6,Accident,2539,k3,minus,op_stop,90023820,11,0.997509,0.999247,0.995894,0,,0,1.23144,2.82914,125,0,33
340,p6,Accident,2539,k3,minus,hold,90023830,11,0.998243,0.999355,0.997454,0,,0,1.00524,1.37152,131,0,33
340,p6,Accident,2539,k3,minus,brake_hard,90023840,11,0.997129,0.999321,0.995092,0,,0,1.35448,3.30626,140,0,33
340,p6,Accident,2539,k3,minus,shift_L,90023850,11,0.995998,0.99949,0.997681,0,,0,1.00255,1.36688,137,0,33
340,p6,Accident,2539,k3,minus,shift_R,90023860,11,0.998471,0.998614,0.99674,0,,0,1.32275,2.94105,124,0,33
341,p6,ParkedObstacle,2554,k3,plus,op_slow,90023880,11,0.999995,0.999998,0.999997,0,,0,0.0267445,0.102815,132,0,33
341,p6,ParkedObstacle,2554,k3,plus,op_stop,90023890,11,0.999987,0.999998,0.999989,0,,0,0.0470636,0.1514,39,0,33
341,p6,ParkedObstacle,2554,k3,plus,hold,90023900,11,0.999996,0.999996,0.999993,0,,0,0.0305786,0.120476,130,0,33
341,p6,ParkedObstacle,2554,k3,plus,brake_hard,90023910,11,0.999993,0.999998,0.999997,0,,0,0.0322582,0.12577,17,0,33
341,p6,ParkedObstacle,2554,k3,plus,shift_L,90023920,11,0.999993,0.999996,0.999997,0,,0,0.0291409,0.105228,15,0,33
341,p6,ParkedObstacle,2554,k3,plus,shift_R,90023930,11,0.999989,0.999998,0.999993,0,,0,0.0284717,0.117278,20,0,33
342,p6,ParkedObstacle,2554,k3,minus,op_slow,90023950,11,0.999998,0.999998,0.999985,0,,0,0.0101087,0.0511088,20,0,33
342,p6,ParkedObstacle,2554,k3,minus,op_stop,90023960,11,0.999984,0.999998,0.999997,0,,0,0.0373949,0.116711,32,0,33
342,p6,ParkedObstacle,2554,k3,minus,hold,90023970,11,0.999997,0.999997,0.999983,0,,0,0.0250036,0.129027,31,0,33
342,p6,ParkedObstacle,2554,k3,minus,brake_hard,90023980,11,0.999998,0.999999,0.999986,0,,0,0.0246047,0.132562,16,0,33
342,p6,ParkedObstacle,2554,k3,minus,shift_L,90023990,11,0.999919,0.999997,0.999912,0,,0,0.0483697,0.182524,83,0,33
342,p6,ParkedObstacle,2554,k3,minus,shift_R,90024000,11,0.999998,0.999998,0.999984,0,,0,0.0254717,0.153392,41,0,33
343,p6,ConstructionObstacleTwoWays,2606,k3,plus,op_slow,90024020,11,0.999989,0.999999,0.999986,5.60938,,5.60938,0.180085,0.799792,85,0,33
343,p6,ConstructionObstacleTwoWays,2606,k3,plus,op_stop,90024030,11,0.99999,0.999998,0.999991,14.0748,,14.0748,0.127835,0.720529,85,0,33
343,p6,ConstructionObstacleTwoWays,2606,k3,plus,hold,90024040,11,0.999988,0.999998,0.999989,14.0748,,14.0748,0.167963,0.765265,85,0,33
343,p6,ConstructionObstacleTwoWays,2606,k3,plus,brake_hard,90024050,11,0.999991,0.999997,0.999991,14.0748,,14.0748,0.147692,0.755312,86,0,33
343,p6,ConstructionObstacleTwoWays,2606,k3,plus,shift_L,90024060,11,0.999991,0.999998,0.999986,5.60938,,5.60938,0.115091,0.626521,57,0,33
343,p6,ConstructionObstacleTwoWays,2606,k3,plus,shift_R,90024070,11,0.99999,0.999997,0.999991,5.60938,,5.60938,0.131183,0.72091,85,0,33
344,p6,ConstructionObstacleTwoWays,2606,k3,minus,op_slow,90024090,11,0.999997,0.999998,0.999995,0,,0,0.133206,0.75415,100,0,33
344,p6,ConstructionObstacleTwoWays,2606,k3,minus,op_stop,90024100,11,0.999986,0.999996,0.99999,0,,0,0.130807,0.647492,81,0,33
344,p6,ConstructionObstacleTwoWays,2606,k3,minus,hold,90024110,11,0.999987,0.999997,0.999991,0,,0,0.129149,0.757702,100,0,33
344,p6,ConstructionObstacleTwoWays,2606,k3,minus,brake_hard,90024120,11,0.999983,0.999997,0.999987,0,,0,0.139641,0.765839,100,0,33
344,p6,ConstructionObstacleTwoWays,2606,k3,minus,shift_L,90024130,11,0.999986,0.999997,0.999989,0,,0,0.167276,0.814408,100,0,33
344,p6,ConstructionObstacleTwoWays,2606,k3,minus,shift_R,90024140,11,0.999991,0.999996,0.999994,0,,0,0.124422,0.639954,82,0,33
345,p6,AccidentTwoWays,2643,k3,plus,op_slow,90024160,11,0.995828,0.996784,0.994706,8.52575,,5.66052,0.85681,1.1557,52,0,33
345,p6,AccidentTwoWays,2643,k3,plus,op_stop,90024170,11,0.995678,0.995879,0.995009,0,,0,0.874041,1.12533,54,0,33
345,p6,AccidentTwoWays,2643,k3,plus,hold,90024180,11,0.996293,0.997114,0.992929,0,,0,0.82292,1.17065,56,0,33
345,p6,AccidentTwoWays,2643,k3,plus,brake_hard,90024190,11,0.994908,0.994908,0.993628,0,,0,0.852244,1.12759,53,0,33
345,p6,AccidentTwoWays,2643,k3,plus,shift_L,90024200,11,0.99338,0.99562,0.98879,0,,0,0.851882,1.14837,56,0,33
345,p6,AccidentTwoWays,2643,k3,plus,shift_R,90024210,11,0.997891,0.997891,0.994019,0,,0,0.827371,1.14587,52,0,33
346,p6,AccidentTwoWays,2643,k3,minus,op_slow,90024230,11,0.996447,0.997057,0.995383,5.66052,,5.66052,0.844474,1.27842,54,0,33
346,p6,AccidentTwoWays,2643,k3,minus,op_stop,90024240,11,0.997549,0.997727,0.992406,0,,0,0.84016,1.31325,42,0,33
346,p6,AccidentTwoWays,2643,k3,minus,hold,90024250,11,0.996666,0.997557,0.996183,8.52575,,5.66052,0.83702,1.25996,50,0,33
346,p6,AccidentTwoWays,2643,k3,minus,brake_hard,90024260,11,0.997672,0.998564,0.993267,5.66052,,5.66052,0.84993,1.28498,42,0,33
346,p6,AccidentTwoWays,2643,k3,minus,shift_L,90024270,11,0.997533,0.998386,0.993708,0,,0,0.851856,1.3113,41,0,33
346,p6,AccidentTwoWays,2643,k3,minus,shift_R,90024280,11,0.996101,0.997958,0.994848,0,,0,0.843141,1.3436,51,0,33
347,p6,ParkedObstacleTwoWays,2664,k3,plus,op_slow,90024300,11,0.99994,0.999993,0.999958,0,,0,0.0909464,0.427738,52,0,33
347,p6,ParkedObstacleTwoWays,2664,k3,plus,op_stop,90024310,11,0.999931,0.999994,0.999967,10.8172,,10.8172,0.0611967,0.248173,32,0,33
347,p6,ParkedObstacleTwoWays,2664,k3,plus,hold,90024320,11,0.999965,0.999993,0.999979,10.8172,,10.8172,0.0666369,0.321941,32,0,33
347,p6,ParkedObstacleTwoWays,2664,k3,plus,brake_hard,90024330,11,0.99998,0.999995,0.999978,10.8172,,10.8172,0.0973508,1.00728,32,0,33
347,p6,ParkedObstacleTwoWays,2664,k3,plus,shift_L,90024340,11,0.999762,0.999966,0.999823,10.8172,,10.8172,0.0535495,0.312251,41,0,33
347,p6,ParkedObstacleTwoWays,2664,k3,plus,shift_R,90024350,11,0.999668,0.999969,0.999788,10.8172,,10.8172,0.0769913,0.422587,36,0,33
348,p6,ParkedObstacleTwoWays,2664,k3,minus,op_slow,90024370,11,0.999817,0.999975,0.999971,10.0925,,5.64901,0.0669032,0.47268,39,0,33
348,p6,ParkedObstacleTwoWays,2664,k3,minus,op_stop,90024380,11,0.999975,0.99999,0.999796,0,,0,0.0751308,0.469698,21,0,33
348,p6,ParkedObstacleTwoWays,2664,k3,minus,hold,90024390,11,0.999949,0.999978,0.99987,10.8172,,10.8172,0.0686087,0.474207,24,0,33
348,p6,ParkedObstacleTwoWays,2664,k3,minus,brake_hard,90024400,11,0.999946,0.999993,0.999866,0,,0,0.0780173,0.473255,40,0,33
348,p6,ParkedObstacleTwoWays,2664,k3,minus,shift_L,90024410,11,0.999905,0.999975,0.999848,0,,0,0.0792658,0.432543,39,0,33
348,p6,ParkedObstacleTwoWays,2664,k3,minus,shift_R,90024420,11,0.999922,0.999959,0.999815,0,,0,0.0746257,0.462823,39,0,33
349,p6,ParkedObstacleTwoWays,2668,k3,plus,op_slow,90024440,11,0.987169,0.99892,0.985969,0,,0,1.07735,1.35442,97,0,33
349,p6,ParkedObstacleTwoWays,2668,k3,plus,op_stop,90024450,11,0.988051,0.999062,0.987146,0,,0,1.07505,1.37163,93,0,33
349,p6,ParkedObstacleTwoWays,2668,k3,plus,hold,90024460,11,0.993726,0.999046,0.993212,0,,0,1.0762,1.37774,97,0,33
349,p6,ParkedObstacleTwoWays,2668,k3,plus,brake_hard,90024470,11,0.991556,0.99911,0.990642,0,,0,1.07024,1.34378,98,0,33
349,p6,ParkedObstacleTwoWays,2668,k3,plus,shift_L,90024480,11,0.993674,0.998647,0.993126,0,,0,1.07724,1.36664,112,0,33
349,p6,ParkedObstacleTwoWays,2668,k3,plus,shift_R,90024490,11,0.994838,0.999332,0.996145,0,,0,1.07394,1.34844,105,0,33
350,p6,ParkedObstacleTwoWays,2668,k3,minus,op_slow,90024510,11,0.996508,0.998872,0.992636,0,,0,1.10905,1.39391,160,0,33
350,p6,ParkedObstacleTwoWays,2668,k3,minus,op_stop,90024520,11,0.997693,0.99873,0.998115,0,,0,1.11017,1.40927,160,0,33
350,p6,ParkedObstacleTwoWays,2668,k3,minus,hold,90024530,11,0.99393,0.999095,0.996369,0,,0,1.10315,1.38839,159,0,33
350,p6,ParkedObstacleTwoWays,2668,k3,minus,brake_hard,90024540,11,0.992018,0.998613,0.99487,0,,0,1.11382,1.43772,167,0,33
350,p6,ParkedObstacleTwoWays,2668,k3,minus,shift_L,90024550,11,0.994043,0.998986,0.996706,0,,0,1.10061,1.38701,159,0,33
350,p6,ParkedObstacleTwoWays,2668,k3,minus,shift_R,90024560,11,0.996211,0.99781,0.997001,0,,0,1.10027,1.36779,163,0,33
351,p6,Accident,3307,k3,plus,op_slow,90024580,11,0.999653,0.99993,0.999363,0,,0,0.548614,1.5447,168,0,33
351,p6,Accident,3307,k3,plus,op_stop,90024590,11,0.999235,0.99991,0.999994,0,,0,0.644569,1.6423,146,0,33
351,p6,Accident,3307,k3,plus,hold,90024600,11,0.999523,0.99995,0.999485,0,,0,0.581667,1.38429,166,0,33
351,p6,Accident,3307,k3,plus,brake_hard,90024610,11,0.999921,0.999994,0.99923,0,,0,0.414248,0.864575,168,0,33
351,p6,Accident,3307,k3,plus,shift_L,90024620,11,0.999489,0.999928,0.999594,0,,0,0.541738,1.2214,155,0,33
351,p6,Accident,3307,k3,plus,shift_R,90024630,11,0.997223,0.999902,0.998942,0,,0,0.787871,2.38338,155,0,33
352,p6,Accident,3307,k3,minus,op_slow,90024650,11,0.998563,0.99999,0.999278,0,,0,0.319612,1.62455,134,0,33
352,p6,Accident,3307,k3,minus,op_stop,90024660,11,0.998652,0.999733,0.999671,0,,0,0.589951,2.01593,145,0,33
352,p6,Accident,3307,k3,minus,hold,90024670,11,0.998398,0.999912,0.999242,0,,0,0.347423,1.66491,134,0,33
352,p6,Accident,3307,k3,minus,brake_hard,90024680,11,0.998439,0.99974,0.999669,0,,0,0.770137,2.22151,163,0,33
352,p6,Accident,3307,k3,minus,shift_L,90024690,11,0.998543,0.999738,0.999522,0,,0,0.376602,1.01317,82,0,33
352,p6,Accident,3307,k3,minus,shift_R,90024700,11,0.998367,0.999989,0.99923,0,,0,0.326896,1.66548,134,0,33
353,p6,AccidentTwoWays,3410,k3,plus,op_slow,90024720,11,0.988318,0.998354,0.977682,10.8669,,10.8669,1.32111,1.92242,157,0,33
353,p6,AccidentTwoWays,3410,k3,plus,op_stop,90024730,11,0.993957,0.998888,0.978117,10.8669,,10.8669,1.34808,1.89039,137,0,33
353,p6,AccidentTwoWays,3410,k3,plus,hold,90024740,11,0.982453,0.998627,0.980323,10.8669,,10.8669,1.31776,1.79026,139,0,33
353,p6,AccidentTwoWays,3410,k3,plus,brake_hard,90024750,11,0.991133,0.998918,0.989351,0,,0,1.33446,1.82843,147,0,33
353,p6,AccidentTwoWays,3410,k3,plus,shift_L,90024760,11,0.991445,0.998932,0.986556,10.8669,,10.8669,1.33551,1.82752,147,0,33
353,p6,AccidentTwoWays,3410,k3,plus,shift_R,90024770,11,0.987247,0.998663,0.990569,10.8669,,10.8669,1.351,2.0096,145,0,33
354,p6,AccidentTwoWays,3410,k3,minus,op_slow,90024790,11,0.991954,0.997492,0.991171,11.7083,,11.7083,1.3045,1.84974,173,0,33
354,p6,AccidentTwoWays,3410,k3,minus,op_stop,90024800,11,0.993632,0.99756,0.989367,11.7083,,11.7083,1.28891,1.73329,175,0,33
354,p6,AccidentTwoWays,3410,k3,minus,hold,90024810,11,0.994455,0.997613,0.988008,11.6105,,11.6105,1.32162,1.85115,170,0,33
354,p6,AccidentTwoWays,3410,k3,minus,brake_hard,90024820,11,0.995204,0.998237,0.99112,5.66544,,5.66544,1.3349,1.8263,159,0,33
354,p6,AccidentTwoWays,3410,k3,minus,shift_L,90024830,11,0.989016,0.998049,0.988017,11.6105,,11.6105,1.30275,1.82421,173,0,33
354,p6,AccidentTwoWays,3410,k3,minus,shift_R,90024840,11,0.992477,0.997569,0.990155,0,,0,1.31299,1.75892,179,0,33
355,p6,HazardAtSideLaneTwoWays,3436,k3,plus,op_slow,90024860,11,0.993799,0.996644,0.991814,0,,0,1.23817,1.99212,130,0,33
355,p6,HazardAtSideLaneTwoWays,3436,k3,plus,op_stop,90024870,11,0.99343,0.994011,0.988195,0,,0,1.25771,1.93944,125,0,33
355,p6,HazardAtSideLaneTwoWays,3436,k3,plus,hold,90024880,11,0.99281,0.993217,0.991817,0,,0,1.24958,1.933,128,0,33
355,p6,HazardAtSideLaneTwoWays,3436,k3,plus,brake_hard,90024890,11,0.988388,0.99167,0.984393,0,,0,1.24164,2.02904,110,0,33
355,p6,HazardAtSideLaneTwoWays,3436,k3,plus,shift_L,90024900,11,0.989335,0.992763,0.988161,0,,0,1.25052,2.38103,120,0,33
355,p6,HazardAtSideLaneTwoWays,3436,k3,plus,shift_R,90024910,11,0.990665,0.990665,0.985764,0,,0,1.26557,2.03599,108,0,33
356,p6,HazardAtSideLaneTwoWays,3436,k3,minus,op_slow,90024930,11,0.972332,0.99188,0.990325,0,,0,1.21971,1.9543,137,0,33
356,p6,HazardAtSideLaneTwoWays,3436,k3,minus,op_stop,90024940,11,0.975003,0.975003,0.990845,0,,0,1.199,1.88236,117,0,33
356,p6,HazardAtSideLaneTwoWays,3436,k3,minus,hold,90024950,11,0.993451,0.995292,0.981917,0,,0,1.20629,1.80767,118,0,33
356,p6,HazardAtSideLaneTwoWays,3436,k3,minus,brake_hard,90024960,11,0.975756,0.975756,0.988293,0,,0,1.17915,1.80419,96,0,33
356,p6,HazardAtSideLaneTwoWays,3436,k3,minus,shift_L,90024970,11,0.984316,0.990523,0.982628,0,,0,1.2003,1.94509,116,0,33
356,p6,HazardAtSideLaneTwoWays,3436,k3,minus,shift_R,90024980,11,0.990386,0.990386,0.99016,0,,0,1.21539,1.84721,104,0,33
358,p6,ParkedObstacleTwoWays,3457,k3,minus,op_slow,90025070,11,0.999911,0.99993,0.99986,0,,0,0.973901,1.4299,174,0,33
358,p6,ParkedObstacleTwoWays,3457,k3,minus,op_stop,90025080,11,0.999901,0.999905,0.999886,9.63522,,7.88065,0.95574,1.07222,98,0,33
358,p6,ParkedObstacleTwoWays,3457,k3,minus,hold,90025090,11,0.999859,0.999859,0.999891,9.63522,,7.88065,0.964917,1.15086,107,0,33
358,p6,ParkedObstacleTwoWays,3457,k3,minus,brake_hard,90025100,11,0.9999,0.9999,0.99989,9.63522,,7.88065,0.962506,1.14618,151,0,33
358,p6,ParkedObstacleTwoWays,3457,k3,minus,shift_L,90025110,11,0.999907,0.999927,0.999882,0,,0,0.954957,1.0672,121,0,33
358,p6,ParkedObstacleTwoWays,3457,k3,minus,shift_R,90025120,11,0.999925,0.999929,0.99991,9.63522,,7.88065,0.96037,1.09417,119,0,33
359,p6,ConstructionObstacleTwoWays,20920,k3,plus,op_slow,90025140,11,0.998667,0.999535,0.995984,5.65553,,5.65457,1.02218,1.30195,82,0,33
359,p6,ConstructionObstacleTwoWays,20920,k3,plus,op_stop,90025150,11,0.996285,0.998589,0.995944,5.65553,,5.65457,1.02101,1.19557,84,0,33
359,p6,ConstructionObstacleTwoWays,20920,k3,plus,hold,90025160,11,0.998915,0.999479,0.993368,5.65747,,5.65747,1.0222,1.33722,86,0,33
359,p6,ConstructionObstacleTwoWays,20920,k3,plus,brake_hard,90025170,11,0.997158,0.999735,0.994814,0,,0,1.04696,1.30734,89,0,33
359,p6,ConstructionObstacleTwoWays,20920,k3,plus,shift_L,90025180,11,0.997437,0.99934,0.996027,5.65553,,5.65457,1.03398,1.29929,83,0,33
359,p6,ConstructionObstacleTwoWays,20920,k3,plus,shift_R,90025190,11,0.997759,0.99934,0.997004,0,,0,1.0125,1.23982,84,0,33
360,p6,ConstructionObstacleTwoWays,20920,k3,minus,op_slow,90025210,11,0.999168,0.999168,0.998665,11.2415,,11.2415,0.997767,1.22104,92,0,33
360,p6,ConstructionObstacleTwoWays,20920,k3,minus,op_stop,90025220,11,0.996588,0.999779,0.997661,0,,0,1.00589,1.31497,100,0,33
360,p6,ConstructionObstacleTwoWays,20920,k3,minus,hold,90025230,11,0.998013,0.999055,0.999041,11.2415,,11.2415,0.9935,1.32816,84,0,33
360,p6,ConstructionObstacleTwoWays,20920,k3,minus,brake_hard,90025240,11,0.997807,0.999354,0.999009,11.2415,,11.2415,0.980628,1.14911,73,0,33
360,p6,ConstructionObstacleTwoWays,20920,k3,minus,shift_L,90025250,11,0.99704,0.999291,0.998219,11.2415,,11.2415,1.0042,1.16536,106,0,33
360,p6,ConstructionObstacleTwoWays,20920,k3,minus,shift_R,90025260,11,0.998954,0.999488,0.998896,11.2415,,11.2415,1.03139,1.2971,90,0,33
361,p6,Accident,24240,k3,plus,op_slow,90025280,11,0.999404,0.999521,0.97632,0,,0,1.06701,1.33184,69,0,33
361,p6,Accident,24240,k3,plus,op_stop,90025290,11,0.999155,0.999352,0.97857,0,,0,1.06175,1.25417,69,0,33
361,p6,Accident,24240,k3,plus,hold,90025300,11,0.999004,0.99902,0.977787,0,,0,1.05422,1.35733,70,0,33
361,p6,Accident,24240,k3,plus,brake_hard,90025310,11,0.999127,0.999127,0.977157,0,,0,1.03956,1.27434,92,0,33
361,p6,Accident,24240,k3,plus,shift_L,90025320,11,0.999,0.999473,0.978245,0,,0,1.0455,1.29365,69,0,33
361,p6,Accident,24240,k3,plus,shift_R,90025330,11,0.998537,0.998537,0.976746,0,,0,1.09177,1.60237,44,0,33
362,p6,HazardAtSideLaneTwoWays,24258,k2,plus,op_slow,90025350,8,0.995388,0.999934,0.99993,0,,0,0.645794,3.06899,129,0,24
362,p6,HazardAtSideLaneTwoWays,24258,k2,plus,op_stop,90025360,8,0.993878,0.999914,0.999997,0,,0,1.24917,3.12241,134,0,24
362,p6,HazardAtSideLaneTwoWays,24258,k2,plus,hold,90025370,8,0.999951,0.99998,0.999656,0,,0,0.602652,3.0492,121,0,24
362,p6,HazardAtSideLaneTwoWays,24258,k2,plus,brake_hard,90025380,8,0.992701,0.999823,0.999849,0,,0,0.814988,4.22629,197,0,24
362,p6,HazardAtSideLaneTwoWays,24258,k2,plus,shift_L,90025390,8,0.995326,0.999922,0.999905,0,,0,0.642873,3.06194,129,0,24
362,p6,HazardAtSideLaneTwoWays,24258,k2,plus,shift_R,90025400,8,0.999931,0.999982,0.999666,0,,0,0.551178,2.57549,121,0,24
363,p6,HazardAtSideLaneTwoWays,24258,k2,minus,op_slow,90025420,8,0.996421,0.999916,0.999759,0,,0,0.797474,4.37264,197,0,24
363,p6,HazardAtSideLaneTwoWays,24258,k2,minus,op_stop,90025430,8,0.993873,0.999904,0.99957,0,,0,0.434082,1.87962,200,0,24
363,p6,HazardAtSideLaneTwoWays,24258,k2,minus,hold,90025440,8,0.995496,0.999949,0.999843,0,,0,1.25009,2.91458,197,0,24
363,p6,HazardAtSideLaneTwoWays,24258,k2,minus,brake_hard,90025450,8,0.998677,0.999935,0.999991,0,,0,1.25185,4.46343,199,0,24
363,p6,HazardAtSideLaneTwoWays,24258,k2,minus,shift_L,90025460,8,0.995866,0.99995,0.999844,0,,0,1.21798,2.80303,197,0,24
363,p6,HazardAtSideLaneTwoWays,24258,k2,minus,shift_R,90025470,8,0.998427,0.999936,0.999997,0,,0,1.31562,4.45153,199,0,24
364,p6,HazardAtSideLaneTwoWays,24258,k3,plus,op_slow,90025490,11,0.999986,0.999996,0.999991,0,,0,0.0556258,0.0847829,14,0,33
364,p6,HazardAtSideLaneTwoWays,24258,k3,plus,op_stop,90025500,11,0.999992,0.999992,0.999995,0,,0,0.048848,0.0763859,12,0,33
364,p6,HazardAtSideLaneTwoWays,24258,k3,plus,hold,90025510,11,0.999861,0.999951,0.99988,0,,0,1.11647,1.76141,139,0,33
364,p6,HazardAtSideLaneTwoWays,24258,k3,plus,brake_hard,90025520,11,0.999926,0.999975,0.999928,0,,0,1.11374,1.76092,139,0,33
364,p6,HazardAtSideLaneTwoWays,24258,k3,plus,shift_L,90025530,11,0.999927,0.999969,0.999921,0,,0,1.11468,1.76175,139,0,33
364,p6,HazardAtSideLaneTwoWays,24258,k3,plus,shift_R,90025540,11,0.999922,0.999969,0.999931,0,,0,1.11461,1.76187,139,0,33
365,p6,HazardAtSideLaneTwoWays,24258,k3,minus,op_slow,90025560,11,0.999929,0.999967,0.999994,0,,0,1.11653,1.75026,168,0,33
365,p6,HazardAtSideLaneTwoWays,24258,k3,minus,op_stop,90025570,11,0.999926,0.999963,0.999994,0,,0,1.11776,1.75055,168,0,33
365,p6,HazardAtSideLaneTwoWays,24258,k3,minus,hold,90025580,11,0.998512,0.999667,0.998631,0,,0,1.21332,1.92734,197,0,33
365,p6,HazardAtSideLaneTwoWays,24258,k3,minus,brake_hard,90025590,11,0.999937,0.999955,0.999995,0,,0,1.11788,1.75118,168,0,33
365,p6,HazardAtSideLaneTwoWays,24258,k3,minus,shift_L,90025600,11,0.999997,0.999997,0.999923,0,,0,0.0484625,0.0765792,14,0,33
365,p6,HazardAtSideLaneTwoWays,24258,k3,minus,shift_R,90025610,11,0.999997,0.999998,0.999924,0,,0,0.0135002,0.028723,39,10,33
366,p6,ConstructionObstacle,24367,k3,plus,op_slow,90025630,11,0.97788,0.996613,0.965812,0,,0,9.48297,21.418,179,0,33
366,p6,ConstructionObstacle,24367,k3,plus,op_stop,90025640,11,0.980372,0.997159,0.968905,0,,0,9.48394,21.4201,182,0,33
366,p6,ConstructionObstacle,24367,k3,plus,hold,90025650,11,0.983691,0.995706,0.972935,0,,0,9.47466,21.4421,182,0,33
366,p6,ConstructionObstacle,24367,k3,plus,brake_hard,90025660,11,0.981218,0.996355,0.97169,0,,0,9.47538,21.3861,182,0,33
366,p6,ConstructionObstacle,24367,k3,plus,shift_L,90025670,11,0.979766,0.996599,0.971326,0,,0,9.47988,21.3976,182,0,33
366,p6,ConstructionObstacle,24367,k3,plus,shift_R,90025680,11,0.983489,0.997851,0.973559,0,,0,9.47525,21.4714,180,0,33
367,p6,ConstructionObstacle,24367,k3,minus,op_slow,90025700,11,0.995365,0.997651,0.971167,0,,0,1.26527,1.54255,81,0,33
367,p6,ConstructionObstacle,24367,k3,minus,op_stop,90025710,11,0.997703,0.998679,0.975996,0,,0,1.26023,1.40538,96,0,33
367,p6,ConstructionObstacle,24367,k3,minus,hold,90025720,11,0.996133,0.99879,0.971451,0,,0,1.26073,1.41394,79,0,33
367,p6,ConstructionObstacle,24367,k3,minus,brake_hard,90025730,11,0.995175,0.997667,0.988287,0,,0,1.78973,3.36337,248,0,33
367,p6,ConstructionObstacle,24367,k3,minus,shift_L,90025740,11,0.995712,0.998367,0.987996,0,,0,1.77917,3.33596,247,0,33
367,p6,ConstructionObstacle,24367,k3,minus,shift_R,90025750,11,0.995023,0.998458,0.981151,0,,0,1.78188,3.41327,246,0,33
368,p6,ParkedObstacle,24757,k3,plus,op_slow,90025770,11,0.986896,0.997632,0.990624,0,,0,0.804842,1.08167,34,0,33
368,p6,ParkedObstacle,24757,k3,plus,op_stop,90025780,11,0.990794,0.996813,0.990261,0,,0,1.02302,1.75041,77,0,33
368,p6,ParkedObstacle,24757,k3,plus,hold,90025790,11,0.989694,0.997651,0.990926,0,,0,1.03457,1.80671,77,0,33
368,p6,ParkedObstacle,24757,k3,plus,brake_hard,90025800,11,0.986995,0.997708,0.992382,0,,0,0.778445,0.982859,35,0,33
368,p6,ParkedObstacle,24757,k3,plus,shift_L,90025810,11,0.990379,0.997132,0.991286,0,,0,0.799195,1.14567,38,0,33
368,p6,ParkedObstacle,24757,k3,plus,shift_R,90025820,11,0.991917,0.996859,0.99233,0,,0,0.781174,1.09197,31,0,33
369,p6,ParkedObstacle,24757,k3,minus,op_slow,90025840,11,0.996645,0.996645,0.992981,0,,0,0.779547,1.00251,32,0,33
369,p6,ParkedObstacle,24757,k3,minus,op_stop,90025850,11,0.996289,0.997285,0.991022,0,,0,0.76826,1.06925,33,0,33
369,p6,ParkedObstacle,24757,k3,minus,hold,90025860,11,0.996717,0.997989,0.989182,0,,0,0.770409,1.0221,32,0,33
369,p6,ParkedObstacle,24757,k3,minus,brake_hard,90025870,11,0.99388,0.998798,0.994009,0,,0,0.78222,1.00601,32,0,33
369,p6,ParkedObstacle,24757,k3,minus,shift_L,90025880,11,0.993269,0.997728,0.986566,0,,0,0.779179,1.037,34,0,33
369,p6,ParkedObstacle,24757,k3,minus,shift_R,90025890,11,0.993976,0.993976,0.990487,0,,0,0.771032,1.04678,40,0,33
370,p6,ConstructionObstacle,24785,k3,plus,op_slow,90025910,11,0.99761,0.999115,0.995912,0,,0,2.13318,4.30184,181,0,33
370,p6,ConstructionObstacle,24785,k3,plus,op_stop,90025920,11,0.996568,0.999168,0.991564,0,,0,2.10611,4.10239,181,0,33
370,p6,ConstructionObstacle,24785,k3,plus,hold,90025930,11,0.997204,0.999482,0.995163,0,,0,2.15987,4.27069,181,0,33
370,p6,ConstructionObstacle,24785,k3,plus,brake_hard,90025940,11,0.998156,0.999343,0.994061,0,,0,2.14629,4.14339,181,0,33
370,p6,ConstructionObstacle,24785,k3,plus,shift_L,90025950,11,0.997953,0.999115,0.996477,0,,0,2.12574,4.16869,181,0,33
370,p6,ConstructionObstacle,24785,k3,plus,shift_R,90025960,11,0.997929,0.999366,0.994328,0,,0,2.13438,4.18667,181,0,33
371,p6,ConstructionObstacle,24795,k3,plus,op_slow,90025980,11,0.999995,0.999996,0.99999,0,,0,0.0674299,0.213354,94,0,33
371,p6,ConstructionObstacle,24795,k3,plus,op_stop,90025990,11,0.999997,0.999997,0.999989,0,,0,0.0740283,0.246338,94,0,33
371,p6,ConstructionObstacle,24795,k3,plus,hold,90026000,11,0.999985,0.999995,0.999987,0,,0,0.0693702,0.212094,94,0,33
371,p6,ConstructionObstacle,24795,k3,plus,brake_hard,90026010,11,0.999992,0.999995,0.999988,0,,0,0.0678304,0.213077,94,0,33
371,p6,ConstructionObstacle,24795,k3,plus,shift_L,90026020,11,0.999996,0.999996,0.99999,0,,0,0.0672978,0.212144,94,0,33
371,p6,ConstructionObstacle,24795,k3,plus,shift_R,90026030,11,0.999996,0.999997,0.999987,0,,0,0.0691748,0.21303,94,0,33
372,p6,Accident,24816,k3,plus,op_slow,90026050,11,0.995056,0.999108,0.959677,0,,0,1.2285,1.51161,123,0,33
372,p6,Accident,24816,k3,plus,op_stop,90026060,11,0.995278,0.999264,0.956333,0,,0,1.22096,1.56417,123,0,33
372,p6,Accident,24816,k3,plus,hold,90026070,11,0.996161,0.999306,0.952111,0,,0,1.19812,1.45237,111,0,33
372,p6,Accident,24816,k3,plus,brake_hard,90026080,11,0.994076,0.999521,0.958526,0,,0,1.20936,1.44203,122,0,33
372,p6,Accident,24816,k3,plus,shift_L,90026090,11,0.994781,0.99939,0.960094,0,,0,1.21917,1.61088,123,0,33
372,p6,Accident,24816,k3,plus,shift_R,90026100,11,0.995114,0.99908,0.958855,0,,0,1.22344,1.4769,124,0,33
373,p6,Accident,24816,k3,minus,op_slow,90026120,11,0.989153,0.995826,0.965178,0,,0,1.21079,1.58493,76,0,33
373,p6,Accident,24816,k3,minus,op_stop,90026130,11,0.994851,0.997199,0.967237,0,,0,1.23328,1.5952,81,0,33
373,p6,Accident,24816,k3,minus,hold,90026140,11,0.992277,0.996529,0.967058,0,,0,1.21787,1.56111,100,0,33
373,p6,Accident,24816,k3,minus,brake_hard,90026150,11,0.995514,0.998033,0.968855,0,,0,1.20284,1.58411,78,0,33
373,p6,Accident,24816,k3,minus,shift_L,90026160,11,0.995127,0.995127,0.97033,0,,0,1.29384,1.84098,79,0,33
373,p6,Accident,24816,k3,minus,shift_R,90026170,11,0.993548,0.995146,0.964486,0,,0,1.2127,1.54039,94,0,33
374,p6,HazardAtSideLane,25300,k1,plus,op_slow,90026190,11,0.999783,0.999993,0.999988,0,,0,0.0701795,0.334243,51,3,33
374,p6,HazardAtSideLane,25300,k1,plus,op_stop,90026200,11,0.999741,0.999995,0.99999,0,,0,0.0617283,0.289618,42,2,33
374,p6,HazardAtSideLane,25300,k1,plus,hold,90026210,11,0.999742,0.999995,0.99999,0,,0,0.0560685,0.289636,21,2,33
374,p6,HazardAtSideLane,25300,k1,plus,brake_hard,90026220,11,0.999742,0.999995,0.999989,0,,0,0.0593337,0.289618,25,3,33
374,p6,HazardAtSideLane,25300,k1,plus,shift_L,90026230,11,0.999744,0.999995,0.999997,0,,0,0.0672711,0.289618,64,1,33
374,p6,HazardAtSideLane,25300,k1,plus,shift_R,90026240,11,0.99974,0.999995,0.999988,0,,0,0.0570129,0.289618,21,3,33
375,p6,HazardAtSideLane,25300,k1,minus,op_slow,90026260,11,0.999891,0.99999,0.999982,0,,0,0.220351,0.873148,66,0,33
375,p6,HazardAtSideLane,25300,k1,minus,op_stop,90026270,11,0.999834,0.999989,0.999971,0,,0,0.219259,0.873148,66,0,33
375,p6,HazardAtSideLane,25300,k1,minus,hold,90026280,11,0.999895,0.999992,0.999981,0,,0,0.223492,0.875549,66,0,33
375,p6,HazardAtSideLane,25300,k1,minus,brake_hard,90026290,11,0.999891,0.999989,0.999982,0,,0,0.221752,0.873148,66,0,33
375,p6,HazardAtSideLane,25300,k1,minus,shift_L,90026300,11,0.999853,0.999994,0.99997,0,,0,0.224188,0.85911,66,0,33
375,p6,HazardAtSideLane,25300,k1,minus,shift_R,90026310,11,0.999873,0.999991,0.999979,0,,0,0.182376,0.873148,66,0,33
376,p6,HazardAtSideLane,25300,k2,plus,op_slow,90026330,11,0.999995,0.999998,0.99999,0,,0,0.0627972,0.29269,22,0,33
376,p6,HazardAtSideLane,25300,k2,plus,op_stop,90026340,11,0.999983,0.999998,0.999989,0,,0,0.0736422,0.34482,62,0,33
376,p6,HazardAtSideLane,25300,k2,plus,hold,90026350,11,0.999993,0.999998,0.999989,0,,0,0.068879,0.357085,36,0,33
376,p6,HazardAtSideLane,25300,k2,plus,brake_hard,90026360,11,0.999997,0.999998,0.999992,0,,0,0.0565691,0.300291,13,0,33
376,p6,HazardAtSideLane,25300,k2,plus,shift_L,90026370,11,0.999997,0.999997,0.999992,0,,0,0.0559199,0.292688,11,0,33
376,p6,HazardAtSideLane,25300,k2,plus,shift_R,90026380,11,0.999997,0.999998,0.999988,0,,0,0.0571072,0.292346,21,0,33
377,p6,HazardAtSideLane,25300,k2,minus,op_slow,90026400,11,0.999994,0.999997,0.999994,0,,0,0.0713497,0.274565,74,0,33
377,p6,HazardAtSideLane,25300,k2,minus,op_stop,90026410,11,0.999996,0.999998,0.999995,0,,0,0.0743143,0.420948,19,0,33
377,p6,HazardAtSideLane,25300,k2,minus,hold,90026420,11,0.999994,0.999998,0.999992,0,,0,0.0771924,0.274484,49,0,33
377,p6,HazardAtSideLane,25300,k2,minus,brake_hard,90026430,11,0.999997,0.999998,0.999994,0,,0,0.0536397,0.242154,15,0,33
377,p6,HazardAtSideLane,25300,k2,minus,shift_L,90026440,11,0.999994,0.999998,0.999992,0,,0,0.0752722,0.274272,64,0,33
377,p6,HazardAtSideLane,25300,k2,minus,shift_R,90026450,11,0.999994,0.999998,0.999991,0,,0,0.0781883,0.396146,26,0,33
378,p6,HazardAtSideLane,25300,k3,plus,op_slow,90026470,11,0.999995,0.999998,0.999996,0,,0,0.00786088,0.0192807,11,11,33
378,p6,HazardAtSideLane,25300,k3,plus,op_stop,90026480,11,0.999997,0.999998,0.999997,0,,0,0.0103106,0.0199993,11,9,33
378,p6,HazardAtSideLane,25300,k3,plus,hold,90026490,11,0.999998,0.999998,0.999995,0,,0,0.00907275,0.0209515,11,5,33
378,p6,HazardAtSideLane,25300,k3,plus,brake_hard,90026500,11,0.999996,0.999997,0.999996,1.52588e-05,,0,0.00954289,0.018693,34,11,33
378,p6,HazardAtSideLane,25300,k3,plus,shift_L,90026510,11,0.999997,0.999999,0.999996,0,,0,0.00510099,0.0126794,11,9,33
378,p6,HazardAtSideLane,25300,k3,plus,shift_R,90026520,11,0.999997,0.999998,0.999996,0,,0,0.00512102,0.0130147,11,10,33
379,p6,HazardAtSideLane,25300,k3,minus,op_slow,90026540,11,0.999997,0.999997,0.999997,0,,0,0.00890081,0.021755,20,9,33
379,p6,HazardAtSideLane,25300,k3,minus,op_stop,90026550,11,0.999995,0.999998,0.999996,0,,0,0.0121256,0.0220286,19,8,33
379,p6,HazardAtSideLane,25300,k3,minus,hold,90026560,11,0.999996,0.999997,0.999997,0,,0,0.00625406,0.0141452,20,11,33
379,p6,HazardAtSideLane,25300,k3,minus,brake_hard,90026570,11,0.999997,0.999999,0.999995,0,,0,0.00644092,0.0148142,20,9,33
379,p6,HazardAtSideLane,25300,k3,minus,shift_L,90026580,11,0.999996,0.999998,0.999997,0,,0,0.00921793,0.0328627,20,11,33
379,p6,HazardAtSideLane,25300,k3,minus,shift_R,90026590,11,0.999997,0.999997,0.999996,0,,0,0.00681996,0.015236,20,11,33
380,p6,AccidentTwoWays,25845,k3,plus,op_slow,90026610,11,0.999986,0.999996,0.999967,0,,0,0.0619972,0.132669,97,0,33
380,p6,AccidentTwoWays,25845,k3,plus,op_stop,90026620,11,0.999985,0.999994,0.999982,0,,0,0.0846032,0.23819,81,0,33
380,p6,AccidentTwoWays,25845,k3,plus,hold,90026630,11,0.999992,0.999995,0.999972,0,,0,0.0809071,0.198565,61,0,33
380,p6,AccidentTwoWays,25845,k3,plus,brake_hard,90026640,11,0.999966,0.999996,0.999974,0,,0,0.120861,0.330749,110,0,33
380,p6,AccidentTwoWays,25845,k3,plus,shift_L,90026650,11,0.999981,0.999981,0.999972,0,,0,0.108812,0.307834,85,0,33
380,p6,AccidentTwoWays,25845,k3,plus,shift_R,90026660,11,0.999691,0.999966,0.999585,0,,0,0.253555,0.621517,142,0,33
381,p6,AccidentTwoWays,25845,k3,minus,op_slow,90026680,11,0.999969,0.999991,0.999899,0,,0,0.11574,0.414618,156,0,33
381,p6,AccidentTwoWays,25845,k3,minus,op_stop,90026690,11,0.99999,0.999995,0.999916,0,,0,0.0941848,0.301217,105,0,33
381,p6,AccidentTwoWays,25845,k3,minus,hold,90026700,11,0.999933,0.999975,0.999904,0,,0,0.346587,0.781508,156,0,33
381,p6,AccidentTwoWays,25845,k3,minus,brake_hard,90026710,11,0.999973,0.999995,0.999894,0,,0,0.108722,0.330459,103,0,33
381,p6,AccidentTwoWays,25845,k3,minus,shift_L,90026720,11,0.999942,0.999974,0.999885,0,,0,0.314534,0.799919,156,0,33
381,p6,AccidentTwoWays,25845,k3,minus,shift_R,90026730,11,0.999976,0.999985,0.999889,0,,0,0.127627,0.354318,121,0,33
382,p6,HazardAtSideLaneTwoWays,25854,k1,plus,op_slow,90026750,11,0.999998,0.999999,0.999996,0,,0,0.0121164,0.0550537,14,0,33
382,p6,HazardAtSideLaneTwoWays,25854,k1,plus,op_stop,90026760,11,0.999998,0.999999,0.999996,0,,0,0.0329112,0.282203,99,0,33
382,p6,HazardAtSideLaneTwoWays,25854,k1,plus,hold,90026770,11,0.999991,0.999999,0.999994,0,,0,0.0533071,0.179629,20,0,33
382,p6,HazardAtSideLaneTwoWays,25854,k1,plus,brake_hard,90026780,11,0.999998,0.999999,0.999996,0,,0,0.00883417,0.0187372,14,0,33
382,p6,HazardAtSideLaneTwoWays,25854,k1,plus,shift_L,90026790,11,0.999998,0.999999,0.999994,0,,0,0.00944727,0.0260113,10,0,33
382,p6,HazardAtSideLaneTwoWays,25854,k1,plus,shift_R,90026800,11,0.999988,0.999999,0.999995,0,,0,0.0365544,0.141975,12,0,33
383,p6,HazardAtSideLaneTwoWays,25854,k1,minus,op_slow,90026820,11,0.999998,0.999999,0.999997,0,,0,0.0137096,0.0350665,10,0,33
383,p6,HazardAtSideLaneTwoWays,25854,k1,minus,op_stop,90026830,11,0.999998,1,0.999997,0,,0,0.0140993,0.0355642,14,0,33
383,p6,HazardAtSideLaneTwoWays,25854,k1,minus,hold,90026840,11,0.999998,0.999999,0.999995,7.62939e-06,,0,0.0151392,0.0377312,10,0,33
383,p6,HazardAtSideLaneTwoWays,25854,k1,minus,brake_hard,90026850,11,0.999998,0.999999,0.999998,0,,0,0.015505,0.0384533,43,0,33
383,p6,HazardAtSideLaneTwoWays,25854,k1,minus,shift_L,90026860,11,0.999996,0.999999,0.999996,0,,0,0.0198422,0.0579262,14,0,33
383,p6,HazardAtSideLaneTwoWays,25854,k1,minus,shift_R,90026870,11,0.999997,0.999999,0.999996,0,,0,0.0522626,0.283546,99,0,33
384,p6,HazardAtSideLaneTwoWays,25854,k2,plus,op_slow,90026890,11,0.999995,0.999999,0.999994,0,,0,0.0208835,0.138178,42,0,33
384,p6,HazardAtSideLaneTwoWays,25854,k2,plus,op_stop,90026900,11,0.999998,0.999999,0.999996,0,,0,0.0162677,0.135996,42,0,33
384,p6,HazardAtSideLaneTwoWays,25854,k2,plus,hold,90026910,11,0.999998,0.999999,0.999997,0,,0,0.01403,0.135486,42,5,33
384,p6,HazardAtSideLaneTwoWays,25854,k2,plus,brake_hard,90026920,11,0.999998,0.999999,0.999997,0,,0,0.0155318,0.13593,42,0,33
384,p6,HazardAtSideLaneTwoWays,25854,k2,plus,shift_L,90026930,11,0.999998,0.999999,0.999997,0,,0,0.0355279,0.261902,85,0,33
384,p6,HazardAtSideLaneTwoWays,25854,k2,plus,shift_R,90026940,11,0.999991,0.999999,0.999995,0,,0,0.0290072,0.0794276,46,0,33
385,p6,HazardAtSideLaneTwoWays,25854,k2,minus,op_slow,90026960,11,0.999995,0.999999,0.999996,0,,0,0.0308438,0.0695053,42,0,33
385,p6,HazardAtSideLaneTwoWays,25854,k2,minus,op_stop,90026970,11,0.999995,0.999999,0.999995,0,,0,0.0266326,0.0731292,17,0,33
385,p6,HazardAtSideLaneTwoWays,25854,k2,minus,hold,90026980,11,0.999998,0.999999,0.999997,0,,0,0.01204,0.0690248,34,0,33
385,p6,HazardAtSideLaneTwoWays,25854,k2,minus,brake_hard,90026990,11,0.999999,0.999999,0.999997,0,,0,0.0108323,0.0657298,34,0,33
385,p6,HazardAtSideLaneTwoWays,25854,k2,minus,shift_L,90027000,11,0.999996,1,0.999997,0,,0,0.0164302,0.0543758,8,0,33
385,p6,HazardAtSideLaneTwoWays,25854,k2,minus,shift_R,90027010,11,0.999998,0.999999,0.999995,0,,0,0.0178618,0.0879104,20,0,33
386,p6,HazardAtSideLaneTwoWays,25854,k3,plus,op_slow,90027030,11,0.999998,0.999999,0.999999,0,,0,0.0147114,0.0560863,65,0,33
386,p6,HazardAtSideLaneTwoWays,25854,k3,plus,op_stop,90027040,11,0.999998,0.999998,0.999998,0,,0,0.0176622,0.0946172,25,0,33
386,p6,HazardAtSideLaneTwoWays,25854,k3,plus,hold,90027050,11,0.999998,0.999999,0.999998,3.05176e-05,,1.52588e-05,0.00822414,0.0519873,43,0,33
386,p6,HazardAtSideLaneTwoWays,25854,k3,plus,brake_hard,90027060,11,0.999998,0.999998,0.999998,0,,0,0.0133751,0.0744911,65,0,33
386,p6,HazardAtSideLaneTwoWays,25854,k3,plus,shift_L,90027070,11,0.999999,0.999999,0.999998,0,,0,0.00407566,0.00794536,11,0,33
386,p6,HazardAtSideLaneTwoWays,25854,k3,plus,shift_R,90027080,11,0.999998,0.999999,0.999999,0,,0,0.0285236,0.119049,82,0,33
387,p6,HazardAtSideLaneTwoWays,25854,k3,minus,op_slow,90027100,11,0.999999,0.999999,0.999998,0,,0,0.00961972,0.0447237,36,0,33
387,p6,HazardAtSideLaneTwoWays,25854,k3,minus,op_stop,90027110,11,0.999998,0.999998,0.999997,0,,0,0.0298453,0.138797,51,0,33
387,p6,HazardAtSideLaneTwoWays,25854,k3,minus,hold,90027120,11,0.999999,0.999999,0.999998,0,,0,0.0168829,0.100617,37,0,33
387,p6,HazardAtSideLaneTwoWays,25854,k3,minus,brake_hard,90027130,11,0.999999,0.999999,0.999998,0,,0,0.0578087,0.292556,85,0,33
387,p6,HazardAtSideLaneTwoWays,25854,k3,minus,shift_L,90027140,11,0.999999,0.999999,0.999999,0,,0,0.0310152,0.131413,73,0,33
387,p6,HazardAtSideLaneTwoWays,25854,k3,minus,shift_R,90027150,11,0.999999,0.999999,0.999999,0,,0,0.0144051,0.0830339,42,0,33
388,p6,AccidentTwoWays,25857,k3,plus,op_slow,90027170,11,0.999996,0.999998,0.999997,0,,0,0.0608077,0.350538,46,1,33
388,p6,AccidentTwoWays,25857,k3,plus,op_stop,90027180,11,0.999996,0.999999,0.999995,0,,0,0.0321377,0.31085,74,1,33
388,p6,AccidentTwoWays,25857,k3,plus,hold,90027190,11,0.999995,0.999998,0.999995,0,,0,0.029388,0.121344,11,0,33
388,p6,AccidentTwoWays,25857,k3,plus,brake_hard,90027200,11,0.999997,0.999998,0.999997,0,,0,0.0327051,0.219738,21,1,33
388,p6,AccidentTwoWays,25857,k3,plus,shift_L,90027210,11,0.999995,0.999998,0.999996,0,,0,0.0164568,0.119452,11,3,33
388,p6,AccidentTwoWays,25857,k3,plus,shift_R,90027220,11,0.999994,0.999997,0.999995,0,,0,0.0619381,0.345248,46,1,33
389,p6,AccidentTwoWays,25857,k3,minus,op_slow,90027240,11,0.999997,0.999997,0.999996,0,,0,0.0286803,0.171905,41,0,33
389,p6,AccidentTwoWays,25857,k3,minus,op_stop,90027250,11,0.999996,0.999998,0.999994,0,,0,0.0305835,0.111704,47,0,33
389,p6,AccidentTwoWays,25857,k3,minus,hold,90027260,11,0.999996,0.999997,0.999996,0,,0,0.0236607,0.0643797,8,0,33
389,p6,AccidentTwoWays,25857,k3,minus,brake_hard,90027270,11,0.999996,0.999999,0.999997,0,,0,0.0402471,0.154226,52,0,33
389,p6,AccidentTwoWays,25857,k3,minus,shift_L,90027280,11,0.999997,0.999997,0.999996,0,,0,0.0427414,0.199335,37,0,33
389,p6,AccidentTwoWays,25857,k3,minus,shift_R,90027290,11,0.999996,0.999997,0.999996,0,,0,0.0254196,0.158665,29,2,33
390,p6,ParkedObstacleTwoWays,25865,k3,plus,op_slow,90027310,11,0.999996,0.999999,0.999993,0,,0,0.000251421,0.00179159,7,22,33
390,p6,ParkedObstacleTwoWays,25865,k3,plus,op_stop,90027320,11,0.999997,0.999999,0.999995,0,,0,0.000163065,0.00276827,6,22,33
390,p6,ParkedObstacleTwoWays,25865,k3,plus,hold,90027330,11,0.999988,0.999994,0.999983,0,,0,0.00110013,0.0178978,16,20,33
390,p6,ParkedObstacleTwoWays,25865,k3,plus,brake_hard,90027340,11,0.999999,0.999999,0.999996,0,,0,4.82134e-05,0.00109587,6,30,33
390,p6,ParkedObstacleTwoWays,25865,k3,plus,shift_L,90027350,11,0.999998,0.999999,0.999997,0,,0,6.84195e-05,0.00108824,6,22,33
390,p6,ParkedObstacleTwoWays,25865,k3,plus,shift_R,90027360,11,0.999991,0.999997,0.999988,0,,0,0.000917432,0.0142062,14,21,33
391,p6,ParkedObstacleTwoWays,25865,k3,minus,op_slow,90027380,11,0.999997,1,0.999995,0,,0,9.53482e-07,2.28836e-05,1,31,33
391,p6,ParkedObstacleTwoWays,25865,k3,minus,op_stop,90027390,11,0.999998,0.999999,0.999989,0,,0,1.24242e-06,2.28836e-05,1,31,33
391,p6,ParkedObstacleTwoWays,25865,k3,minus,hold,90027400,11,0.999981,0.999999,0.999989,0,,0,2.43379e-05,0.000295261,2,22,33
391,p6,ParkedObstacleTwoWays,25865,k3,minus,brake_hard,90027410,11,0.999988,0.999996,0.999994,0,,0,0.000149937,0.00112447,4,20,33
391,p6,ParkedObstacleTwoWays,25865,k3,minus,shift_L,90027420,11,0.999985,0.999997,0.999992,0,,0,0.000152711,0.00112447,4,20,33
391,p6,ParkedObstacleTwoWays,25865,k3,minus,shift_R,90027430,11,0.99999,0.999998,0.999995,0,,0,0.000170038,0.00117215,4,20,33
392,p6,ParkedObstacleTwoWays,25896,k1,plus,op_slow,90027450,11,0.993538,0.99615,0.916645,0,,0,0.914974,1.07889,25,0,33
392,p6,ParkedObstacleTwoWays,25896,k1,plus,op_stop,90027460,11,0.991584,0.996924,0.922135,0,,0,0.927302,1.11278,39,0,33
392,p6,ParkedObstacleTwoWays,25896,k1,plus,hold,90027470,11,0.987038,0.995221,0.920933,0,,0,0.913419,1.03798,25,0,33
392,p6,ParkedObstacleTwoWays,25896,k1,plus,brake_hard,90027480,11,0.984015,0.994214,0.936512,0,,0,0.916439,1.10842,25,0,33
392,p6,ParkedObstacleTwoWays,25896,k1,plus,shift_L,90027490,11,0.989213,0.993939,0.93676,0,,0,0.911204,1.10664,25,0,33
392,p6,ParkedObstacleTwoWays,25896,k1,plus,shift_R,90027500,11,0.993457,0.998317,0.924874,0,,0,0.906233,1.03774,33,0,33
393,p6,ParkedObstacleTwoWays,25896,k1,minus,op_slow,90027520,11,0.98148,0.997404,0.931492,0,,0,0.917858,1.18699,37,0,33
393,p6,ParkedObstacleTwoWays,25896,k1,minus,op_stop,90027530,11,0.985283,0.997933,0.946935,0,,0,0.920445,1.24183,26,0,33
393,p6,ParkedObstacleTwoWays,25896,k1,minus,hold,90027540,11,0.987197,0.997436,0.954983,0,,0,0.924469,1.17737,32,0,33
393,p6,ParkedObstacleTwoWays,25896,k1,minus,brake_hard,90027550,11,0.982866,0.998348,0.936201,0,,0,0.910544,1.24981,24,0,33
393,p6,ParkedObstacleTwoWays,25896,k1,minus,shift_L,90027560,11,0.986553,0.99602,0.934177,0,,0,0.919001,1.21512,24,0,33
393,p6,ParkedObstacleTwoWays,25896,k1,minus,shift_R,90027570,11,0.989227,0.993742,0.927711,0,,0,0.911469,1.18685,30,0,33
394,p6,ParkedObstacleTwoWays,25896,k2,plus,op_slow,90027590,11,0.951076,0.997976,0.953972,0,,0,0.899121,0.999387,26,0,33
394,p6,ParkedObstacleTwoWays,25896,k2,plus,op_stop,90027600,11,0.952434,0.999179,0.924829,0,,0,0.896605,1.03663,27,0,33
394,p6,ParkedObstacleTwoWays,25896,k2,plus,hold,90027610,11,0.926704,0.998176,0.936386,0,,0,0.907665,1.13306,25,0,33
394,p6,ParkedObstacleTwoWays,25896,k2,plus,brake_hard,90027620,11,0.95047,0.994863,0.914735,0,,0,0.913913,1.09937,27,0,33
394,p6,ParkedObstacleTwoWays,25896,k2,plus,shift_L,90027630,11,0.941969,0.998783,0.921978,0,,0,0.923293,1.12304,24,0,33
394,p6,ParkedObstacleTwoWays,25896,k2,plus,shift_R,90027640,11,0.96502,0.998919,0.933995,0,,0,0.913959,1.20217,25,0,33
395,p6,ParkedObstacleTwoWays,25896,k2,minus,op_slow,90027660,11,0.986615,0.998409,0.942332,0,,0,0.920139,1.12259,25,0,33
395,p6,ParkedObstacleTwoWays,25896,k2,minus,op_stop,90027670,11,0.99587,0.998392,0.941285,0,,0,0.918047,1.14556,26,0,33
395,p6,ParkedObstacleTwoWays,25896,k2,minus,hold,90027680,11,0.993318,0.993786,0.943482,0,,0,0.926978,1.26849,23,0,33
395,p6,ParkedObstacleTwoWays,25896,k2,minus,brake_hard,90027690,11,0.994614,0.996545,0.933865,0,,0,0.916764,1.0881,25,0,33
395,p6,ParkedObstacleTwoWays,25896,k2,minus,shift_L,90027700,11,0.993617,0.998721,0.935695,0,,0,0.920739,1.11775,33,0,33
395,p6,ParkedObstacleTwoWays,25896,k2,minus,shift_R,90027710,11,0.991375,0.997064,0.932094,0,,0,0.927831,1.12808,26,0,33
396,p6,ParkedObstacleTwoWays,25896,k3,plus,op_slow,90027730,11,0.993574,0.998426,0.988499,0,,0,0.890957,1.17254,69,0,33
396,p6,ParkedObstacleTwoWays,25896,k3,plus,op_stop,90027740,11,0.993242,0.998544,0.981508,0,,0,0.910265,1.10322,50,0,33
396,p6,ParkedObstacleTwoWays,25896,k3,plus,hold,90027750,11,0.993134,0.999202,0.982209,0,,0,0.897331,1.11137,28,0,33
396,p6,ParkedObstacleTwoWays,25896,k3,plus,brake_hard,90027760,11,0.994011,0.998799,0.981784,0,,0,0.885633,1.06886,32,0,33
396,p6,ParkedObstacleTwoWays,25896,k3,plus,shift_L,90027770,11,0.990147,0.99889,0.992288,0,,0,0.871945,1.04669,27,0,33
396,p6,ParkedObstacleTwoWays,25896,k3,plus,shift_R,90027780,11,0.98914,0.998365,0.98996,0,,0,0.887519,1.05895,29,0,33
397,p6,ParkedObstacleTwoWays,25896,k3,minus,op_slow,90027800,11,0.993689,0.9986,0.989165,0,,0,0.904634,1.45547,34,0,33
397,p6,ParkedObstacleTwoWays,25896,k3,minus,op_stop,90027810,11,0.996459,0.996459,0.988968,0,,0,0.890669,1.42252,36,0,33
397,p6,ParkedObstacleTwoWays,25896,k3,minus,hold,90027820,11,0.992414,0.998406,0.989375,0,,0,0.910444,1.45713,31,0,33
397,p6,ParkedObstacleTwoWays,25896,k3,minus,brake_hard,90027830,11,0.995114,0.998682,0.994363,0,,0,0.899898,1.52334,29,0,33
397,p6,ParkedObstacleTwoWays,25896,k3,minus,shift_L,90027840,11,0.993089,0.998556,0.990259,0,,0,1.1749,2.82564,240,0,33
397,p6,ParkedObstacleTwoWays,25896,k3,minus,shift_R,90027850,11,0.996012,0.998944,0.988701,0,,0,0.908522,1.47825,30,0,33
398,p6,HazardAtSideLaneTwoWays,25951,k3,plus,op_slow,90027870,11,0.999991,0.999991,0.999997,0.00426281,,7.62939e-05,0.0252889,0.210432,68,0,33
398,p6,HazardAtSideLaneTwoWays,25951,k3,plus,op_stop,90027880,11,0.999998,0.999998,0.999994,1.52588e-05,,0,0.0170004,0.210386,33,1,33
398,p6,HazardAtSideLaneTwoWays,25951,k3,plus,hold,90027890,11,0.999992,0.999992,0.999997,0.00426035,,0,0.0229352,0.177431,67,1,33
398,p6,HazardAtSideLaneTwoWays,25951,k3,plus,brake_hard,90027900,11,0.999994,0.999994,0.999999,0.00426035,,0,0.0130995,0.210392,67,7,33
398,p6,HazardAtSideLaneTwoWays,25951,k3,plus,shift_L,90027910,11,0.999993,0.999993,0.999998,0.00426035,,0,0.0207325,0.210997,69,11,33
398,p6,HazardAtSideLaneTwoWays,25951,k3,plus,shift_R,90027920,11,0.999992,0.999992,0.999997,0.00426035,,0,0.0138287,0.210448,67,1,33
399,p6,HazardAtSideLaneTwoWays,25951,k3,minus,op_slow,90027940,11,0.999995,0.999999,0.999997,0,,0,0.0106599,0.0258962,11,2,33
399,p6,HazardAtSideLaneTwoWays,25951,k3,minus,op_stop,90027950,11,0.999997,0.999999,0.999993,0,,0,0.0118529,0.0277498,11,2,33
399,p6,HazardAtSideLaneTwoWays,25951,k3,minus,hold,90027960,11,0.999997,0.999999,0.999998,0,,0,0.0120476,0.0279806,7,2,33
399,p6,HazardAtSideLaneTwoWays,25951,k3,minus,brake_hard,90027970,11,0.999997,0.999999,0.999997,0,,0,0.0112854,0.0258962,7,2,33
399,p6,HazardAtSideLaneTwoWays,25951,k3,minus,shift_L,90027980,11,0.999996,0.999998,0.999997,0,,0,0.0114631,0.0267159,11,2,33
399,p6,HazardAtSideLaneTwoWays,25951,k3,minus,shift_R,90027990,11,0.999997,0.999999,0.999991,0,,0,0.0163787,0.0811807,12,2,33
400,p6,HazardAtSideLaneTwoWays,25955,k3,plus,op_slow,90028010,11,0.989372,0.998944,0.98297,0,,0,0.951829,1.40584,141,0,33
400,p6,HazardAtSideLaneTwoWays,25955,k3,plus,op_stop,90028020,11,0.994823,0.998518,0.992834,0,,0,0.963657,1.43785,148,0,33
400,p6,HazardAtSideLaneTwoWays,25955,k3,plus,hold,90028030,11,0.994139,0.998348,0.994889,0,,0,0.965192,1.36854,146,0,33
400,p6,HazardAtSideLaneTwoWays,25955,k3,plus,brake_hard,90028040,11,0.996295,0.9994,0.994629,0,,0,0.947612,1.42132,180,0,33
400,p6,HazardAtSideLaneTwoWays,25955,k3,plus,shift_L,90028050,11,0.995314,0.999357,0.995498,0,,0,0.976593,1.49379,145,0,33
400,p6,HazardAtSideLaneTwoWays,25955,k3,plus,shift_R,90028060,11,0.995376,0.999362,0.991733,0,,0,0.974828,1.39064,154,0,33
401,p6,HazardAtSideLaneTwoWays,25955,k3,minus,op_slow,90028080,11,0.997989,0.998524,0.994352,0,,0,0.957443,1.30944,160,0,33
401,p6,HazardAtSideLaneTwoWays,25955,k3,minus,op_stop,90028090,11,0.997601,0.999056,0.995928,0,,0,2.47899,8.45157,221,0,33
401,p6,HazardAtSideLaneTwoWays,25955,k3,minus,hold,90028100,11,0.997094,0.999074,0.995378,0,,0,2.47067,8.42332,221,0,33
401,p6,HazardAtSideLaneTwoWays,25955,k3,minus,brake_hard,90028110,11,0.996353,0.998766,0.99706,0,,0,0.944332,1.33055,161,0,33
401,p6,HazardAtSideLaneTwoWays,25955,k3,minus,shift_L,90028120,11,0.996298,0.99878,0.993864,0,,0,2.48659,8.42579,220,0,33
401,p6,HazardAtSideLaneTwoWays,25955,k3,minus,shift_R,90028130,11,0.996947,0.998533,0.996491,0,,0,2.47395,8.50721,221,0,33
