route_id,arm,frame,timestamp,origin_offset_m,point_index,prediction_time_s,raw_forward_m,raw_right_m,world_x_m,world_y_m,world_z_m
24211,native_common,351,0.10000000149011612,0.0,0,0.5,0.5604756474494934,-0.22338394820690155,126.18028861464228,330.3690525959535,-0.021599328360023817
24211,native_common,351,0.10000000149011612,0.0,1,1.0,2.016627788543701,-0.25250816345214844,127.6364438533249,330.3400838325055,-0.021501714978034568
24211,native_common,351,0.10000000149011612,0.0,2,1.5,5.024069786071777,-0.28559473156929016,130.64388935902292,330.3073183242374,-0.021298712336660273
24211,native_common,351,0.10000000149011612,0.0,3,2.0,9.04684829711914,-0.42323198914527893,134.66668253178395,330.17011051954444,-0.021031998905415503
24211,native_common,351,0.10000000149011612,-1.4,0,0.5,0.5604756474494934,-0.22338394820690155,124.78028862586326,330.3689031388857,-0.021694624261851495
24211,native_common,351,0.10000000149011612,-1.4,1,1.0,2.016627788543701,-0.25250816345214844,126.23644386454588,330.3399343754376,-0.021597010879862245
24211,native_common,351,0.10000000149011612,-1.4,2,1.5,5.024069786071777,-0.28559473156929016,129.2438893702439,330.3071688671695,-0.02139400823848795
24211,native_common,351,0.10000000149011612,-1.4,3,2.0,9.04684829711914,-0.42323198914527893,133.26668254300492,330.16996106247655,-0.021127294807243183
24211,native_common,391,2.1000000312924385,0.0,0,0.5,2.8294997215270996,0.1479443609714508,132.36816904755082,330.71865793563103,0.014218498340557375
24211,native_common,391,2.1000000312924385,0.0,1,1.0,6.839709281921387,0.34041208028793335,136.37892863893816,330.897031728869,0.042763747276961264
24211,native_common,391,2.1000000312924385,0.0,2,1.5,11.448272705078125,0.1980452686548233,140.9868454854076,330.7384703480187,0.07571460217707875
24211,native_common,391,2.1000000312924385,0.0,3,2.0,16.231918334960938,0.12033303081989288,145.77006639917988,330.64394786010973,0.10988905955905257
24211,native_common,391,2.1000000312924385,-1.4,0,0.5,2.8294997215270996,0.1479443609714508,130.9682133535173,330.7235778301406,0.0042260321165670175
24211,native_common,391,2.1000000312924385,-1.4,1,1.0,6.839709281921387,0.34041208028793335,134.97897294490468,330.9019516233785,0.032771281052970905
24211,native_common,391,2.1000000312924385,-1.4,2,1.5,11.448272705078125,0.1980452686548233,139.58688979137412,330.7433902425283,0.06572213595308839
24211,native_common,391,2.1000000312924385,-1.4,3,2.0,16.231918334960938,0.12033303081989288,144.3701107051464,330.6488677546193,0.0998965933350622
24211,native_common,431,4.100000061094761,0.0,0,0.5,3.8660309314727783,0.6737611889839172,149.3538866738186,331.2310127718634,-0.012034854616857204
24211,native_common,431,4.100000061094761,0.0,1,1.0,8.377143859863281,0.976703405380249,153.86469129860996,331.53837153191324,-0.021312179045546165
24211,native_common,431,4.100000061094761,0.0,2,1.5,13.170370101928711,0.990352213382721,158.65789171422293,331.55671323081054,-0.031184130923226777
24211,native_common,431,4.100000061094761,0.0,3,2.0,18.00762176513672,0.920558512210846,163.49519912455256,331.4916555645193,-0.041150672888087436
24211,native_common,431,4.100000061094761,-1.4,0,0.5,3.8660309314727783,0.6737611889839172,147.95389031447107,331.2296420757813,-0.009151279428128772
24211,native_common,431,4.100000061094761,-1.4,1,1.0,8.377143859863281,0.976703405380249,152.46469493926242,331.5370008358312,-0.018428603856817733
24211,native_common,431,4.100000061094761,-1.4,2,1.5,13.170370101928711,0.990352213382721,157.2578953548754,331.5553425347285,-0.028300555734498346
24211,native_common,431,4.100000061094761,-1.4,3,2.0,18.00762176513672,0.920558512210846,162.09520276520502,331.49028486843724,-0.03826709769935901
24211,native_common,471,6.100000090897083,0.0,0,0.5,4.2406792640686035,0.14288976788520813,166.47749735420638,330.76275528663444,-0.010234349677948885
24211,native_common,471,6.100000090897083,0.0,1,1.0,8.701461791992188,0.05181226134300232,170.93849967486995,330.6834198574122,-0.016563514755612997
24211,native_common,471,6.100000090897083,0.0,2,1.5,13.305107116699219,-0.20212820172309875,175.54279282247933,330.44159808295205,-0.023111396352927305
24211,native_common,471,6.100000090897083,0.0,3,2.0,17.844940185546875,-0.4783209264278412,180.08333256909188,330.17735615614345,-0.02957109685103709
24211,native_common,471,6.100000090897083,-1.4,0,0.5,4.2406792640686035,0.14288976788520813,165.07750360935745,330.7590701785116,-0.008250827051394934
24211,native_common,471,6.100000090897083,-1.4,1,1.0,8.701461791992188,0.05181226134300232,169.53850593002105,330.67973474928937,-0.014579992129059046
24211,native_common,471,6.100000090897083,-1.4,2,1.5,13.305107116699219,-0.20212820172309875,174.1427990776304,330.4379129748292,-0.021127873726373352
24211,native_common,471,6.100000090897083,-1.4,3,2.0,17.844940185546875,-0.4783209264278412,178.68333882424295,330.1736710480206,-0.02758757422448314
24211,native_common,511,8.100000120699406,0.0,0,0.5,-0.256509393453598,-0.829643189907074,173.18886602621822,329.7087035461192,-0.0017983665968201769
24211,native_common,511,8.100000120699406,0.0,1,1.0,-0.2965105175971985,-0.8953903317451477,173.1489948716978,329.6428779755449,-0.0015495927954838982
24211,native_common,511,8.100000120699406,0.0,2,1.5,0.17424988746643066,-0.6850380897521973,173.61933189442487,329.85415430772343,-0.0045196433905600715
24211,native_common,511,8.100000120699406,0.0,3,2.0,1.2523022890090942,-0.6535449028015137,174.69729869887297,329.8877645519891,-0.01135494035154024
24211,native_common,511,8.100000120699406,-1.4,0,0.5,-0.256509393453598,-0.829643189907074,171.788896886274,329.70595417573224,0.007081282396835702
24211,native_common,511,8.100000120699406,-1.4,1,1.0,-0.2965105175971985,-0.8953903317451477,171.74902573175353,329.64012860515794,0.00733005619817198
24211,native_common,511,8.100000120699406,-1.4,2,1.5,0.17424988746643066,-0.6850380897521973,172.2193627544806,329.8514049373365,0.004360005603095807
24211,native_common,511,8.100000120699406,-1.4,3,2.0,1.2523022890090942,-0.6535449028015137,173.29732955892874,329.88501518160217,-0.0024752913578843633
24211,native_common,551,10.100000150501728,0.0,0,0.5,2.6794278621673584,-0.162564218044281,181.03946491465493,330.3214747890648,0.007616892478440436
24211,native_common,551,10.100000150501728,0.0,1,1.0,6.457810401916504,-0.045259758830070496,184.81859645720914,330.4095912729591,0.025925965930908765
24211,native_common,551,10.100000150501728,0.0,2,1.5,10.866189956665039,-0.10004603862762451,189.22636933033715,330.32075602125974,0.047336994656825754
24211,native_common,551,10.100000150501728,0.0,3,2.0,15.49782943725586,-0.10840821266174316,193.85775148410247,330.27661901434226,0.069819755315762
24211,native_common,551,10.100000150501728,-1.4,0,0.5,2.6794278621673584,-0.162564218044281,179.639523169612,330.3322884795486,0.0008217041605068094
24211,native_common,551,10.100000150501728,-1.4,1,1.0,6.457810401916504,-0.045259758830070496,183.4186547121662,330.4204049634429,0.019130777612975138
24211,native_common,551,10.100000150501728,-1.4,2,1.5,10.866189956665039,-0.10004603862762451,187.82642758529423,330.33156971174355,0.04054180633889213
24211,native_common,551,10.100000150501728,-1.4,3,2.0,15.49782943725586,-0.10840821266174316,192.45780973905954,330.2874327048261,0.06302456699782838
24211,native_common,591,12.10000018030405,0.0,0,0.5,4.127471446990967,-0.46634480357170105,198.2163165133615,330.099736881515,-0.012861893467276704
24211,native_common,591,12.10000018030405,0.0,1,1.0,8.383708953857422,-0.44606366753578186,202.47238311966842,330.1419886260255,-0.021854785134431634
24211,native_common,591,12.10000018030405,0.0,2,1.5,12.667776107788086,-0.3986106514930725,206.75613868302239,330.2115555462372,-0.030903827367029443
24211,native_common,591,12.10000018030405,0.0,3,2.0,17.086828231811523,-0.31133633852005005,211.17467156513007,330.32164003082005,-0.040234236159141026
24211,native_common,591,12.10000018030405,-1.4,0,0.5,4.127471446990967,-0.46634480357170105,196.8163382925544,330.0925100220593,-0.009903216701126231
24211,native_common,591,12.10000018030405,-1.4,1,1.0,8.383708953857422,-0.44606366753578186,201.07240489886132,330.13476176656985,-0.018896108368281157
24211,native_common,591,12.10000018030405,-1.4,2,1.5,12.667776107788086,-0.3986106514930725,205.35616046221529,330.20432868678154,-0.027945150600878967
24211,native_common,591,12.10000018030405,-1.4,3,2.0,17.086828231811523,-0.31133633852005005,209.77469334432297,330.3144131713644,-0.03727555939299055
24211,native_common,631,14.100000210106373,0.0,0,0.5,4.474794387817383,1.1167492866516113,215.86196855891885,331.58579975361016,-0.007913817477298826
24211,native_common,631,14.100000210106373,0.0,1,1.0,8.856962203979492,1.291164755821228,220.24519095986975,331.7312713218468,-0.01177795127356057
24211,native_common,631,14.100000210106373,0.0,2,1.5,13.209083557128906,1.1983462572097778,224.59660263865933,331.6097132012424,-0.01572399132312312
24211,native_common,631,14.100000210106373,0.0,3,2.0,17.223602294921875,1.1106374263763428,228.61045294673815,331.49549418319896,-0.019364781063224985
24211,native_common,631,14.100000210106373,-1.4,0,0.5,4.474794387817383,1.1167492866516113,214.46199965324212,331.59504543229434,-0.006656612675613791
24211,native_common,631,14.100000210106373,-1.4,1,1.0,8.856962203979492,1.291164755821228,218.845222054193,331.740517000531,-0.010520746471875533
24211,native_common,631,14.100000210106373,-1.4,2,1.5,13.209083557128906,1.1983462572097778,223.19663373298258,331.6189588799266,-0.014466786521438088
24211,native_common,631,14.100000210106373,-1.4,3,2.0,17.223602294921875,1.1106374263763428,227.2104840410614,331.50473986188314,-0.018107576261539946
24211,native_common,671,16.100000239908695,0.0,0,0.5,4.616084098815918,1.3251183032989502,232.94101542013328,331.9442846845389,-0.004682816916915933
24211,native_common,671,16.100000239908695,0.0,1,1.0,9.006797790527344,1.4492504596710205,237.32928191044078,332.13635718932306,-0.005619714955563449
24211,native_common,671,16.100000239908695,0.0,2,1.5,13.316373825073242,0.8639501333236694,241.64740026593338,331.6178265699005,-0.007010482298288224
24211,native_common,671,16.100000239908695,0.0,3,2.0,17.458642959594727,0.1978222131729126,245.79948272436553,331.01588864037865,-0.008416254957844071
24211,native_common,671,16.100000239908695,-1.4,0,0.5,4.616084098815918,1.3251183032989502,231.54118314502776,331.9226168309773,-0.004357709364647711
24211,native_common,671,16.100000239908695,-1.4,1,1.0,9.006797790527344,1.4492504596710205,235.92944963533526,332.11468933576145,-0.005294607403295226
24211,native_common,671,16.100000239908695,-1.4,2,1.5,13.316373825073242,0.8639501333236694,240.24756799082786,331.5961587163389,-0.006685374746020002
24211,native_common,671,16.100000239908695,-1.4,3,2.0,17.458642959594727,0.1978222131729126,244.39965044926,330.9942207868171,-0.008091147405575849
24211,native_common,711,18.100000269711018,0.0,0,0.5,4.598690509796143,-0.6658570170402527,249.9718704884527,330.17191887654934,0.00034447673954710696
24211,native_common,711,18.100000269711018,0.0,1,1.0,9.06575870513916,-0.7766580581665039,254.44016312422985,330.1358707045992,0.00639285823599724
24211,native_common,711,18.100000269711018,0.0,2,1.5,13.369881629943848,-0.7891882061958313,258.743889057499,330.1953533037273,0.012398534418511752
24211,native_common,711,18.100000269711018,0.0,3,2.0,17.414051055908203,-0.8353043794631958,262.78826013809754,330.21690543708286,0.017976644093804443
24211,native_common,711,18.100000269711018,-1.4,0,0.5,4.598690509796143,-0.6658570170402527,248.572067817305,330.14849590271973,-0.001616682274020695
24211,native_common,711,18.100000269711018,-1.4,1,1.0,9.06575870513916,-0.7766580581665039,253.04036045308212,330.11244773076965,0.004431699222429437
24211,native_common,711,18.100000269711018,-1.4,2,1.5,13.369881629943848,-0.7891882061958313,257.34408638635125,330.17193032989775,0.010437375404943952
24211,native_common,711,18.100000269711018,-1.4,3,2.0,17.414051055908203,-0.8353043794631958,261.38845746694983,330.1934824632533,0.016015485080236643
24211,pi_common,1063,0.10000000149011612,0.0,0,0.5,0.5944942235946655,-0.1936265528202057,126.21430401365797,330.39881362278567,-0.02159547534114604
24211,pi_common,1063,0.10000000149011612,0.0,1,1.0,2.0421648025512695,-0.19808942079544067,127.6619750574609,330.3945053009847,-0.02149716514995868
24211,pi_common,1063,0.10000000149011612,0.0,2,1.5,5.097835540771484,-0.16549350321292877,130.71764229129658,330.42742742661574,-0.02128748614378173
24211,pi_common,1063,0.10000000149011612,0.0,3,2.0,9.1764554977417,-0.22608214616775513,134.79626868393333,330.3672741973583,-0.021012990927599784
24211,pi_common,1063,0.10000000149011612,-1.4,0,0.5,0.5944942235946655,-0.1936265528202057,124.81430402487894,330.39866416571783,-0.02169077124297372
24211,pi_common,1063,0.10000000149011612,-1.4,1,1.0,2.0421648025512695,-0.19808942079544067,126.26197506868186,330.3943558439168,-0.021592461051786357
24211,pi_common,1063,0.10000000149011612,-1.4,2,1.5,5.097835540771484,-0.16549350321292877,129.31764230251756,330.4272779695479,-0.02138278204560941
24211,pi_common,1063,0.10000000149011612,-1.4,3,2.0,9.1764554977417,-0.22608214616775513,133.3962686951543,330.3671247402905,-0.02110828682942746
24211,pi_common,1103,2.1000000312924385,0.0,0,0.5,2.751922130584717,-0.08325349539518356,132.28986466855582,330.4900005860112,0.01376179226858562
24211,pi_common,1103,2.1000000312924385,0.0,1,1.0,6.661443710327148,0.11131434887647629,136.19987175736705,330.6724444400046,0.04159044804367667
24211,pi_common,1103,2.1000000312924385,0.0,2,1.5,11.334065437316895,-0.04477665573358536,140.8718674636751,330.50186486657805,0.0750110199317738
24211,pi_common,1103,2.1000000312924385,0.0,3,2.0,16.289216995239258,-0.14884573221206665,145.82654591533546,330.38243086944533,0.1104270564269113
24211,pi_common,1103,2.1000000312924385,-1.4,0,0.5,2.751922130584717,-0.08325349539518356,130.88990707251253,330.494341846387,0.0037676570341272355
24211,pi_common,1103,2.1000000312924385,-1.4,1,1.0,6.661443710327148,0.11131434887647629,134.79991416132376,330.6767857003803,0.031596312809218284
24211,pi_common,1103,2.1000000312924385,-1.4,2,1.5,11.334065437316895,-0.04477665573358536,139.47190986763184,330.50620612695377,0.06501688469731541
24211,pi_common,1103,2.1000000312924385,-1.4,3,2.0,16.289216995239258,-0.14884573221206665,144.4265883192922,330.3867721298211,0.10043292119245291
24211,pi_common,1143,4.100000061094761,0.0,0,0.5,3.9153201580047607,0.9070189595222473,148.49040092228373,331.47270843508824,0.00533825847047524
24211,pi_common,1143,4.100000061094761,0.0,1,1.0,8.2578125,1.1604491472244263,152.83258747851613,331.73106429551814,0.0169469010210986
24211,pi_common,1143,4.100000061094761,0.0,2,1.5,12.739425659179688,1.1362106800079346,157.31420921824605,331.7119094891663,0.02893386057440505
24211,pi_common,1143,4.100000061094761,0.0,3,2.0,17.241735458374023,1.0336873531341553,161.81661630743338,331.6144933504351,0.040977930704282545
24211,pi_common,1143,4.100000061094761,-1.4,0,0.5,3.9153201580047607,0.9070189595222473,147.0904068303459,331.4711203677742,0.0015938517841156523
24211,pi_common,1143,4.100000061094761,-1.4,1,1.0,8.2578125,1.1604491472244263,151.43259338657833,331.7294762282041,0.013202494334739011
24211,pi_common,1143,4.100000061094761,-1.4,2,1.5,12.739425659179688,1.1362106800079346,155.91421512630825,331.7103214218522,0.025189453888045464
24211,pi_common,1143,4.100000061094761,-1.4,3,2.0,17.241735458374023,1.0336873531341553,160.41662221549558,331.61290528312105,0.03723352401792296
24211,pi_common,1183,6.100000090897083,0.0,0,0.5,5.067202091217041,0.2876317799091339,166.74470609791243,330.9655989567244,-0.02069764264044055
24211,pi_common,1183,6.100000090897083,0.0,1,1.0,9.975672721862793,0.13275808095932007,171.6539556941453,330.8388049256635,-0.03686768014108716
24211,pi_common,1183,6.100000090897083,0.0,2,1.5,14.79288101196289,-0.2934512495994568,176.47349735986623,330.44015768967085,-0.0526352823652332
24211,pi_common,1183,6.100000090897083,0.0,3,2.0,19.287986755371094,-0.7855919599533081,180.97132072826346,329.97373768698867,-0.06731353181400676
24211,pi_common,1183,6.100000090897083,-1.4,0,0.5,5.067202091217041,0.2876317799091339,165.34473665308036,330.95759076552775,-0.016069207654547956
24211,pi_common,1183,6.100000090897083,-1.4,1,1.0,9.975672721862793,0.13275808095932007,170.25398624931327,330.83079673446684,-0.03223924515519457
24211,pi_common,1183,6.100000090897083,-1.4,2,1.5,14.79288101196289,-0.2934512495994568,175.0735279150342,330.43214949847413,-0.04800684737934061
24211,pi_common,1183,6.100000090897083,-1.4,3,2.0,19.287986755371094,-0.7855919599533081,179.57135128343143,329.965729495792,-0.06268509682811417
24211,pi_common,1223,8.100000120699406,0.0,0,0.5,-0.7306401133537292,-0.9849563241004944,172.95534236450248,329.62320234130783,0.002372388983686368
24211,pi_common,1223,8.100000120699406,0.0,1,1.0,-0.9903975129127502,-1.0742671489715576,172.69557255444533,329.5339472837749,0.004246035825005058
24211,pi_common,1223,8.100000120699406,0.0,2,1.5,-0.6824609637260437,-0.9022702574729919,173.00353779268752,329.70587805576747,0.0019942173017545944
24211,pi_common,1223,8.100000120699406,0.0,3,2.0,0.09819459915161133,-0.9208080768585205,173.7841699983082,329.6871726746168,-0.0035036789546159645
24211,pi_common,1223,8.100000120699406,-1.4,0,0.5,-0.7306401133537292,-0.9849563241004944,171.55537722521154,329.6235028449497,0.012247532911512034
24211,pi_common,1223,8.100000120699406,-1.4,1,1.0,-0.9903975129127502,-1.0742671489715576,171.29560741515436,329.5342477874168,0.014121179752830726
24211,pi_common,1223,8.100000120699406,-1.4,2,1.5,-0.6824609637260437,-0.9022702574729919,171.60357265339655,329.70617855940935,0.011869361229580261
24211,pi_common,1223,8.100000120699406,-1.4,3,2.0,0.09819459915161133,-0.9208080768585205,172.38420485901722,329.6874731782587,0.006371464973209702
24211,pi_common,1263,10.100000150501728,0.0,0,0.5,2.9347760677337646,0.8898279070854187,180.50688180557788,331.39301885123103,0.01656479881994576
24211,pi_common,1263,10.100000150501728,0.0,1,1.0,6.865562915802002,0.9864076375961304,184.4385604481345,331.42982585666755,0.047567787494757555
24211,pi_common,1263,10.100000150501728,0.0,2,1.5,11.116546630859375,0.926486611366272,188.6880092378413,331.3052821044366,0.08113730502045133
24211,pi_common,1263,10.100000150501728,0.0,3,2.0,15.370786666870117,0.9058946371078491,192.9413119044648,331.2200133485233,0.11472270004476118
24211,pi_common,1263,10.100000150501728,-1.4,0,0.5,2.9347760677337646,0.8898279070854187,179.10708723585967,331.41430369353645,0.005514094071192643
24211,pi_common,1263,10.100000150501728,-1.4,1,1.0,6.865562915802002,0.9864076375961304,183.03876587841629,331.4511106989729,0.03651708274600444
24211,pi_common,1263,10.100000150501728,-1.4,2,1.5,11.116546630859375,0.926486611366272,187.2882146681231,331.32656694674205,0.07008660027169822
24211,pi_common,1263,10.100000150501728,-1.4,3,2.0,15.370786666870117,0.9058946371078491,191.5415173347466,331.2412981908287,0.10367199529600807
24211,pi_common,1303,12.10000018030405,0.0,0,0.5,4.364680767059326,-0.1286797821521759,196.75855680724172,330.4789241238715,-0.015926299112470933
24211,pi_common,1303,12.10000018030405,0.0,1,1.0,8.690439224243164,-0.031234174966812134,201.0830802941739,330.6204850456118,-0.027715814162596407
24211,pi_common,1303,12.10000018030405,0.0,2,1.5,12.994454383850098,0.014924854040145874,205.38638474950602,330.71054028909253,-0.03946178903410808
24211,pi_common,1303,12.10000018030405,0.0,3,2.0,17.323673248291016,0.053160324692726135,209.71497231418132,330.7929294507856,-0.05127908233137045
24211,pi_common,1303,12.10000018030405,-1.4,0,0.5,4.364680767059326,-0.1286797821521759,195.35863485584116,330.464644884151,-0.012100949477601148
24211,pi_common,1303,12.10000018030405,-1.4,1,1.0,8.690439224243164,-0.031234174966812134,199.68315834277334,330.60620580589136,-0.023890464527726616
24211,pi_common,1303,12.10000018030405,-1.4,2,1.5,12.994454383850098,0.014924854040145874,203.98646279810544,330.6962610493721,-0.035636439399238294
24211,pi_common,1303,12.10000018030405,-1.4,3,2.0,17.323673248291016,0.053160324692726135,208.31505036278077,330.77865021106516,-0.04745373269650066
24211,pi_common,1343,14.100000210106373,0.0,0,0.5,3.990656614303589,0.7639053463935852,213.1530265670572,331.2700907069986,-0.008260484205160715
24211,pi_common,1343,14.100000210106373,0.0,1,1.0,8.172249794006348,0.9663182497024536,217.33624646141544,331.4354547528831,-0.012567656897199079
24211,pi_common,1343,14.100000210106373,0.0,2,1.5,12.555394172668457,0.9971144795417786,221.71948928826333,331.4274235088773,-0.0171362426609965
24211,pi_common,1343,14.100000210106373,0.0,3,2.0,16.89848518371582,1.0072166919708252,226.0624970249168,331.39905385645335,-0.02166913641436919
24211,pi_common,1343,14.100000210106373,-1.4,0,0.5,3.990656614303589,0.7639053463935852,211.75308225765875,331.2824920255781,-0.006798334976351077
24211,pi_common,1343,14.100000210106373,-1.4,1,1.0,8.172249794006348,0.9663182497024536,215.936302152017,331.44785607146264,-0.01110550766838944
24211,pi_common,1343,14.100000210106373,-1.4,2,1.5,12.555394172668457,0.9971144795417786,220.31954497886488,331.43982482745685,-0.01567409343218686
24211,pi_common,1343,14.100000210106373,-1.4,3,2.0,16.89848518371582,1.0072166919708252,224.66255271551836,331.4114551750328,-0.02020698718555955
24211,pi_common,1383,16.100000239908695,0.0,0,0.5,4.4747700691223145,1.2458875179290771,230.273641251449,331.88465211234404,-0.0026444893151378827
24211,pi_common,1383,16.100000239908695,0.0,1,1.0,8.647315979003906,1.3486438989639282,234.44379148969725,332.05942006223484,-0.0014621010307490604
24211,pi_common,1383,16.100000239908695,0.0,2,1.5,12.774059295654297,0.8747836947441101,238.57809966560274,331.65686680185826,-0.0006412094438630194
24211,pi_common,1383,16.100000239908695,0.0,3,2.0,16.8253173828125,0.37759363651275635,242.63733658809338,331.2296841345154,0.0001452888086106492
24211,pi_common,1383,16.100000239908695,-1.4,0,0.5,4.4747700691223145,1.2458875179290771,228.87384990347977,331.86048517434,-0.0030203323309715303
24211,pi_common,1383,16.100000239908695,-1.4,1,1.0,8.647315979003906,1.3486438989639282,233.04400014172802,332.03525312423085,-0.001837944046582708
24211,pi_common,1383,16.100000239908695,-1.4,2,1.5,12.774059295654297,0.8747836947441101,237.1783083176335,331.6326998638542,-0.0010170524596966675
24211,pi_common,1383,16.100000239908695,-1.4,3,2.0,16.8253173828125,0.37759363651275635,241.23754524012415,331.20551719651144,-0.00023055420722299926
24211,pi_common,1423,18.100000269711018,0.0,0,0.5,4.525340557098389,-0.21196617186069489,246.92565467699308,330.47358051795976,-0.006984220557390378
24211,pi_common,1423,18.100000269711018,0.0,1,1.0,9.049988746643066,-0.29447728395462036,251.4506834887528,330.41562998550086,-0.009288846596921769
24211,pi_common,1423,18.100000269711018,0.0,2,1.5,13.675580978393555,-0.5102718472480774,256.0773781718472,330.22494610386786,-0.011887824976976762
24211,pi_common,1423,18.100000269711018,0.0,3,2.0,18.232044219970703,-0.7990678548812866,260.635341068818,329.9608867541165,-0.014588846142594456
24211,pi_common,1423,18.100000269711018,-1.4,0,0.5,4.525340557098389,-0.21196617186069489,245.525675458791,330.4659814933193,-0.0063183175482538
24211,pi_common,1423,18.100000269711018,-1.4,1,1.0,9.049988746643066,-0.29447728395462036,250.0507042705507,330.40803096086034,-0.008622943587785193
24211,pi_common,1423,18.100000269711018,-1.4,2,1.5,13.675580978393555,-0.5102718472480774,254.67739895364514,330.21734707922735,-0.011221921967840184
24211,pi_common,1423,18.100000269711018,-1.4,3,2.0,18.232044219970703,-0.7990678548812866,259.2353618506159,329.95328772947596,-0.013922943133457877
1711,native_common,1746,0.10000000149011612,0.0,0,0.5,1.1442252397537231,-0.21891289949417114,-497.82496184001843,3671.783560745333,364.83355302514894
1711,native_common,1746,0.10000000149011612,0.0,1,1.0,3.202310085296631,-0.13723620772361755,-497.75152326221655,3669.725421944204,364.8010605027985
1711,native_common,1746,0.10000000149011612,0.0,2,1.5,6.333686828613281,-0.025269418954849243,-497.6520906678544,3666.5940123657324,364.75162285109275
1711,native_common,1746,0.10000000149011612,0.0,3,2.0,9.925952911376953,0.02604321390390396,-497.61515644729286,3663.0020174075858,364.6949070713877
1711,native_common,1746,0.10000000149011612,-1.4,0,0.5,1.1442252397537231,-0.21891289949417114,-497.8193583571266,3673.1833750228607,364.85565708380994
1711,native_common,1746,0.10000000149011612,-1.4,1,1.0,3.202310085296631,-0.13723620772361755,-497.74591977932477,3671.1252362217315,364.8231645614596
1711,native_common,1746,0.10000000149011612,-1.4,2,1.5,6.333686828613281,-0.025269418954849243,-497.64648718496255,3667.99382664326,364.77372690975375
1711,native_common,1746,0.10000000149011612,-1.4,3,2.0,9.925952911376953,0.02604321390390396,-497.6095529644011,3664.4018316851134,364.7170111300488
1711,native_common,1786,2.1000000312924385,0.0,0,0.5,2.3539845943450928,0.5983217358589172,-497.03468657074296,3666.5779227269654,364.78729946618887
1711,native_common,1786,2.1000000312924385,0.0,1,1.0,4.981028079986572,0.7600620985031128,-496.8863384155423,3663.9502152121345,364.7615417157016
1711,native_common,1786,2.1000000312924385,0.0,2,1.5,8.103145599365234,0.9164075255393982,-496.74590852913735,3660.8274914754384,364.73092131981355
1711,native_common,1786,2.1000000312924385,0.0,3,2.0,11.401934623718262,1.0624438524246216,-496.6166881071793,3657.5281596188306,364.69856365479876
1711,native_common,1786,2.1000000312924385,-1.4,0,0.5,2.3539845943450928,0.5983217358589172,-497.02755073923885,3667.9778370432236,364.8010467220717
1711,native_common,1786,2.1000000312924385,-1.4,1,1.0,4.981028079986572,0.7600620985031128,-496.8792025840382,3665.3501295283927,364.7752889715845
1711,native_common,1786,2.1000000312924385,-1.4,2,1.5,8.103145599365234,0.9164075255393982,-496.73877269763324,3662.2274057916966,364.74466857569644
1711,native_common,1786,2.1000000312924385,-1.4,3,2.0,11.401934623718262,1.0624438524246216,-496.6095522756752,3658.928073935089,364.7123109106816
1711,native_common,1826,4.100000061094761,0.0,0,0.5,3.48461651802063,0.17048093676567078,-497.46668245987104,3654.1502629243732,364.5734062431302
1711,native_common,1826,4.100000061094761,0.0,1,1.0,7.318936347961426,0.1738661825656891,-497.46110003673056,3650.3165000263675,364.50820734287413
1711,native_common,1826,4.100000061094761,0.0,2,1.5,11.21028995513916,0.16063177585601807,-497.4721045813391,3646.425702079529,364.4420387514519
1711,native_common,1826,4.100000061094761,0.0,3,2.0,15.201910018920898,0.1503555327653885,-497.48009350718974,3642.434653884667,364.3741652064486
1711,native_common,1826,4.100000061094761,-1.4,0,0.5,3.48461651802063,0.17048093676567078,-497.4674847009964,3655.550060284004,364.59721188070483
1711,native_common,1826,4.100000061094761,-1.4,1,1.0,7.318936347961426,0.1738661825656891,-497.4619022778559,3651.716297385998,364.53201298044877
1711,native_common,1826,4.100000061094761,-1.4,2,1.5,11.21028995513916,0.16063177585601807,-497.4729068224645,3647.8254994391596,364.46584438902653
1711,native_common,1826,4.100000061094761,-1.4,3,2.0,15.201910018920898,0.1503555327653885,-497.4808957483151,3643.8344512442977,364.3979708440232
1711,native_common,1866,6.100000090897083,0.0,0,0.5,3.0848517417907715,0.0864790827035904,-497.64012797044273,3640.124157294005,364.32905715538493
1711,native_common,1866,6.100000090897083,0.0,1,1.0,6.380186080932617,0.06665299832820892,-497.68728384072426,3636.830040170355,364.2503794589004
1711,native_common,1866,6.100000090897083,0.0,2,1.5,9.40896987915039,0.10769015550613403,-497.6713678765636,3633.8018839277634,364.1780482958155
1711,native_common,1866,6.100000090897083,0.0,3,2.0,11.712141036987305,0.11949245631694794,-497.678667759841,3631.4993508161974,364.1230514009534
1711,native_common,1866,6.100000090897083,-1.4,0,0.5,3.0848517417907715,0.0864790827035904,-497.6285168102091,3641.5237099864785,364.362485316396
1711,native_common,1866,6.100000090897083,-1.4,1,1.0,6.380186080932617,0.06665299832820892,-497.67567268049066,3638.229592862828,364.28380761991144
1711,native_common,1866,6.100000090897083,-1.4,2,1.5,9.40896987915039,0.10769015550613403,-497.65975671633,3635.2014366202366,364.2114764568265
1711,native_common,1866,6.100000090897083,-1.4,3,2.0,11.712141036987305,0.11949245631694794,-497.66705659960735,3632.898903508671,364.1564795619644
1711,native_common,1906,8.100000120699406,0.0,0,0.5,2.5192885398864746,-0.4375270903110504,-498.19692217306874,3632.3525567773017,364.21151029329667
1711,native_common,1906,8.100000120699406,0.0,1,1.0,5.2922210693359375,-0.4561159610748291,-498.2221584577666,3629.580414683495,364.1475438905894
1711,native_common,1906,8.100000120699406,0.0,2,1.5,7.403287887573242,-0.4119083285331726,-498.1830117500316,3627.4698095061117,364.0988535803234
1711,native_common,1906,8.100000120699406,0.0,3,2.0,8.71479320526123,-0.4305844306945801,-498.2048318304038,3626.158701771256,364.0685982203084
1711,native_common,1906,8.100000120699406,-1.4,0,0.5,2.5192885398864746,-0.4375270903110504,-498.19356599520376,3633.752180236368,364.2438043934047
1711,native_common,1906,8.100000120699406,-1.4,1,1.0,5.2922210693359375,-0.4561159610748291,-498.21880227990164,3630.980038142561,364.1798379906975
1711,native_common,1906,8.100000120699406,-1.4,2,1.5,7.403287887573242,-0.4119083285331726,-498.1796555721666,3628.869432965178,364.1311476804314
1711,native_common,1906,8.100000120699406,-1.4,3,2.0,8.71479320526123,-0.4305844306945801,-498.2014756525388,3627.558325230322,364.1008923204164
1711,native_common,1946,10.100000150501728,0.0,0,0.5,2.582554578781128,-0.13633283972740173,-497.92631307966735,3628.0784923965334,364.1798072255223
1711,native_common,1946,10.100000150501728,0.0,1,1.0,5.652141571044922,-0.07925081253051758,-497.8865395017265,3625.0087261263125,364.15581202565255
1711,native_common,1946,10.100000150501728,0.0,2,1.5,9.007278442382812,-0.08179639279842377,-497.90800255698696,3621.653760174858,364.1294926938123
1711,native_common,1946,10.100000150501728,0.0,3,2.0,12.646312713623047,-0.14730960130691528,-497.99403289227394,3618.0152658141924,364.100857460858
1711,native_common,1946,10.100000150501728,-1.4,0,0.5,2.582554578781128,-0.13633283972740173,-497.91841935537065,3629.478427077725,364.1907880047956
1711,native_common,1946,10.100000150501728,-1.4,1,1.0,5.652141571044922,-0.07925081253051758,-497.87864577742977,3626.408660807504,364.16679280492576
1711,native_common,1946,10.100000150501728,-1.4,2,1.5,9.007278442382812,-0.08179639279842377,-497.90010883269025,3623.0536948560493,364.14047347308554
1711,native_common,1946,10.100000150501728,-1.4,3,2.0,12.646312713623047,-0.14730960130691528,-497.9861391679773,3619.415200495384,364.1118382401312
1711,native_common,1986,12.10000018030405,0.0,0,0.5,2.9540398120880127,0.7558673024177551,-497.1563034559103,3619.020576096976,364.0336573119131
1711,native_common,1986,12.10000018030405,0.0,1,1.0,5.583333492279053,0.704923689365387,-497.2346965722747,3616.392108445656,364.00550000964637
1711,native_common,1986,12.10000018030405,0.0,2,1.5,7.692084312438965,0.7091400623321533,-497.2524977561549,3614.2835494833685,363.98291639309423
1711,native_common,1986,12.10000018030405,0.0,3,2.0,9.297598838806152,0.883003830909729,-497.0954065356447,3612.676399178818,363.96571896824156
1711,native_common,1986,12.10000018030405,-1.4,0,0.5,2.9540398120880127,0.7558673024177551,-497.14168614906265,3620.4204194946014,364.04865052590344
1711,native_common,1986,12.10000018030405,-1.4,1,1.0,5.583333492279053,0.704923689365387,-497.220079265427,3617.7919518432814,364.0204932236367
1711,native_common,1986,12.10000018030405,-1.4,2,1.5,7.692084312438965,0.7091400623321533,-497.2378804493073,3615.683392880994,363.9979096070846
1711,native_common,1986,12.10000018030405,-1.4,3,2.0,9.297598838806152,0.883003830909729,-497.0807892287971,3614.076242576443,363.9807121822319
1711,native_common,2026,14.100000210106373,0.0,0,0.5,1.9041396379470825,0.2568301558494568,-497.6529195013133,3610.3566994014927,363.8615347334025
1711,native_common,2026,14.100000210106373,0.0,1,1.0,4.031245231628418,0.279254287481308,-497.6411855977182,3608.2304857750687,363.7970445894587
1711,native_common,2026,14.100000210106373,0.0,2,1.5,6.516982555389404,0.300883024930954,-497.6320494116266,3605.7458138037987,363.72168166546874
1711,native_common,2026,14.100000210106373,0.0,3,2.0,9.163329124450684,0.34845995903015137,-497.59777251168265,3603.1004780342782,363.6414477021638
1711,native_common,2026,14.100000210106373,-1.4,0,0.5,1.9041396379470825,0.2568301558494568,-497.64588368572754,3611.756038158275,363.9039792980209
1711,native_common,2026,14.100000210106373,-1.4,1,1.0,4.031245231628418,0.279254287481308,-497.63414978213245,3609.6298245318508,363.8394891540771
1711,native_common,2026,14.100000210106373,-1.4,2,1.5,6.516982555389404,0.300883024930954,-497.62501359604084,3607.145152560581,363.76412623008713
1711,native_common,2026,14.100000210106373,-1.4,3,2.0,9.163329124450684,0.34845995903015137,-497.5907366960969,3604.4998167910608,363.68389226678215
1711,native_common,2066,16.100000239908695,0.0,0,0.5,3.888934373855591,-0.28544628620147705,-498.24838100377275,3597.0091692048795,363.6759605162796
1711,native_common,2066,16.100000239908695,0.0,1,1.0,7.609475135803223,-0.2971232533454895,-498.2849227516113,3593.2893674488673,363.6103898710907
1711,native_common,2066,16.100000239908695,0.0,2,1.5,11.240827560424805,-0.23070745170116425,-498.24277742368247,3589.658217076352,363.54634118629644
1711,native_common,2066,16.100000239908695,0.0,3,2.0,14.870291709899902,-0.1772497296333313,-498.2135772644838,3586.029041111616,363.48233409245074
1711,native_common,2066,16.100000239908695,-1.4,0,0.5,3.888934373855591,-0.28544628620147705,-498.2390245519748,3598.408920445033,363.7006368713451
1711,native_common,2066,16.100000239908695,-1.4,1,1.0,7.609475135803223,-0.2971232533454895,-498.27556629981336,3594.6891186890207,363.63506622615625
1711,native_common,2066,16.100000239908695,-1.4,2,1.5,11.240827560424805,-0.23070745170116425,-498.2334209718846,3591.057968316505,363.571017541362
1711,native_common,2066,16.100000239908695,-1.4,3,2.0,14.870291709899902,-0.1772497296333313,-498.20422081268583,3587.4287923517695,363.5070104475163
1711,native_common,2106,18.100000269711018,0.0,0,0.5,3.2470879554748535,0.5948696732521057,-497.39089507483914,3583.0710012318477,363.4869342024008
1711,native_common,2106,18.100000269711018,0.0,1,1.0,7.013263702392578,0.5713341236114502,-497.4169979827677,3579.3052761656263,363.429776153101
1711,native_common,2106,18.100000269711018,0.0,2,1.5,10.917511940002441,0.4751446545124054,-497.5158489068318,3575.4015435174797,363.3705594202662
1711,native_common,2106,18.100000269711018,0.0,3,2.0,14.8192138671875,0.36424773931503296,-497.6294055359256,3571.500366798409,363.31138887887084
1711,native_common,2106,18.100000269711018,-1.4,0,0.5,3.2470879554748535,0.5948696732521057,-497.3899407079543,3584.4708395969983,363.5081860408138
1711,native_common,2106,18.100000269711018,-1.4,1,1.0,7.013263702392578,0.5713341236114502,-497.41604361588287,3580.7051145307773,363.451027991514
1711,native_common,2106,18.100000269711018,-1.4,2,1.5,10.917511940002441,0.4751446545124054,-497.5148945399469,3576.8013818826303,363.3918112586793
1711,native_common,2106,18.100000269711018,-1.4,3,2.0,14.8192138671875,0.36424773931503296,-497.6284511690407,3572.90020516356,363.3326407172839
1711,native_common,2146,20.10000029951334,0.0,0,0.5,3.6562700271606445,0.8248330354690552,-497.2303481099801,3569.818762574649,363.3328235018969
1711,native_common,2146,20.10000029951334,0.0,1,1.0,7.446561813354492,0.9189127683639526,-497.1945527770525,3566.027703091127,363.2909963914715
1711,native_common,2146,20.10000029951334,0.0,2,1.5,11.049445152282715,0.9147580862045288,-497.2540989620923,3562.425528963848,363.25122927033993
1711,native_common,2146,20.10000029951334,0.0,3,2.0,14.1836519241333,0.9163479208946228,-497.30069571125114,3559.291859127828,363.21663565714215
1711,native_common,2146,20.10000029951334,-1.4,0,0.5,3.6562700271606445,0.8248330354690552,-497.20882401819,3571.2185118145094,363.34827597687047
1711,native_common,2146,20.10000029951334,-1.4,1,1.0,7.446561813354492,0.9189127683639526,-497.17302868526235,3567.4274523309873,363.3064488664451
1711,native_common,2146,20.10000029951334,-1.4,2,1.5,11.049445152282715,0.9147580862045288,-497.23257487030224,3563.8252782037084,363.2666817453135
1711,native_common,2146,20.10000029951334,-1.4,3,2.0,14.1836519241333,0.9163479208946228,-497.27917161946107,3560.6916083676883,363.23208813211573
1711,native_common,2186,22.100000329315662,0.0,0,0.5,3.920156478881836,0.5089772343635559,-497.59537959756545,3555.696408230314,363.1734106451521
1711,native_common,2186,22.100000329315662,0.0,1,1.0,7.214864730834961,0.48079442977905273,-497.6372435396584,3552.4020474711097,363.1369231880001
1711,native_common,2186,22.100000329315662,0.0,2,1.5,8.996607780456543,0.44015926122665405,-497.6852770958673,3550.620597986945,363.1171741463318
1711,native_common,2186,22.100000329315662,0.0,3,2.0,9.556716918945312,0.4871430993080139,-497.64061954710274,3550.0603325286265,363.11100587161826
1711,native_common,2186,22.100000329315662,-1.4,0,0.5,3.920156478881836,0.5089772343635559,-497.58956605010013,3557.096310393079,363.1889070109164
1711,native_common,2186,22.100000329315662,-1.4,1,1.0,7.214864730834961,0.48079442977905273,-497.6314299921931,3553.8019496338748,363.1524195537644
1711,native_common,2186,22.100000329315662,-1.4,2,1.5,8.996607780456543,0.44015926122665405,-497.679463548402,3552.02050014971,363.1326705120961
1711,native_common,2186,22.100000329315662,-1.4,3,2.0,9.556716918945312,0.4871430993080139,-497.63480599963736,3551.4602346913916,363.12650223738257
1711,native_common,2226,24.100000359117985,0.0,0,0.5,3.707568407058716,0.2533625364303589,-497.863885233637,3545.634355705295,363.0821781655657
1711,native_common,2226,24.100000359117985,0.0,1,1.0,7.155280590057373,0.15799862146377563,-497.9908196043479,3542.1877459161174,363.0580493497879
1711,native_common,2226,24.100000359117985,0.0,2,1.5,9.173218727111816,-0.07136557996273041,-498.238654433019,3540.172040432936,363.04420866181255
1711,native_common,2226,24.100000359117985,0.0,3,2.0,9.568729400634766,-0.21270117163658142,-498.38360606094113,3539.777848939248,363.041652451431
1711,native_common,2226,24.100000359117985,-1.4,0,0.5,3.707568407058716,0.2533625364303589,-497.85106386196276,3547.0342622654707,363.09203895686824
1711,native_common,2226,24.100000359117985,-1.4,1,1.0,7.155280590057373,0.15799862146377563,-497.97799823267366,3543.587652476293,363.0679101410904
1711,native_common,2226,24.100000359117985,-1.4,2,1.5,9.173218727111816,-0.07136557996273041,-498.22583306134476,3541.5719469931114,363.05406945311506
1711,native_common,2226,24.100000359117985,-1.4,3,2.0,9.568729400634766,-0.21270117163658142,-498.3707846892669,3541.1777554994237,363.0515132427335
1711,pi_common,2355,0.10000000149011612,0.0,0,0.5,1.1052944660186768,-0.36659887433052063,-497.972490811412,3671.8230775904754,364.8341644632427
1711,pi_common,2355,0.10000000149011612,0.0,1,1.0,3.103034019470215,-0.24125680327415466,-497.8551456729471,3669.8251012691067,364.80262566284324
1711,pi_common,2355,0.10000000149011612,0.0,2,1.5,6.34365701675415,-0.055565834045410156,-497.6824267457177,3666.5841647868197,364.7514647741013
1711,pi_common,2355,0.10000000149011612,0.0,3,2.0,10.103487014770508,0.013130955398082733,-497.62877918040436,3662.824558547725,364.69210377212715
1711,pi_common,2355,0.10000000149011612,-1.4,0,0.5,1.1052944660186768,-0.36659887433052063,-497.9668873285202,3673.222891868003,364.8562685219037
1711,pi_common,2355,0.10000000149011612,-1.4,1,1.0,3.103034019470215,-0.24125680327415466,-497.84954219005533,3671.2249155466343,364.82472972150424
1711,pi_common,2355,0.10000000149011612,-1.4,2,1.5,6.34365701675415,-0.055565834045410156,-497.6768232628259,3667.9839790643473,364.77356883276235
1711,pi_common,2355,0.10000000149011612,-1.4,3,2.0,10.103487014770508,0.013130955398082733,-497.6231756975126,3664.224372825252,364.71420783078815
1711,pi_common,2395,2.1000000312924385,0.0,0,0.5,2.1954500675201416,0.29539138078689575,-497.33365015774547,3666.9272799025534,364.7843635878259
1711,pi_common,2395,2.1000000312924385,0.0,1,1.0,4.667187690734863,0.38385289907455444,-497.25578355120723,3664.455408240616,364.7512034199685
1711,pi_common,2395,2.1000000312924385,0.0,2,1.5,7.649561882019043,0.45500239729881287,-497.19741743959565,3661.4730250089983,364.71118186684566
1711,pi_common,2395,2.1000000312924385,0.0,3,2.0,10.87565803527832,0.5290415287017822,-497.13720633614633,3658.2469316254824,364.667888831526
1711,pi_common,2395,2.1000000312924385,-1.4,0,0.5,2.1954500675201416,0.29539138078689575,-497.3276496297599,3668.3271408444484,364.8031608488106
1711,pi_common,2395,2.1000000312924385,-1.4,1,1.0,4.667187690734863,0.38385289907455444,-497.2497830232217,3665.855269182511,364.77000068095316
1711,pi_common,2395,2.1000000312924385,-1.4,2,1.5,7.649561882019043,0.45500239729881287,-497.19141691161013,3662.8728859508933,364.7299791278303
1711,pi_common,2395,2.1000000312924385,-1.4,3,2.0,10.87565803527832,0.5290415287017822,-497.1312058081608,3659.6467925673774,364.6866860925107
1711,pi_common,2435,4.100000061094761,0.0,0,0.5,3.7263357639312744,0.24136030673980713,-497.39342949298447,3654.7837291743767,364.61051592068395
1711,pi_common,2435,4.100000061094761,0.0,1,1.0,7.348247051239014,0.24957449734210968,-497.3867812211024,3651.161969211846,364.5770581809778
1711,pi_common,2435,4.100000061094761,0.0,2,1.5,11.002443313598633,0.2913087010383606,-497.34662689764554,3647.50791118875,364.54329930431425
1711,pi_common,2435,4.100000061094761,0.0,3,2.0,14.76058292388916,0.3160579800605774,-497.3235024366811,3643.7499215923094,364.50858173528184
1711,pi_common,2435,4.100000061094761,-1.4,0,0.5,3.7263357639312744,0.24136030673980713,-497.3928242089451,3656.183669311618,364.6234482744208
1711,pi_common,2435,4.100000061094761,-1.4,1,1.0,7.348247051239014,0.24957449734210968,-497.38617593706306,3652.5619093490873,364.5899905347147
1711,pi_common,2435,4.100000061094761,-1.4,2,1.5,11.002443313598633,0.2913087010383606,-497.3460216136062,3648.9078513259906,364.5562316580511
1711,pi_common,2435,4.100000061094761,-1.4,3,2.0,14.76058292388916,0.3160579800605774,-497.3228971526417,3645.1498617295506,364.5215140890187
1711,pi_common,2475,6.100000090897083,0.0,0,0.5,3.9416348934173584,-0.02108791470527649,-497.7711262596611,3639.8811587209043,364.33737721578404
1711,pi_common,2475,6.100000090897083,0.0,1,1.0,7.6574201583862305,-0.04131165146827698,-497.82300322734005,3636.166334426814,364.2676751415856
1711,pi_common,2475,6.100000090897083,0.0,2,1.5,10.607267379760742,0.03049907088279724,-497.77632421617795,3633.216501707887,364.2123270652102
1711,pi_common,2475,6.100000090897083,0.0,3,2.0,11.91247844696045,0.07753955572843552,-497.7404042468044,3631.911167026774,364.18783495955535
1711,pi_common,2475,6.100000090897083,-1.4,0,0.5,3.9416348934173584,-0.02108791470527649,-497.75919996481855,3641.280861554736,364.3636401260518
1711,pi_common,2475,6.100000090897083,-1.4,1,1.0,7.6574201583862305,-0.04131165146827698,-497.8110769324975,3637.5660372606453,364.29393805185333
1711,pi_common,2475,6.100000090897083,-1.4,2,1.5,10.607267379760742,0.03049907088279724,-497.7643979213354,3634.616204541718,364.2385899754779
1711,pi_common,2475,6.100000090897083,-1.4,3,2.0,11.91247844696045,0.07753955572843552,-497.7284779519618,3633.310869860605,364.2140978698231
1711,pi_common,2515,8.100000120699406,0.0,0,0.5,3.3796424865722656,-0.3890277147293091,-498.1904150089289,3630.4606245028576,364.18101326201116
1711,pi_common,2515,8.100000120699406,0.0,1,1.0,5.273459434509277,-0.4749217927455902,-498.2907778377622,3628.567951281684,364.1405681711778
1711,pi_common,2515,8.100000120699406,0.0,2,1.5,5.579020977020264,-0.501723051071167,-498.3199132065146,3628.2626731055657,364.1340467309392
1711,pi_common,2515,8.100000120699406,0.0,3,2.0,5.953102111816406,-0.5172207355499268,-498.3382689116577,3627.8888066728105,364.12605722642485
1711,pi_common,2515,8.100000120699406,-1.4,0,0.5,3.3796424865722656,-0.3890277147293091,-498.1797171621325,3631.8602638713014,364.2109330610778
1711,pi_common,2515,8.100000120699406,-1.4,1,1.0,5.273459434509277,-0.4749217927455902,-498.2800799909658,3629.967590650128,364.17048797024444
1711,pi_common,2515,8.100000120699406,-1.4,2,1.5,5.579020977020264,-0.501723051071167,-498.3092153597182,3629.6623124740095,364.16396653000584
1711,pi_common,2515,8.100000120699406,-1.4,3,2.0,5.953102111816406,-0.5172207355499268,-498.32757106486133,3629.2884460412542,364.1559770254915
1711,pi_common,2555,10.100000150501728,0.0,0,0.5,2.1494505405426025,0.12660261988639832,-497.6822611017866,3628.1650129466097,364.1724973206821
1711,pi_common,2555,10.100000150501728,0.0,1,1.0,4.254636287689209,0.0593724250793457,-497.75991553424046,3626.0603084162967,364.14979141216196
1711,pi_common,2555,10.100000150501728,0.0,2,1.5,6.712621688842773,0.013779670000076294,-497.8176799087365,3623.60272153175,364.12331664035537
1711,pi_common,2555,10.100000150501728,0.0,3,2.0,9.609437942504883,-0.051964856684207916,-497.89776893198973,3620.7064345735203,364.0921019929577
1711,pi_common,2555,10.100000150501728,-1.4,0,0.5,2.1494505405426025,0.12660261988639832,-497.6753281506824,3629.5649148763864,364.1875479418385
1711,pi_common,2555,10.100000150501728,-1.4,1,1.0,4.254636287689209,0.0593724250793457,-497.75298258313626,3627.4602103460734,364.16484203331834
1711,pi_common,2555,10.100000150501728,-1.4,2,1.5,6.712621688842773,0.013779670000076294,-497.8107469576323,3625.002623461526,364.13836726151175
1711,pi_common,2555,10.100000150501728,-1.4,3,2.0,9.609437942504883,-0.051964856684207916,-497.8908359808856,3622.1063365032965,364.1071526141141
1711,pi_common,2595,12.10000018030405,0.0,0,0.5,1.949098825454712,0.5113019347190857,-497.3918845279451,3619.5195779853775,364.03091614753384
1711,pi_common,2595,12.10000018030405,0.0,1,1.0,3.932961940765381,0.5740625858306885,-497.3485037391211,3617.5353886304456,364.0033032782029
1711,pi_common,2595,12.10000018030405,0.0,2,1.5,6.268919944763184,0.5922322273254395,-497.3531508284219,3615.199590760383,363.9707971697285
1711,pi_common,2595,12.10000018030405,0.0,3,2.0,8.836588859558105,0.6961596012115479,-497.2743074522684,3612.631277928173,363.9350554156258
1711,pi_common,2595,12.10000018030405,-1.4,0,0.5,1.949098825454712,0.5113019347190857,-497.3782103909639,3620.9193756622885,364.05039643738445
1711,pi_common,2595,12.10000018030405,-1.4,1,1.0,3.932961940765381,0.5740625858306885,-497.3348296021399,3618.9351863073566,364.0227835680535
1711,pi_common,2595,12.10000018030405,-1.4,2,1.5,6.268919944763184,0.5922322273254395,-497.3394766914407,3616.5993884372942,363.9902774595791
1711,pi_common,2595,12.10000018030405,-1.4,3,2.0,8.836588859558105,0.6961596012115479,-497.2606333152872,3614.0310756050835,363.9545357054764
1711,pi_common,2635,14.100000210106373,0.0,0,0.5,2.816460132598877,-0.0569135844707489,-497.98313016067095,3609.0048489552923,363.86090075038436
1711,pi_common,2635,14.100000210106373,0.0,1,1.0,5.384392738342285,-0.09034706652164459,-498.02013258749867,3606.4373540186707,363.8162214912979
1711,pi_common,2635,14.100000210106373,0.0,2,1.5,7.7291436195373535,-0.09478656947612762,-498.02783088196907,3604.092966325615,363.7754356485909
1711,pi_common,2635,14.100000210106373,0.0,3,2.0,9.84736442565918,-0.06848010420799255,-498.00446840317665,3601.975031269512,363.7386021541216
1711,pi_common,2635,14.100000210106373,-1.4,0,0.5,2.816460132598877,-0.0569135844707489,-497.98118440399935,3610.404635806325,363.88525204823816
1711,pi_common,2635,14.100000210106373,-1.4,1,1.0,5.384392738342285,-0.09034706652164459,-498.018186830827,3607.8371408697035,363.8405727891516
1711,pi_common,2635,14.100000210106373,-1.4,2,1.5,7.7291436195373535,-0.09478656947612762,-498.02588512529746,3605.492753176648,363.7997869464447
1711,pi_common,2635,14.100000210106373,-1.4,3,2.0,9.84736442565918,-0.06848010420799255,-498.00252264650504,3603.3748181205447,363.76295345197536
1711,pi_common,2675,16.100000239908695,0.0,0,0.5,4.154758930206299,-0.05734845995903015,-498.0376046987766,3595.0738923898607,363.6541116878181
1711,pi_common,2675,16.100000239908695,0.0,1,1.0,8.071797370910645,-0.03908857703208923,-498.0511119618705,3591.157316813139,363.5926554029475
1711,pi_common,2675,16.100000239908695,0.0,2,1.5,11.947202682495117,-0.040368616580963135,-498.0838208628986,3587.28252612178,363.53186729959265
1711,pi_common,2675,16.100000239908695,0.0,3,2.0,15.8460054397583,-0.03930698335170746,-498.11437791810687,3583.384322668403,363.47071037384575
1711,pi_common,2675,16.100000239908695,-1.4,0,0.5,4.154758930206299,-0.05734845995903015,-498.0262509275344,3596.473674101719,363.6760719024133
1711,pi_common,2675,16.100000239908695,-1.4,1,1.0,8.071797370910645,-0.03908857703208923,-498.03975819062833,3592.5570985249974,363.61461561754265
1711,pi_common,2675,16.100000239908695,-1.4,2,1.5,11.947202682495117,-0.040368616580963135,-498.07246709165645,3588.6823078336383,363.5538275141878
1711,pi_common,2675,16.100000239908695,-1.4,3,2.0,15.8460054397583,-0.03930698335170746,-498.1030241468647,3584.784104380262,363.4926705884409
1711,pi_common,2715,18.100000269711018,0.0,0,0.5,3.289646863937378,0.7116281986236572,-497.28436502261366,3580.9236203956457,363.462680142828
1711,pi_common,2715,18.100000269711018,0.0,1,1.0,7.034167766571045,0.7265632152557373,-497.2716426541268,3577.179434780874,363.4119645785654
1711,pi_common,2715,18.100000269711018,0.0,2,1.5,10.949565887451172,0.5983852744102478,-497.4021341558329,3573.264470869516,363.35903471687794
1711,pi_common,2715,18.100000269711018,0.0,3,2.0,14.862671852111816,0.44830211997032166,-497.5545295076889,3569.3518116424098,363.30615113546224
1711,pi_common,2715,18.100000269711018,-1.4,0,0.5,3.289646863937378,0.7116281986236572,-497.28353776089267,3582.3234917911345,363.48163777269895
1711,pi_common,2715,18.100000269711018,-1.4,1,1.0,7.034167766571045,0.7265632152557373,-497.2708153924058,3578.579306176363,363.4309222084363
1711,pi_common,2715,18.100000269711018,-1.4,2,1.5,10.949565887451172,0.5983852744102478,-497.40130689411194,3574.6643422650045,363.37799234674884
1711,pi_common,2715,18.100000269711018,-1.4,3,2.0,14.862671852111816,0.44830211997032166,-497.55370224596794,3570.7516830378986,363.3251087653332
1711,pi_common,2755,20.10000029951334,0.0,0,0.5,3.8048958778381348,0.3570560812950134,-497.4607973363627,3565.0865613532806,363.2795646890849
1711,pi_common,2755,20.10000029951334,0.0,1,1.0,7.5480852127075195,0.3966004252433777,-497.38119744777555,3561.344214877804,363.2403617932379
1711,pi_common,2755,20.10000029951334,0.0,2,1.5,11.304885864257812,0.3819633722305298,-497.3556301731306,3557.587678348821,363.20105530912343
1711,pi_common,2755,20.10000029951334,0.0,3,2.0,15.021841049194336,0.3519609868526459,-497.3458537528371,3553.870818265765,363.16217685049907
1711,pi_common,2755,20.10000029951334,-1.4,0,0.5,3.8048958778381348,0.3570560812950134,-497.4757794670294,3566.486404509289,363.2942164581498
1711,pi_common,2755,20.10000029951334,-1.4,1,1.0,7.5480852127075195,0.3966004252433777,-497.39617957844223,3562.7440580338125,363.25501356230274
1711,pi_common,2755,20.10000029951334,-1.4,2,1.5,11.304885864257812,0.3819633722305298,-497.37061230379726,3558.9875215048296,363.21570707818825
1711,pi_common,2755,20.10000029951334,-1.4,3,2.0,15.021841049194336,0.3519609868526459,-497.3608358835038,3555.2706614217736,363.1768286195639
1711,pi_common,2795,22.100000329315662,0.0,0,0.5,3.388461112976074,0.5143712162971497,-497.48915619387344,3551.8071787598756,363.1212193126457
1711,pi_common,2795,22.100000329315662,0.0,1,1.0,6.999088287353516,0.45487505197525024,-497.61831043181985,3548.1987366569015,363.0699050044405
1711,pi_common,2795,22.100000329315662,0.0,2,1.5,10.50762939453125,0.3101789355278015,-497.83067894921567,3544.693994996665,363.0200735415452
1711,pi_common,2795,22.100000329315662,0.0,3,2.0,13.244582176208496,0.16395606100559235,-498.02968569505606,3541.9606494562267,362.98121315245396
1711,pi_common,2795,22.100000329315662,-1.4,0,0.5,3.388461112976074,0.5143712162971497,-497.4621423798516,3553.206776570641,363.14112463736
1711,pi_common,2795,22.100000329315662,-1.4,1,1.0,6.999088287353516,0.45487505197525024,-497.591296617798,3549.598334467667,363.08981032915483
1711,pi_common,2795,22.100000329315662,-1.4,2,1.5,10.50762939453125,0.3101789355278015,-497.8036651351938,3546.093592807431,363.0399788662595
1711,pi_common,2795,22.100000329315662,-1.4,3,2.0,13.244582176208496,0.16395606100559235,-498.0026718810342,3543.3602472669927,363.0011184771683
1711,pi_common,2835,24.100000359117985,0.0,0,0.5,3.6072447299957275,-0.033672913908958435,-498.1468954175092,3541.164247658755,363.0420860927273
1711,pi_common,2835,24.100000359117985,0.0,1,1.0,7.146324634552002,-0.10681848227977753,-498.2824038043361,3537.6270795901205,363.01936217721203
1711,pi_common,2835,24.100000359117985,0.0,2,1.5,9.775370597839355,-0.17274154722690582,-498.39465197677606,3534.999657891683,363.0025070908861
1711,pi_common,2835,24.100000359117985,0.0,3,2.0,10.9203519821167,-0.1894041895866394,-498.43149166276424,3533.8551717296177,362.9951398411026
1711,pi_common,2835,24.100000359117985,-1.4,0,0.5,3.6072447299957275,-0.033672913908958435,-498.1222211859908,3542.5640009304443,363.0511393072924
1711,pi_common,2835,24.100000359117985,-1.4,1,1.0,7.146324634552002,-0.10681848227977753,-498.2577295728177,3539.02683286181,363.0284153917771
1711,pi_common,2835,24.100000359117985,-1.4,2,1.5,9.775370597839355,-0.17274154722690582,-498.3699777452577,3536.3994111633724,363.01156030545116
1711,pi_common,2835,24.100000359117985,-1.4,3,2.0,10.9203519821167,-0.1894041895866394,-498.4068174312459,3535.254925001307,363.0041930556677
1773,native_common,2951,0.10000000149011612,0.0,0,0.5,0.7998608350753784,-0.7009667754173279,-819.1944652051706,5286.725811400556,376.3156837693976
1773,native_common,2951,0.10000000149011612,0.0,1,1.0,2.7047438621520996,-0.7274499535560608,-819.2243637426805,5284.820979143782,376.3166092855665
1773,native_common,2951,0.10000000149011612,0.0,2,1.5,6.0727691650390625,-0.6839532852172852,-819.1869059195066,5281.452881666534,376.3182513201511
1773,native_common,2951,0.10000000149011612,0.0,3,2.0,10.165109634399414,-0.8295213580131531,-819.3398112100473,5277.360809254954,376.3202341196037
1773,native_common,2951,0.10000000149011612,-1.4,0,0.5,0.7998608350753784,-0.7009667754173279,-819.1919550443274,5288.125808984394,376.31500234531705
1773,native_common,2951,0.10000000149011612,-1.4,1,1.0,2.7047438621520996,-0.7274499535560608,-819.2218535818372,5286.220976727621,376.315927861486
1773,native_common,2951,0.10000000149011612,-1.4,2,1.5,6.0727691650390625,-0.6839532852172852,-819.1843957586634,5282.852879250373,376.3175698960706
1773,native_common,2951,0.10000000149011612,-1.4,3,2.0,10.165109634399414,-0.8295213580131531,-819.3373010492041,5278.760806838793,376.31955269552316
1773,native_common,2991,2.1000000312924385,0.0,0,0.5,2.4958198070526123,0.2495419979095459,-818.2547956210774,5281.114169973372,376.35599414665705
1773,native_common,2991,2.1000000312924385,0.0,1,1.0,5.951086521148682,0.2972472608089447,-818.2130949876297,5277.658919169242,376.38142631877093
1773,native_common,2991,2.1000000312924385,0.0,2,1.5,9.815021514892578,0.278247594833374,-818.2388093620416,5273.7951275248015,376.40984325897915
1773,native_common,2991,2.1000000312924385,0.0,3,2.0,13.746618270874023,0.2415047436952591,-818.2823844764503,5269.863706843976,376.438752228722
1773,native_common,2991,2.1000000312924385,-1.4,0,0.5,2.4958198070526123,0.2495419979095459,-818.2523627040508,5282.514129981522,376.34569577333656
1773,native_common,2991,2.1000000312924385,-1.4,1,1.0,5.951086521148682,0.2972472608089447,-818.210662070603,5279.058879177393,376.37112794545044
1773,native_common,2991,2.1000000312924385,-1.4,2,1.5,9.815021514892578,0.278247594833374,-818.236376445015,5275.195087532952,376.39954488565866
1773,native_common,2991,2.1000000312924385,-1.4,3,2.0,13.746618270874023,0.2415047436952591,-818.2799515594237,5271.263666852127,376.42845385540153
1773,native_common,3031,4.100000061094761,0.0,0,0.5,3.125548839569092,0.27594563364982605,-818.2107286933219,5267.071957409291,376.34078118004214
1773,native_common,3031,4.100000061094761,0.0,1,1.0,6.822816371917725,0.28193241357803345,-818.201541338183,5263.374697095075,376.33858830035985
1773,native_common,3031,4.100000061094761,0.0,2,1.5,10.649650573730469,0.25305405259132385,-818.227106949654,5259.547839997757,376.3363246484573
1773,native_common,3031,4.100000061094761,0.0,3,2.0,14.416354179382324,0.20738078653812408,-818.2695195123123,5255.781098923097,376.3340995524485
1773,native_common,3031,4.100000061094761,-1.4,0,0.5,3.125548839569092,0.27594563364982605,-818.2119406176749,5268.471956638722,376.3416111388939
1773,native_common,3031,4.100000061094761,-1.4,1,1.0,6.822816371917725,0.28193241357803345,-818.202753262536,5264.774696324506,376.3394182592116
1773,native_common,3031,4.100000061094761,-1.4,2,1.5,10.649650573730469,0.25305405259132385,-818.228318874007,5260.9478392271885,376.3371546073091
1773,native_common,3031,4.100000061094761,-1.4,3,2.0,14.416354179382324,0.20738078653812408,-818.2707314366652,5257.181098152528,376.33492951130023
1773,native_common,3071,6.100000090897083,0.0,0,0.5,2.1213395595550537,-0.3047640919685364,-818.8497332834717,5255.414728186185,376.3095114516512
1773,native_common,3071,6.100000090897083,0.0,1,1.0,5.028796672821045,-0.24413636326789856,-818.7895050236937,5252.5077857112865,376.2543698945334
1773,native_common,3071,6.100000090897083,0.0,2,1.5,7.527551174163818,-0.190656840801239,-818.7363688166292,5250.00947331743,376.2069795631596
1773,native_common,3071,6.100000090897083,0.0,3,2.0,8.730382919311523,-0.14840081334114075,-818.6942780519336,5248.80685213268,376.1841665732271
1773,native_common,3071,6.100000090897083,-1.4,0,0.5,2.1213395595550537,-0.3047640919685364,-818.8495409313156,5256.814476385232,376.3360622004962
1773,native_common,3071,6.100000090897083,-1.4,1,1.0,5.028796672821045,-0.24413636326789856,-818.7893126715376,5253.907533910335,376.2809206433784
1773,native_common,3071,6.100000090897083,-1.4,2,1.5,7.527551174163818,-0.190656840801239,-818.7361764644731,5251.409221516477,376.23353031200463
1773,native_common,3071,6.100000090897083,-1.4,3,2.0,8.730382919311523,-0.14840081334114075,-818.6940856997775,5250.206600331728,376.21071732207207
1773,native_common,3111,8.100000120699406,0.0,0,0.5,2.1848340034484863,-0.6026614904403687,-819.1633556503278,5250.864871000304,376.3456854964036
1773,native_common,3111,8.100000120699406,0.0,1,1.0,4.160577774047852,-0.561007559299469,-819.1277434148543,5248.8890094590415,376.34448737912527
1773,native_common,3111,8.100000120699406,0.0,2,1.5,4.7751851081848145,-0.553784966468811,-819.122400224374,5248.274383025672,376.34411489890226
1773,native_common,3111,8.100000120699406,0.0,3,2.0,5.033977031707764,-0.5839710235595703,-819.1533774836397,5248.0156846628215,376.3439593675577
1773,native_common,3111,8.100000120699406,-1.4,0,0.5,2.1848340034484863,-0.6026614904403687,-819.1590746795953,5252.264864198322,376.3465333127355
1773,native_common,3111,8.100000120699406,-1.4,1,1.0,4.160577774047852,-0.561007559299469,-819.1234624441217,5250.28900265706,376.3453351954572
1773,native_common,3111,8.100000120699406,-1.4,2,1.5,4.7751851081848145,-0.553784966468811,-819.1181192536415,5249.67437622369,376.34496271523415
1773,native_common,3111,8.100000120699406,-1.4,3,2.0,5.033977031707764,-0.5839710235595703,-819.149096512907,5249.41567786084,376.34480718388966
1773,native_common,3151,10.100000150501728,0.0,0,0.5,2.081458806991577,-0.2214813381433487,-818.7953091799656,5249.298505216181,376.3463595576204
1773,native_common,3151,10.100000150501728,0.0,1,1.0,3.012671947479248,-0.19274288415908813,-818.7728703364112,5248.36711910054,376.3458973404086
1773,native_common,3151,10.100000150501728,0.0,2,1.5,3.1269729137420654,-0.20411160588264465,-818.7850119574402,5248.252897665422,376.3458380035339
1773,native_common,3151,10.100000150501728,0.0,3,2.0,3.208711862564087,-0.19090639054775238,-818.7723599465799,5248.171071272433,376.34579929786025
1773,native_common,3151,10.100000150501728,-1.4,0,0.5,2.081458806991577,-0.2214813381433487,-818.7858392389603,5250.698473011088,376.3470620102095
1773,native_common,3151,10.100000150501728,-1.4,1,1.0,3.012671947479248,-0.19274288415908813,-818.7634003954059,5249.7670868954465,376.3465997929977
1773,native_common,3151,10.100000150501728,-1.4,2,1.5,3.1269729137420654,-0.20411160588264465,-818.7755420164349,5249.65286546033,376.34654045612297
1773,native_common,3151,10.100000150501728,-1.4,3,2.0,3.208711862564087,-0.19090639054775238,-818.7628900055746,5249.57103906734,376.34650175044936
1773,native_common,3191,12.10000018030405,0.0,0,0.5,1.5228511095046997,0.23950737714767456,-818.3364145085385,5248.719191201487,376.34969307901054
1773,native_common,3191,12.10000018030405,0.0,1,1.0,2.544515371322632,0.25881850719451904,-818.3219706410889,5247.697447856496,376.3513348097224
1773,native_common,3191,12.10000018030405,0.0,2,1.5,2.857941150665283,0.22237485647201538,-818.3599069879426,5247.384199654571,376.3518411814757
1773,native_common,3191,12.10000018030405,0.0,3,2.0,3.062131643295288,0.20344458520412445,-818.3798097748626,5247.180101925775,376.35217076314706
1773,native_common,3191,12.10000018030405,-1.4,0,0.5,1.5228511095046997,0.23950737714767456,-818.3297451348076,5250.1191735052025,376.3474416935296
1773,native_common,3191,12.10000018030405,-1.4,1,1.0,2.544515371322632,0.25881850719451904,-818.3153012673579,5249.097430160212,376.34908342424154
1773,native_common,3191,12.10000018030405,-1.4,2,1.5,2.857941150665283,0.22237485647201538,-818.3532376142117,5248.784181958287,376.3495897959948
1773,native_common,3191,12.10000018030405,-1.4,3,2.0,3.062131643295288,0.20344458520412445,-818.3731404011315,5248.58008422949,376.3499193776662
1773,native_common,3231,14.100000210106373,0.0,0,0.5,1.2295444011688232,-0.5141410231590271,-819.0868288461405,5247.895450487878,376.34632319966585
1773,native_common,3231,14.100000210106373,0.0,1,1.0,1.752497673034668,-0.5526317358016968,-819.1267978314672,5247.372608674405,376.3455630611927
1773,native_common,3231,14.100000210106373,0.0,2,1.5,1.8837822675704956,-0.5357778668403625,-819.1103151808471,5247.241277095717,376.34537245851357
1773,native_common,3231,14.100000210106373,0.0,3,2.0,2.0839903354644775,-0.5214134454727173,-819.0965168194873,5247.041029429736,376.3450816941701
1773,native_common,3231,14.100000210106373,-1.4,0,0.5,1.2295444011688232,-0.5141410231590271,-819.082870945473,5249.295443415538,376.3483572908321
1773,native_common,3231,14.100000210106373,-1.4,1,1.0,1.752497673034668,-0.5526317358016968,-819.1228399307997,5248.772601602064,376.34759715235896
1773,native_common,3231,14.100000210106373,-1.4,2,1.5,1.8837822675704956,-0.5357778668403625,-819.1063572801796,5248.641270023376,376.34740654967976
1773,native_common,3231,14.100000210106373,-1.4,3,2.0,2.0839903354644775,-0.5214134454727173,-819.0925589188198,5248.441022357395,376.3471157853363
1773,native_common,3271,16.100000239908695,0.0,0,0.5,0.9841877818107605,-0.5107572078704834,-819.087812821761,5247.132644820962,376.34634106839303
1773,native_common,3271,16.100000239908695,0.0,1,1.0,1.3474806547164917,-0.5698068737983704,-819.1483387959111,5246.769595770339,376.3455875132301
1773,native_common,3271,16.100000239908695,0.0,2,1.5,1.4798682928085327,-0.5627220273017883,-819.1417921675645,5246.637180709656,376.34531341277574
1773,native_common,3271,16.100000239908695,0.0,3,2.0,1.7750298976898193,-0.5889870524406433,-819.1692568162201,5246.342128945975,376.3447015595466
1773,native_common,3271,16.100000239908695,-1.4,0,0.5,0.9841877818107605,-0.5107572078704834,-819.0821217809208,5248.5326302503345,376.349240999101
1773,native_common,3271,16.100000239908695,-1.4,1,1.0,1.3474806547164917,-0.5698068737983704,-819.1426477550708,5248.1695811997115,376.3484874439381
1773,native_common,3271,16.100000239908695,-1.4,2,1.5,1.4798682928085327,-0.5627220273017883,-819.1361011267244,5248.037166139029,376.34821334348374
1773,native_common,3271,16.100000239908695,-1.4,3,2.0,1.7750298976898193,-0.5889870524406433,-819.1635657753799,5247.742114375348,376.3476014902546
1773,native_common,3311,18.100000269711018,0.0,0,0.5,0.9454547762870789,-0.26748141646385193,-818.8465448887226,5246.523755864742,376.347476931175
1773,native_common,3311,18.100000269711018,0.0,1,1.0,1.5240339040756226,-0.37363678216934204,-818.9557778915316,5245.945750069815,376.3470069220336
1773,native_common,3311,18.100000269711018,0.0,2,1.5,2.1637625694274902,-0.47825777530670166,-819.0638019752934,5245.3065874586755,376.3464860322756
1773,native_common,3311,18.100000269711018,0.0,3,2.0,3.2738900184631348,-0.6771162152290344,-819.268565586684,5244.197534402419,376.345583763508
1773,native_common,3311,18.100000269711018,-1.4,0,0.5,0.9454547762870789,-0.26748141646385193,-818.8390942273079,5247.923735556877,376.34863850626687
1773,native_common,3311,18.100000269711018,-1.4,1,1.0,1.5240339040756226,-0.37363678216934204,-818.9483272301169,5247.34572976195,376.34816849712547
1773,native_common,3311,18.100000269711018,-1.4,2,1.5,2.1637625694274902,-0.47825777530670166,-819.0563513138787,5246.70656715081,376.3476476073675
1773,native_common,3311,18.100000269711018,-1.4,3,2.0,3.2738900184631348,-0.6771162152290344,-819.2611149252692,5245.597514094553,376.3467453385999
1773,native_common,3351,20.10000029951334,0.0,0,0.5,1.1883713006973267,0.5670149922370911,-818.00776447028,5245.780942508596,376.34799139064216
1773,native_common,3351,20.10000029951334,0.0,1,1.0,1.8305130004882812,0.5573011636734009,-818.0179461014017,5245.1388080583165,376.347934575127
1773,native_common,3351,20.10000029951334,0.0,2,1.5,2.0757036209106445,0.46954572200775146,-818.1058801429838,5244.893681434206,376.3479153922131
1773,native_common,3351,20.10000029951334,0.0,3,2.0,2.292912244796753,0.4491736888885498,-818.1264104088318,5244.676487709945,376.34789668448997
1773,native_common,3351,20.10000029951334,-1.4,0,0.5,1.1883713006973267,0.5670149922370911,-818.0067445595716,5247.180942131554,376.34811589281503
1773,native_common,3351,20.10000029951334,-1.4,1,1.0,1.8305130004882812,0.5573011636734009,-818.0169261906932,5246.538807681274,376.34805907729987
1773,native_common,3351,20.10000029951334,-1.4,2,1.5,2.0757036209106445,0.46954572200775146,-818.1048602322753,5246.293681057164,376.348039894386
1773,native_common,3351,20.10000029951334,-1.4,3,2.0,2.292912244796753,0.4491736888885498,-818.1253904981235,5246.076487332903,376.34802118666283
1773,native_common,3391,22.100000329315662,0.0,0,0.5,1.4988880157470703,-0.17834119498729706,-818.7539667353308,5245.238672757946,376.3479469352998
1773,native_common,3391,22.100000329315662,0.0,1,1.0,1.9206185340881348,-0.19893497228622437,-818.775162436348,5244.81697206573,376.3478999572671
1773,native_common,3391,22.100000329315662,0.0,2,1.5,1.9314910173416138,-0.18532977998256683,-818.7615727764231,5244.806080174644,376.347898761202
1773,native_common,3391,22.100000329315662,0.0,3,2.0,2.010011911392212,-0.16449590027332306,-818.7408509924327,5244.727529624433,376.347890040764
1773,native_common,3391,22.100000329315662,-1.4,0,0.5,1.4988880157470703,-0.17834119498729706,-818.751968486361,5246.638671323197,376.3481028133544
1773,native_common,3391,22.100000329315662,-1.4,1,1.0,1.9206185340881348,-0.19893497228622437,-818.7731641873781,5246.2169706309805,376.3480558353217
1773,native_common,3391,22.100000329315662,-1.4,2,1.5,1.9314910173416138,-0.18532977998256683,-818.7595745274533,5246.206078739895,376.3480546392566
1773,native_common,3391,22.100000329315662,-1.4,3,2.0,2.010011911392212,-0.16449590027332306,-818.7388527434629,5246.127528189684,376.3480459188186
1773,native_common,3431,24.100000359117985,0.0,0,0.5,0.9055424332618713,-0.7143394351005554,-819.2892689856701,5245.820888860435,376.3481531447047
1773,native_common,3431,24.100000359117985,0.0,1,1.0,1.260578989982605,-0.776759147644043,-819.3523506420828,5245.465969318655,376.34817781406025
1773,native_common,3431,24.100000359117985,0.0,2,1.5,1.4494588375091553,-0.7657521367073059,-819.341695862905,5245.277069274679,376.3481904023319
1773,native_common,3431,24.100000359117985,0.0,3,2.0,1.799726128578186,-0.8063592314720154,-819.3829560460039,5244.926878315275,376.3482144861053
1773,native_common,3431,24.100000359117985,-1.4,0,0.5,0.9055424332618713,-0.7143394351005554,-819.2866583436356,5247.220886423168,376.348058850163
1773,native_common,3431,24.100000359117985,-1.4,1,1.0,1.260578989982605,-0.776759147644043,-819.3497400000483,5246.865966881387,376.3480835195185
1773,native_common,3431,24.100000359117985,-1.4,2,1.5,1.4494588375091553,-0.7657521367073059,-819.3390852208705,5246.677066837412,376.34809610779024
1773,native_common,3431,24.100000359117985,-1.4,3,2.0,1.799726128578186,-0.8063592314720154,-819.3803454039694,5246.326875878007,376.3481201915636
1773,native_common,3471,26.100000388920307,0.0,0,0.5,0.8987502455711365,-0.7160428762435913,-819.2894333976475,5245.773778472918,376.34830663440266
1773,native_common,3471,26.100000388920307,0.0,1,1.0,1.1193269491195679,-0.7861035466194153,-819.3596952927878,5245.553265791108,376.34836080237204
1773,native_common,3471,26.100000388920307,0.0,2,1.5,1.1413474082946777,-0.7640330195426941,-819.3376448663394,5245.531225204599,376.34836604611286
1773,native_common,3471,26.100000388920307,0.0,3,2.0,1.3021924495697021,-0.7819123268127441,-819.3556709209955,5245.370396548137,376.3484053582302
1773,native_common,3471,26.100000388920307,-1.4,0,0.5,0.8987502455711365,-0.7160428762435913,-819.2881560392774,5247.173777848586,376.3479653382384
1773,native_common,3471,26.100000388920307,-1.4,1,1.0,1.1193269491195679,-0.7861035466194153,-819.3584179344178,5246.953265166776,376.3480195062078
1773,native_common,3471,26.100000388920307,-1.4,2,1.5,1.1413474082946777,-0.7640330195426941,-819.3363675079693,5246.931224580268,376.3480247499486
1773,native_common,3471,26.100000388920307,-1.4,3,2.0,1.3021924495697021,-0.7819123268127441,-819.3543935626254,5246.770395923806,376.34806406206593
1773,native_common,3511,28.10000041872263,0.0,0,0.5,0.9402964115142822,-0.07938424497842789,-818.6530053014683,5245.696028539145,376.34812554439844
1773,native_common,3511,28.10000041872263,0.0,1,1.0,1.3912417888641357,-0.1136069968342781,-818.68776100655,5245.245123925028,376.34813108042897
1773,native_common,3511,28.10000041872263,0.0,2,1.5,1.6921063661575317,-0.17368009686470032,-818.7481896596599,5244.944330558932,376.34813471448683
1773,native_common,3511,28.10000041872263,0.0,3,2.0,2.1976752281188965,-0.2629137933254242,-818.8380208309999,5244.438867516379,376.3481408398248
1773,native_common,3511,28.10000041872263,-1.4,0,0.5,0.9402964115142822,-0.07938424497842789,-818.6513506266052,5247.096027561198,376.3481081875268
1773,native_common,3511,28.10000041872263,-1.4,1,1.0,1.3912417888641357,-0.1136069968342781,-818.6861063316869,5246.645122947081,376.3481137235574
1773,native_common,3511,28.10000041872263,-1.4,2,1.5,1.6921063661575317,-0.17368009686470032,-818.7465349847969,5246.344329580985,376.3481173576152
1773,native_common,3511,28.10000041872263,-1.4,3,2.0,2.1976752281188965,-0.2629137933254242,-818.8363661561368,5245.838866538432,376.34812348295316
1773,native_common,3551,30.100000448524952,0.0,0,0.5,0.5076023936271667,-0.0015537142753601074,-818.5763895705032,5246.001678030739,376.34813652381234
1773,native_common,3551,30.100000448524952,0.0,1,1.0,0.662574291229248,-0.007917270064353943,-818.5829974250031,5245.846716357734,376.3481433964957
1773,native_common,3551,30.100000448524952,0.0,2,1.5,0.6595641374588013,-0.004686713218688965,-818.5797621267923,5245.849721414926,376.3481432628443
1773,native_common,3551,30.100000448524952,0.0,3,2.0,0.7598589658737183,-0.020031794905662537,-818.5952652999509,5245.749450902106,376.3481477112811
1773,native_common,3551,30.100000448524952,-1.4,0,0.5,0.5076023936271667,-0.0015537142753601074,-818.5741825299293,5247.401676289708,376.3480744396163
1773,native_common,3551,30.100000448524952,-1.4,1,1.0,0.662574291229248,-0.007917270064353943,-818.5807903844293,5247.246714616704,376.3480813122997
1773,native_common,3551,30.100000448524952,-1.4,2,1.5,0.6595641374588013,-0.004686713218688965,-818.5775550862184,5247.249719673895,376.34808117864833
1773,native_common,3551,30.100000448524952,-1.4,3,2.0,0.7598589658737183,-0.020031794905662537,-818.5930582593771,5247.149449161076,376.34808562708514
1773,native_common,3591,32.100000478327274,0.0,0,0.5,1.079728603363037,-0.7982484102249146,-819.3739461456186,5245.340981034588,376.34812766058485
1773,native_common,3591,32.100000478327274,0.0,1,1.0,1.2834640741348267,-0.8874720931053162,-819.4634950457944,5245.137388298708,376.3481309878094
1773,native_common,3591,32.100000478327274,0.0,2,1.5,1.241125464439392,-0.8672275543212891,-819.4431829252302,5245.179694527318,376.34813031723365
1773,native_common,3591,32.100000478327274,0.0,3,2.0,1.332749366760254,-0.8810514807701111,-819.4571531419144,5245.088092816301,376.3481321357634
1773,native_common,3591,32.100000478327274,-1.4,0,0.5,1.079728603363037,-0.7982484102249146,-819.3717105826237,5246.74097924935,376.34809728606024
1773,native_common,3591,32.100000478327274,-1.4,1,1.0,1.2834640741348267,-0.8874720931053162,-819.4612594827996,5246.53738651347,376.34810061328477
1773,native_common,3591,32.100000478327274,-1.4,2,1.5,1.241125464439392,-0.8672275543212891,-819.4409473622353,5246.57969274208,376.3480999427091
1773,native_common,3591,32.100000478327274,-1.4,3,2.0,1.332749366760254,-0.8810514807701111,-819.4549175789195,5246.488091031062,376.3481017612388
1773,native_common,3631,34.1000005081296,0.0,0,0.5,0.7814130187034607,-1.1388347148895264,-819.711510747976,5245.088016212487,376.3477230430649
1773,native_common,3631,34.1000005081296,0.0,1,1.0,0.9355803728103638,-1.2510713338851929,-819.8238524473948,5244.933925470554,376.3475906121382
1773,native_common,3631,34.1000005081296,0.0,2,1.5,1.184044599533081,-1.1778843402862549,-819.7508348659981,5244.685411498769,376.3473746782528
1773,native_common,3631,34.1000005081296,0.0,3,2.0,1.9250308275222778,-1.2840330600738525,-819.8574887424998,5243.944498088974,376.34673389980736
1773,native_common,3631,34.1000005081296,-1.4,0,0.5,0.7814130187034607,-1.1388347148895264,-819.7105562714734,5246.48801536194,376.34893568746423
1773,native_common,3631,34.1000005081296,-1.4,1,1.0,0.9355803728103638,-1.2510713338851929,-819.8228979708921,5246.333924620007,376.34880325653756
1773,native_common,3631,34.1000005081296,-1.4,2,1.5,1.184044599533081,-1.1778843402862549,-819.7498803894954,5246.085410648221,376.3485873226521
1773,native_common,3631,34.1000005081296,-1.4,3,2.0,1.9250308275222778,-1.2840330600738525,-819.8565342659971,5245.344497238427,376.3479465442067
1773,native_common,3671,36.10000053793192,0.0,0,0.5,0.49051982164382935,-0.18255528807640076,-818.7556024702646,5242.521285648239,376.348675270034
1773,native_common,3671,36.10000053793192,0.0,1,1.0,0.9596769213676453,-0.2581442594528198,-818.8314135816988,5242.052164630074,376.3491469843207
1773,native_common,3671,36.10000053793192,0.0,2,1.5,2.1036062240600586,-0.34135615825653076,-818.915167130739,5240.908275458645,376.3503200870847
1773,native_common,3671,36.10000053793192,0.0,3,2.0,4.173064231872559,-0.5640770196914673,-819.1388678700764,5238.83892421422,376.3524259435389
1773,native_common,3671,36.10000053793192,-1.4,0,0.5,0.49051982164382935,-0.18255528807640076,-818.7549395565908,5243.921284731244,376.3472164586363
1773,native_common,3671,36.10000053793192,-1.4,1,1.0,0.9596769213676453,-0.2581442594528198,-818.8307506680248,5243.452163713079,376.347688172923
1773,native_common,3671,36.10000053793192,-1.4,2,1.5,2.1036062240600586,-0.34135615825653076,-818.914504217065,5242.3082745416505,376.348861275687
1773,native_common,3671,36.10000053793192,-1.4,3,2.0,4.173064231872559,-0.5640770196914673,-819.1382049564024,5240.238923297225,376.35096713214114
1773,native_common,3711,38.10000056773424,0.0,0,0.5,0.5877588987350464,0.07240775972604752,-818.5639155572443,5241.987937914034,376.3486872156268
1773,native_common,3711,38.10000056773424,0.0,1,1.0,1.2268911600112915,0.010118968784809113,-818.5969554062317,5241.346628175444,376.348328818741
1773,native_common,3711,38.10000056773424,0.0,2,1.5,1.8750109672546387,-0.04533170908689499,-818.6227538878684,5240.696652510308,376.34796099406475
1773,native_common,3711,38.10000056773424,0.0,3,2.0,2.690129280090332,-0.10754763334989548,-818.6476850976888,5239.879543642438,376.3474941143994
1773,native_common,3711,38.10000056773424,-1.4,0,0.5,0.5877588987350464,0.07240775972604752,-818.6278421457858,5243.386477383294,376.34954988548986
1773,native_common,3711,38.10000056773424,-1.4,1,1.0,1.2268911600112915,0.010118968784809113,-818.6608819947734,5242.7451676447035,376.34919148860405
1773,native_common,3711,38.10000056773424,-1.4,2,1.5,1.8750109672546387,-0.04533170908689499,-818.68668047641,5242.095191979568,376.3488236639278
1773,native_common,3711,38.10000056773424,-1.4,3,2.0,2.690129280090332,-0.10754763334989548,-818.7116116862305,5241.278083111698,376.34835678426253
1773,native_common,3751,40.100000597536564,0.0,0,0.5,0.45437055826187134,0.40517663955688477,-818.283107949075,5242.1237044873515,376.3486954956714
1773,native_common,3751,40.100000597536564,0.0,1,1.0,1.192357063293457,0.3694877624511719,-818.2674404728226,5241.385021919291,376.3480860780632
1773,native_common,3751,40.100000597536564,0.0,2,1.5,1.9117913246154785,0.26404449343681335,-818.3226477263629,5240.660000700907,376.34751040992705
1773,native_common,3751,40.100000597536564,0.0,3,2.0,2.6795196533203125,0.1987845003604889,-818.3344136627381,5239.889593780211,376.3468837703768
1773,native_common,3751,40.100000597536564,-1.4,0,0.5,0.45437055826187134,0.40517663955688477,-818.380370120269,5243.520321361209,376.3498692539538
1773,native_common,3751,40.100000597536564,-1.4,1,1.0,1.192357063293457,0.3694877624511719,-818.3647026440167,5242.781638793149,376.3492598363456
1773,native_common,3751,40.100000597536564,-1.4,2,1.5,1.9117913246154785,0.26404449343681335,-818.4199098975571,5242.056617574765,376.34868416820945
1773,native_common,3751,40.100000597536564,-1.4,3,2.0,2.6795196533203125,0.1987845003604889,-818.4316758339322,5241.286210654069,376.34805752865924
1773,native_common,3791,42.100000627338886,0.0,0,0.5,0.45047521591186523,-0.5167575478553772,-819.2457665164458,5242.028819196933,376.3490997001007
1773,native_common,3791,42.100000627338886,0.0,1,1.0,1.4296891689300537,-0.6547720432281494,-819.292137012413,5241.041015250743,376.3480472202966
1773,native_common,3791,42.100000627338886,0.0,2,1.5,2.919337272644043,-0.7693421840667725,-819.2677051955151,5239.547168512248,376.3463744133848
1773,native_common,3791,42.100000627338886,0.0,3,2.0,4.969965934753418,-1.024721622467041,-819.331313384254,5237.481679321827,376.34414506399213
1773,native_common,3791,42.100000627338886,-1.4,0,0.5,0.45047521591186523,-0.5167575478553772,-819.3759367567206,5243.42275354829,376.3507527749098
1773,native_common,3791,42.100000627338886,-1.4,1,1.0,1.4296891689300537,-0.6547720432281494,-819.4223072526878,5242.4349496021,376.3497002951057
1773,native_common,3791,42.100000627338886,-1.4,2,1.5,2.919337272644043,-0.7693421840667725,-819.3978754357898,5240.941102863604,376.3480274881939
1773,native_common,3791,42.100000627338886,-1.4,3,2.0,4.969965934753418,-1.024721622467041,-819.4614836245289,5238.875613673184,376.34579813880123
1773,native_common,3831,44.10000065714121,0.0,0,0.5,0.7131776213645935,0.1733904778957367,-818.5735510281302,5241.811771904001,376.3482994747935
1773,native_common,3831,44.10000065714121,0.0,1,1.0,1.520506501197815,0.11867257952690125,-818.531103522528,5241.003705544926,376.34733137713096
1773,native_common,3831,44.10000065714121,0.0,2,1.5,2.2050085067749023,0.025287948548793793,-818.5417666678568,5240.312945572881,376.34652932009925
1773,native_common,3831,44.10000065714121,0.0,3,2.0,2.9194459915161133,-0.04919200390577316,-818.5300732061223,5239.594732004619,376.34568301168696
1773,native_common,3831,44.10000065714121,-1.4,0,0.5,0.7131776213645935,0.1733904778957367,-818.7413627412067,5243.201677038184,376.3500161357785
1773,native_common,3831,44.10000065714121,-1.4,1,1.0,1.520506501197815,0.11867257952690125,-818.6989152356044,5242.39361067911,376.34904803811594
1773,native_common,3831,44.10000065714121,-1.4,2,1.5,2.2050085067749023,0.025287948548793793,-818.7095783809332,5241.702850707065,376.34824598108423
1773,native_common,3831,44.10000065714121,-1.4,3,2.0,2.9194459915161133,-0.04919200390577316,-818.6978849191988,5240.984637138803,376.34739967267194
1773,native_common,3871,46.10000068694353,0.0,0,0.5,0.568034827709198,-0.5778312087059021,-819.3792776077456,5241.822683344642,376.348950126379
1773,native_common,3871,46.10000068694353,0.0,1,1.0,1.1339764595031738,-0.7060818672180176,-819.4226593116072,5241.244016042974,376.3483638197277
1773,native_common,3871,46.10000068694353,0.0,2,1.5,1.8414089679718018,-0.7094386219978333,-819.3216454915921,5240.543824975568,376.34752767851074
1773,native_common,3871,46.10000068694353,0.0,3,2.0,2.9506545066833496,-0.7770929336547852,-819.2249657289741,5239.436732304833,376.34625766220546
1773,native_common,3871,46.10000068694353,-1.4,0,0.5,0.568034827709198,-0.5778312087059021,-819.5857530117762,5243.207372896482,376.3506092092649
1773,native_common,3871,46.10000068694353,-1.4,1,1.0,1.1339764595031738,-0.7060818672180176,-819.6291347156377,5242.628705594814,376.3500229026136
1773,native_common,3871,46.10000068694353,-1.4,2,1.5,1.8414089679718018,-0.7094386219978333,-819.5281208956227,5241.928514527408,376.34918676139665
1773,native_common,3871,46.10000068694353,-1.4,3,2.0,2.9506545066833496,-0.7770929336547852,-819.4314411330047,5240.821421856672,376.34791674509137
1773,native_common,3911,48.10000071674585,0.0,0,0.5,0.22267138957977295,-0.3375614285469055,-819.245242960275,5242.159078567879,376.3492052143168
1773,native_common,3911,48.10000071674585,0.0,1,1.0,0.8291864395141602,-0.5217626094818115,-819.3202192951175,5241.529659216386,376.34856487575024
1773,native_common,3911,48.10000071674585,0.0,2,1.5,2.0675606727600098,-0.767892062664032,-819.3453493791543,5240.267313383199,376.3471772150549
1773,native_common,3911,48.10000071674585,0.0,3,2.0,4.123607635498047,-1.2332744598388672,-819.4429317117902,5238.161516045106,376.34490833380465
1773,native_common,3911,48.10000071674585,-1.4,0,0.5,0.22267138957977295,-0.3375614285469055,-819.4907732188367,5243.537378920741,376.350945740848
1773,native_common,3911,48.10000071674585,-1.4,1,1.0,0.8291864395141602,-0.5217626094818115,-819.5657495536791,5242.907959569247,376.35030540228144
1773,native_common,3911,48.10000071674585,-1.4,2,1.5,2.0675606727600098,-0.767892062664032,-819.5908796377158,5241.64561373606,376.3489177415861
1773,native_common,3911,48.10000071674585,-1.4,3,2.0,4.123607635498047,-1.2332744598388672,-819.6884619703518,5239.539816397967,376.34664886033585
1773,native_common,3951,50.100000746548176,0.0,0,0.5,0.5413329005241394,-0.4835408926010132,-819.3717047074763,5241.779858999564,376.34876593572113
1773,native_common,3951,50.100000746548176,0.0,1,1.0,1.841552734375,-0.8015008568763733,-819.4222308996985,5240.442280795137,376.3474220001774
1773,native_common,3951,50.100000746548176,0.0,2,1.5,3.9014437198638916,-1.158174753189087,-819.3582116851918,5238.352720102529,376.3452328243201
1773,native_common,3951,50.100000746548176,0.0,3,2.0,6.772128105163574,-1.7023719549179077,-819.3151677143567,5235.431227768081,376.342201206411
1773,native_common,3951,50.100000746548176,-1.4,0,0.5,0.5413329005241394,-0.4835408926010132,-819.6526949371272,5243.151369835412,376.3503527540135
1773,native_common,3951,50.100000746548176,-1.4,1,1.0,1.841552734375,-0.8015008568763733,-819.7032211293493,5241.813791630984,376.34900881846977
1773,native_common,3951,50.100000746548176,-1.4,2,1.5,3.9014437198638916,-1.158174753189087,-819.6392019148427,5239.724230938376,376.34681964261245
1773,native_common,3951,50.100000746548176,-1.4,3,2.0,6.772128105163574,-1.7023719549179077,-819.5961579440076,5236.802738603928,376.3437880247033
1773,native_common,3991,52.1000007763505,0.0,0,0.5,0.511093020439148,-0.835689127445221,-819.7581538230949,5241.688520213539,376.3489508686009
1773,native_common,3991,52.1000007763505,0.0,1,1.0,1.116755723953247,-1.062187910079956,-819.8412507122405,5241.04725299002,376.34843704303285
1773,native_common,3991,52.1000007763505,0.0,2,1.5,2.1225709915161133,-1.152630090713501,-819.7010061746163,5240.047165672452,376.3474534738612
1773,native_common,3991,52.1000007763505,0.0,3,2.0,3.8554835319519043,-1.3968279361724854,-819.5454481833775,5238.304059985692,376.34579918417194
1773,native_common,3991,52.1000007763505,-1.4,0,0.5,0.511093020439148,-0.835689127445221,-820.0759614800373,5243.0519703440805,376.35037730279095
1773,native_common,3991,52.1000007763505,-1.4,1,1.0,1.116755723953247,-1.062187910079956,-820.159058369183,5242.410703120561,376.34986347722287
1773,native_common,3991,52.1000007763505,-1.4,2,1.5,2.1225709915161133,-1.152630090713501,-820.0188138315589,5241.4106158029945,376.34887990805123
1773,native_common,3991,52.1000007763505,-1.4,3,2.0,3.8554835319519043,-1.3968279361724854,-819.86325584032,5239.667510116235,376.34722561836196
1773,native_common,4031,54.10000080615282,0.0,0,0.5,0.2933245897293091,-0.9814793467521667,-819.994077221949,5241.802522327515,376.35037177801024
1773,native_common,4031,54.10000080615282,0.0,1,1.0,0.918034017086029,-1.3446635007858276,-820.1840076775644,5241.105320078736,376.3501603653914
1773,native_common,4031,54.10000080615282,0.0,2,1.5,1.9900131225585938,-1.6311383247375488,-820.1845590227293,5239.995722871704,376.34928772837975
1773,native_common,4031,54.10000080615282,0.0,3,2.0,3.774073362350464,-2.1112966537475586,-820.1887497129633,5238.148183074046,376.3478405558847
1773,native_common,4031,54.10000080615282,-1.4,0,0.5,0.2933245897293091,-0.9814793467521667,-820.3548551518729,5243.155236774227,376.3520779247703
1773,native_common,4031,54.10000080615282,-1.4,1,1.0,0.918034017086029,-1.3446635007858276,-820.5447856074883,5242.458034525448,376.35186651215145
1773,native_common,4031,54.10000080615282,-1.4,2,1.5,1.9900131225585938,-1.6311383247375488,-820.5453369526532,5241.3484373184165,376.3509938751398
1773,native_common,4031,54.10000080615282,-1.4,3,2.0,3.774073362350464,-2.1112966537475586,-820.549527642887,5239.500897520758,376.3495467026448
1773,native_common,4071,56.10000083595514,0.0,0,0.5,0.3664838373661041,-1.1580531597137451,-820.1767688832861,5241.626559988817,376.3517578464559
1773,native_common,4071,56.10000083595514,0.0,1,1.0,1.1102607250213623,-1.497575044631958,-820.2912386729673,5240.817007175602,376.3520385863618
1773,native_common,4071,56.10000083595514,0.0,2,1.5,2.6254496574401855,-1.6318082809448242,-819.9899286999454,5239.326025070168,376.35118765319817
1773,native_common,4071,56.10000083595514,0.0,3,2.0,5.078290939331055,-2.024871349334717,-819.6706912738157,5236.862487870771,376.35025876880314
1773,native_common,4071,56.10000083595514,-1.4,0,0.5,0.3664838373661041,-1.1580531597137451,-820.5741004886634,5242.968992996135,376.3528606752892
1773,native_common,4071,56.10000083595514,-1.4,1,1.0,1.1102607250213623,-1.497575044631958,-820.6885702783446,5242.15944018292,376.3531414151951
1773,native_common,4071,56.10000083595514,-1.4,2,1.5,2.6254496574401855,-1.6318082809448242,-820.3872603053226,5240.668458077485,376.3522904820315
1773,native_common,4071,56.10000083595514,-1.4,3,2.0,5.078290939331055,-2.024871349334717,-820.0680228791929,5238.204920878088,376.35136159763647
1773,native_common,4111,58.100000865757465,0.0,0,0.5,0.3248482048511505,-0.7214765548706055,-819.8041142810979,5241.742987127509,376.3515298286677
1773,native_common,4111,58.100000865757465,0.0,1,1.0,0.9695881605148315,-0.9493233561515808,-819.8226910187561,5241.059423965111,376.3518181222607
1773,native_common,4111,58.100000865757465,0.0,2,1.5,2.027710437774658,-1.063631296157837,-819.6061308495479,5240.017411228309,376.35136179002274
1773,native_common,4111,58.100000865757465,0.0,3,2.0,3.73073673248291,-1.3431214094161987,-819.3484682009524,5238.31094614243,376.35096927550245
1773,native_common,4111,58.100000865757465,-1.4,0,0.5,0.3248482048511505,-0.7214765548706055,-820.2345583686451,5243.075172015566,376.35267504830205
1773,native_common,4111,58.100000865757465,-1.4,1,1.0,0.9695881605148315,-0.9493233561515808,-820.2531351063034,5242.391608853168,376.35296334189496
1773,native_common,4111,58.100000865757465,-1.4,2,1.5,2.027710437774658,-1.063631296157837,-820.0365749370951,5241.349596116366,376.352507009657
1773,native_common,4111,58.100000865757465,-1.4,3,2.0,3.73073673248291,-1.3431214094161987,-819.7789122884997,5239.643131030487,376.35211449513673
1773,native_common,4151,60.10000089555979,0.0,0,0.5,0.03657134622335434,-1.4310503005981445,-820.6060194329273,5241.722170256478,376.3529383831853
1773,native_common,4151,60.10000089555979,0.0,1,1.0,0.14587484300136566,-1.7157281637191772,-820.8377313507857,5241.523933109493,376.35353907971415
1773,native_common,4151,60.10000089555979,0.0,2,1.5,0.6211449503898621,-1.6404269933700562,-820.6077815585073,5241.101234047537,376.352806081488
1773,native_common,4151,60.10000089555979,0.0,3,2.0,1.7255687713623047,-1.7642788887023926,-820.3550463858162,5240.019007031967,376.3518639761705
1773,native_common,4151,60.10000089555979,-1.4,0,0.5,0.03657134622335434,-1.4310503005981445,-821.0743467359551,5243.041513652221,376.3545325447235
1773,native_common,4151,60.10000089555979,-1.4,1,1.0,0.14587484300136566,-1.7157281637191772,-821.3060586538137,5242.843276505235,376.35513324125236
1773,native_common,4151,60.10000089555979,-1.4,2,1.5,0.6211449503898621,-1.6404269933700562,-821.0761088615352,5242.420577443279,376.3544002430262
1773,native_common,4151,60.10000089555979,-1.4,3,2.0,1.7255687713623047,-1.7642788887023926,-820.8233736888441,5241.338350427709,376.3534581377087
1773,native_common,4191,62.10000092536211,0.0,0,0.5,0.5930922627449036,-1.4434599876403809,-820.4502836696164,5241.131350401769,376.35060257709466
1773,native_common,4191,62.10000092536211,0.0,1,1.0,0.7899932861328125,-1.7333903312683105,-820.6504423332821,5240.843659429118,376.3507780264303
1773,native_common,4191,62.10000092536211,0.0,2,1.5,1.0289316177368164,-1.676814079284668,-820.5120305769012,5240.640843162169,376.35039572490626
1773,native_common,4191,62.10000092536211,0.0,3,2.0,1.7248553037643433,-1.7074791193008423,-820.2913743442967,5239.980116091563,376.3495670904296
1773,native_common,4191,62.10000092536211,-1.4,0,0.5,0.5930922627449036,-1.4434599876403809,-820.9517766708716,5242.43844706348,376.3523594591673
1773,native_common,4191,62.10000092536211,-1.4,1,1.0,0.7899932861328125,-1.7333903312683105,-821.1519353345373,5242.150756090829,376.3525349085029
1773,native_common,4191,62.10000092536211,-1.4,2,1.5,1.0289316177368164,-1.676814079284668,-821.0135235781564,5241.947939823881,376.3521526069789
1773,native_common,4191,62.10000092536211,-1.4,3,2.0,1.7248553037643433,-1.7074791193008423,-820.7928673455519,5241.287212753275,376.35132397250226
1773,native_common,4231,64.10000095516443,0.0,0,0.5,0.37218132615089417,-1.1239993572235107,-820.2495936540753,5241.410373543055,376.3487027079541
1773,native_common,4231,64.10000095516443,0.0,1,1.0,0.8152192234992981,-1.448613166809082,-820.3838837835842,5240.877811184608,376.3482562308131
1773,native_common,4231,64.10000095516443,0.0,2,1.5,1.6852211952209473,-1.490287184715271,-820.0955007200021,5240.055938606789,376.34734571657265
1773,native_common,4231,64.10000095516443,0.0,3,2.0,3.2998523712158203,-1.6801015138626099,-819.6645172244745,5238.488356485609,376.3456622719375
1773,native_common,4231,64.10000095516443,-1.4,0,0.5,0.37218132615089417,-1.1239993572235107,-820.7758015204499,5242.707718186328,376.35017169987765
1773,native_common,4231,64.10000095516443,-1.4,1,1.0,0.8152192234992981,-1.448613166809082,-820.9100916499589,5242.17515582788,376.3497252227367
1773,native_common,4231,64.10000095516443,-1.4,2,1.5,1.6852211952209473,-1.490287184715271,-820.6217085863767,5241.353283250061,376.34881470849626
1773,native_common,4231,64.10000095516443,-1.4,3,2.0,3.2998523712158203,-1.6801015138626099,-820.1907250908491,5239.785701128882,376.3471312638611
1773,native_common,4271,66.10000098496675,0.0,0,0.5,0.3998652994632721,-1.0639417171478271,-820.205567066005,5241.358758859629,376.34874372124165
1773,native_common,4271,66.10000098496675,0.0,1,1.0,1.2245731353759766,-1.4511768817901611,-820.2343340714395,5240.448118938937,376.3475265151425
1773,native_common,4271,66.10000098496675,0.0,2,1.5,2.6818323135375977,-1.6553621292114258,-819.8443981532761,5239.029231701979,376.3453092814347
1773,native_common,4271,66.10000098496675,0.0,3,2.0,5.025910377502441,-2.0075716972351074,-819.2389872790628,5236.737459783481,376.3417460331733
1773,native_common,4271,66.10000098496675,-1.4,0,0.5,0.3998652994632721,-1.0639417171478271,-820.7602881613024,5242.644169242608,376.35090097920505
1773,native_common,4271,66.10000098496675,-1.4,1,1.0,1.2245731353759766,-1.4511768817901611,-820.7890551667371,5241.733529321916,376.3496837731058
1773,native_common,4271,66.10000098496675,-1.4,2,1.5,2.6818323135375977,-1.6553621292114258,-820.3991192485735,5240.314642084959,376.34746653939806
1773,native_common,4271,66.10000098496675,-1.4,3,2.0,5.025910377502441,-2.0075716972351074,-819.7937083743603,5238.02287016646,376.34390329113666
1773,native_common,4311,68.10000101476908,0.0,0,0.5,-0.02588658779859543,-0.8822073936462402,-820.2391828909499,5241.772219245941,376.3493741357508
1773,native_common,4311,68.10000101476908,0.0,1,1.0,0.6734240055084229,-1.2988970279693604,-820.3266616449198,5240.962891152633,376.3483434808362
1773,native_common,4311,68.10000101476908,0.0,2,1.5,2.186591148376465,-1.7470978498458862,-820.1037373789677,5239.400566530644,376.34603563289113
1773,native_common,4311,68.10000101476908,0.0,3,2.0,4.629072189331055,-2.4282796382904053,-819.7054654137662,5236.896352527253,376.3423031694192
1773,native_common,4311,68.10000101476908,-1.4,0,0.5,-0.02588658779859543,-0.8822073936462402,-820.8224176042452,5243.044945611403,376.3515804603171
1773,native_common,4311,68.10000101476908,-1.4,1,1.0,0.6734240055084229,-1.2988970279693604,-820.9098963582151,5242.235617518094,376.35054980540247
1773,native_common,4311,68.10000101476908,-1.4,2,1.5,2.186591148376465,-1.7470978498458862,-820.6869720922629,5240.6732928961055,376.34824195745745
1773,native_common,4311,68.10000101476908,-1.4,3,2.0,4.629072189331055,-2.4282796382904053,-820.2887001270614,5238.1690788927135,376.3445094939855
1773,native_common,4351,70.1000010445714,0.0,0,0.5,0.0909293070435524,-0.45002979040145874,-819.8310564072646,5241.80375544248,376.34898752087145
1773,native_common,4351,70.1000010445714,0.0,1,1.0,1.0014772415161133,-0.710049569606781,-819.6662232396717,5240.8712663905335,376.3475657577338
1773,native_common,4351,70.1000010445714,0.0,2,1.5,2.8157548904418945,-1.0608922243118286,-819.1874192640659,5239.086488308906,376.3447536339239
1773,native_common,4351,70.1000010445714,0.0,3,2.0,5.573816299438477,-1.7028136253356934,-818.5571570437804,5236.325742582896,376.34046517467294
1773,native_common,4351,70.1000010445714,-1.4,0,0.5,0.0909293070435524,-0.45002979040145874,-820.4439383971925,5243.06247348169,376.3511239173355
1773,native_common,4351,70.1000010445714,-1.4,1,1.0,1.0014772415161133,-0.710049569606781,-820.2791052295996,5242.129984429744,376.34970215419776
1773,native_common,4351,70.1000010445714,-1.4,2,1.5,2.8157548904418945,-1.0608922243118286,-819.8003012539938,5240.345206348116,376.34689003038795
1773,native_common,4351,70.1000010445714,-1.4,3,2.0,5.573816299438477,-1.7028136253356934,-819.1700390337083,5237.584460622106,376.342601571137
1773,native_common,4391,72.10000107437372,0.0,0,0.5,0.6897414922714233,-0.9218774437904358,-820.0075363447356,5241.010914432682,376.34791442113215
1773,native_common,4391,72.10000107437372,0.0,1,1.0,1.9333688020706177,-1.550649881362915,-819.9939019184227,5239.617439076731,376.34586534691346
1773,native_common,4391,72.10000107437372,0.0,2,1.5,3.8357508182525635,-2.1281416416168213,-819.6317617720514,5237.662599172533,376.3427779535062
1773,native_common,4391,72.10000107437372,0.0,3,2.0,6.665580749511719,-2.869170665740967,-818.9882906631249,5234.809007501077,376.3381998520413
1773,native_common,4391,72.10000107437372,-1.4,0,0.5,0.6897414922714233,-0.9218774437904358,-820.6514156154385,5242.254061469968,376.35013443089633
1773,native_common,4391,72.10000107437372,-1.4,1,1.0,1.9333688020706177,-1.550649881362915,-820.6377811891256,5240.860586114018,376.34808535667764
1773,native_common,4391,72.10000107437372,-1.4,2,1.5,3.8357508182525635,-2.1281416416168213,-820.2756410427543,5238.905746209821,376.3449979632704
1773,native_common,4391,72.10000107437372,-1.4,3,2.0,6.665580749511719,-2.869170665740967,-819.6321699338279,5236.0521545383635,376.3404198618055
1773,native_common,4431,74.10000110417604,0.0,0,0.5,0.1836353838443756,-1.0856308937072754,-820.4070608189686,5241.329992626239,376.3486846987192
1773,native_common,4431,74.10000110417604,0.0,1,1.0,1.0588130950927734,-1.5599422454833984,-820.4024953136602,5240.334560886478,376.34723821111294
1773,native_common,4431,74.10000110417604,0.0,2,1.5,2.720573902130127,-2.060729503631592,-820.0431880503749,5238.6365832959855,376.3445455426201
1773,native_common,4431,74.10000110417604,0.0,3,2.0,5.3281402587890625,-2.8020336627960205,-819.4403427197141,5235.993574808256,376.3403263165917
1773,native_common,4431,74.10000110417604,-1.4,0,0.5,0.1836353838443756,-1.0856308937072754,-821.0797744582949,5242.557775778104,376.350896363775
1773,native_common,4431,74.10000110417604,-1.4,1,1.0,1.0588130950927734,-1.5599422454833984,-821.0752089529865,5241.562344038342,376.34944987616876
1773,native_common,4431,74.10000110417604,-1.4,2,1.5,2.720573902130127,-2.060729503631592,-820.7159016897011,5239.8643664478495,376.3467572076759
1773,native_common,4431,74.10000110417604,-1.4,3,2.0,5.3281402587890625,-2.8020336627960205,-820.1130563590402,5237.221357960121,376.3425379816476
1773,native_common,4471,76.10000113397837,0.0,0,0.5,0.5048729181289673,-1.249955415725708,-820.4093901040382,5240.913770690525,376.34847619197814
1773,native_common,4471,76.10000113397837,0.0,1,1.0,1.7397849559783936,-1.9224224090576172,-820.3733227734813,5239.508098128859,376.34663353250295
1773,native_common,4471,76.10000113397837,0.0,2,1.5,3.6618258953094482,-2.4682533740997314,-819.883648712409,5237.570991115539,376.34370988386235
1773,native_common,4471,76.10000113397837,0.0,3,2.0,6.5205817222595215,-3.0828449726104736,-818.9845734920696,5234.788572678546,376.3393394449781
1773,native_common,4471,76.10000113397837,-1.4,0,0.5,0.5048729181289673,-1.249955415725708,-821.1102390979871,5242.125713742966,376.35064997241767
1773,native_common,4471,76.10000113397837,-1.4,1,1.0,1.7397849559783936,-1.9224224090576172,-821.0741717674302,5240.7200411813,376.3488073129424
1773,native_common,4471,76.10000113397837,-1.4,2,1.5,3.6618258953094482,-2.4682533740997314,-820.584497706358,5238.78293416798,376.3458836643018
1773,native_common,4471,76.10000113397837,-1.4,3,2.0,6.5205817222595215,-3.0828449726104736,-819.6854224860185,5236.000515730987,376.3415132254176
1773,native_common,4511,78.10000116378069,0.0,0,0.5,0.4185158610343933,-0.6301689743995667,-819.9316881600924,5241.265124483094,376.3483706720497
1773,native_common,4511,78.10000116378069,0.0,1,1.0,1.5904507637023926,-0.9791065454483032,-819.6260732550702,5240.081154433202,376.3465553574054
1773,native_common,4511,78.10000116378069,0.0,2,1.5,3.5021233558654785,-1.3086602687835693,-818.9222591128497,5238.273466727636,376.3436281487721
1773,native_common,4511,78.10000116378069,0.0,3,2.0,6.266570568084717,-1.754906177520752,-817.8785091160543,5235.6750303011595,376.33939944229223
1773,native_common,4511,78.10000116378069,-1.4,0,0.5,0.4185158610343933,-0.6301689743995667,-820.6538778161854,5242.46447332748,376.3504801987576
1773,native_common,4511,78.10000116378069,-1.4,1,1.0,1.5904507637023926,-0.9791065454483032,-820.3482629111631,5241.280503277588,376.34866488411336
1773,native_common,4511,78.10000116378069,-1.4,2,1.5,3.5021233558654785,-1.3086602687835693,-819.6444487689427,5239.472815572021,376.34573767548005
1773,native_common,4511,78.10000116378069,-1.4,3,2.0,6.266570568084717,-1.754906177520752,-818.6006987721472,5236.874379145545,376.3415089690002
1773,native_common,4551,80.10000119358301,0.0,0,0.5,0.5226653218269348,-0.878190815448761,-820.1038112646072,5240.998227189458,376.3484598710274
1773,native_common,4551,80.10000119358301,0.0,1,1.0,1.969296932220459,-1.494016170501709,-819.8467464754045,5239.447131717181,376.3463588833204
1773,native_common,4551,80.10000119358301,0.0,2,1.5,4.2964677810668945,-2.105145215988159,-819.1130027848396,5237.155666845704,376.3429224164438
1773,native_common,4551,80.10000119358301,0.0,3,2.0,7.690487861633301,-2.734548807144165,-817.8219398331004,5233.954315235756,376.3378714779999
1773,native_common,4551,80.10000119358301,-1.4,0,0.5,0.5226653218269348,-0.878190815448761,-820.855400055266,5242.179374845756,376.3505820814676
1773,native_common,4551,80.10000119358301,-1.4,1,1.0,1.969296932220459,-1.494016170501709,-820.5983352660633,5240.628279373479,376.34848109376065
1773,native_common,4551,80.10000119358301,-1.4,2,1.5,4.2964677810668945,-2.105145215988159,-819.8645915754985,5238.336814502002,376.3450446268841
1773,native_common,4551,80.10000119358301,-1.4,3,2.0,7.690487861633301,-2.734548807144165,-818.5735286237591,5235.135462892054,376.3399936884402
1773,native_common,4591,82.10000122338533,0.0,0,0.5,0.42092370986938477,-1.1973118782043457,-820.4386175447517,5240.858405559908,376.34856351195344
1773,native_common,4591,82.10000122338533,0.0,1,1.0,1.6824501752853394,-1.9954476356506348,-820.4014680491275,5239.3660626909905,376.3470185764086
1773,native_common,4591,82.10000122338533,0.0,2,1.5,3.5671985149383545,-2.527545213699341,-819.7968952686325,5237.503298591559,376.3446103940645
1773,native_common,4591,82.10000122338533,0.0,3,2.0,6.456493854522705,-2.9631896018981934,-818.5540762990902,5234.8588325690525,376.34086111781374
1773,native_common,4591,82.10000122338533,-1.4,0,0.5,0.42092370986938477,-1.1973118782043457,-821.2163442773266,5242.02250938339,376.35041218512845
1773,native_common,4591,82.10000122338533,-1.4,1,1.0,1.6824501752853394,-1.9954476356506348,-821.1791947817026,5240.5301665144725,376.3488672495836
1773,native_common,4591,82.10000122338533,-1.4,2,1.5,3.5671985149383545,-2.527545213699341,-820.5746220012076,5238.667402415041,376.3464590672395
1773,native_common,4591,82.10000122338533,-1.4,3,2.0,6.456493854522705,-2.9631896018981934,-819.3318030316652,5236.022936392535,376.3427097909887
1773,native_common,4631,84.10000125318766,0.0,0,0.5,0.7791388630867004,-1.0439605712890625,-820.1165514552387,5240.595520400036,376.34746708965196
1773,native_common,4631,84.10000125318766,0.0,1,1.0,2.275838851928711,-1.8164927959442139,-819.8869944268156,5238.926924233391,376.3447655916773
1773,native_common,4631,84.10000125318766,0.0,2,1.5,4.402570724487305,-2.4775390625,-819.2036849482583,5236.807243831977,376.34105389958864
1773,native_common,4631,84.10000125318766,0.0,3,2.0,7.368389129638672,-3.2633719444274902,-818.1395390380064,5233.929540020229,376.33591734465904
1773,native_common,4631,84.10000125318766,-1.4,0,0.5,0.7791388630867004,-1.0439605712890625,-820.9222405943286,5241.740448189704,376.3497838970804
1773,native_common,4631,84.10000125318766,-1.4,1,1.0,2.275838851928711,-1.8164927959442139,-820.6926835659056,5240.071852023059,376.3470823991057
1773,native_common,4631,84.10000125318766,-1.4,2,1.5,4.402570724487305,-2.4775390625,-820.0093740873483,5237.952171621646,376.3433707070171
1773,native_common,4631,84.10000125318766,-1.4,3,2.0,7.368389129638672,-3.2633719444274902,-818.9452281770964,5235.074467809897,376.33823415208747
1773,native_common,4671,86.10000128298998,0.0,0,0.5,0.7397540211677551,-0.7807101011276245,-819.9323520185941,5240.737323884871,376.34768545085456
1773,native_common,4671,86.10000128298998,0.0,1,1.0,2.0791590213775635,-1.4799481630325317,-819.7014080880143,5239.244139694786,376.34534083744524
1773,native_common,4671,86.10000128298998,0.0,2,1.5,4.00661039352417,-2.2925634384155273,-819.2131512149738,5237.210176523883,376.3419610272051
1773,native_common,4671,86.10000128298998,0.0,3,2.0,6.84091854095459,-3.356667995452881,-818.3898019272696,5234.296812078209,376.3369870934985
1773,native_common,4671,86.10000128298998,-1.4,0,0.5,0.7397540211677551,-0.7807101011276245,-820.7623288911012,5241.864768906559,376.3501581362804
1773,native_common,4671,86.10000128298998,-1.4,1,1.0,2.0791590213775635,-1.4799481630325317,-820.5313849605215,5240.371584716474,376.3478135228711
1773,native_common,4671,86.10000128298998,-1.4,2,1.5,4.00661039352417,-2.2925634384155273,-820.043128087481,5238.337621545572,376.344433712631
1773,native_common,4671,86.10000128298998,-1.4,3,2.0,6.84091854095459,-3.356667995452881,-819.2197787997768,5235.424257099898,376.33945977892444
1773,native_common,4711,88.1000013127923,0.0,0,0.5,0.6084679961204529,-0.9909492135047913,-820.1864937172433,5240.667637878974,376.3482554461212
1773,native_common,4711,88.1000013127923,0.0,1,1.0,2.0271902084350586,-1.8874740600585938,-820.02899369865,5238.996794161277,376.34612674237565
1773,native_common,4711,88.1000013127923,0.0,2,1.5,4.149562358856201,-3.0281615257263184,-819.6346908704392,5236.619790553237,376.34287616613244
1773,native_common,4711,88.1000013127923,0.0,3,2.0,7.047898292541504,-4.601579666137695,-819.1086386714043,5233.364142345294,376.338442311126
1773,native_common,4711,88.1000013127923,-1.4,0,0.5,0.6084679961204529,-0.9909492135047913,-821.0421432821487,5241.775725465427,376.3506476892493
1773,native_common,4711,88.1000013127923,-1.4,1,1.0,2.0271902084350586,-1.8874740600585938,-820.8846432635555,5240.104881747729,376.34851898550374
1773,native_common,4711,88.1000013127923,-1.4,2,1.5,4.149562358856201,-3.0281615257263184,-820.4903404353446,5237.72787813969,376.3452684092606
1773,native_common,4711,88.1000013127923,-1.4,3,2.0,7.047898292541504,-4.601579666137695,-819.9642882363097,5234.472229931746,376.3408345542542
1773,native_common,4751,90.10000134259462,0.0,0,0.5,0.49939823150634766,-1.1231966018676758,-820.3636798261601,5240.621779731704,376.3481460226804
1773,native_common,4751,90.10000134259462,0.0,1,1.0,1.8369241952896118,-1.8183943033218384,-820.0646338453971,5239.144335051943,376.34608022035457
1773,native_common,4751,90.10000134259462,0.0,2,1.5,3.9221701622009277,-2.286693811416626,-819.1194174713354,5237.227538046509,376.3428525333758
1773,native_common,4751,90.10000134259462,0.0,3,2.0,7.021885395050049,-2.7077796459198,-817.5003251295861,5234.550960989306,376.33805143781717
1773,native_common,4751,90.10000134259462,-1.4,0,0.5,0.49939823150634766,-1.1231966018676758,-821.2429472008589,5241.711221869793,376.35031663214147
1773,native_common,4751,90.10000134259462,-1.4,1,1.0,1.8369241952896118,-1.8183943033218384,-820.943901220096,5240.233777190033,376.34825082981564
1773,native_common,4751,90.10000134259462,-1.4,2,1.5,3.9221701622009277,-2.286693811416626,-819.9986848460342,5238.316980184598,376.34502314283685
1773,native_common,4751,90.10000134259462,-1.4,3,2.0,7.021885395050049,-2.7077796459198,-818.3795925042849,5235.640403127395,376.34022204727825
1773,native_common,4791,92.10000137239695,0.0,0,0.5,0.5421180129051208,-0.7355491518974304,-820.045399925949,5240.781029329993,376.3482682352848
1773,native_common,4791,92.10000137239695,0.0,1,1.0,1.8863449096679688,-1.461087942123413,-819.7280381492966,5239.286830845622,376.3460595873463
1773,native_common,4791,92.10000137239695,0.0,2,1.5,3.9039506912231445,-2.184692621231079,-818.9732300600879,5237.280692799268,376.34263777076507
1773,native_common,4791,92.10000137239695,0.0,3,2.0,6.8369035720825195,-3.059840440750122,-817.7412831687018,5234.478840214853,376.33761190122095
1773,native_common,4791,92.10000137239695,-1.4,0,0.5,0.5421180129051208,-0.7355491518974304,-820.951815659137,5241.847989574221,376.3507893195293
1773,native_common,4791,92.10000137239695,-1.4,1,1.0,1.8863449096679688,-1.461087942123413,-820.6344538824846,5240.353791089849,376.34858067159087
1773,native_common,4791,92.10000137239695,-1.4,2,1.5,3.9039506912231445,-2.184692621231079,-819.8796457932759,5238.3476530434955,376.34515885500963
1773,native_common,4791,92.10000137239695,-1.4,3,2.0,6.8369035720825195,-3.059840440750122,-818.6476989018898,5235.545800459082,376.3401329854655
1773,native_common,4831,94.10000140219927,0.0,0,0.5,0.987225353717804,-0.8396777510643005,-819.8347879925517,5240.330327768342,376.3474499126609
1773,native_common,4831,94.10000140219927,0.0,1,1.0,2.8473458290100098,-1.4530996084213257,-819.0536372385884,5238.5341850809,376.3443671191635
1773,native_common,4831,94.10000140219927,0.0,2,1.5,5.506678104400635,-1.796238899230957,-817.5386188093497,5236.321835341925,376.3398377309493
1773,native_common,4831,94.10000140219927,0.0,3,2.0,9.011077880859375,-2.1853830814361572,-815.4951422160971,5233.448436900559,376.33385460737054
1773,native_common,4831,94.10000140219927,-1.4,0,0.5,0.987225353717804,-0.8396777510643005,-820.7671257182016,5241.374712985051,376.34987570119216
1773,native_common,4831,94.10000140219927,-1.4,1,1.0,2.8473458290100098,-1.4530996084213257,-819.9859749642383,5239.578570297609,376.34679290769475
1773,native_common,4831,94.10000140219927,-1.4,2,1.5,5.506678104400635,-1.796238899230957,-818.4709565349996,5237.366220558634,376.34226351948047
1773,native_common,4831,94.10000140219927,-1.4,3,2.0,9.011077880859375,-2.1853830814361572,-816.4274799417469,5234.492822117268,376.3362803959017
1773,native_common,4871,96.10000143200159,0.0,0,0.5,0.38516202569007874,-0.9831711053848267,-820.347609855401,5240.631966344407,376.3484140063297
1773,native_common,4871,96.10000143200159,0.0,1,1.0,1.644354224205017,-1.9088730812072754,-820.1631880758677,5239.080040578557,376.3463730836585
1773,native_common,4871,96.10000143200159,0.0,2,1.5,3.679001808166504,-3.062527894973755,-819.6153787008217,5236.806144383104,376.34302626933976
1773,native_common,4871,96.10000143200159,0.0,3,2.0,6.615695953369141,-4.686638832092285,-818.7947583650412,5233.5521518029755,376.33818979309376
1773,native_common,4871,96.10000143200159,-1.4,0,0.5,0.38516202569007874,-0.9831711053848267,-821.304167048655,5241.654215089104,376.3508306156294
1773,native_common,4871,96.10000143200159,-1.4,1,1.0,1.644354224205017,-1.9088730812072754,-821.1197452691216,5240.102289323253,376.3487896929581
1773,native_common,4871,96.10000143200159,-1.4,2,1.5,3.679001808166504,-3.062527894973755,-820.5719358940756,5237.828393127801,376.3454428786394
1773,native_common,4871,96.10000143200159,-1.4,3,2.0,6.615695953369141,-4.686638832092285,-819.7513155582951,5234.574400547672,376.3406064023934
1773,native_common,4911,98.10000146180391,0.0,0,0.5,0.6815579533576965,-0.6912259459495544,-819.934473954174,5240.572862810094,376.34796696027865
1773,native_common,4911,98.10000146180391,0.0,1,1.0,2.124584913253784,-1.5055512189865112,-819.5052330923268,5238.972487944235,376.3457245194868
1773,native_common,4911,98.10000146180391,0.0,2,1.5,4.26759147644043,-2.6841955184936523,-818.845867979481,5236.617300899954,376.3423855025979
1773,native_common,4911,98.10000146180391,0.0,3,2.0,7.086694717407227,-4.51164436340332,-818.1761838421479,5233.325125795343,376.33807264055457
1773,native_common,4911,98.10000146180391,-1.4,0,0.5,0.6815579533576965,-0.6912259459495544,-820.9148895567167,5241.572252360695,376.35036955068273
1773,native_common,4911,98.10000146180391,-1.4,1,1.0,2.124584913253784,-1.5055512189865112,-820.4856486948695,5239.971877494836,376.3481271098908
1773,native_common,4911,98.10000146180391,-1.4,2,1.5,4.26759147644043,-2.6841955184936523,-819.8262835820237,5237.616690450555,376.34478809300197
1773,native_common,4911,98.10000146180391,-1.4,3,2.0,7.086694717407227,-4.51164436340332,-819.1565994446906,5234.324515345945,376.3404752309586
1773,native_common,4951,100.10000149160624,0.0,0,0.5,0.9595826268196106,-0.35489708185195923,-819.5044419013724,5240.574605307126,376.34733869759503
1773,native_common,4951,100.10000149160624,0.0,1,1.0,2.660728931427002,-0.9186736345291138,-818.676250845304,5238.985317979029,376.3444901145333
1773,native_common,4951,100.10000149160624,0.0,2,1.5,5.074662208557129,-1.6789536476135254,-817.4733822155558,5236.758618578656,376.340439845647
1773,native_common,4951,100.10000149160624,0.0,3,2.0,8.275632858276367,-2.8285255432128906,-815.9768110942489,5233.704445206638,376.3350979315289
1773,native_common,4951,100.10000149160624,-1.4,0,0.5,0.9595826268196106,-0.35489708185195923,-820.5091389266757,5241.5495811724395,376.3497778374377
1773,native_common,4951,100.10000149160624,-1.4,1,1.0,2.660728931427002,-0.9186736345291138,-819.6809478706074,5239.960293844342,376.34692925437594
1773,native_common,4951,100.10000149160624,-1.4,2,1.5,5.074662208557129,-1.6789536476135254,-818.4780792408592,5237.733594443969,376.3428789854897
1773,native_common,4951,100.10000149160624,-1.4,3,2.0,8.275632858276367,-2.8285255432128906,-816.9815081195522,5234.679421071952,376.33753707137157
1773,native_common,4991,102.10000152140856,0.0,0,0.5,1.067076563835144,-0.611952006816864,-819.6021206214748,5240.282988894208,376.3472922902662
1773,native_common,4991,102.10000152140856,0.0,1,1.0,2.872882843017578,-1.3632668256759644,-818.7900899020847,5238.503660902852,376.3444139374809
1773,native_common,4991,102.10000152140856,0.0,2,1.5,5.361759185791016,-2.4799652099609375,-817.7261434194419,5235.99178449549,376.34047346915884
1773,native_common,4991,102.10000152140856,0.0,3,2.0,8.500839233398438,-4.27482795715332,-816.6471993485121,5232.540522108522,376.3356304681501
1773,native_common,4991,102.10000152140856,-1.4,0,0.5,1.067076563835144,-0.611952006816864,-820.6280204791229,5241.235629231478,376.3497150747614
1773,native_common,4991,102.10000152140856,-1.4,1,1.0,2.872882843017578,-1.3632668256759644,-819.8159897597328,5239.456301240121,376.3468367219761
1773,native_common,4991,102.10000152140856,-1.4,2,1.5,5.361759185791016,-2.4799652099609375,-818.7520432770899,5236.944424832759,376.34289625365403
1773,native_common,4991,102.10000152140856,-1.4,3,2.0,8.500839233398438,-4.27482795715332,-817.6730992061603,5233.493162445792,376.3380532526453
1773,native_common,5031,104.10000155121088,0.0,0,0.5,0.8156841993331909,-1.0221036672592163,-820.0602824572726,5240.107234963616,376.34745806941356
1773,native_common,5031,104.10000155121088,0.0,1,1.0,2.3069117069244385,-2.007984161376953,-819.6004373964101,5238.379735035988,376.3449385209971
1773,native_common,5031,104.10000155121088,0.0,2,1.5,4.521739959716797,-3.196514129638672,-818.7343003245603,5236.020103592971,376.3412370731238
1773,native_common,5031,104.10000155121088,0.0,3,2.0,7.672816276550293,-4.761968612670898,-817.4186760653291,5232.756817677801,376.3359894705725
1773,native_common,5031,104.10000155121088,-1.4,0,0.5,0.8156841993331909,-1.0221036672592163,-821.1068009614221,5241.037178000946,376.3496869243464
1773,native_common,5031,104.10000155121088,-1.4,1,1.0,2.3069117069244385,-2.007984161376953,-820.6469559005596,5239.3096780733185,376.34716737593
1773,native_common,5031,104.10000155121088,-1.4,2,1.5,4.521739959716797,-3.196514129638672,-819.7808188287099,5236.950046630301,376.3434659280566
1773,native_common,5031,104.10000155121088,-1.4,3,2.0,7.672816276550293,-4.761968612670898,-818.4651945694786,5233.686760715132,376.3382183255053
1773,native_common,5071,106.1000015810132,0.0,0,0.5,0.667979896068573,-0.7372427582740784,-819.9809335016319,5240.383476590068,376.34799121524907
1773,native_common,5071,106.1000015810132,0.0,1,1.0,2.2915685176849365,-1.5571918487548828,-819.2807123880975,5238.704774583771,376.3454437787124
1773,native_common,5071,106.1000015810132,0.0,2,1.5,4.703761100769043,-2.6146278381347656,-818.1358319858979,5236.332839053498,376.341618283763
1773,native_common,5071,106.1000015810132,0.0,3,2.0,7.897113800048828,-4.101312637329102,-816.6766472493078,5233.126831000888,376.3365759374022
1773,native_common,5071,106.1000015810132,-1.4,0,0.5,0.667979896068573,-0.7372427582740784,-821.0444976928658,5241.29387516601,376.35036693590524
1773,native_common,5071,106.1000015810132,-1.4,1,1.0,2.2915685176849365,-1.5571918487548828,-820.3442765793314,5239.615173159713,376.34781949936865
1773,native_common,5071,106.1000015810132,-1.4,2,1.5,4.703761100769043,-2.6146278381347656,-819.1993961771317,5237.24323762944,376.34399400441924
1773,native_common,5071,106.1000015810132,-1.4,3,2.0,7.897113800048828,-4.101312637329102,-817.7402114405417,5234.037229576829,376.33895165805836
1773,native_common,5111,108.10000161081553,0.0,0,0.5,0.9598802924156189,-0.9339863657951355,-819.8779426995476,5240.002862113833,376.3474421396866
1773,native_common,5111,108.10000161081553,0.0,1,1.0,2.78609561920166,-1.749824047088623,-818.9804048164511,5238.215386089065,376.34448388111724
1773,native_common,5111,108.10000161081553,0.0,2,1.5,5.384081840515137,-2.6149063110351562,-817.516513712735,5235.901319449732,376.34022304587677
1773,native_common,5111,108.10000161081553,0.0,3,2.0,8.706918716430664,-3.882856607437134,-815.7464093683291,5232.816575687145,376.3348020512939
1773,native_common,5111,108.10000161081553,-1.4,0,0.5,0.9598802924156189,-0.9339863657951355,-820.9618513591222,5240.8889413198685,376.349820864379
1773,native_common,5111,108.10000161081553,-1.4,1,1.0,2.78609561920166,-1.749824047088623,-820.0643134760257,5239.1014652951,376.34686260580963
1773,native_common,5111,108.10000161081553,-1.4,2,1.5,5.384081840515137,-2.6149063110351562,-818.6004223723096,5236.787398655767,376.34260177056916
1773,native_common,5111,108.10000161081553,-1.4,3,2.0,8.706918716430664,-3.882856607437134,-816.8303180279037,5233.70265489318,376.3371807759862
1773,native_common,5151,110.10000164061785,0.0,0,0.5,0.5964379906654358,-1.1953926086425781,-820.3154961885963,5239.975497021399,376.3479515568721
1773,native_common,5151,110.10000164061785,0.0,1,1.0,2.2867534160614014,-2.0295214653015137,-819.4940168650037,5238.279000440756,376.345077601438
1773,native_common,5151,110.10000164061785,0.0,2,1.5,4.993719100952148,-2.830956220626831,-817.8502068519764,5235.983825496363,376.3404405849731
1773,native_common,5151,110.10000164061785,0.0,3,2.0,8.574562072753906,-3.9455318450927734,-815.709159136621,5232.904768447604,376.33431013534346
1773,native_common,5151,110.10000164061785,-1.4,0,0.5,0.5964379906654358,-1.1953926086425781,-821.420249386572,5240.83544730552,376.35037651087805
1773,native_common,5151,110.10000164061785,-1.4,1,1.0,2.2867534160614014,-2.0295214653015137,-820.5987700629795,5239.138950724878,376.34750255544395
1773,native_common,5151,110.10000164061785,-1.4,2,1.5,4.993719100952148,-2.830956220626831,-818.9549600499521,5236.843775780485,376.3428655389791
1773,native_common,5151,110.10000164061785,-1.4,3,2.0,8.574562072753906,-3.9455318450927734,-816.8139123345968,5233.764718731725,376.3367350893494
1773,native_common,5191,112.10000167042017,0.0,0,0.5,0.2600783705711365,-1.067537784576416,-820.4984839929583,5240.220056427864,376.34859841421815
1773,native_common,5191,112.10000167042017,0.0,1,1.0,1.659708023071289,-2.0229318141937256,-819.9398151480042,5238.620173578929,376.3463831600249
1773,native_common,5191,112.10000167042017,0.0,2,1.5,4.154204368591309,-3.2400870323181152,-818.6557326355148,5236.159463333698,376.34237904362755
1773,native_common,5191,112.10000167042017,0.0,3,2.0,7.630523681640625,-4.8354082107543945,-816.8063168067764,5232.811407860232,376.3367872946493
1773,native_common,5191,112.10000167042017,-1.4,0,0.5,0.2600783705711365,-1.067537784576416,-821.6248484458874,5241.05149957623,376.35092440087925
1773,native_common,5191,112.10000167042017,-1.4,1,1.0,1.659708023071289,-2.0229318141937256,-821.0661796009333,5239.451616727295,376.348709146686
1773,native_common,5191,112.10000167042017,-1.4,2,1.5,4.154204368591309,-3.2400870323181152,-819.7820970884441,5236.990906482063,376.34470503028865
1773,native_common,5191,112.10000167042017,-1.4,3,2.0,7.630523681640625,-4.8354082107543945,-817.9326812597055,5233.642851008597,376.3391132813104
1773,native_common,5231,114.10000170022249,0.0,0,0.5,0.26617515087127686,-0.972018301486969,-820.4338638428425,5240.236642805141,376.34858325980986
1773,native_common,5231,114.10000170022249,0.0,1,1.0,1.5381299257278442,-1.9035274982452393,-819.9283686053811,5238.743308077419,376.3465123164254
1773,native_common,5231,114.10000170022249,0.0,2,1.5,3.8205699920654297,-3.2208619117736816,-818.8177157159748,5236.353467373415,376.3427463858844
1773,native_common,5231,114.10000170022249,0.0,3,2.0,6.909702301025391,-5.204751014709473,-817.4300236047101,5232.9545205795475,376.3376776781048
1773,native_common,5231,114.10000170022249,-1.4,0,0.5,0.26617515087127686,-0.972018301486969,-821.5795249394662,5241.041288552389,376.3510067117068
1773,native_common,5231,114.10000170022249,-1.4,1,1.0,1.5381299257278442,-1.9035274982452393,-821.0740297020049,5239.547953824666,376.34893576832235
1773,native_common,5231,114.10000170022249,-1.4,2,1.5,3.8205699920654297,-3.2208619117736816,-819.9633768125987,5237.158113120662,376.3451698377813
1773,native_common,5231,114.10000170022249,-1.4,3,2.0,6.909702301025391,-5.204751014709473,-818.5756847013338,5233.759166326796,376.3401011300017
1773,native_common,5271,116.10000173002481,0.0,0,0.5,0.4070487916469574,-0.7365896105766296,-820.1809597294227,5240.29506686823,376.34830805921035
1773,native_common,5271,116.10000173002481,0.0,1,1.0,1.8717148303985596,-1.3818292617797852,-819.3191766975699,5238.9463990235745,376.3458866214178
1773,native_common,5271,116.10000173002481,0.0,2,1.5,4.371475696563721,-2.353667736053467,-817.7766667644761,5236.752334235603,376.34173685301613
1773,native_common,5271,116.10000173002481,0.0,3,2.0,7.686236381530762,-3.9755098819732666,-815.9158408182279,5233.565594938987,376.3362780932407
1773,native_common,5271,116.10000173002481,-1.4,0,0.5,0.4070487916469574,-0.7365896105766296,-821.3464172693089,5241.070762028918,376.3507039739584
1773,native_common,5271,116.10000173002481,-1.4,1,1.0,1.8717148303985596,-1.3818292617797852,-820.484634237456,5239.7220941842625,376.34828253616587
1773,native_common,5271,116.10000173002481,-1.4,2,1.5,4.371475696563721,-2.353667736053467,-818.9421243043621,5237.5280293962915,376.34413276776417
1773,native_common,5271,116.10000173002481,-1.4,3,2.0,7.686236381530762,-3.9755098819732666,-817.0812983581139,5234.3412900996755,376.33867400798874
1773,native_common,5311,118.10000175982714,0.0,0,0.5,0.44415923953056335,-1.040644884109497,-820.3087558376538,5239.9675183580675,376.3482821222547
1773,native_common,5311,118.10000175982714,0.0,1,1.0,1.6655603647232056,-1.8559285402297974,-819.7120052311972,5238.625731185851,376.34627047402773
1773,native_common,5311,118.10000175982714,0.0,2,1.5,3.7062506675720215,-2.6082093715667725,-818.3890769750159,5236.899407837991,376.3428224355959
1773,native_common,5311,118.10000175982714,0.0,3,2.0,6.649603366851807,-3.6995625495910645,-816.4843495672195,5234.404139185197,376.33785012080443
1773,native_common,5311,118.10000175982714,-1.4,0,0.5,0.44415923953056335,-1.040644884109497,-821.4921189246738,5240.715613174835,376.35072126209735
1773,native_common,5311,118.10000175982714,-1.4,1,1.0,1.6655603647232056,-1.8559285402297974,-820.8953683182173,5239.373826002618,376.3487096138704
1773,native_common,5311,118.10000175982714,-1.4,2,1.5,3.7062506675720215,-2.6082093715667725,-819.5724400620359,5237.647502654759,376.34526157543854
1773,native_common,5311,118.10000175982714,-1.4,3,2.0,6.649603366851807,-3.6995625495910645,-817.6677126542395,5235.152234001965,376.34028926064707
1773,native_common,5351,120.10000178962946,0.0,0,0.5,-0.05238986760377884,-1.5264739990234375,-820.974207777156,5239.748670321487,376.3492505694025
1773,native_common,5351,120.10000178962946,0.0,1,1.0,0.9460412859916687,-2.604764223098755,-820.6718089895994,5238.310571972542,376.3476111026149
1773,native_common,5351,120.10000178962946,0.0,2,1.5,3.011564254760742,-3.665396213531494,-819.4449215429853,5236.3392627934545,376.34405196932454
1773,native_common,5351,120.10000178962946,0.0,3,2.0,6.10899543762207,-5.052229881286621,-817.5004315890548,5233.557839133595,376.3386855910838
1773,native_common,5351,120.10000178962946,-1.4,0,0.5,-0.05238986760377884,-1.5264739990234375,-822.1752104885151,5240.46810493343,376.35176581233515
1773,native_common,5351,120.10000178962946,-1.4,1,1.0,0.9460412859916687,-2.604764223098755,-821.8728117009583,5239.030006584485,376.35012634554755
1773,native_common,5351,120.10000178962946,-1.4,2,1.5,3.011564254760742,-3.665396213531494,-820.6459242543442,5237.058697405398,376.3465672122572
1773,native_common,5351,120.10000178962946,-1.4,3,2.0,6.10899543762207,-5.052229881286621,-818.7014343004138,5234.277273745538,376.34120083401643
1773,native_common,5391,122.10000181943178,0.0,0,0.5,-0.1160731241106987,-1.0643246173858643,-820.7863576871954,5240.114451843648,376.34918880937425
1773,native_common,5391,122.10000181943178,0.0,1,1.0,1.0076054334640503,-1.7518072128295898,-820.1500243586426,5238.961038603592,376.3472881706656
1773,native_common,5391,122.10000181943178,0.0,2,1.5,3.400312900543213,-2.611307144165039,-818.496000810532,5237.030241330856,376.3431470503349
1773,native_common,5391,122.10000181943178,0.0,3,2.0,6.799856185913086,-4.028498649597168,-816.2429628220559,5234.116633279868,376.3372938569895
1773,native_common,5391,122.10000181943178,-1.4,0,0.5,-0.1160731241106987,-1.0643246173858643,-822.00297541274,5240.807153116758,376.35169003341304
1773,native_common,5391,122.10000181943178,-1.4,1,1.0,1.0076054334640503,-1.7518072128295898,-821.3666420841872,5239.653739876702,376.3497893947044
1773,native_common,5391,122.10000181943178,-1.4,2,1.5,3.400312900543213,-2.611307144165039,-819.7126185360767,5237.722942603968,376.3456482743736
1773,native_common,5391,122.10000181943178,-1.4,3,2.0,6.799856185913086,-4.028498649597168,-817.4595805476006,5234.80933455298,376.3397950810283
1773,native_common,5431,124.1000018492341,0.0,0,0.5,1.2273706197738647,-1.4383623600006104,-819.7743292008741,5239.07983160602,376.3467819813453
1773,native_common,5431,124.1000018492341,0.0,1,1.0,3.426656723022461,-2.5512397289276123,-818.3658392452957,5237.057086593847,376.3430319175826
1773,native_common,5431,124.1000018492341,0.0,2,1.5,6.4475789070129395,-3.5198724269866943,-816.1655762033092,5234.771690452413,376.33781959938176
1773,native_common,5431,124.1000018492341,0.0,3,2.0,10.209668159484863,-4.710893630981445,-813.4182535019584,5231.93901982735,376.3313267974938
1773,native_common,5431,124.1000018492341,-1.4,0,0.5,1.2273706197738647,-1.4383623600006104,-821.0068883292116,5239.7437532283,376.34924665576625
1773,native_common,5431,124.1000018492341,-1.4,1,1.0,3.426656723022461,-2.5512397289276123,-819.5983983736331,5237.721008216128,376.3454965920035
1773,native_common,5431,124.1000018492341,-1.4,2,1.5,6.4475789070129395,-3.5198724269866943,-817.3981353316467,5235.435612074694,376.3402842738027
1773,native_common,5431,124.1000018492341,-1.4,3,2.0,10.209668159484863,-4.710893630981445,-814.6508126302957,5232.602941449631,376.3337914719147
1773,native_common,5471,126.10000187903643,0.0,0,0.5,0.2757892608642578,-1.199228286743164,-820.481469892265,5239.680686527564,376.3485898663173
1773,native_common,5471,126.10000187903643,0.0,1,1.0,1.4472442865371704,-2.0372865200042725,-819.8156441128936,5238.403454790456,376.34669229955875
1773,native_common,5471,126.10000187903643,0.0,2,1.5,3.5787181854248047,-2.8544514179229736,-818.2841290063285,5236.710709118772,376.3430837843017
1773,native_common,5471,126.10000187903643,0.0,3,2.0,6.680448532104492,-4.065547943115234,-816.0653898595796,5234.22783678779,376.3378374924089
1773,native_common,5471,126.10000187903643,-1.4,0,0.5,0.2757892608642578,-1.199228286743164,-821.7301297564627,5240.313807646735,376.35107823950585
1773,native_common,5471,126.10000187903643,-1.4,1,1.0,1.4472442865371704,-2.0372865200042725,-821.0643039770914,5239.036575909628,376.34918067274737
1773,native_common,5471,126.10000187903643,-1.4,2,1.5,3.5787181854248047,-2.8544514179229736,-819.5327888705262,5237.343830237943,376.3455721574903
1773,native_common,5471,126.10000187903643,-1.4,3,2.0,6.680448532104492,-4.065547943115234,-817.3140497237774,5234.860957906961,376.3403258655975
1773,native_common,5511,128.10000190883875,0.0,0,0.5,0.19043686985969543,-1.2454383373260498,-820.5619299402179,5239.614566537512,376.3484362750046
1773,native_common,5511,128.10000190883875,0.0,1,1.0,1.3953717947006226,-2.3186330795288086,-819.9378382617521,5238.126574630085,376.3462481029011
1773,native_common,5511,128.10000190883875,0.0,2,1.5,3.6186423301696777,-3.6511497497558594,-818.5069059513123,5235.965336758873,376.3422309779859
1773,native_common,5511,128.10000190883875,0.0,3,2.0,6.67481803894043,-5.540121078491211,-816.5646007626285,5232.94278110436,376.33670711596227
1773,native_common,5511,128.10000190883875,-1.4,0,0.5,0.19043686985969543,-1.2454383373260498,-821.8249630017394,5240.218504629835,376.3509395017945
1773,native_common,5511,128.10000190883875,-1.4,1,1.0,1.3953717947006226,-2.3186330795288086,-821.2008713232736,5238.730512722408,376.348751329691
1773,native_common,5511,128.10000190883875,-1.4,2,1.5,3.6186423301696777,-3.6511497497558594,-819.7699390128339,5236.5692748511965,376.34473420477576
1773,native_common,5511,128.10000190883875,-1.4,3,2.0,6.67481803894043,-5.540121078491211,-817.8276338241501,5233.546719196683,376.3392103427522
1773,native_common,5551,130.10000193864107,0.0,0,0.5,-0.09323481470346451,-1.097618579864502,-820.7403322257743,5239.802192427103,376.3490884920025
1773,native_common,5551,130.10000193864107,0.0,1,1.0,0.9371829628944397,-1.9605021476745605,-820.1530727572742,5238.593287099782,376.3473351469628
1773,native_common,5551,130.10000193864107,0.0,2,1.5,3.0938398838043213,-3.0445644855499268,-818.6286061700561,5236.721831055543,376.34357671097365
1773,native_common,5551,130.10000193864107,0.0,3,2.0,6.204307556152344,-4.751983642578125,-816.4887971152907,5233.891375732537,376.33817373703613
1773,native_common,5551,130.10000193864107,-1.4,0,0.5,-0.09323481470346451,-1.097618579864502,-822.0178254871819,5240.374909272568,376.3516147499752
1773,native_common,5551,130.10000193864107,-1.4,1,1.0,0.9371829628944397,-1.9605021476745605,-821.4305660186818,5239.166003945247,376.3498614049355
1773,native_common,5551,130.10000193864107,-1.4,2,1.5,3.0938398838043213,-3.0445644855499268,-819.9060994314636,5237.294547901008,376.3461029689464
1773,native_common,5551,130.10000193864107,-1.4,3,2.0,6.204307556152344,-4.751983642578125,-817.7662903766983,5234.464092578002,376.34069999500883
1773,native_common,5591,132.1000019684434,0.0,0,0.5,0.574006974697113,-0.9890189170837402,-820.0696640878128,5239.575677097697,376.34784139278486
1773,native_common,5591,132.1000019684434,0.0,1,1.0,2.246687889099121,-1.925487756729126,-818.8916961275708,5238.063322069683,376.34482760507257
1773,native_common,5591,132.1000019684434,0.0,2,1.5,4.993405342102051,-3.1873717308044434,-816.8502475271968,5235.834135967061,376.3398413672882
1773,native_common,5591,132.1000019684434,0.0,3,2.0,8.593472480773926,-4.965672016143799,-814.2228436719284,5232.79776612833,376.33332281298976
1773,native_common,5591,132.1000019684434,-1.4,0,0.5,0.574006974697113,-0.9890189170837402,-821.3598693587853,5240.119150602375,376.3504697890541
1773,native_common,5591,132.1000019684434,-1.4,1,1.0,2.246687889099121,-1.925487756729126,-820.1819013985432,5238.606795574361,376.34745600134175
1773,native_common,5591,132.1000019684434,-1.4,2,1.5,4.993405342102051,-3.1873717308044434,-818.1404527981691,5236.3776094717405,376.3424697635574
1773,native_common,5591,132.1000019684434,-1.4,3,2.0,8.593472480773926,-4.965672016143799,-815.5130489429008,5233.341239633009,376.33595120925895
1773,native_common,5631,134.10000199824572,0.0,0,0.5,-0.302592933177948,-1.1839652061462402,-820.9368948726274,5239.661620719518,376.3499903594963
1773,native_common,5631,134.10000199824572,0.0,1,1.0,0.6150943636894226,-2.4004170894622803,-820.527806301468,5238.193781774209,376.34926177601835
1773,native_common,5631,134.10000199824572,0.0,2,1.5,2.636937141418457,-4.060224533081055,-819.2532784456191,5235.90940385217,376.3469766684663
1773,native_common,5631,134.10000199824572,0.0,3,2.0,5.514853477478027,-6.353396892547607,-817.4137055371675,5232.722398590288,376.3436777581738
1773,native_common,5631,134.10000199824572,-1.4,0,0.5,-0.302592933177948,-1.1839652061462402,-822.239857259648,5240.1737569358165,376.35233854281995
1773,native_common,5631,134.10000199824572,-1.4,1,1.0,0.6150943636894226,-2.4004170894622803,-821.8307686884888,5238.705917990507,376.351609959342
1773,native_common,5631,134.10000199824572,-1.4,2,1.5,2.636937141418457,-4.060224533081055,-820.5562408326398,5236.421540068468,376.3493248517899
1773,native_common,5631,134.10000199824572,-1.4,3,2.0,5.514853477478027,-6.353396892547607,-818.7166679241883,5233.234534806586,376.3460259414974
1773,native_common,5671,136.10000202804804,0.0,0,0.5,-0.304731547832489,-1.2072772979736328,-820.9378861926667,5239.604632842993,376.3415344183505
1773,native_common,5671,136.10000202804804,0.0,1,1.0,0.7953444123268127,-2.2187793254852295,-820.2687072740212,5238.268406455208,376.34009039409915
1773,native_common,5671,136.10000202804804,0.0,2,1.5,3.1430187225341797,-3.610217571258545,-818.5681689753944,5236.133964009674,376.34010495345166
1773,native_common,5671,136.10000202804804,0.0,3,2.0,6.350912094116211,-5.663557052612305,-816.2985284369491,5233.075285474292,376.33951117516494
1773,native_common,5671,136.10000202804804,-1.4,0,0.5,-0.304731547832489,-1.2072772979736328,-822.2466316635388,5240.101798831824,376.33817703518764
1773,native_common,5671,136.10000202804804,-1.4,1,1.0,0.7953444123268127,-2.2187793254852295,-821.5774527448933,5238.765572444038,376.33673301093637
1773,native_common,5671,136.10000202804804,-1.4,2,1.5,3.1430187225341797,-3.610217571258545,-819.8769144462665,5236.631129998505,376.3367475702888
1773,native_common,5671,136.10000202804804,-1.4,3,2.0,6.350912094116211,-5.663557052612305,-817.6072739078212,5233.572451463124,376.33615379200216
1773,native_common,5711,138.10000205785036,0.0,0,0.5,0.5849357843399048,-1.0032689571380615,-820.0261754432763,5239.4601494580465,376.3428523716959
1773,native_common,5711,138.10000205785036,0.0,1,1.0,2.0379979610443115,-2.1070423126220703,-819.0460982218061,5237.920946011664,376.34026388902157
1773,native_common,5711,138.10000205785036,0.0,2,1.5,4.285437107086182,-3.699083089828491,-817.4902845646641,5235.648280341434,376.33692217463346
1773,native_common,5711,138.10000205785036,0.0,3,2.0,7.102204322814941,-6.036540985107422,-815.6589941153904,5232.479017908119,376.33076758388097
1773,native_common,5711,138.10000205785036,-1.4,0,0.5,0.5849357843399048,-1.0032689571380615,-821.3392747090487,5239.945697833996,376.33923396860786
1773,native_common,5711,138.10000205785036,-1.4,1,1.0,2.0379979610443115,-2.1070423126220703,-820.3591974875785,5238.406494387613,376.33664548593356
1773,native_common,5711,138.10000205785036,-1.4,2,1.5,4.285437107086182,-3.699083089828491,-818.8033838304365,5236.133828717383,376.3333037715454
1773,native_common,5711,138.10000205785036,-1.4,3,2.0,7.102204322814941,-6.036540985107422,-816.9720933811628,5232.9645662840685,376.32714918079296
1773,native_common,5751,140.10000208765268,0.0,0,0.5,0.5003087520599365,-1.1186933517456055,-820.1372482625077,5239.361529024481,376.34099233720025
1773,native_common,5751,140.10000208765268,0.0,1,1.0,1.845253825187683,-2.0718863010406494,-819.1939988399702,5238.009594685023,376.33814330345865
1773,native_common,5751,140.10000208765268,0.0,2,1.5,4.078653812408447,-3.1936395168304443,-817.4716845231434,5236.198507622175,376.336462561967
1773,native_common,5751,140.10000208765268,0.0,3,2.0,7.210353851318359,-4.8051958084106445,-815.0696979449733,5233.622636416323,376.33385032250914
1773,native_common,5751,140.10000208765268,-1.4,0,0.5,0.5003087520599365,-1.1186933517456055,-821.4547156371123,5239.835097151518,376.33739429510746
1773,native_common,5751,140.10000208765268,-1.4,1,1.0,1.845253825187683,-2.0718863010406494,-820.5114662145747,5238.48316281206,376.33454526136586
1773,native_common,5751,140.10000208765268,-1.4,2,1.5,4.078653812408447,-3.1936395168304443,-818.789151897748,5236.672075749212,376.3328645198742
1773,native_common,5751,140.10000208765268,-1.4,3,2.0,7.210353851318359,-4.8051958084106445,-816.387165319578,5234.09620454336,376.33025228041635
1773,native_common,5791,142.100002117455,0.0,0,0.5,0.34421029686927795,-1.279466152191162,-820.3311767204013,5239.24122317047,376.3487014277244
1773,native_common,5791,142.100002117455,0.0,1,1.0,1.9519920349121094,-2.17287278175354,-819.1097426347469,5237.866006575032,376.35265275165585
1773,native_common,5791,142.100002117455,0.0,2,1.5,4.678631782531738,-3.2010467052459717,-816.8771291057435,5235.993281303826,376.35919637034607
1773,native_common,5791,142.100002117455,0.0,3,2.0,8.264638900756836,-4.692164421081543,-813.9868248495723,5233.399260185361,376.36784727543585
1773,native_common,5791,142.100002117455,-1.4,0,0.5,0.34421029686927795,-1.279466152191162,-821.6522576720275,5239.704618194762,376.34551227219066
1773,native_common,5791,142.100002117455,-1.4,1,1.0,1.9519920349121094,-2.17287278175354,-820.4308235863731,5238.329401599322,376.3494635961221
1773,native_common,5791,142.100002117455,-1.4,2,1.5,4.678631782531738,-3.2010467052459717,-818.1982100573697,5236.456676328116,376.3560072148123
1773,native_common,5791,142.100002117455,-1.4,3,2.0,8.264638900756836,-4.692164421081543,-815.3079058011986,5233.862655209652,376.36465811990206
1773,native_common,5831,144.10000214725733,0.0,0,0.5,0.6796737313270569,-1.0463364124298096,-819.9293843200919,5239.332016065973,376.35095597007563
1773,native_common,5831,144.10000214725733,0.0,1,1.0,2.2746803760528564,-2.074395179748535,-818.7528890459186,5237.843134474783,376.35739825564957
1773,native_common,5831,144.10000214725733,0.0,2,1.5,4.7828264236450195,-3.513062000274658,-816.84526506539,5235.670248964375,376.3673040168697
1773,native_common,5831,144.10000214725733,0.0,3,2.0,8.056381225585938,-5.53028678894043,-814.4006426261215,5232.702251949428,376.38040890154525
1773,native_common,5831,144.10000214725733,-1.4,0,0.5,0.6796737313270569,-1.0463364124298096,-821.2540492886503,5239.785052857867,376.3464408549547
1773,native_common,5831,144.10000214725733,-1.4,1,1.0,2.2746803760528564,-2.074395179748535,-820.0775540144768,5238.296171266677,376.35288314052866
1773,native_common,5831,144.10000214725733,-1.4,2,1.5,4.7828264236450195,-3.513062000274658,-818.1699300339483,5236.123285756269,376.3627889017488
1773,native_common,5831,144.10000214725733,-1.4,3,2.0,8.056381225585938,-5.53028678894043,-815.7253075946797,5233.155288741322,376.37589378642434
1773,native_common,5871,146.10000217705965,0.0,0,0.5,0.19225868582725525,-0.9201281666755676,-820.3424978075558,5239.585059776013,376.3490367867269
1773,native_common,5871,146.10000217705965,0.0,1,1.0,1.4121171236038208,-1.8530747890472412,-819.4769929091154,5238.316470880583,376.35428021852033
1773,native_common,5871,146.10000217705965,0.0,2,1.5,3.5873055458068848,-3.235126495361328,-817.8453308329445,5236.321700619965,376.36333933283566
1773,native_common,5871,146.10000217705965,0.0,3,2.0,6.483219146728516,-5.370001792907715,-815.7655674546876,5233.38598273315,376.37570458930315
1773,native_common,5871,146.10000217705965,-1.4,0,0.5,0.19225868582725525,-0.9201281666755676,-821.6717852575215,5240.024344132815,376.3441246351342
1773,native_common,5871,146.10000217705965,-1.4,1,1.0,1.4121171236038208,-1.8530747890472412,-820.806280359081,5238.755755237385,376.3493680669277
1773,native_common,5871,146.10000217705965,-1.4,2,1.5,3.5873055458068848,-3.235126495361328,-819.1746182829102,5236.760984976767,376.358427181243
1773,native_common,5871,146.10000217705965,-1.4,3,2.0,6.483219146728516,-5.370001792907715,-817.0948549046532,5233.825267089952,376.37079243771046
1773,native_common,5911,148.10000220686197,0.0,0,0.5,-0.4753115773200989,-1.1232941150665283,-821.0342710676041,5239.5716871767745,376.3471262903682
1773,native_common,5911,148.10000220686197,0.0,1,1.0,0.36436927318573,-2.248314142227173,-820.5792122762908,5238.24366896533,376.3519344852804
1773,native_common,5911,148.10000220686197,0.0,2,1.5,2.4049930572509766,-3.8875339031219482,-819.1382231927004,5236.0585751360295,376.36204738440716
1773,native_common,5911,148.10000220686197,0.0,3,2.0,5.244805335998535,-6.208004951477051,-817.1449046062489,5232.980328715787,376.3761772802546
1773,native_common,5911,148.10000220686197,-1.4,0,0.5,-0.4753115773200989,-1.1232941150665283,-822.3670808894976,5240.000160795727,376.34180308406553
1773,native_common,5911,148.10000220686197,-1.4,1,1.0,0.36436927318573,-2.248314142227173,-821.9120220981844,5238.6721425842825,376.3466112789778
1773,native_common,5911,148.10000220686197,-1.4,2,1.5,2.4049930572509766,-3.8875339031219482,-820.4710330145939,5236.487048754982,376.35672417810457
1773,native_common,5911,148.10000220686197,-1.4,3,2.0,5.244805335998535,-6.208004951477051,-818.4777144281425,5233.40880233474,376.37085407395193
1773,native_common,5951,150.1000022366643,0.0,0,0.5,0.7620625495910645,-1.1095128059387207,-819.8420246741089,5239.18322184504,376.3520359373969
1773,native_common,5951,150.1000022366643,0.0,1,1.0,2.3791909217834473,-2.084674596786499,-818.5866240189547,5237.7725633863865,376.3595591379449
1773,native_common,5951,150.1000022366643,0.0,2,1.5,4.8743486404418945,-3.2855234146118164,-816.5595520904577,5235.886110346178,376.3707057984293
1773,native_common,5951,150.1000022366643,0.0,3,2.0,8.154441833496094,-5.020463943481445,-813.9411328225715,5233.2569110761715,376.38559639929053
1773,native_common,5951,150.1000022366643,-1.4,0,0.5,0.7620625495910645,-1.1095128059387207,-821.1791028562193,5239.598185181619,376.34680485531965
1773,native_common,5951,150.1000022366643,-1.4,1,1.0,2.3791909217834473,-2.084674596786499,-819.9237022010651,5238.187526722965,376.35432805586765
1773,native_common,5951,150.1000022366643,-1.4,2,1.5,4.8743486404418945,-3.2855234146118164,-817.8966302725681,5236.301073682756,376.365474716352
1773,native_common,5951,150.1000022366643,-1.4,3,2.0,8.154441833496094,-5.020463943481445,-815.2782110046819,5233.67187441275,376.38036531721326
1773,native_common,5991,152.10000226646662,0.0,0,0.5,0.2657296657562256,-0.9321944117546082,-820.2564227901079,5239.477549823737,376.34986749922115
1773,native_common,5991,152.10000226646662,0.0,1,1.0,1.504332184791565,-1.8696677684783936,-819.34004712663,5238.223274040225,376.3562233634161
1773,native_common,5991,152.10000226646662,0.0,2,1.5,3.7300610542297363,-3.2900569438934326,-817.6173049481608,5236.222421169931,376.36725005126334
1773,native_common,5991,152.10000226646662,0.0,3,2.0,6.802565574645996,-5.386632919311523,-815.2782324768259,5233.330291002629,376.38267463887365
1773,native_common,5991,152.10000226646662,-1.4,0,0.5,0.2657296657562256,-0.9321944117546082,-821.5971778894268,5239.880469649425,376.34426591746194
1773,native_common,5991,152.10000226646662,-1.4,1,1.0,1.504332184791565,-1.8696677684783936,-820.6808022259489,5238.626193865913,376.3506217816569
1773,native_common,5991,152.10000226646662,-1.4,2,1.5,3.7300610542297363,-3.2900569438934326,-818.9580600474798,5236.625340995619,376.36164846950413
1773,native_common,5991,152.10000226646662,-1.4,3,2.0,6.802565574645996,-5.386632919311523,-816.6189875761448,5233.733210828316,376.37707305711444
1773,native_common,6031,154.10000229626894,0.0,0,0.5,0.730342447757721,-0.7770009636878967,-819.7588474390562,5239.475764243434,376.35145092666744
1773,native_common,6031,154.10000229626894,0.0,1,1.0,2.2195096015930176,-1.5421571731567383,-818.5414058114739,5238.326473576209,376.3584995158735
1773,native_common,6031,154.10000229626894,0.0,2,1.5,4.556210517883301,-2.6074881553649902,-816.593430614057,5236.653041213203,376.3693637018989
1773,native_common,6031,154.10000229626894,0.0,3,2.0,7.727445602416992,-4.2292890548706055,-813.9987226489783,5234.2129109462585,376.38436287886583
1773,native_common,6031,154.10000229626894,-1.4,0,0.5,0.730342447757721,-0.7770009636878967,-821.1035501760814,5239.865306746561,376.34586636809337
1773,native_common,6031,154.10000229626894,-1.4,1,1.0,2.2195096015930176,-1.5421571731567383,-819.8861085484989,5238.716016079336,376.3529149572994
1773,native_common,6031,154.10000229626894,-1.4,2,1.5,4.556210517883301,-2.6074881553649902,-817.9381333510821,5237.04258371633,376.3637791433248
1773,native_common,6031,154.10000229626894,-1.4,3,2.0,7.727445602416992,-4.2292890548706055,-815.3434253860033,5234.602453449385,376.3787783202917
1773,native_common,6071,156.10000232607126,0.0,0,0.5,0.755553662776947,-0.91779625415802,-819.7648235475579,5239.31732728189,376.35239359732753
1773,native_common,6071,156.10000232607126,0.0,1,1.0,2.3073086738586426,-2.123105525970459,-818.5953451531789,5237.738416225723,376.3610085219793
1773,native_common,6071,156.10000232607126,0.0,2,1.5,4.575395584106445,-4.035510063171387,-816.9266175823087,5235.285521664195,376.3738891504613
1773,native_common,6071,156.10000232607126,0.0,3,2.0,7.311923980712891,-6.681706428527832,-815.0045520618002,5231.999742475355,376.3900794720313
1773,native_common,6071,156.10000232607126,-1.4,0,0.5,0.755553662776947,-0.91779625415802,-821.1130104172548,5239.694633270147,376.34670539883047
1773,native_common,6071,156.10000232607126,-1.4,1,1.0,2.3073086738586426,-2.123105525970459,-819.9435320228758,5238.11572221398,376.3553203234822
1773,native_common,6071,156.10000232607126,-1.4,2,1.5,4.575395584106445,-4.035510063171387,-818.2748044520057,5235.662827652452,376.36820095196424
1773,native_common,6071,156.10000232607126,-1.4,3,2.0,7.311923980712891,-6.681706428527832,-816.3527389314971,5232.377048463612,376.3843912735342
1773,native_common,6111,158.10000235587358,0.0,0,0.5,0.40962082147598267,-1.0294420719146729,-820.1194652841932,5239.279287223415,376.35061435593195
1773,native_common,6111,158.10000235587358,0.0,1,1.0,1.7502431869506836,-1.9878482818603516,-819.0747384512416,5238.004800609249,376.35697870162545
1773,native_common,6111,158.10000235587358,0.0,2,1.5,3.9822685718536377,-3.1467058658599854,-817.2215867187201,5236.304619156233,376.36697379609984
1773,native_common,6111,158.10000235587358,0.0,3,2.0,7.069829940795898,-4.848001480102539,-814.6837101698341,5233.857901012267,376.3809351940038
1773,native_common,6111,158.10000235587358,-1.4,0,0.5,0.40962082147598267,-1.0294420719146729,-821.4711389938922,5239.643910890699,376.34534522269973
1773,native_common,6111,158.10000235587358,-1.4,1,1.0,1.7502431869506836,-1.9878482818603516,-820.4264121609406,5238.369424276533,376.3517095683933
1773,native_common,6111,158.10000235587358,-1.4,2,1.5,3.9822685718536377,-3.1467058658599854,-818.5732604284191,5236.6692428235165,376.3617046628676
1773,native_common,6111,158.10000235587358,-1.4,3,2.0,7.069829940795898,-4.848001480102539,-816.035383879533,5234.222524679551,376.3756660607716
1773,native_common,6151,160.1000023856759,0.0,0,0.5,0.18433597683906555,-0.7731818556785583,-820.2638183860781,5239.567131225362,376.34902146922735
1773,native_common,6151,160.1000023856759,0.0,1,1.0,1.4042216539382935,-1.728689432144165,-819.3236968173699,5238.3353614526895,376.3545402603647
1773,native_common,6151,160.1000023856759,0.0,2,1.5,3.596734046936035,-3.408299207687378,-817.6245101967421,5236.158008220152,376.36440538006053
1773,native_common,6151,160.1000023856759,0.0,3,2.0,6.433348655700684,-5.982301712036133,-815.5270658451497,5232.952946491194,376.37774091869
1773,native_common,6151,160.1000023856759,-1.4,0,0.5,0.18433597683906555,-0.7731818556785583,-821.6187442751042,5239.919484878758,376.34425301189765
1773,native_common,6151,160.1000023856759,-1.4,1,1.0,1.4042216539382935,-1.728689432144165,-820.6786227063959,5238.687715106086,376.3497718030349
1773,native_common,6151,160.1000023856759,-1.4,2,1.5,3.596734046936035,-3.408299207687378,-818.979436085768,5236.510361873548,376.3596369227308
1773,native_common,6151,160.1000023856759,-1.4,3,2.0,6.433348655700684,-5.982301712036133,-816.8819917341756,5233.305300144591,376.3729724613603
1773,native_common,6191,162.10000241547823,0.0,0,0.5,0.30768755078315735,-1.2536823749542236,-820.2532645273685,5239.049457196294,376.35055977484063
1773,native_common,6191,162.10000241547823,0.0,1,1.0,1.5465267896652222,-2.624751329421997,-819.3831315747333,5237.419311076478,376.3572687607872
1773,native_common,6191,162.10000241547823,0.0,2,1.5,3.6384224891662598,-4.644496917724609,-817.8423225683176,5234.953304406772,376.36815773562
1773,native_common,6191,162.10000241547823,0.0,3,2.0,6.356105804443359,-7.33416223526001,-815.8564889877911,5231.685833792496,376.38240195475106
1773,native_common,6191,162.10000241547823,-1.4,0,0.5,0.30768755078315735,-1.2536823749542236,-821.6116272863237,5239.3883123072255,376.3452844664474
1773,native_common,6191,162.10000241547823,-1.4,1,1.0,1.5465267896652222,-2.624751329421997,-820.7414943336885,5237.758166187411,376.35199345239397
1773,native_common,6191,162.10000241547823,-1.4,2,1.5,3.6384224891662598,-4.644496917724609,-819.2006853272728,5235.292159517705,376.3628824272268
1773,native_common,6191,162.10000241547823,-1.4,3,2.0,6.356105804443359,-7.33416223526001,-817.2148517467463,5232.024688903429,376.37712664635785
1773,native_common,6231,164.10000244528055,0.0,0,0.5,0.5039364695549011,-1.363952398300171,-820.0757041058765,5238.875608692291,376.3512195443266
1773,native_common,6231,164.10000244528055,0.0,1,1.0,1.9132132530212402,-2.6948885917663574,-819.014417701514,5237.2535499133,376.35819728789
1773,native_common,6231,164.10000244528055,0.0,2,1.5,4.202330589294434,-4.385972023010254,-817.181113240567,5235.076693631217,376.3688194949878
1773,native_common,6231,164.10000244528055,0.0,3,2.0,7.2615966796875,-6.553993225097656,-814.7096255791834,5232.256946108759,376.38287629930716
1773,native_common,6231,164.10000244528055,-1.4,0,0.5,0.5039364695549011,-1.363952398300171,-821.4373479849153,5239.201033978648,376.34628703216106
1773,native_common,6231,164.10000244528055,-1.4,1,1.0,1.9132132530212402,-2.6948885917663574,-820.3760615805527,5237.578975199656,376.3532647757244
1773,native_common,6231,164.10000244528055,-1.4,2,1.5,4.202330589294434,-4.385972023010254,-818.5427571196057,5235.402118917574,376.36388698282224
1773,native_common,6231,164.10000244528055,-1.4,3,2.0,7.2615966796875,-6.553993225097656,-816.071269458222,5232.582371395116,376.3779437871416
1773,native_common,6271,166.10000247508287,0.0,0,0.5,0.3421827256679535,-0.7405123114585876,-820.0814331060222,5239.500482211361,376.3500266225668
1773,native_common,6271,166.10000247508287,0.0,1,1.0,1.449489951133728,-1.6819771528244019,-819.213187089026,5238.334888319734,376.3550339042141
1773,native_common,6271,166.10000247508287,0.0,2,1.5,3.3358097076416016,-3.2394633293151855,-817.723736454677,5236.394416577866,376.3634979813665
1773,native_common,6271,166.10000247508287,0.0,3,2.0,5.861238479614258,-5.640180587768555,-815.8003290256403,5233.488973598044,376.37527890990407
1773,native_common,6271,166.10000247508287,-1.4,0,0.5,0.3421827256679535,-0.7405123114585876,-821.4458435829255,5239.814110259116,376.3453900098486
1773,native_common,6271,166.10000247508287,-1.4,1,1.0,1.449489951133728,-1.6819771528244019,-820.5775975659292,5238.64851636749,376.3503972914959
1773,native_common,6271,166.10000247508287,-1.4,2,1.5,3.3358097076416016,-3.2394633293151855,-819.0881469315802,5236.708044625621,376.35886136864826
1773,native_common,6271,166.10000247508287,-1.4,3,2.0,5.861238479614258,-5.640180587768555,-817.1647395025435,5233.802601645801,376.3706422971859
1773,native_common,6311,168.1000025048852,0.0,0,0.5,0.10269025713205338,-0.9757640957832336,-820.3581484881544,5239.299316250352,376.34970047554134
1773,native_common,6311,168.1000025048852,0.0,1,1.0,1.3509577512741089,-2.0818727016448975,-819.3759509319569,5237.951392713643,376.3558717541656
1773,native_common,6311,168.1000025048852,0.0,2,1.5,3.5875563621520996,-3.8320364952087402,-817.5664247359753,5235.762569543275,376.3665827486242
1773,native_common,6311,168.1000025048852,0.0,3,2.0,6.456173896789551,-6.3438849449157715,-815.3028110162556,5232.694312340208,376.3807198645441
1773,native_common,6311,168.1000025048852,-1.4,0,0.5,0.10269025713205338,-0.9757640957832336,-821.7256107035147,5239.599351948015,376.3446339491789
1773,native_common,6311,168.1000025048852,-1.4,1,1.0,1.3509577512741089,-2.0818727016448975,-820.7434131473171,5238.251428411307,376.35080522780316
1773,native_common,6311,168.1000025048852,-1.4,2,1.5,3.5875563621520996,-3.8320364952087402,-818.9338869513355,5236.062605240939,376.36151622226174
1773,native_common,6311,168.1000025048852,-1.4,3,2.0,6.456173896789551,-6.3438849449157715,-816.670273231616,5232.994348037872,376.3756533381817
1773,native_common,6351,170.10000253468752,0.0,0,0.5,0.3395509719848633,-1.4118261337280273,-820.2056146347722,5238.801018944334,376.35100349404354
1773,native_common,6351,170.10000253468752,0.0,1,1.0,1.7752219438552856,-2.6540682315826416,-819.0542677572195,5237.29149068301,376.3574350543217
1773,native_common,6351,170.10000253468752,0.0,2,1.5,4.15919303894043,-4.167804718017578,-817.0301675768851,5235.322319024262,376.36732297221835
1773,native_common,6351,170.10000253468752,0.0,3,2.0,7.282552719116211,-6.159728050231934,-814.3800718813382,5232.733891140546,376.3802901775614
1773,native_common,6351,170.10000253468752,-1.4,0,0.5,0.3395509719848633,-1.4118261337280273,-821.5760335281972,5239.087255881652,376.3464788660255
1773,native_common,6351,170.10000253468752,-1.4,1,1.0,1.7752219438552856,-2.6540682315826416,-820.4246866506444,5237.577727620328,376.35291042630365
1773,native_common,6351,170.10000253468752,-1.4,2,1.5,4.15919303894043,-4.167804718017578,-818.40058647031,5235.608555961579,376.36279834420037
1773,native_common,6351,170.10000253468752,-1.4,3,2.0,7.282552719116211,-6.159728050231934,-815.7504907747631,5233.020128077865,376.3757655495434
1773,native_common,6391,172.10000256448984,0.0,0,0.5,0.013605661690235138,-0.815316379070282,-820.3940898466853,5239.425251165549,376.3492209813718
1773,native_common,6391,172.10000256448984,0.0,1,1.0,0.9762201309204102,-1.7617143392562866,-819.6347266512007,5238.30917394166,376.35512717108475
1773,native_common,6391,172.10000256448984,0.0,2,1.5,2.869328498840332,-3.321871280670166,-818.0825745213156,5236.409528924045,376.36615201912554
1773,native_common,6391,172.10000256448984,0.0,3,2.0,5.456658363342285,-5.69490385055542,-816.00822535874,5233.577145922502,376.3816919601924
1773,native_common,6391,172.10000256448984,-1.4,0,0.5,0.013605661690235138,-0.815316379070282,-821.7671510988996,5239.698505812327,376.3433306773598
1773,native_common,6391,172.10000256448984,-1.4,1,1.0,0.9762201309204102,-1.7617143392562866,-821.0077879034151,5238.582428588439,376.34923686707276
1773,native_common,6391,172.10000256448984,-1.4,2,1.5,2.869328498840332,-3.321871280670166,-819.4556357735298,5236.6827835708245,376.36026171511355
1773,native_common,6391,172.10000256448984,-1.4,3,2.0,5.456658363342285,-5.69490385055542,-817.3812866109544,5233.85040056928,376.3758016561804
1773,native_common,6431,174.10000259429216,0.0,0,0.5,-0.054974086582660675,-1.042860984802246,-820.4953184449066,5239.192185754412,376.34947082033193
1773,native_common,6431,174.10000259429216,0.0,1,1.0,0.8833728432655334,-2.0361499786376953,-819.7584701048203,5238.041473319371,376.35525023043886
1773,native_common,6431,174.10000259429216,0.0,2,1.5,2.8302996158599854,-3.553661346435547,-818.1283777677602,5236.187816442979,376.36619401887367
1773,native_common,6431,174.10000259429216,0.0,3,2.0,5.598091125488281,-5.841329574584961,-815.8352891168582,5233.4245592578245,376.3820032141046
1773,native_common,6431,174.10000259429216,-1.4,0,0.5,-0.054974086582660675,-1.042860984802246,-821.870795510755,5239.453010593799,376.3437050173459
1773,native_common,6431,174.10000259429216,-1.4,1,1.0,0.8833728432655334,-2.0361499786376953,-821.1339471706686,5238.302298158757,376.3494844274528
1773,native_common,6431,174.10000259429216,-1.4,2,1.5,2.8302996158599854,-3.553661346435547,-819.5038548336086,5236.448641282366,376.3604282158876
1773,native_common,6431,174.10000259429216,-1.4,3,2.0,5.598091125488281,-5.841329574584961,-817.2107661827066,5233.685384097212,376.37623741111855
1773,native_common,6471,176.1000026240945,0.0,0,0.5,0.07328302413225174,-1.1619670391082764,-820.3803762881714,5239.030012568199,376.3500751811972
1773,native_common,6471,176.1000026240945,0.0,1,1.0,1.4194750785827637,-2.2028732299804688,-819.2404292726137,5237.766607419507,376.35692920492517
1773,native_common,6471,176.1000026240945,0.0,2,1.5,3.823084592819214,-3.695279836654663,-817.1400532581116,5235.871112304272,376.3685499793683
1773,native_common,6471,176.1000026240945,0.0,3,2.0,6.950202465057373,-5.901256084442139,-814.454386104077,5233.144915853973,376.3841141944507
1773,native_common,6471,176.1000026240945,-1.4,0,0.5,0.07328302413225174,-1.1619670391082764,-821.7581174317668,5239.27861106422,376.3447715012903
1773,native_common,6471,176.1000026240945,-1.4,1,1.0,1.4194750785827637,-2.2028732299804688,-820.6181704162091,5238.015205915528,376.3516255250183
1773,native_common,6471,176.1000026240945,-1.4,2,1.5,3.823084592819214,-3.695279836654663,-818.517794401707,5236.119710800293,376.3632462994614
1773,native_common,6471,176.1000026240945,-1.4,3,2.0,6.950202465057373,-5.901256084442139,-815.8321272476724,5233.393514349994,376.3788105145438
1773,native_common,6511,178.1000026538968,0.0,0,0.5,0.25883159041404724,-1.0246891975402832,-820.1608832095466,5239.113459548078,376.35054552915534
1773,native_common,6511,178.1000026538968,0.0,1,1.0,1.5974302291870117,-2.004901647567749,-819.0049463635634,5237.923318209903,376.35657596692323
1773,native_common,6511,178.1000026538968,0.0,2,1.5,3.9477932453155518,-3.4649906158447266,-816.93168487239,5236.090956355626,376.3667212652149
1773,native_common,6511,178.1000026538968,0.0,3,2.0,7.03861141204834,-5.621935844421387,-814.2448553806992,5233.447790062456,376.38046492247116
1773,native_common,6511,178.1000026538968,-1.4,0,0.5,0.25883159041404724,-1.0246891975402832,-821.5411848426007,5239.34743935538,376.3459791779454
1773,native_common,6511,178.1000026538968,-1.4,1,1.0,1.5974302291870117,-2.004901647567749,-820.3852479966175,5238.157298017204,376.35200961571326
1773,native_common,6511,178.1000026538968,-1.4,2,1.5,3.9477932453155518,-3.4649906158447266,-818.3119865054441,5236.324936162927,376.3621549140049
1773,native_common,6511,178.1000026538968,-1.4,3,2.0,7.03861141204834,-5.621935844421387,-815.6251570137533,5233.681769869757,376.3758985712612
1773,native_common,6551,180.10000268369913,0.0,0,0.5,0.2840581238269806,-1.0101239681243896,-820.1211486342116,5239.1013103099585,376.35113329458994
1773,native_common,6551,180.10000268369913,0.0,1,1.0,1.5021871328353882,-1.9510645866394043,-819.0663757830546,5237.980323323969,376.35820010875454
1773,native_common,6551,180.10000268369913,0.0,2,1.5,3.650430202484131,-3.207900285720825,-817.1428353513284,5236.4009425931245,376.3697316017581
1773,native_common,6551,180.10000268369913,0.0,3,2.0,6.661808013916016,-5.0763678550720215,-814.4632353668673,5234.081666419418,376.3861430081044
1773,native_common,6551,180.10000268369913,-1.4,0,0.5,0.2840581238269806,-1.0101239681243896,-821.5036765438437,5239.321730344467,376.34551302097094
1773,native_common,6551,180.10000268369913,-1.4,1,1.0,1.5021871328353882,-1.9510645866394043,-820.4489036926866,5238.200743358478,376.35257983513554
1773,native_common,6551,180.10000268369913,-1.4,2,1.5,3.650430202484131,-3.207900285720825,-818.5253632609605,5236.621362627633,376.364111328139
1773,native_common,6551,180.10000268369913,-1.4,3,2.0,6.661808013916016,-5.0763678550720215,-815.8457632764994,5234.302086453928,376.38052273448534
1773,native_common,6591,182.10000271350145,0.0,0,0.5,-0.07074897736310959,-1.0397942066192627,-820.4637056991203,5239.100087496602,376.34947128758824
1773,native_common,6591,182.10000271350145,0.0,1,1.0,1.0584858655929565,-2.0253889560699463,-819.4917317916675,5237.959126056929,376.35595643230374
1773,native_common,6591,182.10000271350145,0.0,2,1.5,3.2641568183898926,-3.433603048324585,-817.517200181514,5236.241819716136,376.3675811480046
1773,native_common,6591,182.10000271350145,0.0,3,2.0,6.231593132019043,-5.560736656188965,-814.8949395889865,5233.701373778454,376.38368964702033
1773,native_common,6591,182.10000271350145,-1.4,0,0.5,-0.07074897736310959,-1.0397942066192627,-821.8484687246851,5239.306000756808,376.343895240607
1773,native_common,6591,182.10000271350145,-1.4,1,1.0,1.0584858655929565,-2.0253889560699463,-820.8764948172322,5238.165039317135,376.3503803853225
1773,native_common,6591,182.10000271350145,-1.4,2,1.5,3.2641568183898926,-3.433603048324585,-818.9019632070788,5236.447732976342,376.3620051010234
1773,native_common,6591,182.10000271350145,-1.4,3,2.0,6.231593132019043,-5.560736656188965,-816.2797026145513,5233.90728703866,376.3781136000391
1773,native_common,6631,184.10000274330378,0.0,0,0.5,0.10020308941602707,-1.2099967002868652,-820.3041775132609,5238.88185908434,376.350474633511
1773,native_common,6631,184.10000274330378,0.0,1,1.0,1.2678147554397583,-2.318979263305664,-819.2982417523892,5237.624398575767,376.35723052676485
1773,native_common,6631,184.10000274330378,0.0,2,1.5,3.4076333045959473,-3.6804280281066895,-817.3634735137381,5235.984607661428,376.36835628282876
1773,native_common,6631,184.10000274330378,0.0,3,2.0,6.394251823425293,-5.569357872009277,-814.6615152090669,5233.707081158777,376.3838637566444
1773,native_common,6631,184.10000274330378,-1.4,0,0.5,0.10020308941602707,-1.2099967002868652,-821.6911604760799,5239.072244907042,376.34486220408667
1773,native_common,6631,184.10000274330378,-1.4,1,1.0,1.2678147554397583,-2.318979263305664,-820.6852247152082,5237.814784398469,376.35161809734046
1773,native_common,6631,184.10000274330378,-1.4,2,1.5,3.4076333045959473,-3.6804280281066895,-818.7504564765571,5236.174993484129,376.3627438534044
1773,native_common,6631,184.10000274330378,-1.4,3,2.0,6.394251823425293,-5.569357872009277,-816.0484981718859,5233.897466981479,376.37825132722
1773,native_common,6671,186.1000027731061,0.0,0,0.5,0.16559374332427979,-0.9973427057266235,-820.1969326177189,5239.061084599731,376.35025357044157
1773,native_common,6671,186.1000027731061,0.0,1,1.0,1.3895601034164429,-2.141993522644043,-819.1252476269065,5237.772763191117,376.35644807447574
1773,native_common,6671,186.1000027731061,0.0,2,1.5,3.5220131874084473,-3.7864763736724854,-817.2144930597694,5235.875240353353,376.36664940198835
1773,native_common,6671,186.1000027731061,0.0,3,2.0,6.2878570556640625,-6.124434471130371,-814.7617613906442,5233.2106834724555,376.3802272062048
1773,native_common,6671,186.1000027731061,-1.4,0,0.5,0.16559374332427979,-0.9973427057266235,-821.5859997570708,5239.235637558117,376.34538047168314
1773,native_common,6671,186.1000027731061,-1.4,1,1.0,1.3895601034164429,-2.141993522644043,-820.5143147662584,5237.9473161495025,376.35157497571737
1773,native_common,6671,186.1000027731061,-1.4,2,1.5,3.5220131874084473,-3.7864763736724854,-818.6035601991214,5236.049793311738,376.36177630323
1773,native_common,6671,186.1000027731061,-1.4,3,2.0,6.2878570556640625,-6.124434471130371,-816.1508285299961,5233.38523643084,376.3753541074464
1773,native_common,6711,188.10000280290842,0.0,0,0.5,-0.12057704478502274,-1.3641149997711182,-820.5103238027651,5238.712045495518,376.35003481942766
1773,native_common,6711,188.10000280290842,0.0,1,1.0,0.9861574769020081,-2.268129587173462,-819.5149707847789,5237.686696548283,376.35599986090875
1773,native_common,6711,188.10000280290842,0.0,2,1.5,3.2218570709228516,-3.1099257469177246,-817.3909988884395,5236.593253440463,376.36594987521204
1773,native_common,6711,188.10000280290842,0.0,3,2.0,6.466309547424316,-4.359915733337402,-814.3119507996983,5234.978261349038,376.38044988491095
1773,native_common,6711,188.10000280290842,-1.4,0,0.5,-0.12057704478502274,-1.3641149997711182,-821.9010163262375,5238.873130042884,376.34492857248773
1773,native_common,6711,188.10000280290842,-1.4,1,1.0,0.9861574769020081,-2.268129587173462,-820.9056633082513,5237.847781095649,376.3508936139689
1773,native_common,6711,188.10000280290842,-1.4,2,1.5,3.2218570709228516,-3.1099257469177246,-818.7816914119119,5236.754337987829,376.3608436282721
1773,native_common,6711,188.10000280290842,-1.4,3,2.0,6.466309547424316,-4.359915733337402,-815.7026433231706,5235.139345896404,376.375343637971
1773,native_common,6751,190.10000283271074,0.0,0,0.5,0.15447044372558594,-1.307887315750122,-820.2110151190287,5238.713437002091,376.3514922298071
1773,native_common,6751,190.10000283271074,0.0,1,1.0,0.9613664746284485,-2.833343982696533,-819.5655018231014,5237.113009379148,376.35806915270626
1773,native_common,6751,190.10000283271074,0.0,2,1.5,2.3849589824676514,-4.561978340148926,-818.3274974864281,5235.246984642699,376.3675198395418
1773,native_common,6751,190.10000283271074,0.0,3,2.0,4.415688514709473,-6.597193717956543,-816.5171588818442,5233.013493765401,376.38003802485946
1773,native_common,6751,190.10000283271074,-1.4,0,0.5,0.15447044372558594,-1.307887315750122,-821.6035628042662,5238.857592395691,376.34599979539195
1773,native_common,6751,190.10000283271074,-1.4,1,1.0,0.9613664746284485,-2.833343982696533,-820.958049508339,5237.257164772747,376.35257671829106
1773,native_common,6751,190.10000283271074,-1.4,2,1.5,2.3849589824676514,-4.561978340148926,-819.7200451716657,5235.391140036299,376.36202740512664
1773,native_common,6751,190.10000283271074,-1.4,3,2.0,4.415688514709473,-6.597193717956543,-817.9097065670818,5233.157649159,376.3745455904443
1773,native_common,6791,192.10000286251307,0.0,0,0.5,-0.11388541013002396,-1.1262845993041992,-820.4445003412968,5238.898427914,376.3497173932998
1773,native_common,6791,192.10000286251307,0.0,1,1.0,0.5952673554420471,-2.441237688064575,-819.8604719684087,5237.523335400306,376.3552589635647
1773,native_common,6791,192.10000286251307,0.0,2,1.5,1.9794905185699463,-3.9821529388427734,-818.6252669790921,5235.8606007170665,376.3639528086612
1773,native_common,6791,192.10000286251307,0.0,3,2.0,3.9499783515930176,-5.937440395355225,-816.8447958157981,5233.730870083541,376.37583569505387
1773,native_common,6791,192.10000286251307,-1.4,0,0.5,-0.11388541013002396,-1.1262845993041992,-821.8384460595659,5239.028367657978,376.34414985754756
1773,native_common,6791,192.10000286251307,-1.4,1,1.0,0.5952673554420471,-2.441237688064575,-821.2544176866777,5237.653275144284,376.3496914278125
1773,native_common,6791,192.10000286251307,-1.4,2,1.5,1.9794905185699463,-3.9821529388427734,-820.0192126973611,5235.9905404610445,376.358385272909
1773,native_common,6791,192.10000286251307,-1.4,3,2.0,3.9499783515930176,-5.937440395355225,-818.2387415340671,5233.860809827519,376.37026815930165
1773,native_common,6831,194.1000028923154,0.0,0,0.5,0.06040046364068985,-0.9862622618675232,-820.2425754105095,5238.999887111775,376.3526911151346
1773,native_common,6831,194.1000028923154,0.0,1,1.0,1.0910053253173828,-2.0584909915924072,-819.3021298092701,5237.847795773017,376.3609644474574
1773,native_common,6831,194.1000028923154,0.0,2,1.5,2.9779367446899414,-3.469315767288208,-817.5355730468323,5236.288934357026,376.3738104565802
1773,native_common,6831,194.1000028923154,0.0,3,2.0,5.530119895935059,-5.541707992553711,-815.1594894985402,5234.016853985787,376.39186955420314
1773,native_common,6831,194.1000028923154,-1.4,0,0.5,0.06040046364068985,-0.9862622618675232,-821.6379755201153,5239.11316471579,376.3475221171038
1773,native_common,6831,194.1000028923154,-1.4,1,1.0,1.0910053253173828,-2.0584909915924072,-820.697529918876,5237.961073377032,376.35579544942664
1773,native_common,6831,194.1000028923154,-1.4,2,1.5,2.9779367446899414,-3.469315767288208,-818.9309731564381,5236.402211961041,376.36864145854946
1773,native_common,6831,194.1000028923154,-1.4,3,2.0,5.530119895935059,-5.541707992553711,-816.554889608146,5234.130131589803,376.38670055617234
1773,native_common,6871,196.1000029221177,0.0,0,0.5,0.272671639919281,-1.1811976432800293,-820.0289585671783,5238.769481382665,376.35770690015124
1773,native_common,6871,196.1000029221177,0.0,1,1.0,1.3061885833740234,-2.671445608139038,-819.1020005623672,5237.210782446245,376.3719460044913
1773,native_common,6871,196.1000029221177,0.0,2,1.5,2.972893714904785,-4.657968997955322,-817.5780467528288,5235.112844612878,376.39201606884774
1773,native_common,6871,196.1000029221177,0.0,3,2.0,5.143881320953369,-7.160956382751465,-815.5870970164157,5232.464524559847,376.41757145675444
1773,native_common,6871,196.1000029221177,-1.4,0,0.5,0.272671639919281,-1.1811976432800293,-821.4255356139569,5238.867178456574,376.3524310911185
1773,native_common,6871,196.1000029221177,-1.4,1,1.0,1.3061885833740234,-2.671445608139038,-820.4985776091456,5237.308479520154,376.36667019545854
1773,native_common,6871,196.1000029221177,-1.4,2,1.5,2.972893714904785,-4.657968997955322,-818.9746237996072,5235.210541686788,376.38674025981504
1773,native_common,6871,196.1000029221177,-1.4,3,2.0,5.143881320953369,-7.160956382751465,-816.9836740631941,5232.562221633756,376.4122956477217
1773,native_common,6911,198.10000295192003,0.0,0,0.5,2.65781569480896,0.5124455094337463,-817.5315583656463,5240.298579226615,376.3545360941234
1773,native_common,6911,198.10000295192003,0.0,1,1.0,3.371769905090332,-0.14159786701202393,-816.8572001581379,5239.603808729558,376.3607261697436
1773,native_common,6911,198.10000295192003,0.0,2,1.5,3.3780062198638916,-0.7973189353942871,-816.8894365024267,5238.948861951957,376.3645403221078
1773,native_common,6911,198.10000295192003,0.0,3,2.0,3.1345365047454834,-1.4477136135101318,-817.170635379079,5238.313874331462,376.3674819353886
1773,native_common,6911,198.10000295192003,-1.4,0,0.5,2.65781569480896,0.5124455094337463,-818.92914151242,5240.380671106709,376.3498168699332
1773,native_common,6911,198.10000295192003,-1.4,1,1.0,3.371769905090332,-0.14159786701202393,-818.2547833049115,5239.685900609652,376.35600694555336
1773,native_common,6911,198.10000295192003,-1.4,2,1.5,3.3780062198638916,-0.7973189353942871,-818.2870196492004,5239.030953832051,376.3598210979176
1773,native_common,6911,198.10000295192003,-1.4,3,2.0,3.1345365047454834,-1.4477136135101318,-818.5682185258527,5238.395966211556,376.36276271119834
1773,pi_common,7126,0.10000000149011612,0.0,0,0.5,0.7861884832382202,-0.29707038402557373,-818.79054494961,5286.738759566029,376.31570228463346
1773,pi_common,7126,0.10000000149011612,0.0,1,1.0,2.807748794555664,-0.24090507626533508,-818.7380043333314,5284.717102042448,376.3166897417956
1773,pi_common,7126,0.10000000149011612,0.0,2,1.5,6.27263879776001,-0.2044956088066101,-818.7078073753308,5281.252152738993,376.31837848181976
1773,pi_common,7126,0.10000000149011612,0.0,3,2.0,10.319514274597168,-0.3393166661262512,-818.8498841502301,5277.205525972697,376.3203398217611
1773,pi_common,7126,0.10000000149011612,-1.4,0,0.5,0.7861884832382202,-0.29707038402557373,-818.7880347887668,5288.138757149868,376.315020860553
1773,pi_common,7126,0.10000000149011612,-1.4,1,1.0,2.807748794555664,-0.24090507626533508,-818.7354941724882,5286.117099626286,376.31600831771505
1773,pi_common,7126,0.10000000149011612,-1.4,2,1.5,6.27263879776001,-0.2044956088066101,-818.7052972144877,5282.652150322831,376.3176970577392
1773,pi_common,7126,0.10000000149011612,-1.4,3,2.0,10.319514274597168,-0.3393166661262512,-818.8473739893869,5278.605523556535,376.31965839768054
1773,pi_common,7166,2.1000000312924385,0.0,0,0.5,2.304698944091797,0.04868176579475403,-818.4567714120406,5281.306610228625,376.3545991248811
1773,pi_common,7166,2.1000000312924385,0.0,1,1.0,5.734557151794434,0.1146664023399353,-818.396813045588,5277.876735154638,376.37996186016954
1773,pi_common,7166,2.1000000312924385,0.0,2,1.5,9.724222183227539,0.07729274034500122,-818.4411963758274,5273.887250706823,376.4094205481084
1773,pi_common,7166,2.1000000312924385,0.0,3,2.0,13.854791641235352,0.03154781460762024,-818.4941985214043,5269.756880579565,376.4399169424985
1773,pi_common,7166,2.1000000312924385,-1.4,0,0.5,2.304698944091797,0.04868176579475403,-818.4543116516859,5282.706569866306,376.34425686000935
1773,pi_common,7166,2.1000000312924385,-1.4,1,1.0,5.734557151794434,0.1146664023399353,-818.3943532852335,5279.276694792318,376.3696195952978
1773,pi_common,7166,2.1000000312924385,-1.4,2,1.5,9.724222183227539,0.07729274034500122,-818.4387366154729,5275.287210344504,376.3990782832367
1773,pi_common,7166,2.1000000312924385,-1.4,3,2.0,13.854791641235352,0.03154781460762024,-818.4917387610498,5271.156840217246,376.4295746776267
1773,pi_common,7206,4.100000061094761,0.0,0,0.5,2.648263692855835,0.22508814930915833,-818.2580137768628,5267.891529627106,376.3456311271779
1773,pi_common,7206,4.100000061094761,0.0,1,1.0,6.2106194496154785,0.2743872404098511,-818.1973949228604,5264.329351460756,376.3502141195668
1773,pi_common,7206,4.100000061094761,0.0,2,1.5,10.125316619873047,0.2564924359321594,-818.2028499983905,5260.414620430805,376.35525040182614
1773,pi_common,7206,4.100000061094761,0.0,3,2.0,14.166681289672852,0.20121829211711884,-818.2452817162834,5256.373103866136,376.3604496428643
1773,pi_common,7206,4.100000061094761,-1.4,0,0.5,2.648263692855835,0.22508814930915833,-818.2624625230319,5269.291521400177,376.3438300185137
1773,pi_common,7206,4.100000061094761,-1.4,1,1.0,6.2106194496154785,0.2743872404098511,-818.2018436690296,5265.7293432338265,376.34841301090256
1773,pi_common,7206,4.100000061094761,-1.4,2,1.5,10.125316619873047,0.2564924359321594,-818.2072987445597,5261.814612203875,376.35344929316193
1773,pi_common,7206,4.100000061094761,-1.4,3,2.0,14.166681289672852,0.20121829211711884,-818.2497304624527,5257.773095639206,376.3586485342001
1773,pi_common,7246,6.100000090897083,0.0,0,0.5,3.0855183601379395,-0.18467067182064056,-818.7370811296875,5254.536895329235,376.3406778295988
1773,pi_common,7246,6.100000090897083,0.0,1,1.0,6.498579025268555,-0.14662382006645203,-818.7220414409353,5251.123661394531,376.33446642627706
1773,pi_common,7246,6.100000090897083,0.0,2,1.5,9.249862670898438,-0.10753817856311798,-818.7015021689549,5248.372181349487,376.3294578223855
1773,pi_common,7246,6.100000090897083,0.0,3,2.0,10.427370071411133,-0.07561257481575012,-818.6775144737378,5247.194487456425,376.32731139286676
1773,pi_common,7246,6.100000090897083,-1.4,0,0.5,3.0855183601379395,-0.18467067182064056,-818.7276441988959,5255.936861210093,376.3432227795508
1773,pi_common,7246,6.100000090897083,-1.4,1,1.0,6.498579025268555,-0.14662382006645203,-818.7126045101437,5252.523627275389,376.337011376229
1773,pi_common,7246,6.100000090897083,-1.4,2,1.5,9.249862670898438,-0.10753817856311798,-818.6920652381633,5249.772147230345,376.3320027723375
1773,pi_common,7246,6.100000090897083,-1.4,3,2.0,10.427370071411133,-0.07561257481575012,-818.6680775429462,5248.594453337283,376.3298563428187
1773,pi_common,7286,8.100000120699406,0.0,0,0.5,2.2355844974517822,-0.72226482629776,-819.2999643917835,5250.360233545097,376.34259807267546
1773,pi_common,7286,8.100000120699406,0.0,1,1.0,4.030625820159912,-0.7680171132087708,-819.3568040425233,5248.565513274158,376.3387218410303
1773,pi_common,7286,8.100000120699406,0.0,2,1.5,4.5543107986450195,-0.8143436908721924,-819.4063646161617,5248.04212567658,376.3375901468736
1773,pi_common,7286,8.100000120699406,0.0,3,2.0,4.821362495422363,-0.869815468788147,-819.4634849536828,5247.775422358362,376.3370122283578
1773,pi_common,7286,8.100000120699406,-1.4,0,0.5,2.2355844974517822,-0.72226482629776,-819.2913163839253,5251.760203572593,376.3456203355185
1773,pi_common,7286,8.100000120699406,-1.4,1,1.0,4.030625820159912,-0.7680171132087708,-819.3481560346651,5249.965483301654,376.34174410387334
1773,pi_common,7286,8.100000120699406,-1.4,2,1.5,4.5543107986450195,-0.8143436908721924,-819.3977166083034,5249.442095704077,376.34061240971664
1773,pi_common,7286,8.100000120699406,-1.4,3,2.0,4.821362495422363,-0.869815468788147,-819.4548369458246,5249.175392385859,376.34003449120087
1773,pi_common,7326,10.100000150501728,0.0,0,0.5,1.4810148477554321,-0.10927583277225494,-818.689355720897,5249.017068926286,376.3475971475264
1773,pi_common,7326,10.100000150501728,0.0,1,1.0,2.001317262649536,-0.12095404416322708,-818.7034578509915,5248.496826566271,376.3476155477989
1773,pi_common,7326,10.100000150501728,0.0,2,1.5,2.098658323287964,-0.13660669326782227,-818.7195638336212,5248.399559486363,376.3476154609123
1773,pi_common,7326,10.100000150501728,0.0,3,2.0,2.278230667114258,-0.13240480422973633,-818.7161986030025,5248.219969515348,376.3476239687532
1773,pi_common,7326,10.100000150501728,-1.4,0,0.5,1.4810148477554321,-0.10927583277225494,-818.682833236883,5250.417053731157,376.3475394025519
1773,pi_common,7326,10.100000150501728,-1.4,1,1.0,2.001317262649536,-0.12095404416322708,-818.6969353669776,5249.896811371141,376.3475578028244
1773,pi_common,7326,10.100000150501728,-1.4,2,1.5,2.098658323287964,-0.13660669326782227,-818.7130413496072,5249.799544291233,376.34755771593774
1773,pi_common,7326,10.100000150501728,-1.4,3,2.0,2.278230667114258,-0.13240480422973633,-818.7096761189885,5249.619954320218,376.34756622377864
1773,pi_common,7366,12.10000018030405,0.0,0,0.5,1.3783512115478516,-0.1011682003736496,-818.6912983473657,5247.596408442214,376.34904985541294
1773,pi_common,7366,12.10000018030405,0.0,1,1.0,1.9157310724258423,-0.17986518144607544,-818.7732473214675,5247.059515197668,376.3496323594699
1773,pi_common,7366,12.10000018030405,0.0,2,1.5,2.1401190757751465,-0.24117860198020935,-818.835918120618,5246.835502648637,376.3498781142441
1773,pi_common,7366,12.10000018030405,0.0,3,2.0,2.4970738887786865,-0.3016752302646637,-818.8985747360016,5246.478920850405,376.35026577240995
1773,pi_common,7366,12.10000018030405,-1.4,0,0.5,1.3783512115478516,-0.1011682003736496,-818.6828223878374,5248.996381981254,376.3475504890359
1773,pi_common,7366,12.10000018030405,-1.4,1,1.0,1.9157310724258423,-0.17986518144607544,-818.7647713619392,5248.459488736707,376.34813299309286
1773,pi_common,7366,12.10000018030405,-1.4,2,1.5,2.1401190757751465,-0.24117860198020935,-818.8274421610897,5248.235476187677,376.348378747867
1773,pi_common,7366,12.10000018030405,-1.4,3,2.0,2.4970738887786865,-0.3016752302646637,-818.8900987764733,5247.878894389445,376.34876640603284
1773,pi_common,7406,14.100000210106373,0.0,0,0.5,0.4870774745941162,-0.6964514851570129,-819.287768683557,5246.767597701993,376.3479442060266
1773,pi_common,7406,14.100000210106373,0.0,1,1.0,0.5358500480651855,-0.7877860069274902,-819.3793604523428,5246.719309959818,376.3479189800676
1773,pi_common,7406,14.100000210106373,0.0,2,1.5,0.5985541939735413,-0.7513159513473511,-819.3432232869103,5246.656413389094,376.34787981556167
1773,pi_common,7406,14.100000210106373,0.0,3,2.0,0.9498587846755981,-0.8019323348999023,-819.395701130117,5246.305382099422,376.3476715473793
1773,pi_common,7406,14.100000210106373,-1.4,0,0.5,0.4870774745941162,-0.6964514851570129,-819.2803476614746,5248.167577782151,376.34878301014766
1773,pi_common,7406,14.100000210106373,-1.4,1,1.0,0.5358500480651855,-0.7877860069274902,-819.3719394302603,5248.119290039976,376.34875778418865
1773,pi_common,7406,14.100000210106373,-1.4,2,1.5,0.5985541939735413,-0.7513159513473511,-819.3358022648279,5248.056393469252,376.3487186196827
1773,pi_common,7406,14.100000210106373,-1.4,3,2.0,0.9498587846755981,-0.8019323348999023,-819.3882801080346,5247.705362179579,376.34851035150035
1773,pi_common,7446,16.100000239908695,0.0,0,0.5,0.4997832775115967,-0.6680510640144348,-819.2665246757836,5245.419634004999,376.34819457881923
1773,pi_common,7446,16.100000239908695,0.0,1,1.0,0.6321104764938354,-0.7100938558578491,-819.3093356035674,5245.287553316301,376.3482030315693
1773,pi_common,7446,16.100000239908695,0.0,2,1.5,0.7675943970680237,-0.6584768891334534,-819.2585066948916,5245.151771778517,376.34820831728905
1773,pi_common,7446,16.100000239908695,0.0,3,2.0,1.1987037658691406,-0.723961591720581,-819.3264951176575,5244.721050165539,376.34823331161
1773,pi_common,7446,16.100000239908695,-1.4,0,0.5,0.4997832775115967,-0.6680510640144348,-819.2583904155916,5246.819610372084,376.3481209790076
1773,pi_common,7446,16.100000239908695,-1.4,1,1.0,0.6321104764938354,-0.7100938558578491,-819.3012013433755,5246.687529683385,376.3481294317577
1773,pi_common,7446,16.100000239908695,-1.4,2,1.5,0.7675943970680237,-0.6584768891334534,-819.2503724346997,5246.551748145602,376.3481347174774
1773,pi_common,7446,16.100000239908695,-1.4,3,2.0,1.1987037658691406,-0.723961591720581,-819.3183608574654,5246.121026532624,376.34815971179836
1773,pi_common,7486,18.100000269711018,0.0,0,0.5,0.5523126721382141,0.24620765447616577,-818.3594597170166,5244.386953827147,376.3483532703188
1773,pi_common,7486,18.100000269711018,0.0,1,1.0,0.7997652292251587,0.24140435457229614,-818.36593541874,5244.139539394887,376.34841405876654
1773,pi_common,7486,18.100000269711018,0.0,2,1.5,0.939872145652771,0.1841174066066742,-818.4241680291793,5243.9998228817285,376.3484524046394
1773,pi_common,7486,18.100000269711018,0.0,3,2.0,1.2640422582626343,0.10309803485870361,-818.5073765893007,5243.676207788132,376.3485374179607
1773,pi_common,7486,18.100000269711018,-1.4,0,0.5,0.5523126721382141,0.24620765447616577,-818.3499972317823,5245.786921806936,376.3480113065698
1773,pi_common,7486,18.100000269711018,-1.4,1,1.0,0.7997652292251587,0.24140435457229614,-818.3564729335056,5245.539507374676,376.34807209501747
1773,pi_common,7486,18.100000269711018,-1.4,2,1.5,0.939872145652771,0.1841174066066742,-818.4147055439448,5245.399790861517,376.3481104408903
1773,pi_common,7486,18.100000269711018,-1.4,3,2.0,1.2640422582626343,0.10309803485870361,-818.4979141040664,5245.076175767921,376.3481954542117
1773,pi_common,7526,20.10000029951334,0.0,0,0.5,0.7676982879638672,0.7203487157821655,-817.8959511387891,5242.636414688498,376.34850320619273
1773,pi_common,7526,20.10000029951334,0.0,1,1.0,1.3809127807617188,0.6933358907699585,-817.9268742274782,5242.023384977069,376.34870908078557
1773,pi_common,7526,20.10000029951334,0.0,2,1.5,1.8226711750030518,0.5737745761871338,-818.0492504515605,5241.582398103647,376.34886424827477
1773,pi_common,7526,20.10000029951334,0.0,3,2.0,2.3200109004974365,0.5155365467071533,-818.11065911117,5241.085439937963,376.3490337084081
1773,pi_common,7526,20.10000029951334,-1.4,0,0.5,0.7676982879638672,0.7203487157821655,-817.8870225527816,5244.036386139415,376.34803740783786
1773,pi_common,7526,20.10000029951334,-1.4,1,1.0,1.3809127807617188,0.6933358907699585,-817.9179456414706,5243.423356427987,376.34824328243076
1773,pi_common,7526,20.10000029951334,-1.4,2,1.5,1.8226711750030518,0.5737745761871338,-818.040321865553,5242.982369554566,376.34839844991996
1773,pi_common,7526,20.10000029951334,-1.4,3,2.0,2.3200109004974365,0.5155365467071533,-818.1017305251625,5242.4854113888805,376.34856791005325
1773,pi_common,7566,22.100000329315662,0.0,0,0.5,0.6294631958007812,-0.3918568193912506,-819.0319902201095,5241.939291868951,376.3496370882262
1773,pi_common,7566,22.100000329315662,0.0,1,1.0,1.6782618761062622,-0.45553192496299744,-819.0768392630042,5240.88951993819,376.3488323413146
1773,pi_common,7566,22.100000329315662,0.0,2,1.5,3.302055597305298,-0.36110055446624756,-818.9532916646095,5239.267682146248,376.34760747399974
1773,pi_common,7566,22.100000329315662,0.0,3,2.0,5.620787620544434,-0.3279110789299011,-818.8785086688282,5236.949919401228,376.34584729796796
1773,pi_common,7566,22.100000329315662,-1.4,0,0.5,0.6294631958007812,-0.3918568193912506,-819.0571067088363,5243.339066146429,376.350702032317
1773,pi_common,7566,22.100000329315662,-1.4,1,1.0,1.6782618761062622,-0.45553192496299744,-819.101955751731,5242.289294215668,376.34989728540546
1773,pi_common,7566,22.100000329315662,-1.4,2,1.5,3.302055597305298,-0.36110055446624756,-818.9784081533363,5240.667456423726,376.3486724180906
1773,pi_common,7566,22.100000329315662,-1.4,3,2.0,5.620787620544434,-0.3279110789299011,-818.903625157555,5238.349693678706,376.34691224205875
1773,pi_common,7606,24.100000359117985,0.0,0,0.5,0.48747605085372925,-0.3356607258319855,-819.025901671034,5242.051321987638,376.3496133838571
1773,pi_common,7606,24.100000359117985,0.0,1,1.0,1.020721435546875,-0.45394980907440186,-819.1203944274433,5241.513349889125,376.34931721115055
1773,pi_common,7606,24.100000359117985,0.0,2,1.5,1.7023868560791016,-0.47999441623687744,-819.1161428674172,5240.831200456843,376.3489385473531
1773,pi_common,7606,24.100000359117985,0.0,3,2.0,2.781231641769409,-0.5994561314582825,-819.1875788594675,5239.748115181834,376.34833928640336
1773,pi_common,7606,24.100000359117985,-1.4,0,0.5,0.48747605085372925,-0.3356607258319855,-819.0880709757499,5243.449940725072,376.3503911051638
1773,pi_common,7606,24.100000359117985,-1.4,1,1.0,1.020721435546875,-0.45394980907440186,-819.1825637321591,5242.9119686265585,376.35009493245724
1773,pi_common,7606,24.100000359117985,-1.4,2,1.5,1.7023868560791016,-0.47999441623687744,-819.178312172133,5242.229819194276,376.3497162686598
1773,pi_common,7606,24.100000359117985,-1.4,3,2.0,2.781231641769409,-0.5994561314582825,-819.2497481641834,5241.146733919268,376.34911700771005
1773,pi_common,7646,26.100000388920307,0.0,0,0.5,0.11919599026441574,-0.8656389117240906,-819.6268620750126,5242.349524892171,376.34986587357866
1773,pi_common,7646,26.100000388920307,0.0,1,1.0,0.3828660249710083,-1.0124359130859375,-819.7545985085225,5242.076111964699,376.349719394968
1773,pi_common,7646,26.100000388920307,0.0,2,1.5,0.9839593172073364,-0.9550296664237976,-819.6547258872143,5241.480600457814,376.3493618915047
1773,pi_common,7646,26.100000388920307,0.0,3,2.0,2.140268564224243,-1.0200221538543701,-819.6375854656224,5240.322593184286,376.34868471808284
1773,pi_common,7646,26.100000388920307,-1.4,0,0.5,0.11919599026441574,-0.8656389117240906,-819.726106427844,5243.746002560605,376.3506904918441
1773,pi_common,7646,26.100000388920307,-1.4,1,1.0,0.3828660249710083,-1.0124359130859375,-819.8538428613538,5243.472589633133,376.35054401323345
1773,pi_common,7646,26.100000388920307,-1.4,2,1.5,0.9839593172073364,-0.9550296664237976,-819.7539702400458,5242.877078126248,376.35018650977014
1773,pi_common,7646,26.100000388920307,-1.4,3,2.0,2.140268564224243,-1.0200221538543701,-819.7368298184538,5241.7190708527205,376.34950933634826
1773,pi_common,7686,28.10000041872263,0.0,0,0.5,0.30846360325813293,-0.16018208861351013,-818.9611936825501,5242.181222001375,376.3496286922108
1773,pi_common,7686,28.10000041872263,0.0,1,1.0,1.0603055953979492,-0.2633956968784332,-818.9901848896972,5241.42288254172,376.349177124457
1773,pi_common,7686,28.10000041872263,0.0,2,1.5,2.25801157951355,-0.4225428104400635,-819.0311190000357,5240.2153431801025,376.34845816859564
1773,pi_common,7686,28.10000041872263,0.0,3,2.0,3.995846748352051,-0.6988464593887329,-819.1356804218796,5238.458789567476,376.3474115043182
1773,pi_common,7686,28.10000041872263,-1.4,0,0.5,0.30846360325813293,-0.16018208861351013,-819.0984764659715,5243.574474582532,376.3504548124962
1773,pi_common,7686,28.10000041872263,-1.4,1,1.0,1.0603055953979492,-0.2633956968784332,-819.1274676731186,5242.816135122877,376.3500032447424
1773,pi_common,7686,28.10000041872263,-1.4,2,1.5,2.25801157951355,-0.4225428104400635,-819.1684017834572,5241.60859576126,376.34928428888105
1773,pi_common,7686,28.10000041872263,-1.4,3,2.0,3.995846748352051,-0.6988464593887329,-819.272963205301,5239.852042148634,376.3482376246036
1773,pi_common,7726,30.100000448524952,0.0,0,0.5,0.510002076625824,0.23726928234100342,-818.5926986261212,5241.999838795998,376.3494851001591
1773,pi_common,7726,30.100000448524952,0.0,1,1.0,1.1345051527023315,0.20966285467147827,-818.541801164007,5241.376801490224,376.3490717685726
1773,pi_common,7726,30.100000448524952,0.0,2,1.5,1.736262559890747,0.12101718783378601,-818.5543127808664,5240.768678701322,376.3486662871108
1773,pi_common,7726,30.100000448524952,0.0,3,2.0,2.429614305496216,0.034592702984809875,-818.5531387034658,5240.069962564623,376.34820091136737
1773,pi_common,7726,30.100000448524952,-1.4,0,0.5,0.510002076625824,0.23726928234100342,-818.76819907227,5243.38879478813,376.3504045136251
1773,pi_common,7726,30.100000448524952,-1.4,1,1.0,1.1345051527023315,0.20966285467147827,-818.7173016101557,5242.765757482357,376.34999118203865
1773,pi_common,7726,30.100000448524952,-1.4,2,1.5,1.736262559890747,0.12101718783378601,-818.7298132270151,5242.1576346934535,376.3495857005768
1773,pi_common,7726,30.100000448524952,-1.4,3,2.0,2.429614305496216,0.034592702984809875,-818.7286391496147,5241.458918556755,376.3491203248334
1773,pi_common,7766,32.100000478327274,0.0,0,0.5,0.31281760334968567,-1.0879936218261719,-819.9790008453568,5241.970994186345,376.3496113547987
1773,pi_common,7766,32.100000478327274,0.0,1,1.0,0.8602402210235596,-1.3065576553344727,-820.1114051105267,5241.396615627027,376.34923686095794
1773,pi_common,7766,32.100000478327274,0.0,2,1.5,2.0002331733703613,-1.2946252822875977,-819.925525679733,5240.271815859597,376.34844104422086
1773,pi_common,7766,32.100000478327274,0.0,3,2.0,3.9463958740234375,-1.4691309928894043,-819.8007883865712,5238.321831172378,376.34708910094264
1773,pi_common,7766,32.100000478327274,-1.4,0,0.5,0.31281760334968567,-1.0879936218261719,-820.1927932319936,5243.354573552058,376.35058817945077
1773,pi_common,7766,32.100000478327274,-1.4,1,1.0,0.8602402210235596,-1.3065576553344727,-820.3251974971635,5242.780194992742,376.35021368561
1773,pi_common,7766,32.100000478327274,-1.4,2,1.5,2.0002331733703613,-1.2946252822875977,-820.1393180663697,5241.655395225312,376.34941786887293
1773,pi_common,7766,32.100000478327274,-1.4,3,2.0,3.9463958740234375,-1.4691309928894043,-820.014580773208,5239.705410538092,376.34806592559477
1773,pi_common,7806,34.1000005081296,0.0,0,0.5,0.6667090058326721,-1.020512580871582,-819.892951613134,5241.576076484245,376.34920837356026
1773,pi_common,7806,34.1000005081296,0.0,1,1.0,1.4991849660873413,-1.3399134874343872,-820.0568657922545,5240.699626274082,376.34863000959353
1773,pi_common,7806,34.1000005081296,0.0,2,1.5,2.716336965560913,-1.4613665342330933,-819.9566577291787,5239.4805415738065,376.3478114459738
1773,pi_common,7806,34.1000005081296,0.0,3,2.0,4.584378719329834,-1.771450400352478,-819.9245130436718,5237.587211936811,376.3465454596164
1773,pi_common,7806,34.1000005081296,-1.4,0,0.5,0.6667090058326721,-1.020512580871582,-820.1456180720995,5242.9530873028325,376.35013896884146
1773,pi_common,7806,34.1000005081296,-1.4,1,1.0,1.4991849660873413,-1.3399134874343872,-820.3095322512202,5242.076637092669,376.3495606048747
1773,pi_common,7806,34.1000005081296,-1.4,2,1.5,2.716336965560913,-1.4613665342330933,-820.2093241881444,5240.857552392394,376.3487420412549
1773,pi_common,7806,34.1000005081296,-1.4,3,2.0,4.584378719329834,-1.771450400352478,-820.1771795026374,5238.964222755399,376.3474760548976
1773,pi_common,7846,36.10000053793192,0.0,0,0.5,0.6372079253196716,-0.7411664128303528,-819.6563968207822,5241.6105807960585,376.3490443963529
1773,pi_common,7846,36.10000053793192,0.0,1,1.0,2.0576562881469727,-1.0063073635101318,-819.6246280617564,5240.165948026494,376.3486175008926
1773,pi_common,7846,36.10000053793192,0.0,2,1.5,4.161296844482422,-1.105411410331726,-819.2902561967821,5238.086688475407,376.34800310685773
1773,pi_common,7846,36.10000053793192,0.0,3,2.0,7.015594005584717,-1.2887921333312988,-818.8844413900832,5235.255442386455,376.34716650436945
1773,pi_common,7846,36.10000053793192,-1.4,0,0.5,0.6372079253196716,-0.7411664128303528,-819.9434790805267,5242.980830266852,376.34944927873687
1773,pi_common,7846,36.10000053793192,-1.4,1,1.0,2.0576562881469727,-1.0063073635101318,-819.911710321501,5241.536197497288,376.3490223832766
1773,pi_common,7846,36.10000053793192,-1.4,2,1.5,4.161296844482422,-1.105411410331726,-819.5773384565266,5239.456937946201,376.34840798924165
1773,pi_common,7846,36.10000053793192,-1.4,3,2.0,7.015594005584717,-1.2887921333312988,-819.1715236498278,5236.625691857249,376.34757138675343
1773,pi_common,7886,38.10000056773424,0.0,0,0.5,0.8708787560462952,-0.6127386689186096,-819.5098969268552,5241.366103192085,376.3486142065045
1773,pi_common,7886,38.10000056773424,0.0,1,1.0,1.9727189540863037,-0.7965171337127686,-819.4341509155242,5240.251613407193,376.34742791836646
1773,pi_common,7886,38.10000056773424,0.0,2,1.5,3.333972454071045,-0.8723673820495605,-819.1934653912308,5238.9096623682935,376.3459315948583
1773,pi_common,7886,38.10000056773424,0.0,3,2.0,5.144497871398926,-1.062148094177246,-818.9598351161717,5237.104272656658,376.34395949425135
1773,pi_common,7886,38.10000056773424,-1.4,0,0.5,0.8708787560462952,-0.6127386689186096,-819.8333321905063,5242.728229182183,376.3501689812935
1773,pi_common,7886,38.10000056773424,-1.4,1,1.0,1.9727189540863037,-0.7965171337127686,-819.7575861791754,5241.613739397292,376.34898269315545
1773,pi_common,7886,38.10000056773424,-1.4,2,1.5,3.333972454071045,-0.8723673820495605,-819.516900654882,5240.271788358392,376.3474863696473
1773,pi_common,7886,38.10000056773424,-1.4,3,2.0,5.144497871398926,-1.062148094177246,-819.2832703798229,5238.466398646757,376.34551426904034
1773,pi_common,7926,40.100000597536564,0.0,0,0.5,0.9433363080024719,-0.6318762898445129,-819.5349659732505,5241.247088368946,376.34949151989326
1773,pi_common,7926,40.100000597536564,0.0,1,1.0,2.047191619873047,-0.9918639063835144,-819.5971330275199,5240.087682145641,376.3491747684197
1773,pi_common,7926,40.100000597536564,0.0,2,1.5,3.0056686401367188,-1.2610416412353516,-819.6091907565981,5239.092197664552,376.3488425129528
1773,pi_common,7926,40.100000597536564,0.0,3,2.0,4.088113307952881,-1.527334213256836,-819.5863913188348,5237.977712044248,376.34841757805646
1773,pi_common,7926,40.100000597536564,-1.4,0,0.5,0.9433363080024719,-0.6318762898445129,-819.8971436356521,5242.599429425579,376.3504952143256
1773,pi_common,7926,40.100000597536564,-1.4,1,1.0,2.047191619873047,-0.9918639063835144,-819.9593106899217,5241.4400232022745,376.35017846285206
1773,pi_common,7926,40.100000597536564,-1.4,2,1.5,3.0056686401367188,-1.2610416412353516,-819.9713684189999,5240.4445387211845,376.3498462073851
1773,pi_common,7926,40.100000597536564,-1.4,3,2.0,4.088113307952881,-1.527334213256836,-819.9485689812365,5239.33005310088,376.34942127248877
1773,pi_common,7966,42.100000627338886,0.0,0,0.5,0.022398658096790314,-1.1940548419952393,-820.3603766016755,5241.923026454955,376.353339585985
1773,pi_common,7966,42.100000627338886,0.0,1,1.0,0.39457741379737854,-1.544074296951294,-820.589273196083,5241.466259299389,376.3542111973774
1773,pi_common,7966,42.100000627338886,0.0,2,1.5,1.405474066734314,-1.6262627840042114,-820.3787872721877,5240.474108873708,376.3537651174168
1773,pi_common,7966,42.100000627338886,0.0,3,2.0,3.3162317276000977,-1.8898036479949951,-820.084602617501,5238.567828786271,376.3532724334124
1773,pi_common,7966,42.100000627338886,-1.4,0,0.5,0.022398658096790314,-1.1940548419952393,-820.760944876284,5243.264497320903,376.35432609043204
1773,pi_common,7966,42.100000627338886,-1.4,1,1.0,0.39457741379737854,-1.544074296951294,-820.9898414706915,5242.807730165337,376.35519770182447
1773,pi_common,7966,42.100000627338886,-1.4,2,1.5,1.405474066734314,-1.6262627840042114,-820.7793555467962,5241.815579739656,376.35475162186384
1773,pi_common,7966,42.100000627338886,-1.4,3,2.0,3.3162317276000977,-1.8898036479949951,-820.4851708921095,5239.909299652219,376.3542589378594
1773,pi_common,8006,44.10000065714121,0.0,0,0.5,0.34126991033554077,-0.619295060634613,-819.7586702682266,5241.72620277082,376.35141284833185
1773,pi_common,8006,44.10000065714121,0.0,1,1.0,1.0085476636886597,-0.8044118285179138,-819.7235523693855,5241.03461438151,376.3516382900032
1773,pi_common,8006,44.10000065714121,0.0,2,1.5,2.133535861968994,-0.8815304040908813,-819.4413990710974,5239.9428566008155,376.3512075637009
1773,pi_common,8006,44.10000065714121,0.0,3,2.0,3.9432802200317383,-1.1270374059677124,-819.1027354624999,5238.1482103363005,376.35093373018543
1773,pi_common,8006,44.10000065714121,-1.4,0,0.5,0.34126991033554077,-0.619295060634613,-820.2008555179355,5243.054536860176,376.3522800242548
1773,pi_common,8006,44.10000065714121,-1.4,1,1.0,1.0085476636886597,-0.8044118285179138,-820.1657376190943,5242.362948470866,376.3525054659262
1773,pi_common,8006,44.10000065714121,-1.4,2,1.5,2.133535861968994,-0.8815304040908813,-819.8835843208062,5241.271190690172,376.35207473962384
1773,pi_common,8006,44.10000065714121,-1.4,3,2.0,3.9432802200317383,-1.1270374059677124,-819.5449207122088,5239.476544425656,376.3518009061084
1773,pi_common,8046,46.10000068694353,0.0,0,0.5,0.2406138777732849,-1.116159439086914,-820.294101811287,5241.602750859316,376.3503122686785
1773,pi_common,8046,46.10000068694353,0.0,1,1.0,0.7008485794067383,-1.381371259689331,-820.385993304606,5241.0795785919045,376.35016246622774
1773,pi_common,8046,46.10000068694353,0.0,2,1.5,1.7967054843902588,-1.453648567199707,-820.079275222295,5240.025041018562,376.3492191876496
1773,pi_common,8046,46.10000068694353,0.0,3,2.0,3.8212695121765137,-1.7750701904296875,-819.6891926625625,5238.01257870333,376.3476735960238
1773,pi_common,8046,46.10000068694353,-1.4,0,0.5,0.2406138777732849,-1.116159439086914,-820.7727195844369,5242.918396454527,376.3516142007319
1773,pi_common,8046,46.10000068694353,-1.4,1,1.0,0.7008485794067383,-1.381371259689331,-820.8646110777559,5242.395224187115,376.3514643982811
1773,pi_common,8046,46.10000068694353,-1.4,2,1.5,1.7967054843902588,-1.453648567199707,-820.557892995445,5241.340686613773,376.350521119703
1773,pi_common,8046,46.10000068694353,-1.4,3,2.0,3.8212695121765137,-1.7750701904296875,-820.1678104357125,5239.3282242985415,376.3489755280772
1773,pi_common,8086,48.10000071674585,0.0,0,0.5,0.4257732331752777,-0.8871741890907288,-820.0699833188255,5241.385645217432,376.3519287114192
1773,pi_common,8086,48.10000071674585,0.0,1,1.0,1.585099220275879,-1.3608696460723877,-820.0449210259453,5240.133528797748,376.35123346720104
1773,pi_common,8086,48.10000071674585,0.0,2,1.5,3.5735740661621094,-1.8742780685424805,-819.727398976067,5238.104539398507,376.34975475303645
1773,pi_common,8086,48.10000071674585,0.0,3,2.0,6.54343318939209,-2.6108617782592773,-819.2254366577359,5235.086154466437,376.3475173267638
1773,pi_common,8086,48.10000071674585,-1.4,0,0.5,0.4257732331752777,-0.8871741890907288,-820.6253481321202,5242.670778673635,376.353315758855
1773,pi_common,8086,48.10000071674585,-1.4,1,1.0,1.585099220275879,-1.3608696460723877,-820.60028583924,5241.418662253951,376.35262051463684
1773,pi_common,8086,48.10000071674585,-1.4,2,1.5,3.5735740661621094,-1.8742780685424805,-820.2827637893616,5239.389672854711,376.3511418004722
1773,pi_common,8086,48.10000071674585,-1.4,3,2.0,6.54343318939209,-2.6108617782592773,-819.7808014710306,5236.3712879226405,376.34890437419955
1773,pi_common,8126,50.100000746548176,0.0,0,0.5,0.3362389802932739,-0.5273559093475342,-819.7750106631602,5241.605714380164,376.350548358836
1773,pi_common,8126,50.100000746548176,0.0,1,1.0,1.1623809337615967,-0.8658280968666077,-819.7568166085977,5240.7131098572845,376.3502465010248
1773,pi_common,8126,50.100000746548176,0.0,2,1.5,2.710007667541504,-1.3477439880371094,-819.5831466236061,5239.101517687365,376.3493259340823
1773,pi_common,8126,50.100000746548176,0.0,3,2.0,5.1068115234375,-2.1869349479675293,-819.3993672828191,5236.5687062291,376.3481169496573
1773,pi_common,8126,50.100000746548176,-1.4,0,0.5,0.3362389802932739,-0.5273559093475342,-820.3320634535626,5242.890116484474,376.352398534121
1773,pi_common,8126,50.100000746548176,-1.4,1,1.0,1.1623809337615967,-0.8658280968666077,-820.3138693990002,5241.997511961595,376.35209667630977
1773,pi_common,8126,50.100000746548176,-1.4,2,1.5,2.710007667541504,-1.3477439880371094,-820.1401994140086,5240.385919791675,376.3511761093672
1773,pi_common,8126,50.100000746548176,-1.4,3,2.0,5.1068115234375,-2.1869349479675293,-819.9564200732216,5237.85310833341,376.3499671249422
1773,pi_common,8166,52.1000007763505,0.0,0,0.5,0.41781124472618103,-0.8258827328681946,-820.0143857266738,5241.407892514881,376.3510004284167
1773,pi_common,8166,52.1000007763505,0.0,1,1.0,1.287009596824646,-1.0354034900665283,-819.8595873276266,5240.527300720658,376.3504802474192
1773,pi_common,8166,52.1000007763505,0.0,2,1.5,2.8570427894592285,-1.1221331357955933,-819.3124904112228,5239.053120141565,376.348794510378
1773,pi_common,8166,52.1000007763505,0.0,3,2.0,5.338784217834473,-1.4180134534835815,-818.593289559389,5236.659518104143,376.3465359971057
1773,pi_common,8166,52.1000007763505,-1.4,0,0.5,0.41781124472618103,-0.8258827328681946,-820.5731425714806,5242.691554423278,376.352701401444
1773,pi_common,8166,52.1000007763505,-1.4,1,1.0,1.287009596824646,-1.0354034900665283,-820.4183441724334,5241.810962629056,376.35218122044654
1773,pi_common,8166,52.1000007763505,-1.4,2,1.5,2.8570427894592285,-1.1221331357955933,-819.8712472560296,5240.336782049963,376.3504954834053
1773,pi_common,8166,52.1000007763505,-1.4,3,2.0,5.338784217834473,-1.4180134534835815,-819.1520464041957,5237.943180012541,376.34823697013303
1773,pi_common,8206,54.10000080615282,0.0,0,0.5,0.3580595552921295,-0.8329264521598816,-820.0422478390652,5241.455644722623,376.3505909892892
1773,pi_common,8206,54.10000080615282,0.0,1,1.0,1.5704843997955322,-1.4059232473373413,-820.0819944720715,5240.115227053016,376.3506747886606
1773,pi_common,8206,54.10000080615282,0.0,2,1.5,3.499363422393799,-2.0985307693481445,-819.9445517531898,5238.070382590361,376.35038163012445
1773,pi_common,8206,54.10000080615282,0.0,3,2.0,6.357929229736328,-2.9613077640533447,-819.5908932203953,5235.105469827326,376.3496284569905
1773,pi_common,8206,54.10000080615282,-1.4,0,0.5,0.3580595552921295,-0.8329264521598816,-820.6026711606537,5242.738580527827,376.3517827719903
1773,pi_common,8206,54.10000080615282,-1.4,1,1.0,1.5704843997955322,-1.4059232473373413,-820.64241779366,5241.39816285822,376.3518665713617
1773,pi_common,8206,54.10000080615282,-1.4,2,1.5,3.499363422393799,-2.0985307693481445,-820.5049750747783,5239.353318395565,376.35157341282553
1773,pi_common,8206,54.10000080615282,-1.4,3,2.0,6.357929229736328,-2.9613077640533447,-820.1513165419838,5236.38840563253,376.3508202396916
1773,pi_common,8246,56.10000083595514,0.0,0,0.5,0.4891241192817688,-0.9604675769805908,-820.1059345241528,5241.28144928186,376.35070950656575
1773,pi_common,8246,56.10000083595514,0.0,1,1.0,1.3276151418685913,-1.3773550987243652,-820.1515012916922,5240.34614930306,376.35056774687945
1773,pi_common,8246,56.10000083595514,0.0,2,1.5,2.8891048431396484,-1.7109949588775635,-819.8308191143964,5238.781947804921,376.3490651340093
1773,pi_common,8246,56.10000083595514,0.0,3,2.0,5.384852886199951,-2.302464485168457,-819.3715899854107,5236.258517978299,376.3468263455781
1773,pi_common,8246,56.10000083595514,-1.4,0,0.5,0.4891241192817688,-0.9604675769805908,-820.6674682549001,5242.563898149776,376.35289363428376
1773,pi_common,8246,56.10000083595514,-1.4,1,1.0,1.3276151418685913,-1.3773550987243652,-820.7130350224395,5241.628598170975,376.35275187459746
1773,pi_common,8246,56.10000083595514,-1.4,2,1.5,2.8891048431396484,-1.7109949588775635,-820.3923528451437,5240.064396672838,376.3512492617274
1773,pi_common,8246,56.10000083595514,-1.4,3,2.0,5.384852886199951,-2.302464485168457,-819.9331237161581,5237.540966846215,376.3490104732962
1773,pi_common,8286,58.100000865757465,0.0,0,0.5,0.2507413625717163,-0.9511469006538391,-820.1927737891652,5241.498145016467,376.35151726669466
1773,pi_common,8286,58.100000865757465,0.0,1,1.0,0.9314586520195007,-1.3016093969345093,-820.2402522972437,5240.733981579068,376.35166445669927
1773,pi_common,8286,58.100000865757465,0.0,2,1.5,2.2937231063842773,-1.5955839157104492,-819.9622093548172,5239.368376808603,376.3505715858201
1773,pi_common,8286,58.100000865757465,0.0,3,2.0,4.55893611907959,-2.118112087249756,-819.5307312482345,5237.084071787813,376.3488690982084
1773,pi_common,8286,58.100000865757465,-1.4,0,0.5,0.2507413625717163,-0.9511469006538391,-820.7551843042252,5242.780209672045,376.3536693511096
1773,pi_common,8286,58.100000865757465,-1.4,1,1.0,0.9314586520195007,-1.3016093969345093,-820.8026628123038,5242.016046234646,376.35381654111427
1773,pi_common,8286,58.100000865757465,-1.4,2,1.5,2.2937231063842773,-1.5955839157104492,-820.5246198698771,5240.65044146418,376.3527236702351
1773,pi_common,8286,58.100000865757465,-1.4,3,2.0,4.55893611907959,-2.118112087249756,-820.0931417632944,5238.36613644339,376.3510211826234
1773,pi_common,8326,60.10000089555979,0.0,0,0.5,0.4832974076271057,-0.9538999795913696,-820.0986834086341,5241.280077731096,376.35095111836586
1773,pi_common,8326,60.10000089555979,0.0,1,1.0,1.4931116104125977,-1.494450569152832,-820.186237694078,5240.138038368008,376.3510165523982
1773,pi_common,8326,60.10000089555979,0.0,2,1.5,3.1860265731811523,-2.1195755004882812,-820.0757894037027,5238.33677690486,376.3502632463846
1773,pi_common,8326,60.10000089555979,0.0,3,2.0,5.778891563415527,-3.0206210613250732,-819.8550191462745,5235.600704776234,376.34893634041595
1773,pi_common,8326,60.10000089555979,-1.4,0,0.5,0.4832974076271057,-0.9538999795913696,-820.6631066319059,5242.561257476569,376.3531612813123
1773,pi_common,8326,60.10000089555979,-1.4,1,1.0,1.4931116104125977,-1.494450569152832,-820.7506609173498,5241.419218113482,376.35322671534465
1773,pi_common,8326,60.10000089555979,-1.4,2,1.5,3.1860265731811523,-2.1195755004882812,-820.6402126269744,5239.617956650333,376.3524734093311
1773,pi_common,8326,60.10000089555979,-1.4,3,2.0,5.778891563415527,-3.0206210613250732,-820.4194423695462,5236.881884521707,376.35114650336243
1773,pi_common,8366,62.10000092536211,0.0,0,0.5,0.41268041729927063,-0.5613778233528137,-819.7663888336449,5241.49860755364,376.350838564013
1773,pi_common,8366,62.10000092536211,0.0,1,1.0,1.566828727722168,-0.9654855132102966,-819.669351010917,5240.279614112987,376.3508309416411
1773,pi_common,8366,62.10000092536211,0.0,2,1.5,3.511657238006592,-1.4131038188934326,-819.2924251235348,5238.319857494037,376.34985528641175
1773,pi_common,8366,62.10000092536211,0.0,3,2.0,6.434173107147217,-2.003237009048462,-818.6505517730661,5235.408268318737,376.3480487043496
1773,pi_common,8366,62.10000092536211,-1.4,0,0.5,0.41268041729927063,-0.5613778233528137,-820.3324288277954,5242.779074107798,376.35287048548537
1773,pi_common,8366,62.10000092536211,-1.4,1,1.0,1.566828727722168,-0.9654855132102966,-820.2353910050674,5241.560080667145,376.35286286311356
1773,pi_common,8366,62.10000092536211,-1.4,2,1.5,3.511657238006592,-1.4131038188934326,-819.8584651176853,5239.600324048195,376.3518872078842
1773,pi_common,8366,62.10000092536211,-1.4,3,2.0,6.434173107147217,-2.003237009048462,-819.2165917672166,5236.688734872895,376.35008062582205
1773,pi_common,8406,64.10000095516443,0.0,0,0.5,0.3950808048248291,-0.953390896320343,-820.1304275899166,5241.350853819402,376.35193719084634
1773,pi_common,8406,64.10000095516443,0.0,1,1.0,1.4003312587738037,-1.4455580711364746,-820.1726265496951,5240.232383340726,376.3521353173141
1773,pi_common,8406,64.10000095516443,0.0,2,1.5,3.091578483581543,-1.9599583148956299,-819.9569458411946,5238.477844728016,376.3512000688951
1773,pi_common,8406,64.10000095516443,0.0,3,2.0,5.651268005371094,-2.6708824634552,-819.5687088029795,5235.8497859877225,376.3495110789277
1773,pi_common,8406,64.10000095516443,-1.4,0,0.5,0.3950808048248291,-0.953390896320343,-820.6981897136993,5242.630556885754,376.354433741799
1773,pi_common,8406,64.10000095516443,-1.4,1,1.0,1.4003312587738037,-1.4455580711364746,-820.7403886734777,5241.512086407079,376.3546318682668
1773,pi_common,8406,64.10000095516443,-1.4,2,1.5,3.091578483581543,-1.9599583148956299,-820.5247079649773,5239.757547794368,376.3536966198478
1773,pi_common,8406,64.10000095516443,-1.4,3,2.0,5.651268005371094,-2.6708824634552,-820.1364709267621,5237.129489054074,376.35200762988046
1773,pi_common,8446,66.10000098496675,0.0,0,0.5,0.559143602848053,-0.8864957690238953,-820.0004436018298,5241.223387167978,376.35143561623204
1773,pi_common,8446,66.10000098496675,0.0,1,1.0,1.719834327697754,-1.3685990571975708,-819.968844079337,5239.9669525295785,376.3515295654737
1773,pi_common,8446,66.10000098496675,0.0,2,1.5,3.4877660274505615,-1.8368067741394043,-819.6775971673117,5238.161412345172,376.3506130912876
1773,pi_common,8446,66.10000098496675,0.0,3,2.0,6.080965518951416,-2.3968076705932617,-819.1345887244909,5235.56460218289,376.34876408022774
1773,pi_common,8446,66.10000098496675,-1.4,0,0.5,0.559143602848053,-0.8864957690238953,-820.5697960271474,5242.502384027648,376.3536376015936
1773,pi_common,8446,66.10000098496675,-1.4,1,1.0,1.719834327697754,-1.3685990571975708,-820.5381965046546,5241.245949389248,376.3537315508353
1773,pi_common,8446,66.10000098496675,-1.4,2,1.5,3.4877660274505615,-1.8368067741394043,-820.2469495926292,5239.440409204842,376.35281507664916
1773,pi_common,8446,66.10000098496675,-1.4,3,2.0,6.080965518951416,-2.3968076705932617,-819.7039411498084,5236.84359904256,376.3509660655893
1773,pi_common,8486,68.10000101476908,0.0,0,0.5,0.2869608402252197,-0.9139042496681213,-820.1357113746171,5241.4559162649775,376.35220906289106
1773,pi_common,8486,68.10000101476908,0.0,1,1.0,1.108755111694336,-1.334953784942627,-820.1854002990909,5240.5338757698255,376.35314279762946
1773,pi_common,8486,68.10000101476908,0.0,2,1.5,2.6110024452209473,-1.7402172088623047,-819.9434365942399,5238.996852983207,376.3530296496479
1773,pi_common,8486,68.10000101476908,0.0,3,2.0,4.998194694519043,-2.330111503601074,-819.509529591211,5236.576442558446,376.3525796458925
1773,pi_common,8486,68.10000101476908,-1.4,0,0.5,0.2869608402252197,-0.9139042496681213,-820.7061121574164,5242.7344462724905,376.3542007632864
1773,pi_common,8486,68.10000101476908,-1.4,1,1.0,1.108755111694336,-1.334953784942627,-820.7558010818902,5241.812405777338,376.3551344980248
1773,pi_common,8486,68.10000101476908,-1.4,2,1.5,2.6110024452209473,-1.7402172088623047,-820.5138373770392,5240.27538299072,376.35502135004333
1773,pi_common,8486,68.10000101476908,-1.4,3,2.0,4.998194694519043,-2.330111503601074,-820.0799303740104,5237.854972565959,376.3545713462879
1773,pi_common,8526,70.1000010445714,0.0,0,0.5,0.4981772303581238,-0.9766868948936462,-820.104319702712,5241.233057041642,376.3531616656581
1773,pi_common,8526,70.1000010445714,0.0,1,1.0,1.5093700885772705,-1.4861831665039062,-820.1560152618742,5240.101941330188,376.35466624723136
1773,pi_common,8526,70.1000010445714,0.0,2,1.5,3.0496010780334473,-1.9306035041809082,-819.9320913221331,5238.514591769934,376.3552828465367
1773,pi_common,8526,70.1000010445714,0.0,3,2.0,5.408440589904785,-2.4547276496887207,-819.4463274884608,5236.147554922542,376.3554366546875
1773,pi_common,8526,70.1000010445714,-1.4,0,0.5,0.4981772303581238,-0.9766868948936462,-820.6765270014631,5242.510780257692,376.35464167245146
1773,pi_common,8526,70.1000010445714,-1.4,1,1.0,1.5093700885772705,-1.4861831665039062,-820.7282225606253,5241.379664546239,376.35614625402474
1773,pi_common,8526,70.1000010445714,-1.4,2,1.5,3.0496010780334473,-1.9306035041809082,-820.5042986208842,5239.792314985985,376.35676285333005
1773,pi_common,8526,70.1000010445714,-1.4,3,2.0,5.408440589904785,-2.4547276496887207,-820.0185347872119,5237.425278138593,376.35691666148085
1773,pi_common,8566,72.10000107437372,0.0,0,0.5,0.2893294095993042,-0.8432182669639587,-820.06604775172,5241.473958869599,376.35225157779666
1773,pi_common,8566,72.10000107437372,0.0,1,1.0,1.1070711612701416,-1.2140358686447144,-820.0690900859994,5240.576074010249,376.3531402237473
1773,pi_common,8566,72.10000107437372,0.0,2,1.5,2.7123026847839355,-1.5397900342941284,-819.7082422039825,5238.978365430179,376.3527941920678
1773,pi_common,8566,72.10000107437372,0.0,3,2.0,5.242281913757324,-2.1979146003723145,-819.2715072075932,5236.400927682403,376.3530010154426
1773,pi_common,8566,72.10000107437372,-1.4,0,0.5,0.2893294095993042,-0.8432182669639587,-820.639898828483,5242.750944295655,376.35403015590236
1773,pi_common,8566,72.10000107437372,-1.4,1,1.0,1.1070711612701416,-1.2140358686447144,-820.6429411627623,5241.853059436304,376.354918801853
1773,pi_common,8566,72.10000107437372,-1.4,2,1.5,2.7123026847839355,-1.5397900342941284,-820.2820932807455,5240.255350856235,376.3545727701735
1773,pi_common,8566,72.10000107437372,-1.4,3,2.0,5.242281913757324,-2.1979146003723145,-819.8453582843562,5237.677913108458,376.35477959354836
1773,pi_common,8606,74.10000110417604,0.0,0,0.5,0.22191348671913147,-0.8698376417160034,-820.116432022988,5241.519715468635,376.3534833980563
1773,pi_common,8606,74.10000110417604,0.0,1,1.0,1.0726585388183594,-1.2429661750793457,-820.1068372835168,5240.590791985465,376.3545555311759
1773,pi_common,8606,74.10000110417604,0.0,2,1.5,2.7120094299316406,-1.6223801374435425,-819.7787867398929,5238.940395325066,376.3546121410701
1773,pi_common,8606,74.10000110417604,0.0,3,2.0,5.306839942932129,-2.2002596855163574,-819.238867760334,5236.337401345663,376.35456759476955
1773,pi_common,8606,74.10000110417604,-1.4,0,0.5,0.22191348671913147,-0.8698376417160034,-820.6919535514992,5242.795948784904,376.35535226533466
1773,pi_common,8606,74.10000110417604,-1.4,1,1.0,1.0726585388183594,-1.2429661750793457,-820.6823588120282,5241.8670253017335,376.35642439845424
1773,pi_common,8606,74.10000110417604,-1.4,2,1.5,2.7120094299316406,-1.6223801374435425,-820.3543082684042,5240.216628641335,376.35648100834845
1773,pi_common,8606,74.10000110417604,-1.4,3,2.0,5.306839942932129,-2.2002596855163574,-819.8143892888453,5237.613634661932,376.3564364620479
1773,pi_common,8646,76.10000113397837,0.0,0,0.5,0.2864304780960083,-1.313532829284668,-820.4919491843395,5241.273717771065,376.3562624975832
1773,pi_common,8646,76.10000113397837,0.0,1,1.0,1.216803789138794,-2.0028529167175293,-820.7364152976054,5240.141912561512,376.35941970080444
1773,pi_common,8646,76.10000113397837,0.0,2,1.5,2.8384246826171875,-2.698852300643921,-820.7020036039122,5238.377577149183,376.36183894264815
1773,pi_common,8646,76.10000113397837,0.0,3,2.0,5.350817680358887,-3.543954849243164,-820.436216962755,5235.740216926023,376.364164330134
1773,pi_common,8646,76.10000113397837,-1.4,0,0.5,0.2864304780960083,-1.313532829284668,-821.0690914609252,5242.54921936072,376.3578396359934
1773,pi_common,8646,76.10000113397837,-1.4,1,1.0,1.216803789138794,-2.0028529167175293,-821.313557574191,5241.417414151167,376.36099683921464
1773,pi_common,8646,76.10000113397837,-1.4,2,1.5,2.8384246826171875,-2.698852300643921,-821.2791458804978,5239.653078738838,376.3634160810583
1773,pi_common,8646,76.10000113397837,-1.4,3,2.0,5.350817680358887,-3.543954849243164,-821.0133592393407,5237.015718515678,376.3657414685442
1773,pi_common,8686,78.10000116378069,0.0,0,0.5,0.26555365324020386,-0.8397976756095886,-820.0667759808175,5241.483324851748,376.3532079001299
1773,pi_common,8686,78.10000116378069,0.0,1,1.0,0.9453983306884766,-1.187119960784912,-820.1020114317639,5240.720712057727,376.3545287428534
1773,pi_common,8686,78.10000116378069,0.0,2,1.5,2.141592502593994,-1.460129737854004,-819.8561439780937,5239.518645574695,376.3549769346703
1773,pi_common,8686,78.10000116378069,0.0,3,2.0,4.11653995513916,-1.8506124019622803,-819.3953373811026,5237.558913126907,376.3553825645259
1773,pi_common,8686,78.10000116378069,-1.4,0,0.5,0.26555365324020386,-0.8397976756095886,-820.645477973357,5242.75811991208,376.35445609272267
1773,pi_common,8686,78.10000116378069,-1.4,1,1.0,0.9453983306884766,-1.187119960784912,-820.6807134243033,5241.995507118058,376.35577693544616
1773,pi_common,8686,78.10000116378069,-1.4,2,1.5,2.141592502593994,-1.460129737854004,-820.4348459706331,5240.793440635028,376.35622512726303
1773,pi_common,8686,78.10000116378069,-1.4,3,2.0,4.11653995513916,-1.8506124019622803,-819.9740393736421,5238.833708187239,376.35663075711864
1773,pi_common,8726,80.10000119358301,0.0,0,0.5,0.4161972999572754,-0.9742342829704285,-820.1261430378877,5241.285537276665,376.352921551004
1773,pi_common,8726,80.10000119358301,0.0,1,1.0,1.3395640850067139,-1.3850109577178955,-820.1175760070558,5240.274958629446,376.35397036711333
1773,pi_common,8726,80.10000119358301,0.0,2,1.5,2.852616310119629,-1.658651351928711,-819.7399523140325,5238.784453335702,376.3533245709514
1773,pi_common,8726,80.10000119358301,0.0,3,2.0,5.2146148681640625,-2.0226917266845703,-819.092987272836,5236.483801926062,376.3519427425212
1773,pi_common,8726,80.10000119358301,-1.4,0,0.5,0.4161972999572754,-0.9742342829704285,-820.7060022315586,5242.55980527107,376.35501772621336
1773,pi_common,8726,80.10000119358301,-1.4,1,1.0,1.3395640850067139,-1.3850109577178955,-820.6974352007268,5241.549226623851,376.3560665423227
1773,pi_common,8726,80.10000119358301,-1.4,2,1.5,2.852616310119629,-1.658651351928711,-820.3198115077034,5240.058721330107,376.3554207461607
1773,pi_common,8726,80.10000119358301,-1.4,3,2.0,5.2146148681640625,-2.0226917266845703,-819.6728464665069,5237.758069920467,376.3540389177306
1773,pi_common,8766,82.10000122338533,0.0,0,0.5,0.43068647384643555,-0.9897541403770447,-820.1340988776369,5241.2609942461395,376.35391394687167
1773,pi_common,8766,82.10000122338533,0.0,1,1.0,1.4426900148391724,-1.520591139793396,-820.1972521944165,5240.119965062415,376.3556880381209
1773,pi_common,8766,82.10000122338533,0.0,2,1.5,3.1297919750213623,-2.0354671478271484,-819.9658148444639,5238.371295048593,376.35620137073
1773,pi_common,8766,82.10000122338533,0.0,3,2.0,5.723489761352539,-2.6410160064697266,-819.440770960862,5235.76011019219,376.35576204849355
1773,pi_common,8766,82.10000122338533,-1.4,0,0.5,0.43068647384643555,-0.9897541403770447,-820.7148967181374,5242.534834160752,376.3563098616197
1773,pi_common,8766,82.10000122338533,-1.4,1,1.0,1.4426900148391724,-1.520591139793396,-820.778050034917,5241.393804977029,376.3580839528689
1773,pi_common,8766,82.10000122338533,-1.4,2,1.5,3.1297919750213623,-2.0354671478271484,-820.5466126849643,5239.645134963207,376.358597285478
1773,pi_common,8766,82.10000122338533,-1.4,3,2.0,5.723489761352539,-2.6410160064697266,-820.0215688013624,5237.033950106804,376.35815796324164
1773,pi_common,8806,84.10000125318766,0.0,0,0.5,0.08471508324146271,-1.1327464580535889,-820.4055613969281,5241.511545888222,376.3558468520496
1773,pi_common,8806,84.10000125318766,0.0,1,1.0,0.6767553091049194,-1.5810058116912842,-820.5667126182198,5240.786648609741,376.3573623357353
1773,pi_common,8806,84.10000125318766,0.0,2,1.5,2.041494369506836,-1.9373040199279785,-820.3226327352158,5239.397445487363,376.3564614095392
1773,pi_common,8806,84.10000125318766,0.0,3,2.0,4.328730583190918,-2.5644564628601074,-819.9408565252011,5237.05671592591,376.3551463174119
1773,pi_common,8806,84.10000125318766,-1.4,0,0.5,0.08471508324146271,-1.1327464580535889,-820.9882767496954,5242.784507768975,376.3591434864428
1773,pi_common,8806,84.10000125318766,-1.4,1,1.0,0.6767553091049194,-1.5810058116912842,-821.1494279709872,5242.059610490494,376.3606589701285
1773,pi_common,8806,84.10000125318766,-1.4,2,1.5,2.041494369506836,-1.9373040199279785,-820.9053480879832,5240.670407368117,376.35975804393246
1773,pi_common,8806,84.10000125318766,-1.4,3,2.0,4.328730583190918,-2.5644564628601074,-820.5235718779684,5238.329677806663,376.35844295180516
1773,pi_common,8846,86.10000128298998,0.0,0,0.5,0.64682537317276,-0.8381478786468506,-819.9030357750831,5241.118302309113,376.3531559782733
1773,pi_common,8846,86.10000128298998,0.0,1,1.0,1.7356820106506348,-1.2590051889419556,-819.8316139042316,5239.953129219201,376.3536453853126
1773,pi_common,8846,86.10000128298998,0.0,2,1.5,3.384617567062378,-1.6612422466278076,-819.5097687396367,5238.286636489472,376.35275568978915
1773,pi_common,8846,86.10000128298998,0.0,3,2.0,5.794246673583984,-2.276258707046509,-819.064187523948,5235.840003328828,376.35164436217445
1773,pi_common,8846,86.10000128298998,-1.4,0,0.5,0.64682537317276,-0.8381478786468506,-820.486700867475,5242.390829439684,376.3562803795219
1773,pi_common,8846,86.10000128298998,-1.4,1,1.0,1.7356820106506348,-1.2590051889419556,-820.4152789966233,5241.225656349772,376.35676978656113
1773,pi_common,8846,86.10000128298998,-1.4,2,1.5,3.384617567062378,-1.6612422466278076,-820.0934338320285,5239.559163620042,376.3558800910377
1773,pi_common,8846,86.10000128298998,-1.4,3,2.0,5.794246673583984,-2.276258707046509,-819.6478526163397,5237.1125304594,376.354768763423
1773,pi_common,8886,88.1000013127923,0.0,0,0.5,0.023991785943508148,-1.0445270538330078,-820.3496715538765,5241.593863441461,376.35641886882587
1773,pi_common,8886,88.1000013127923,0.0,1,1.0,0.8068362474441528,-1.5968687534332275,-820.5247192332828,5240.651907706451,376.3585418943141
1773,pi_common,8886,88.1000013127923,0.0,2,1.5,2.4540486335754395,-2.27333402633667,-820.4516804469333,5238.872700444719,376.3594170855772
1773,pi_common,8886,88.1000013127923,0.0,3,2.0,5.040782928466797,-3.3155810832977295,-820.3187602401168,5236.087057977448,376.36064316245154
1773,pi_common,8886,88.1000013127923,-1.4,0,0.5,0.023991785943508148,-1.0445270538330078,-820.9341669425237,5242.866008416027,376.3599266221422
1773,pi_common,8886,88.1000013127923,-1.4,1,1.0,0.8068362474441528,-1.5968687534332275,-821.1092146219298,5241.924052681019,376.36204964763044
1773,pi_common,8886,88.1000013127923,-1.4,2,1.5,2.4540486335754395,-2.27333402633667,-821.0361758355805,5240.144845419287,376.36292483889355
1773,pi_common,8886,88.1000013127923,-1.4,3,2.0,5.040782928466797,-3.3155810832977295,-820.9032556287639,5237.359202952016,376.3641509157679
1773,pi_common,8926,90.10000134259462,0.0,0,0.5,0.28399354219436646,-0.777131974697113,-819.9978172321503,5241.464018215394,376.35378932435606
1773,pi_common,8926,90.10000134259462,0.0,1,1.0,1.4229838848114014,-1.3552656173706055,-820.0468653977113,5240.1876444655645,376.3551448937737
1773,pi_common,8926,90.10000134259462,0.0,2,1.5,3.2117929458618164,-2.0195329189300537,-819.9025142493173,5238.284948640229,376.35564190963
1773,pi_common,8926,90.10000134259462,0.0,3,2.0,5.837074279785156,-2.7340335845947266,-819.4541249647607,5235.601376523754,376.35462768449645
1773,pi_common,8926,90.10000134259462,-1.4,0,0.5,0.28399354219436646,-0.777131974697113,-820.5830591204482,5242.735821018309,376.35688168234213
1773,pi_common,8926,90.10000134259462,-1.4,1,1.0,1.4229838848114014,-1.3552656173706055,-820.6321072860092,5241.45944726848,376.35823725175976
1773,pi_common,8926,90.10000134259462,-1.4,2,1.5,3.2117929458618164,-2.0195329189300537,-820.4877561376151,5239.556751443144,376.35873426761606
1773,pi_common,8926,90.10000134259462,-1.4,3,2.0,5.837074279785156,-2.7340335845947266,-820.0393668530586,5236.87317932667,376.3577200424825
1773,pi_common,8966,92.10000137239695,0.0,0,0.5,0.5000302195549011,-0.8294181227684021,-819.9539041782302,5241.240770773832,376.35455281620386
1773,pi_common,8966,92.10000137239695,0.0,1,1.0,1.6953580379486084,-1.387732744216919,-819.9595961865792,5239.921494606744,376.35589667026983
1773,pi_common,8966,92.10000137239695,0.0,2,1.5,3.4787025451660156,-1.9755358695983887,-819.7455234873571,5238.056017985509,376.3559231805008
1773,pi_common,8966,92.10000137239695,0.0,3,2.0,6.046614646911621,-2.6799871921539307,-819.308404776992,5235.429356561767,376.35481583229654
1773,pi_common,8966,92.10000137239695,-1.4,0,0.5,0.5000302195549011,-0.8294181227684021,-820.5408758369882,5242.511774534439,376.35825583350817
1773,pi_common,8966,92.10000137239695,-1.4,1,1.0,1.6953580379486084,-1.387732744216919,-820.5465678453372,5241.192498367352,376.35959968757413
1773,pi_common,8966,92.10000137239695,-1.4,2,1.5,3.4787025451660156,-1.9755358695983887,-820.3324951461151,5239.327021746117,376.3596261978051
1773,pi_common,8966,92.10000137239695,-1.4,3,2.0,6.046614646911621,-2.6799871921539307,-819.89537643575,5236.700360322375,376.3585188496008
1773,pi_common,9006,94.10000140219927,0.0,0,0.5,0.40179774165153503,-1.0141446590423584,-820.1621032800136,5241.2476268398,376.3558353569644
1773,pi_common,9006,94.10000140219927,0.0,1,1.0,1.4529787302017212,-1.5096988677978516,-820.1705163574476,5240.085523685327,376.3567960838573
1773,pi_common,9006,94.10000140219927,0.0,2,1.5,3.1355600357055664,-1.9326822757720947,-819.8479782285463,5238.380835447617,376.355388720935
1773,pi_common,9006,94.10000140219927,0.0,3,2.0,5.684015274047852,-2.4579522609710693,-819.2547399555574,5235.84734147461,376.35233923107864
1773,pi_common,9006,94.10000140219927,-1.4,0,0.5,0.40179774165153503,-1.0141446590423584,-820.749883499972,5242.518256072292,376.35980606984646
1773,pi_common,9006,94.10000140219927,-1.4,1,1.0,1.4529787302017212,-1.5096988677978516,-820.758296577406,5241.356152917819,376.36076679673937
1773,pi_common,9006,94.10000140219927,-1.4,2,1.5,3.1355600357055664,-1.9326822757720947,-820.4357584485048,5239.65146468011,376.3593594338171
1773,pi_common,9006,94.10000140219927,-1.4,3,2.0,5.684015274047852,-2.4579522609710693,-819.8425201755158,5237.117970707103,376.3563099439607
1773,pi_common,9046,96.10000143200159,0.0,0,0.5,0.02648095041513443,-1.094846248626709,-820.391683957615,5241.549458725083,376.3578369205128
1773,pi_common,9046,96.10000143200159,0.0,1,1.0,0.8623677492141724,-1.7330936193466187,-820.618926393285,5240.522610075923,376.360865746066
1773,pi_common,9046,96.10000143200159,0.0,2,1.5,2.5597612857818604,-2.452968120574951,-820.5577086319089,5238.679890753521,376.3622799747486
1773,pi_common,9046,96.10000143200159,0.0,3,2.0,5.188592433929443,-3.5127313137054443,-820.4128797091612,5235.849188932975,376.3640170059684
1773,pi_common,9046,96.10000143200159,-1.4,0,0.5,0.02648095041513443,-1.094846248626709,-820.9807777856946,5242.819480247123,376.3615511197775
1773,pi_common,9046,96.10000143200159,-1.4,1,1.0,0.8623677492141724,-1.7330936193466187,-821.2080202213647,5241.792631597961,376.36457994533066
1773,pi_common,9046,96.10000143200159,-1.4,2,1.5,2.5597612857818604,-2.452968120574951,-821.1468024599885,5239.949912275561,376.36599417401334
1773,pi_common,9046,96.10000143200159,-1.4,3,2.0,5.188592433929443,-3.5127313137054443,-821.0019735372408,5237.119210455014,376.3677312052331
1773,pi_common,9086,98.10000146180391,0.0,0,0.5,0.5669521689414978,-1.0697383880615234,-820.1387791741776,5241.064835052703,376.3562072989647
1773,pi_common,9086,98.10000146180391,0.0,1,1.0,1.7639548778533936,-1.7049174308776855,-820.2094567375267,5239.711591293699,376.3581852603808
1773,pi_common,9086,98.10000146180391,0.0,2,1.5,3.6468911170959473,-2.409949541091919,-820.0539899295943,5237.707009365985,376.3589092775232
1773,pi_common,9086,98.10000146180391,0.0,3,2.0,6.379886627197266,-3.379328489303589,-819.7794350372372,5234.820215428285,376.35952231354304
1773,pi_common,9086,98.10000146180391,-1.4,0,0.5,0.5669521689414978,-1.0697383880615234,-820.7295911611549,5242.334058194394,376.3599238346769
1773,pi_common,9086,98.10000146180391,-1.4,1,1.0,1.7639548778533936,-1.7049174308776855,-820.8002687245039,5240.980814435391,376.361901796093
1773,pi_common,9086,98.10000146180391,-1.4,2,1.5,3.6468911170959473,-2.409949541091919,-820.6448019165716,5238.976232507677,376.3626258132354
1773,pi_common,9086,98.10000146180391,-1.4,3,2.0,6.379886627197266,-3.379328489303589,-820.3702470242146,5236.089438569978,376.3632388492552
1773,pi_common,9126,100.10000149160624,0.0,0,0.5,0.2881236672401428,-0.24487264454364777,-819.5077939758164,5241.661258646465,376.35055060722874
1773,pi_common,9126,100.10000149160624,0.0,1,1.0,1.2779743671417236,-0.5062687397003174,-819.326321122125,5240.653687343883,376.35053495935534
1773,pi_common,9126,100.10000149160624,0.0,2,1.5,2.973296642303467,-0.9373862743377686,-819.000488804477,5238.935021227392,376.3503733103459
1773,pi_common,9126,100.10000149160624,0.0,3,2.0,5.5145721435546875,-1.547175645828247,-818.4790332760505,5236.374160416577,376.349834466579
1773,pi_common,9126,100.10000149160624,-1.4,0,0.5,0.2881236672401428,-0.24487264454364777,-820.099509011769,5242.93006286214,376.3535802134873
1773,pi_common,9126,100.10000149160624,-1.4,1,1.0,1.2779743671417236,-0.5062687397003174,-819.9180361580776,5241.922491559558,376.3535645656139
1773,pi_common,9126,100.10000149160624,-1.4,2,1.5,2.973296642303467,-0.9373862743377686,-819.5922038404294,5240.203825443066,376.3534029166044
1773,pi_common,9126,100.10000149160624,-1.4,3,2.0,5.5145721435546875,-1.547175645828247,-819.070748312003,5237.642964632252,376.3528640728375
1773,pi_common,9166,102.10000152140856,0.0,0,0.5,0.7989155054092407,-0.8721164464950562,-819.8588862955332,5240.927510077491,376.35483958352154
1773,pi_common,9166,102.10000152140856,0.0,1,1.0,2.188577651977539,-1.287920355796814,-819.6457385521445,5239.492721032676,376.3533533256289
1773,pi_common,9166,102.10000152140856,0.0,2,1.5,4.276907920837402,-1.7024863958358765,-819.1350207765988,5237.425805962195,376.34913923635423
1773,pi_common,9166,102.10000152140856,0.0,3,2.0,7.21543025970459,-2.374669313430786,-818.4968234542074,5234.4797201436695,376.34404627044233
1773,pi_common,9166,102.10000152140856,-1.4,0,0.5,0.7989155054092407,-0.8721164464950562,-820.4529149215482,5242.195224701721,376.36028228425073
1773,pi_common,9166,102.10000152140856,-1.4,1,1.0,2.188577651977539,-1.287920355796814,-820.2397671781595,5240.760435656905,376.35879602635816
1773,pi_common,9166,102.10000152140856,-1.4,2,1.5,4.276907920837402,-1.7024863958358765,-819.7290494026138,5238.693520586424,376.3545819370834
1773,pi_common,9166,102.10000152140856,-1.4,3,2.0,7.21543025970459,-2.374669313430786,-819.0908520802224,5235.747434767899,376.3494889711716
1773,pi_common,9206,104.10000155121088,0.0,0,0.5,0.4889896512031555,-0.9381436109542847,-820.0486455193039,5241.174999121769,376.35791857811614
1773,pi_common,9206,104.10000155121088,0.0,1,1.0,1.6478753089904785,-1.497133493423462,-820.0615735402373,5239.888408086403,376.35934354018787
1773,pi_common,9206,104.10000155121088,0.0,2,1.5,3.4787211418151855,-2.046034097671509,-819.7795497315947,5237.997971724269,376.35821704344016
1773,pi_common,9206,104.10000155121088,0.0,3,2.0,6.226703643798828,-2.7065985202789307,-819.208469236587,5235.230010544582,376.3548758472555
1773,pi_common,9206,104.10000155121088,-1.4,0,0.5,0.4889896512031555,-0.9381436109542847,-820.6441420621787,5242.442026281161,376.363021987612
1773,pi_common,9206,104.10000155121088,-1.4,1,1.0,1.6478753089904785,-1.497133493423462,-820.657070083112,5241.155435245794,376.3644469496837
1773,pi_common,9206,104.10000155121088,-1.4,2,1.5,3.4787211418151855,-2.046034097671509,-820.3750462744695,5239.26499888366,376.363320452936
1773,pi_common,9206,104.10000155121088,-1.4,3,2.0,6.226703643798828,-2.7065985202789307,-819.8039657794617,5236.497037703974,376.3599792567514
1773,pi_common,9246,106.1000015810132,0.0,0,0.5,0.2453024685382843,-0.46028757095336914,-819.7186993447941,5241.593915403052,376.35479987894576
1773,pi_common,9246,106.1000015810132,0.0,1,1.0,1.355306625366211,-0.9378076195716858,-819.6767647898314,5240.3862835925665,376.3560361682952
1773,pi_common,9246,106.1000015810132,0.0,2,1.5,3.159860134124756,-1.681310772895813,-819.5789219574658,5238.437018515543,376.3576928594856
1773,pi_common,9246,106.1000015810132,0.0,3,2.0,5.81959342956543,-2.610994815826416,-819.2844510081509,5235.634915723722,376.3583460323461
1773,pi_common,9246,106.1000015810132,-1.4,0,0.5,0.2453024685382843,-0.46028757095336914,-820.3162139105818,5242.859992849804,376.35972354598636
1773,pi_common,9246,106.1000015810132,-1.4,1,1.0,1.355306625366211,-0.9378076195716858,-820.2742793556191,5241.652361039319,376.3609598353358
1773,pi_common,9246,106.1000015810132,-1.4,2,1.5,3.159860134124756,-1.681310772895813,-820.1764365232535,5239.703095962295,376.3626165265262
1773,pi_common,9246,106.1000015810132,-1.4,3,2.0,5.81959342956543,-2.610994815826416,-819.8819655739386,5236.900993170474,376.3632696993867
1773,pi_common,9286,108.10000161081553,0.0,0,0.5,0.46848028898239136,-0.7669782638549805,-819.8983947995706,5241.255989554752,376.357495003979
1773,pi_common,9286,108.10000161081553,0.0,1,1.0,1.6532104015350342,-1.1659164428710938,-819.7514832150871,5240.014557278466,376.357492991356
1773,pi_common,9286,108.10000161081553,0.0,2,1.5,3.5682644844055176,-1.5994449853897095,-819.3230515363775,5238.098357909041,376.3551668803829
1773,pi_common,9286,108.10000161081553,0.0,3,2.0,6.3627214431762695,-2.2306265830993652,-818.6965937119829,5235.3028402699865,376.35175693854285
1773,pi_common,9286,108.10000161081553,-1.4,0,0.5,0.46848028898239136,-0.7669782638549805,-820.4979715219847,5242.521090689007,376.3626790222917
1773,pi_common,9286,108.10000161081553,-1.4,1,1.0,1.6532104015350342,-1.1659164428710938,-820.3510599375012,5241.279658412721,376.36267700966874
1773,pi_common,9286,108.10000161081553,-1.4,2,1.5,3.5682644844055176,-1.5994449853897095,-819.9226282587916,5239.363459043296,376.3603508986956
1773,pi_common,9286,108.10000161081553,-1.4,3,2.0,6.3627214431762695,-2.2306265830993652,-819.2961704343969,5236.5679414042415,376.35694095685557
1773,pi_common,9326,110.10000164061785,0.0,0,0.5,0.5519517064094543,-0.5912889838218689,-819.7025532524824,5241.252191097883,376.3538162147014
1773,pi_common,9326,110.10000164061785,0.0,1,1.0,1.792177677154541,-1.0936999320983887,-819.6245003695878,5239.916344936697,376.35379220389314
1773,pi_common,9326,110.10000164061785,0.0,2,1.5,3.62868332862854,-1.679208755493164,-819.3657908145698,5238.006203594488,376.3520575295529
1773,pi_common,9326,110.10000164061785,0.0,3,2.0,6.284269332885742,-2.3602731227874756,-818.8421279026387,5235.315154635195,376.34777363494317
1773,pi_common,9326,110.10000164061785,-1.4,0,0.5,0.5519517064094543,-0.5912889838218689,-820.3029533573922,5242.516897545662,376.3599248127464
1773,pi_common,9326,110.10000164061785,-1.4,1,1.0,1.792177677154541,-1.0936999320983887,-820.2249004744976,5241.181051384477,376.3599008019381
1773,pi_common,9326,110.10000164061785,-1.4,2,1.5,3.62868332862854,-1.679208755493164,-819.9661909194797,5239.270910042267,376.3581661275979
1773,pi_common,9326,110.10000164061785,-1.4,3,2.0,6.284269332885742,-2.3602731227874756,-819.4425280075485,5236.579861082973,376.35388223298816
1773,pi_common,9366,112.10000167042017,0.0,0,0.5,0.4897868037223816,-0.6890512108802795,-819.817370656408,5241.260593041046,376.35605098749954
1773,pi_common,9366,112.10000167042017,0.0,1,1.0,1.722543716430664,-1.184325098991394,-819.7346059824326,5239.934645902957,376.35589032965794
1773,pi_common,9366,112.10000167042017,0.0,2,1.5,3.6577959060668945,-1.6918118000030518,-819.3608974852364,5237.969175373859,376.35252171519943
1773,pi_common,9366,112.10000167042017,0.0,3,2.0,6.5573015213012695,-2.2600784301757812,-818.6275746504733,5235.10696562758,376.34525782740315
1773,pi_common,9366,112.10000167042017,-1.4,0,0.5,0.4897868037223816,-0.6890512108802795,-820.4191648651655,5242.524633858303,376.3627250128565
1773,pi_common,9366,112.10000167042017,-1.4,1,1.0,1.722543716430664,-1.184325098991394,-820.3364001911901,5241.198686720214,376.3625643550149
1773,pi_common,9366,112.10000167042017,-1.4,2,1.5,3.6577959060668945,-1.6918118000030518,-819.962691693994,5239.233216191116,376.3591957405564
1773,pi_common,9366,112.10000167042017,-1.4,3,2.0,6.5573015213012695,-2.2600784301757812,-819.2293688592308,5236.371006444837,376.3519318527601
1773,pi_common,9406,114.10000170022249,0.0,0,0.5,0.16416358947753906,-0.48711442947387695,-819.7747463780931,5241.635731370768,376.3558194262999
1773,pi_common,9406,114.10000170022249,0.0,1,1.0,1.0207319259643555,-0.8297576904296875,-819.7139150574415,5240.715180958596,376.35627596734224
1773,pi_common,9406,114.10000170022249,0.0,2,1.5,2.693694591522217,-1.296294093132019,-819.4123125649695,5239.004773526337,376.3546488223857
1773,pi_common,9406,114.10000170022249,0.0,3,2.0,5.2607879638671875,-2.100337505340576,-819.0290275468941,5236.342153609269,376.3532476756081
1773,pi_common,9406,114.10000170022249,-1.4,0,0.5,0.16416358947753906,-0.48711442947387695,-820.379247333805,5242.898482330403,376.3620329988967
1773,pi_common,9406,114.10000170022249,-1.4,1,1.0,1.0207319259643555,-0.8297576904296875,-820.3184160131534,5241.977931918231,376.3624895399391
1773,pi_common,9406,114.10000170022249,-1.4,2,1.5,2.693694591522217,-1.296294093132019,-820.0168135206815,5240.267524485971,376.3608623949825
1773,pi_common,9406,114.10000170022249,-1.4,3,2.0,5.2607879638671875,-2.100337505340576,-819.6335285026059,5237.604904568904,376.3594612482049
1773,pi_common,9446,116.10000173002481,0.0,0,0.5,0.6345511078834534,-0.49391618371009827,-819.5764921360628,5241.202830401106,376.3531032294238
1773,pi_common,9446,116.10000173002481,0.0,1,1.0,2.0058717727661133,-0.9114471673965454,-819.3582903657556,5239.786059702541,376.35197922226524
1773,pi_common,9446,116.10000173002481,0.0,2,1.5,4.007333755493164,-1.3228250741958618,-818.8613943430393,5237.804100870573,376.3480572969941
1773,pi_common,9446,116.10000173002481,0.0,3,2.0,6.812101364135742,-1.7870430946350098,-818.063899603614,5235.075332695805,376.34126774973174
1773,pi_common,9446,116.10000173002481,-1.4,0,0.5,0.6345511078834534,-0.49391618371009827,-820.1833556104259,5242.464448416064,376.35916192711505
1773,pi_common,9446,116.10000173002481,-1.4,1,1.0,2.0058717727661133,-0.9114471673965454,-819.9651538401185,5241.047677717499,376.35803791995653
1773,pi_common,9446,116.10000173002481,-1.4,2,1.5,4.007333755493164,-1.3228250741958618,-819.4682578174023,5239.065718885531,376.3541159946854
1773,pi_common,9446,116.10000173002481,-1.4,3,2.0,6.812101364135742,-1.7870430946350098,-818.670763077977,5236.336950710763,376.347326447423
1773,pi_common,9486,118.10000175982714,0.0,0,0.5,0.7147733569145203,-1.3344640731811523,-820.2975462246512,5240.759093940956,376.36057474821746
1773,pi_common,9486,118.10000175982714,0.0,1,1.0,2.0120179653167725,-1.8741834163665771,-820.2188937633913,5239.356256014367,376.3602823456836
1773,pi_common,9486,118.10000175982714,0.0,2,1.5,3.904468536376953,-2.1957128047943115,-819.6847836084178,5237.5124960809135,376.35518708562734
1773,pi_common,9486,118.10000175982714,0.0,3,2.0,6.685413360595703,-2.569502115249634,-818.8110584351772,5234.8460555635975,376.34671045750986
1773,pi_common,9486,118.10000175982714,-1.4,0,0.5,0.7147733569145203,-1.3344640731811523,-820.9068112440684,5242.019553489179,376.3667280731039
1773,pi_common,9486,118.10000175982714,-1.4,1,1.0,2.0120179653167725,-1.8741834163665771,-820.8281587828085,5240.61671556259,376.36643567057007
1773,pi_common,9486,118.10000175982714,-1.4,2,1.5,3.904468536376953,-2.1957128047943115,-820.294048627835,5238.772955629137,376.36134041051383
1773,pi_common,9486,118.10000175982714,-1.4,3,2.0,6.685413360595703,-2.569502115249634,-819.4203234545944,5236.106515111821,376.3528637823963
1773,pi_common,9526,120.10000178962946,0.0,0,0.5,0.10242902487516403,-0.8638811707496643,-820.1410708294206,5241.506888793267,376.35833997505716
1773,pi_common,9526,120.10000178962946,0.0,1,1.0,1.1047453880310059,-1.4152079820632935,-820.1981504569094,5240.364373569755,376.35881420434833
1773,pi_common,9526,120.10000178962946,0.0,2,1.5,3.0020804405212402,-2.0833170413970947,-819.9685651220055,5238.365991095008,376.3559725160857
1773,pi_common,9526,120.10000178962946,0.0,3,2.0,5.948647975921631,-3.012418270111084,-819.5144892171572,5235.309968478918,376.35047920624373
1773,pi_common,9526,120.10000178962946,-1.4,0,0.5,0.10242902487516403,-0.8638811707496643,-820.7537163956189,5242.765704239993,376.3653457797201
1773,pi_common,9526,120.10000178962946,-1.4,1,1.0,1.1047453880310059,-1.4152079820632935,-820.8107960231075,5241.623189016483,376.36582000901126
1773,pi_common,9526,120.10000178962946,-1.4,2,1.5,3.0020804405212402,-2.0833170413970947,-820.5812106882038,5239.624806541736,376.36297832074865
1773,pi_common,9526,120.10000178962946,-1.4,3,2.0,5.948647975921631,-3.012418270111084,-820.1271347833554,5236.568783925644,376.3574850109066
1773,pi_common,9566,122.10000181943178,0.0,0,0.5,0.2697629928588867,-0.6494868397712708,-819.8748738444026,5241.442749262356,376.3552235725428
1773,pi_common,9566,122.10000181943178,0.0,1,1.0,1.1637194156646729,-0.9188220500946045,-819.7235401403425,5240.521449183021,376.35327031128065
1773,pi_common,9566,122.10000181943178,0.0,2,1.5,2.8182239532470703,-1.177870750427246,-819.228446965122,5238.9216552286525,376.3474784686705
1773,pi_common,9566,122.10000181943178,0.0,3,2.0,5.327949523925781,-1.7400420904159546,-818.6293992107462,5236.420485837747,376.3402312899903
1773,pi_common,9566,122.10000181943178,-1.4,0,0.5,0.2697629928588867,-0.6494868397712708,-820.4906545331769,5242.700034678862,376.3621173940141
1773,pi_common,9566,122.10000181943178,-1.4,1,1.0,1.1637194156646729,-0.9188220500946045,-820.3393208291168,5241.778734599527,376.360164132752
1773,pi_common,9566,122.10000181943178,-1.4,2,1.5,2.8182239532470703,-1.177870750427246,-819.8442276538963,5240.178940645159,376.3543722901418
1773,pi_common,9566,122.10000181943178,-1.4,3,2.0,5.327949523925781,-1.7400420904159546,-819.2451798995205,5237.6777712542535,376.3471251114616
1773,pi_common,9606,124.1000018492341,0.0,0,0.5,0.43803566694259644,-0.3346012830734253,-819.5177078973855,5241.42453467301,376.35135948515176
1773,pi_common,9606,124.1000018492341,0.0,1,1.0,1.3822300434112549,-0.5099746584892273,-819.257885303713,5240.500012852339,376.34812463145454
1773,pi_common,9606,124.1000018492341,0.0,2,1.5,2.9999492168426514,-0.7884602546691895,-818.7929985946436,5238.925713879215,376.34241128564673
1773,pi_common,9606,124.1000018492341,0.0,3,2.0,5.4335784912109375,-1.30628502368927,-818.1823468255744,5236.513715308239,376.33458523858957
1773,pi_common,9606,124.1000018492341,-1.4,0,0.5,0.43803566694259644,-0.3346012830734253,-820.136226824629,5242.680475693221,376.3581778717213
1773,pi_common,9606,124.1000018492341,-1.4,1,1.0,1.3822300434112549,-0.5099746584892273,-819.8764042309565,5241.755953872549,376.3549430180241
1773,pi_common,9606,124.1000018492341,-1.4,2,1.5,2.9999492168426514,-0.7884602546691895,-819.411517521887,5240.181654899426,376.34922967221627
1773,pi_common,9606,124.1000018492341,-1.4,3,2.0,5.4335784912109375,-1.30628502368927,-818.8008657528178,5237.769656328449,376.3414036251591
1773,pi_common,9646,126.10000187903643,0.0,0,0.5,0.6479917168617249,-0.338375449180603,-819.4277578055866,5241.228622554771,376.3501277797274
1773,pi_common,9646,126.10000187903643,0.0,1,1.0,2.015446901321411,-0.8386407494544983,-819.269430186107,5239.781169016175,376.34701800841043
1773,pi_common,9646,126.10000187903643,0.0,2,1.5,3.9795756340026855,-1.4527006149291992,-818.9483767423668,5237.748493641804,376.34185026019367
1773,pi_common,9646,126.10000187903643,0.0,3,2.0,6.720373153686523,-2.217292070388794,-818.4176679595281,5234.952986887985,376.3340198809144
1773,pi_common,9646,126.10000187903643,-1.4,0,0.5,0.6479917168617249,-0.338375449180603,-820.0488466501796,5242.483295747734,376.35674789935837
1773,pi_common,9646,126.10000187903643,-1.4,1,1.0,2.015446901321411,-0.8386407494544983,-819.8905190307,5241.035842209137,376.3536381280414
1773,pi_common,9646,126.10000187903643,-1.4,2,1.5,3.9795756340026855,-1.4527006149291992,-819.5694655869598,5239.0031668347665,376.3484703798247
1773,pi_common,9646,126.10000187903643,-1.4,3,2.0,6.720373153686523,-2.217292070388794,-819.0387568041211,5236.207660080948,376.34064000054536
1773,pi_common,9686,128.10000190883875,0.0,0,0.5,0.5835240483283997,-0.353468656539917,-819.4686375949649,5241.274161232976,376.3489672883927
1773,pi_common,9686,128.10000190883875,0.0,1,1.0,1.8602349758148193,-0.719166100025177,-819.2260500331719,5239.968461126556,376.344076532926
1773,pi_common,9686,128.10000190883875,0.0,2,1.5,3.8532285690307617,-1.1756449937820435,-818.7450020756795,5237.9812717948935,376.3358384648104
1773,pi_common,9686,128.10000190883875,0.0,3,2.0,6.599334716796875,-1.9771794080734253,-818.2365907853188,5235.166140298508,376.3253976798978
1773,pi_common,9686,128.10000190883875,-1.4,0,0.5,0.5835240483283997,-0.353468656539917,-820.0934938008513,5242.52695762302,376.35644572801914
1773,pi_common,9686,128.10000190883875,-1.4,1,1.0,1.8602349758148193,-0.719166100025177,-819.8509062390583,5241.221257516599,376.35155497255244
1773,pi_common,9686,128.10000190883875,-1.4,2,1.5,3.8532285690307617,-1.1756449937820435,-819.3698582815658,5239.234068184936,376.3433169044368
1773,pi_common,9686,128.10000190883875,-1.4,3,2.0,6.599334716796875,-1.9771794080734253,-818.8614469912051,5236.418936688552,376.33287611952414
1773,pi_common,9726,130.10000193864107,0.0,0,0.5,0.25665897130966187,-1.0967044830322266,-820.2792133234154,5241.227893938772,376.3544186357344
1773,pi_common,9726,130.10000193864107,0.0,1,1.0,1.1402878761291504,-1.5485899448394775,-820.2872998999304,5240.23545679571,376.3525117069144
1773,pi_common,9726,130.10000193864107,0.0,2,1.5,2.7407240867614746,-1.9477053880691528,-819.9270555509373,5238.625834416114,376.34712603617396
1773,pi_common,9726,130.10000193864107,0.0,3,2.0,5.199222564697266,-2.6252081394195557,-819.4312460636653,5236.124368031672,376.33914957466004
1773,pi_common,9726,130.10000193864107,-1.4,0,0.5,0.25665897130966187,-1.0967044830322266,-820.9064623952312,5242.479500372606,376.36073818412405
1773,pi_common,9726,130.10000193864107,-1.4,1,1.0,1.1402878761291504,-1.5485899448394775,-820.9145489717462,5241.487063229544,376.3588312553041
1773,pi_common,9726,130.10000193864107,-1.4,2,1.5,2.7407240867614746,-1.9477053880691528,-820.5543046227531,5239.8774408499485,376.35344558456364
1773,pi_common,9726,130.10000193864107,-1.4,3,2.0,5.199222564697266,-2.6252081394195557,-820.058495135481,5237.375974465506,376.3454691230497
1773,pi_common,9766,132.1000019684434,0.0,0,0.5,0.0370786115527153,-0.8936570882797241,-820.1966981574827,5241.505956518815,376.353512125862
1773,pi_common,9766,132.1000019684434,0.0,1,1.0,0.9313509464263916,-1.4033665657043457,-820.2485793731117,5240.477934281818,376.3511926426661
1773,pi_common,9766,132.1000019684434,0.0,2,1.5,2.6032867431640625,-1.8627984523773193,-819.9050451943444,5238.778408222192,376.34468053277806
1773,pi_common,9766,132.1000019684434,0.0,3,2.0,5.2244415283203125,-2.4970643520355225,-819.2897063270541,5236.152767042688,376.3340921377294
1773,pi_common,9766,132.1000019684434,-1.4,0,0.5,0.0370786115527153,-0.8936570882797241,-820.8277563112448,5242.755642279635,376.36066095605224
1773,pi_common,9766,132.1000019684434,-1.4,1,1.0,0.9313509464263916,-1.4033665657043457,-820.8796375268738,5241.7276200426395,376.3583414728564
1773,pi_common,9766,132.1000019684434,-1.4,2,1.5,2.6032867431640625,-1.8627984523773193,-820.5361033481066,5240.028093983013,376.3518293629683
1773,pi_common,9766,132.1000019684434,-1.4,3,2.0,5.2244415283203125,-2.4970643520355225,-819.9207644808163,5237.402452803508,376.3412409679197
1773,pi_common,9806,134.10000199824572,0.0,0,0.5,0.34952566027641296,-0.8023491501808167,-819.9738441478327,5241.260871064286,376.35066492042404
1773,pi_common,9806,134.10000199824572,0.0,1,1.0,1.3278625011444092,-1.3851878643035889,-820.0500826853732,5240.1246381341825,376.34814404310697
1773,pi_common,9806,134.10000199824572,0.0,2,1.5,3.0464425086975098,-2.092233657836914,-819.9016125263436,5238.272246104437,376.34254256761494
1773,pi_common,9806,134.10000199824572,0.0,3,2.0,5.658730506896973,-3.176438331604004,-819.6843810075247,5235.452266152583,376.33406326765925
1773,pi_common,9806,134.10000199824572,-1.4,0,0.5,0.34952566027641296,-0.8023491501808167,-820.6082330105927,5242.508871838089,376.35736114276756
1773,pi_common,9806,134.10000199824572,-1.4,1,1.0,1.3278625011444092,-1.3851878643035889,-820.6844715481333,5241.372638907986,376.35484026545055
1773,pi_common,9806,134.10000199824572,-1.4,2,1.5,3.0464425086975098,-2.092233657836914,-820.5360013891036,5239.52024687824,376.34923878995846
1773,pi_common,9806,134.10000199824572,-1.4,3,2.0,5.658730506896973,-3.176438331604004,-820.3187698702848,5236.700266926387,376.3407594900028
1773,pi_common,9846,136.10000202804804,0.0,0,0.5,0.7862500548362732,-1.303971290588379,-820.2219212744883,5240.630528848928,376.3504931426672
1773,pi_common,9846,136.10000202804804,0.0,1,1.0,2.223038911819458,-2.0287582874298096,-820.2090231253909,5239.021337442329,376.3466117743245
1773,pi_common,9846,136.10000202804804,0.0,2,1.5,4.129284858703613,-2.5384488105773926,-819.7900762076321,5237.093126267851,376.34004015979474
1773,pi_common,9846,136.10000202804804,0.0,3,2.0,6.798861503601074,-3.0724496841430664,-819.0435026416319,5234.475048943628,376.3302712863258
1773,pi_common,9846,136.10000202804804,-1.4,0,0.5,0.7862500548362732,-1.303971290588379,-820.8624565372986,5241.875389694801,376.3564974335226
1773,pi_common,9846,136.10000202804804,-1.4,1,1.0,2.223038911819458,-2.0287582874298096,-820.8495583882012,5240.266198288202,376.3526160651799
1773,pi_common,9846,136.10000202804804,-1.4,2,1.5,4.129284858703613,-2.5384488105773926,-820.4306114704423,5238.337987113724,376.34604445065014
1773,pi_common,9846,136.10000202804804,-1.4,3,2.0,6.798861503601074,-3.0724496841430664,-819.6840379044422,5235.719909789502,376.3362755771812
1773,pi_common,9886,138.10000205785036,0.0,0,0.5,0.3623071610927582,-0.836957573890686,-820.0153223450062,5241.182168176552,376.34830733193724
1773,pi_common,9886,138.10000205785036,0.0,1,1.0,1.219072937965393,-1.2653287649154663,-819.9879903423637,5240.224671925425,376.34647309364976
1773,pi_common,9886,138.10000205785036,0.0,2,1.5,2.769958972930908,-1.6551283597946167,-819.5986646256574,5238.67367196881,376.3424933313734
1773,pi_common,9886,138.10000205785036,0.0,3,2.0,5.193822383880615,-2.3626255989074707,-819.0768092479921,5236.203186891284,376.3364414875169
1773,pi_common,9886,138.10000205785036,-1.4,0,0.5,0.3623071610927582,-0.836957573890686,-820.6768800305543,5242.4159930572105,376.35250168058406
1773,pi_common,9886,138.10000205785036,-1.4,1,1.0,1.219072937965393,-1.2653287649154663,-820.6495480279118,5241.458496806084,376.35066744229664
1773,pi_common,9886,138.10000205785036,-1.4,2,1.5,2.769958972930908,-1.6551283597946167,-820.2602223112056,5239.907496849468,376.3466876800203
1773,pi_common,9886,138.10000205785036,-1.4,3,2.0,5.193822383880615,-2.3626255989074707,-819.7383669335402,5237.437011771942,376.34063583616376
1773,pi_common,9926,140.10000208765268,0.0,0,0.5,0.541540265083313,-0.7723705172538757,-819.8932514624304,5240.998569989457,376.34747389044225
1773,pi_common,9926,140.10000208765268,0.0,1,1.0,1.9366507530212402,-1.3043209314346313,-819.6608258779099,5239.523689607621,376.3441991940257
1773,pi_common,9926,140.10000208765268,0.0,2,1.5,4.060286521911621,-1.8161208629608154,-819.0485620049238,5237.426817724535,376.3387858238246
1773,pi_common,9926,140.10000208765268,0.0,3,2.0,7.15615177154541,-2.357637643814087,-817.9785063467768,5234.471731271438,376.3305997972781
1773,pi_common,9926,140.10000208765268,-1.4,0,0.5,0.541540265083313,-0.7723705172538757,-820.5895898355075,5242.213105470197,376.35152804944124
1773,pi_common,9926,140.10000208765268,-1.4,1,1.0,1.9366507530212402,-1.3043209314346313,-820.357164250987,5240.738225088361,376.3482533530247
1773,pi_common,9926,140.10000208765268,-1.4,2,1.5,4.060286521911621,-1.8161208629608154,-819.7449003780009,5238.641353205274,376.3428399828236
1773,pi_common,9926,140.10000208765268,-1.4,3,2.0,7.15615177154541,-2.357637643814087,-818.6748447198538,5235.686266752178,376.3346539562771
1773,pi_common,9966,142.100002117455,0.0,0,0.5,0.8575182557106018,-0.9758375287055969,-819.9205224808092,5240.567752136331,376.34706629797233
1773,pi_common,9966,142.100002117455,0.0,1,1.0,2.5124728679656982,-1.539717197418213,-819.5395896019542,5238.8613782966995,376.34339061534405
1773,pi_common,9966,142.100002117455,0.0,2,1.5,4.786143779754639,-1.813413143157959,-818.5886180254292,5236.778085670179,376.33757866608306
1773,pi_common,9966,142.100002117455,0.0,3,2.0,7.980959892272949,-1.8270121812820435,-816.9357225913378,5234.044060179794,376.32884777124843
1773,pi_common,9966,142.100002117455,-1.4,0,0.5,0.8575182557106018,-0.9758375287055969,-820.6499241111293,5241.762724334433,376.3509013272773
1773,pi_common,9966,142.100002117455,-1.4,1,1.0,2.5124728679656982,-1.539717197418213,-820.2689912322743,5240.056350494801,376.34722564464903
1773,pi_common,9966,142.100002117455,-1.4,2,1.5,4.786143779754639,-1.813413143157959,-819.3180196557494,5237.973057868281,376.34141369538804
1773,pi_common,9966,142.100002117455,-1.4,3,2.0,7.980959892272949,-1.8270121812820435,-817.6651242216581,5235.2390323778955,376.3326828005534
1773,pi_common,10006,144.10000214725733,0.0,0,0.5,0.45875585079193115,-1.0380891561508179,-820.1972077205049,5240.804781334671,376.34807162706164
1773,pi_common,10006,144.10000214725733,0.0,1,1.0,1.5891834497451782,-1.6076912879943848,-820.0553330884646,5239.546934816582,376.3454504078612
1773,pi_common,10006,144.10000214725733,0.0,2,1.5,3.3507237434387207,-2.1597375869750977,-819.5533946898375,5237.770473060256,376.3408902738036
1773,pi_common,10006,144.10000214725733,0.0,3,2.0,6.065389156341553,-2.8044490814208984,-818.6074262803104,5235.145563269666,376.33357081191116
1773,pi_common,10006,144.10000214725733,-1.4,0,0.5,0.45875585079193115,-1.0380891561508179,-820.9633435721018,5241.97653976928,376.3523175453521
1773,pi_common,10006,144.10000214725733,-1.4,1,1.0,1.5891834497451782,-1.6076912879943848,-820.8214689400615,5240.71869325119,376.3496963261517
1773,pi_common,10006,144.10000214725733,-1.4,2,1.5,3.3507237434387207,-2.1597375869750977,-820.3195305414345,5238.942231494865,376.34513619209406
1773,pi_common,10006,144.10000214725733,-1.4,3,2.0,6.065389156341553,-2.8044490814208984,-819.3735621319072,5236.317321704275,376.3378167302016
1773,pi_common,10046,146.10000217705965,0.0,0,0.5,0.6733952164649963,-0.9856324195861816,-820.0428870162198,5240.595719180023,376.3472946898081
1773,pi_common,10046,146.10000217705965,0.0,1,1.0,2.0100979804992676,-1.7195518016815186,-819.8835754695584,5239.079136293142,376.34444563437654
1773,pi_common,10046,146.10000217705965,0.0,2,1.5,3.9799351692199707,-2.3680317401885986,-819.2930497594095,5237.091162071666,376.33968526600387
1773,pi_common,10046,146.10000217705965,0.0,3,2.0,6.785887718200684,-3.2320947647094727,-818.4028518034133,5234.29339954074,376.33282690111014
1773,pi_common,10046,146.10000217705965,-1.4,0,0.5,0.6733952164649963,-0.9856324195861816,-820.8411969817807,5241.7457997635975,376.3512759168806
1773,pi_common,10046,146.10000217705965,-1.4,1,1.0,2.0100979804992676,-1.7195518016815186,-820.6818854351194,5240.229216876718,376.348426861449
1773,pi_common,10046,146.10000217705965,-1.4,2,1.5,3.9799351692199707,-2.3680317401885986,-820.0913597249705,5238.241242655241,376.34366649307634
1773,pi_common,10046,146.10000217705965,-1.4,3,2.0,6.785887718200684,-3.2320947647094727,-819.2011617689743,5235.443480124315,376.3368081281826
1773,pi_common,10086,148.10000220686197,0.0,0,0.5,0.4345771074295044,-0.8545668125152588,-820.0864333688867,5240.806240262914,376.3476847426837
1773,pi_common,10086,148.10000220686197,0.0,1,1.0,1.686456561088562,-1.5214197635650635,-819.8820769832087,5239.402628746393,376.34482063053025
1773,pi_common,10086,148.10000220686197,0.0,2,1.5,3.722034454345703,-2.2274553775787354,-819.2450311977417,5237.344423125231,376.33972788973034
1773,pi_common,10086,148.10000220686197,0.0,3,2.0,6.6316423416137695,-3.2438559532165527,-818.3402611098992,5234.398200729273,376.33245674695377
1773,pi_common,10086,148.10000220686197,-1.4,0,0.5,0.4345771074295044,-0.8545668125152588,-820.9157822565658,5241.934142707274,376.3517465787845
1773,pi_common,10086,148.10000220686197,-1.4,1,1.0,1.686456561088562,-1.5214197635650635,-820.7114258708876,5240.530531190752,376.3488824666311
1773,pi_common,10086,148.10000220686197,-1.4,2,1.5,3.722034454345703,-2.2274553775787354,-820.0743800854207,5238.47232556959,376.34378972583113
1773,pi_common,10086,148.10000220686197,-1.4,3,2.0,6.6316423416137695,-3.2438559532165527,-819.1696099975782,5235.526103173634,376.33651858305456
1773,pi_common,10126,150.1000022366643,0.0,0,0.5,0.7187910676002502,-0.7914476990699768,-819.8755068454506,5240.557261950443,376.3467605845221
1773,pi_common,10126,150.1000022366643,0.0,1,1.0,2.247982978820801,-1.3429286479949951,-819.3694723810381,5239.012440254565,376.3429940020665
1773,pi_common,10126,150.1000022366643,0.0,2,1.5,4.519275665283203,-1.7283560037612915,-818.2759723524807,5236.984745579625,376.3369353792287
1773,pi_common,10126,150.1000022366643,0.0,3,2.0,7.769004821777344,-2.0615391731262207,-816.5393291526856,5234.217844467846,376.32803317957837
1773,pi_common,10126,150.1000022366643,-1.4,0,0.5,0.7187910676002502,-0.7914476990699768,-820.7368189055178,5241.66094923639,376.35074932157437
1773,pi_common,10126,150.1000022366643,-1.4,1,1.0,2.247982978820801,-1.3429286479949951,-820.2307844411054,5240.116127540512,376.3469827391188
1773,pi_common,10126,150.1000022366643,-1.4,2,1.5,4.519275665283203,-1.7283560037612915,-819.1372844125478,5238.088432865571,376.340924116281
1773,pi_common,10126,150.1000022366643,-1.4,3,2.0,7.769004821777344,-2.0615391731262207,-817.4006412127528,5235.3215317537915,376.33202191663065
1773,pi_common,10166,152.10000226646662,0.0,0,0.5,0.8992898464202881,-1.3823981285095215,-820.2228137851408,5239.983373528135,376.3471239597556
1773,pi_common,10166,152.10000226646662,0.0,1,1.0,2.5497870445251465,-2.260226011276245,-819.8465499593649,5238.15221671269,376.3435123981867
1773,pi_common,10166,152.10000226646662,0.0,2,1.5,4.831937789916992,-2.926439046859741,-818.9044943245175,5235.969431569621,376.3378525816244
1773,pi_common,10166,152.10000226646662,0.0,3,2.0,8.147651672363281,-3.5018365383148193,-817.2334163681504,5233.048393468745,376.32915198391623
1773,pi_common,10166,152.10000226646662,-1.4,0,0.5,0.8992898464202881,-1.3823981285095215,-821.1155437058253,5241.061806434754,376.3510931707145
1773,pi_common,10166,152.10000226646662,-1.4,1,1.0,2.5497870445251465,-2.260226011276245,-820.7392798800494,5239.230649619309,376.34748160914563
1773,pi_common,10166,152.10000226646662,-1.4,2,1.5,4.831937789916992,-2.926439046859741,-819.7972242452021,5237.04786447624,376.3418217925833
1773,pi_common,10166,152.10000226646662,-1.4,3,2.0,8.147651672363281,-3.5018365383148193,-818.126146288835,5234.1268263753645,376.3331211948751
1773,pi_common,10206,154.10000229626894,0.0,0,0.5,0.6046834588050842,-0.6327740550041199,-819.8440921725147,5240.633617506234,376.34719430973814
1773,pi_common,10206,154.10000229626894,0.0,1,1.0,2.0985093116760254,-1.0302143096923828,-819.159533100606,5239.247672909405,376.34389486468086
1773,pi_common,10206,154.10000229626894,0.0,2,1.5,4.363662242889404,-1.2186787128448486,-817.8097916876169,5237.41884700649,376.3383660374081
1773,pi_common,10206,154.10000229626894,0.0,3,2.0,7.582274913787842,-1.3003913164138794,-815.7518680840577,5234.942755442682,376.3302737939962
1773,pi_common,10206,154.10000229626894,-1.4,0,0.5,0.6046834588050842,-0.6327740550041199,-820.7659760514514,5241.6872385977795,376.3507593073114
1773,pi_common,10206,154.10000229626894,-1.4,1,1.0,2.0985093116760254,-1.0302143096923828,-820.0814169795427,5240.30129400095,376.34745986225414
1773,pi_common,10206,154.10000229626894,-1.4,2,1.5,4.363662242889404,-1.2186787128448486,-818.7316755665536,5238.472468098035,376.34193103498137
1773,pi_common,10206,154.10000229626894,-1.4,3,2.0,7.582274913787842,-1.3003913164138794,-816.6737519629944,5235.996376534227,376.33383879156946
1773,pi_common,10246,156.10000232607126,0.0,0,0.5,0.7925939559936523,-0.42074882984161377,-819.5685250498725,5240.593231094471,376.3465321093351
1773,pi_common,10246,156.10000232607126,0.0,1,1.0,2.413973808288574,-1.0327448844909668,-818.9248430866728,5238.984171849322,376.34283451764634
1773,pi_common,10246,156.10000232607126,0.0,2,1.5,4.852402687072754,-1.95277738571167,-817.9565287458765,5236.564516582622,376.33727322902985
1773,pi_common,10246,156.10000232607126,0.0,3,2.0,8.112748146057129,-3.3469860553741455,-816.782819703706,5233.218470441704,376.3300183232016
1773,pi_common,10246,156.10000232607126,-1.4,0,0.5,0.7925939559936523,-0.42074882984161377,-820.5140315302428,5241.625705424208,376.35030755796487
1773,pi_common,10246,156.10000232607126,-1.4,1,1.0,2.413973808288574,-1.0327448844909668,-819.8703495670431,5240.016646179059,376.3466099662761
1773,pi_common,10246,156.10000232607126,-1.4,2,1.5,4.852402687072754,-1.95277738571167,-818.9020352262468,5237.596990912359,376.34104867765956
1773,pi_common,10246,156.10000232607126,-1.4,3,2.0,8.112748146057129,-3.3469860553741455,-817.7283261840762,5234.250944771441,376.3337937718313
1773,pi_common,10286,158.10000235587358,0.0,0,0.5,0.9091996550559998,-0.8531851768493652,-819.8057027053771,5240.167827011059,376.3465619443628
1773,pi_common,10286,158.10000235587358,0.0,1,1.0,2.670330047607422,-1.6622073650360107,-819.1674292663297,5238.337883891275,376.3430468473808
1773,pi_common,10286,158.10000235587358,0.0,2,1.5,5.238266944885254,-2.4965858459472656,-817.9879716271915,5235.90902869882,376.33761643510985
1773,pi_common,10286,158.10000235587358,0.0,3,2.0,8.651739120483398,-3.621291160583496,-816.4313942564917,5232.669619907108,376.3304117451458
1773,pi_common,10286,158.10000235587358,-1.4,0,0.5,0.9091996550559998,-0.8531851768493652,-820.7764880136156,5241.176571071583,376.349924334306
1773,pi_common,10286,158.10000235587358,-1.4,1,1.0,2.670330047607422,-1.6622073650360107,-820.1382145745681,5239.346627951799,376.34640923732405
1773,pi_common,10286,158.10000235587358,-1.4,2,1.5,5.238266944885254,-2.4965858459472656,-818.95875693543,5236.917772759344,376.3409788250531
1773,pi_common,10286,158.10000235587358,-1.4,3,2.0,8.651739120483398,-3.621291160583496,-817.4021795647301,5233.678363967632,376.3337741350891
1773,pi_common,10326,160.1000023856759,0.0,0,0.5,0.702810525894165,-0.39876788854599,-819.6300077702134,5240.583348386582,376.34646745442063
1773,pi_common,10326,160.1000023856759,0.0,1,1.0,2.146583318710327,-1.0324989557266235,-819.0442736411177,5239.119449993321,376.3430081183132
1773,pi_common,10326,160.1000023856759,0.0,2,1.5,4.327547073364258,-2.0732808113098145,-818.2179602366813,5236.848545111951,376.33781702541177
1773,pi_common,10326,160.1000023856759,0.0,3,2.0,7.213045120239258,-3.7739813327789307,-817.3515805907795,5233.613143713974,376.33108312755945
1773,pi_common,10326,160.1000023856759,-1.4,0,0.5,0.702810525894165,-0.39876788854599,-820.6286579081187,5241.564513447502,376.3500765113528
1773,pi_common,10326,160.1000023856759,-1.4,1,1.0,2.146583318710327,-1.0324989557266235,-820.042923779023,5240.100615054241,376.3466171752454
1773,pi_common,10326,160.1000023856759,-1.4,2,1.5,4.327547073364258,-2.0732808113098145,-819.2166103745865,5237.829710172871,376.34142608234396
1773,pi_common,10326,160.1000023856759,-1.4,3,2.0,7.213045120239258,-3.7739813327789307,-818.3502307286848,5234.594308774894,376.33469218449164
1773,pi_common,10366,162.10000241547823,0.0,0,0.5,0.7711786031723022,-1.105376958847046,-820.0685968712044,5239.970040679913,376.3469703175139
1773,pi_common,10366,162.10000241547823,0.0,1,1.0,2.4397780895233154,-2.1385116577148438,-819.5500198799958,5238.077250011017,376.34337312646807
1773,pi_common,10366,162.10000241547823,0.0,2,1.5,4.866623878479004,-3.302623748779297,-818.5653060906661,5235.5722458553155,376.33786159683297
1773,pi_common,10366,162.10000241547823,0.0,3,2.0,8.100839614868164,-4.905616760253906,-817.2881298554131,5232.196078566483,376.33055911319144
1773,pi_common,10366,162.10000241547823,-1.4,0,0.5,0.7711786031723022,-1.105376958847046,-821.0939191568855,5240.923298391549,376.3507047106463
1773,pi_common,10366,162.10000241547823,-1.4,1,1.0,2.4397780895233154,-2.1385116577148438,-820.575342165677,5239.030507722653,376.3471075196004
1773,pi_common,10366,162.10000241547823,-1.4,2,1.5,4.866623878479004,-3.302623748779297,-819.5906283763472,5236.525503566952,376.3415959899653
1773,pi_common,10366,162.10000241547823,-1.4,3,2.0,8.100839614868164,-4.905616760253906,-818.3134521410942,5233.149336278119,376.3342935063238
1773,pi_common,10406,164.10000244528055,0.0,0,0.5,0.6873461008071899,-0.7969046235084534,-819.9179183606145,5240.196694804944,376.34719896560927
1773,pi_common,10406,164.10000244528055,0.0,1,1.0,2.4190053939819336,-1.604701042175293,-819.1512724082131,5238.44643120013,376.3439960011407
1773,pi_common,10406,164.10000244528055,0.0,2,1.5,5.002171516418457,-2.5173964500427246,-817.8145719391081,5236.054995096583,376.3389618979474
1773,pi_common,10406,164.10000244528055,0.0,3,2.0,8.377744674682617,-3.8481860160827637,-816.1590528475585,5232.826263169602,376.33250457091754
1773,pi_common,10406,164.10000244528055,-1.4,0,0.5,0.6873461008071899,-0.7969046235084534,-820.969084029592,5241.121378934514,376.35036075078335
1773,pi_common,10406,164.10000244528055,-1.4,1,1.0,2.4190053939819336,-1.604701042175293,-820.2024380771905,5239.3711153297,376.34715778631477
1773,pi_common,10406,164.10000244528055,-1.4,2,1.5,5.002171516418457,-2.5173964500427246,-818.8657376080855,5236.979679226153,376.34212368312154
1773,pi_common,10406,164.10000244528055,-1.4,3,2.0,8.377744674682617,-3.8481860160827637,-817.210218516536,5233.7509472991715,376.3356663560917
1773,pi_common,10446,166.10000247508287,0.0,0,0.5,0.8119470477104187,-0.8542827367782593,-819.8553935775011,5240.015007115855,376.3466971997735
1773,pi_common,10446,166.10000247508287,0.0,1,1.0,2.4955034255981445,-1.6774394512176514,-819.0854739942367,5238.306452864482,376.3427908623982
1773,pi_common,10446,166.10000247508287,0.0,2,1.5,5.003488540649414,-2.727412223815918,-817.8259593382498,5235.896884529207,376.3368385929075
1773,pi_common,10446,166.10000247508287,0.0,3,2.0,8.322038650512695,-4.2424468994140625,-816.2396587121352,5232.611813041798,376.3290574527478
1773,pi_common,10446,166.10000247508287,-1.4,0,0.5,0.8119470477104187,-0.8542827367782593,-820.9327590741314,5240.909025802427,376.3504621342085
1773,pi_common,10446,166.10000247508287,-1.4,1,1.0,2.4955034255981445,-1.6774394512176514,-820.162839490867,5239.200471551054,376.3465557968333
1773,pi_common,10446,166.10000247508287,-1.4,2,1.5,5.003488540649414,-2.727412223815918,-818.9033248348801,5236.790903215779,376.3406035273425
1773,pi_common,10446,166.10000247508287,-1.4,3,2.0,8.322038650512695,-4.2424468994140625,-817.3170242087654,5233.50583172837,376.3328223871829
1773,pi_common,10486,168.1000025048852,0.0,0,0.5,0.10073599964380264,-1.2979505062103271,-820.6798250151115,5240.052198132032,376.3486037798132
1773,pi_common,10486,168.1000025048852,0.0,1,1.0,1.253713607788086,-2.13774037361145,-820.2916492843634,5238.67963927378,376.3461200403761
1773,pi_common,10486,168.1000025048852,0.0,2,1.5,3.3425333499908447,-2.925875186920166,-819.1355315540586,5236.76974572291,376.3413432854868
1773,pi_common,10486,168.1000025048852,0.0,3,2.0,6.423203468322754,-3.9546914100646973,-817.3479640697965,5234.05800396832,376.33424789191537
1773,pi_common,10486,168.1000025048852,-1.4,0,0.5,0.10073599964380264,-1.2979505062103271,-821.7809261321445,5240.916816407646,376.3520048888328
1773,pi_common,10486,168.1000025048852,-1.4,1,1.0,1.253713607788086,-2.13774037361145,-821.3927504013964,5239.5442575493935,376.34952114939574
1773,pi_common,10486,168.1000025048852,-1.4,2,1.5,3.3425333499908447,-2.925875186920166,-820.2366326710917,5237.634363998524,376.34474439450645
1773,pi_common,10486,168.1000025048852,-1.4,3,2.0,6.423203468322754,-3.9546914100646973,-818.4490651868296,5234.922622243934,376.337649000935
1773,pi_common,10526,170.10000253468752,0.0,0,0.5,-0.2589131295681,-0.8337096571922302,-820.6842017078408,5240.563033169612,376.3490032151245
1773,pi_common,10526,170.10000253468752,0.0,1,1.0,0.5534675121307373,-1.3849543333053589,-820.3604844905883,5239.636190123415,376.3475434479349
1773,pi_common,10526,170.10000253468752,0.0,2,1.5,2.4496257305145264,-1.9798707962036133,-819.1925915474695,5238.028286380297,376.34390844424104
1773,pi_common,10526,170.10000253468752,0.0,3,2.0,5.419407844543457,-2.8501100540161133,-817.3267533659181,5235.559372163984,376.33819500385164
1773,pi_common,10526,170.10000253468752,-1.4,0,0.5,-0.2589131295681,-0.8337096571922302,-821.8083155469587,5241.3975150905,376.35183171568434
1773,pi_common,10526,170.10000253468752,-1.4,1,1.0,0.5534675121307373,-1.3849543333053589,-821.4845983297063,5240.470672044303,376.35037194849474
1773,pi_common,10526,170.10000253468752,-1.4,2,1.5,2.4496257305145264,-1.9798707962036133,-820.3167053865875,5238.862768301184,376.34673694480085
1773,pi_common,10526,170.10000253468752,-1.4,3,2.0,5.419407844543457,-2.8501100540161133,-818.4508672050362,5236.393854084872,376.34102350441145
1773,pi_common,10566,172.10000256448984,0.0,0,0.5,-0.056876249611377716,-0.9440900683403015,-820.5879848184537,5240.278319647527,376.34882042084627
1773,pi_common,10566,172.10000256448984,0.0,1,1.0,1.0049076080322266,-1.7578315734863281,-820.1849841149584,5239.002723793795,376.3464020589648
1773,pi_common,10566,172.10000256448984,0.0,2,1.5,3.155708074569702,-2.869723320007324,-819.0609391132331,5236.858255809441,376.3413225889702
1773,pi_common,10566,172.10000256448984,0.0,3,2.0,6.271635055541992,-4.535056114196777,-817.4637647075077,5233.706857024431,376.33398217415555
1773,pi_common,10566,172.10000256448984,-1.4,0,0.5,-0.056876249611377716,-0.9440900683403015,-821.7347835678065,5241.081338965451,376.35237056484254
1773,pi_common,10566,172.10000256448984,-1.4,1,1.0,1.0049076080322266,-1.7578315734863281,-821.3317828643112,5239.8057431117195,376.34995220296116
1773,pi_common,10566,172.10000256448984,-1.4,2,1.5,3.155708074569702,-2.869723320007324,-820.207737862586,5237.661275127366,376.34487273296645
1773,pi_common,10566,172.10000256448984,-1.4,3,2.0,6.271635055541992,-4.535056114196777,-818.6105634568606,5234.509876342357,376.33753231815183
1773,pi_common,10606,174.10000259429216,0.0,0,0.5,0.5673657059669495,-1.1223585605621338,-820.1631679741042,5239.706600786569,376.3473026449382
1773,pi_common,10606,174.10000259429216,0.0,1,1.0,2.0681755542755127,-2.071232318878174,-819.4310747047747,5238.088942163109,376.3438919336529
1773,pi_common,10606,174.10000259429216,0.0,2,1.5,4.4925055503845215,-3.200488328933716,-818.0266772282487,5235.81293014679,376.3382266201414
1773,pi_common,10606,174.10000259429216,0.0,3,2.0,7.715840816497803,-4.85161018371582,-816.2417071419238,5232.661752662518,376.3307519528074
1773,pi_common,10606,174.10000259429216,-1.4,0,0.5,0.5673657059669495,-1.1223585605621338,-821.3326582372072,5240.476198155243,376.3508260859924
1773,pi_common,10606,174.10000259429216,-1.4,1,1.0,2.0681755542755127,-2.071232318878174,-820.6005649678776,5238.858539531783,376.3474153747071
1773,pi_common,10606,174.10000259429216,-1.4,2,1.5,4.4925055503845215,-3.200488328933716,-819.1961674913516,5236.582527515464,376.3417500611956
1773,pi_common,10606,174.10000259429216,-1.4,3,2.0,7.715840816497803,-4.85161018371582,-817.4111974050267,5233.431350031192,376.3342753938616
1773,pi_common,10646,176.1000026240945,0.0,0,0.5,-0.02112015336751938,-0.6563854813575745,-820.402174134779,5240.343334915623,376.3485533312914
1773,pi_common,10646,176.1000026240945,0.0,1,1.0,0.691369891166687,-1.0492550134658813,-820.0025641138013,5239.634605219557,376.3469465119693
1773,pi_common,10646,176.1000026240945,0.0,2,1.5,2.342111825942993,-1.5098479986190796,-818.8403777637927,5238.375080516395,376.34304226043
1773,pi_common,10646,176.1000026240945,0.0,3,2.0,4.888488292694092,-2.4789068698883057,-817.1835417580477,5236.2122195335005,376.3371240556105
1773,pi_common,10646,176.1000026240945,-1.4,0,0.5,-0.02112015336751938,-0.6563854813575745,-821.5931595252973,5241.079230129991,376.3520221987795
1773,pi_common,10646,176.1000026240945,-1.4,1,1.0,0.691369891166687,-1.0492550134658813,-821.1935495043197,5240.370500433925,376.35041537945733
1773,pi_common,10646,176.1000026240945,-1.4,2,1.5,2.342111825942993,-1.5098479986190796,-820.0313631543111,5239.110975730764,376.34651112791806
1773,pi_common,10646,176.1000026240945,-1.4,3,2.0,4.888488292694092,-2.4789068698883057,-818.374527148566,5236.948114747868,376.34059292309854
1773,pi_common,10686,178.1000026538968,0.0,0,0.5,0.5554748773574829,-1.3755192756652832,-820.2662545233596,5239.363831029756,376.34767359680563
1773,pi_common,10686,178.1000026538968,0.0,1,1.0,2.0185999870300293,-2.195920944213867,-819.4146748722135,5237.918633341657,376.3445552027296
1773,pi_common,10686,178.1000026538968,0.0,2,1.5,4.461260795593262,-2.9295570850372314,-817.6729463481389,5236.055527102607,376.3390141515805
1773,pi_common,10686,178.1000026538968,0.0,3,2.0,7.940776824951172,-3.8339245319366455,-815.1211039597144,5233.523146952224,376.33104695900073
1773,pi_common,10686,178.1000026538968,-1.4,0,0.5,0.5554748773574829,-1.3755192756652832,-821.4760985546582,5240.068292439972,376.35107086745165
1773,pi_common,10686,178.1000026538968,-1.4,1,1.0,2.0185999870300293,-2.195920944213867,-820.624518903512,5238.623094751873,376.34795247337564
1773,pi_common,10686,178.1000026538968,-1.4,2,1.5,4.461260795593262,-2.9295570850372314,-818.8827903794374,5236.759988512823,376.3424114222265
1773,pi_common,10686,178.1000026538968,-1.4,3,2.0,7.940776824951172,-3.8339245319366455,-816.3309479910129,5234.22760836244,376.3344442296467
1773,pi_common,10726,180.10000268369913,0.0,0,0.5,0.13502922654151917,-0.9758298993110657,-820.4174705665481,5239.850475638905,376.348268723882
1773,pi_common,10726,180.10000268369913,0.0,1,1.0,1.340124249458313,-1.5100963115692139,-819.616340346995,5238.803633266076,376.3458128544707
1773,pi_common,10726,180.10000268369913,0.0,2,1.5,3.694746971130371,-2.1540305614471436,-817.8591683007234,5237.109165341977,376.34087994616243
1773,pi_common,10726,180.10000268369913,0.0,3,2.0,7.0572357177734375,-3.312358856201172,-815.4643912560107,5234.479897493956,376.333915808818
1773,pi_common,10726,180.10000268369913,-1.4,0,0.5,0.13502922654151917,-0.9758298993110657,-821.6458927039572,5240.522018398991,376.35133037340614
1773,pi_common,10726,180.10000268369913,-1.4,1,1.0,1.340124249458313,-1.5100963115692139,-820.8447624844042,5239.475176026163,376.34887450399486
1773,pi_common,10726,180.10000268369913,-1.4,2,1.5,3.694746971130371,-2.1540305614471436,-819.0875904381325,5237.780708102065,376.3439415956866
1773,pi_common,10726,180.10000268369913,-1.4,3,2.0,7.0572357177734375,-3.312358856201172,-816.6928133934198,5235.151440254043,376.3369774583422
1773,pi_common,10766,182.10000271350145,0.0,0,0.5,-0.259197473526001,-1.0356698036193848,-820.7807357969389,5239.8951915622865,376.3493986350627
1773,pi_common,10766,182.10000271350145,0.0,1,1.0,0.8228905200958252,-1.635984182357788,-820.0864320752701,5238.870873134569,376.3469737691387
1773,pi_common,10766,182.10000271350145,0.0,2,1.5,3.1547651290893555,-2.2767601013183594,-818.2953500732848,5237.24599540238,376.3414431281588
1773,pi_common,10766,182.10000271350145,0.0,3,2.0,6.473917007446289,-3.507424831390381,-815.8898452839693,5234.6489216783375,376.3337197924121
1773,pi_common,10766,182.10000271350145,-1.4,0,0.5,-0.259197473526001,-1.0356698036193848,-822.0298078648472,5240.527494272599,376.3528988783923
1773,pi_common,10766,182.10000271350145,-1.4,1,1.0,0.8228905200958252,-1.635984182357788,-821.3355041431785,5239.50317584488,376.35047401246834
1773,pi_common,10766,182.10000271350145,-1.4,2,1.5,3.1547651290893555,-2.2767601013183594,-819.5444221411932,5237.878298112692,376.3449433714884
1773,pi_common,10766,182.10000271350145,-1.4,3,2.0,6.473917007446289,-3.507424831390381,-817.1389173518777,5235.281224388649,376.3372200357418
1773,pi_common,10806,184.10000274330378,0.0,0,0.5,0.19715148210525513,-1.4687321186065674,-820.5406277827279,5239.220438830066,376.3475634877218
1773,pi_common,10806,184.10000274330378,0.0,1,1.0,1.1556028127670288,-2.503134250640869,-820.1139130686952,5237.876368720228,376.34495261226107
1773,pi_common,10806,184.10000274330378,0.0,2,1.5,2.928345203399658,-3.305117130279541,-818.8514578883669,5236.395836177675,376.34021648703083
1773,pi_common,10806,184.10000274330378,0.0,3,2.0,5.727678298950195,-4.3275146484375,-816.7540084843147,5234.27871246029,376.33275808845343
1773,pi_common,10806,184.10000274330378,-1.4,0,0.5,0.19715148210525513,-1.4687321186065674,-821.8073423386995,5239.816610480927,376.3512508172934
1773,pi_common,10806,184.10000274330378,-1.4,1,1.0,1.1556028127670288,-2.503134250640869,-821.3806276246667,5238.472540371089,376.3486399418327
1773,pi_common,10806,184.10000274330378,-1.4,2,1.5,2.928345203399658,-3.305117130279541,-820.1181724443384,5236.992007828536,376.34390381660245
1773,pi_common,10806,184.10000274330378,-1.4,3,2.0,5.727678298950195,-4.3275146484375,-818.0207230402862,5234.874884111151,376.33644541802505
1773,pi_common,10846,186.1000027731061,0.0,0,0.5,0.2298288643360138,-1.1271495819091797,-820.3444087902529,5239.44934002891,376.348106579842
1773,pi_common,10846,186.1000027731061,0.0,1,1.0,1.5645922422409058,-2.2101287841796875,-819.558006830656,5237.920940858921,376.3458344292937
1773,pi_common,10846,186.1000027731061,0.0,2,1.5,3.9487318992614746,-3.6638998985290527,-817.9600141444533,5235.63096842179,376.34159543012
1773,pi_common,10846,186.1000027731061,0.0,3,2.0,7.081179618835449,-5.723267555236816,-815.9205161142272,5232.485552511566,376.3360820121876
1773,pi_common,10846,186.1000027731061,-1.4,0,0.5,0.2298288643360138,-1.1271495819091797,-821.6261540243313,5240.0124752346055,376.3509163884298
1773,pi_common,10846,186.1000027731061,-1.4,1,1.0,1.5645922422409058,-2.2101287841796875,-820.8397520647344,5238.484076064617,376.34864423788156
1773,pi_common,10846,186.1000027731061,-1.4,2,1.5,3.9487318992614746,-3.6638998985290527,-819.2417593785317,5236.194103627486,376.34440523870785
1773,pi_common,10846,186.1000027731061,-1.4,3,2.0,7.081179618835449,-5.723267555236816,-817.2022613483056,5233.048687717262,376.3388918207755
1773,pi_common,10886,188.10000280290842,0.0,0,0.5,0.19703999161720276,-1.0380483865737915,-820.3185763641218,5239.478430631682,376.35036204076556
1773,pi_common,10886,188.10000280290842,0.0,1,1.0,1.6923211812973022,-1.9056960344314575,-819.263946405956,5238.108605456751,376.35395627339915
1773,pi_common,10886,188.10000280290842,0.0,2,1.5,4.354619979858398,-3.1475486755371094,-817.2713355314386,5235.950017392237,376.3596435867884
1773,pi_common,10886,188.10000280290842,0.0,3,2.0,7.788105010986328,-5.048671722412109,-814.8151061424253,5232.88897821176,376.36768239735784
1773,pi_common,10886,188.10000280290842,-1.4,0,0.5,0.19703999161720276,-1.0380483865737915,-821.6140310312217,5240.009274380929,376.3489062334067
1773,pi_common,10886,188.10000280290842,-1.4,1,1.0,1.6923211812973022,-1.9056960344314575,-820.5594010730559,5238.639449205997,376.35250046604034
1773,pi_common,10886,188.10000280290842,-1.4,2,1.5,4.354619979858398,-3.1475486755371094,-818.5667901985386,5236.480861141483,376.3581877794296
1773,pi_common,10886,188.10000280290842,-1.4,3,2.0,7.788105010986328,-5.048671722412109,-816.1105608095252,5233.419821961007,376.366226589999
1773,pi_common,10926,190.10000283271074,0.0,0,0.5,0.23857873678207397,-1.0725598335266113,-820.285677840121,5239.405810266241,376.34941640516575
1773,pi_common,10926,190.10000283271074,0.0,1,1.0,1.5027642250061035,-2.296450614929199,-819.5666809908997,5237.799866031476,376.3571777886224
1773,pi_common,10926,190.10000283271074,0.0,2,1.5,3.6997880935668945,-4.081899642944336,-818.1902478831984,5235.326000980227,376.370050973845
1773,pi_common,10926,190.10000283271074,0.0,3,2.0,6.517199516296387,-6.566066265106201,-816.4974211191081,5231.972950986423,376.3869097228577
1773,pi_common,10926,190.10000283271074,-1.4,0,0.5,0.23857873678207397,-1.0725598335266113,-821.5854650738764,5239.925921102032,376.3432629135213
1773,pi_common,10926,190.10000283271074,-1.4,1,1.0,1.5027642250061035,-2.296450614929199,-820.866468224655,5238.319976867267,376.35102429697787
1773,pi_common,10926,190.10000283271074,-1.4,2,1.5,3.6997880935668945,-4.081899642944336,-819.4900351169538,5235.8461118160185,376.3638974822005
1773,pi_common,10926,190.10000283271074,-1.4,3,2.0,6.517199516296387,-6.566066265106201,-817.7972083528634,5232.493061822214,376.3807562312132
1773,pi_common,10966,192.10000286251307,0.0,0,0.5,0.3203772306442261,-1.0220284461975098,-820.1872716484598,5239.403809513164,376.34980453927557
1773,pi_common,10966,192.10000286251307,0.0,1,1.0,1.610185146331787,-2.072650194168091,-819.3716968157776,5237.953915425727,376.3572439068397
1773,pi_common,10966,192.10000286251307,0.0,2,1.5,3.869246244430542,-3.617208957672119,-817.8350226548055,5235.689518981151,376.36989632387696
1773,pi_common,10966,192.10000286251307,0.0,3,2.0,6.8453569412231445,-5.860857963562012,-815.8870512400108,5232.512048869363,376.3868314066536
1773,pi_common,10966,192.10000286251307,-1.4,0,0.5,0.3203772306442261,-1.0220284461975098,-821.490049656567,5239.916377219208,376.3431857544351
1773,pi_common,10966,192.10000286251307,-1.4,1,1.0,1.610185146331787,-2.072650194168091,-820.6744748238846,5238.466483131771,376.35062512199926
1773,pi_common,10966,192.10000286251307,-1.4,2,1.5,3.869246244430542,-3.617208957672119,-819.1378006629126,5236.202086687196,376.3632775390365
1773,pi_common,10966,192.10000286251307,-1.4,3,2.0,6.8453569412231445,-5.860857963562012,-817.1898292481178,5233.024616575408,376.38021262181314
1773,pi_common,11006,194.1000028923154,0.0,0,0.5,-0.03584755212068558,-0.9657209515571594,-820.4941447301529,5239.56175794035,376.34844507651854
1773,pi_common,11006,194.1000028923154,0.0,1,1.0,1.2866692543029785,-1.8882108926773071,-819.5893816311815,5238.2270668060955,376.35490306544597
1773,pi_common,11006,194.1000028923154,0.0,2,1.5,3.7473583221435547,-3.246793270111084,-817.7779126656458,5236.077838133835,376.36643849342113
1773,pi_common,11006,194.1000028923154,0.0,3,2.0,6.9408721923828125,-5.330214500427246,-815.5415736339296,5232.98951732564,376.3818392477984
1773,pi_common,11006,194.1000028923154,-1.4,0,0.5,-0.03584755212068558,-0.9657209515571594,-821.8014070517594,5240.062791565404,376.34291976449
1773,pi_common,11006,194.1000028923154,-1.4,1,1.0,1.2866692543029785,-1.8882108926773071,-820.8966439527878,5238.72810043115,376.34937775341734
1773,pi_common,11006,194.1000028923154,-1.4,2,1.5,3.7473583221435547,-3.246793270111084,-819.0851749872521,5236.578871758889,376.36091318139256
1773,pi_common,11006,194.1000028923154,-1.4,3,2.0,6.9408721923828125,-5.330214500427246,-816.848835955536,5233.490550950694,376.3763139357698
1773,pi_common,11046,196.1000029221177,0.0,0,0.5,0.0504942312836647,-1.0879926681518555,-820.4505350990308,5239.396170512004,376.3491024440513
1773,pi_common,11046,196.1000029221177,0.0,1,1.0,1.1053507328033447,-2.2585811614990234,-819.8717300696748,5237.930588572667,376.3564493236568
1773,pi_common,11046,196.1000029221177,0.0,2,1.5,3.150648593902588,-3.979658842086792,-818.5575837666952,5235.602887189887,376.36977186848674
1773,pi_common,11046,196.1000029221177,0.0,3,2.0,5.916634559631348,-6.40761137008667,-816.8155062574489,5232.360902139188,376.38795767745984
1773,pi_common,11046,196.1000029221177,-1.4,0,0.5,0.0504942312836647,-1.0879926681518555,-821.7621000260121,5239.8858096537515,376.34196429435036
1773,pi_common,11046,196.1000029221177,-1.4,1,1.0,1.1053507328033447,-2.2585811614990234,-821.1832949966561,5238.420227714415,376.3493111739558
1773,pi_common,11046,196.1000029221177,-1.4,2,1.5,3.150648593902588,-3.979658842086792,-819.8691486936765,5236.092526331635,376.36263371878573
1773,pi_common,11046,196.1000029221177,-1.4,3,2.0,5.916634559631348,-6.40761137008667,-818.1270711844302,5232.850541280935,376.3808195277589
1773,pi_common,11086,198.10000295192003,0.0,0,0.5,-0.09423724561929703,-0.9037304520606995,-820.5171187912634,5239.593273798826,376.348069016031
1773,pi_common,11086,198.10000295192003,0.0,1,1.0,1.0751137733459473,-1.6546123027801514,-819.6740781448244,5238.488540990008,376.3553661983428
1773,pi_common,11086,198.10000295192003,0.0,2,1.5,3.4522931575775146,-2.8531570434570312,-817.8483887029774,5236.5509792300645,376.3696423515584
1773,pi_common,11086,198.10000295192003,0.0,3,2.0,6.685290336608887,-4.839982986450195,-815.4871393631613,5233.58048285525,376.3896655833142
1773,pi_common,11086,198.10000295192003,-1.4,0,0.5,-0.09423724561929703,-0.9037304520606995,-821.8331241681456,5240.070848843106,376.3408631089109
1773,pi_common,11086,198.10000295192003,-1.4,1,1.0,1.0751137733459473,-1.6546123027801514,-820.9900835217065,5238.966116034289,376.34816029122265
1773,pi_common,11086,198.10000295192003,-1.4,2,1.5,3.4522931575775146,-2.8531570434570312,-819.1643940798596,5237.028554274346,376.36243644443834
1773,pi_common,11086,198.10000295192003,-1.4,3,2.0,6.685290336608887,-4.839982986450195,-816.8031447400434,5234.058057899531,376.3824596761941
