scenario,dataset,difficulty,agent,controller,tag,hdscore,rc,nc,dac,ttc,c,pdms,steps,end,wall_s,rc_code,finished,scene,run_dir,preset,arm,max_abs_e,spin,k60,v_max40,v_max,v_end,standing,n
scene-0013-extreme-00,nuscenes,extreme,cinque,fixed,pp-P0,0.01479114897645249,0.06212282570110046,0.3333333333333333,1.0,0.2,0.9333333333333333,0.23809523809523808,15,fg_collision,23.7,0,2026-10-06 03:31:09,scene-0013,/root/autodl-tmp/ujs/runs/op_parity/hugsim/pp-P0/zs/scene-0013_extreme_00,exam,P0,7.988859830504279,False,-1,2.178655134105106,2.178655134105106,1.0089773281075272,0.0,15
scene-0013-medium-00,nuscenes,medium,cinque,fixed,pp-P0,0.0588322752859494,0.10915867944621939,0.7727272727272727,1.0,0.5909090909090909,0.4090909090909091,0.5389610389610389,22,bg_collision,49.3,0,2026-10-05 21:06:21,scene-0013,/root/autodl-tmp/ujs/runs/op_parity/hugsim/pp-P0/zs/scene-0013_medium_00,exam,P0,173.07546096730002,True,14,4.494118399358101,4.494118399358101,4.410216037453857,0.0,22
scene-0041-medium-00,nuscenes,medium,cinque,fixed,pp-P0,0.11490894926477749,0.1608725289706885,0.7619047619047619,0.7619047619047619,0.7142857142857143,0.8095238095238095,0.7142857142857143,21,bg_collision,386.9,0,2026-10-06 03:29:37,scene-0041,/root/autodl-tmp/ujs/runs/op_parity/hugsim/pp-P0/zs/scene-0041_medium_00,exam,P0,41.05148577688237,False,-1,4.903441392061855,4.903441392061855,4.597989696322231,0.0,21
scene-0051-easy-00,nuscenes,easy,cinque,fixed,pp-P0,0.9688311688311688,1.0,0.9818181818181818,1.0,0.9818181818181818,1.0,0.9688311688311688,55,complete,406.1,0,2026-10-06 03:29:56,scene-0051,/root/autodl-tmp/ujs/runs/op_parity/hugsim/pp-P0/zs/scene-0051_easy_00,exam,P0,6.379336907464621,False,-1,11.640262270931004,11.640262270931004,10.005720628586213,0.0,55
scene-0138-extreme-00,nuscenes,extreme,cinque,fixed,pp-P0,0.1077897272325251,0.1475334255417243,0.7714285714285715,1.0,0.7142857142857143,1.0,0.7306122448979592,35,fg_collision,40.5,0,2026-10-06 03:31:32,scene-0138,/root/autodl-tmp/ujs/runs/op_parity/hugsim/pp-P0/zs/scene-0138_extreme_00,exam,P0,10.505127923822387,False,-1,2.8188995293097823,2.8188995293097823,0.13182078507747547,0.11428571428571428,35
scene-0166-easy-00,nuscenes,easy,cinque,fixed,pp-P0,1.0,1.0,1.0,1.0,1.0,1.0,1.0,49,complete,404.4,0,2026-10-06 03:29:54,scene-0166,/root/autodl-tmp/ujs/runs/op_parity/hugsim/pp-P0/zs/scene-0166_easy_00,exam,P0,1.746809500088354,False,-1,12.912678076967964,12.912678076967964,10.9220249216198,0.0,49
scene-0167-easy-00,nuscenes,easy,cinque,fixed,pp-P0,0.6911149162861492,0.6911149162861492,1.0,1.0,1.0,1.0,1.0,400,max_steps,698.8,0,2026-10-06 03:34:49,scene-0167,/root/autodl-tmp/ujs/runs/op_parity/hugsim/pp-P0/zs/scene-0167_easy_00,exam,P0,1.8346767771542918,False,-1,10.862444963337815,10.862444963337815,0.009633016048589956,0.83,400
scene-021-extreme-02,pandaset,extreme,cinque,fixed,pp-P0,0.015998494259363824,0.026350461133069828,0.6071428571428571,1.0,0.6071428571428571,1.0,0.6071428571428571,28,fg_collision,53.1,0,2026-10-06 03:45:32,021,/root/autodl-tmp/ujs/runs/op_parity/hugsim/pp-P0/zs/021_extreme_02,exam,P0,0.288701954289999,False,-1,1.0,1.0,0.35836772515985277,0.6071428571428571,28
scene-0254-extreme-00,nuscenes,extreme,cinque,fixed,pp-P0,0.8351648351648351,1.0,0.9358974358974359,1.0,0.9230769230769231,0.6666666666666666,0.8351648351648351,78,complete,166.2,0,2026-10-05 21:13:34,scene-0254,/root/autodl-tmp/ujs/runs/op_parity/hugsim/pp-P0/zs/scene-0254_extreme_00,exam,P0,177.37781091063474,True,14,6.841070268036077,18.532514530064336,18.532514530064336,0.0,78
scene-0254-hard-00,nuscenes,hard,cinque,fixed,pp-P0,0.06281661600810537,0.06281661600810537,1.0,1.0,1.0,1.0,1.0,400,max_steps,401.3,0,2026-10-06 03:36:18,scene-0254,/root/autodl-tmp/ujs/runs/op_parity/hugsim/pp-P0/zs/scene-0254_hard_00,exam,P0,2.8570172557379814,False,-1,1.6999958390864445,1.6999958390864445,0.008842104541465558,0.935,400
scene-032-medium-00,pandaset,medium,cinque,fixed,pp-P0,0.11923116455956419,0.11923116455956419,1.0,1.0,1.0,1.0,1.0,400,max_steps,309.0,0,2026-10-06 03:46:51,032,/root/autodl-tmp/ujs/runs/op_parity/hugsim/pp-P0/zs/032_medium_00,exam,P0,0.94490603768642,False,-1,1.7091165072001144,1.7091165072001144,0.0075524589984897585,0.9525,400
scene-032-medium-02,pandaset,medium,cinque,fixed,pp-P0,0.21893308664816527,0.21893308664816527,1.0,1.0,1.0,1.0,1.0,400,max_steps,310.2,0,2026-10-06 03:46:53,032,/root/autodl-tmp/ujs/runs/op_parity/hugsim/pp-P0/zs/032_medium_02,exam,P0,2.110095360043589,False,-1,2.700783077454218,2.700783077454218,0.008840684212865933,0.9325,400
scene-034-easy-00,pandaset,easy,cinque,fixed,pp-P0,0.9330252838948491,0.9679402722880984,0.9675,1.0,0.965,1.0,0.9639285714285714,400,max_steps,293.0,0,2026-10-06 03:46:18,034,/root/autodl-tmp/ujs/runs/op_parity/hugsim/pp-P0/zs/034_easy_00,exam,P0,1.8400828561928841,False,-1,9.416201819960436,9.416201819960436,0.011158666992355452,0.87,400
scene-034-hard-00,pandaset,hard,cinque,fixed,pp-P0,0.15051383399209484,0.2090469916556873,0.72,1.0,0.72,1.0,0.72,25,fg_collision,34.5,0,2026-10-06 03:42:50,034,/root/autodl-tmp/ujs/runs/op_parity/hugsim/pp-P0/zs/034_hard_00,exam,P0,6.297101377241904,False,-1,3.1103237317225427,3.1103237317225427,2.410583921256659,0.0,25
scene-034-hard-01,pandaset,hard,cinque,fixed,pp-P0,0.14166027209505472,0.17303469477382522,0.8461538461538461,1.0,0.8076923076923077,1.0,0.8186813186813187,26,fg_collision,34.7,0,2026-10-06 03:43:25,034,/root/autodl-tmp/ujs/runs/op_parity/hugsim/pp-P0/zs/034_hard_01,exam,P0,4.671009688412318,False,-1,3.8033537779198054,3.8033537779198054,3.8033537779198054,0.0,26
scene-039-easy-00,pandaset,easy,cinque,fixed,pp-P0,1.0,1.0,1.0,1.0,1.0,1.0,1.0,60,complete,47.3,0,2026-10-06 03:42:16,039,/root/autodl-tmp/ujs/runs/op_parity/hugsim/pp-P0/zs/039_easy_00,exam,P0,1.8260432502446842,False,-1,4.024542179182404,11.246061145671877,11.20542420798438,0.0,60
scene-040-easy-00,pandaset,easy,cinque,fixed,pp-P0,0.8127001889439274,0.8732282684111409,0.9349112426035503,0.9526627218934911,0.9289940828402367,0.9704142011834319,0.9306846999154691,169,bg_collision,100.7,0,2026-10-05 21:14:59,040,/root/autodl-tmp/ujs/runs/op_parity/hugsim/pp-P0/zs/040_easy_00,exam,P0,97.51136927989832,True,163,2.4784849574087002,3.4394810467594903,2.78430288795868,0.17159763313609466,169
scene-0411-easy-00,nuscenes,easy,cinque,fixed,pp-P0,0.8877551020408163,1.0,0.9047619047619048,1.0,0.8809523809523809,1.0,0.8877551020408163,42,complete,399.4,0,2026-10-06 03:29:49,scene-0411,/root/autodl-tmp/ujs/runs/op_parity/hugsim/pp-P0/zs/scene-0411_easy_00,exam,P0,1.4600017518645418,False,-1,14.335059701855892,14.335059701855892,12.853750083785302,0.0,42
scene-0411-hard-00,nuscenes,hard,cinque,fixed,pp-P0,0.8877551020408163,1.0,0.9047619047619048,1.0,0.8809523809523809,1.0,0.8877551020408163,42,complete,56.1,0,2026-10-06 03:30:46,scene-0411,/root/autodl-tmp/ujs/runs/op_parity/hugsim/pp-P0/zs/scene-0411_hard_00,exam,P0,1.4381369557504942,False,-1,14.313879129021712,14.313879129021712,13.032331773614233,0.0,42
scene-0411-medium-00,nuscenes,medium,cinque,fixed,pp-P0,0.0741159474907355,0.0741159474907355,1.0,1.0,1.0,1.0,1.0,400,max_steps,723.1,0,2026-10-06 03:35:13,scene-0411,/root/autodl-tmp/ujs/runs/op_parity/hugsim/pp-P0/zs/scene-0411_medium_00,exam,P0,0.8346994077232989,False,-1,2.4890790010653228,2.4890790010653228,0.008711635033625995,0.945,400
scene-0418-hard-00,nuscenes,hard,cinque,fixed,pp-P0,0.21746031746031746,1.0,0.28888888888888886,1.0,0.2222222222222222,1.0,0.21746031746031746,90,complete,87.8,0,2026-10-06 03:31:22,scene-0418,/root/autodl-tmp/ujs/runs/op_parity/hugsim/pp-P0/zs/scene-0418_hard_00,exam,P0,2.1954271189895374,False,-1,2.5518756864032457,18.142735818018828,18.142735818018828,0.3111111111111111,90
scene-0528-extreme-00,nuscenes,extreme,cinque,fixed,pp-P0,0.12001469962477276,0.23016517736257783,0.7,1.0,0.45,1.0,0.5214285714285716,20,fg_collision,24.1,0,2026-10-06 03:31:33,scene-0528,/root/autodl-tmp/ujs/runs/op_parity/hugsim/pp-P0/zs/scene-0528_extreme_00,exam,P0,12.707175962400884,False,-1,3.6689163400568274,3.6689163400568274,3.544282130340767,0.0,20
scene-0528-medium-00,nuscenes,medium,cinque,fixed,pp-P0,0.04267332591188534,0.1453199747269609,0.3333333333333333,0.5,0.2777777777777778,0.3888888888888889,0.29365079365079366,18,bg_collision,123.1,0,2026-10-05 21:12:51,scene-0528,/root/autodl-tmp/ujs/runs/op_parity/hugsim/pp-P0/zs/scene-0528_medium_00,exam,P0,127.93041428269262,True,13,3.936568127020209,3.936568127020209,3.7265817828573113,0.0,18
scene-053-extreme-02,pandaset,extreme,cinque,fixed,pp-P0,0.022072788871207845,0.07553798858146685,0.45454545454545453,1.0,0.22727272727272727,1.0,0.2922077922077922,22,fg_collision,35.2,0,2026-10-06 03:46:07,053,/root/autodl-tmp/ujs/runs/op_parity/hugsim/pp-P0/zs/053_extreme_02,exam,P0,0.15531290933816821,False,-1,1.861687960599486,1.861687960599486,0.11653461091751072,0.22727272727272727,22
scene-053-medium-02,pandaset,medium,cinque,fixed,pp-P0,0.43195495325930117,0.4409310496267018,1.0,1.0,0.9975,0.935,0.9796428571428573,400,max_steps,208.9,0,2026-10-05 21:17:03,053,/root/autodl-tmp/ujs/runs/op_parity/hugsim/pp-P0/zs/053_medium_02,exam,P0,178.9797316811912,True,12,5.985399282113561,6.342367384216894,0.00020233547575036867,0.8375,400
scene-090-hard-01,pandaset,hard,cinque,fixed,pp-P0,0.03016436149245034,0.05758650830376883,0.5833333333333334,1.0,0.5,1.0,0.5238095238095238,24,fg_collision,34.3,0,2026-10-06 03:43:59,090,/root/autodl-tmp/ujs/runs/op_parity/hugsim/pp-P0/zs/090_hard_01,exam,P0,3.9546606200391228,False,-1,2.7756236274836183,2.7756236274836183,0.36860690884790115,0.0,24
scene-0930-hard-00,nuscenes,hard,cinque,fixed,pp-P0,1.0,1.0,1.0,1.0,1.0,1.0,1.0,39,complete,55.2,0,2026-10-06 03:30:51,scene-0930,/root/autodl-tmp/ujs/runs/op_parity/hugsim/pp-P0/zs/scene-0930_hard_00,exam,P0,7.432692725200389,False,-1,11.953490991952698,11.953490991952698,11.953490991952698,0.0,39
scene-095-extreme-01,pandaset,extreme,cinque,fixed,pp-P0,0.07549309440426921,0.1343521171601401,0.6333333333333333,1.0,0.5333333333333333,0.9,0.561904761904762,30,fg_collision,33.0,0,2026-10-06 03:46:40,095,/root/autodl-tmp/ujs/runs/op_parity/hugsim/pp-P0/zs/095_extreme_01,exam,P0,3.6228174508105457,False,-1,2.9271854581444003,2.9271854581444003,0.44920802261605,0.16666666666666666,30
scene-095-medium-01,pandaset,medium,cinque,fixed,pp-P0,0.10187838268067495,0.10187838268067495,1.0,1.0,1.0,1.0,1.0,400,max_steps,337.0,0,2026-10-06 03:47:25,095,/root/autodl-tmp/ujs/runs/op_parity/hugsim/pp-P0/zs/095_medium_01,exam,P0,2.7890623057472155,False,-1,1.949176043456497,1.949176043456497,0.009884519735955659,0.9425,400
scene-100613054308-hard-00,waymo,hard,cinque,fixed,pp-P0,0.2276401175818391,0.26688841371663896,0.8529411764705882,1.0,0.8529411764705882,1.0,0.8529411764705882,34,fg_collision,36.8,0,2026-10-06 03:36:56,100613054308_0_200,/root/autodl-tmp/ujs/runs/op_parity/hugsim/pp-P0/zs/100613054308_0_200_hard_00,exam,P0,10.075017178690839,False,-1,1.188918246303271,1.188918246303271,0.02600605990604799,0.29411764705882354,34
scene-102751446607-medium-01,waymo,medium,cinque,fixed,pp-P0,0.1478592992298071,0.27409490647738943,0.835820895522388,0.6119402985074627,0.746268656716418,0.40298507462686567,0.5394456289978677,67,bg_collision,151.0,0,2026-10-05 21:13:18,102751446607_0_200,/root/autodl-tmp/ujs/runs/op_parity/hugsim/pp-P0/zs/102751446607_0_200_medium_01,exam,P0,177.60647473450382,True,15,3.7018944665608364,4.13104499039293,1.392538983212518,0.0,67
scene-106762673266-hard-00,waymo,hard,cinque,fixed,pp-P0,0.05007936242835422,0.06314354393140315,0.7931034482758621,1.0,0.7931034482758621,1.0,0.7931034482758621,29,fg_collision,34.4,0,2026-10-06 03:37:11,106762673266_0_200,/root/autodl-tmp/ujs/runs/op_parity/hugsim/pp-P0/zs/106762673266_0_200_hard_00,exam,P0,3.879561208487377,False,-1,1.0,1.0,0.03096935381677938,0.6896551724137931,29
scene-113-easy-00,pandaset,easy,cinque,fixed,pp-P0,0.12257809410834322,0.12257809410834322,1.0,1.0,1.0,1.0,1.0,400,max_steps,310.7,0,2026-10-06 03:46:48,113,/root/autodl-tmp/ujs/runs/op_parity/hugsim/pp-P0/zs/113_easy_00,exam,P0,0.902849966736148,False,-1,3.444950425928231,3.444950425928231,0.007440520591426803,0.935,400
scene-113792265837-easy-00,waymo,easy,cinque,fixed,pp-P0,0.13382493513587326,0.13382493513587326,1.0,1.0,1.0,1.0,1.0,400,max_steps,314.3,0,2026-10-06 03:36:37,113792265837_0_200,/root/autodl-tmp/ujs/runs/op_parity/hugsim/pp-P0/zs/113792265837_0_200_easy_00,exam,P0,4.315911862531012,False,-1,2.161791085510022,2.161791085510022,0.0077263357235798965,0.935,400
scene-124-extreme-01,pandaset,extreme,cinque,fixed,pp-P0,0.2901610952909045,0.3065436978480457,0.9568345323741008,1.0,0.9424460431654677,1.0,0.9465570400822199,139,fg_collision,77.7,0,2026-10-06 03:47:35,124,/root/autodl-tmp/ujs/runs/op_parity/hugsim/pp-P0/zs/124_extreme_01,exam,P0,1.1348339389898476,False,-1,2.42033752753999,4.4429645646526446,0.009032579949155536,0.6115107913669064,139
scene-124-hard-01,pandaset,hard,cinque,fixed,pp-P0,0.03726708074534161,0.04743083003952569,0.7857142857142857,1.0,0.7857142857142857,1.0,0.7857142857142857,28,fg_collision,39.8,0,2026-10-06 03:44:39,124,/root/autodl-tmp/ujs/runs/op_parity/hugsim/pp-P0/zs/124_hard_01,exam,P0,2.229916759273018,False,-1,1.4526310237141355,1.4526310237141355,0.032087923746288986,0.35714285714285715,28
scene-1290_1490-medium-01,kitti360,medium,cinque,fixed,pp-P0,0.416787632317067,0.47071702244116037,0.9356435643564357,0.9603960396039604,0.9257425742574258,0.9702970297029703,0.8854314002828854,202,bg_collision,127.5,0,2026-10-06 03:40:54,0000_1290_1490,/root/autodl-tmp/ujs/runs/op_parity/hugsim/pp-P0/zs/0000_1290_1490_medium_01,exam,P0,29.825813976607925,False,-1,2.3266002142074194,2.977670247127457,2.266865777070237,0.27722772277227725,202
scene-132384196576-medium-01,waymo,medium,cinque,fixed,pp-P0,0.12153365692139818,0.12153365692139818,1.0,1.0,1.0,1.0,1.0,400,max_steps,296.9,0,2026-10-06 03:40:10,132384196576_0_200,/root/autodl-tmp/ujs/runs/op_parity/hugsim/pp-P0/zs/132384196576_0_200_medium_01,exam,P0,4.104384589549072,False,-1,1.4883277606117757,1.4883277606117757,0.007188052302255425,0.9225,400
scene-144248042870-extreme-00,waymo,extreme,cinque,fixed,pp-P0,0.0,0.04567856713547301,0.7142857142857143,0.07142857142857142,0.2857142857142857,0.42857142857142855,0.0,14,fg_collision,23.4,0,2026-10-06 03:37:34,144248042870_0_200,/root/autodl-tmp/ujs/runs/op_parity/hugsim/pp-P0/zs/144248042870_0_200_extreme_00,exam,P0,32.40660329071252,False,-1,3.857927477701884,3.857927477701884,3.857927477701884,0.0,14
scene-150623512729-extreme-00,waymo,extreme,cinque,fixed,pp-P0,0.04922020699868602,0.09396584972476421,0.5833333333333334,1.0,0.5,1.0,0.5238095238095238,24,fg_collision,32.5,0,2026-10-06 03:38:07,150623512729_0_200,/root/autodl-tmp/ujs/runs/op_parity/hugsim/pp-P0/zs/150623512729_0_200_extreme_00,exam,P0,10.165860019455142,False,-1,1.9844309874586001,1.9844309874586001,0.2967776993297566,0.041666666666666664,24
scene-150623512729-medium-01,waymo,medium,cinque,fixed,pp-P0,0.15532414711966622,0.15532414711966622,1.0,1.0,1.0,1.0,1.0,400,max_steps,310.1,0,2026-10-06 03:41:28,150623512729_0_200,/root/autodl-tmp/ujs/runs/op_parity/hugsim/pp-P0/zs/150623512729_0_200_medium_01,exam,P0,20.39567312250272,False,-1,1.5875484461386302,1.7957151181440432,0.006967218212299688,0.835,400
scene-152217047339-extreme-00,waymo,extreme,cinque,fixed,pp-P0,0.05818226244513989,0.14900335504243142,0.6,1.0,0.3333333333333333,0.7333333333333333,0.3904761904761905,15,fg_collision,22.7,0,2026-10-06 03:38:10,152217047339_0_200,/root/autodl-tmp/ujs/runs/op_parity/hugsim/pp-P0/zs/152217047339_0_200_extreme_00,exam,P0,38.582034022708136,False,-1,2.5988751067067533,2.5988751067067533,2.5988751067067533,0.0,15
scene-152217047339-medium-00,waymo,medium,cinque,fixed,pp-P0,0.08288928359976316,0.15985790408525755,0.9259259259259259,0.5925925925925926,0.5925925925925926,0.5555555555555556,0.5185185185185185,27,bg_collision,50.9,0,2026-10-05 21:06:22,152217047339_0_200,/root/autodl-tmp/ujs/runs/op_parity/hugsim/pp-P0/zs/152217047339_0_200_medium_00,exam,P0,148.56712430792118,True,18,3.0601879092309443,3.0601879092309443,2.5307165330398047,0.0,27
scene-164701907483-easy-00,waymo,easy,cinque,fixed,pp-P0,0.10569882203120025,0.10569882203120025,1.0,1.0,1.0,1.0,1.0,400,max_steps,287.1,0,2026-10-06 03:36:19,164701907483_0_200,/root/autodl-tmp/ujs/runs/op_parity/hugsim/pp-P0/zs/164701907483_0_200_easy_00,exam,P0,5.029054294305012,False,-1,1.0,1.0,0.006355644274843375,0.97,400
scene-164701907483-hard-00,waymo,hard,cinque,fixed,pp-P0,0.206940464820121,0.206940464820121,1.0,1.0,1.0,1.0,1.0,400,max_steps,292.6,0,2026-10-06 03:41:48,164701907483_0_200,/root/autodl-tmp/ujs/runs/op_parity/hugsim/pp-P0/zs/164701907483_0_200_hard_00,exam,P0,14.319436488792029,False,-1,2.4890416784191447,2.529102667930889,0.004865959262138626,0.9,400
scene-166085257829-extreme-00,waymo,extreme,cinque,fixed,pp-P0,0.07300391915776532,0.134209225118316,0.6538461538461539,1.0,0.5,1.0,0.543956043956044,26,fg_collision,39.8,0,2026-10-06 03:38:47,166085257829_0_200,/root/autodl-tmp/ujs/runs/op_parity/hugsim/pp-P0/zs/166085257829_0_200_extreme_00,exam,P0,11.451608680869988,False,-1,2.023014804879912,2.023014804879912,1.0428193700626782,0.0,26
scene-250_450-hard-00,kitti360,hard,cinque,fixed,pp-P0,0.03588261984795029,0.06219654106978051,0.8461538461538461,0.7307692307692307,0.7692307692307693,1.0,0.5769230769230769,26,fg_collision,30.6,0,2026-10-06 03:40:53,0000_250_450,/root/autodl-tmp/ujs/runs/op_parity/hugsim/pp-P0/zs/0000_250_450_hard_00,exam,P0,12.130096327445719,False,-1,2.843279094652872,2.843279094652872,1.7390560156574904,0.0,26
scene-2510_2710-extreme-00,kitti360,extreme,cinque,fixed,pp-P0,0.0015411850463396854,0.03852962615849213,0.04,0.96,0.04,1.0,0.04,25,fg_collision,27.1,0,2026-10-06 03:41:21,0000_2510_2710,/root/autodl-tmp/ujs/runs/op_parity/hugsim/pp-P0/zs/0000_2510_2710_extreme_00,exam,P0,4.732720760730822,False,-1,1.4442284176205507,1.4442284176205507,0.05591218936364334,0.36,25
scene-2510_2710-hard-00,kitti360,hard,cinque,fixed,pp-P0,0.06745577192312587,0.09962164601339858,0.6991869918699187,0.943089430894309,0.7073170731707317,0.9105691056910569,0.6771196283391405,123,bg_collision,79.3,0,2026-10-06 03:41:43,0000_2510_2710,/root/autodl-tmp/ujs/runs/op_parity/hugsim/pp-P0/zs/0000_2510_2710_hard_00,exam,P0,97.58329844443246,True,120,1.0,2.7720300727738305,2.7720300727738305,0.44715447154471544,123
scene-2800_3000-easy-00,kitti360,easy,cinque,fixed,pp-P0,0.5495981016305813,0.9071491393391129,0.6746987951807228,0.8433734939759037,0.6867469879518072,0.9036144578313253,0.6058519793459552,83,bg_collision,77.7,0,2026-10-06 03:39:27,0000_2800_3000,/root/autodl-tmp/ujs/runs/op_parity/hugsim/pp-P0/zs/0000_2800_3000_easy_00,exam,P0,58.39295601632618,False,-1,6.738139177754609,12.74917288829391,1.120812364226519,0.0,83
scene-3000_3200-hard-00,kitti360,hard,cinque,fixed,pp-P0,0.06635790847704395,0.18215896444678734,0.75,0.65,0.7,1.0,0.36428571428571427,20,fg_collision,23.0,0,2026-10-06 03:40:53,0000_3000_3200,/root/autodl-tmp/ujs/runs/op_parity/hugsim/pp-P0/zs/0000_3000_3200_hard_00,exam,P0,2.650254003244369,False,-1,5.663354799729306,5.663354799729306,5.663354799729306,0.0,20
scene-3000_3200-medium-00,kitti360,medium,cinque,fixed,pp-P0,0.04587113540308335,0.1452585954430973,0.7368421052631579,0.5789473684210527,0.7368421052631579,1.0,0.3157894736842105,19,fg_collision,20.1,0,2026-10-06 03:39:47,0000_3000_3200,/root/autodl-tmp/ujs/runs/op_parity/hugsim/pp-P0/zs/0000_3000_3200_medium_00,exam,P0,5.037371140343989,False,-1,5.093493834125883,5.093493834125883,5.093493834125883,0.0,19
scene-322492347634-easy-00,waymo,easy,cinque,fixed,pp-P0,0.6029168546083296,0.6029168546083296,1.0,1.0,1.0,1.0,1.0,400,max_steps,322.9,0,2026-10-06 03:36:56,322492347634_0_200,/root/autodl-tmp/ujs/runs/op_parity/hugsim/pp-P0/zs/322492347634_0_200_easy_00,exam,P0,2.457389882158831,False,-1,3.3808107710408692,3.3808107710408692,0.1079069755174623,0.515,400
scene-3400_3600-extreme-00,kitti360,extreme,cinque,fixed,pp-P0,0.01855494286851231,0.04509881947207852,0.76,0.68,0.72,1.0,0.4114285714285715,25,fg_collision,24.5,0,2026-10-06 03:41:19,0000_3400_3600,/root/autodl-tmp/ujs/runs/op_parity/hugsim/pp-P0/zs/0000_3400_3600_extreme_00,exam,P0,3.96955072223716,False,-1,1.905790192977042,1.905790192977042,0.456826910508899,0.2,25
scene-3400_3600-hard-00,kitti360,hard,cinque,fixed,pp-P0,0.14751347625055505,0.19056461953397885,0.9302325581395349,0.8604651162790697,0.9069767441860465,0.9534883720930233,0.7740863787375415,43,fg_collision,31.7,0,2026-10-06 03:41:25,0000_3400_3600,/root/autodl-tmp/ujs/runs/op_parity/hugsim/pp-P0/zs/0000_3400_3600_hard_00,exam,P0,11.138807947606914,False,-1,5.289425831904847,5.289425831904847,0.6823594308210469,0.20930232558139536,43
scene-398895700423-easy-00,waymo,easy,cinque,fixed,pp-P0,0.13309332896961762,0.13309332896961762,1.0,1.0,1.0,1.0,1.0,400,max_steps,335.0,0,2026-10-06 03:40:24,398895700423_0_200,/root/autodl-tmp/ujs/runs/op_parity/hugsim/pp-P0/zs/398895700423_0_200_easy_00,exam,P0,0.2551557091235578,False,-1,2.1043463282672996,2.1043463282672996,0.01081135211911445,0.9425,400
scene-570_770-easy-00,kitti360,easy,cinque,fixed,pp-P0,0.2238652079284707,0.5004045824283463,0.7631578947368421,0.6052631578947368,0.7631578947368421,1.0,0.4473684210526316,38,bg_collision,131.4,0,2026-10-05 21:12:59,0000_570_770,/root/autodl-tmp/ujs/runs/op_parity/hugsim/pp-P0/zs/0000_570_770_easy_00,exam,P0,16.530931559134597,False,-1,13.117005985385097,13.117005985385097,7.911126234798182,0.0,38
scene-570_770-medium-00,kitti360,medium,cinque,fixed,pp-P0,0.22556535070908393,0.5012563349090754,0.8,0.625,0.775,1.0,0.45,40,bg_collision,35.4,0,2026-10-06 03:40:23,0000_570_770,/root/autodl-tmp/ujs/runs/op_parity/hugsim/pp-P0/zs/0000_570_770_medium_00,exam,P0,12.94029733116527,False,-1,12.36096346706059,12.36096346706059,7.247235007205969,0.0,40
scene-5980_6180-easy-00,kitti360,easy,cinque,fixed,pp-P0,0.3223946282445124,0.4312551520673348,0.8543689320388349,0.7572815533980582,0.8349514563106796,0.9320388349514563,0.7475728155339806,103,bg_collision,55.8,0,2026-10-05 21:13:46,0000_5980_6180,/root/autodl-tmp/ujs/runs/op_parity/hugsim/pp-P0/zs/0000_5980_6180_easy_00,exam,P0,41.541947623895446,False,-1,5.441468207076196,5.441468207076196,4.46122485531612,0.08737864077669903,103
scene-5980_6180-extreme-00,kitti360,extreme,cinque,fixed,pp-P0,0.012550900875773971,0.07158661980997007,0.5,0.7727272727272727,0.36363636363636365,1.0,0.1753246753246753,22,fg_collision,19.0,0,2026-10-06 03:41:38,0000_5980_6180,/root/autodl-tmp/ujs/runs/op_parity/hugsim/pp-P0/zs/0000_5980_6180_extreme_00,exam,P0,5.526874296205839,False,-1,2.9395891885739878,2.9395891885739878,0.264423780942313,0.045454545454545456,22
scene-6580_6780-medium-01,kitti360,medium,cinque,fixed,pp-P0,0.0028517914325418407,0.04277687148812761,0.06666666666666667,1.0,0.06666666666666667,1.0,0.06666666666666667,15,bg_collision,20.0,0,2026-10-06 03:40:30,0000_6580_6780,/root/autodl-tmp/ujs/runs/op_parity/hugsim/pp-P0/zs/0000_6580_6780_medium_01,exam,P0,3.310142678850822,False,-1,3.2555679347210282,3.2555679347210282,3.0702451627061267,0.0,15
scene-770_970-extreme-00,kitti360,extreme,cinque,fixed,pp-P0,0.008779328891202776,0.12763793541825577,0.14814814814814814,1.0,0.037037037037037035,0.9629629629629629,0.06878306878306877,27,fg_collision,21.8,0,2026-10-06 03:41:42,0000_770_970,/root/autodl-tmp/ujs/runs/op_parity/hugsim/pp-P0/zs/0000_770_970_extreme_00,exam,P0,10.191217656548957,False,-1,3.7738271678057047,3.7738271678057047,0.2890741704061641,0.037037037037037035,27
scene-8440_8640-easy-00,kitti360,easy,cinque,fixed,pp-P0,0.5626228125334846,0.62217048247316,0.9504950495049505,0.9141914191419142,0.9504950495049505,0.9636963696369637,0.9042904290429042,303,off_route,154.6,0,2026-10-05 21:15:33,0000_8440_8640,/root/autodl-tmp/ujs/runs/op_parity/hugsim/pp-P0/zs/0000_8440_8640_easy_00,exam,P0,159.97765606927712,True,287,3.2782459203382674,5.142501537375181,5.142501537375181,0.3465346534653465,303
scene-881121006469-hard-00,waymo,hard,cinque,fixed,pp-P0,0.36614673829828315,0.4210687490430256,0.8695652173913043,1.0,0.8695652173913043,1.0,0.8695652173913043,46,fg_collision,50.7,0,2026-10-06 03:37:47,881121006469_0_200,/root/autodl-tmp/ujs/runs/op_parity/hugsim/pp-P0/zs/881121006469_0_200_hard_00,exam,P0,8.81730778141282,False,-1,3.049801216851828,3.049801216851828,0.021422548601377066,0.4782608695652174,46
scene-0013-extreme-00,nuscenes,extreme,cinque,fixed,pp-P2-F-s0,0.023813749852088506,0.08697195598154064,0.3333333333333333,1.0,0.25,1.0,0.2738095238095238,12,fg_collision,15.7,0,2026-10-06 04:10:21,scene-0013,/root/autodl-tmp/ujs/runs/op_parity/hugsim/pp-P2-F-s0/zs/scene-0013_extreme_00,exam,P2-F-s0,1.2871386517272587,False,-1,4.262831192581846,4.262831192581846,4.262831192581846,0.0,12
scene-0013-medium-00,nuscenes,medium,cinque,fixed,pp-P2-F-s0,1.0,1.0,1.0,1.0,1.0,1.0,1.0,39,complete,201.6,0,2026-10-06 04:08:31,scene-0013,/root/autodl-tmp/ujs/runs/op_parity/hugsim/pp-P2-F-s0/zs/scene-0013_medium_00,exam,P2-F-s0,3.1643063527883064,False,-1,18.951546082541693,18.951546082541693,18.951546082541693,0.0,39
scene-0041-medium-00,nuscenes,medium,cinque,fixed,pp-P2-F-s0,0.120751777193495,0.25357873210633947,0.6296296296296297,0.5555555555555556,0.4444444444444444,0.6296296296296297,0.4761904761904763,27,bg_collision,25.1,0,2026-10-06 04:09:58,scene-0041,/root/autodl-tmp/ujs/runs/op_parity/hugsim/pp-P2-F-s0/zs/scene-0041_medium_00,exam,P2-F-s0,111.45083616209995,True,22,7.311020956593881,7.311020956593881,3.7513706075772038,0.0,27
scene-0051-easy-00,nuscenes,easy,cinque,fixed,pp-P2-F-s0,0.961038961038961,1.0,0.9772727272727273,1.0,0.9772727272727273,1.0,0.961038961038961,44,complete,34.5,0,2026-10-06 04:09:05,scene-0051,/root/autodl-tmp/ujs/runs/op_parity/hugsim/pp-P2-F-s0/zs/scene-0051_easy_00,exam,P2-F-s0,4.512222618738117,False,-1,14.76370022833895,15.279686238959316,15.279686238959316,0.0,44
scene-0138-extreme-00,nuscenes,extreme,cinque,fixed,pp-P2-F-s0,0.07698288670428563,0.16465784100638872,0.5757575757575758,1.0,0.42424242424242425,1.0,0.4675324675324675,33,fg_collision,28.7,0,2026-10-06 04:10:47,scene-0138,/root/autodl-tmp/ujs/runs/op_parity/hugsim/pp-P2-F-s0/zs/scene-0138_extreme_00,exam,P2-F-s0,1.1629080689326465,False,-1,4.61037120544954,4.61037120544954,0.5737992323610439,0.12121212121212122,33
scene-0166-easy-00,nuscenes,easy,cinque,fixed,pp-P2-F-s0,1.0,1.0,1.0,1.0,1.0,1.0,1.0,43,complete,35.9,0,2026-10-06 04:09:33,scene-0166,/root/autodl-tmp/ujs/runs/op_parity/hugsim/pp-P2-F-s0/zs/scene-0166_easy_00,exam,P2-F-s0,1.7939483034592192,False,-1,14.684861558768974,14.697434539043824,14.61511275373965,0.0,43
scene-0167-easy-00,nuscenes,easy,cinque,fixed,pp-P2-F-s0,1.0,1.0,1.0,1.0,1.0,1.0,1.0,50,complete,34.9,0,2026-10-06 04:09:40,scene-0167,/root/autodl-tmp/ujs/runs/op_parity/hugsim/pp-P2-F-s0/zs/scene-0167_easy_00,exam,P2-F-s0,8.820084709846029,False,-1,15.561418238287986,16.527044258924917,16.527044258924917,0.0,50
scene-021-extreme-02,pandaset,extreme,cinque,fixed,pp-P2-F-s0,0.028181304861146766,0.05357927097057532,0.5909090909090909,1.0,0.5,1.0,0.5259740259740261,22,fg_collision,33.2,0,2026-10-06 04:20:41,021,/root/autodl-tmp/ujs/runs/op_parity/hugsim/pp-P2-F-s0/zs/021_extreme_02,exam,P2-F-s0,0.6883119178013632,False,-1,1.2507941154413702,1.2507941154413702,0.4950081096622916,0.0,22
scene-0254-extreme-00,nuscenes,extreme,cinque,fixed,pp-P2-F-s0,0.03164953924832344,0.10266801756163459,0.42105263157894735,1.0,0.2631578947368421,0.9473684210526315,0.3082706766917293,19,fg_collision,193.7,0,2026-10-06 04:08:23,scene-0254,/root/autodl-tmp/ujs/runs/op_parity/hugsim/pp-P2-F-s0/zs/scene-0254_extreme_00,exam,P2-F-s0,1.7742456525280266,False,-1,4.7812435765965295,4.7812435765965295,2.5623756547305296,0.0,19
scene-0254-hard-00,nuscenes,hard,cinque,fixed,pp-P2-F-s0,0.9421768707482993,1.0,0.9761904761904762,1.0,0.9285714285714286,1.0,0.9421768707482993,42,complete,45.1,0,2026-10-06 04:10:24,scene-0254,/root/autodl-tmp/ujs/runs/op_parity/hugsim/pp-P2-F-s0/zs/scene-0254_hard_00,exam,P2-F-s0,7.297449945731134,False,-1,17.44344000063057,18.549978305210942,18.549978305210942,0.0,42
scene-032-medium-00,pandaset,medium,cinque,fixed,pp-P2-F-s0,0.5510092744135298,0.6228800493370337,0.8846153846153846,1.0,0.8846153846153846,1.0,0.8846153846153846,26,bg_collision,27.1,0,2026-10-06 04:20:00,032,/root/autodl-tmp/ujs/runs/op_parity/hugsim/pp-P2-F-s0/zs/032_medium_00,exam,P2-F-s0,7.219642662534825,False,-1,9.532489283554286,9.532489283554286,9.532489283554286,0.0,26
scene-032-medium-02,pandaset,medium,cinque,fixed,pp-P2-F-s0,0.3094052915646679,0.7708911501695961,0.6190476190476191,1.0,0.3333333333333333,0.9523809523809523,0.4013605442176872,42,fg_collision,33.8,0,2026-10-06 04:20:08,032,/root/autodl-tmp/ujs/runs/op_parity/hugsim/pp-P2-F-s0/zs/032_medium_02,exam,P2-F-s0,5.513165370178712,False,-1,6.898889660996437,6.898889660996437,5.360996858049149,0.0,42
scene-034-easy-00,pandaset,easy,cinque,fixed,pp-P2-F-s0,0.7517564402810305,1.0,0.8032786885245902,1.0,0.7540983606557377,0.9836065573770492,0.7517564402810305,61,complete,41.3,0,2026-10-06 04:20:06,034,/root/autodl-tmp/ujs/runs/op_parity/hugsim/pp-P2-F-s0/zs/034_easy_00,exam,P2-F-s0,3.496571705401294,False,-1,11.018735822590218,11.018735822590218,7.041277017645425,0.06557377049180328,61
scene-034-hard-00,pandaset,hard,cinque,fixed,pp-P2-F-s0,0.1576008532530272,0.27580149319279756,0.6842105263157895,1.0,0.5263157894736842,1.0,0.5714285714285715,19,fg_collision,21.7,0,2026-10-06 04:20:15,034,/root/autodl-tmp/ujs/runs/op_parity/hugsim/pp-P2-F-s0/zs/034_hard_00,exam,P2-F-s0,5.356175547302331,False,-1,7.794223979824648,7.794223979824648,7.794223979824648,0.0,19
scene-034-hard-01,pandaset,hard,cinque,fixed,pp-P2-F-s0,0.11031764484449906,0.24769433465085638,0.5294117647058824,1.0,0.4117647058823529,1.0,0.4453781512605042,17,fg_collision,22.6,0,2026-10-06 04:20:22,034,/root/autodl-tmp/ujs/runs/op_parity/hugsim/pp-P2-F-s0/zs/034_hard_01,exam,P2-F-s0,2.8133304051168575,False,-1,8.19687668193199,8.19687668193199,8.19687668193199,0.0,17
scene-039-easy-00,pandaset,easy,cinque,fixed,pp-P2-F-s0,0.96875,1.0,0.96875,0.96875,0.96875,1.0,0.96875,32,complete,28.1,0,2026-10-06 04:19:53,039,/root/autodl-tmp/ujs/runs/op_parity/hugsim/pp-P2-F-s0/zs/039_easy_00,exam,P2-F-s0,1.8422447462355358,False,-1,13.380755070286934,13.380755070286934,12.630755070286934,0.0,32
scene-040-easy-00,pandaset,easy,cinque,fixed,pp-P2-F-s0,0.6837040449886125,0.8593517692536426,0.8461538461538461,0.8307692307692308,0.8,0.9692307692307692,0.7956043956043957,65,bg_collision,43.2,0,2026-10-06 04:09:11,040,/root/autodl-tmp/ujs/runs/op_parity/hugsim/pp-P2-F-s0/zs/040_easy_00,exam,P2-F-s0,89.82021937666418,True,59,6.69914762354166,6.69914762354166,3.467283703474683,0.0,65
scene-0411-easy-00,nuscenes,easy,cinque,fixed,pp-P2-F-s0,0.9094076655052264,1.0,0.926829268292683,1.0,0.9024390243902439,1.0,0.9094076655052264,41,complete,28.3,0,2026-10-06 04:09:40,scene-0411,/root/autodl-tmp/ujs/runs/op_parity/hugsim/pp-P2-F-s0/zs/scene-0411_easy_00,exam,P2-F-s0,1.2911888030384928,False,-1,15.491167574655048,15.491167574655048,15.36829549702749,0.0,41
scene-0411-hard-00,nuscenes,hard,cinque,fixed,pp-P2-F-s0,0.8850174216027874,1.0,0.9024390243902439,1.0,0.8780487804878049,1.0,0.8850174216027874,41,complete,41.5,0,2026-10-06 04:10:21,scene-0411,/root/autodl-tmp/ujs/runs/op_parity/hugsim/pp-P2-F-s0/zs/scene-0411_hard_00,exam,P2-F-s0,1.288202017947856,False,-1,15.492109032361498,15.492109032361498,15.366793839494564,0.0,41
scene-0411-medium-00,nuscenes,medium,cinque,fixed,pp-P2-F-s0,0.16484206704670246,0.2575215124678098,0.75,1.0,0.5961538461538461,1.0,0.6401098901098903,52,fg_collision,44.4,0,2026-10-06 04:10:18,scene-0411,/root/autodl-tmp/ujs/runs/op_parity/hugsim/pp-P2-F-s0/zs/scene-0411_medium_00,exam,P2-F-s0,1.8958198037021392,False,-1,5.337003513695309,5.337003513695309,1.579870452114455,0.15384615384615385,52
scene-0418-hard-00,nuscenes,hard,cinque,fixed,pp-P2-F-s0,0.30564784053156147,1.0,0.37209302325581395,1.0,0.3023255813953488,1.0,0.30564784053156147,43,complete,38.5,0,2026-10-06 04:10:18,scene-0418,/root/autodl-tmp/ujs/runs/op_parity/hugsim/pp-P2-F-s0/zs/scene-0418_hard_00,exam,P2-F-s0,2.3313118463806384,False,-1,15.676532878200884,17.60207479973349,17.60207479973349,0.0,43
scene-0528-extreme-00,nuscenes,extreme,cinque,fixed,pp-P2-F-s0,0.1129550114115508,0.26356169329361856,0.5625,1.0,0.4375,1.0,0.42857142857142855,16,fg_collision,16.6,0,2026-10-06 04:10:35,scene-0528,/root/autodl-tmp/ujs/runs/op_parity/hugsim/pp-P2-F-s0/zs/scene-0528_extreme_00,exam,P2-F-s0,4.234917922558707,False,-1,7.503934965402481,7.503934965402481,7.503934965402481,0.0,16
scene-0528-medium-00,nuscenes,medium,cinque,fixed,pp-P2-F-s0,0.907563025210084,1.0,0.9705882352941176,1.0,0.9117647058823529,1.0,0.907563025210084,34,complete,199.0,0,2026-10-06 04:08:28,scene-0528,/root/autodl-tmp/ujs/runs/op_parity/hugsim/pp-P2-F-s0/zs/scene-0528_medium_00,exam,P2-F-s0,8.62990125674047,False,-1,14.66065354124466,14.66065354124466,14.66065354124466,0.0,34
scene-053-extreme-02,pandaset,extreme,cinque,fixed,pp-P2-F-s0,0.04355892554650319,0.1422924901185771,0.35714285714285715,1.0,0.2857142857142857,1.0,0.30612244897959184,14,fg_collision,24.8,0,2026-10-06 04:20:40,053,/root/autodl-tmp/ujs/runs/op_parity/hugsim/pp-P2-F-s0/zs/053_extreme_02,exam,P2-F-s0,2.713502457408051,False,-1,4.59829496580983,4.59829496580983,4.59829496580983,0.0,14
scene-053-medium-02,pandaset,medium,cinque,fixed,pp-P2-F-s0,0.7425742574257425,1.0,0.9405940594059405,1.0,0.6633663366336634,1.0,0.7425742574257425,101,complete,69.0,0,2026-10-06 04:09:39,053,/root/autodl-tmp/ujs/runs/op_parity/hugsim/pp-P2-F-s0/zs/053_medium_02,exam,P2-F-s0,9.401311899324705,False,-1,6.1293535165537865,9.256104189888323,9.256104189888323,0.0,101
scene-090-hard-01,pandaset,hard,cinque,fixed,pp-P2-F-s0,1.0,1.0,1.0,1.0,1.0,1.0,1.0,58,complete,54.6,0,2026-10-06 04:21:00,090,/root/autodl-tmp/ujs/runs/op_parity/hugsim/pp-P2-F-s0/zs/090_hard_01,exam,P2-F-s0,3.920911893160541,False,-1,9.380331467096864,12.065926679224676,12.065926679224676,0.0,58
scene-0930-hard-00,nuscenes,hard,cinque,fixed,pp-P2-F-s0,1.0,1.0,1.0,1.0,1.0,1.0,1.0,36,complete,31.0,0,2026-10-06 04:10:29,scene-0930,/root/autodl-tmp/ujs/runs/op_parity/hugsim/pp-P2-F-s0/zs/scene-0930_hard_00,exam,P2-F-s0,8.42536240471504,False,-1,14.463429345912827,14.463429345912827,14.463429345912827,0.0,36
scene-095-extreme-01,pandaset,extreme,cinque,fixed,pp-P2-F-s0,0.08105357711374904,0.17128303088188476,0.5625,1.0,0.5625,1.0,0.4732142857142857,16,fg_collision,24.1,0,2026-10-06 04:20:47,095,/root/autodl-tmp/ujs/runs/op_parity/hugsim/pp-P2-F-s0/zs/095_extreme_01,exam,P2-F-s0,0.7878762542829296,False,-1,6.302555699849577,6.302555699849577,6.302555699849577,0.0,16
scene-095-medium-01,pandaset,medium,cinque,fixed,pp-P2-F-s0,0.4208957369309703,0.9022604266157275,0.7839506172839507,1.0,0.3395061728395062,1.0,0.46649029982363366,162,fg_collision,112.2,0,2026-10-06 04:21:29,095,/root/autodl-tmp/ujs/runs/op_parity/hugsim/pp-P2-F-s0/zs/095_medium_01,exam,P2-F-s0,2.521173704951221,False,-1,5.012860950623367,5.012860950623367,3.518725480163688,0.0,162
scene-100613054308-hard-00,waymo,hard,cinque,fixed,pp-P2-F-s0,0.9392575928008999,1.0,0.968503937007874,1.0,0.937007874015748,0.9763779527559056,0.9392575928008999,127,complete,110.2,0,2026-10-06 04:13:02,100613054308_0_200,/root/autodl-tmp/ujs/runs/op_parity/hugsim/pp-P2-F-s0/zs/100613054308_0_200_hard_00,exam,P2-F-s0,11.089605887801344,False,-1,5.920934442456527,6.351676196065573,3.815586647797594,0.15748031496062992,127
scene-102751446607-medium-01,waymo,medium,cinque,fixed,pp-P2-F-s0,0.8617336092710501,0.966474710950404,0.9261083743842364,0.9408866995073891,0.8817733990147784,0.9359605911330049,0.891625615763547,203,off_route,296.1,0,2026-10-06 04:10:05,102751446607_0_200,/root/autodl-tmp/ujs/runs/op_parity/hugsim/pp-P2-F-s0/zs/102751446607_0_200_medium_01,exam,P2-F-s0,58.47700050462265,False,-1,3.8076301656276508,6.398858082898165,1.6012197141153441,0.034482758620689655,203
scene-106762673266-hard-00,waymo,hard,cinque,fixed,pp-P2-F-s0,0.048030351953503386,0.10547841997632117,0.5,1.0,0.4375,1.0,0.45535714285714285,16,fg_collision,24.6,0,2026-10-06 04:12:18,106762673266_0_200,/root/autodl-tmp/ujs/runs/op_parity/hugsim/pp-P2-F-s0/zs/106762673266_0_200_hard_00,exam,P2-F-s0,4.051364124810539,False,-1,4.095895200555059,4.095895200555059,4.095895200555059,0.0,16
scene-113-easy-00,pandaset,easy,cinque,fixed,pp-P2-F-s0,0.739010989010989,1.0,0.8076923076923077,1.0,0.7307692307692307,1.0,0.739010989010989,52,complete,40.5,0,2026-10-06 04:20:06,113,/root/autodl-tmp/ujs/runs/op_parity/hugsim/pp-P2-F-s0/zs/113_easy_00,exam,P2-F-s0,4.229309288116888,False,-1,11.807657480505698,12.875616547470047,12.799804893522925,0.0,52
scene-113792265837-easy-00,waymo,easy,cinque,fixed,pp-P2-F-s0,0.7454617205998424,1.0,0.7983425414364641,0.9972375690607734,0.787292817679558,0.856353591160221,0.7454617205998424,362,complete,226.5,0,2026-10-06 04:14:07,113792265837_0_200,/root/autodl-tmp/ujs/runs/op_parity/hugsim/pp-P2-F-s0/zs/113792265837_0_200_easy_00,exam,P2-F-s0,179.72733138717768,True,103,5.624871624510141,7.199191437972302,4.396806332757388,0.06353591160220995,362
scene-124-extreme-01,pandaset,extreme,cinque,fixed,pp-P2-F-s0,0.9959183673469388,1.0,1.0,1.0,1.0,0.9857142857142858,0.9959183673469388,70,complete,48.8,0,2026-10-06 04:21:19,124,/root/autodl-tmp/ujs/runs/op_parity/hugsim/pp-P2-F-s0/zs/124_extreme_01,exam,P2-F-s0,6.599666979995383,False,-1,8.81346157296734,9.563230374223945,8.885350918227202,0.0,70
scene-124-hard-01,pandaset,hard,cinque,fixed,pp-P2-F-s0,0.09015253005022827,0.17303469477382522,0.6470588235294118,1.0,0.5294117647058824,1.0,0.5210084033613446,17,fg_collision,24.3,0,2026-10-06 04:20:31,124,/root/autodl-tmp/ujs/runs/op_parity/hugsim/pp-P2-F-s0/zs/124_hard_01,exam,P2-F-s0,1.744481244951057,False,-1,7.520152048504738,7.520152048504738,7.520152048504738,0.0,17
scene-1290_1490-medium-01,kitti360,medium,cinque,fixed,pp-P2-F-s0,0.15844147140015238,0.32542170473204957,0.7142857142857143,0.9387755102040817,0.4897959183673469,0.9795918367346939,0.48688046647230315,49,fg_collision,35.2,0,2026-10-06 04:19:10,0000_1290_1490,/root/autodl-tmp/ujs/runs/op_parity/hugsim/pp-P2-F-s0/zs/0000_1290_1490_medium_01,exam,P2-F-s0,4.504361604288283,False,-1,4.286285173184612,4.286285173184612,4.148399537738645,0.0,49
scene-132384196576-medium-01,waymo,medium,cinque,fixed,pp-P2-F-s0,0.9819047619047621,1.0,1.0,1.0,0.98,0.9866666666666667,0.9819047619047621,300,complete,190.4,0,2026-10-06 04:13:45,132384196576_0_200,/root/autodl-tmp/ujs/runs/op_parity/hugsim/pp-P2-F-s0/zs/132384196576_0_200_medium_01,exam,P2-F-s0,15.143064193961525,False,-1,3.0008056933573077,5.423751939490955,0.2643704904147125,0.08,300
scene-144248042870-extreme-00,waymo,extreme,cinque,fixed,pp-P2-F-s0,0.0,0.05249028328725407,0.35714285714285715,0.2857142857142857,0.2857142857142857,0.6428571428571429,0.0,14,fg_collision,332.4,0,2026-10-06 04:18:34,144248042870_0_200,/root/autodl-tmp/ujs/runs/op_parity/hugsim/pp-P2-F-s0/zs/144248042870_0_200_extreme_00,exam,P2-F-s0,7.671539129121091,False,-1,4.582125291007751,4.582125291007751,4.36379798440845,0.0,14
scene-150623512729-extreme-00,waymo,extreme,cinque,fixed,pp-P2-F-s0,0.0865527656313393,0.13463763542652782,0.7222222222222222,1.0,0.7222222222222222,1.0,0.6428571428571428,18,fg_collision,324.3,0,2026-10-06 04:18:38,150623512729_0_200,/root/autodl-tmp/ujs/runs/op_parity/hugsim/pp-P2-F-s0/zs/150623512729_0_200_extreme_00,exam,P2-F-s0,8.322361379936533,False,-1,6.0848073187000065,6.0848073187000065,6.0848073187000065,0.0,18
scene-150623512729-medium-01,waymo,medium,cinque,fixed,pp-P2-F-s0,0.42803218134552945,0.46176501525191965,0.9545454545454546,1.0,0.9545454545454546,0.9772727272727273,0.926948051948052,88,fg_collision,86.8,0,2026-10-06 04:12:13,150623512729_0_200,/root/autodl-tmp/ujs/runs/op_parity/hugsim/pp-P2-F-s0/zs/150623512729_0_200_medium_01,exam,P2-F-s0,15.464453990690957,False,-1,4.73746704258739,6.527126631180219,3.186910657526979,0.0,88
scene-152217047339-extreme-00,waymo,extreme,cinque,fixed,pp-P2-F-s0,0.05991147198962474,0.1726860074995066,0.5,1.0,0.2857142857142857,1.0,0.3469387755102041,14,fg_collision,289.8,0,2026-10-06 04:18:35,152217047339_0_200,/root/autodl-tmp/ujs/runs/op_parity/hugsim/pp-P2-F-s0/zs/152217047339_0_200_extreme_00,exam,P2-F-s0,2.389234005695537,False,-1,3.843853418850503,3.843853418850503,3.843853418850503,0.0,14
scene-152217047339-medium-00,waymo,medium,cinque,fixed,pp-P2-F-s0,0.2096760551467479,0.21906453522794553,1.0,1.0,1.0,0.85,0.9571428571428573,40,off_route,201.1,0,2026-10-06 04:08:30,152217047339_0_200,/root/autodl-tmp/ujs/runs/op_parity/hugsim/pp-P2-F-s0/zs/152217047339_0_200_medium_00,exam,P2-F-s0,79.37083528274077,True,23,3.372343040498548,3.372343040498548,2.6541719653789673,0.0,40
scene-164701907483-easy-00,waymo,easy,cinque,fixed,pp-P2-F-s0,0.14703574839677994,0.282712511938873,0.828125,0.546875,0.765625,0.84375,0.5200892857142858,64,off_route,50.6,0,2026-10-06 04:11:12,164701907483_0_200,/root/autodl-tmp/ujs/runs/op_parity/hugsim/pp-P2-F-s0/zs/164701907483_0_200_easy_00,exam,P2-F-s0,89.94847076727676,True,42,3.4066486699609326,3.4066486699609326,0.8749517995930262,0.0,64
scene-164701907483-hard-00,waymo,hard,cinque,fixed,pp-P2-F-s0,0.35739508410814175,0.8003820439350525,0.6285714285714286,0.88,0.5257142857142857,0.7257142857142858,0.4465306122448979,175,bg_collision,93.5,0,2026-10-06 04:13:47,164701907483_0_200,/root/autodl-tmp/ujs/runs/op_parity/hugsim/pp-P2-F-s0/zs/164701907483_0_200_hard_00,exam,P2-F-s0,177.6116208273539,True,107,6.266552690330067,6.266552690330067,2.7760936815486854,0.05142857142857143,175
scene-166085257829-extreme-00,waymo,extreme,cinque,fixed,pp-P2-F-s0,0.0947812518060452,0.20272656636293,0.5,1.0,0.45454545454545453,1.0,0.4675324675324676,22,fg_collision,293.8,0,2026-10-06 04:18:41,166085257829_0_200,/root/autodl-tmp/ujs/runs/op_parity/hugsim/pp-P2-F-s0/zs/166085257829_0_200_extreme_00,exam,P2-F-s0,9.419919940730326,False,-1,5.418001105091893,5.418001105091893,2.5885447317508774,0.0,22
scene-250_450-hard-00,kitti360,hard,cinque,fixed,pp-P2-F-s0,0.002509517376497032,0.07904979735965652,0.2222222222222222,0.6111111111111112,0.16666666666666666,1.0,0.031746031746031744,18,fg_collision,20.6,0,2026-10-06 04:19:17,0000_250_450,/root/autodl-tmp/ujs/runs/op_parity/hugsim/pp-P2-F-s0/zs/0000_250_450_hard_00,exam,P2-F-s0,8.317028366318015,False,-1,6.460929239731334,6.460929239731334,6.460929239731334,0.0,18
scene-2510_2710-extreme-00,kitti360,extreme,cinque,fixed,pp-P2-F-s0,0.005640598424103579,0.09024957478565726,0.125,0.9375,0.0625,1.0,0.0625,16,fg_collision,16.0,0,2026-10-06 04:19:26,0000_2510_2710,/root/autodl-tmp/ujs/runs/op_parity/hugsim/pp-P2-F-s0/zs/0000_2510_2710_extreme_00,exam,P2-F-s0,4.612319513608109,False,-1,5.797585903999182,5.797585903999182,5.797585903999182,0.0,16
scene-2510_2710-hard-00,kitti360,hard,cinque,fixed,pp-P2-F-s0,0.001163657521045837,0.06109201985490645,0.13333333333333333,0.9333333333333333,0.06666666666666667,1.0,0.019047619047619046,15,fg_collision,18.6,0,2026-10-06 04:19:18,0000_2510_2710,/root/autodl-tmp/ujs/runs/op_parity/hugsim/pp-P2-F-s0/zs/0000_2510_2710_hard_00,exam,P2-F-s0,5.156322354644769,False,-1,3.315650031973507,3.315650031973507,3.2652949115303307,0.0,15
scene-2800_3000-easy-00,kitti360,easy,cinque,fixed,pp-P2-F-s0,0.53908849439333,0.9050550739205092,0.711864406779661,0.8135593220338984,0.7288135593220338,0.8813559322033898,0.5956416464891041,59,bg_collision,293.1,0,2026-10-06 04:19:00,0000_2800_3000,/root/autodl-tmp/ujs/runs/op_parity/hugsim/pp-P2-F-s0/zs/0000_2800_3000_easy_00,exam,P2-F-s0,46.0865472632185,False,-1,13.082503524897847,13.700447543555857,4.791040458854079,0.0,59
scene-3000_3200-hard-00,kitti360,hard,cinque,fixed,pp-P2-F-s0,0.04319070801752435,0.20558777016341592,0.6470588235294118,0.6470588235294118,0.5294117647058824,1.0,0.21008403361344535,17,fg_collision,18.1,0,2026-10-06 04:19:18,0000_3000_3200,/root/autodl-tmp/ujs/runs/op_parity/hugsim/pp-P2-F-s0/zs/0000_3000_3200_hard_00,exam,P2-F-s0,2.501836013705575,False,-1,8.140939593404518,8.140939593404518,8.140939593404518,0.0,17
scene-3000_3200-medium-00,kitti360,medium,cinque,fixed,pp-P2-F-s0,0.07478300160108965,0.3344462016048732,0.6521739130434783,0.6956521739130435,0.4782608695652174,1.0,0.22360248447204967,23,bg_collision,21.4,0,2026-10-06 04:18:57,0000_3000_3200,/root/autodl-tmp/ujs/runs/op_parity/hugsim/pp-P2-F-s0/zs/0000_3000_3200_medium_00,exam,P2-F-s0,4.427896823447826,False,-1,9.658861571703055,9.658861571703055,9.658861571703055,0.0,23
scene-322492347634-easy-00,waymo,easy,cinque,fixed,pp-P2-F-s0,0.43740515593058393,0.6294792762993033,0.8155339805825242,0.8058252427184466,0.7572815533980582,0.883495145631068,0.6948682385575591,103,bg_collision,89.6,0,2026-10-06 04:11:54,322492347634_0_200,/root/autodl-tmp/ujs/runs/op_parity/hugsim/pp-P2-F-s0/zs/322492347634_0_200_easy_00,exam,P2-F-s0,104.42890978802542,True,73,7.160312213940604,8.803207682390997,1.5356471174291058,0.07766990291262135,103
scene-3400_3600-extreme-00,kitti360,extreme,cinque,fixed,pp-P2-F-s0,0.0,0.09815625414511207,0.375,0.5625,0.25,1.0,0.0,16,fg_collision,15.4,0,2026-10-06 04:19:33,0000_3400_3600,/root/autodl-tmp/ujs/runs/op_parity/hugsim/pp-P2-F-s0/zs/0000_3400_3600_extreme_00,exam,P2-F-s0,1.2110713873072239,False,-1,4.966057747870427,4.966057747870427,4.966057747870427,0.0,16
scene-3400_3600-hard-00,kitti360,hard,cinque,fixed,pp-P2-F-s0,0.06075853668372569,0.26970862625458725,0.5384615384615384,0.7692307692307693,0.4230769230769231,1.0,0.22527472527472525,26,fg_collision,18.3,0,2026-10-06 04:19:25,0000_3400_3600,/root/autodl-tmp/ujs/runs/op_parity/hugsim/pp-P2-F-s0/zs/0000_3400_3600_hard_00,exam,P2-F-s0,3.0299078662137915,False,-1,7.607695880329998,7.607695880329998,7.242312914986168,0.0,26
scene-398895700423-easy-00,waymo,easy,cinque,fixed,pp-P2-F-s0,0.9951020408163265,1.0,1.0,1.0,1.0,0.9828571428571429,0.9951020408163265,175,complete,164.9,0,2026-10-06 04:13:14,398895700423_0_200,/root/autodl-tmp/ujs/runs/op_parity/hugsim/pp-P2-F-s0/zs/398895700423_0_200_easy_00,exam,P2-F-s0,11.226663936283163,False,-1,5.351859882956249,6.8973422620911835,3.1796385410978085,0.11428571428571428,175
scene-570_770-easy-00,kitti360,easy,cinque,fixed,pp-P2-F-s0,0.2132070946498737,0.50636684979345,0.7631578947368421,0.5789473684210527,0.7368421052631579,1.0,0.42105263157894735,38,bg_collision,197.9,0,2026-10-06 04:08:27,0000_570_770,/root/autodl-tmp/ujs/runs/op_parity/hugsim/pp-P2-F-s0/zs/0000_570_770_easy_00,exam,P2-F-s0,19.65444781002891,False,-1,12.913153002605057,12.913153002605057,6.517796205303633,0.0,38
scene-570_770-medium-00,kitti360,medium,cinque,fixed,pp-P2-F-s0,0.18952014177333132,0.4786848941697543,0.8285714285714286,0.45714285714285713,0.8,1.0,0.3959183673469388,35,off_route,29.2,0,2026-10-06 04:19:07,0000_570_770,/root/autodl-tmp/ujs/runs/op_parity/hugsim/pp-P2-F-s0/zs/0000_570_770_medium_00,exam,P2-F-s0,51.392956695768056,False,-1,13.935073149464163,13.935073149464163,12.285116697225174,0.0,35
scene-5980_6180-easy-00,kitti360,easy,cinque,fixed,pp-P2-F-s0,0.2737814920556037,0.4663976745195019,0.7272727272727273,0.6909090909090909,0.6727272727272727,0.8727272727272727,0.587012987012987,55,bg_collision,34.8,0,2026-10-06 04:08:58,0000_5980_6180,/root/autodl-tmp/ujs/runs/op_parity/hugsim/pp-P2-F-s0/zs/0000_5980_6180_easy_00,exam,P2-F-s0,33.5760964561476,False,-1,8.983984729025046,8.983984729025046,3.130720480155779,0.0,55
scene-5980_6180-extreme-00,kitti360,extreme,cinque,fixed,pp-P2-F-s0,0.009552630111005744,0.11887717471473816,0.375,0.75,0.25,1.0,0.08035714285714285,16,fg_collision,15.5,0,2026-10-06 04:19:34,0000_5980_6180,/root/autodl-tmp/ujs/runs/op_parity/hugsim/pp-P2-F-s0/zs/0000_5980_6180_extreme_00,exam,P2-F-s0,4.044460867410877,False,-1,5.6769860460965775,5.6769860460965775,5.6769860460965775,0.0,16
scene-6580_6780-medium-01,kitti360,medium,cinque,fixed,pp-P2-F-s0,0.0,0.04205183976798985,0.0,1.0,0.0,1.0,0.0,12,bg_collision,18.6,0,2026-10-06 04:18:59,0000_6580_6780,/root/autodl-tmp/ujs/runs/op_parity/hugsim/pp-P2-F-s0/zs/0000_6580_6780_medium_01,exam,P2-F-s0,2.30192137914387,False,-1,4.85918915760355,4.85918915760355,4.85918915760355,0.0,12
scene-770_970-extreme-00,kitti360,extreme,cinque,fixed,pp-P2-F-s0,0.028451563691838287,0.18967709127892193,0.15,1.0,0.15,1.0,0.15,20,fg_collision,18.2,0,2026-10-06 04:19:37,0000_770_970,/root/autodl-tmp/ujs/runs/op_parity/hugsim/pp-P2-F-s0/zs/0000_770_970_extreme_00,exam,P2-F-s0,4.96980042606453,False,-1,6.490853354027234,6.490853354027234,6.092401821796085,0.0,20
scene-8440_8640-easy-00,kitti360,easy,cinque,fixed,pp-P2-F-s0,0.5306228755692587,0.8429267451386193,0.8455284552845529,0.7804878048780488,0.7642276422764228,0.8455284552845529,0.629500580720093,123,bg_collision,65.6,0,2026-10-06 04:09:33,0000_8440_8640,/root/autodl-tmp/ujs/runs/op_parity/hugsim/pp-P2-F-s0/zs/0000_8440_8640_easy_00,exam,P2-F-s0,175.38247340391246,True,68,9.992630082285446,10.32728974270319,3.2151150491903717,0.0,123
scene-881121006469-hard-00,waymo,hard,cinque,fixed,pp-P2-F-s0,0.9886845827439887,1.0,1.0,1.0,1.0,0.9603960396039604,0.9886845827439887,101,complete,425.8,0,2026-10-06 04:19:24,881121006469_0_200,/root/autodl-tmp/ujs/runs/op_parity/hugsim/pp-P2-F-s0/zs/881121006469_0_200_hard_00,exam,P2-F-s0,22.683601602742698,False,-1,6.959919537377559,6.959919537377559,4.421458363350088,0.0594059405940594,101
scene-0013-extreme-00,nuscenes,extreme,cinque,fixed,pp-P2-F-s1,0.026468029662917843,0.10472133475328364,0.3076923076923077,1.0,0.23076923076923078,0.9230769230769231,0.25274725274725274,13,fg_collision,17.1,0,2026-10-06 04:30:02,scene-0013,/root/autodl-tmp/ujs/runs/op_parity/hugsim/pp-P2-F-s1/zs/scene-0013_extreme_00,exam,P2-F-s1,4.990894886803012,False,-1,4.968579088239551,4.968579088239551,4.968579088239551,0.0,13
scene-0013-medium-00,nuscenes,medium,cinque,fixed,pp-P2-F-s1,1.0,1.0,1.0,1.0,1.0,1.0,1.0,37,complete,196.3,0,2026-10-06 04:24:47,scene-0013,/root/autodl-tmp/ujs/runs/op_parity/hugsim/pp-P2-F-s1/zs/scene-0013_medium_00,exam,P2-F-s1,2.7484246276150226,False,-1,19.784925978572723,19.784925978572723,19.784925978572723,0.0,37
scene-0041-medium-00,nuscenes,medium,cinque,fixed,pp-P2-F-s1,0.1538895380919921,0.2665303340149966,0.7083333333333334,0.7083333333333334,0.5416666666666666,0.8333333333333334,0.5773809523809524,24,bg_collision,27.4,0,2026-10-06 04:29:38,scene-0041,/root/autodl-tmp/ujs/runs/op_parity/hugsim/pp-P2-F-s1/zs/scene-0041_medium_00,exam,P2-F-s1,48.88525004878107,False,-1,7.7476249745382955,7.7476249745382955,4.5311861404116085,0.0,24
scene-0051-easy-00,nuscenes,easy,cinque,fixed,pp-P2-F-s1,0.9825783972125435,1.0,1.0,1.0,0.975609756097561,1.0,0.9825783972125435,41,complete,206.1,0,2026-10-06 04:29:09,scene-0051,/root/autodl-tmp/ujs/runs/op_parity/hugsim/pp-P2-F-s1/zs/scene-0051_easy_00,exam,P2-F-s1,6.059156437629567,False,-1,16.019180690284657,16.019180690284657,15.89212065263127,0.0,41
scene-0138-extreme-00,nuscenes,extreme,cinque,fixed,pp-P2-F-s1,0.07700284523046823,0.15741289600210762,0.5757575757575758,1.0,0.45454545454545453,1.0,0.48917748917748916,33,fg_collision,29.3,0,2026-10-06 04:30:29,scene-0138,/root/autodl-tmp/ujs/runs/op_parity/hugsim/pp-P2-F-s1/zs/scene-0138_extreme_00,exam,P2-F-s1,1.096560500423938,False,-1,4.780402693207862,4.780402693207862,0.24414077905751044,0.24242424242424243,33
scene-0166-easy-00,nuscenes,easy,cinque,fixed,pp-P2-F-s1,1.0,1.0,1.0,1.0,1.0,1.0,1.0,40,complete,136.4,0,2026-10-06 04:29:10,scene-0166,/root/autodl-tmp/ujs/runs/op_parity/hugsim/pp-P2-F-s1/zs/scene-0166_easy_00,exam,P2-F-s1,1.8169375550184346,False,-1,16.59385073985706,16.59385073985706,16.086568690656755,0.0,40
scene-0167-easy-00,nuscenes,easy,cinque,fixed,pp-P2-F-s1,1.0,1.0,1.0,1.0,1.0,1.0,1.0,48,complete,36.5,0,2026-10-06 04:29:45,scene-0167,/root/autodl-tmp/ujs/runs/op_parity/hugsim/pp-P2-F-s1/zs/scene-0167_easy_00,exam,P2-F-s1,8.54869713871917,False,-1,16.579199694626965,16.664935867383104,16.664935867383104,0.0,48
scene-021-extreme-02,pandaset,extreme,cinque,fixed,pp-P2-F-s1,0.025292078222134938,0.05357927097057532,0.5652173913043478,1.0,0.43478260869565216,1.0,0.4720496894409939,23,fg_collision,37.6,0,2026-10-06 04:35:26,021,/root/autodl-tmp/ujs/runs/op_parity/hugsim/pp-P2-F-s1/zs/021_extreme_02,exam,P2-F-s1,0.6771918625701909,False,-1,1.1766292166263876,1.1766292166263876,0.6282834753288836,0.0,23
scene-0254-extreme-00,nuscenes,extreme,cinque,fixed,pp-P2-F-s1,0.030117238384715583,0.1033434650455927,0.52,1.0,0.2,1.0,0.29142857142857137,25,fg_collision,193.4,0,2026-10-06 04:24:44,scene-0254,/root/autodl-tmp/ujs/runs/op_parity/hugsim/pp-P2-F-s1/zs/scene-0254_extreme_00,exam,P2-F-s1,1.8207668176580811,False,-1,4.358403596597567,4.358403596597567,1.2607186012672362,0.0,25
scene-0254-hard-00,nuscenes,hard,cinque,fixed,pp-P2-F-s1,0.044366234735775605,0.12293144208037825,0.47368421052631576,1.0,0.3157894736842105,1.0,0.3609022556390977,19,fg_collision,24.1,0,2026-10-06 04:29:44,scene-0254,/root/autodl-tmp/ujs/runs/op_parity/hugsim/pp-P2-F-s1/zs/scene-0254_hard_00,exam,P2-F-s1,5.646371242325832,False,-1,5.188141017701115,5.188141017701115,4.8011602452911735,0.0,19
scene-032-medium-00,pandaset,medium,cinque,fixed,pp-P2-F-s1,0.41165268209470446,0.5098160139788263,0.8695652173913043,1.0,0.782608695652174,1.0,0.8074534161490684,23,fg_collision,26.6,0,2026-10-06 04:34:37,032,/root/autodl-tmp/ujs/runs/op_parity/hugsim/pp-P2-F-s1/zs/032_medium_00,exam,P2-F-s1,6.788125950217403,False,-1,8.806600237171127,8.806600237171127,8.806600237171127,0.0,23
scene-032-medium-02,pandaset,medium,cinque,fixed,pp-P2-F-s1,0.25664251207729477,0.6115736458012129,0.53125,1.0,0.375,1.0,0.41964285714285726,32,bg_collision,25.7,0,2026-10-06 04:34:47,032,/root/autodl-tmp/ujs/runs/op_parity/hugsim/pp-P2-F-s1/zs/032_medium_02,exam,P2-F-s1,1.548587076132063,False,-1,7.156736269217,7.156736269217,1.8552676621211326,0.0,32
scene-034-easy-00,pandaset,easy,cinque,fixed,pp-P2-F-s1,0.7798594847775175,1.0,0.8032786885245902,1.0,0.7868852459016393,1.0,0.7798594847775175,61,complete,43.2,0,2026-10-06 04:34:48,034,/root/autodl-tmp/ujs/runs/op_parity/hugsim/pp-P2-F-s1/zs/034_easy_00,exam,P2-F-s1,2.961417455688017,False,-1,11.071537006619101,11.071537006619101,7.549914418822991,0.08196721311475409,61
scene-034-hard-00,pandaset,hard,cinque,fixed,pp-P2-F-s1,0.15114568737757145,0.25735617039964864,0.6666666666666666,1.0,0.5555555555555556,1.0,0.5873015873015874,18,fg_collision,20.4,0,2026-10-06 04:34:57,034,/root/autodl-tmp/ujs/runs/op_parity/hugsim/pp-P2-F-s1/zs/034_hard_00,exam,P2-F-s1,4.961966394962384,False,-1,7.6624193250187895,7.6624193250187895,7.6624193250187895,0.0,18
scene-034-hard-01,pandaset,hard,cinque,fixed,pp-P2-F-s1,0.11120870541160396,0.26438296003513395,0.5,1.0,0.3888888888888889,1.0,0.42063492063492064,18,fg_collision,20.1,0,2026-10-06 04:34:57,034,/root/autodl-tmp/ujs/runs/op_parity/hugsim/pp-P2-F-s1/zs/034_hard_01,exam,P2-F-s1,1.490078206118759,False,-1,7.436176462292796,7.436176462292796,7.436176462292796,0.0,18
scene-039-easy-00,pandaset,easy,cinque,fixed,pp-P2-F-s1,0.9447004608294931,1.0,0.967741935483871,1.0,0.9354838709677419,1.0,0.9447004608294931,31,complete,30.9,0,2026-10-06 04:34:37,039,/root/autodl-tmp/ujs/runs/op_parity/hugsim/pp-P2-F-s1/zs/039_easy_00,exam,P2-F-s1,6.29058031977034,False,-1,14.252060554228116,14.252060554228116,13.502060554228116,0.0,31
scene-040-easy-00,pandaset,easy,cinque,fixed,pp-P2-F-s1,0.7087185617421448,0.8633164832986421,0.8591549295774648,0.8450704225352113,0.8309859154929577,0.9436619718309859,0.8209255533199195,71,bg_collision,275.1,0,2026-10-06 04:29:19,040,/root/autodl-tmp/ujs/runs/op_parity/hugsim/pp-P2-F-s1/zs/040_easy_00,exam,P2-F-s1,94.45415706121153,True,64,6.583264378582014,6.583264378582014,3.9134636519170107,0.0,71
scene-0411-easy-00,nuscenes,easy,cinque,fixed,pp-P2-F-s1,0.8864468864468864,1.0,0.9230769230769231,1.0,0.8974358974358975,1.0,0.8864468864468864,39,complete,31.7,0,2026-10-06 04:29:42,scene-0411,/root/autodl-tmp/ujs/runs/op_parity/hugsim/pp-P2-F-s1/zs/scene-0411_easy_00,exam,P2-F-s1,1.331396845547935,False,-1,17.05497930272694,17.05497930272694,17.05497930272694,0.0,39
scene-0411-hard-00,nuscenes,hard,cinque,fixed,pp-P2-F-s1,0.8608058608058607,1.0,0.8974358974358975,1.0,0.8974358974358975,1.0,0.8608058608058607,39,complete,36.1,0,2026-10-06 04:30:14,scene-0411,/root/autodl-tmp/ujs/runs/op_parity/hugsim/pp-P2-F-s1/zs/scene-0411_hard_00,exam,P2-F-s1,1.337377680534866,False,-1,17.068038123888808,17.068038123888808,17.068038123888808,0.0,39
scene-0411-medium-00,nuscenes,medium,cinque,fixed,pp-P2-F-s1,0.1674444038025989,0.2587777149676528,0.7450980392156863,1.0,0.6078431372549019,1.0,0.6470588235294119,51,fg_collision,42.7,0,2026-10-06 04:30:00,scene-0411,/root/autodl-tmp/ujs/runs/op_parity/hugsim/pp-P2-F-s1/zs/scene-0411_medium_00,exam,P2-F-s1,2.0220268492499787,False,-1,5.561237227303149,5.561237227303149,1.7243599600116302,0.17647058823529413,51
scene-0418-hard-00,nuscenes,hard,cinque,fixed,pp-P2-F-s1,0.3310104529616725,1.0,0.36585365853658536,1.0,0.36585365853658536,1.0,0.3310104529616725,41,complete,33.3,0,2026-10-06 04:30:15,scene-0418,/root/autodl-tmp/ujs/runs/op_parity/hugsim/pp-P2-F-s1/zs/scene-0418_hard_00,exam,P2-F-s1,2.346634811930706,False,-1,18.041211532781936,18.641363153495366,18.641363153495366,0.0,41
scene-0528-extreme-00,nuscenes,extreme,cinque,fixed,pp-P2-F-s1,0.12743467275889503,0.2861269067605379,0.5294117647058824,1.0,0.4117647058823529,1.0,0.4453781512605042,17,fg_collision,19.6,0,2026-10-06 04:30:22,scene-0528,/root/autodl-tmp/ujs/runs/op_parity/hugsim/pp-P2-F-s1/zs/scene-0528_extreme_00,exam,P2-F-s1,5.2747559192903,False,-1,8.060428655330005,8.060428655330005,8.060428655330005,0.0,17
scene-0528-medium-00,nuscenes,medium,cinque,fixed,pp-P2-F-s1,0.17210810671411808,0.253632999368174,0.8125,1.0,0.625,1.0,0.6785714285714286,16,fg_collision,184.8,0,2026-10-06 04:24:36,scene-0528,/root/autodl-tmp/ujs/runs/op_parity/hugsim/pp-P2-F-s1/zs/scene-0528_medium_00,exam,P2-F-s1,7.33554627136645,False,-1,7.3614322139447435,7.3614322139447435,7.3614322139447435,0.0,16
scene-053-extreme-02,pandaset,extreme,cinque,fixed,pp-P2-F-s1,0.034431269213877916,0.12911725955204217,0.26666666666666666,1.0,0.26666666666666666,1.0,0.26666666666666666,15,fg_collision,30.1,0,2026-10-06 04:35:27,053,/root/autodl-tmp/ujs/runs/op_parity/hugsim/pp-P2-F-s1/zs/053_extreme_02,exam,P2-F-s1,1.3411548043417976,False,-1,3.6698034433861655,3.6698034433861655,2.430999449716931,0.0,15
scene-053-medium-02,pandaset,medium,cinque,fixed,pp-P2-F-s1,0.9783549783549783,1.0,1.0,1.0,0.9696969696969697,1.0,0.9783549783549783,132,complete,315.7,0,2026-10-06 04:30:03,053,/root/autodl-tmp/ujs/runs/op_parity/hugsim/pp-P2-F-s1/zs/053_medium_02,exam,P2-F-s1,5.294848205652718,False,-1,5.683010000944317,5.683010000944317,2.1123290137782815,0.0,132
scene-090-hard-01,pandaset,hard,cinque,fixed,pp-P2-F-s1,0.4751261397149738,0.6036300066841482,0.8562091503267973,0.9738562091503268,0.8235294117647058,0.8562091503267973,0.7871148459383753,153,off_route,108.9,0,2026-10-06 04:36:36,090,/root/autodl-tmp/ujs/runs/op_parity/hugsim/pp-P2-F-s1/zs/090_hard_01,exam,P2-F-s1,179.88668905486432,True,51,9.231791699479018,9.231791699479018,4.876788045597551,0.0457516339869281,153
scene-0930-hard-00,nuscenes,hard,cinque,fixed,pp-P2-F-s1,1.0,1.0,1.0,1.0,1.0,1.0,1.0,34,complete,33.8,0,2026-10-06 04:30:17,scene-0930,/root/autodl-tmp/ujs/runs/op_parity/hugsim/pp-P2-F-s1/zs/scene-0930_hard_00,exam,P2-F-s1,7.752124654013569,False,-1,15.669051318571531,15.669051318571531,15.669051318571531,0.0,34
scene-095-extreme-01,pandaset,extreme,cinque,fixed,pp-P2-F-s1,0.048319461499977255,0.15854823304680038,0.4,1.0,0.4,1.0,0.30476190476190473,15,fg_collision,26.0,0,2026-10-06 04:35:23,095,/root/autodl-tmp/ujs/runs/op_parity/hugsim/pp-P2-F-s1/zs/095_extreme_01,exam,P2-F-s1,0.5247242436599997,False,-1,6.440929725651451,6.440929725651451,6.440929725651451,0.0,15
scene-095-medium-01,pandaset,medium,cinque,fixed,pp-P2-F-s1,0.4239134937581819,0.8857051894301178,0.7834394904458599,1.0,0.35668789808917195,1.0,0.47861692447679705,157,fg_collision,111.9,0,2026-10-06 04:36:28,095,/root/autodl-tmp/ujs/runs/op_parity/hugsim/pp-P2-F-s1/zs/095_medium_01,exam,P2-F-s1,2.7091176341863483,False,-1,4.774229287541812,4.774229287541812,3.9297472918763443,0.0,157
scene-100613054308-hard-00,waymo,hard,cinque,fixed,pp-P2-F-s1,0.1525830891475939,0.2827274887146591,0.7777777777777778,1.0,0.4444444444444444,1.0,0.53968253968254,18,bg_collision,23.1,0,2026-10-06 04:31:16,100613054308_0_200,/root/autodl-tmp/ujs/runs/op_parity/hugsim/pp-P2-F-s1/zs/100613054308_0_200_hard_00,exam,P2-F-s1,11.090279321561896,False,-1,3.9812867483318506,3.9812867483318506,3.9812867483318506,0.0,18
scene-102751446607-medium-01,waymo,medium,cinque,fixed,pp-P2-F-s1,0.7559916011402584,0.927190750412928,1.0,0.96,0.9675,0.5675,0.8153571428571463,400,max_steps,323.1,0,2026-10-06 04:26:54,102751446607_0_200,/root/autodl-tmp/ujs/runs/op_parity/hugsim/pp-P2-F-s1/zs/102751446607_0_200_medium_01,exam,P2-F-s1,179.8430674439793,True,203,4.450824531883691,5.416027164151936,2.02600106112956,0.025,400
scene-106762673266-hard-00,waymo,hard,cinque,fixed,pp-P2-F-s1,0.04242456857891149,0.10798981092813834,0.4375,1.0,0.375,1.0,0.39285714285714285,16,fg_collision,21.9,0,2026-10-06 04:31:30,106762673266_0_200,/root/autodl-tmp/ujs/runs/op_parity/hugsim/pp-P2-F-s1/zs/106762673266_0_200_hard_00,exam,P2-F-s1,3.456015807127562,False,-1,4.46386922046286,4.46386922046286,4.46386922046286,0.0,16
scene-113-easy-00,pandaset,easy,cinque,fixed,pp-P2-F-s1,0.696793002915452,1.0,0.7551020408163265,1.0,0.6938775510204082,1.0,0.696793002915452,49,complete,40.5,0,2026-10-06 04:34:47,113,/root/autodl-tmp/ujs/runs/op_parity/hugsim/pp-P2-F-s1/zs/113_easy_00,exam,P2-F-s1,3.688773876611767,False,-1,13.096743127909162,14.512659587159959,14.5118476869927,0.0,49
scene-113792265837-easy-00,waymo,easy,cinque,fixed,pp-P2-F-s1,0.8948412698412693,1.0,1.0,0.9259259259259259,0.9861111111111112,0.8379629629629629,0.8948412698412693,216,complete,168.9,0,2026-10-06 04:32:52,113792265837_0_200,/root/autodl-tmp/ujs/runs/op_parity/hugsim/pp-P2-F-s1/zs/113792265837_0_200_easy_00,exam,P2-F-s1,179.179454736405,True,88,5.478884684815936,6.624538273594557,4.529963115772842,0.027777777777777776,216
scene-124-extreme-01,pandaset,extreme,cinque,fixed,pp-P2-F-s1,0.5122445992011212,0.5814668423364076,1.0,1.0,1.0,0.5833333333333334,0.8809523809523814,60,bg_collision,49.0,0,2026-10-06 04:36:12,124,/root/autodl-tmp/ujs/runs/op_parity/hugsim/pp-P2-F-s1/zs/124_extreme_01,exam,P2-F-s1,124.61756755439313,True,46,9.111742523015423,9.111742523015423,1.172707789936231,0.0,60
scene-124-hard-01,pandaset,hard,cinque,fixed,pp-P2-F-s1,0.9914712153518124,1.0,1.0,1.0,1.0,0.9701492537313433,0.9914712153518124,67,complete,67.9,0,2026-10-06 04:35:55,124,/root/autodl-tmp/ujs/runs/op_parity/hugsim/pp-P2-F-s1/zs/124_hard_01,exam,P2-F-s1,9.327961921278154,False,-1,9.382768889589892,9.73518245362086,9.57352469088814,0.0,67
scene-1290_1490-medium-01,kitti360,medium,cinque,fixed,pp-P2-F-s1,0.1451686030825032,0.3055182365527193,0.717391304347826,0.9347826086956522,0.4782608695652174,0.9782608695652174,0.4751552795031054,46,fg_collision,37.7,0,2026-10-06 04:33:30,0000_1290_1490,/root/autodl-tmp/ujs/runs/op_parity/hugsim/pp-P2-F-s1/zs/0000_1290_1490_medium_01,exam,P2-F-s1,2.6692287895648756,False,-1,4.116421979210039,4.116421979210039,3.4205546316900795,0.0,46
scene-132384196576-medium-01,waymo,medium,cinque,fixed,pp-P2-F-s1,0.6759048438586136,0.8270308913722391,0.9566395663956639,0.8536585365853658,0.9512195121951219,0.8401084010840109,0.8172667440960134,369,off_route,255.0,0,2026-10-06 04:34:37,132384196576_0_200,/root/autodl-tmp/ujs/runs/op_parity/hugsim/pp-P2-F-s1/zs/132384196576_0_200_medium_01,exam,P2-F-s1,179.3054818798119,True,241,2.7550082301746213,6.323476304921809,4.43678356940538,0.04607046070460705,369
scene-144248042870-extreme-00,waymo,extreme,cinque,fixed,pp-P2-F-s1,0.0,0.05289097247265296,0.35714285714285715,0.21428571428571427,0.2857142857142857,0.7857142857142857,0.0,14,fg_collision,21.0,0,2026-10-06 04:31:59,144248042870_0_200,/root/autodl-tmp/ujs/runs/op_parity/hugsim/pp-P2-F-s1/zs/144248042870_0_200_extreme_00,exam,P2-F-s1,7.922306739660916,False,-1,4.787167077713605,4.787167077713605,4.787167077713605,0.0,14
scene-150623512729-extreme-00,waymo,extreme,cinque,fixed,pp-P2-F-s1,0.08587657214984448,0.1335857788997581,0.7222222222222222,1.0,0.6111111111111112,1.0,0.6428571428571428,18,fg_collision,25.2,0,2026-10-06 04:32:25,150623512729_0_200,/root/autodl-tmp/ujs/runs/op_parity/hugsim/pp-P2-F-s1/zs/150623512729_0_200_extreme_00,exam,P2-F-s1,8.17330913792476,False,-1,5.942817949436881,5.942817949436881,5.942817949436881,0.0,18
scene-150623512729-medium-01,waymo,medium,cinque,fixed,pp-P2-F-s1,0.8606189925218011,0.9333473580870236,0.9490909090909091,0.9636363636363636,0.92,0.9709090909090909,0.9220779220779222,275,bg_collision,215.3,0,2026-10-06 04:34:05,150623512729_0_200,/root/autodl-tmp/ujs/runs/op_parity/hugsim/pp-P2-F-s1/zs/150623512729_0_200_medium_01,exam,P2-F-s1,74.71929799599882,True,266,5.000206787574644,5.656872104765867,1.3661236395061116,0.0,275
scene-152217047339-extreme-00,waymo,extreme,cinque,fixed,pp-P2-F-s1,0.07220389636020186,0.19439510558515888,0.4666666666666667,1.0,0.3333333333333333,1.0,0.3714285714285714,15,fg_collision,20.0,0,2026-10-06 04:32:29,152217047339_0_200,/root/autodl-tmp/ujs/runs/op_parity/hugsim/pp-P2-F-s1/zs/152217047339_0_200_extreme_00,exam,P2-F-s1,11.108807724286432,False,-1,3.9071279164906874,3.9071279164906874,3.9071279164906874,0.0,15
scene-152217047339-medium-00,waymo,medium,cinque,fixed,pp-P2-F-s1,0.9834254143646409,1.0,0.9834254143646409,1.0,0.9834254143646409,1.0,0.9834254143646409,181,complete,251.8,0,2026-10-06 04:25:43,152217047339_0_200,/root/autodl-tmp/ujs/runs/op_parity/hugsim/pp-P2-F-s1/zs/152217047339_0_200_medium_00,exam,P2-F-s1,13.286529119070124,False,-1,4.525895009744441,4.525895009744441,0.18008616567881308,0.20994475138121546,181
scene-164701907483-easy-00,waymo,easy,cinque,fixed,pp-P2-F-s1,0.14554054668667848,0.2546959567016874,0.7692307692307693,0.5769230769230769,0.6923076923076923,0.75,0.5714285714285714,52,bg_collision,38.6,0,2026-10-06 04:30:53,164701907483_0_200,/root/autodl-tmp/ujs/runs/op_parity/hugsim/pp-P2-F-s1/zs/164701907483_0_200_easy_00,exam,P2-F-s1,175.84180325061146,True,36,3.32005500897506,3.6605979248834903,3.167195174942978,0.0,52
scene-164701907483-hard-00,waymo,hard,cinque,fixed,pp-P2-F-s1,0.13666029926774909,0.2572429162687042,0.84375,0.609375,0.71875,0.796875,0.5312499999999999,64,bg_collision,53.7,0,2026-10-06 04:32:09,164701907483_0_200,/root/autodl-tmp/ujs/runs/op_parity/hugsim/pp-P2-F-s1/zs/164701907483_0_200_hard_00,exam,P2-F-s1,179.76813430878858,True,45,3.7893322694278337,3.9029905451992675,1.9904800394187205,0.0,64
scene-166085257829-extreme-00,waymo,extreme,cinque,fixed,pp-P2-F-s1,0.0947812518060452,0.20272656636293,0.5,1.0,0.45454545454545453,1.0,0.4675324675324676,22,fg_collision,29.5,0,2026-10-06 04:32:54,166085257829_0_200,/root/autodl-tmp/ujs/runs/op_parity/hugsim/pp-P2-F-s1/zs/166085257829_0_200_extreme_00,exam,P2-F-s1,9.166989535264598,False,-1,5.491312182102561,5.491312182102561,2.4058162862359036,0.0,22
scene-250_450-hard-00,kitti360,hard,cinque,fixed,pp-P2-F-s1,0.016939242291354968,0.07904979735965652,0.5,0.6666666666666666,0.2777777777777778,1.0,0.21428571428571427,18,fg_collision,23.3,0,2026-10-06 04:33:43,0000_250_450,/root/autodl-tmp/ujs/runs/op_parity/hugsim/pp-P2-F-s1/zs/0000_250_450_hard_00,exam,P2-F-s1,7.941591382548181,False,-1,6.2963446564722965,6.2963446564722965,6.2963446564722965,0.0,18
scene-2510_2710-extreme-00,kitti360,extreme,cinque,fixed,pp-P2-F-s1,0.006973267282545632,0.08677843729390121,0.125,1.0,0.0625,1.0,0.08035714285714285,16,fg_collision,18.6,0,2026-10-06 04:34:02,0000_2510_2710,/root/autodl-tmp/ujs/runs/op_parity/hugsim/pp-P2-F-s1/zs/0000_2510_2710_extreme_00,exam,P2-F-s1,4.697454241471143,False,-1,5.360702086677807,5.360702086677807,5.360702086677807,0.0,16
scene-2510_2710-hard-00,kitti360,hard,cinque,fixed,pp-P2-F-s1,0.001084730466173765,0.06074490610573085,0.125,0.9375,0.0625,1.0,0.017857142857142856,16,fg_collision,19.0,0,2026-10-06 04:33:49,0000_2510_2710,/root/autodl-tmp/ujs/runs/op_parity/hugsim/pp-P2-F-s1/zs/0000_2510_2710_hard_00,exam,P2-F-s1,5.451868653806295,False,-1,3.1463591512346136,3.1463591512346136,2.4138720985384268,0.0,16
scene-2800_3000-easy-00,kitti360,easy,cinque,fixed,pp-P2-F-s1,0.5320214038837663,0.9042174477530677,0.6949152542372882,0.8135593220338984,0.711864406779661,0.9152542372881356,0.5883777239709443,59,bg_collision,50.1,0,2026-10-06 04:33:20,0000_2800_3000,/root/autodl-tmp/ujs/runs/op_parity/hugsim/pp-P2-F-s1/zs/0000_2800_3000_easy_00,exam,P2-F-s1,45.00271320277592,False,-1,12.105346925795548,12.82034318839298,5.526330145233273,0.0,59
scene-3000_3200-hard-00,kitti360,hard,cinque,fixed,pp-P2-F-s1,0.04380596026848623,0.2085163708779945,0.6470588235294118,0.6470588235294118,0.5294117647058824,1.0,0.21008403361344535,17,fg_collision,18.5,0,2026-10-06 04:33:55,0000_3000_3200,/root/autodl-tmp/ujs/runs/op_parity/hugsim/pp-P2-F-s1/zs/0000_3000_3200_hard_00,exam,P2-F-s1,2.1347347110207453,False,-1,8.394010048186892,8.394010048186892,8.394010048186892,0.0,17
scene-3000_3200-medium-00,kitti360,medium,cinque,fixed,pp-P2-F-s1,0.09153969090711316,0.32038891817489606,0.6363636363636364,0.6818181818181818,0.5909090909090909,1.0,0.2857142857142857,22,bg_collision,23.2,0,2026-10-06 04:33:17,0000_3000_3200,/root/autodl-tmp/ujs/runs/op_parity/hugsim/pp-P2-F-s1/zs/0000_3000_3200_medium_00,exam,P2-F-s1,4.616675415177344,False,-1,10.150430786066295,10.150430786066295,10.150430786066295,0.0,22
scene-322492347634-easy-00,waymo,easy,cinque,fixed,pp-P2-F-s1,0.354869657981972,0.6109356988923972,0.7641509433962265,0.6981132075471698,0.7452830188679245,0.8584905660377359,0.5808625336927224,106,off_route,83.1,0,2026-10-06 04:31:38,322492347634_0_200,/root/autodl-tmp/ujs/runs/op_parity/hugsim/pp-P2-F-s1/zs/322492347634_0_200_easy_00,exam,P2-F-s1,146.51093890623198,True,74,7.321446970722757,8.286198328657315,3.1335665089765032,0.0,106
scene-3400_3600-extreme-00,kitti360,extreme,cinque,fixed,pp-P2-F-s1,0.0,0.09904054472299596,0.35294117647058826,0.5882352941176471,0.23529411764705882,1.0,0.0,17,fg_collision,16.9,0,2026-10-06 04:34:06,0000_3400_3600,/root/autodl-tmp/ujs/runs/op_parity/hugsim/pp-P2-F-s1/zs/0000_3400_3600_extreme_00,exam,P2-F-s1,1.5352201378622223,False,-1,4.1711615569536145,4.1711615569536145,3.9730896801827806,0.0,17
scene-3400_3600-hard-00,kitti360,hard,cinque,fixed,pp-P2-F-s1,0.0508507833001113,0.23477914842817346,0.5483870967741935,0.8064516129032258,0.3548387096774194,1.0,0.21658986175115205,31,fg_collision,24.4,0,2026-10-06 04:34:07,0000_3400_3600,/root/autodl-tmp/ujs/runs/op_parity/hugsim/pp-P2-F-s1/zs/0000_3400_3600_hard_00,exam,P2-F-s1,3.1367759883163298,False,-1,7.542524145974911,7.542524145974911,0.6253008463710347,0.0,31
scene-398895700423-easy-00,waymo,easy,cinque,fixed,pp-P2-F-s1,0.14074573420550401,0.26236840669830364,0.8979591836734694,0.5714285714285714,0.8979591836734694,0.7551020408163265,0.5364431486880468,49,off_route,50.4,0,2026-10-06 04:31:08,398895700423_0_200,/root/autodl-tmp/ujs/runs/op_parity/hugsim/pp-P2-F-s1/zs/398895700423_0_200_easy_00,exam,P2-F-s1,87.22220944300508,True,32,4.576239427449726,4.576239427449726,3.036289445418751,0.0,49
scene-570_770-easy-00,kitti360,easy,cinque,fixed,pp-P2-F-s1,0.20338468019571893,0.50168221114944,0.7837837837837838,0.40540540540540543,0.7837837837837838,0.972972972972973,0.40540540540540543,37,bg_collision,193.2,0,2026-10-06 04:24:44,0000_570_770,/root/autodl-tmp/ujs/runs/op_parity/hugsim/pp-P2-F-s1/zs/0000_570_770_easy_00,exam,P2-F-s1,30.17274103200562,False,-1,13.828166370661867,13.828166370661867,7.7214137237709615,0.0,37
scene-570_770-medium-00,kitti360,medium,cinque,fixed,pp-P2-F-s1,0.20110028168671326,0.5165878795621992,0.875,0.425,0.775,1.0,0.3892857142857143,40,off_route,35.0,0,2026-10-06 04:33:42,0000_570_770,/root/autodl-tmp/ujs/runs/op_parity/hugsim/pp-P2-F-s1/zs/0000_570_770_medium_00,exam,P2-F-s1,35.64275660155317,False,-1,13.400030144583532,13.400030144583532,7.1897185103825425,0.0,40
scene-5980_6180-easy-00,kitti360,easy,cinque,fixed,pp-P2-F-s1,0.26141684348114125,0.47507484055707405,0.6481481481481481,0.6666666666666666,0.7037037037037037,0.7962962962962963,0.5502645502645502,54,bg_collision,274.3,0,2026-10-06 04:29:10,0000_5980_6180,/root/autodl-tmp/ujs/runs/op_parity/hugsim/pp-P2-F-s1/zs/0000_5980_6180_easy_00,exam,P2-F-s1,45.00797930791924,False,-1,9.118499913602262,9.118499913602262,3.3735379246084105,0.0,54
scene-5980_6180-extreme-00,kitti360,extreme,cinque,fixed,pp-P2-F-s1,0.009238857589111395,0.1149724499978307,0.375,0.75,0.25,1.0,0.08035714285714285,16,fg_collision,15.3,0,2026-10-06 04:34:10,0000_5980_6180,/root/autodl-tmp/ujs/runs/op_parity/hugsim/pp-P2-F-s1/zs/0000_5980_6180_extreme_00,exam,P2-F-s1,4.271110901249686,False,-1,5.028227960205276,5.028227960205276,5.028227960205276,0.0,16
scene-6580_6780-medium-01,kitti360,medium,cinque,fixed,pp-P2-F-s1,0.0,0.04241435562805873,0.0,1.0,0.0,1.0,0.0,12,bg_collision,19.0,0,2026-10-06 04:33:36,0000_6580_6780,/root/autodl-tmp/ujs/runs/op_parity/hugsim/pp-P2-F-s1/zs/0000_6580_6780_medium_01,exam,P2-F-s1,2.8053351596144878,False,-1,4.908421912111291,4.908421912111291,4.908421912111291,0.0,12
scene-770_970-extreme-00,kitti360,extreme,cinque,fixed,pp-P2-F-s1,0.01845192691874614,0.19374523264683446,0.14285714285714285,0.9523809523809523,0.09523809523809523,1.0,0.09523809523809523,21,fg_collision,19.4,0,2026-10-06 04:34:21,0000_770_970,/root/autodl-tmp/ujs/runs/op_parity/hugsim/pp-P2-F-s1/zs/0000_770_970_extreme_00,exam,P2-F-s1,5.4925412937832165,False,-1,6.405925767164886,6.405925767164886,5.114366360624476,0.0,21
scene-8440_8640-easy-00,kitti360,easy,cinque,fixed,pp-P2-F-s1,0.6601246182154215,0.8813003923597637,0.8783783783783784,0.9054054054054054,0.8513513513513513,0.9459459459459459,0.7490347490347491,74,bg_collision,273.3,0,2026-10-06 04:29:17,0000_8440_8640,/root/autodl-tmp/ujs/runs/op_parity/hugsim/pp-P2-F-s1/zs/0000_8440_8640_easy_00,exam,P2-F-s1,8.9501417754976,False,-1,10.038497896379754,10.070555485242075,5.0183589808520095,0.0,74
scene-881121006469-hard-00,waymo,hard,cinque,fixed,pp-P2-F-s1,0.9926739926739926,1.0,1.0,1.0,1.0,0.9743589743589743,0.9926739926739926,117,complete,97.5,0,2026-10-06 04:33:07,881121006469_0_200,/root/autodl-tmp/ujs/runs/op_parity/hugsim/pp-P2-F-s1/zs/881121006469_0_200_hard_00,exam,P2-F-s1,21.752726503414006,False,-1,6.825759123537809,6.825759123537809,4.579989690872074,0.06837606837606838,117
scene-0013-extreme-00,nuscenes,extreme,cinque,fixed,pp-P2H10-F-s0,0.025346502982285732,0.1002839900603479,0.3076923076923077,1.0,0.23076923076923078,1.0,0.25274725274725274,13,fg_collision,19.1,0,2026-10-06 16:20:17,scene-0013,/root/autodl-tmp/ujs/runs/op_parity/hugsim/pp-P2H10-F-s0/zs/scene-0013_extreme_00,exam,P2H10-F-s0,1.9224517679613697,False,-1,4.7186563521775575,4.7186563521775575,4.7186563521775575,0.0,13
scene-0013-medium-00,nuscenes,medium,cinque,fixed,pp-P2H10-F-s0,1.0,1.0,1.0,1.0,1.0,1.0,1.0,39,complete,391.2,0,2026-10-06 16:18:02,scene-0013,/root/autodl-tmp/ujs/runs/op_parity/hugsim/pp-P2H10-F-s0/zs/scene-0013_medium_00,exam,P2H10-F-s0,5.162591116823784,False,-1,19.252820247757413,19.252820247757413,19.252820247757413,0.0,39
scene-0041-medium-00,nuscenes,medium,cinque,fixed,pp-P2H10-F-s0,0.12091537637549908,0.2549420586230402,0.56,0.64,0.48,0.68,0.47428571428571437,25,bg_collision,29.6,0,2026-10-06 16:19:43,scene-0041,/root/autodl-tmp/ujs/runs/op_parity/hugsim/pp-P2H10-F-s0/zs/scene-0041_medium_00,exam,P2H10-F-s0,90.3256328264593,True,22,7.5644339904372995,7.5644339904372995,4.423635634418548,0.0,25
scene-0051-easy-00,nuscenes,easy,cinque,fixed,pp-P2H10-F-s0,0.9601328903654485,1.0,0.9767441860465116,1.0,0.9767441860465116,1.0,0.9601328903654485,43,complete,34.2,0,2026-10-06 16:19:14,scene-0051,/root/autodl-tmp/ujs/runs/op_parity/hugsim/pp-P2H10-F-s0/zs/scene-0051_easy_00,exam,P2H10-F-s0,4.737600901284911,False,-1,14.856906274740775,15.330091108246085,15.330091108246085,0.0,43
scene-0138-extreme-00,nuscenes,extreme,cinque,fixed,pp-P2H10-F-s0,0.08119128451078658,0.16597510373443983,0.5757575757575758,1.0,0.45454545454545453,1.0,0.48917748917748916,33,fg_collision,29.6,0,2026-10-06 16:20:37,scene-0138,/root/autodl-tmp/ujs/runs/op_parity/hugsim/pp-P2H10-F-s0/zs/scene-0138_extreme_00,exam,P2H10-F-s0,0.990086352153761,False,-1,4.699297698722406,4.699297698722406,0.6601976371192472,0.12121212121212122,33
scene-0166-easy-00,nuscenes,easy,cinque,fixed,pp-P2H10-F-s0,1.0,1.0,1.0,1.0,1.0,1.0,1.0,43,complete,36.4,0,2026-10-06 16:19:17,scene-0166,/root/autodl-tmp/ujs/runs/op_parity/hugsim/pp-P2H10-F-s0/zs/scene-0166_easy_00,exam,P2H10-F-s0,1.9169518823429277,False,-1,14.95783725511694,15.00167264699292,14.865465304138478,0.0,43
scene-0167-easy-00,nuscenes,easy,cinque,fixed,pp-P2H10-F-s0,1.0,1.0,1.0,1.0,1.0,1.0,1.0,50,complete,36.4,0,2026-10-06 16:19:24,scene-0167,/root/autodl-tmp/ujs/runs/op_parity/hugsim/pp-P2H10-F-s0/zs/scene-0167_easy_00,exam,P2H10-F-s0,8.224476987223142,False,-1,15.193806363473604,16.267437721515357,16.267437721515357,0.0,50
scene-021-extreme-02,pandaset,extreme,cinque,fixed,pp-P2H10-F-s0,0.030693104417111986,0.050944224857268336,0.6956521739130435,1.0,0.5652173913043478,1.0,0.6024844720496896,23,fg_collision,31.9,0,2026-10-06 16:26:42,021,/root/autodl-tmp/ujs/runs/op_parity/hugsim/pp-P2H10-F-s0/zs/021_extreme_02,exam,P2H10-F-s0,12.175883249408372,False,-1,1.1669219471004388,1.1669219471004388,1.1669219471004388,0.0,23
scene-0254-extreme-00,nuscenes,extreme,cinque,fixed,pp-P2H10-F-s0,0.0337204166991401,0.10401891252955082,0.46153846153846156,1.0,0.2692307692307692,1.0,0.3241758241758242,26,fg_collision,386.3,0,2026-10-06 16:17:57,scene-0254,/root/autodl-tmp/ujs/runs/op_parity/hugsim/pp-P2H10-F-s0/zs/scene-0254_extreme_00,exam,P2H10-F-s0,1.857839915950148,False,-1,4.517241985771382,4.517241985771382,1.1716786438326583,0.0,26
scene-0254-hard-00,nuscenes,hard,cinque,fixed,pp-P2H10-F-s0,0.036674571628978914,0.12360688956433637,0.46153846153846156,1.0,0.23076923076923078,0.9615384615384616,0.29670329670329665,26,fg_collision,33.3,0,2026-10-06 16:19:58,scene-0254,/root/autodl-tmp/ujs/runs/op_parity/hugsim/pp-P2H10-F-s0/zs/scene-0254_hard_00,exam,P2H10-F-s0,1.919351239939352,False,-1,5.071277212486213,5.071277212486213,0.46055793159826025,0.0,26
scene-032-medium-00,pandaset,medium,cinque,fixed,pp-P2H10-F-s0,0.38791625728037266,0.5077603042450406,0.8260869565217391,1.0,0.7391304347826086,1.0,0.7639751552795032,23,fg_collision,30.3,0,2026-10-06 16:25:58,032,/root/autodl-tmp/ujs/runs/op_parity/hugsim/pp-P2H10-F-s0/zs/032_medium_00,exam,P2H10-F-s0,7.193422397754957,False,-1,8.702141617747019,8.702141617747019,8.702141617747019,0.0,23
scene-032-medium-02,pandaset,medium,cinque,fixed,pp-P2H10-F-s0,0.2689125295508275,0.6146572104018913,0.59375,1.0,0.375,1.0,0.43750000000000017,32,bg_collision,34.9,0,2026-10-06 16:26:03,032,/root/autodl-tmp/ujs/runs/op_parity/hugsim/pp-P2H10-F-s0/zs/032_medium_02,exam,P2H10-F-s0,1.633584372810777,False,-1,7.193421470054419,7.193421470054419,1.9255817450371504,0.0,32
scene-034-easy-00,pandaset,easy,cinque,fixed,pp-P2H10-F-s0,0.7360774818401936,1.0,0.7966101694915254,1.0,0.7288135593220338,1.0,0.7360774818401936,59,complete,41.6,0,2026-10-06 16:26:04,034,/root/autodl-tmp/ujs/runs/op_parity/hugsim/pp-P2H10-F-s0/zs/034_easy_00,exam,P2H10-F-s0,4.435989122074061,False,-1,11.409333183229457,11.409333183229457,7.03777781703823,0.06779661016949153,59
scene-034-hard-00,pandaset,hard,cinque,fixed,pp-P2H10-F-s0,0.16743439626734824,0.27492314448836186,0.6842105263157895,1.0,0.5789473684210527,1.0,0.6090225563909776,19,fg_collision,23.0,0,2026-10-06 16:26:21,034,/root/autodl-tmp/ujs/runs/op_parity/hugsim/pp-P2H10-F-s0/zs/034_hard_00,exam,P2H10-F-s0,5.018590861433633,False,-1,7.911379944321614,7.911379944321614,7.911379944321614,0.0,19
scene-034-hard-01,pandaset,hard,cinque,fixed,pp-P2H10-F-s0,0.10788352817338324,0.256477821695213,0.5,1.0,0.3888888888888889,1.0,0.42063492063492064,18,fg_collision,22.1,0,2026-10-06 16:26:23,034,/root/autodl-tmp/ujs/runs/op_parity/hugsim/pp-P2H10-F-s0/zs/034_hard_01,exam,P2H10-F-s0,2.586511221087849,False,-1,8.161160111130087,8.161160111130087,8.161160111130087,0.0,18
scene-039-easy-00,pandaset,easy,cinque,fixed,pp-P2H10-F-s0,0.9375,1.0,0.9375,0.9375,0.9375,0.96875,0.9375,32,complete,34.0,0,2026-10-06 16:26:01,039,/root/autodl-tmp/ujs/runs/op_parity/hugsim/pp-P2H10-F-s0/zs/039_easy_00,exam,P2H10-F-s0,8.434890737381128,False,-1,14.040626469356472,14.040626469356472,12.933012856347826,0.0,32
scene-040-easy-00,pandaset,easy,cinque,fixed,pp-P2H10-F-s0,0.6888137540178129,0.8692635543661413,0.8125,0.859375,0.8125,0.9375,0.7924107142857143,64,bg_collision,48.4,0,2026-10-06 16:18:48,040,/root/autodl-tmp/ujs/runs/op_parity/hugsim/pp-P2H10-F-s0/zs/040_easy_00,exam,P2H10-F-s0,95.66871131691212,True,57,7.114096456764425,7.114096456764425,4.445790486319791,0.0,64
scene-0411-easy-00,nuscenes,easy,cinque,fixed,pp-P2H10-F-s0,0.8642857142857142,1.0,0.9,1.0,0.85,1.0,0.8642857142857142,40,complete,37.1,0,2026-10-06 16:19:47,scene-0411,/root/autodl-tmp/ujs/runs/op_parity/hugsim/pp-P2H10-F-s0/zs/scene-0411_easy_00,exam,P2H10-F-s0,1.3118599012944583,False,-1,16.396707833770726,16.396707833770726,16.396707833770726,0.0,40
scene-0411-hard-00,nuscenes,hard,cinque,fixed,pp-P2H10-F-s0,0.8642857142857142,1.0,0.9,1.0,0.85,1.0,0.8642857142857142,40,complete,45.0,0,2026-10-06 16:20:10,scene-0411,/root/autodl-tmp/ujs/runs/op_parity/hugsim/pp-P2H10-F-s0/zs/scene-0411_hard_00,exam,P2H10-F-s0,1.3000323016081785,False,-1,16.260370654356205,16.260370654356205,16.260370654356205,0.0,40
scene-0411-medium-00,nuscenes,medium,cinque,fixed,pp-P2H10-F-s0,0.1585676311830092,0.2568934112178883,0.6981132075471698,1.0,0.5849056603773585,1.0,0.6172506738544474,53,fg_collision,50.1,0,2026-10-06 16:20:07,scene-0411,/root/autodl-tmp/ujs/runs/op_parity/hugsim/pp-P2H10-F-s0/zs/scene-0411_medium_00,exam,P2H10-F-s0,2.087454835529584,False,-1,5.754167398004449,5.754167398004449,1.446257885798834,0.1320754716981132,53
scene-0418-hard-00,nuscenes,hard,cinque,fixed,pp-P2H10-F-s0,0.336734693877551,1.0,0.40476190476190477,1.0,0.3333333333333333,1.0,0.336734693877551,42,complete,38.7,0,2026-10-06 16:20:22,scene-0418,/root/autodl-tmp/ujs/runs/op_parity/hugsim/pp-P2H10-F-s0/zs/scene-0418_hard_00,exam,P2H10-F-s0,2.34868517315942,False,-1,16.275129901988898,17.62968925308653,17.62968925308653,0.0,42
scene-0528-extreme-00,nuscenes,extreme,cinque,fixed,pp-P2H10-F-s0,0.10787783838149394,0.26265908475494176,0.5,1.0,0.375,1.0,0.4107142857142857,16,fg_collision,18.5,0,2026-10-06 16:20:28,scene-0528,/root/autodl-tmp/ujs/runs/op_parity/hugsim/pp-P2H10-F-s0/zs/scene-0528_extreme_00,exam,P2H10-F-s0,4.253485378621707,False,-1,7.477230858235812,7.477230858235812,7.477230858235812,0.0,16
scene-0528-medium-00,nuscenes,medium,cinque,fixed,pp-P2H10-F-s0,0.8949579831932774,1.0,1.0,1.0,0.8529411764705882,1.0,0.8949579831932774,34,complete,388.8,0,2026-10-06 16:17:59,scene-0528,/root/autodl-tmp/ujs/runs/op_parity/hugsim/pp-P2H10-F-s0/zs/scene-0528_medium_00,exam,P2H10-F-s0,8.877634483274257,False,-1,14.536560336864493,14.536560336864493,14.536560336864493,0.0,34
scene-053-extreme-02,pandaset,extreme,cinque,fixed,pp-P2H10-F-s0,0.04113898523836412,0.13438735177865613,0.35714285714285715,1.0,0.2857142857142857,1.0,0.30612244897959184,14,fg_collision,25.3,0,2026-10-06 16:26:46,053,/root/autodl-tmp/ujs/runs/op_parity/hugsim/pp-P2H10-F-s0/zs/053_extreme_02,exam,P2H10-F-s0,2.5004238481110788,False,-1,3.9829339727044704,3.9829339727044704,3.9733547455656253,0.0,14
scene-053-medium-02,pandaset,medium,cinque,fixed,pp-P2H10-F-s0,0.915584415584416,1.0,1.0,1.0,0.8818181818181818,1.0,0.915584415584416,110,complete,82.6,0,2026-10-06 16:19:24,053,/root/autodl-tmp/ujs/runs/op_parity/hugsim/pp-P2H10-F-s0/zs/053_medium_02,exam,P2H10-F-s0,3.5977545835915863,False,-1,6.217398730697092,6.217398730697092,3.4140804337098487,0.0,110
scene-090-hard-01,pandaset,hard,cinque,fixed,pp-P2H10-F-s0,0.08665196758944206,0.09820556326803434,0.8823529411764706,1.0,1.0,1.0,0.8823529411764706,17,fg_collision,23.4,0,2026-10-06 16:26:26,090,/root/autodl-tmp/ujs/runs/op_parity/hugsim/pp-P2H10-F-s0/zs/090_hard_01,exam,P2H10-F-s0,2.2358406571581186,False,-1,7.717889626988388,7.717889626988388,7.717889626988388,0.0,17
scene-0930-hard-00,nuscenes,hard,cinque,fixed,pp-P2H10-F-s0,1.0,1.0,1.0,1.0,1.0,1.0,1.0,35,complete,40.2,0,2026-10-06 16:20:28,scene-0930,/root/autodl-tmp/ujs/runs/op_parity/hugsim/pp-P2H10-F-s0/zs/scene-0930_hard_00,exam,P2H10-F-s0,8.06496677951006,False,-1,14.547698845913535,14.547698845913535,14.467265537347037,0.0,35
scene-095-extreme-01,pandaset,extreme,cinque,fixed,pp-P2H10-F-s0,0.11543184609087186,0.17956064947468958,0.6875,1.0,0.8125,1.0,0.6428571428571428,16,fg_collision,22.7,0,2026-10-06 16:26:45,095,/root/autodl-tmp/ujs/runs/op_parity/hugsim/pp-P2H10-F-s0/zs/095_extreme_01,exam,P2H10-F-s0,0.4439916966369966,False,-1,6.968622981755054,6.968622981755054,6.968622981755054,0.0,16
scene-095-medium-01,pandaset,medium,cinque,fixed,pp-P2H10-F-s0,0.632551888267929,0.8519579751671442,0.9319727891156463,1.0,0.6666666666666666,1.0,0.7424684159378045,147,fg_collision,95.7,0,2026-10-06 16:27:04,095,/root/autodl-tmp/ujs/runs/op_parity/hugsim/pp-P2H10-F-s0/zs/095_medium_01,exam,P2H10-F-s0,2.101934150361674,False,-1,4.488015200952508,4.488015200952508,3.092859648448778,0.0,147
scene-100613054308-hard-00,waymo,hard,cinque,fixed,pp-P2H10-F-s0,0.9397874852420306,1.0,0.9586776859504132,1.0,0.9504132231404959,0.9752066115702479,0.9397874852420306,121,complete,110.3,0,2026-10-06 16:24:25,100613054308_0_200,/root/autodl-tmp/ujs/runs/op_parity/hugsim/pp-P2H10-F-s0/zs/100613054308_0_200_hard_00,exam,P2H10-F-s0,10.849678628807377,False,-1,6.095260334184033,6.688364798097554,4.172743777179699,0.10743801652892562,121
scene-102751446607-medium-01,waymo,medium,cinque,fixed,pp-P2H10-F-s0,0.7223802189953291,0.9164769429936164,0.9875,0.9575,0.965,0.45,0.7882142857142896,400,max_steps,671.5,0,2026-10-06 16:22:42,102751446607_0_200,/root/autodl-tmp/ujs/runs/op_parity/hugsim/pp-P2H10-F-s0/zs/102751446607_0_200_medium_01,exam,P2H10-F-s0,179.70043301044277,True,188,4.418694079846331,5.916984029545705,2.4046971772379,0.05,400
scene-106762673266-hard-00,waymo,hard,cinque,fixed,pp-P2H10-F-s0,0.06054246044559251,0.10763104079216446,0.5625,1.0,0.5625,1.0,0.5625,16,fg_collision,23.2,0,2026-10-06 16:23:05,106762673266_0_200,/root/autodl-tmp/ujs/runs/op_parity/hugsim/pp-P2H10-F-s0/zs/106762673266_0_200_hard_00,exam,P2H10-F-s0,4.431879813560651,False,-1,4.4256336249353145,4.4256336249353145,4.4256336249353145,0.0,16
scene-113-easy-00,pandaset,easy,cinque,fixed,pp-P2H10-F-s0,0.7563025210084033,1.0,0.7843137254901961,1.0,0.7647058823529411,1.0,0.7563025210084033,51,complete,43.8,0,2026-10-06 16:26:10,113,/root/autodl-tmp/ujs/runs/op_parity/hugsim/pp-P2H10-F-s0/zs/113_easy_00,exam,P2H10-F-s0,4.427759939534477,False,-1,12.28572859008056,13.363563681951225,13.316023587574314,0.0,51
scene-113792265837-easy-00,waymo,easy,cinque,fixed,pp-P2H10-F-s0,0.93631669535284,1.0,0.9879518072289156,0.9518072289156626,0.9879518072289156,0.9698795180722891,0.93631669535284,166,complete,151.6,0,2026-10-06 16:22:48,113792265837_0_200,/root/autodl-tmp/ujs/runs/op_parity/hugsim/pp-P2H10-F-s0/zs/113792265837_0_200_easy_00,exam,P2H10-F-s0,57.18373259660927,False,-1,5.893895993776533,7.307587713114918,6.084297832966417,0.024096385542168676,166
scene-124-extreme-01,pandaset,extreme,cinque,fixed,pp-P2H10-F-s0,0.9847619047619048,1.0,1.0,1.0,1.0,0.9466666666666667,0.9847619047619048,75,complete,36.2,0,2026-10-06 18:30:29,124,/root/autodl-tmp/ujs/runs/op_parity/hugsim/pp-P2H10-F-s0/zs/124_extreme_01,exam,P2H10-F-s0,25.417119372235025,False,-1,9.290171023039829,9.290171023039829,8.041490307235573,0.02666666666666667,75
scene-124-hard-01,pandaset,hard,cinque,fixed,pp-P2H10-F-s0,0.09643383044917571,0.17654808959156784,0.5882352941176471,1.0,0.7058823529411765,1.0,0.5462184873949579,17,fg_collision,22.9,0,2026-10-06 16:26:27,124,/root/autodl-tmp/ujs/runs/op_parity/hugsim/pp-P2H10-F-s0/zs/124_hard_01,exam,P2H10-F-s0,1.653865688535474,False,-1,7.737774332127755,7.737774332127755,7.737774332127755,0.0,17
scene-1290_1490-medium-01,kitti360,medium,cinque,fixed,pp-P2H10-F-s0,0.1596754222265175,0.31646514405135096,0.6808510638297872,0.9361702127659575,0.5319148936170213,0.9787234042553191,0.5045592705167173,47,fg_collision,33.7,0,2026-10-06 16:25:04,0000_1290_1490,/root/autodl-tmp/ujs/runs/op_parity/hugsim/pp-P2H10-F-s0/zs/0000_1290_1490_medium_01,exam,P2H10-F-s0,5.093801625677196,False,-1,4.441170421055824,4.747292288675776,4.747292288675776,0.0,47
scene-132384196576-medium-01,waymo,medium,cinque,fixed,pp-P2H10-F-s0,0.9738916256157638,1.0,1.0,1.0,0.9758620689655172,0.9689655172413794,0.9738916256157638,290,complete,233.8,0,2026-10-06 16:24:30,132384196576_0_200,/root/autodl-tmp/ujs/runs/op_parity/hugsim/pp-P2H10-F-s0/zs/132384196576_0_200_medium_01,exam,P2H10-F-s0,31.845787999039512,False,-1,3.6892033768120776,6.47292222130856,4.1669363030293916,0.05172413793103448,290
scene-144248042870-extreme-00,waymo,extreme,cinque,fixed,pp-P2H10-F-s0,0.0,0.04728132387706855,0.42857142857142855,0.14285714285714285,0.35714285714285715,0.7142857142857143,0.0,14,fg_collision,23.5,0,2026-10-06 16:23:33,144248042870_0_200,/root/autodl-tmp/ujs/runs/op_parity/hugsim/pp-P2H10-F-s0/zs/144248042870_0_200_extreme_00,exam,P2H10-F-s0,7.823018790784971,False,-1,4.869679006962365,4.869679006962365,4.869679006962365,0.0,14
scene-150623512729-extreme-00,waymo,extreme,cinque,fixed,pp-P2H10-F-s0,0.09834023718529872,0.1332351600575015,0.7777777777777778,1.0,0.8888888888888888,1.0,0.738095238095238,18,fg_collision,30.0,0,2026-10-06 16:24:03,150623512729_0_200,/root/autodl-tmp/ujs/runs/op_parity/hugsim/pp-P2H10-F-s0/zs/150623512729_0_200_extreme_00,exam,P2H10-F-s0,7.831595344077894,False,-1,6.083755338579336,6.083755338579336,6.083755338579336,0.0,18
scene-150623512729-medium-01,waymo,medium,cinque,fixed,pp-P2H10-F-s0,0.912763466042155,1.0,0.9713114754098361,1.0,0.8975409836065574,0.9795081967213115,0.912763466042155,244,complete,208.7,0,2026-10-06 16:24:33,150623512729_0_200,/root/autodl-tmp/ujs/runs/op_parity/hugsim/pp-P2H10-F-s0/zs/150623512729_0_200_medium_01,exam,P2H10-F-s0,21.0996092042818,False,-1,4.76922510786837,7.523776555225564,2.8435073720852513,0.040983606557377046,244
scene-152217047339-extreme-00,waymo,extreme,cinque,fixed,pp-P2H10-F-s0,0.06793658848974758,0.17071245312808367,0.5,1.0,0.35714285714285715,1.0,0.3979591836734694,14,fg_collision,18.9,0,2026-10-06 16:24:22,152217047339_0_200,/root/autodl-tmp/ujs/runs/op_parity/hugsim/pp-P2H10-F-s0/zs/152217047339_0_200_extreme_00,exam,P2H10-F-s0,4.470281697054988,False,-1,3.8052209605142733,3.8052209605142733,3.8052209605142733,0.0,14
scene-152217047339-medium-00,waymo,medium,cinque,fixed,pp-P2H10-F-s0,0.9663265306122448,1.0,0.9714285714285714,1.0,0.9642857142857143,1.0,0.9663265306122448,140,complete,459.6,0,2026-10-06 16:19:10,152217047339_0_200,/root/autodl-tmp/ujs/runs/op_parity/hugsim/pp-P2H10-F-s0/zs/152217047339_0_200_medium_00,exam,P2H10-F-s0,15.061443627196157,False,-1,4.071974169328876,4.071974169328876,1.2765173252568371,0.0,140
scene-164701907483-easy-00,waymo,easy,cinque,fixed,pp-P2H10-F-s0,0.12614651081699793,0.2553326965934416,0.7291666666666666,0.5,0.6458333333333334,0.6041666666666666,0.49404761904761907,48,bg_collision,42.9,0,2026-10-06 16:21:05,164701907483_0_200,/root/autodl-tmp/ujs/runs/op_parity/hugsim/pp-P2H10-F-s0/zs/164701907483_0_200_easy_00,exam,P2H10-F-s0,177.37155046829884,True,30,3.6508387105539257,3.6508387105539257,1.3752883769638988,0.0,48
scene-164701907483-hard-00,waymo,hard,cinque,fixed,pp-P2H10-F-s0,0.5602240896358546,1.0,0.6013071895424836,0.9803921568627451,0.5882352941176471,0.9477124183006536,0.5602240896358546,153,complete,116.1,0,2026-10-06 16:24:44,164701907483_0_200,/root/autodl-tmp/ujs/runs/op_parity/hugsim/pp-P2H10-F-s0/zs/164701907483_0_200_hard_00,exam,P2H10-F-s0,26.081205894623736,False,-1,3.8855133615082202,6.050019268539407,5.377244826468146,0.06535947712418301,153
scene-166085257829-extreme-00,waymo,extreme,cinque,fixed,pp-P2H10-F-s0,0.09676274139084058,0.20696475241929788,0.5,1.0,0.45454545454545453,1.0,0.4675324675324676,22,fg_collision,22.8,0,2026-10-06 16:24:45,166085257829_0_200,/root/autodl-tmp/ujs/runs/op_parity/hugsim/pp-P2H10-F-s0/zs/166085257829_0_200_extreme_00,exam,P2H10-F-s0,9.409650481753875,False,-1,5.631394656319058,5.631394656319058,2.7641127387054114,0.0,22
scene-250_450-hard-00,kitti360,hard,cinque,fixed,pp-P2H10-F-s0,0.00844573614526666,0.08185867340796918,0.3888888888888889,0.6111111111111112,0.16666666666666666,1.0,0.10317460317460315,18,fg_collision,22.3,0,2026-10-06 16:25:07,0000_250_450,/root/autodl-tmp/ujs/runs/op_parity/hugsim/pp-P2H10-F-s0/zs/0000_250_450_hard_00,exam,P2H10-F-s0,8.17015693338604,False,-1,6.838872358636447,6.838872358636447,6.838872358636447,0.0,18
scene-2510_2710-extreme-00,kitti360,extreme,cinque,fixed,pp-P2H10-F-s0,0.005662293033427054,0.09059668853483287,0.125,0.9375,0.0625,1.0,0.0625,16,fg_collision,20.4,0,2026-10-06 16:25:28,0000_2510_2710,/root/autodl-tmp/ujs/runs/op_parity/hugsim/pp-P2H10-F-s0/zs/0000_2510_2710_extreme_00,exam,P2H10-F-s0,4.626805472172456,False,-1,5.94861785006958,5.94861785006958,5.94861785006958,0.0,16
scene-2510_2710-hard-00,kitti360,hard,cinque,fixed,pp-P2H10-F-s0,0.0,0.06248047485160887,0.13333333333333333,0.8666666666666667,0.06666666666666667,1.0,0.0,15,fg_collision,16.3,0,2026-10-06 16:25:09,0000_2510_2710,/root/autodl-tmp/ujs/runs/op_parity/hugsim/pp-P2H10-F-s0/zs/0000_2510_2710_hard_00,exam,P2H10-F-s0,5.316792759042669,False,-1,3.683586931764414,3.683586931764414,3.683586931764414,0.0,15
scene-2800_3000-easy-00,kitti360,easy,cinque,fixed,pp-P2H10-F-s0,0.5288171217506429,0.9213887841856179,0.6842105263157895,0.8421052631578947,0.7192982456140351,0.9298245614035088,0.5739348370927319,57,bg_collision,42.3,0,2026-10-06 16:25:08,0000_2800_3000,/root/autodl-tmp/ujs/runs/op_parity/hugsim/pp-P2H10-F-s0/zs/0000_2800_3000_easy_00,exam,P2H10-F-s0,43.809052362445165,False,-1,13.464987318343432,14.035542544837604,7.405394734427823,0.0,57
scene-3000_3200-hard-00,kitti360,hard,cinque,fixed,pp-P2H10-F-s0,0.04355985936810148,0.20734493059216308,0.6470588235294118,0.6470588235294118,0.5294117647058824,1.0,0.21008403361344535,17,fg_collision,18.4,0,2026-10-06 16:25:22,0000_3000_3200,/root/autodl-tmp/ujs/runs/op_parity/hugsim/pp-P2H10-F-s0/zs/0000_3000_3200_hard_00,exam,P2H10-F-s0,2.5727646860154736,False,-1,8.233532201201593,8.233532201201593,8.233532201201593,0.0,17
scene-3000_3200-medium-00,kitti360,medium,cinque,fixed,pp-P2H10-F-s0,0.07186531492644119,0.34030340303403034,0.6086956521739131,0.6956521739130435,0.4782608695652174,1.0,0.21118012422360247,23,bg_collision,19.5,0,2026-10-06 16:24:53,0000_3000_3200,/root/autodl-tmp/ujs/runs/op_parity/hugsim/pp-P2H10-F-s0/zs/0000_3000_3200_medium_00,exam,P2H10-F-s0,4.691802101158065,False,-1,9.594732427664468,9.594732427664468,9.594732427664468,0.0,23
scene-322492347634-easy-00,waymo,easy,cinque,fixed,pp-P2H10-F-s0,0.30756079603970743,0.8174209392071368,0.8169014084507042,0.4859154929577465,0.7605633802816901,0.7887323943661971,0.3762575452716298,142,bg_collision,127.5,0,2026-10-06 16:22:35,322492347634_0_200,/root/autodl-tmp/ujs/runs/op_parity/hugsim/pp-P2H10-F-s0/zs/322492347634_0_200_easy_00,exam,P2H10-F-s0,179.7796367806579,True,58,7.99814752898962,9.381650043905212,7.499415496475349,0.0,142
scene-3400_3600-extreme-00,kitti360,extreme,cinque,fixed,pp-P2H10-F-s0,0.0,0.09285051067780872,0.4,0.5333333333333333,0.26666666666666666,1.0,0.0,15,fg_collision,18.8,0,2026-10-06 16:25:27,0000_3400_3600,/root/autodl-tmp/ujs/runs/op_parity/hugsim/pp-P2H10-F-s0/zs/0000_3400_3600_extreme_00,exam,P2H10-F-s0,1.4318301597175807,False,-1,5.200285391867182,5.200285391867182,5.200285391867182,0.0,15
scene-3400_3600-hard-00,kitti360,hard,cinque,fixed,pp-P2H10-F-s0,0.06128891668087847,0.2750143697218906,0.52,0.76,0.44,1.0,0.22285714285714284,25,fg_collision,22.3,0,2026-10-06 16:25:27,0000_3400_3600,/root/autodl-tmp/ujs/runs/op_parity/hugsim/pp-P2H10-F-s0/zs/0000_3400_3600_hard_00,exam,P2H10-F-s0,2.790867643776707,False,-1,8.459438257753312,8.459438257753312,8.459438257753312,0.0,25
scene-398895700423-easy-00,waymo,easy,cinque,fixed,pp-P2H10-F-s0,0.9887218045112781,1.0,1.0,1.0,1.0,0.9605263157894737,0.9887218045112781,152,complete,161.9,0,2026-10-06 16:23:10,398895700423_0_200,/root/autodl-tmp/ujs/runs/op_parity/hugsim/pp-P2H10-F-s0/zs/398895700423_0_200_easy_00,exam,P2H10-F-s0,21.079180218945645,False,-1,5.74266597698911,7.3680184962112225,5.161385519506972,0.13815789473684212,152
scene-570_770-easy-00,kitti360,easy,cinque,fixed,pp-P2H10-F-s0,0.21639117077982545,0.5004045824283463,0.7567567567567568,0.5945945945945946,0.7567567567567568,1.0,0.43243243243243246,37,bg_collision,386.7,0,2026-10-06 16:17:57,0000_570_770,/root/autodl-tmp/ujs/runs/op_parity/hugsim/pp-P2H10-F-s0/zs/0000_570_770_easy_00,exam,P2H10-F-s0,16.30272377108605,False,-1,12.623336158123786,12.623336158123786,7.215239425764248,0.0,37
scene-570_770-medium-00,kitti360,medium,cinque,fixed,pp-P2H10-F-s0,0.20166565969555622,0.5050892210723564,0.7435897435897436,0.6153846153846154,0.6923076923076923,0.9230769230769231,0.39926739926739924,39,bg_collision,31.8,0,2026-10-06 16:25:09,0000_570_770,/root/autodl-tmp/ujs/runs/op_parity/hugsim/pp-P2H10-F-s0/zs/0000_570_770_medium_00,exam,P2H10-F-s0,18.693243860444497,False,-1,12.22475966761304,12.22475966761304,6.258619526961536,0.0,39
scene-5980_6180-easy-00,kitti360,easy,cinque,fixed,pp-P2H10-F-s0,0.35161345934047566,0.5171590958392989,0.8148148148148148,0.7222222222222222,0.7962962962962963,0.8148148148148148,0.6798941798941799,54,bg_collision,42.4,0,2026-10-06 16:18:39,0000_5980_6180,/root/autodl-tmp/ujs/runs/op_parity/hugsim/pp-P2H10-F-s0/zs/0000_5980_6180_easy_00,exam,P2H10-F-s0,83.58548415835497,True,51,9.246421286103242,9.246421286103242,3.2606305620721714,0.0,54
scene-5980_6180-extreme-00,kitti360,extreme,cinque,fixed,pp-P2H10-F-s0,0.009517766497461928,0.11844331641285956,0.375,0.75,0.25,1.0,0.08035714285714285,16,fg_collision,18.7,0,2026-10-06 16:25:27,0000_5980_6180,/root/autodl-tmp/ujs/runs/op_parity/hugsim/pp-P2H10-F-s0/zs/0000_5980_6180_extreme_00,exam,P2H10-F-s0,3.875439828285565,False,-1,5.659063464318674,5.659063464318674,5.659063464318674,0.0,16
scene-6580_6780-medium-01,kitti360,medium,cinque,fixed,pp-P2H10-F-s0,0.0,0.04277687148812761,0.0,1.0,0.0,1.0,0.0,12,bg_collision,19.1,0,2026-10-06 16:25:03,0000_6580_6780,/root/autodl-tmp/ujs/runs/op_parity/hugsim/pp-P2H10-F-s0/zs/0000_6580_6780_medium_01,exam,P2H10-F-s0,2.359612084310218,False,-1,5.109371106732662,5.109371106732662,5.109371106732662,0.0,12
scene-770_970-extreme-00,kitti360,extreme,cinque,fixed,pp-P2H10-F-s0,0.03135011441647597,0.20900076277650648,0.15,1.0,0.15,1.0,0.15,20,fg_collision,19.4,0,2026-10-06 16:25:29,0000_770_970,/root/autodl-tmp/ujs/runs/op_parity/hugsim/pp-P2H10-F-s0/zs/0000_770_970_extreme_00,exam,P2H10-F-s0,7.153493645121456,False,-1,8.004613668321047,8.004613668321047,8.004613668321047,0.0,20
scene-8440_8640-easy-00,kitti360,easy,cinque,fixed,pp-P2H10-F-s0,0.5209106834597284,0.7032294226706334,0.8888888888888888,0.7407407407407407,0.9444444444444444,0.9444444444444444,0.7407407407407407,54,off_route,43.1,0,2026-10-06 16:18:40,0000_8440_8640,/root/autodl-tmp/ujs/runs/op_parity/hugsim/pp-P2H10-F-s0/zs/0000_8440_8640_easy_00,exam,P2H10-F-s0,80.80305582063252,True,52,10.762058590580384,10.957021500533685,6.297824156824579,0.0,54
scene-881121006469-hard-00,waymo,hard,cinque,fixed,pp-P2H10-F-s0,0.9897959183673468,1.0,1.0,1.0,1.0,0.9642857142857143,0.9897959183673468,112,complete,91.4,0,2026-10-06 16:24:37,881121006469_0_200,/root/autodl-tmp/ujs/runs/op_parity/hugsim/pp-P2H10-F-s0/zs/881121006469_0_200_hard_00,exam,P2H10-F-s0,10.14216215759458,False,-1,7.551705501782003,7.551705501782003,3.9101217278841163,0.03571428571428571,112
scene-0013-extreme-00,nuscenes,extreme,cinque,fixed,pp-P2H10-F-s1,0.025271734536910253,0.09229676961306355,0.3333333333333333,1.0,0.25,1.0,0.2738095238095238,12,fg_collision,18.9,0,2026-10-06 16:47:49,scene-0013,/root/autodl-tmp/ujs/runs/op_parity/hugsim/pp-P2H10-F-s1/zs/scene-0013_extreme_00,exam,P2H10-F-s1,5.26982163970375,False,-1,4.70738955568193,4.70738955568193,4.70738955568193,0.0,12
scene-0013-medium-00,nuscenes,medium,cinque,fixed,pp-P2H10-F-s1,1.0,1.0,1.0,1.0,1.0,1.0,1.0,37,complete,377.0,0,2026-10-06 16:40:46,scene-0013,/root/autodl-tmp/ujs/runs/op_parity/hugsim/pp-P2H10-F-s1/zs/scene-0013_medium_00,exam,P2H10-F-s1,2.5762102152092488,False,-1,19.578697389990236,19.578697389990236,19.578697389990236,0.0,37
scene-0041-medium-00,nuscenes,medium,cinque,fixed,pp-P2H10-F-s1,0.15688416381934656,0.2603953646898432,0.6956521739130435,0.7391304347826086,0.6521739130434783,0.8695652173913043,0.6024844720496896,23,bg_collision,27.6,0,2026-10-06 16:47:26,scene-0041,/root/autodl-tmp/ujs/runs/op_parity/hugsim/pp-P2H10-F-s1/zs/scene-0041_medium_00,exam,P2H10-F-s1,52.75772099253638,False,-1,7.841479648971582,7.841479648971582,5.525785406275706,0.0,23
scene-0051-easy-00,nuscenes,easy,cinque,fixed,pp-P2H10-F-s1,0.9591836734693877,1.0,0.9761904761904762,1.0,0.9761904761904762,1.0,0.9591836734693877,42,complete,334.9,0,2026-10-06 16:46:53,scene-0051,/root/autodl-tmp/ujs/runs/op_parity/hugsim/pp-P2H10-F-s1/zs/scene-0051_easy_00,exam,P2H10-F-s1,4.169576568575825,False,-1,15.69439673831927,15.786779728840783,15.74420813878192,0.0,42
scene-0138-extreme-00,nuscenes,extreme,cinque,fixed,pp-P2H10-F-s1,0.07549354458242495,0.16334057827833762,0.5882352941176471,1.0,0.4117647058823529,1.0,0.46218487394957986,34,fg_collision,33.5,0,2026-10-06 16:48:06,scene-0138,/root/autodl-tmp/ujs/runs/op_parity/hugsim/pp-P2H10-F-s1/zs/scene-0138_extreme_00,exam,P2H10-F-s1,1.3173206193252487,False,-1,4.739823212908955,4.739823212908955,0.4821741003684581,0.20588235294117646,34
scene-0166-easy-00,nuscenes,easy,cinque,fixed,pp-P2H10-F-s1,1.0,1.0,1.0,1.0,1.0,1.0,1.0,41,complete,244.4,0,2026-10-06 16:46:55,scene-0166,/root/autodl-tmp/ujs/runs/op_parity/hugsim/pp-P2H10-F-s1/zs/scene-0166_easy_00,exam,P2H10-F-s1,1.777518770101012,False,-1,15.838140113870201,15.838140113870201,15.101636456827295,0.0,41
scene-0167-easy-00,nuscenes,easy,cinque,fixed,pp-P2H10-F-s1,1.0,1.0,1.0,1.0,1.0,1.0,1.0,49,complete,37.2,0,2026-10-06 16:47:30,scene-0167,/root/autodl-tmp/ujs/runs/op_parity/hugsim/pp-P2H10-F-s1/zs/scene-0167_easy_00,exam,P2H10-F-s1,8.69296377024114,False,-1,16.246537211575035,16.349168973877887,16.325091779381793,0.0,49
scene-021-extreme-02,pandaset,extreme,cinque,fixed,pp-P2H10-F-s1,0.025323819790222954,0.052700922266139656,0.5454545454545454,1.0,0.45454545454545453,0.9090909090909091,0.48051948051948057,22,fg_collision,39.6,0,2026-10-06 16:52:51,021,/root/autodl-tmp/ujs/runs/op_parity/hugsim/pp-P2H10-F-s1/zs/021_extreme_02,exam,P2H10-F-s1,5.587673527436185,False,-1,1.1744844912824852,1.1744844912824852,0.5401853210448766,0.0,22
scene-0254-extreme-00,nuscenes,extreme,cinque,fixed,pp-P2H10-F-s1,0.02850724008382261,0.10199257007767647,0.43478260869565216,1.0,0.21739130434782608,1.0,0.2795031055900621,23,fg_collision,372.2,0,2026-10-06 16:40:41,scene-0254,/root/autodl-tmp/ujs/runs/op_parity/hugsim/pp-P2H10-F-s1/zs/scene-0254_extreme_00,exam,P2H10-F-s1,2.3691185546258415,False,-1,4.809019086784952,4.809019086784952,0.7610810045292395,0.0,23
scene-0254-hard-00,nuscenes,hard,cinque,fixed,pp-P2H10-F-s1,0.040140879046654115,0.12293144208037825,0.42857142857142855,1.0,0.2857142857142857,0.8095238095238095,0.32653061224489793,21,fg_collision,24.8,0,2026-10-06 16:47:30,scene-0254,/root/autodl-tmp/ujs/runs/op_parity/hugsim/pp-P2H10-F-s1/zs/scene-0254_hard_00,exam,P2H10-F-s1,2.320448731581263,False,-1,5.434611481345374,5.434611481345374,2.019173978100069,0.0,21
scene-032-medium-00,pandaset,medium,cinque,fixed,pp-P2H10-F-s1,0.3274279184384207,0.49953746530989823,0.7450980392156863,1.0,0.6274509803921569,0.9803921568627451,0.6554621848739496,51,fg_collision,38.5,0,2026-10-06 16:52:11,032,/root/autodl-tmp/ujs/runs/op_parity/hugsim/pp-P2H10-F-s1/zs/032_medium_00,exam,P2H10-F-s1,9.179201235759491,False,-1,6.03521440800802,6.03521440800802,2.5058888727622337,0.23529411764705882,51
scene-032-medium-02,pandaset,medium,cinque,fixed,pp-P2H10-F-s1,0.26801315654229635,0.6126015006681057,0.59375,1.0,0.375,1.0,0.43750000000000017,32,bg_collision,27.7,0,2026-10-06 16:52:02,032,/root/autodl-tmp/ujs/runs/op_parity/hugsim/pp-P2H10-F-s1/zs/032_medium_02,exam,P2H10-F-s1,1.5242313399695349,False,-1,7.14225957027681,7.14225957027681,2.0167236711332364,0.0,32
scene-034-easy-00,pandaset,easy,cinque,fixed,pp-P2H10-F-s1,0.7476190476190477,1.0,0.8,1.0,0.75,0.9833333333333333,0.7476190476190477,60,complete,43.3,0,2026-10-06 16:52:10,034,/root/autodl-tmp/ujs/runs/op_parity/hugsim/pp-P2H10-F-s1/zs/034_easy_00,exam,P2H10-F-s1,5.994296752260262,False,-1,11.210152015354211,11.210152015354211,6.844930324372285,0.08333333333333333,60
scene-034-hard-00,pandaset,hard,cinque,fixed,pp-P2H10-F-s1,0.15659702616224358,0.2740447957839262,0.6842105263157895,1.0,0.5263157894736842,1.0,0.5714285714285715,19,fg_collision,20.1,0,2026-10-06 16:52:18,034,/root/autodl-tmp/ujs/runs/op_parity/hugsim/pp-P2H10-F-s1/zs/034_hard_00,exam,P2H10-F-s1,4.758897043266305,False,-1,7.446566966615825,7.446566966615825,7.446566966615825,0.0,19
scene-034-hard-01,pandaset,hard,cinque,fixed,pp-P2H10-F-s1,0.0741039498803474,0.20553359683794467,0.42857142857142855,1.0,0.3333333333333333,1.0,0.36054421768707484,21,fg_collision,21.3,0,2026-10-06 16:52:23,034,/root/autodl-tmp/ujs/runs/op_parity/hugsim/pp-P2H10-F-s1/zs/034_hard_01,exam,P2H10-F-s1,4.211216324446644,False,-1,4.40885060379381,4.40885060379381,1.4292130362829143,0.0,21
scene-039-easy-00,pandaset,easy,cinque,fixed,pp-P2H10-F-s1,0.9464285714285714,1.0,1.0,1.0,0.9375,0.96875,0.9464285714285714,32,complete,30.4,0,2026-10-06 16:51:58,039,/root/autodl-tmp/ujs/runs/op_parity/hugsim/pp-P2H10-F-s1/zs/039_easy_00,exam,P2H10-F-s1,13.585722757318617,False,-1,13.877309628062456,13.877309628062456,12.377309628062456,0.0,32
scene-040-easy-00,pandaset,easy,cinque,fixed,pp-P2H10-F-s1,0.6980496531687652,0.832589949449896,0.8688524590163934,0.9180327868852459,0.8524590163934426,0.9016393442622951,0.8384074941451991,61,bg_collision,376.0,0,2026-10-06 16:46:59,040,/root/autodl-tmp/ujs/runs/op_parity/hugsim/pp-P2H10-F-s1/zs/040_easy_00,exam,P2H10-F-s1,66.39657218065992,True,59,6.531609593114179,6.531609593114179,4.548101348851657,0.0,61
scene-0411-easy-00,nuscenes,easy,cinque,fixed,pp-P2H10-F-s1,0.8937728937728939,1.0,0.9487179487179487,1.0,0.8974358974358975,1.0,0.8937728937728939,39,complete,32.5,0,2026-10-06 16:47:27,scene-0411,/root/autodl-tmp/ujs/runs/op_parity/hugsim/pp-P2H10-F-s1/zs/scene-0411_easy_00,exam,P2H10-F-s1,1.2813586607439735,False,-1,16.743998849723432,16.743998849723432,16.743998849723432,0.0,39
scene-0411-hard-00,nuscenes,hard,cinque,fixed,pp-P2H10-F-s1,0.8937728937728939,1.0,0.9487179487179487,1.0,0.8974358974358975,1.0,0.8937728937728939,39,complete,40.5,0,2026-10-06 16:48:07,scene-0411,/root/autodl-tmp/ujs/runs/op_parity/hugsim/pp-P2H10-F-s1/zs/scene-0411_hard_00,exam,P2H10-F-s1,1.2813586607439735,False,-1,16.743998849723432,16.743998849723432,16.743998849723432,0.0,39
scene-0411-medium-00,nuscenes,medium,cinque,fixed,pp-P2H10-F-s1,0.15689712855181642,0.2562653099679668,0.7619047619047619,1.0,0.5714285714285714,0.9523809523809523,0.6122448979591837,42,fg_collision,32.7,0,2026-10-06 16:47:33,scene-0411,/root/autodl-tmp/ujs/runs/op_parity/hugsim/pp-P2H10-F-s1/zs/scene-0411_medium_00,exam,P2H10-F-s1,7.323218728064797,False,-1,5.644216228792856,5.644216228792856,2.8435847368409997,0.07142857142857142,42
scene-0418-hard-00,nuscenes,hard,cinque,fixed,pp-P2H10-F-s1,0.3623693379790941,1.0,0.4146341463414634,1.0,0.3902439024390244,1.0,0.3623693379790941,41,complete,38.0,0,2026-10-06 16:48:05,scene-0418,/root/autodl-tmp/ujs/runs/op_parity/hugsim/pp-P2H10-F-s1/zs/scene-0418_hard_00,exam,P2H10-F-s1,2.349040684143624,False,-1,18.30002162015336,19.047853894864463,19.047853894864463,0.0,41
scene-0528-extreme-00,nuscenes,extreme,cinque,fixed,pp-P2H10-F-s1,0.12721139091975808,0.25904865060023463,0.625,1.0,0.4375,1.0,0.49107142857142855,16,fg_collision,19.9,0,2026-10-06 16:47:53,scene-0528,/root/autodl-tmp/ujs/runs/op_parity/hugsim/pp-P2H10-F-s1/zs/scene-0528_extreme_00,exam,P2H10-F-s1,3.6299546308860733,False,-1,7.264303212763468,7.264303212763468,7.264303212763468,0.0,16
scene-0528-medium-00,nuscenes,medium,cinque,fixed,pp-P2H10-F-s1,0.1507280410133184,0.25995125913891143,0.7058823529411765,1.0,0.5882352941176471,1.0,0.5798319327731093,17,fg_collision,365.9,0,2026-10-06 16:40:35,scene-0528,/root/autodl-tmp/ujs/runs/op_parity/hugsim/pp-P2H10-F-s1/zs/scene-0528_medium_00,exam,P2H10-F-s1,19.030787714626204,False,-1,7.065856529653984,7.065856529653984,7.065856529653984,0.0,17
scene-053-extreme-02,pandaset,extreme,cinque,fixed,pp-P2H10-F-s1,0.033962816571512226,0.12736056214317085,0.26666666666666666,1.0,0.26666666666666666,1.0,0.26666666666666666,15,fg_collision,31.7,0,2026-10-06 16:52:50,053,/root/autodl-tmp/ujs/runs/op_parity/hugsim/pp-P2H10-F-s1/zs/053_extreme_02,exam,P2H10-F-s1,3.7397055164771205,False,-1,3.6163943556787426,3.6163943556787426,2.187154901607983,0.0,15
scene-053-medium-02,pandaset,medium,cinque,fixed,pp-P2H10-F-s1,0.9704840613931524,1.0,1.0,1.0,0.9586776859504132,1.0,0.9704840613931524,121,complete,406.7,0,2026-10-06 16:47:33,053,/root/autodl-tmp/ujs/runs/op_parity/hugsim/pp-P2H10-F-s1/zs/053_medium_02,exam,P2H10-F-s1,3.7869339762340375,False,-1,5.711936317224185,5.711936317224185,2.750129419602791,0.0,121
scene-090-hard-01,pandaset,hard,cinque,fixed,pp-P2H10-F-s1,1.0,1.0,1.0,1.0,1.0,1.0,1.0,58,complete,57.2,0,2026-10-06 16:53:05,090,/root/autodl-tmp/ujs/runs/op_parity/hugsim/pp-P2H10-F-s1/zs/090_hard_01,exam,P2H10-F-s1,3.2303500707837913,False,-1,9.703173543694316,12.385294497176625,12.385294497176625,0.0,58
scene-0930-hard-00,nuscenes,hard,cinque,fixed,pp-P2H10-F-s1,1.0,1.0,1.0,1.0,1.0,1.0,1.0,35,bg_collision,38.4,0,2026-10-06 16:48:08,scene-0930,/root/autodl-tmp/ujs/runs/op_parity/hugsim/pp-P2H10-F-s1/zs/scene-0930_hard_00,exam,P2H10-F-s1,8.366474421288656,False,-1,15.412542796104395,15.412542796104395,15.367349451332093,0.0,35
scene-095-extreme-01,pandaset,extreme,cinque,fixed,pp-P2H10-F-s1,0.11502251330331557,0.17892390958293536,0.6875,1.0,0.8125,1.0,0.6428571428571428,16,fg_collision,25.5,0,2026-10-06 16:52:49,095,/root/autodl-tmp/ujs/runs/op_parity/hugsim/pp-P2H10-F-s1/zs/095_extreme_01,exam,P2H10-F-s1,0.5222663008813853,False,-1,6.82053447568057,6.82053447568057,6.82053447568057,0.0,16
scene-095-medium-01,pandaset,medium,cinque,fixed,pp-P2H10-F-s1,0.6854015702153249,0.9818529130850048,0.9027027027027027,1.0,0.6162162162162163,1.0,0.6980694980694991,185,fg_collision,119.2,0,2026-10-06 16:53:49,095,/root/autodl-tmp/ujs/runs/op_parity/hugsim/pp-P2H10-F-s1/zs/095_medium_01,exam,P2H10-F-s1,3.277497444213926,False,-1,4.450709641249853,4.450709641249853,3.6200680358802977,0.0,185
scene-100613054308-hard-00,waymo,hard,cinque,fixed,pp-P2H10-F-s1,0.16915865894944346,0.28351944246456007,0.7647058823529411,1.0,0.5882352941176471,1.0,0.5966386554621851,17,bg_collision,23.8,0,2026-10-06 16:48:47,100613054308_0_200,/root/autodl-tmp/ujs/runs/op_parity/hugsim/pp-P2H10-F-s1/zs/100613054308_0_200_hard_00,exam,P2H10-F-s1,11.01270939499034,False,-1,4.042101341906873,4.042101341906873,4.042101341906873,0.0,17
scene-102751446607-medium-01,waymo,medium,cinque,fixed,pp-P2H10-F-s1,0.795954581109265,0.9262979331279854,1.0,1.0,0.985,0.545,0.8592857142857179,400,max_steps,501.1,0,2026-10-06 16:42:50,102751446607_0_200,/root/autodl-tmp/ujs/runs/op_parity/hugsim/pp-P2H10-F-s1/zs/102751446607_0_200_medium_01,exam,P2H10-F-s1,179.45601301461969,True,188,3.9483215162090373,5.3939884383712275,2.880399460782614,0.0375,400
scene-106762673266-hard-00,waymo,hard,cinque,fixed,pp-P2H10-F-s1,0.06984058646958227,0.10476087970437341,0.6666666666666666,1.0,0.6666666666666666,1.0,0.6666666666666666,15,fg_collision,20.9,0,2026-10-06 16:49:08,106762673266_0_200,/root/autodl-tmp/ujs/runs/op_parity/hugsim/pp-P2H10-F-s1/zs/106762673266_0_200_hard_00,exam,P2H10-F-s1,4.592108840135945,False,-1,4.379827542294293,4.379827542294293,4.379827542294293,0.0,15
scene-113-easy-00,pandaset,easy,cinque,fixed,pp-P2H10-F-s1,0.7371428571428571,1.0,0.78,1.0,0.74,1.0,0.7371428571428571,50,complete,40.2,0,2026-10-06 16:52:08,113,/root/autodl-tmp/ujs/runs/op_parity/hugsim/pp-P2H10-F-s1/zs/113_easy_00,exam,P2H10-F-s1,3.974062430132758,False,-1,12.822687929553181,13.665484368200234,13.665484368200234,0.0,50
scene-113792265837-easy-00,waymo,easy,cinque,fixed,pp-P2H10-F-s1,0.39295321205545336,0.48704993399790614,0.8666666666666667,0.8571428571428571,0.8285714285714286,0.8,0.8068027210884351,105,bg_collision,78.4,0,2026-10-06 16:49:07,113792265837_0_200,/root/autodl-tmp/ujs/runs/op_parity/hugsim/pp-P2H10-F-s1/zs/113792265837_0_200_easy_00,exam,P2H10-F-s1,145.4294505308646,True,91,5.5770825082075905,5.5770825082075905,2.619115797706275,0.02857142857142857,105
scene-124-extreme-01,pandaset,extreme,cinque,fixed,pp-P2H10-F-s1,0.9440993788819875,1.0,0.9565217391304348,1.0,1.0,0.9565217391304348,0.9440993788819875,69,complete,46.5,0,2026-10-06 16:53:35,124,/root/autodl-tmp/ujs/runs/op_parity/hugsim/pp-P2H10-F-s1/zs/124_extreme_01,exam,P2H10-F-s1,20.453098870455513,False,-1,9.476090090944206,9.476090090944206,8.73818216438452,0.0,69
scene-124-hard-01,pandaset,hard,cinque,fixed,pp-P2H10-F-s1,0.5469885187276492,0.6930171277997365,0.9,0.825,0.85,0.875,0.7892857142857144,80,off_route,69.3,0,2026-10-06 16:53:19,124,/root/autodl-tmp/ujs/runs/op_parity/hugsim/pp-P2H10-F-s1/zs/124_hard_01,exam,P2H10-F-s1,96.30098939551793,True,51,9.519998699830674,9.519998699830674,1.7041725746626626,0.1,80
scene-1290_1490-medium-01,kitti360,medium,cinque,fixed,pp-P2H10-F-s1,0.15922774543464197,0.39806936358660494,0.5857142857142857,0.9571428571428572,0.38571428571428573,1.0,0.39999999999999997,70,fg_collision,53.9,0,2026-10-06 16:50:45,0000_1290_1490,/root/autodl-tmp/ujs/runs/op_parity/hugsim/pp-P2H10-F-s1/zs/0000_1290_1490_medium_01,exam,P2H10-F-s1,2.485725870636326,False,-1,4.159287509511059,4.159287509511059,3.855811938595212,0.0,70
scene-132384196576-medium-01,waymo,medium,cinque,fixed,pp-P2H10-F-s1,0.579838826155061,0.6644843285547654,0.9711191335740073,0.8953068592057761,0.9530685920577617,0.8953068592057761,0.8726147498710678,277,bg_collision,200.1,0,2026-10-06 16:51:27,132384196576_0_200,/root/autodl-tmp/ujs/runs/op_parity/hugsim/pp-P2H10-F-s1/zs/132384196576_0_200_medium_01,exam,P2H10-F-s1,179.8023459785318,True,181,3.044641697859463,5.351008523662379,2.7740416995501085,0.0,277
scene-144248042870-extreme-00,waymo,extreme,cinque,fixed,pp-P2H10-F-s1,0.0,0.05289097247265296,0.35714285714285715,0.21428571428571427,0.2857142857142857,0.7142857142857143,0.0,14,fg_collision,18.9,0,2026-10-06 16:49:27,144248042870_0_200,/root/autodl-tmp/ujs/runs/op_parity/hugsim/pp-P2H10-F-s1/zs/144248042870_0_200_extreme_00,exam,P2H10-F-s1,8.132238966752416,False,-1,4.77817471480228,4.77817471480228,4.77817471480228,0.0,14
scene-150623512729-extreme-00,waymo,extreme,cinque,fixed,pp-P2H10-F-s1,0.07764292211046615,0.12832649626590933,0.6470588235294118,1.0,0.5882352941176471,1.0,0.6050420168067226,17,fg_collision,23.6,0,2026-10-06 16:49:41,150623512729_0_200,/root/autodl-tmp/ujs/runs/op_parity/hugsim/pp-P2H10-F-s1/zs/150623512729_0_200_extreme_00,exam,P2H10-F-s1,7.610867895238083,False,-1,5.911444915699984,5.911444915699984,5.911444915699984,0.0,17
scene-150623512729-medium-01,waymo,medium,cinque,fixed,pp-P2H10-F-s1,0.7715850619200035,0.8520037866834964,1.0,0.9598214285714286,0.9375,0.9151785714285714,0.9056122448979597,224,bg_collision,181.2,0,2026-10-06 16:51:09,150623512729_0_200,/root/autodl-tmp/ujs/runs/op_parity/hugsim/pp-P2H10-F-s1/zs/150623512729_0_200_medium_01,exam,P2H10-F-s1,149.74867240402423,True,215,4.988437522493376,6.483657211573186,2.895141954485445,0.0,224
scene-152217047339-extreme-00,waymo,extreme,cinque,fixed,pp-P2H10-F-s1,0.056034847331472556,0.20919676337083087,0.3125,1.0,0.375,1.0,0.26785714285714285,16,fg_collision,20.5,0,2026-10-06 16:49:48,152217047339_0_200,/root/autodl-tmp/ujs/runs/op_parity/hugsim/pp-P2H10-F-s1/zs/152217047339_0_200_extreme_00,exam,P2H10-F-s1,13.04145097235784,False,-1,4.07735788671934,4.07735788671934,4.07735788671934,0.0,16
scene-152217047339-medium-00,waymo,medium,cinque,fixed,pp-P2H10-F-s1,0.959349593495935,1.0,0.959349593495935,1.0,0.959349593495935,1.0,0.959349593495935,123,complete,408.9,0,2026-10-06 16:41:18,152217047339_0_200,/root/autodl-tmp/ujs/runs/op_parity/hugsim/pp-P2H10-F-s1/zs/152217047339_0_200_medium_00,exam,P2H10-F-s1,15.666485067023942,False,-1,3.6277590434676306,3.664668342073137,1.7007833651869735,0.0,123
scene-164701907483-easy-00,waymo,easy,cinque,fixed,pp-P2H10-F-s1,0.11987417425695888,0.24769181789239095,0.6938775510204082,0.4897959183673469,0.6530612244897959,0.6938775510204082,0.4839650145772595,49,bg_collision,30.8,0,2026-10-06 16:48:24,164701907483_0_200,/root/autodl-tmp/ujs/runs/op_parity/hugsim/pp-P2H10-F-s1/zs/164701907483_0_200_easy_00,exam,P2H10-F-s1,178.60413455055743,True,29,3.622294541564721,3.622294541564721,1.0507804048256364,0.0,49
scene-164701907483-hard-00,waymo,hard,cinque,fixed,pp-P2H10-F-s1,0.5483193277310923,1.0,0.5980392156862745,0.7794117647058824,0.553921568627451,0.7598039215686274,0.5483193277310923,204,complete,142.1,0,2026-10-06 16:51:28,164701907483_0_200,/root/autodl-tmp/ujs/runs/op_parity/hugsim/pp-P2H10-F-s1/zs/164701907483_0_200_hard_00,exam,P2H10-F-s1,179.88243312956214,True,95,3.3948275362224227,6.635775917622418,3.79315067819612,0.0196078431372549,204
scene-166085257829-extreme-00,waymo,extreme,cinque,fixed,pp-P2H10-F-s1,0.08063561782570046,0.20696475241929788,0.45454545454545453,1.0,0.36363636363636365,1.0,0.3896103896103896,22,fg_collision,28.3,0,2026-10-06 16:50:09,166085257829_0_200,/root/autodl-tmp/ujs/runs/op_parity/hugsim/pp-P2H10-F-s1/zs/166085257829_0_200_extreme_00,exam,P2H10-F-s1,9.412559945352468,False,-1,5.577185117266793,5.577185117266793,2.701716870584903,0.0,22
scene-250_450-hard-00,kitti360,hard,cinque,fixed,pp-P2H10-F-s1,0.017111214294312886,0.07985233337346014,0.5555555555555556,0.6666666666666666,0.2777777777777778,1.0,0.21428571428571427,18,fg_collision,22.0,0,2026-10-06 16:51:07,0000_250_450,/root/autodl-tmp/ujs/runs/op_parity/hugsim/pp-P2H10-F-s1/zs/0000_250_450_hard_00,exam,P2H10-F-s1,8.150675357335318,False,-1,6.389749494868575,6.389749494868575,6.389749494868575,0.0,18
scene-2510_2710-extreme-00,kitti360,extreme,cinque,fixed,pp-P2H10-F-s1,0.006945374213415449,0.0864313235447256,0.125,1.0,0.0625,1.0,0.08035714285714285,16,fg_collision,17.2,0,2026-10-06 16:51:27,0000_2510_2710,/root/autodl-tmp/ujs/runs/op_parity/hugsim/pp-P2H10-F-s1/zs/0000_2510_2710_extreme_00,exam,P2H10-F-s1,4.866706908002567,False,-1,5.250271116886709,5.250271116886709,5.250271116886709,0.0,16
scene-2510_2710-hard-00,kitti360,hard,cinque,fixed,pp-P2H10-F-s1,0.0,0.06213336110243327,0.06666666666666667,0.9333333333333333,0.06666666666666667,1.0,0.0,15,fg_collision,17.7,0,2026-10-06 16:51:19,0000_2510_2710,/root/autodl-tmp/ujs/runs/op_parity/hugsim/pp-P2H10-F-s1/zs/0000_2510_2710_hard_00,exam,P2H10-F-s1,5.906560955970135,False,-1,3.4680825880444193,3.4680825880444193,3.4680825880444193,0.0,15
scene-2800_3000-easy-00,kitti360,easy,cinque,fixed,pp-P2H10-F-s1,0.5330192539428006,0.9134313355949238,0.6779661016949152,0.8135593220338984,0.711864406779661,0.9491525423728814,0.5835351089588378,59,bg_collision,54.9,0,2026-10-06 16:50:43,0000_2800_3000,/root/autodl-tmp/ujs/runs/op_parity/hugsim/pp-P2H10-F-s1/zs/0000_2800_3000_easy_00,exam,P2H10-F-s1,46.34982207638077,False,-1,12.545005017392558,13.257541517530536,5.591943681413534,0.0,59
scene-3000_3200-hard-00,kitti360,hard,cinque,fixed,pp-P2H10-F-s1,0.04355985936810148,0.20734493059216308,0.6470588235294118,0.6470588235294118,0.5294117647058824,1.0,0.21008403361344535,17,fg_collision,18.0,0,2026-10-06 16:51:20,0000_3000_3200,/root/autodl-tmp/ujs/runs/op_parity/hugsim/pp-P2H10-F-s1/zs/0000_3000_3200_hard_00,exam,P2H10-F-s1,2.2317558855326873,False,-1,8.305804644390593,8.305804644390593,8.305804644390593,0.0,17
scene-3000_3200-medium-00,kitti360,medium,cinque,fixed,pp-P2H10-F-s1,0.08314315618755122,0.3432320037486089,0.6086956521739131,0.6956521739130435,0.5217391304347826,1.0,0.24223602484472048,23,bg_collision,23.7,0,2026-10-06 16:50:33,0000_3000_3200,/root/autodl-tmp/ujs/runs/op_parity/hugsim/pp-P2H10-F-s1/zs/0000_3000_3200_medium_00,exam,P2H10-F-s1,4.628536881470608,False,-1,10.049595735156334,10.049595735156334,10.049595735156334,0.0,23
scene-322492347634-easy-00,waymo,easy,cinque,fixed,pp-P2H10-F-s1,0.4869729578795885,0.6645617200420989,0.8,0.9176470588235294,0.7529411764705882,0.8235294117647058,0.7327731092436975,85,bg_collision,72.2,0,2026-10-06 16:49:17,322492347634_0_200,/root/autodl-tmp/ujs/runs/op_parity/hugsim/pp-P2H10-F-s1/zs/322492347634_0_200_easy_00,exam,P2H10-F-s1,81.65085887045404,True,80,7.229677170239689,8.774026190800472,1.9867146362619723,0.0,85
scene-3400_3600-extreme-00,kitti360,extreme,cinque,fixed,pp-P2H10-F-s1,0.0,0.1012512711677057,0.35294117647058826,0.5882352941176471,0.23529411764705882,1.0,0.0,17,fg_collision,14.0,0,2026-10-06 16:51:33,0000_3400_3600,/root/autodl-tmp/ujs/runs/op_parity/hugsim/pp-P2H10-F-s1/zs/0000_3400_3600_extreme_00,exam,P2H10-F-s1,1.6795588498498648,False,-1,4.420007729679073,4.420007729679073,4.420007729679073,0.0,17
scene-3400_3600-hard-00,kitti360,hard,cinque,fixed,pp-P2H10-F-s1,0.05355146435812685,0.2560021222973869,0.5,0.7857142857142857,0.39285714285714285,1.0,0.20918367346938774,28,fg_collision,21.0,0,2026-10-06 16:51:28,0000_3400_3600,/root/autodl-tmp/ujs/runs/op_parity/hugsim/pp-P2H10-F-s1/zs/0000_3400_3600_hard_00,exam,P2H10-F-s1,3.091260816627089,False,-1,7.544810700175329,7.544810700175329,3.9276703184032624,0.0,28
scene-398895700423-easy-00,waymo,easy,cinque,fixed,pp-P2H10-F-s1,0.1526644298522448,0.3076419571264932,0.8245614035087719,0.5263157894736842,0.7192982456140351,0.8421052631578947,0.4962406015037595,57,off_route,59.0,0,2026-10-06 16:49:05,398895700423_0_200,/root/autodl-tmp/ujs/runs/op_parity/hugsim/pp-P2H10-F-s1/zs/398895700423_0_200_easy_00,exam,P2H10-F-s1,82.9012321892876,True,35,5.204342328142617,5.204342328142617,1.9453695449200794,0.0,57
scene-570_770-easy-00,kitti360,easy,cinque,fixed,pp-P2H10-F-s1,0.21043296582718943,0.4769813892082961,0.8529411764705882,0.4411764705882353,0.8529411764705882,1.0,0.4411764705882353,34,bg_collision,373.3,0,2026-10-06 16:40:43,0000_570_770,/root/autodl-tmp/ujs/runs/op_parity/hugsim/pp-P2H10-F-s1/zs/0000_570_770_easy_00,exam,P2H10-F-s1,46.04676594542288,False,-1,13.773204143770386,13.773204143770386,11.104355890215587,0.0,34
scene-570_770-medium-00,kitti360,medium,cinque,fixed,pp-P2H10-F-s1,0.20905830071903553,0.4786848941697543,0.8285714285714286,0.45714285714285713,0.8285714285714286,1.0,0.436734693877551,35,bg_collision,28.9,0,2026-10-06 16:51:02,0000_570_770,/root/autodl-tmp/ujs/runs/op_parity/hugsim/pp-P2H10-F-s1/zs/0000_570_770_medium_00,exam,P2H10-F-s1,48.912936126540906,False,-1,13.766072627964764,13.766072627964764,11.328290221000598,0.0,35
scene-5980_6180-easy-00,kitti360,easy,cinque,fixed,pp-P2H10-F-s1,0.8731942215088283,1.0,0.9325842696629213,0.9101123595505618,0.9438202247191011,0.9887640449438202,0.8731942215088283,89,complete,390.0,0,2026-10-06 16:47:05,0000_5980_6180,/root/autodl-tmp/ujs/runs/op_parity/hugsim/pp-P2H10-F-s1/zs/0000_5980_6180_easy_00,exam,P2H10-F-s1,10.501203832825095,False,-1,9.184555864243526,13.559791851276358,12.15519685965683,0.0,89
scene-5980_6180-extreme-00,kitti360,extreme,cinque,fixed,pp-P2H10-F-s1,0.00710442969326218,0.11367087509219488,0.375,0.6875,0.25,1.0,0.0625,16,fg_collision,14.1,0,2026-10-06 16:51:34,0000_5980_6180,/root/autodl-tmp/ujs/runs/op_parity/hugsim/pp-P2H10-F-s1/zs/0000_5980_6180_extreme_00,exam,P2H10-F-s1,4.421035355946129,False,-1,4.9624887025776045,4.9624887025776045,4.9624887025776045,0.0,16
scene-6580_6780-medium-01,kitti360,medium,cinque,fixed,pp-P2H10-F-s1,0.0,0.04205183976798985,0.0,1.0,0.0,1.0,0.0,12,bg_collision,18.6,0,2026-10-06 16:51:01,0000_6580_6780,/root/autodl-tmp/ujs/runs/op_parity/hugsim/pp-P2H10-F-s1/zs/0000_6580_6780_medium_01,exam,P2H10-F-s1,2.788878671562997,False,-1,4.8196124666237825,4.8196124666237825,4.8196124666237825,0.0,12
scene-770_970-extreme-00,kitti360,extreme,cinque,fixed,pp-P2H10-F-s1,0.019018560894991102,0.19018560894991102,0.15,0.9,0.1,1.0,0.1,20,fg_collision,22.6,0,2026-10-06 16:51:49,0000_770_970,/root/autodl-tmp/ujs/runs/op_parity/hugsim/pp-P2H10-F-s1/zs/0000_770_970_extreme_00,exam,P2H10-F-s1,4.830435100177035,False,-1,6.404347590140138,6.404347590140138,6.212855436754313,0.0,20
scene-8440_8640-easy-00,kitti360,easy,cinque,fixed,pp-P2H10-F-s1,0.6647100296774828,0.8739705945759496,0.9154929577464789,0.8309859154929577,0.8591549295774648,0.971830985915493,0.7605633802816901,71,bg_collision,378.8,0,2026-10-06 16:47:00,0000_8440_8640,/root/autodl-tmp/ujs/runs/op_parity/hugsim/pp-P2H10-F-s1/zs/0000_8440_8640_easy_00,exam,P2H10-F-s1,10.51223575326157,False,-1,10.329554259213594,10.390002038357816,6.425702205672464,0.0,71
scene-881121006469-hard-00,waymo,hard,cinque,fixed,pp-P2H10-F-s1,0.4777520154185291,0.6578880212320727,0.8958333333333334,0.7916666666666666,0.8541666666666666,0.7708333333333334,0.7261904761904764,48,bg_collision,43.5,0,2026-10-06 16:49:51,881121006469_0_200,/root/autodl-tmp/ujs/runs/op_parity/hugsim/pp-P2H10-F-s1/zs/881121006469_0_200_hard_00,exam,P2H10-F-s1,94.3413195633877,True,38,7.211067527564621,7.211067527564621,2.531660248373711,0.0,48
scene-0013-extreme-00,nuscenes,extreme,cinque,opctrl,pp-spec-P0,0.01479114897645249,0.03106141285055023,0.5555555555555556,1.0,0.4444444444444444,1.0,0.47619047619047616,18,fg_collision,19.3,0,2026-10-06 03:30:06,scene-0013,/root/autodl-tmp/ujs/runs/op_parity/hugsim/pp-spec-P0/zs/scene-0013_extreme_00,spec,P0,1.0641902765591917,False,-1,1.240956420122678,1.240956420122678,0.046846383432140204,0.3333333333333333,18
scene-0013-medium-00,nuscenes,medium,cinque,opctrl,pp-spec-P0,1.0,1.0,1.0,1.0,1.0,1.0,1.0,50,complete,181.6,0,2026-10-05 22:17:01,scene-0013,/root/autodl-tmp/ujs/runs/op_parity/hugsim/pp-spec-P0/zs/scene-0013_medium_00,spec,P0,1.874162395008968,False,-1,11.948917080587892,18.22239729841771,18.22239729841771,0.0,50
scene-0041-medium-00,nuscenes,medium,cinque,opctrl,pp-spec-P0,0.1301976823449216,0.1301976823449216,1.0,1.0,1.0,1.0,1.0,400,max_steps,299.5,0,2026-10-05 22:25:18,scene-0041,/root/autodl-tmp/ujs/runs/op_parity/hugsim/pp-spec-P0/zs/scene-0041_medium_00,spec,P0,5.512949106444891,False,-1,3.626622463851881,3.626622463851881,0.008073153368823261,0.9375,400
scene-0051-easy-00,nuscenes,easy,cinque,opctrl,pp-spec-P0,1.0,1.0,1.0,1.0,1.0,1.0,1.0,57,complete,403.8,0,2026-10-06 03:29:54,scene-0051,/root/autodl-tmp/ujs/runs/op_parity/hugsim/pp-spec-P0/zs/scene-0051_easy_00,spec,P0,2.7583398398833787,False,-1,11.31919998200265,11.31919998200265,9.314585875474187,0.0,57
scene-0138-extreme-00,nuscenes,extreme,cinque,opctrl,pp-spec-P0,0.04825341361703013,0.05730092867022328,0.8421052631578947,1.0,0.8421052631578947,1.0,0.8421052631578947,38,fg_collision,37.0,0,2026-10-06 03:30:25,scene-0138,/root/autodl-tmp/ujs/runs/op_parity/hugsim/pp-spec-P0/zs/scene-0138_extreme_00,spec,P0,0.4227871667669922,False,-1,1.8225174838605145,1.8225174838605145,0.016284043630494953,0.5263157894736842,38
scene-0166-easy-00,nuscenes,easy,cinque,opctrl,pp-spec-P0,1.0,1.0,1.0,1.0,1.0,1.0,1.0,65,complete,410.5,0,2026-10-06 03:30:01,scene-0166,/root/autodl-tmp/ujs/runs/op_parity/hugsim/pp-spec-P0/zs/scene-0166_easy_00,spec,P0,1.6836944068771122,False,-1,10.3334995520659,10.3334995520659,6.915113646002264,0.0,65
scene-0167-easy-00,nuscenes,easy,cinque,opctrl,pp-spec-P0,1.0,1.0,1.0,1.0,1.0,1.0,1.0,74,complete,412.7,0,2026-10-06 03:30:03,scene-0167,/root/autodl-tmp/ujs/runs/op_parity/hugsim/pp-spec-P0/zs/scene-0167_easy_00,spec,P0,2.1553920315741717,False,-1,11.406419176459927,11.406419176459927,7.994519622299524,0.0,74
scene-021-extreme-02,pandaset,extreme,cinque,opctrl,pp-spec-P0,0.020494803103498757,0.026350461133069828,0.7777777777777778,1.0,0.7777777777777778,1.0,0.7777777777777778,27,fg_collision,39.7,0,2026-10-06 03:33:15,021,/root/autodl-tmp/ujs/runs/op_parity/hugsim/pp-spec-P0/zs/021_extreme_02,spec,P0,0.2359683661052998,False,-1,1.0,1.0,0.13248028971383927,0.6296296296296297,27
scene-0254-extreme-00,nuscenes,extreme,cinque,opctrl,pp-spec-P0,0.029854778790949,0.035123269165822354,0.85,1.0,0.85,1.0,0.85,40,fg_collision,178.8,0,2026-10-05 22:16:58,scene-0254,/root/autodl-tmp/ujs/runs/op_parity/hugsim/pp-spec-P0/zs/scene-0254_extreme_00,spec,P0,1.4966800578572264,False,-1,1.2736990786212878,1.2736990786212878,0.015845042739699677,0.475,40
scene-0254-hard-00,nuscenes,hard,cinque,opctrl,pp-spec-P0,0.06214116852414725,0.06214116852414725,1.0,1.0,1.0,1.0,1.0,400,max_steps,348.8,0,2026-10-05 22:26:08,scene-0254,/root/autodl-tmp/ujs/runs/op_parity/hugsim/pp-spec-P0/zs/scene-0254_hard_00,spec,P0,2.284230736645083,False,-1,1.7534620403774197,1.7534620403774197,0.00920466581471139,0.9375,400
scene-032-medium-00,pandaset,medium,cinque,opctrl,pp-spec-P0,0.12642614862781376,0.12642614862781376,1.0,1.0,1.0,1.0,1.0,400,max_steps,283.4,0,2026-10-05 22:25:19,032,/root/autodl-tmp/ujs/runs/op_parity/hugsim/pp-spec-P0/zs/032_medium_00,spec,P0,0.3025179382173324,False,-1,1.7849699835415114,1.7849699835415114,0.00847922454562234,0.9525,400
scene-032-medium-02,pandaset,medium,cinque,opctrl,pp-spec-P0,0.22098879638195087,0.22098879638195087,1.0,1.0,1.0,1.0,1.0,400,max_steps,291.2,0,2026-10-05 22:25:34,032,/root/autodl-tmp/ujs/runs/op_parity/hugsim/pp-spec-P0/zs/032_medium_02,spec,P0,0.9374026770875229,False,-1,2.7140259747296396,2.7140259747296396,0.012014790069230985,0.935,400
scene-034-easy-00,pandaset,easy,cinque,opctrl,pp-spec-P0,0.8923853441244746,0.9257795344751867,0.9675,1.0,0.9675,1.0,0.9639285714285714,400,max_steps,265.1,0,2026-10-05 22:29:26,034,/root/autodl-tmp/ujs/runs/op_parity/hugsim/pp-spec-P0/zs/034_easy_00,spec,P0,1.4520109728909865,False,-1,9.483855421856969,9.483855421856969,0.016379790693953542,0.875,400
scene-034-hard-00,pandaset,hard,cinque,opctrl,pp-spec-P0,0.07123193761581885,0.08344312692138779,0.8536585365853658,1.0,0.8536585365853658,1.0,0.8536585365853658,41,fg_collision,40.5,0,2026-10-06 03:32:35,034,/root/autodl-tmp/ujs/runs/op_parity/hugsim/pp-spec-P0/zs/034_hard_00,spec,P0,0.9160992409437989,False,-1,1.1901905244520856,1.1901905244520856,0.03735125408656397,0.4878048780487805,41
scene-034-hard-01,pandaset,hard,cinque,opctrl,pp-spec-P0,0.8123796975970888,0.8449714536671058,0.965,1.0,0.9625,1.0,0.9614285714285714,400,max_steps,283.3,0,2026-10-05 22:30:02,034,/root/autodl-tmp/ujs/runs/op_parity/hugsim/pp-spec-P0/zs/034_hard_01,spec,P0,1.5277654867158796,False,-1,7.235389245836762,8.0727319423173,0.007008221503946404,0.835,400
scene-039-easy-00,pandaset,easy,cinque,opctrl,pp-spec-P0,1.0,1.0,1.0,1.0,1.0,1.0,1.0,59,complete,53.4,0,2026-10-06 03:32:46,039,/root/autodl-tmp/ujs/runs/op_parity/hugsim/pp-spec-P0/zs/039_easy_00,spec,P0,1.337719276930623,False,-1,4.414871785107949,10.991552475610622,10.48445841670267,0.0,59
scene-040-easy-00,pandaset,easy,cinque,opctrl,pp-spec-P0,1.0,1.0,1.0,1.0,1.0,1.0,1.0,185,complete,105.8,0,2026-10-05 22:20:04,040,/root/autodl-tmp/ujs/runs/op_parity/hugsim/pp-spec-P0/zs/040_easy_00,spec,P0,5.571530947336612,False,-1,2.524854700978478,2.7747889190554926,0.918669334397191,0.10810810810810811,185
scene-0411-easy-00,nuscenes,easy,cinque,opctrl,pp-spec-P0,0.8850174216027874,1.0,0.9024390243902439,1.0,0.8780487804878049,1.0,0.8850174216027874,41,complete,396.5,0,2026-10-06 03:29:47,scene-0411,/root/autodl-tmp/ujs/runs/op_parity/hugsim/pp-spec-P0/zs/scene-0411_easy_00,spec,P0,1.1251735178817073,False,-1,15.225126077138714,15.225126077138714,14.987255439307257,0.0,41
scene-0411-hard-00,nuscenes,hard,cinque,opctrl,pp-spec-P0,0.8850174216027874,1.0,0.9024390243902439,1.0,0.8780487804878049,1.0,0.8850174216027874,41,complete,400.2,0,2026-10-06 03:29:50,scene-0411,/root/autodl-tmp/ujs/runs/op_parity/hugsim/pp-spec-P0/zs/scene-0411_hard_00,spec,P0,1.1253342254353025,False,-1,15.346741292872942,15.346741292872942,15.090286720475929,0.0,41
scene-0411-medium-00,nuscenes,medium,cinque,opctrl,pp-spec-P0,0.06218202374222724,0.06218202374222724,1.0,1.0,1.0,1.0,1.0,400,max_steps,287.1,0,2026-10-05 22:30:06,scene-0411,/root/autodl-tmp/ujs/runs/op_parity/hugsim/pp-spec-P0/zs/scene-0411_medium_00,spec,P0,1.0037232801390352,False,-1,2.4186326186005496,2.4186326186005496,0.009278341114010224,0.95,400
scene-0418-hard-00,nuscenes,hard,cinque,opctrl,pp-spec-P0,0.0021968081669574203,0.18091361374943463,0.0175,1.0,0.01,1.0,0.012142857142857143,400,max_steps,275.8,0,2026-10-05 22:30:10,scene-0418,/root/autodl-tmp/ujs/runs/op_parity/hugsim/pp-spec-P0/zs/scene-0418_hard_00,spec,P0,0.48428118225128136,False,-1,2.7914122683501623,2.7914122683501623,0.009352717787538288,0.93,400
scene-0528-extreme-00,nuscenes,extreme,cinque,opctrl,pp-spec-P0,0.09109899036787744,0.1417095405722538,0.6428571428571429,1.0,0.6428571428571429,0.9642857142857143,0.6428571428571429,28,fg_collision,29.3,0,2026-10-06 03:30:20,scene-0528,/root/autodl-tmp/ujs/runs/op_parity/hugsim/pp-spec-P0/zs/scene-0528_extreme_00,spec,P0,2.1099519675750433,False,-1,1.684937103513099,1.684937103513099,0.5109591823279818,0.32142857142857145,28
scene-0528-medium-00,nuscenes,medium,cinque,opctrl,pp-spec-P0,0.1525408430363751,0.1525408430363751,1.0,1.0,1.0,1.0,1.0,400,max_steps,379.0,0,2026-10-05 22:20:19,scene-0528,/root/autodl-tmp/ujs/runs/op_parity/hugsim/pp-spec-P0/zs/scene-0528_medium_00,spec,P0,2.551070865857796,False,-1,1.532363447386831,1.532363447386831,0.009529620076915237,0.9475,400
scene-053-extreme-02,pandaset,extreme,cinque,opctrl,pp-spec-P0,0.029577048210588583,0.07905138339920949,0.47619047619047616,1.0,0.3333333333333333,1.0,0.37414965986394555,21,fg_collision,33.2,0,2026-10-06 03:33:20,053,/root/autodl-tmp/ujs/runs/op_parity/hugsim/pp-spec-P0/zs/053_extreme_02,spec,P0,0.43384779629198433,False,-1,2.0560556826638225,2.0560556826638225,0.13886926208092742,0.19047619047619047,21
scene-053-medium-02,pandaset,medium,cinque,opctrl,pp-spec-P0,0.7035573122529645,0.7035573122529645,1.0,1.0,1.0,1.0,1.0,400,max_steps,297.3,0,2026-10-05 22:25:01,053,/root/autodl-tmp/ujs/runs/op_parity/hugsim/pp-spec-P0/zs/053_medium_02,spec,P0,2.7820988195397645,False,-1,4.519409447788739,4.519409447788739,0.008585169780519293,0.7475,400
scene-090-hard-01,pandaset,hard,cinque,opctrl,pp-spec-P0,0.03281539415832288,0.04216155072240218,0.8275862068965517,1.0,0.7586206896551724,1.0,0.7783251231527094,29,fg_collision,33.9,0,2026-10-06 03:32:51,090,/root/autodl-tmp/ujs/runs/op_parity/hugsim/pp-spec-P0/zs/090_hard_01,spec,P0,0.9644951405607762,False,-1,2.176284176020148,2.176284176020148,0.041952852601441055,0.3103448275862069,29
scene-0930-hard-00,nuscenes,hard,cinque,opctrl,pp-spec-P0,0.2655912664466984,0.30985647752114814,0.8571428571428571,1.0,0.8571428571428571,1.0,0.8571428571428571,35,fg_collision,397.6,0,2026-10-06 03:29:48,scene-0930,/root/autodl-tmp/ujs/runs/op_parity/hugsim/pp-spec-P0/zs/scene-0930_hard_00,spec,P0,6.976463145801062,False,-1,5.013167950693376,5.013167950693376,0.16118930779107793,0.05714285714285714,35
scene-095-extreme-01,pandaset,extreme,cinque,opctrl,pp-spec-P0,0.28363867905415185,0.3183699458771092,0.8909090909090909,1.0,0.8909090909090909,1.0,0.8909090909090909,55,fg_collision,54.8,0,2026-10-06 03:33:45,095,/root/autodl-tmp/ujs/runs/op_parity/hugsim/pp-spec-P0/zs/095_extreme_01,spec,P0,0.8510417884350965,False,-1,4.874580805044245,4.874580805044245,0.03662889088365741,0.18181818181818182,55
scene-095-medium-01,pandaset,medium,cinque,opctrl,pp-spec-P0,0.1973893664438077,0.1973893664438077,1.0,1.0,1.0,1.0,1.0,400,max_steps,340.6,0,2026-10-05 22:31:49,095,/root/autodl-tmp/ujs/runs/op_parity/hugsim/pp-spec-P0/zs/095_medium_01,spec,P0,0.3743842650622456,False,-1,2.0168168351293234,2.0168168351293234,0.010874703992269613,0.86,400
scene-100613054308-hard-00,waymo,hard,cinque,opctrl,pp-spec-P0,0.1935534964758058,0.22333095747208362,0.8666666666666667,1.0,0.8666666666666667,1.0,0.8666666666666667,45,fg_collision,45.7,0,2026-10-06 03:30:40,100613054308_0_200,/root/autodl-tmp/ujs/runs/op_parity/hugsim/pp-spec-P0/zs/100613054308_0_200_hard_00,spec,P0,11.095523777948463,False,-1,1.0,1.0,0.003420268777240486,0.8444444444444444,45
scene-102751446607-medium-01,waymo,medium,cinque,opctrl,pp-spec-P0,0.14999330387036294,0.14999330387036294,1.0,1.0,1.0,1.0,1.0,400,max_steps,396.1,0,2026-10-05 22:20:36,102751446607_0_200,/root/autodl-tmp/ujs/runs/op_parity/hugsim/pp-spec-P0/zs/102751446607_0_200_medium_01,spec,P0,1.1516451682129423,False,-1,1.1378538118238797,1.1378538118238797,0.009226741125238153,0.955,400
scene-106762673266-hard-00,waymo,hard,cinque,opctrl,pp-spec-P0,0.04879980785473308,0.06350231406737702,0.7931034482758621,1.0,0.7586206896551724,1.0,0.7684729064039408,29,fg_collision,35.2,0,2026-10-06 03:30:36,106762673266_0_200,/root/autodl-tmp/ujs/runs/op_parity/hugsim/pp-spec-P0/zs/106762673266_0_200_hard_00,spec,P0,3.7992980145264235,False,-1,1.0,1.0,0.03029830890112502,0.6896551724137931,29
scene-113-easy-00,pandaset,easy,cinque,opctrl,pp-spec-P0,0.12872896621413824,0.12872896621413824,1.0,1.0,1.0,1.0,1.0,400,max_steps,267.1,0,2026-10-05 22:33:53,113,/root/autodl-tmp/ujs/runs/op_parity/hugsim/pp-spec-P0/zs/113_easy_00,spec,P0,0.23674116605678466,False,-1,3.5481198925441615,3.5481198925441615,0.005506049574056592,0.935,400
scene-113792265837-easy-00,waymo,easy,cinque,opctrl,pp-spec-P0,0.11152077927989439,0.11152077927989439,1.0,1.0,1.0,1.0,1.0,400,max_steps,261.5,0,2026-10-05 22:34:23,113792265837_0_200,/root/autodl-tmp/ujs/runs/op_parity/hugsim/pp-spec-P0/zs/113792265837_0_200_easy_00,spec,P0,5.207689555359557,False,-1,1.9668242939750846,1.9668242939750846,0.005005572078472019,0.95,400
scene-124-extreme-01,pandaset,extreme,cinque,opctrl,pp-spec-P0,0.09676453334006002,0.11155028546332894,0.8969072164948454,1.0,0.8556701030927835,1.0,0.8674521354933727,97,fg_collision,76.4,0,2026-10-06 03:34:12,124,/root/autodl-tmp/ujs/runs/op_parity/hugsim/pp-spec-P0/zs/124_extreme_01,spec,P0,0.19369956095955243,False,-1,2.152003962553485,2.152003962553485,1.7511884520765832,0.6907216494845361,97
scene-124-hard-01,pandaset,hard,cinque,opctrl,pp-spec-P0,0.033292249281029085,0.041282389108476064,0.8064516129032258,1.0,0.8064516129032258,1.0,0.8064516129032258,31,fg_collision,35.6,0,2026-10-06 03:32:56,124,/root/autodl-tmp/ujs/runs/op_parity/hugsim/pp-spec-P0/zs/124_hard_01,spec,P0,0.11066891135182652,False,-1,1.397842228507464,1.397842228507464,0.016113393434524455,0.4838709677419355,31
scene-1290_1490-medium-01,kitti360,medium,cinque,opctrl,pp-spec-P0,0.4630308958995678,0.48763497039359105,0.9829787234042553,0.9787234042553191,0.9659574468085106,0.9914893617021276,0.9495440729483281,235,bg_collision,163.6,0,2026-10-06 03:33:23,0000_1290_1490,/root/autodl-tmp/ujs/runs/op_parity/hugsim/pp-spec-P0/zs/0000_1290_1490_medium_01,spec,P0,30.225509972918196,False,-1,2.3378864787334113,3.3553816673573302,3.3553816673573302,0.26382978723404255,235
scene-132384196576-medium-01,waymo,medium,cinque,opctrl,pp-spec-P0,0.10573051886969935,0.10573051886969935,1.0,1.0,1.0,1.0,1.0,400,max_steps,256.4,0,2026-10-05 22:34:23,132384196576_0_200,/root/autodl-tmp/ujs/runs/op_parity/hugsim/pp-spec-P0/zs/132384196576_0_200_medium_01,spec,P0,3.3014362801001558,False,-1,1.5176030612477622,1.5176030612477622,-0.0011889214341144465,0.94,400
scene-144248042870-extreme-00,waymo,extreme,cinque,opctrl,pp-spec-P0,0.0,0.01121929719116881,0.5,0.0,0.45,1.0,0.0,20,fg_collision,25.2,0,2026-10-06 03:30:31,144248042870_0_200,/root/autodl-tmp/ujs/runs/op_parity/hugsim/pp-spec-P0/zs/144248042870_0_200_extreme_00,spec,P0,20.002889014370588,False,-1,1.0672547495049383,1.0672547495049383,0.03735822318677842,0.35,20
scene-150623512729-extreme-00,waymo,extreme,cinque,opctrl,pp-spec-P0,0.05417061112864205,0.07222748150485607,0.75,1.0,0.75,1.0,0.75,24,fg_collision,28.2,0,2026-10-06 03:30:48,150623512729_0_200,/root/autodl-tmp/ujs/runs/op_parity/hugsim/pp-spec-P0/zs/150623512729_0_200_extreme_00,spec,P0,2.4465297852086128,False,-1,1.171739265006728,1.171739265006728,0.07009394732518064,0.375,24
scene-150623512729-medium-01,waymo,medium,cinque,opctrl,pp-spec-P0,0.08835594824865889,0.08835594824865889,1.0,1.0,1.0,1.0,1.0,400,max_steps,277.3,0,2026-10-05 22:34:47,150623512729_0_200,/root/autodl-tmp/ujs/runs/op_parity/hugsim/pp-spec-P0/zs/150623512729_0_200_medium_01,spec,P0,2.4465297852086128,False,-1,1.702579208806848,1.702579208806848,0.00849212966219254,0.9525,400
scene-152217047339-extreme-00,waymo,extreme,cinque,opctrl,pp-spec-P0,0.04797369385571685,0.1203868166567989,0.47368421052631576,1.0,0.3684210526315789,1.0,0.39849624060150374,19,fg_collision,22.4,0,2026-10-06 03:30:47,152217047339_0_200,/root/autodl-tmp/ujs/runs/op_parity/hugsim/pp-spec-P0/zs/152217047339_0_200_extreme_00,spec,P0,2.389234005695537,False,-1,1.1452623303600125,1.1452623303600125,0.0604776361177366,0.2631578947368421,19
scene-152217047339-medium-00,waymo,medium,cinque,opctrl,pp-spec-P0,0.12532070258535624,0.12532070258535624,1.0,1.0,1.0,1.0,1.0,400,max_steps,379.4,0,2026-10-05 22:20:19,152217047339_0_200,/root/autodl-tmp/ujs/runs/op_parity/hugsim/pp-spec-P0/zs/152217047339_0_200_medium_00,spec,P0,2.389234005695537,False,-1,1.0,1.0,0.006104090440907878,0.965,400
scene-164701907483-easy-00,waymo,easy,cinque,opctrl,pp-spec-P0,0.1069723018147087,0.1069723018147087,1.0,1.0,1.0,1.0,1.0,400,max_steps,228.1,0,2026-10-05 22:35:37,164701907483_0_200,/root/autodl-tmp/ujs/runs/op_parity/hugsim/pp-spec-P0/zs/164701907483_0_200_easy_00,spec,P0,5.693537611215812,False,-1,1.0,1.0,0.0062064814749915945,0.9675,400
scene-164701907483-hard-00,waymo,hard,cinque,opctrl,pp-spec-P0,0.16300541228907992,0.16300541228907992,1.0,1.0,1.0,1.0,1.0,400,max_steps,272.9,0,2026-10-05 22:38:26,164701907483_0_200,/root/autodl-tmp/ujs/runs/op_parity/hugsim/pp-spec-P0/zs/164701907483_0_200_hard_00,spec,P0,10.14066119311539,False,-1,1.7103870826609577,1.728956555467961,0.007012475505218605,0.9125,400
scene-166085257829-extreme-00,waymo,extreme,cinque,opctrl,pp-spec-P0,0.053220899615883936,0.067104612559158,0.7931034482758621,1.0,0.7931034482758621,1.0,0.7931034482758621,29,fg_collision,31.1,0,2026-10-06 03:31:02,166085257829_0_200,/root/autodl-tmp/ujs/runs/op_parity/hugsim/pp-spec-P0/zs/166085257829_0_200_extreme_00,spec,P0,11.617757672948708,False,-1,1.0,1.0,0.00496629762703505,0.6206896551724138,29
scene-250_450-hard-00,kitti360,hard,cinque,opctrl,pp-spec-P0,0.0,0.03089763653143935,0.10256410256410256,0.7948717948717948,0.07692307692307693,1.0,0.0,39,fg_collision,37.4,0,2026-10-06 03:31:28,0000_250_450,/root/autodl-tmp/ujs/runs/op_parity/hugsim/pp-spec-P0/zs/0000_250_450_hard_00,spec,P0,3.3219538984048276,False,-1,2.136770202963276,2.136770202963276,0.6545979042333396,0.5128205128205128,39
scene-2510_2710-extreme-00,kitti360,extreme,cinque,opctrl,pp-spec-P0,0.004946370925752369,0.03957096740601895,0.125,0.9583333333333334,0.125,1.0,0.125,24,fg_collision,27.8,0,2026-10-06 03:31:51,0000_2510_2710,/root/autodl-tmp/ujs/runs/op_parity/hugsim/pp-spec-P0/zs/0000_2510_2710_extreme_00,spec,P0,4.816884426803365,False,-1,1.5512089283376556,1.5512089283376556,0.04493555827056872,0.3333333333333333,24
scene-2510_2710-hard-00,kitti360,hard,cinque,opctrl,pp-spec-P0,0.0033878301919539034,0.04234787739942379,0.0925,0.9875,0.0925,1.0,0.08,400,max_steps,254.4,0,2026-10-05 22:38:37,0000_2510_2710,/root/autodl-tmp/ujs/runs/op_parity/hugsim/pp-spec-P0/zs/0000_2510_2710_hard_00,spec,P0,4.4689999435898775,False,-1,1.0212309565124111,1.0212309565124111,0.007529358348761453,0.9525,400
scene-2800_3000-easy-00,kitti360,easy,cinque,opctrl,pp-spec-P0,0.7942857142857143,1.0,0.84,0.96,0.848,1.0,0.7942857142857143,125,complete,100.8,0,2026-10-06 03:32:17,0000_2800_3000,/root/autodl-tmp/ujs/runs/op_parity/hugsim/pp-spec-P0/zs/0000_2800_3000_easy_00,spec,P0,16.866153184423826,False,-1,6.311911028830587,13.443650884988456,2.380917991286472,0.104,125
scene-3000_3200-hard-00,kitti360,hard,cinque,opctrl,pp-spec-P0,0.11013929381276324,0.31746031746031744,0.75,0.75,0.4642857142857143,1.0,0.34693877551020424,28,bg_collision,26.5,0,2026-10-06 03:31:29,0000_3000_3200,/root/autodl-tmp/ujs/runs/op_parity/hugsim/pp-spec-P0/zs/0000_3000_3200_hard_00,spec,P0,4.404637547493325,False,-1,6.943895966295453,6.943895966295453,6.943895966295453,0.0,28
scene-3000_3200-medium-00,kitti360,medium,cinque,opctrl,pp-spec-P0,0.2744477495795366,0.2805599484566274,1.0,0.98,0.9975,1.0,0.9782142857142857,400,max_steps,245.0,0,2026-10-05 22:38:28,0000_3000_3200,/root/autodl-tmp/ujs/runs/op_parity/hugsim/pp-spec-P0/zs/0000_3000_3200_medium_00,spec,P0,4.236057353601777,False,-1,5.005548440034041,5.005548440034041,0.00638953191775256,0.8725,400
scene-322492347634-easy-00,waymo,easy,cinque,opctrl,pp-spec-P0,0.7698090512704857,0.7698090512704857,1.0,1.0,1.0,1.0,1.0,400,max_steps,259.2,0,2026-10-05 22:39:06,322492347634_0_200,/root/autodl-tmp/ujs/runs/op_parity/hugsim/pp-spec-P0/zs/322492347634_0_200_easy_00,spec,P0,1.3290120815319726,False,-1,3.212642113434918,3.4364775985827585,0.051096538195052985,0.4075,400
scene-3400_3600-extreme-00,kitti360,extreme,cinque,opctrl,pp-spec-P0,0.019904117635912304,0.044656674183136576,0.88,0.68,0.72,1.0,0.4457142857142858,25,fg_collision,26.7,0,2026-10-06 03:31:55,0000_3400_3600,/root/autodl-tmp/ujs/runs/op_parity/hugsim/pp-spec-P0/zs/0000_3400_3600_extreme_00,spec,P0,2.4530501579015627,False,-1,1.899736608920152,1.899736608920152,0.2509702990027156,0.16,25
scene-3400_3600-hard-00,kitti360,hard,cinque,opctrl,pp-spec-P0,0.7980112485370855,0.8153159128089489,1.0,0.9828571428571429,0.9942857142857143,1.0,0.9787755102040816,350,off_route,210.0,0,2026-10-06 03:34:40,0000_3400_3600,/root/autodl-tmp/ujs/runs/op_parity/hugsim/pp-spec-P0/zs/0000_3400_3600_hard_00,spec,P0,57.54990201091521,False,-1,4.915625057162273,5.3576402308080695,1.0843924198433827,0.4057142857142857,350
scene-398895700423-easy-00,waymo,easy,cinque,opctrl,pp-spec-P0,0.12600229095074456,0.12600229095074456,1.0,1.0,1.0,1.0,1.0,400,max_steps,266.9,0,2026-10-05 22:40:04,398895700423_0_200,/root/autodl-tmp/ujs/runs/op_parity/hugsim/pp-spec-P0/zs/398895700423_0_200_easy_00,spec,P0,0.5149294778099897,False,-1,2.008767326825078,2.008767326825078,0.00875169295215404,0.9475,400
scene-570_770-easy-00,kitti360,easy,cinque,opctrl,pp-spec-P0,0.22571440739321155,0.47400025552574426,0.7380952380952381,0.47619047619047616,0.7619047619047619,1.0,0.47619047619047616,42,bg_collision,31.8,0,2026-10-05 22:17:30,0000_570_770,/root/autodl-tmp/ujs/runs/op_parity/hugsim/pp-spec-P0/zs/0000_570_770_easy_00,spec,P0,40.06684666991962,False,-1,11.544655505166382,11.544655505166382,7.286754848098501,0.0,42
scene-570_770-medium-00,kitti360,medium,cinque,opctrl,pp-spec-P0,0.21052855724337036,0.47059324560282784,0.8157894736842105,0.4473684210526316,0.868421052631579,1.0,0.4473684210526316,38,bg_collision,35.8,0,2026-10-06 03:31:23,0000_570_770,/root/autodl-tmp/ujs/runs/op_parity/hugsim/pp-spec-P0/zs/0000_570_770_medium_00,spec,P0,50.80178701477158,False,-1,13.210220787747705,13.210220787747705,10.038119987101053,0.0,38
scene-5980_6180-easy-00,kitti360,easy,cinque,opctrl,pp-spec-P0,0.33769623871146714,0.3509913662197926,1.0,0.9621212121212122,1.0,1.0,0.9621212121212122,132,off_route,76.7,0,2026-10-05 22:18:18,0000_5980_6180,/root/autodl-tmp/ujs/runs/op_parity/hugsim/pp-spec-P0/zs/0000_5980_6180_easy_00,spec,P0,57.49169937390653,False,-1,4.620447245870329,4.620447245870329,2.605074106457661,0.20454545454545456,132
scene-5980_6180-extreme-00,kitti360,extreme,cinque,opctrl,pp-spec-P0,0.003878161963731216,0.06334331207427654,0.3333333333333333,0.7619047619047619,0.23809523809523808,1.0,0.06122448979591836,21,fg_collision,24.3,0,2026-10-06 03:31:53,0000_5980_6180,/root/autodl-tmp/ujs/runs/op_parity/hugsim/pp-spec-P0/zs/0000_5980_6180_extreme_00,spec,P0,1.7170223456551263,False,-1,2.579441165777392,2.579441165777392,0.41718236728769736,0.0,21
scene-6580_6780-medium-01,kitti360,medium,cinque,opctrl,pp-spec-P0,0.0027868406742795,0.044589450788472,0.0625,1.0,0.0625,1.0,0.0625,16,bg_collision,22.5,0,2026-10-06 03:31:10,0000_6580_6780,/root/autodl-tmp/ujs/runs/op_parity/hugsim/pp-spec-P0/zs/0000_6580_6780_medium_01,spec,P0,1.9271977894102295,False,-1,3.1616114069887753,3.1616114069887753,2.8425779278447654,0.0,16
scene-770_970-extreme-00,kitti360,extreme,cinque,opctrl,pp-spec-P0,0.011581749404567318,0.12611238240528858,0.14285714285714285,0.9642857142857143,0.07142857142857142,1.0,0.09183673469387754,28,fg_collision,29.5,0,2026-10-06 03:32:20,0000_770_970,/root/autodl-tmp/ujs/runs/op_parity/hugsim/pp-spec-P0/zs/0000_770_970_extreme_00,spec,P0,1.785467033625491,False,-1,3.665062896999352,3.665062896999352,0.4188460311143474,0.0,28
scene-8440_8640-easy-00,kitti360,easy,cinque,opctrl,pp-spec-P0,0.7759294676349391,0.7903246669253654,1.0,0.9825,1.0,0.9975,0.9817857142857143,400,max_steps,192.6,0,2026-10-05 22:20:43,0000_8440_8640,/root/autodl-tmp/ujs/runs/op_parity/hugsim/pp-spec-P0/zs/0000_8440_8640_easy_00,spec,P0,51.94373354428894,False,-1,3.1055944049672948,3.98598651035178,1.5323544006964303,0.3075,400
scene-881121006469-hard-00,waymo,hard,cinque,opctrl,pp-spec-P0,0.3414280610422089,0.40371561271882817,0.86,1.0,0.84,1.0,0.8457142857142856,50,fg_collision,47.9,0,2026-10-06 03:30:51,881121006469_0_200,/root/autodl-tmp/ujs/runs/op_parity/hugsim/pp-spec-P0/zs/881121006469_0_200_hard_00,spec,P0,2.4046765706821116,False,-1,2.0646487895120305,2.0646487895120305,0.3270910154726315,0.36,50
scene-0013-extreme-00,nuscenes,extreme,cinque,opctrl,pp-spec-P2-F-s0,0.024299744747029093,0.08874689385871495,0.3333333333333333,1.0,0.25,1.0,0.2738095238095238,12,fg_collision,19.7,0,2026-10-06 04:20:44,scene-0013,/root/autodl-tmp/ujs/runs/op_parity/hugsim/pp-spec-P2-F-s0/zs/scene-0013_extreme_00,spec,P2-F-s0,0.8968898395706721,False,-1,4.310483762089879,4.310483762089879,4.310483762089879,0.0,12
scene-0013-medium-00,nuscenes,medium,cinque,opctrl,pp-spec-P2-F-s0,0.2408844261879407,0.3709620163294285,0.9090909090909091,1.0,0.5909090909090909,1.0,0.6493506493506497,22,fg_collision,375.8,0,2026-10-06 04:18:39,scene-0013,/root/autodl-tmp/ujs/runs/op_parity/hugsim/pp-spec-P2-F-s0/zs/scene-0013_medium_00,spec,P2-F-s0,0.7731402849063549,False,-1,10.126469091008254,10.126469091008254,10.126469091008254,0.0,22
scene-0041-medium-00,nuscenes,medium,cinque,opctrl,pp-spec-P2-F-s0,0.16391858993085992,0.27062031356509886,0.8,0.92,0.64,1.0,0.6057142857142859,25,off_route,24.7,0,2026-10-06 04:20:01,scene-0041,/root/autodl-tmp/ujs/runs/op_parity/hugsim/pp-spec-P2-F-s0/zs/scene-0041_medium_00,spec,P2-F-s0,43.71388413648828,False,-1,10.108466712348774,10.108466712348774,10.108466712348774,0.0,25
scene-0051-easy-00,nuscenes,easy,cinque,opctrl,pp-spec-P2-F-s0,1.0,1.0,1.0,1.0,1.0,1.0,1.0,44,complete,35.9,0,2026-10-06 04:19:23,scene-0051,/root/autodl-tmp/ujs/runs/op_parity/hugsim/pp-spec-P2-F-s0/zs/scene-0051_easy_00,spec,P2-F-s0,2.315921548425956,False,-1,13.65090929296299,15.080278661001877,15.080278661001877,0.0,44
scene-0138-extreme-00,nuscenes,extreme,cinque,opctrl,pp-spec-P2-F-s0,0.07513529742338278,0.1607060528222354,0.5757575757575758,1.0,0.42424242424242425,1.0,0.46753246753246747,33,fg_collision,33.6,0,2026-10-06 04:21:18,scene-0138,/root/autodl-tmp/ujs/runs/op_parity/hugsim/pp-spec-P2-F-s0/zs/scene-0138_extreme_00,spec,P2-F-s0,0.6230749615862867,False,-1,4.7972707896413835,4.7972707896413835,0.32302920980541466,0.21212121212121213,33
scene-0166-easy-00,nuscenes,easy,cinque,opctrl,pp-spec-P2-F-s0,1.0,1.0,1.0,1.0,1.0,1.0,1.0,44,complete,38.2,0,2026-10-06 04:19:50,scene-0166,/root/autodl-tmp/ujs/runs/op_parity/hugsim/pp-spec-P2-F-s0/zs/scene-0166_easy_00,spec,P2-F-s0,1.5339046400687404,False,-1,14.528437336301375,14.55854233610077,14.341995225132406,0.0,44
scene-0167-easy-00,nuscenes,easy,cinque,opctrl,pp-spec-P2-F-s0,1.0,1.0,1.0,1.0,1.0,1.0,1.0,51,complete,39.4,0,2026-10-06 04:19:56,scene-0167,/root/autodl-tmp/ujs/runs/op_parity/hugsim/pp-spec-P2-F-s0/zs/scene-0167_easy_00,spec,P2-F-s0,1.6058524405886647,False,-1,15.389436952458185,15.475940221402116,14.62699561921068,0.0,51
scene-021-extreme-02,pandaset,extreme,cinque,opctrl,pp-spec-P2-F-s0,0.026721440710098555,0.054457619675010976,0.5217391304347826,1.0,0.4782608695652174,0.9565217391304348,0.49068322981366463,23,fg_collision,39.6,0,2026-10-06 04:26:35,021,/root/autodl-tmp/ujs/runs/op_parity/hugsim/pp-spec-P2-F-s0/zs/021_extreme_02,spec,P2-F-s0,0.9984377030019113,False,-1,1.1251288288562629,1.1251288288562629,0.7616091759341117,0.0,23
scene-0254-extreme-00,nuscenes,extreme,cinque,opctrl,pp-spec-P2-F-s0,0.029834561315238695,0.10199257007767647,0.42857142857142855,1.0,0.23809523809523808,1.0,0.2925170068027211,21,fg_collision,377.4,0,2026-10-06 04:18:41,scene-0254,/root/autodl-tmp/ujs/runs/op_parity/hugsim/pp-spec-P2-F-s0/zs/scene-0254_extreme_00,spec,P2-F-s0,0.8113751072667178,False,-1,4.585787960536002,4.585787960536002,1.4438557310102964,0.0,21
scene-0254-hard-00,nuscenes,hard,cinque,opctrl,pp-spec-P2-F-s0,0.03665036782520594,0.12293144208037825,0.391304347826087,1.0,0.2608695652173913,1.0,0.2981366459627329,23,fg_collision,32.8,0,2026-10-06 04:20:25,scene-0254,/root/autodl-tmp/ujs/runs/op_parity/hugsim/pp-spec-P2-F-s0/zs/scene-0254_hard_00,spec,P2-F-s0,1.0301869537563009,False,-1,5.234620237156678,5.234620237156678,0.9818891395207511,0.0,23
scene-032-medium-00,pandaset,medium,cinque,opctrl,pp-spec-P2-F-s0,0.33473457221309744,0.5046767396443622,0.75,1.0,0.6428571428571429,0.9642857142857143,0.663265306122449,56,fg_collision,35.3,0,2026-10-06 04:25:56,032,/root/autodl-tmp/ujs/runs/op_parity/hugsim/pp-spec-P2-F-s0/zs/032_medium_00,spec,P2-F-s0,1.991704129582488,False,-1,5.915430769110857,5.915430769110857,2.449571719934859,0.21428571428571427,56
scene-032-medium-02,pandaset,medium,cinque,opctrl,pp-spec-P2-F-s0,0.38488997785945067,0.6115736458012129,0.7837837837837838,1.0,0.5675675675675675,1.0,0.6293436293436295,37,bg_collision,28.3,0,2026-10-06 04:25:51,032,/root/autodl-tmp/ujs/runs/op_parity/hugsim/pp-spec-P2-F-s0/zs/032_medium_02,spec,P2-F-s0,1.802338997945618,False,-1,6.883639050393961,6.883639050393961,0.4653711998622102,0.0,37
scene-034-easy-00,pandaset,easy,cinque,opctrl,pp-spec-P2-F-s0,0.7714285714285716,1.0,0.8,1.0,0.7833333333333333,0.9833333333333333,0.7714285714285716,60,complete,37.7,0,2026-10-06 04:25:48,034,/root/autodl-tmp/ujs/runs/op_parity/hugsim/pp-spec-P2-F-s0/zs/034_easy_00,spec,P2-F-s0,1.4595063479145833,False,-1,11.17265569260427,11.17265569260427,6.647982181770656,0.05,60
scene-034-hard-00,pandaset,hard,cinque,opctrl,pp-spec-P2-F-s0,0.11505707615547434,0.24681598594642074,0.5789473684210527,1.0,0.42105263157894735,1.0,0.4661654135338346,19,fg_collision,22.5,0,2026-10-06 04:26:10,034,/root/autodl-tmp/ujs/runs/op_parity/hugsim/pp-spec-P2-F-s0/zs/034_hard_00,spec,P2-F-s0,4.371625857059867,False,-1,6.00120287992659,6.00120287992659,6.00120287992659,0.0,19
scene-034-hard-01,pandaset,hard,cinque,opctrl,pp-spec-P2-F-s0,0.10836165823378098,0.24330259112867808,0.5294117647058824,1.0,0.4117647058823529,1.0,0.4453781512605042,17,fg_collision,22.1,0,2026-10-06 04:26:11,034,/root/autodl-tmp/ujs/runs/op_parity/hugsim/pp-spec-P2-F-s0/zs/034_hard_01,spec,P2-F-s0,3.681220542741774,False,-1,8.071325454234046,8.071325454234046,8.071325454234046,0.0,17
scene-039-easy-00,pandaset,easy,cinque,opctrl,pp-spec-P2-F-s0,1.0,1.0,1.0,1.0,1.0,1.0,1.0,32,complete,25.5,0,2026-10-06 04:25:37,039,/root/autodl-tmp/ujs/runs/op_parity/hugsim/pp-spec-P2-F-s0/zs/039_easy_00,spec,P2-F-s0,1.669766381551389,False,-1,14.034987041921058,14.034987041921058,14.034987041921058,0.0,32
scene-040-easy-00,pandaset,easy,cinque,opctrl,pp-spec-P2-F-s0,0.9974937343358397,1.0,1.0,1.0,1.0,0.9912280701754386,0.9974937343358397,114,complete,71.2,0,2026-10-06 04:19:52,040,/root/autodl-tmp/ujs/runs/op_parity/hugsim/pp-spec-P2-F-s0/zs/040_easy_00,spec,P2-F-s0,4.311011713743126,False,-1,6.979962472848242,6.979962472848242,0.7154331791760672,0.0,114
scene-0411-easy-00,nuscenes,easy,cinque,opctrl,pp-spec-P2-F-s0,0.8714285714285716,1.0,0.925,1.0,0.85,1.0,0.8714285714285716,40,complete,33.1,0,2026-10-06 04:19:56,scene-0411,/root/autodl-tmp/ujs/runs/op_parity/hugsim/pp-spec-P2-F-s0/zs/scene-0411_easy_00,spec,P2-F-s0,1.0938339951243656,False,-1,16.117071926820167,16.117071926820167,16.066150030831686,0.0,40
scene-0411-hard-00,nuscenes,hard,cinque,opctrl,pp-spec-P2-F-s0,0.8714285714285716,1.0,0.925,1.0,0.85,1.0,0.8714285714285716,40,complete,50.9,0,2026-10-06 04:20:47,scene-0411,/root/autodl-tmp/ujs/runs/op_parity/hugsim/pp-spec-P2-F-s0/zs/scene-0411_hard_00,spec,P2-F-s0,1.093805671792959,False,-1,16.1079495400844,16.1079495400844,16.04795194135469,0.0,40
scene-0411-medium-00,nuscenes,medium,cinque,opctrl,pp-spec-P2-F-s0,0.1471029441634303,0.2562653099679668,0.6909090909090909,1.0,0.5272727272727272,1.0,0.5740259740259741,55,fg_collision,55.4,0,2026-10-06 04:20:46,scene-0411,/root/autodl-tmp/ujs/runs/op_parity/hugsim/pp-spec-P2-F-s0/zs/scene-0411_medium_00,spec,P2-F-s0,0.695873426334627,False,-1,5.586871699952857,5.586871699952857,0.9285191485894166,0.10909090909090909,55
scene-0418-hard-00,nuscenes,hard,cinque,opctrl,pp-spec-P2-F-s0,0.2691029900332226,1.0,0.3023255813953488,1.0,0.27906976744186046,1.0,0.2691029900332226,43,complete,49.0,0,2026-10-06 04:20:45,scene-0418,/root/autodl-tmp/ujs/runs/op_parity/hugsim/pp-spec-P2-F-s0/zs/scene-0418_hard_00,spec,P2-F-s0,2.133234004131422,False,-1,16.11519637317271,18.056214259186078,18.056214259186078,0.0,43
scene-0528-extreme-00,nuscenes,extreme,cinque,opctrl,pp-spec-P2-F-s0,0.09516072879192293,0.2761982128350934,0.47058823529411764,1.0,0.29411764705882354,1.0,0.3445378151260504,17,fg_collision,21.3,0,2026-10-06 04:21:07,scene-0528,/root/autodl-tmp/ujs/runs/op_parity/hugsim/pp-spec-P2-F-s0/zs/scene-0528_extreme_00,spec,P2-F-s0,4.237451712221343,False,-1,7.323012038213053,7.323012038213053,7.323012038213053,0.0,17
scene-0528-medium-00,nuscenes,medium,cinque,opctrl,pp-spec-P2-F-s0,0.0804754311388484,0.24731473959743658,0.4444444444444444,1.0,0.2777777777777778,1.0,0.32539682539682535,18,fg_collision,373.9,0,2026-10-06 04:18:37,scene-0528,/root/autodl-tmp/ujs/runs/op_parity/hugsim/pp-spec-P2-F-s0/zs/scene-0528_medium_00,spec,P2-F-s0,4.359481798891743,False,-1,5.249867511341956,5.249867511341956,3.4545939540290784,0.0,18
scene-053-extreme-02,pandaset,extreme,cinque,opctrl,pp-spec-P2-F-s0,0.034219748505462784,0.1458058849363197,0.2857142857142857,1.0,0.21428571428571427,1.0,0.2346938775510204,14,fg_collision,29.8,0,2026-10-06 04:26:40,053,/root/autodl-tmp/ujs/runs/op_parity/hugsim/pp-spec-P2-F-s0/zs/053_extreme_02,spec,P2-F-s0,1.1701228206880687,False,-1,4.969903453432982,4.969903453432982,4.969903453432982,0.0,14
scene-053-medium-02,pandaset,medium,cinque,opctrl,pp-spec-P2-F-s0,0.2605964652000458,0.4883618796662275,0.7647058823529411,1.0,0.4411764705882353,1.0,0.5336134453781514,34,fg_collision,33.4,0,2026-10-06 04:19:17,053,/root/autodl-tmp/ujs/runs/op_parity/hugsim/pp-spec-P2-F-s0/zs/053_medium_02,spec,P2-F-s0,1.6997093703893995,False,-1,7.262064472454416,7.262064472454416,7.262064472454416,0.0,34
scene-090-hard-01,pandaset,hard,cinque,opctrl,pp-spec-P2-F-s0,1.0,1.0,1.0,1.0,1.0,1.0,1.0,57,complete,56.8,0,2026-10-06 04:26:48,090,/root/autodl-tmp/ujs/runs/op_parity/hugsim/pp-spec-P2-F-s0/zs/090_hard_01,spec,P2-F-s0,1.4724448834269295,False,-1,9.632214753928297,12.354020650782795,12.354020650782795,0.0,57
scene-0930-hard-00,nuscenes,hard,cinque,opctrl,pp-spec-P2-F-s0,1.0,1.0,1.0,1.0,1.0,1.0,1.0,38,complete,47.3,0,2026-10-06 04:20:49,scene-0930,/root/autodl-tmp/ujs/runs/op_parity/hugsim/pp-spec-P2-F-s0/zs/scene-0930_hard_00,spec,P2-F-s0,6.923232522472041,False,-1,13.948521698146632,13.948521698146632,13.948521698146632,0.0,38
scene-095-extreme-01,pandaset,extreme,cinque,opctrl,pp-spec-P2-F-s0,0.11215718379042161,0.17446673034065585,0.6875,1.0,0.8125,1.0,0.6428571428571428,16,fg_collision,26.4,0,2026-10-06 04:26:38,095,/root/autodl-tmp/ujs/runs/op_parity/hugsim/pp-spec-P2-F-s0/zs/095_extreme_01,spec,P2-F-s0,0.3845507337407372,False,-1,6.535145711501845,6.535145711501845,6.535145711501845,0.0,16
scene-095-medium-01,pandaset,medium,cinque,opctrl,pp-spec-P2-F-s0,0.5645432057565013,0.8850684495383636,0.910828025477707,1.0,0.5286624203821656,1.0,0.6378525932666081,157,fg_collision,96.7,0,2026-10-06 04:27:14,095,/root/autodl-tmp/ujs/runs/op_parity/hugsim/pp-spec-P2-F-s0/zs/095_medium_01,spec,P2-F-s0,1.1461719535034032,False,-1,4.514858524649707,4.514858524649707,2.060714542986407,0.0,157
scene-100613054308-hard-00,waymo,hard,cinque,opctrl,pp-spec-P2-F-s0,0.1618022430566978,0.2629286449671339,0.6153846153846154,1.0,0.6153846153846154,1.0,0.6153846153846154,26,bg_collision,31.2,0,2026-10-06 04:22:42,100613054308_0_200,/root/autodl-tmp/ujs/runs/op_parity/hugsim/pp-spec-P2-F-s0/zs/100613054308_0_200_hard_00,spec,P2-F-s0,14.456778226487451,False,-1,1.6165605455589835,1.6165605455589835,1.6165605455589835,0.0,26
scene-102751446607-medium-01,waymo,medium,cinque,opctrl,pp-spec-P2-F-s0,0.9472778185885088,0.9557609035310924,0.9970414201183432,0.9911242603550295,0.9940828402366864,1.0,0.9911242603550295,338,bg_collision,610.1,0,2026-10-06 04:22:33,102751446607_0_200,/root/autodl-tmp/ujs/runs/op_parity/hugsim/pp-spec-P2-F-s0/zs/102751446607_0_200_medium_01,spec,P2-F-s0,36.12102147244492,False,-1,3.570683760208862,4.072840226362774,2.3902904105661804,0.3165680473372781,338
scene-106762673266-hard-00,waymo,hard,cinque,opctrl,pp-spec-P2-F-s0,0.043693077273961996,0.11121874215190326,0.4375,1.0,0.375,1.0,0.39285714285714285,16,fg_collision,24.6,0,2026-10-06 04:22:58,106762673266_0_200,/root/autodl-tmp/ujs/runs/op_parity/hugsim/pp-spec-P2-F-s0/zs/106762673266_0_200_hard_00,spec,P2-F-s0,4.355378063388228,False,-1,4.540941734209768,4.540941734209768,4.540941734209768,0.0,16
scene-113-easy-00,pandaset,easy,cinque,opctrl,pp-spec-P2-F-s0,0.6868131868131868,1.0,0.7692307692307693,1.0,0.6730769230769231,1.0,0.6868131868131868,52,complete,37.2,0,2026-10-06 04:25:52,113,/root/autodl-tmp/ujs/runs/op_parity/hugsim/pp-spec-P2-F-s0/zs/113_easy_00,spec,P2-F-s0,0.5353365976571118,False,-1,11.85863965422015,12.672982862924874,12.472388935403842,0.0,52
scene-113792265837-easy-00,waymo,easy,cinque,opctrl,pp-spec-P2-F-s0,0.8556925308194343,1.0,0.8730964467005076,1.0,0.8730964467005076,0.9898477157360406,0.8556925308194343,197,complete,160.3,0,2026-10-06 04:23:26,113792265837_0_200,/root/autodl-tmp/ujs/runs/op_parity/hugsim/pp-spec-P2-F-s0/zs/113792265837_0_200_easy_00,spec,P2-F-s0,22.389167678514163,False,-1,5.601972265137631,6.210014513961651,2.910592784621713,0.015228426395939087,197
scene-124-extreme-01,pandaset,extreme,cinque,opctrl,pp-spec-P2-F-s0,1.0,1.0,1.0,1.0,1.0,1.0,1.0,77,complete,52.6,0,2026-10-06 04:27:08,124,/root/autodl-tmp/ujs/runs/op_parity/hugsim/pp-spec-P2-F-s0/zs/124_extreme_01,spec,P2-F-s0,0.46731885792470457,False,-1,8.580145048107985,9.665183470162328,9.581145808083264,0.1038961038961039,77
scene-124-hard-01,pandaset,hard,cinque,opctrl,pp-spec-P2-F-s0,0.06688736100500806,0.17303469477382522,0.47058823529411764,1.0,0.47058823529411764,1.0,0.38655462184873945,17,fg_collision,23.5,0,2026-10-06 04:26:16,124,/root/autodl-tmp/ujs/runs/op_parity/hugsim/pp-spec-P2-F-s0/zs/124_hard_01,spec,P2-F-s0,1.7950858831697274,False,-1,7.601676508142031,7.601676508142031,7.601676508142031,0.0,17
scene-1290_1490-medium-01,kitti360,medium,cinque,opctrl,pp-spec-P2-F-s0,0.16808887852817933,0.4090162710852366,0.589041095890411,0.958904109589041,0.3972602739726027,1.0,0.41095890410958885,73,fg_collision,50.0,0,2026-10-06 04:24:44,0000_1290_1490,/root/autodl-tmp/ujs/runs/op_parity/hugsim/pp-spec-P2-F-s0/zs/0000_1290_1490_medium_01,spec,P2-F-s0,1.4537873560868095,False,-1,4.334229808423766,4.334229808423766,3.6107629767788687,0.0,73
scene-132384196576-medium-01,waymo,medium,cinque,opctrl,pp-spec-P2-F-s0,0.9892623716153128,1.0,1.0,1.0,0.9901960784313726,0.9869281045751634,0.9892623716153128,306,complete,213.0,0,2026-10-06 04:24:51,132384196576_0_200,/root/autodl-tmp/ujs/runs/op_parity/hugsim/pp-spec-P2-F-s0/zs/132384196576_0_200_medium_01,spec,P2-F-s0,4.355965724552628,False,-1,3.9004240897816067,5.651225450784885,3.8850163097981354,0.06209150326797386,306
scene-144248042870-extreme-00,waymo,extreme,cinque,opctrl,pp-spec-P2-F-s0,0.0,0.030853067275714224,0.47058823529411764,0.11764705882352941,0.4117647058823529,1.0,0.0,17,fg_collision,20.1,0,2026-10-06 04:23:46,144248042870_0_200,/root/autodl-tmp/ujs/runs/op_parity/hugsim/pp-spec-P2-F-s0/zs/144248042870_0_200_extreme_00,spec,P2-F-s0,41.31222001565446,False,-1,3.3258085947618796,3.3258085947618796,3.3039916384074686,0.0,17
scene-150623512729-extreme-00,waymo,extreme,cinque,opctrl,pp-spec-P2-F-s0,0.04675900022363,0.1209635005785211,0.47058823529411764,1.0,0.35294117647058826,1.0,0.38655462184873945,17,fg_collision,22.2,0,2026-10-06 04:23:54,150623512729_0_200,/root/autodl-tmp/ujs/runs/op_parity/hugsim/pp-spec-P2-F-s0/zs/150623512729_0_200_extreme_00,spec,P2-F-s0,2.4465297852086128,False,-1,4.568094749137566,4.568094749137566,4.568094749137566,0.0,17
scene-150623512729-medium-01,waymo,medium,cinque,opctrl,pp-spec-P2-F-s0,0.9978021978021978,1.0,1.0,1.0,0.9969230769230769,1.0,0.9978021978021978,325,complete,235.9,0,2026-10-06 04:25:49,150623512729_0_200,/root/autodl-tmp/ujs/runs/op_parity/hugsim/pp-spec-P2-F-s0/zs/150623512729_0_200_medium_01,spec,P2-F-s0,2.4465297852086128,False,-1,4.550930033214684,4.550930033214684,2.585399680675491,0.0,325
scene-152217047339-extreme-00,waymo,extreme,cinque,opctrl,pp-spec-P2-F-s0,0.05014439168207248,0.16380501282810342,0.35714285714285715,1.0,0.2857142857142857,1.0,0.30612244897959184,14,fg_collision,17.3,0,2026-10-06 04:23:58,152217047339_0_200,/root/autodl-tmp/ujs/runs/op_parity/hugsim/pp-spec-P2-F-s0/zs/152217047339_0_200_extreme_00,spec,P2-F-s0,8.389577044951002,False,-1,3.328789782549916,3.328789782549916,3.1363837764313307,0.0,14
scene-152217047339-medium-00,waymo,medium,cinque,opctrl,pp-spec-P2-F-s0,0.2497300295639756,0.36313400434181964,0.7209302325581395,0.8372093023255814,0.6744186046511628,1.0,0.6877076411960132,43,bg_collision,384.0,0,2026-10-06 04:18:47,152217047339_0_200,/root/autodl-tmp/ujs/runs/op_parity/hugsim/pp-spec-P2-F-s0/zs/152217047339_0_200_medium_00,spec,P2-F-s0,31.027695393827347,False,-1,3.8441148496195985,4.041190995609449,3.9203541206789847,0.0,43
scene-164701907483-easy-00,waymo,easy,cinque,opctrl,pp-spec-P2-F-s0,0.43521920029845024,0.47564469914040114,0.9240506329113924,1.0,0.9113924050632911,1.0,0.9150090415913201,79,bg_collision,66.1,0,2026-10-06 04:21:53,164701907483_0_200,/root/autodl-tmp/ujs/runs/op_parity/hugsim/pp-spec-P2-F-s0/zs/164701907483_0_200_easy_00,spec,P2-F-s0,9.618204364461425,False,-1,4.272996535894722,4.625050099959053,4.404652279214588,0.0,79
scene-164701907483-hard-00,waymo,hard,cinque,opctrl,pp-spec-P2-F-s0,0.4327386026249138,0.48073861827443487,0.946236559139785,1.0,0.8817204301075269,1.0,0.9001536098310294,93,bg_collision,69.8,0,2026-10-06 04:23:52,164701907483_0_200,/root/autodl-tmp/ujs/runs/op_parity/hugsim/pp-spec-P2-F-s0/zs/164701907483_0_200_hard_00,spec,P2-F-s0,8.24817085106782,False,-1,4.033621053341837,4.6139271248941345,3.5696704859888717,0.0967741935483871,93
scene-166085257829-extreme-00,waymo,extreme,cinque,opctrl,pp-spec-P2-F-s0,0.03944107840211736,0.12078830260648442,0.42857142857142855,1.0,0.2857142857142857,1.0,0.32653061224489793,14,bg_collision,21.6,0,2026-10-06 04:24:08,166085257829_0_200,/root/autodl-tmp/ujs/runs/op_parity/hugsim/pp-spec-P2-F-s0/zs/166085257829_0_200_extreme_00,spec,P2-F-s0,12.275723615903914,False,-1,4.0924840153106175,4.0924840153106175,4.0924840153106175,0.0,14
scene-250_450-hard-00,kitti360,hard,cinque,opctrl,pp-spec-P2-F-s0,0.004468779729036925,0.06540668512499499,0.30434782608695654,0.6956521739130435,0.13043478260869565,0.9565217391304348,0.06832298136645963,23,fg_collision,25.9,0,2026-10-06 04:25:06,0000_250_450,/root/autodl-tmp/ujs/runs/op_parity/hugsim/pp-spec-P2-F-s0/zs/0000_250_450_hard_00,spec,P2-F-s0,3.36231364358209,False,-1,4.271935277051144,4.271935277051144,0.6752891619733695,0.0,23
scene-2510_2710-extreme-00,kitti360,extreme,cinque,opctrl,pp-spec-P2-F-s0,0.005488736158839252,0.08781977854142803,0.125,0.9375,0.0625,1.0,0.0625,16,fg_collision,18.2,0,2026-10-06 04:25:10,0000_2510_2710,/root/autodl-tmp/ujs/runs/op_parity/hugsim/pp-spec-P2-F-s0/zs/0000_2510_2710_extreme_00,spec,P2-F-s0,4.3728158459310285,False,-1,5.457854584679584,5.457854584679584,5.457854584679584,0.0,16
scene-2510_2710-hard-00,kitti360,hard,cinque,opctrl,pp-spec-P2-F-s0,0.0,0.061439133604082055,0.17647058823529413,0.7647058823529411,0.11764705882352941,1.0,0.0,17,fg_collision,20.7,0,2026-10-06 04:25:02,0000_2510_2710,/root/autodl-tmp/ujs/runs/op_parity/hugsim/pp-spec-P2-F-s0/zs/0000_2510_2710_hard_00,spec,P2-F-s0,4.55578189461055,False,-1,3.101523067186343,3.101523067186343,1.829494207209975,0.0,17
scene-2800_3000-easy-00,kitti360,easy,cinque,opctrl,pp-spec-P2-F-s0,0.5750915750915752,1.0,0.8205128205128205,0.782051282051282,0.8461538461538461,0.9358974358974359,0.5750915750915752,78,complete,59.7,0,2026-10-06 04:24:52,0000_2800_3000,/root/autodl-tmp/ujs/runs/op_parity/hugsim/pp-spec-P2-F-s0/zs/0000_2800_3000_easy_00,spec,P2-F-s0,60.713520498052894,True,77,13.557460576360441,14.54907057162978,4.271961245499758,0.0,78
scene-3000_3200-hard-00,kitti360,hard,cinque,opctrl,pp-spec-P2-F-s0,0.057917833352730555,0.3303461606044632,0.45454545454545453,0.7272727272727273,0.3181818181818182,1.0,0.1753246753246753,22,bg_collision,22.9,0,2026-10-06 04:25:07,0000_3000_3200,/root/autodl-tmp/ujs/runs/op_parity/hugsim/pp-spec-P2-F-s0/zs/0000_3000_3200_hard_00,spec,P2-F-s0,4.36933150518705,False,-1,9.309576104280081,9.309576104280081,9.309576104280081,0.0,22
scene-3000_3200-medium-00,kitti360,medium,cinque,opctrl,pp-spec-P2-F-s0,0.07405873378461675,0.32741755988988464,0.625,0.7083333333333334,0.3333333333333333,1.0,0.22619047619047616,24,bg_collision,23.2,0,2026-10-06 04:24:21,0000_3000_3200,/root/autodl-tmp/ujs/runs/op_parity/hugsim/pp-spec-P2-F-s0/zs/0000_3000_3200_medium_00,spec,P2-F-s0,3.949166852049067,False,-1,8.276720422616682,8.276720422616682,8.276720422616682,0.0,24
scene-322492347634-easy-00,waymo,easy,cinque,opctrl,pp-spec-P2-F-s0,0.9969924812030077,1.0,1.0,1.0,1.0,0.9894736842105263,0.9969924812030077,95,complete,82.3,0,2026-10-06 04:22:11,322492347634_0_200,/root/autodl-tmp/ujs/runs/op_parity/hugsim/pp-spec-P2-F-s0/zs/322492347634_0_200_easy_00,spec,P2-F-s0,1.266503907539332,False,-1,7.521741012711321,7.669891231519855,3.8239456573093813,0.0,95
scene-3400_3600-extreme-00,kitti360,extreme,cinque,opctrl,pp-spec-P2-F-s0,0.0,0.09859839943405402,0.375,0.5625,0.25,1.0,0.0,16,fg_collision,12.9,0,2026-10-06 04:25:15,0000_3400_3600,/root/autodl-tmp/ujs/runs/op_parity/hugsim/pp-spec-P2-F-s0/zs/0000_3400_3600_extreme_00,spec,P2-F-s0,1.0760725900408041,False,-1,4.986580519700962,4.986580519700962,4.919993062497964,0.0,16
scene-3400_3600-hard-00,kitti360,hard,cinque,opctrl,pp-spec-P2-F-s0,0.05620625773608043,0.2590971393199805,0.5185185185185185,0.7777777777777778,0.4074074074074074,1.0,0.21693121693121692,27,fg_collision,20.6,0,2026-10-06 04:25:12,0000_3400_3600,/root/autodl-tmp/ujs/runs/op_parity/hugsim/pp-spec-P2-F-s0/zs/0000_3400_3600_hard_00,spec,P2-F-s0,2.396395450533558,False,-1,7.387000129228268,7.387000129228268,5.070954972863551,0.0,27
scene-398895700423-easy-00,waymo,easy,cinque,opctrl,pp-spec-P2-F-s0,1.0,1.0,1.0,1.0,1.0,1.0,1.0,165,complete,153.6,0,2026-10-06 04:23:40,398895700423_0_200,/root/autodl-tmp/ujs/runs/op_parity/hugsim/pp-spec-P2-F-s0/zs/398895700423_0_200_easy_00,spec,P2-F-s0,1.8018817680240067,False,-1,5.018721699146989,6.453387094514447,4.525813977997796,0.05454545454545454,165
scene-570_770-easy-00,kitti360,easy,cinque,opctrl,pp-spec-P2-F-s0,0.20423643267644803,0.47229675056428605,0.7567567567567568,0.43243243243243246,0.8108108108108109,1.0,0.43243243243243246,37,bg_collision,380.2,0,2026-10-06 04:18:43,0000_570_770,/root/autodl-tmp/ujs/runs/op_parity/hugsim/pp-spec-P2-F-s0/zs/0000_570_770_easy_00,spec,P2-F-s0,44.39014887494547,False,-1,12.715350191875268,12.715350191875268,8.035716104138311,0.0,37
scene-570_770-medium-00,kitti360,medium,cinque,opctrl,pp-spec-P2-F-s0,0.22553509108147907,0.476129636727567,0.7631578947368421,0.47368421052631576,0.8421052631578947,1.0,0.47368421052631576,38,off_route,33.9,0,2026-10-06 04:24:41,0000_570_770,/root/autodl-tmp/ujs/runs/op_parity/hugsim/pp-spec-P2-F-s0/zs/0000_570_770_medium_00,spec,P2-F-s0,49.8281294163904,False,-1,12.290114132134756,12.290114132134756,9.083037994559222,0.0,38
scene-5980_6180-easy-00,kitti360,easy,cinque,opctrl,pp-spec-P2-F-s0,0.24127261212958437,0.35446223263482146,0.8431372549019608,0.9215686274509803,0.7647058823529411,0.9019607843137255,0.680672268907563,51,off_route,34.9,0,2026-10-06 04:19:12,0000_5980_6180,/root/autodl-tmp/ujs/runs/op_parity/hugsim/pp-spec-P2-F-s0/zs/0000_5980_6180_easy_00,spec,P2-F-s0,54.98502588897021,False,-1,8.927329617155795,8.927329617155795,4.038300718126862,0.0,51
scene-5980_6180-extreme-00,kitti360,extreme,cinque,opctrl,pp-spec-P2-F-s0,0.008855357840129412,0.11020000867716603,0.375,0.75,0.25,1.0,0.08035714285714285,16,fg_collision,14.5,0,2026-10-06 04:25:20,0000_5980_6180,/root/autodl-tmp/ujs/runs/op_parity/hugsim/pp-spec-P2-F-s0/zs/0000_5980_6180_extreme_00,spec,P2-F-s0,1.79228026367564,False,-1,4.663652631114822,4.663652631114822,4.663652631114822,0.0,16
scene-6580_6780-medium-01,kitti360,medium,cinque,opctrl,pp-spec-P2-F-s0,0.0,0.04241435562805873,0.0,1.0,0.0,1.0,0.0,12,bg_collision,19.1,0,2026-10-06 04:24:40,0000_6580_6780,/root/autodl-tmp/ujs/runs/op_parity/hugsim/pp-spec-P2-F-s0/zs/0000_6580_6780_medium_01,spec,P2-F-s0,1.8280950090821502,False,-1,4.92622150022708,4.92622150022708,4.92622150022708,0.0,12
scene-770_970-extreme-00,kitti360,extreme,cinque,opctrl,pp-spec-P2-F-s0,0.02183949576458308,0.18154080854309687,0.15789473684210525,0.9473684210526315,0.10526315789473684,1.0,0.12030075187969924,19,fg_collision,16.1,0,2026-10-06 04:25:23,0000_770_970,/root/autodl-tmp/ujs/runs/op_parity/hugsim/pp-spec-P2-F-s0/zs/0000_770_970_extreme_00,spec,P2-F-s0,2.899155345441357,False,-1,6.62227540811668,6.62227540811668,6.558435770398446,0.0,19
scene-8440_8640-easy-00,kitti360,easy,cinque,opctrl,pp-spec-P2-F-s0,0.700461500083153,0.8032596041909196,0.9791666666666666,0.9270833333333334,0.9583333333333334,0.9583333333333334,0.8720238095238094,96,off_route,57.5,0,2026-10-06 04:19:37,0000_8440_8640,/root/autodl-tmp/ujs/runs/op_parity/hugsim/pp-spec-P2-F-s0/zs/0000_8440_8640_easy_00,spec,P2-F-s0,62.10908040064025,True,92,7.585882248332883,9.469271780808485,3.213906684815728,0.0,96
scene-881121006469-hard-00,waymo,hard,cinque,opctrl,pp-spec-P2-F-s0,0.3490292763867146,0.4777216352779054,0.8,1.0,0.7142857142857143,0.9714285714285714,0.7306122448979593,35,fg_collision,33.6,0,2026-10-06 04:23:32,881121006469_0_200,/root/autodl-tmp/ujs/runs/op_parity/hugsim/pp-spec-P2-F-s0/zs/881121006469_0_200_hard_00,spec,P2-F-s0,2.4046765706821116,False,-1,4.292884756990638,4.292884756990638,2.5445500275846835,0.02857142857142857,35
scene-0013-extreme-00,nuscenes,extreme,cinque,opctrl,pp-spec-P2-F-s1,0.02454274219449938,0.0896343627973021,0.3333333333333333,1.0,0.25,1.0,0.2738095238095238,12,fg_collision,13.9,0,2026-10-06 04:31:28,scene-0013,/root/autodl-tmp/ujs/runs/op_parity/hugsim/pp-spec-P2-F-s1/zs/scene-0013_extreme_00,spec,P2-F-s1,0.8876009847694438,False,-1,4.4645560548707595,4.4645560548707595,4.4645560548707595,0.0,12
scene-0013-medium-00,nuscenes,medium,cinque,opctrl,pp-spec-P2-F-s1,0.2366463092159122,0.37007454739084134,0.8095238095238095,1.0,0.6190476190476191,1.0,0.6394557823129253,21,fg_collision,386.3,0,2026-10-06 04:29:00,scene-0013,/root/autodl-tmp/ujs/runs/op_parity/hugsim/pp-spec-P2-F-s1/zs/scene-0013_medium_00,spec,P2-F-s1,0.8041321422394471,False,-1,11.19772580859901,11.19772580859901,11.19772580859901,0.0,21
scene-0041-medium-00,nuscenes,medium,cinque,opctrl,pp-spec-P2-F-s1,0.16752686077839457,0.27062031356509886,0.7916666666666666,0.9166666666666666,0.6666666666666666,1.0,0.6190476190476192,24,off_route,27.2,0,2026-10-06 04:30:35,scene-0041,/root/autodl-tmp/ujs/runs/op_parity/hugsim/pp-spec-P2-F-s1/zs/scene-0041_medium_00,spec,P2-F-s1,43.11257244107043,False,-1,10.551799581405433,10.551799581405433,10.551799581405433,0.0,24
scene-0051-easy-00,nuscenes,easy,cinque,opctrl,pp-spec-P2-F-s1,1.0,1.0,1.0,1.0,1.0,1.0,1.0,42,complete,34.6,0,2026-10-06 04:29:54,scene-0051,/root/autodl-tmp/ujs/runs/op_parity/hugsim/pp-spec-P2-F-s1/zs/scene-0051_easy_00,spec,P2-F-s1,2.410569401239073,False,-1,15.803422469471535,16.501366330040494,16.501366330040494,0.0,42
scene-0138-extreme-00,nuscenes,extreme,cinque,opctrl,pp-spec-P2-F-s1,0.07995052946643541,0.17519594283079762,0.5555555555555556,1.0,0.4166666666666667,1.0,0.4563492063492063,36,fg_collision,27.4,0,2026-10-06 04:31:43,scene-0138,/root/autodl-tmp/ujs/runs/op_parity/hugsim/pp-spec-P2-F-s1/zs/scene-0138_extreme_00,spec,P2-F-s1,0.7469068608151238,False,-1,5.018843064396329,5.018843064396329,1.1751047209522958,0.16666666666666666,36
scene-0166-easy-00,nuscenes,easy,cinque,opctrl,pp-spec-P2-F-s1,1.0,1.0,1.0,1.0,1.0,1.0,1.0,42,complete,37.0,0,2026-10-06 04:30:08,scene-0166,/root/autodl-tmp/ujs/runs/op_parity/hugsim/pp-spec-P2-F-s1/zs/scene-0166_easy_00,spec,P2-F-s1,1.5613014167483943,False,-1,15.50561450468401,15.50561450468401,14.336793581442848,0.0,42
scene-0167-easy-00,nuscenes,easy,cinque,opctrl,pp-spec-P2-F-s1,1.0,1.0,1.0,1.0,1.0,1.0,1.0,50,complete,39.7,0,2026-10-06 04:30:33,scene-0167,/root/autodl-tmp/ujs/runs/op_parity/hugsim/pp-spec-P2-F-s1/zs/scene-0167_easy_00,spec,P2-F-s1,1.6622269678163746,False,-1,15.836315461437875,15.836315461437875,14.138485711255413,0.0,50
scene-021-extreme-02,pandaset,extreme,cinque,opctrl,pp-spec-P2-F-s1,0.023046196959240442,0.050944224857268336,0.5416666666666666,1.0,0.4166666666666667,1.0,0.4523809523809525,24,fg_collision,43.9,0,2026-10-06 04:37:38,021,/root/autodl-tmp/ujs/runs/op_parity/hugsim/pp-spec-P2-F-s1/zs/021_extreme_02,spec,P2-F-s1,0.46374350414490156,False,-1,1.0123037922173446,1.0123037922173446,0.7295991852832978,0.0,24
scene-0254-extreme-00,nuscenes,extreme,cinque,opctrl,pp-spec-P2-F-s1,0.029971408853396424,0.10266801756163459,0.4782608695652174,1.0,0.21739130434782608,1.0,0.29192546583850926,23,fg_collision,389.7,0,2026-10-06 04:29:03,scene-0254,/root/autodl-tmp/ujs/runs/op_parity/hugsim/pp-spec-P2-F-s1/zs/scene-0254_extreme_00,spec,P2-F-s1,1.0053894845312723,False,-1,4.5318964609936225,4.5318964609936225,1.113602304677649,0.0,23
scene-0254-hard-00,nuscenes,hard,cinque,opctrl,pp-spec-P2-F-s1,0.03702510516904085,0.12360688956433637,0.4838709677419355,1.0,0.22580645161290322,1.0,0.2995391705069125,31,fg_collision,42.5,0,2026-10-06 04:31:16,scene-0254,/root/autodl-tmp/ujs/runs/op_parity/hugsim/pp-spec-P2-F-s1/zs/scene-0254_hard_00,spec,P2-F-s1,1.2696349208079079,False,-1,5.342476250707436,5.342476250707436,0.45220265718387065,0.12903225806451613,31
scene-032-medium-00,pandaset,medium,cinque,opctrl,pp-spec-P2-F-s1,0.3491100039130615,0.4974817555761127,0.7894736842105263,1.0,0.6666666666666666,1.0,0.7017543859649122,57,fg_collision,45.2,0,2026-10-06 04:36:54,032,/root/autodl-tmp/ujs/runs/op_parity/hugsim/pp-spec-P2-F-s1/zs/032_medium_00,spec,P2-F-s1,1.248713619194328,False,-1,5.906888432933348,5.906888432933348,2.448921960184222,0.2631578947368421,57
scene-032-medium-02,pandaset,medium,cinque,opctrl,pp-spec-P2-F-s1,0.3730835368208172,0.6115736458012129,0.7837837837837838,1.0,0.5405405405405406,1.0,0.6100386100386102,37,bg_collision,36.3,0,2026-10-06 04:36:47,032,/root/autodl-tmp/ujs/runs/op_parity/hugsim/pp-spec-P2-F-s1/zs/032_medium_02,spec,P2-F-s1,1.6859918561484744,False,-1,7.066962716904172,7.066962716904172,0.6253642495152045,0.0,37
scene-034-easy-00,pandaset,easy,cinque,opctrl,pp-spec-P2-F-s1,0.7845036319612592,1.0,0.8135593220338984,1.0,0.7966101694915254,0.9830508474576272,0.7845036319612592,59,complete,43.2,0,2026-10-06 04:36:51,034,/root/autodl-tmp/ujs/runs/op_parity/hugsim/pp-spec-P2-F-s1/zs/034_easy_00,spec,P2-F-s1,1.4070269870136567,False,-1,11.389668361342345,11.389668361342345,6.901558633639755,0.05084745762711865,59
scene-034-hard-00,pandaset,hard,cinque,opctrl,pp-spec-P2-F-s1,0.0955831608005521,0.24330259112867808,0.5,1.0,0.4,1.0,0.39285714285714285,20,fg_collision,19.5,0,2026-10-06 04:37:00,034,/root/autodl-tmp/ujs/runs/op_parity/hugsim/pp-spec-P2-F-s1/zs/034_hard_00,spec,P2-F-s1,5.038198549418625,False,-1,5.071504077023244,5.071504077023244,4.0845815287942,0.0,20
scene-034-hard-01,pandaset,hard,cinque,opctrl,pp-spec-P2-F-s1,0.11527281092498484,0.2740447957839262,0.5,1.0,0.3888888888888889,1.0,0.42063492063492064,18,fg_collision,19.2,0,2026-10-06 04:37:06,034,/root/autodl-tmp/ujs/runs/op_parity/hugsim/pp-spec-P2-F-s1/zs/034_hard_01,spec,P2-F-s1,2.400865186193069,False,-1,8.4748479454965,8.4748479454965,8.4748479454965,0.0,18
scene-039-easy-00,pandaset,easy,cinque,opctrl,pp-spec-P2-F-s1,1.0,1.0,1.0,1.0,1.0,1.0,1.0,32,complete,32.6,0,2026-10-06 04:36:40,039,/root/autodl-tmp/ujs/runs/op_parity/hugsim/pp-spec-P2-F-s1/zs/039_easy_00,spec,P2-F-s1,1.5593010062953754,False,-1,14.065761004304512,14.065761004304512,12.565761004304512,0.0,32
scene-040-easy-00,pandaset,easy,cinque,opctrl,pp-spec-P2-F-s1,1.0,1.0,1.0,1.0,1.0,1.0,1.0,117,complete,77.9,0,2026-10-06 04:30:21,040,/root/autodl-tmp/ujs/runs/op_parity/hugsim/pp-spec-P2-F-s1/zs/040_easy_00,spec,P2-F-s1,3.625773576351883,False,-1,6.952856456446106,6.952856456446106,0.8984008837978145,0.05982905982905983,117
scene-0411-easy-00,nuscenes,easy,cinque,opctrl,pp-spec-P2-F-s1,0.9047619047619048,1.0,0.9230769230769231,1.0,0.8974358974358975,1.0,0.9047619047619048,39,complete,33.9,0,2026-10-06 04:30:35,scene-0411,/root/autodl-tmp/ujs/runs/op_parity/hugsim/pp-spec-P2-F-s1/zs/scene-0411_easy_00,spec,P2-F-s1,1.1102388613848733,False,-1,16.625129045554445,16.625129045554445,16.49232855221114,0.0,39
scene-0411-hard-00,nuscenes,hard,cinque,opctrl,pp-spec-P2-F-s1,0.9047619047619048,1.0,0.9230769230769231,1.0,0.8974358974358975,1.0,0.9047619047619048,39,complete,46.6,0,2026-10-06 04:31:21,scene-0411,/root/autodl-tmp/ujs/runs/op_parity/hugsim/pp-spec-P2-F-s1/zs/scene-0411_hard_00,spec,P2-F-s1,1.1107175130701787,False,-1,16.680423734213722,16.680423734213722,16.557752334056097,0.0,39
scene-0411-medium-00,nuscenes,medium,cinque,opctrl,pp-spec-P2-F-s1,0.15338046877393088,0.2562653099679668,0.7586206896551724,1.0,0.5344827586206896,1.0,0.5985221674876847,58,fg_collision,53.2,0,2026-10-06 04:31:14,scene-0411,/root/autodl-tmp/ujs/runs/op_parity/hugsim/pp-spec-P2-F-s1/zs/scene-0411_medium_00,spec,P2-F-s1,0.6709771874200415,False,-1,5.684200701664159,5.684200701664159,0.8583442174243332,0.13793103448275862,58
scene-0418-hard-00,nuscenes,hard,cinque,opctrl,pp-spec-P2-F-s1,0.28222996515679444,1.0,0.3170731707317073,1.0,0.2926829268292683,1.0,0.28222996515679444,41,complete,44.8,0,2026-10-06 04:31:20,scene-0418,/root/autodl-tmp/ujs/runs/op_parity/hugsim/pp-spec-P2-F-s1/zs/scene-0418_hard_00,spec,P2-F-s1,2.0909287782607415,False,-1,18.32237146459147,18.959715529182684,18.959715529182684,0.0,41
scene-0528-extreme-00,nuscenes,extreme,cinque,opctrl,pp-spec-P2-F-s1,0.11060367824356927,0.2861269067605379,0.47058823529411764,1.0,0.35294117647058826,1.0,0.38655462184873945,17,fg_collision,18.2,0,2026-10-06 04:31:38,scene-0528,/root/autodl-tmp/ujs/runs/op_parity/hugsim/pp-spec-P2-F-s1/zs/scene-0528_extreme_00,spec,P2-F-s1,4.9995807867998545,False,-1,7.866094493475206,7.866094493475206,7.866094493475206,0.0,17
scene-0528-medium-00,nuscenes,medium,cinque,opctrl,pp-spec-P2-F-s1,0.0804754311388484,0.24731473959743658,0.4444444444444444,1.0,0.2777777777777778,1.0,0.32539682539682535,18,fg_collision,384.3,0,2026-10-06 04:28:58,scene-0528,/root/autodl-tmp/ujs/runs/op_parity/hugsim/pp-spec-P2-F-s1/zs/scene-0528_medium_00,spec,P2-F-s1,4.4450710184072735,False,-1,5.272060456809983,5.272060456809983,3.6131246590095705,0.0,18
scene-053-extreme-02,pandaset,extreme,cinque,opctrl,pp-spec-P2-F-s1,0.034431269213877916,0.12911725955204217,0.26666666666666666,1.0,0.26666666666666666,0.9333333333333333,0.26666666666666666,15,fg_collision,33.6,0,2026-10-06 04:37:34,053,/root/autodl-tmp/ujs/runs/op_parity/hugsim/pp-spec-P2-F-s1/zs/053_extreme_02,spec,P2-F-s1,0.9844124700833412,False,-1,3.5900141848129006,3.5900141848129006,2.347965198501718,0.0,15
scene-053-medium-02,pandaset,medium,cinque,opctrl,pp-spec-P2-F-s1,0.9780219780219781,1.0,1.0,1.0,0.9692307692307692,1.0,0.9780219780219781,130,complete,95.2,0,2026-10-06 04:30:39,053,/root/autodl-tmp/ujs/runs/op_parity/hugsim/pp-spec-P2-F-s1/zs/053_medium_02,spec,P2-F-s1,3.3423163289206177,False,-1,5.514382277413649,6.6282070726969495,6.6282070726969495,0.0,130
scene-090-hard-01,pandaset,hard,cinque,opctrl,pp-spec-P2-F-s1,1.0,1.0,1.0,1.0,1.0,1.0,1.0,74,complete,69.8,0,2026-10-06 04:38:01,090,/root/autodl-tmp/ujs/runs/op_parity/hugsim/pp-spec-P2-F-s1/zs/090_hard_01,spec,P2-F-s1,1.7323512043466973,False,-1,9.577103438301458,14.254636961237324,14.254636961237324,0.0,74
scene-0930-hard-00,nuscenes,hard,cinque,opctrl,pp-spec-P2-F-s1,0.8809523809523808,1.0,1.0,1.0,0.8333333333333334,1.0,0.8809523809523808,36,complete,43.8,0,2026-10-06 04:31:23,scene-0930,/root/autodl-tmp/ujs/runs/op_parity/hugsim/pp-spec-P2-F-s1/zs/scene-0930_hard_00,spec,P2-F-s1,6.6845049251933215,False,-1,14.882444527878764,14.882444527878764,14.882444527878764,0.0,36
scene-095-extreme-01,pandaset,extreme,cinque,opctrl,pp-spec-P2-F-s1,0.04851351556222616,0.1591849729385546,0.4,1.0,0.4,1.0,0.30476190476190473,15,fg_collision,26.4,0,2026-10-06 04:37:32,095,/root/autodl-tmp/ujs/runs/op_parity/hugsim/pp-spec-P2-F-s1/zs/095_extreme_01,spec,P2-F-s1,0.4894865672373714,False,-1,6.482696740542691,6.482696740542691,6.482696740542691,0.0,15
scene-095-medium-01,pandaset,medium,cinque,opctrl,pp-spec-P2-F-s1,0.5701805844159815,0.8850684495383636,0.9171974522292994,1.0,0.535031847133758,1.0,0.6442220200182006,157,fg_collision,113.4,0,2026-10-06 04:38:06,095,/root/autodl-tmp/ujs/runs/op_parity/hugsim/pp-spec-P2-F-s1/zs/095_medium_01,spec,P2-F-s1,0.9775768576312499,False,-1,4.334096537558778,4.334096537558778,2.16432618878451,0.0,157
scene-100613054308-hard-00,waymo,hard,cinque,opctrl,pp-spec-P2-F-s1,0.182027523438785,0.2629286449671339,0.6923076923076923,1.0,0.6923076923076923,1.0,0.6923076923076923,26,bg_collision,35.4,0,2026-10-06 04:33:23,100613054308_0_200,/root/autodl-tmp/ujs/runs/op_parity/hugsim/pp-spec-P2-F-s1/zs/100613054308_0_200_hard_00,spec,P2-F-s1,14.344740940462628,False,-1,2.4895962638215163,2.4895962638215163,2.4895962638215163,0.0,26
scene-102751446607-medium-01,waymo,medium,cinque,opctrl,pp-spec-P2-F-s1,0.9508504084639079,0.9508504084639079,1.0,1.0,1.0,1.0,1.0,274,bg_collision,557.0,0,2026-10-06 04:31:50,102751446607_0_200,/root/autodl-tmp/ujs/runs/op_parity/hugsim/pp-spec-P2-F-s1/zs/102751446607_0_200_medium_01,spec,P2-F-s1,28.21529265728527,False,-1,3.378532740484279,4.201131461324069,1.5431091906908838,0.12408759124087591,274
scene-106762673266-hard-00,waymo,hard,cinque,opctrl,pp-spec-P2-F-s1,0.06371757614896136,0.10619596024826893,0.6,1.0,0.6,1.0,0.6,15,fg_collision,26.0,0,2026-10-06 04:33:27,106762673266_0_200,/root/autodl-tmp/ujs/runs/op_parity/hugsim/pp-spec-P2-F-s1/zs/106762673266_0_200_hard_00,spec,P2-F-s1,4.683037362851965,False,-1,4.406250277006604,4.406250277006604,4.406250277006604,0.0,15
scene-113-easy-00,pandaset,easy,cinque,opctrl,pp-spec-P2-F-s1,0.6880466472303207,1.0,0.7755102040816326,1.0,0.673469387755102,1.0,0.6880466472303207,49,complete,42.5,0,2026-10-06 04:36:51,113,/root/autodl-tmp/ujs/runs/op_parity/hugsim/pp-spec-P2-F-s1/zs/113_easy_00,spec,P2-F-s1,0.5873732532143224,False,-1,13.16473082264719,13.805716240051126,13.607977529872652,0.0,49
scene-113792265837-easy-00,waymo,easy,cinque,opctrl,pp-spec-P2-F-s1,0.8667653589933382,1.0,0.8756476683937824,1.0,0.8808290155440415,0.9948186528497409,0.8667653589933382,193,complete,169.7,0,2026-10-06 04:34:11,113792265837_0_200,/root/autodl-tmp/ujs/runs/op_parity/hugsim/pp-spec-P2-F-s1/zs/113792265837_0_200_easy_00,spec,P2-F-s1,21.866509051248126,False,-1,5.40193847362389,6.50631697150557,2.168232022346061,0.0,193
scene-124-extreme-01,pandaset,extreme,cinque,opctrl,pp-spec-P2-F-s1,0.9961389961389963,1.0,1.0,1.0,1.0,0.9864864864864865,0.9961389961389963,74,complete,42.0,0,2026-10-06 04:38:14,124,/root/autodl-tmp/ujs/runs/op_parity/hugsim/pp-spec-P2-F-s1/zs/124_extreme_01,spec,P2-F-s1,0.5447678563119187,False,-1,9.300740981594476,10.115156902240923,9.919415584878337,0.0945945945945946,74
scene-124-hard-01,pandaset,hard,cinque,opctrl,pp-spec-P2-F-s1,0.9960317460317462,1.0,1.0,1.0,1.0,0.9861111111111112,0.9960317460317462,72,complete,68.9,0,2026-10-06 04:38:00,124,/root/autodl-tmp/ujs/runs/op_parity/hugsim/pp-spec-P2-F-s1/zs/124_hard_01,spec,P2-F-s1,1.3675661788266211,False,-1,9.425559074745255,10.116718976855108,9.619282912486508,0.041666666666666664,72
scene-1290_1490-medium-01,kitti360,medium,cinque,opctrl,pp-spec-P2-F-s1,0.12869638004805609,0.2841220082599393,0.8048780487804879,0.926829268292683,0.4146341463414634,1.0,0.4529616724738675,41,fg_collision,37.5,0,2026-10-06 04:35:24,0000_1290_1490,/root/autodl-tmp/ujs/runs/op_parity/hugsim/pp-spec-P2-F-s1/zs/0000_1290_1490_medium_01,spec,P2-F-s1,1.5151360396865905,False,-1,4.1478555916303215,4.1478555916303215,3.7399293086789327,0.0,41
scene-132384196576-medium-01,waymo,medium,cinque,opctrl,pp-spec-P2-F-s1,0.9842810910772076,1.0,1.0,1.0,0.9805825242718447,0.9935275080906149,0.9842810910772076,309,complete,246.3,0,2026-10-06 04:35:50,132384196576_0_200,/root/autodl-tmp/ujs/runs/op_parity/hugsim/pp-spec-P2-F-s1/zs/132384196576_0_200_medium_01,spec,P2-F-s1,5.571935468327646,False,-1,4.558742709834214,5.6148741152608,4.5895416203368775,0.0744336569579288,309
scene-144248042870-extreme-00,waymo,extreme,cinque,opctrl,pp-spec-P2-F-s1,0.0005185389458103231,0.030853067275714224,0.5882352941176471,0.11764705882352941,0.5882352941176471,1.0,0.01680672268907563,17,fg_collision,25.8,0,2026-10-06 04:34:33,144248042870_0_200,/root/autodl-tmp/ujs/runs/op_parity/hugsim/pp-spec-P2-F-s1/zs/144248042870_0_200_extreme_00,spec,P2-F-s1,42.0695375293258,False,-1,3.286015036193034,3.286015036193034,3.0424216308618135,0.0,17
scene-150623512729-extreme-00,waymo,extreme,cinque,opctrl,pp-spec-P2-F-s1,0.04101683916557168,0.11745731215595527,0.3888888888888889,1.0,0.3333333333333333,1.0,0.3492063492063492,18,fg_collision,25.8,0,2026-10-06 04:34:37,150623512729_0_200,/root/autodl-tmp/ujs/runs/op_parity/hugsim/pp-spec-P2-F-s1/zs/150623512729_0_200_extreme_00,spec,P2-F-s1,3.015299601210712,False,-1,3.9529232903358698,3.9529232903358698,2.960878126798028,0.0,18
scene-150623512729-medium-01,waymo,medium,cinque,opctrl,pp-spec-P2-F-s1,0.9955771782397169,1.0,1.0,1.0,0.9938080495356038,1.0,0.9955771782397169,323,complete,262.0,0,2026-10-06 04:36:12,150623512729_0_200,/root/autodl-tmp/ujs/runs/op_parity/hugsim/pp-spec-P2-F-s1/zs/150623512729_0_200_medium_01,spec,P2-F-s1,2.4465297852086128,False,-1,4.221758247580901,4.378663646157857,3.842465747917082,0.0,323
scene-152217047339-extreme-00,waymo,extreme,cinque,opctrl,pp-spec-P2-F-s1,0.05348735112754397,0.16380501282810342,0.42857142857142855,1.0,0.2857142857142857,1.0,0.32653061224489793,14,fg_collision,18.7,0,2026-10-06 04:34:47,152217047339_0_200,/root/autodl-tmp/ujs/runs/op_parity/hugsim/pp-spec-P2-F-s1/zs/152217047339_0_200_extreme_00,spec,P2-F-s1,7.1854589698896065,False,-1,3.25682467129939,3.25682467129939,2.9574637544589963,0.0,14
scene-152217047339-medium-00,waymo,medium,cinque,opctrl,pp-spec-P2-F-s1,0.20021885308297385,0.39865798302743244,0.546875,0.921875,0.5,1.0,0.5022321428571428,64,bg_collision,406.0,0,2026-10-06 04:29:19,152217047339_0_200,/root/autodl-tmp/ujs/runs/op_parity/hugsim/pp-spec-P2-F-s1/zs/152217047339_0_200_medium_00,spec,P2-F-s1,21.887520010208437,False,-1,3.121045591991323,3.121045591991323,1.9713062990183026,0.109375,64
scene-164701907483-easy-00,waymo,easy,cinque,opctrl,pp-spec-P2-F-s1,0.4468443332487464,0.46163642152180834,0.9906542056074766,1.0,0.9626168224299065,0.9906542056074766,0.9679572763684914,107,bg_collision,84.8,0,2026-10-06 04:32:48,164701907483_0_200,/root/autodl-tmp/ujs/runs/op_parity/hugsim/pp-spec-P2-F-s1/zs/164701907483_0_200_easy_00,spec,P2-F-s1,13.717491232652373,False,-1,4.311917369769511,4.311917369769511,1.4659009235952976,0.17757009345794392,107
scene-164701907483-hard-00,waymo,hard,cinque,opctrl,pp-spec-P2-F-s1,0.4266438603129592,0.47882839859917226,0.9278350515463918,1.0,0.8762886597938144,1.0,0.8910162002945511,97,bg_collision,83.5,0,2026-10-06 04:34:47,164701907483_0_200,/root/autodl-tmp/ujs/runs/op_parity/hugsim/pp-spec-P2-F-s1/zs/164701907483_0_200_hard_00,spec,P2-F-s1,11.15334424300431,False,-1,4.460960865807715,4.460960865807715,2.2995676587784617,0.030927835051546393,97
scene-166085257829-extreme-00,waymo,extreme,cinque,opctrl,pp-spec-P2-F-s1,0.037025911151785273,0.11231193049374867,0.38461538461538464,1.0,0.3076923076923077,1.0,0.32967032967032966,13,bg_collision,22.9,0,2026-10-06 04:34:56,166085257829_0_200,/root/autodl-tmp/ujs/runs/op_parity/hugsim/pp-spec-P2-F-s1/zs/166085257829_0_200_extreme_00,spec,P2-F-s1,12.480263139333468,False,-1,3.929405279565717,3.929405279565717,3.929405279565717,0.0,13
scene-250_450-hard-00,kitti360,hard,cinque,opctrl,pp-spec-P2-F-s1,0.009374862661247638,0.06299907708358413,0.4583333333333333,0.75,0.2916666666666667,1.0,0.1488095238095238,24,fg_collision,24.5,0,2026-10-06 04:35:49,0000_250_450,/root/autodl-tmp/ujs/runs/op_parity/hugsim/pp-spec-P2-F-s1/zs/0000_250_450_hard_00,spec,P2-F-s1,3.6880551911329076,False,-1,4.220820925182454,4.220820925182454,0.5657488079003739,0.0,24
scene-2510_2710-extreme-00,kitti360,extreme,cinque,opctrl,pp-spec-P2-F-s1,0.006694336591243807,0.08851400603977923,0.11764705882352941,1.0,0.058823529411764705,1.0,0.07563025210084033,17,fg_collision,20.0,0,2026-10-06 04:36:09,0000_2510_2710,/root/autodl-tmp/ujs/runs/op_parity/hugsim/pp-spec-P2-F-s1/zs/0000_2510_2710_extreme_00,spec,P2-F-s1,4.528332011446046,False,-1,4.760521554210214,4.760521554210214,4.760521554210214,0.0,17
scene-2510_2710-hard-00,kitti360,hard,cinque,opctrl,pp-spec-P2-F-s1,0.0,0.060050678607379636,0.15789473684210525,0.7894736842105263,0.05263157894736842,1.0,0.0,19,fg_collision,20.0,0,2026-10-06 04:35:50,0000_2510_2710,/root/autodl-tmp/ujs/runs/op_parity/hugsim/pp-spec-P2-F-s1/zs/0000_2510_2710_hard_00,spec,P2-F-s1,5.800069838993724,False,-1,2.9801655312458366,2.9801655312458366,0.8265231176440011,0.0,19
scene-2800_3000-easy-00,kitti360,easy,cinque,opctrl,pp-spec-P2-F-s1,0.7631103074141049,1.0,0.8354430379746836,0.9367088607594937,0.8607594936708861,1.0,0.7631103074141049,79,complete,68.1,0,2026-10-06 04:35:45,0000_2800_3000,/root/autodl-tmp/ujs/runs/op_parity/hugsim/pp-spec-P2-F-s1/zs/0000_2800_3000_easy_00,spec,P2-F-s1,6.066991800331716,False,-1,12.366526594224434,13.037428142613182,8.636026515052315,0.0,79
scene-3000_3200-hard-00,kitti360,hard,cinque,opctrl,pp-spec-P2-F-s1,0.05324728571961044,0.3280032800328003,0.4090909090909091,0.7272727272727273,0.3181818181818182,1.0,0.16233766233766234,22,bg_collision,18.5,0,2026-10-06 04:35:50,0000_3000_3200,/root/autodl-tmp/ujs/runs/op_parity/hugsim/pp-spec-P2-F-s1/zs/0000_3000_3200_hard_00,spec,P2-F-s1,3.9476805065175773,False,-1,9.191078849435014,9.191078849435014,9.191078849435014,0.0,22
scene-3000_3200-medium-00,kitti360,medium,cinque,opctrl,pp-spec-P2-F-s1,0.07059201026792876,0.3157031570315703,0.5652173913043478,0.6956521739130435,0.34782608695652173,1.0,0.22360248447204967,23,bg_collision,26.0,0,2026-10-06 04:35:13,0000_3000_3200,/root/autodl-tmp/ujs/runs/op_parity/hugsim/pp-spec-P2-F-s1/zs/0000_3000_3200_medium_00,spec,P2-F-s1,4.237017857290171,False,-1,8.573408496021278,8.573408496021278,8.573408496021278,0.0,23
scene-322492347634-easy-00,waymo,easy,cinque,opctrl,pp-spec-P2-F-s1,0.9649859943977591,1.0,0.9803921568627451,1.0,0.9705882352941176,0.9705882352941176,0.9649859943977591,102,complete,93.4,0,2026-10-06 04:33:01,322492347634_0_200,/root/autodl-tmp/ujs/runs/op_parity/hugsim/pp-spec-P2-F-s1/zs/322492347634_0_200_easy_00,spec,P2-F-s1,2.078650487728649,False,-1,7.392976833207349,8.249143395411615,7.987742338030684,0.0,102
scene-3400_3600-extreme-00,kitti360,extreme,cinque,opctrl,pp-spec-P2-F-s1,0.0,0.0888712030773312,0.4,0.5333333333333333,0.26666666666666666,1.0,0.0,15,fg_collision,18.0,0,2026-10-06 04:36:08,0000_3400_3600,/root/autodl-tmp/ujs/runs/op_parity/hugsim/pp-spec-P2-F-s1/zs/0000_3400_3600_extreme_00,spec,P2-F-s1,1.2999877686627104,False,-1,4.768659594149276,4.768659594149276,4.768659594149276,0.0,15
scene-3400_3600-hard-00,kitti360,hard,cinque,opctrl,pp-spec-P2-F-s1,0.052910732088684145,0.23920060131759294,0.4838709677419355,0.8064516129032258,0.3870967741935484,1.0,0.22119815668202764,31,fg_collision,22.8,0,2026-10-06 04:36:08,0000_3400_3600,/root/autodl-tmp/ujs/runs/op_parity/hugsim/pp-spec-P2-F-s1/zs/0000_3400_3600_hard_00,spec,P2-F-s1,2.506209011848374,False,-1,7.462074043650164,7.462074043650164,1.022798313427491,0.0,31
scene-398895700423-easy-00,waymo,easy,cinque,opctrl,pp-spec-P2-F-s1,1.0,1.0,1.0,1.0,1.0,1.0,1.0,164,complete,170.7,0,2026-10-06 04:34:29,398895700423_0_200,/root/autodl-tmp/ujs/runs/op_parity/hugsim/pp-spec-P2-F-s1/zs/398895700423_0_200_easy_00,spec,P2-F-s1,1.6965993958768815,False,-1,4.885231163683226,7.2068705520394705,4.690665025694088,0.06097560975609756,164
scene-570_770-easy-00,kitti360,easy,cinque,opctrl,pp-spec-P2-F-s1,0.20131778276661372,0.46974149312209873,0.8285714285714286,0.42857142857142855,0.8857142857142857,1.0,0.42857142857142855,35,off_route,391.1,0,2026-10-06 04:29:04,0000_570_770,/root/autodl-tmp/ujs/runs/op_parity/hugsim/pp-spec-P2-F-s1/zs/0000_570_770_easy_00,spec,P2-F-s1,50.43602631790751,False,-1,13.496548719761657,13.496548719761657,10.174334808060403,0.0,35
scene-570_770-medium-00,kitti360,medium,cinque,opctrl,pp-spec-P2-F-s1,0.2091525536012568,0.47059324560282784,0.7777777777777778,0.4444444444444444,0.8055555555555556,1.0,0.4444444444444444,36,bg_collision,34.4,0,2026-10-06 04:35:30,0000_570_770,/root/autodl-tmp/ujs/runs/op_parity/hugsim/pp-spec-P2-F-s1/zs/0000_570_770_medium_00,spec,P2-F-s1,50.452757961529876,False,-1,12.885876078852352,12.885876078852352,9.888079581482653,0.0,36
scene-5980_6180-easy-00,kitti360,easy,cinque,opctrl,pp-spec-P2-F-s1,0.2602765536775689,0.35446223263482146,0.92,0.9,0.84,0.9,0.7342857142857143,50,off_route,33.0,0,2026-10-06 04:29:31,0000_5980_6180,/root/autodl-tmp/ujs/runs/op_parity/hugsim/pp-spec-P2-F-s1/zs/0000_5980_6180_easy_00,spec,P2-F-s1,55.40090348001277,False,-1,8.894334738688114,8.894334738688114,4.7579946562029045,0.0,50
scene-5980_6180-extreme-00,kitti360,extreme,cinque,opctrl,pp-spec-P2-F-s1,0.005895368690232829,0.10022126773395809,0.35294117647058826,0.7058823529411765,0.23529411764705882,1.0,0.058823529411764705,17,fg_collision,18.4,0,2026-10-06 04:36:09,0000_5980_6180,/root/autodl-tmp/ujs/runs/op_parity/hugsim/pp-spec-P2-F-s1/zs/0000_5980_6180_extreme_00,spec,P2-F-s1,2.3142447135474398,False,-1,4.237608380324306,4.237608380324306,2.4463505401822987,0.0,17
scene-6580_6780-medium-01,kitti360,medium,cinque,opctrl,pp-spec-P2-F-s1,0.0,0.04277687148812761,0.0,1.0,0.0,1.0,0.0,12,bg_collision,18.4,0,2026-10-06 04:35:32,0000_6580_6780,/root/autodl-tmp/ujs/runs/op_parity/hugsim/pp-spec-P2-F-s1/zs/0000_6580_6780_medium_01,spec,P2-F-s1,2.065838305330633,False,-1,4.931859319959233,4.931859319959233,4.931859319959233,0.0,12
scene-770_970-extreme-00,kitti360,extreme,cinque,opctrl,pp-spec-P2-F-s1,0.019933892702771423,0.19933892702771422,0.15,0.9,0.1,1.0,0.1,20,fg_collision,19.9,0,2026-10-06 04:36:10,0000_770_970,/root/autodl-tmp/ujs/runs/op_parity/hugsim/pp-spec-P2-F-s1/zs/0000_770_970_extreme_00,spec,P2-F-s1,4.852740672033086,False,-1,6.688811729143118,6.688811729143118,6.688811729143118,0.0,20
scene-8440_8640-easy-00,kitti360,easy,cinque,opctrl,pp-spec-P2-F-s1,0.7428921186227092,0.8006726167378088,1.0,0.9278350515463918,1.0,1.0,0.9278350515463918,97,off_route,61.5,0,2026-10-06 04:30:01,0000_8440_8640,/root/autodl-tmp/ujs/runs/op_parity/hugsim/pp-spec-P2-F-s1/zs/0000_8440_8640_easy_00,spec,P2-F-s1,62.35586719853181,True,96,7.434563155196325,8.652225977694632,2.6791078678347326,0.0,97
scene-881121006469-hard-00,waymo,hard,cinque,opctrl,pp-spec-P2-F-s1,0.3762749559717865,0.46853468075333027,0.8108108108108109,1.0,0.8108108108108109,0.972972972972973,0.8030888030888031,37,fg_collision,39.7,0,2026-10-06 04:34:07,881121006469_0_200,/root/autodl-tmp/ujs/runs/op_parity/hugsim/pp-spec-P2-F-s1/zs/881121006469_0_200_hard_00,spec,P2-F-s1,2.480250266927232,False,-1,4.120747620380557,4.120747620380557,2.2034526891092407,0.10810810810810811,37
scene-0013-extreme-00,nuscenes,extreme,cinque,opctrl,pp-spec-P2H10-F-s0,0.03058354496054177,0.09939652112176074,0.3076923076923077,1.0,0.3076923076923077,1.0,0.3076923076923077,13,fg_collision,15.4,0,2026-10-06 16:20:08,scene-0013,/root/autodl-tmp/ujs/runs/op_parity/hugsim/pp-spec-P2H10-F-s0/zs/scene-0013_extreme_00,spec,P2H10-F-s0,0.7984947259935646,False,-1,4.532740227651349,4.532740227651349,4.532740227651349,0.0,13
scene-0013-medium-00,nuscenes,medium,cinque,opctrl,pp-spec-P2H10-F-s0,0.24811095897357888,0.35410010649627266,0.9047619047619048,1.0,0.6666666666666666,1.0,0.7006802721088438,21,fg_collision,376.4,0,2026-10-06 16:17:48,scene-0013,/root/autodl-tmp/ujs/runs/op_parity/hugsim/pp-spec-P2H10-F-s0/zs/scene-0013_medium_00,spec,P2H10-F-s0,0.7639741477758907,False,-1,10.228548145851239,10.228548145851239,10.228548145851239,0.0,21
scene-0041-medium-00,nuscenes,medium,cinque,opctrl,pp-spec-P2H10-F-s0,0.1531023793293732,0.26516700749829586,0.75,0.9166666666666666,0.625,1.0,0.5773809523809524,24,off_route,24.8,0,2026-10-06 16:19:18,scene-0041,/root/autodl-tmp/ujs/runs/op_parity/hugsim/pp-spec-P2H10-F-s0/zs/scene-0041_medium_00,spec,P2H10-F-s0,41.74344151187472,False,-1,9.916814968264768,9.916814968264768,9.916814968264768,0.0,24
scene-0051-easy-00,nuscenes,easy,cinque,opctrl,pp-spec-P2H10-F-s0,1.0,1.0,1.0,1.0,1.0,1.0,1.0,43,complete,36.3,0,2026-10-06 16:18:36,scene-0051,/root/autodl-tmp/ujs/runs/op_parity/hugsim/pp-spec-P2H10-F-s0/zs/scene-0051_easy_00,spec,P2H10-F-s0,2.393582936919549,False,-1,14.360570264120975,15.460389405100857,15.460389405100857,0.0,43
scene-0138-extreme-00,nuscenes,extreme,cinque,opctrl,pp-spec-P2H10-F-s0,0.08029029961454384,0.16860962919054207,0.5555555555555556,1.0,0.4444444444444444,1.0,0.47619047619047616,36,fg_collision,33.2,0,2026-10-06 16:20:33,scene-0138,/root/autodl-tmp/ujs/runs/op_parity/hugsim/pp-spec-P2H10-F-s0/zs/scene-0138_extreme_00,spec,P2H10-F-s0,0.8651659749587216,False,-1,4.834988356936645,4.834988356936645,0.7107017864369405,0.2222222222222222,36
scene-0166-easy-00,nuscenes,easy,cinque,opctrl,pp-spec-P2H10-F-s0,1.0,1.0,1.0,1.0,1.0,1.0,1.0,43,complete,34.3,0,2026-10-06 16:18:54,scene-0166,/root/autodl-tmp/ujs/runs/op_parity/hugsim/pp-spec-P2H10-F-s0/zs/scene-0166_easy_00,spec,P2H10-F-s0,1.611522838969324,False,-1,14.568453919973965,14.568453919973965,14.492408754722625,0.0,43
scene-0167-easy-00,nuscenes,easy,cinque,opctrl,pp-spec-P2H10-F-s0,0.9859943977591036,1.0,1.0,1.0,0.9803921568627451,1.0,0.9859943977591036,51,complete,38.4,0,2026-10-06 16:19:15,scene-0167,/root/autodl-tmp/ujs/runs/op_parity/hugsim/pp-spec-P2H10-F-s0/zs/scene-0167_easy_00,spec,P2H10-F-s0,2.0459360372492177,False,-1,15.229702346687372,15.403831613288762,14.758068366931616,0.0,51
scene-021-extreme-02,pandaset,extreme,cinque,opctrl,pp-spec-P2H10-F-s0,0.025879917184265015,0.04830917874396135,0.625,1.0,0.5,0.9583333333333334,0.5357142857142858,24,fg_collision,38.8,0,2026-10-06 16:25:56,021,/root/autodl-tmp/ujs/runs/op_parity/hugsim/pp-spec-P2H10-F-s0/zs/021_extreme_02,spec,P2H10-F-s0,1.390959770612157,False,-1,1.0,1.0,0.7622380836063458,0.0,24
scene-0254-extreme-00,nuscenes,extreme,cinque,opctrl,pp-spec-P2H10-F-s0,0.04031530779251145,0.1033434650455927,0.5,1.0,0.34615384615384615,1.0,0.39010989010989017,26,fg_collision,381.3,0,2026-10-06 16:17:53,scene-0254,/root/autodl-tmp/ujs/runs/op_parity/hugsim/pp-spec-P2H10-F-s0/zs/scene-0254_extreme_00,spec,P2H10-F-s0,0.8807859706116999,False,-1,4.292444864664436,4.292444864664436,1.4303765480294799,0.0,26
scene-0254-hard-00,nuscenes,hard,cinque,opctrl,pp-spec-P2H10-F-s0,0.0447538429693543,0.12293144208037825,0.5483870967741935,1.0,0.2903225806451613,1.0,0.36405529953917054,31,fg_collision,40.7,0,2026-10-06 16:19:52,scene-0254,/root/autodl-tmp/ujs/runs/op_parity/hugsim/pp-spec-P2H10-F-s0/zs/scene-0254_hard_00,spec,P2H10-F-s0,1.1492994262075649,False,-1,5.029745692912002,5.029745692912002,0.3836122287567674,0.0967741935483871,31
scene-032-medium-00,pandaset,medium,cinque,opctrl,pp-spec-P2H10-F-s0,0.3313768647591098,0.49645390070921985,0.7413793103448276,1.0,0.6379310344827587,1.0,0.6674876847290641,58,fg_collision,39.7,0,2026-10-06 16:25:17,032,/root/autodl-tmp/ujs/runs/op_parity/hugsim/pp-spec-P2H10-F-s0/zs/032_medium_00,spec,P2H10-F-s0,2.343973249799255,False,-1,6.111867595554788,6.111867595554788,1.6967876201374954,0.20689655172413793,58
scene-032-medium-02,pandaset,medium,cinque,opctrl,pp-spec-P2H10-F-s0,0.26085056285850766,0.620824339603248,0.6470588235294118,1.0,0.35294117647058826,0.9411764705882353,0.42016806722689093,34,bg_collision,30.3,0,2026-10-06 16:25:08,032,/root/autodl-tmp/ujs/runs/op_parity/hugsim/pp-spec-P2H10-F-s0/zs/032_medium_02,spec,P2H10-F-s0,2.1080704697389687,False,-1,6.895016203579644,6.895016203579644,1.8956779652644113,0.0,34
scene-034-easy-00,pandaset,easy,cinque,opctrl,pp-spec-P2H10-F-s0,0.7684729064039408,1.0,0.7931034482758621,1.0,0.7931034482758621,1.0,0.7684729064039408,58,complete,39.3,0,2026-10-06 16:25:04,034,/root/autodl-tmp/ujs/runs/op_parity/hugsim/pp-spec-P2H10-F-s0/zs/034_easy_00,spec,P2H10-F-s0,1.398302267846385,False,-1,11.777125529034045,11.777125529034045,6.198180520128428,0.017241379310344827,58
scene-034-hard-00,pandaset,hard,cinque,opctrl,pp-spec-P2H10-F-s0,0.1296128991781166,0.24857268335529206,0.7,1.0,0.45,1.0,0.5214285714285716,20,fg_collision,24.3,0,2026-10-06 16:25:28,034,/root/autodl-tmp/ujs/runs/op_parity/hugsim/pp-spec-P2H10-F-s0/zs/034_hard_00,spec,P2H10-F-s0,5.786418790078261,False,-1,5.2523447739085025,5.2523447739085025,4.917474623612877,0.0,20
scene-034-hard-01,pandaset,hard,cinque,opctrl,pp-spec-P2H10-F-s0,0.10640567162306291,0.23891084760649978,0.5294117647058824,1.0,0.4117647058823529,1.0,0.4453781512605042,17,fg_collision,21.3,0,2026-10-06 16:25:26,034,/root/autodl-tmp/ujs/runs/op_parity/hugsim/pp-spec-P2H10-F-s0/zs/034_hard_01,spec,P2H10-F-s0,3.366581442769889,False,-1,7.93907997495525,7.93907997495525,7.93907997495525,0.0,17
scene-039-easy-00,pandaset,easy,cinque,opctrl,pp-spec-P2H10-F-s0,1.0,1.0,1.0,1.0,1.0,1.0,1.0,32,complete,26.9,0,2026-10-06 16:24:56,039,/root/autodl-tmp/ujs/runs/op_parity/hugsim/pp-spec-P2H10-F-s0/zs/039_easy_00,spec,P2H10-F-s0,1.8434056115042476,False,-1,14.154945611382798,14.154945611382798,12.654945611382798,0.0,32
scene-040-easy-00,pandaset,easy,cinque,opctrl,pp-spec-P2H10-F-s0,0.9975990396158464,1.0,1.0,1.0,1.0,0.9915966386554622,0.9975990396158464,119,complete,71.2,0,2026-10-06 16:19:04,040,/root/autodl-tmp/ujs/runs/op_parity/hugsim/pp-spec-P2H10-F-s0/zs/040_easy_00,spec,P2H10-F-s0,3.434366627256707,False,-1,7.235520402851373,7.235520402851373,0.6655113429780294,0.0,119
scene-0411-easy-00,nuscenes,easy,cinque,opctrl,pp-spec-P2H10-F-s0,0.8714285714285716,1.0,0.925,1.0,0.85,1.0,0.8714285714285716,40,complete,31.0,0,2026-10-06 16:19:17,scene-0411,/root/autodl-tmp/ujs/runs/op_parity/hugsim/pp-spec-P2H10-F-s0/zs/scene-0411_easy_00,spec,P2H10-F-s0,1.0922661978385027,False,-1,16.028352103895735,16.028352103895735,16.004336767933967,0.0,40
scene-0411-hard-00,nuscenes,hard,cinque,opctrl,pp-spec-P2H10-F-s0,0.8714285714285716,1.0,0.925,1.0,0.85,1.0,0.8714285714285716,40,complete,45.1,0,2026-10-06 16:20:00,scene-0411,/root/autodl-tmp/ujs/runs/op_parity/hugsim/pp-spec-P2H10-F-s0/zs/scene-0411_hard_00,spec,P2H10-F-s0,1.0909719847250778,False,-1,15.929972748189513,15.929972748189513,15.925679882593856,0.0,40
scene-0411-medium-00,nuscenes,medium,cinque,opctrl,pp-spec-P2H10-F-s0,0.18116630484867774,0.25438100621820237,0.8382352941176471,1.0,0.6617647058823529,1.0,0.7121848739495799,68,fg_collision,55.9,0,2026-10-06 16:20:00,scene-0411,/root/autodl-tmp/ujs/runs/op_parity/hugsim/pp-spec-P2H10-F-s0/zs/scene-0411_medium_00,spec,P2H10-F-s0,0.7478518988649862,False,-1,5.674672215635927,5.674672215635927,0.8254562526326696,0.25,68
scene-0418-hard-00,nuscenes,hard,cinque,opctrl,pp-spec-P2H10-F-s0,0.2925170068027211,1.0,0.30952380952380953,1.0,0.30952380952380953,1.0,0.2925170068027211,42,complete,43.4,0,2026-10-06 16:20:01,scene-0418,/root/autodl-tmp/ujs/runs/op_parity/hugsim/pp-spec-P2H10-F-s0/zs/scene-0418_hard_00,spec,P2H10-F-s0,2.159054058328083,False,-1,16.880774060732058,18.226279487291006,18.226279487291006,0.0,42
scene-0528-extreme-00,nuscenes,extreme,cinque,opctrl,pp-spec-P2H10-F-s0,0.0954911479891171,0.2608538676775882,0.5,1.0,0.3125,1.0,0.36607142857142855,16,fg_collision,20.1,0,2026-10-06 16:20:20,scene-0528,/root/autodl-tmp/ujs/runs/op_parity/hugsim/pp-spec-P2H10-F-s0/zs/scene-0528_extreme_00,spec,P2H10-F-s0,2.0700666393559466,False,-1,7.205174107467466,7.205174107467466,7.205174107467466,0.0,16
scene-0528-medium-00,nuscenes,medium,cinque,opctrl,pp-spec-P2H10-F-s0,0.0740139001714956,0.2527303908294972,0.4,1.0,0.25,0.95,0.2928571428571428,20,fg_collision,376.3,0,2026-10-06 16:17:48,scene-0528,/root/autodl-tmp/ujs/runs/op_parity/hugsim/pp-spec-P2H10-F-s0/zs/scene-0528_medium_00,spec,P2H10-F-s0,4.410213455621108,False,-1,5.010956341070385,5.010956341070385,2.4042137303518762,0.0,20
scene-053-extreme-02,pandaset,extreme,cinque,opctrl,pp-spec-P2H10-F-s0,0.04087010298190423,0.13350900307422048,0.35714285714285715,1.0,0.2857142857142857,1.0,0.30612244897959184,14,fg_collision,29.8,0,2026-10-06 16:25:55,053,/root/autodl-tmp/ujs/runs/op_parity/hugsim/pp-spec-P2H10-F-s0/zs/053_extreme_02,spec,P2H10-F-s0,0.8100810480524463,False,-1,3.9092398363093968,3.9092398363093968,3.9092398363093968,0.0,14
scene-053-medium-02,pandaset,medium,cinque,opctrl,pp-spec-P2H10-F-s0,0.7753246753246756,1.0,0.9636363636363636,1.0,0.7,1.0,0.7753246753246756,110,complete,78.6,0,2026-10-06 16:19:12,053,/root/autodl-tmp/ujs/runs/op_parity/hugsim/pp-spec-P2H10-F-s0/zs/053_medium_02,spec,P2H10-F-s0,3.498993872768376,False,-1,6.125246436968849,6.125246436968849,5.007748141584748,0.0,110
scene-090-hard-01,pandaset,hard,cinque,opctrl,pp-spec-P2H10-F-s0,0.9962406015037595,1.0,1.0,1.0,1.0,0.9868421052631579,0.9962406015037595,76,complete,68.4,0,2026-10-06 16:26:16,090,/root/autodl-tmp/ujs/runs/op_parity/hugsim/pp-spec-P2H10-F-s0/zs/090_hard_01,spec,P2H10-F-s0,1.418213144125966,False,-1,9.730172407727384,13.069546038637752,13.069546038637752,0.0,76
scene-0930-hard-00,nuscenes,hard,cinque,opctrl,pp-spec-P2H10-F-s0,0.9613899613899614,1.0,1.0,1.0,0.9459459459459459,1.0,0.9613899613899614,37,complete,43.4,0,2026-10-06 16:20:02,scene-0930,/root/autodl-tmp/ujs/runs/op_parity/hugsim/pp-spec-P2H10-F-s0/zs/scene-0930_hard_00,spec,P2H10-F-s0,6.6405170315784074,False,-1,13.947544197478818,13.947544197478818,13.947544197478818,0.0,37
scene-095-extreme-01,pandaset,extreme,cinque,opctrl,pp-spec-P2H10-F-s0,0.048319461499977255,0.15854823304680038,0.4,1.0,0.4,1.0,0.30476190476190473,15,fg_collision,25.6,0,2026-10-06 16:25:54,095,/root/autodl-tmp/ujs/runs/op_parity/hugsim/pp-spec-P2H10-F-s0/zs/095_extreme_01,spec,P2H10-F-s0,0.38385457812843143,False,-1,6.498096533120623,6.498096533120623,6.498096533120623,0.0,15
scene-095-medium-01,pandaset,medium,cinque,opctrl,pp-spec-P2H10-F-s0,0.6373626373626398,1.0,0.9487179487179487,1.0,0.5128205128205128,1.0,0.6373626373626398,195,complete,119.5,0,2026-10-06 16:26:56,095,/root/autodl-tmp/ujs/runs/op_parity/hugsim/pp-spec-P2H10-F-s0/zs/095_medium_01,spec,P2H10-F-s0,1.19283530786313,False,-1,4.365640149430628,4.365640149430628,1.9259645407337924,0.0,195
scene-100613054308-hard-00,waymo,hard,cinque,opctrl,pp-spec-P2H10-F-s0,0.20327256585694384,0.2629286449671339,0.7941176470588235,1.0,0.7647058823529411,1.0,0.7731092436974789,34,bg_collision,37.0,0,2026-10-06 16:21:30,100613054308_0_200,/root/autodl-tmp/ujs/runs/op_parity/hugsim/pp-spec-P2H10-F-s0/zs/100613054308_0_200_hard_00,spec,P2H10-F-s0,13.471126420094025,False,-1,2.72563142205051,2.72563142205051,2.72563142205051,0.5,34
scene-102751446607-medium-01,waymo,medium,cinque,opctrl,pp-spec-P2H10-F-s0,0.9532744073925271,0.9629034418106335,0.9966666666666667,0.99,0.9933333333333333,1.0,0.99,300,bg_collision,559.3,0,2026-10-06 16:20:51,102751446607_0_200,/root/autodl-tmp/ujs/runs/op_parity/hugsim/pp-spec-P2H10-F-s0/zs/102751446607_0_200_medium_01,spec,P2H10-F-s0,37.60577960717153,False,-1,3.603691731579317,4.31677773727699,2.317738727469166,0.22666666666666666,300
scene-106762673266-hard-00,waymo,hard,cinque,opctrl,pp-spec-P2H10-F-s0,0.04391090199937471,0.10691350052021668,0.5,1.0,0.375,1.0,0.4107142857142857,16,fg_collision,24.8,0,2026-10-06 16:21:53,106762673266_0_200,/root/autodl-tmp/ujs/runs/op_parity/hugsim/pp-spec-P2H10-F-s0/zs/106762673266_0_200_hard_00,spec,P2H10-F-s0,4.373840137009595,False,-1,4.380745638751711,4.380745638751711,4.380745638751711,0.0,16
scene-113-easy-00,pandaset,easy,cinque,opctrl,pp-spec-P2H10-F-s0,0.6890756302521007,1.0,0.7450980392156863,1.0,0.7058823529411765,1.0,0.6890756302521007,51,complete,39.9,0,2026-10-06 16:25:12,113,/root/autodl-tmp/ujs/runs/op_parity/hugsim/pp-spec-P2H10-F-s0/zs/113_easy_00,spec,P2H10-F-s0,0.6408283473760121,False,-1,12.289862926605712,13.270824335869646,13.201454110193016,0.0,51
scene-113792265837-easy-00,waymo,easy,cinque,opctrl,pp-spec-P2H10-F-s0,0.788721804511278,1.0,0.8315789473684211,1.0,0.7894736842105263,0.9947368421052631,0.788721804511278,190,complete,158.2,0,2026-10-06 16:22:39,113792265837_0_200,/root/autodl-tmp/ujs/runs/op_parity/hugsim/pp-spec-P2H10-F-s0/zs/113792265837_0_200_easy_00,spec,P2H10-F-s0,21.3095172602227,False,-1,5.947824370178477,6.499464301381786,3.7323438308152412,0.015789473684210527,190
scene-124-extreme-01,pandaset,extreme,cinque,opctrl,pp-spec-P2H10-F-s0,0.982857142857143,1.0,1.0,1.0,0.9866666666666667,0.9733333333333334,0.982857142857143,75,complete,57.3,0,2026-10-06 16:26:31,124,/root/autodl-tmp/ujs/runs/op_parity/hugsim/pp-spec-P2H10-F-s0/zs/124_extreme_01,spec,P2H10-F-s0,0.5048020836370108,False,-1,9.200108108182977,10.158730838561015,10.158730838561015,0.09333333333333334,75
scene-124-hard-01,pandaset,hard,cinque,opctrl,pp-spec-P2H10-F-s0,0.06756642050759698,0.17479139218269654,0.47058823529411764,1.0,0.5294117647058824,1.0,0.38655462184873945,17,fg_collision,21.6,0,2026-10-06 16:25:34,124,/root/autodl-tmp/ujs/runs/op_parity/hugsim/pp-spec-P2H10-F-s0/zs/124_hard_01,spec,P2H10-F-s0,1.7182354004473177,False,-1,7.758967678800733,7.758967678800733,7.758967678800733,0.0,17
scene-1290_1490-medium-01,kitti360,medium,cinque,opctrl,pp-spec-P2H10-F-s0,0.1606647912066631,0.41200179131213616,0.6081081081081081,0.9594594594594594,0.36486486486486486,0.9864864864864865,0.3899613899613899,74,fg_collision,57.1,0,2026-10-06 16:23:57,0000_1290_1490,/root/autodl-tmp/ujs/runs/op_parity/hugsim/pp-spec-P2H10-F-s0/zs/0000_1290_1490_medium_01,spec,P2H10-F-s0,2.7310756004313053,False,-1,4.508447114391405,4.508447114391405,2.9828523237285256,0.0,74
scene-132384196576-medium-01,waymo,medium,cinque,opctrl,pp-spec-P2H10-F-s0,0.9796644636502287,1.0,1.0,1.0,0.9715302491103203,1.0,0.9796644636502287,281,complete,208.6,0,2026-10-06 16:24:02,132384196576_0_200,/root/autodl-tmp/ujs/runs/op_parity/hugsim/pp-spec-P2H10-F-s0/zs/132384196576_0_200_medium_01,spec,P2H10-F-s0,4.189609742512424,False,-1,3.8937131904151165,6.4913889166198055,4.796597923688853,0.05338078291814947,281
scene-144248042870-extreme-00,waymo,extreme,cinque,opctrl,pp-spec-P2H10-F-s0,0.0,0.04367512120847858,0.5238095238095238,0.38095238095238093,0.38095238095238093,1.0,0.0,21,off_route,22.6,0,2026-10-06 16:22:53,144248042870_0_200,/root/autodl-tmp/ujs/runs/op_parity/hugsim/pp-spec-P2H10-F-s0/zs/144248042870_0_200_extreme_00,spec,P2H10-F-s0,64.71629985844167,True,19,5.033086590318149,5.033086590318149,4.78769692512905,0.0,21
scene-150623512729-extreme-00,waymo,extreme,cinque,opctrl,pp-spec-P2H10-F-s0,0.045945800219740776,0.1188597875249816,0.47058823529411764,1.0,0.35294117647058826,1.0,0.38655462184873945,17,fg_collision,20.9,0,2026-10-06 16:23:00,150623512729_0_200,/root/autodl-tmp/ujs/runs/op_parity/hugsim/pp-spec-P2H10-F-s0/zs/150623512729_0_200_extreme_00,spec,P2H10-F-s0,2.4465297852086128,False,-1,4.4778406258326955,4.4778406258326955,4.4778406258326955,0.0,17
scene-150623512729-medium-01,waymo,medium,cinque,opctrl,pp-spec-P2H10-F-s0,0.9955634427684117,1.0,1.0,1.0,0.9937888198757764,1.0,0.9955634427684117,322,complete,252.6,0,2026-10-06 16:25:04,150623512729_0_200,/root/autodl-tmp/ujs/runs/op_parity/hugsim/pp-spec-P2H10-F-s0/zs/150623512729_0_200_medium_01,spec,P2H10-F-s0,2.4465297852086128,False,-1,4.609077685755666,4.609077685755666,3.551426999062424,0.0,322
scene-152217047339-extreme-00,waymo,extreme,cinque,opctrl,pp-spec-P2H10-F-s0,0.0487749866080239,0.17071245312808367,0.3333333333333333,1.0,0.26666666666666666,1.0,0.2857142857142857,15,fg_collision,20.8,0,2026-10-06 16:23:14,152217047339_0_200,/root/autodl-tmp/ujs/runs/op_parity/hugsim/pp-spec-P2H10-F-s0/zs/152217047339_0_200_extreme_00,spec,P2H10-F-s0,7.961120166519762,False,-1,3.2446526399697544,3.2446526399697544,2.8564989307939808,0.0,15
scene-152217047339-medium-00,waymo,medium,cinque,opctrl,pp-spec-P2H10-F-s0,0.24272796475283154,0.3611604499703967,0.7045454545454546,0.8181818181818182,0.6590909090909091,1.0,0.672077922077922,44,bg_collision,388.3,0,2026-10-06 16:18:00,152217047339_0_200,/root/autodl-tmp/ujs/runs/op_parity/hugsim/pp-spec-P2H10-F-s0/zs/152217047339_0_200_medium_00,spec,P2H10-F-s0,32.40286303610921,False,-1,3.368451126406394,3.4063547052295076,3.074723311763231,0.0,44
scene-164701907483-easy-00,waymo,easy,cinque,opctrl,pp-spec-P2H10-F-s0,0.43094555873925516,0.4813753581661891,0.9333333333333333,1.0,0.88,1.0,0.8952380952380956,75,bg_collision,50.9,0,2026-10-06 16:20:53,164701907483_0_200,/root/autodl-tmp/ujs/runs/op_parity/hugsim/pp-spec-P2H10-F-s0/zs/164701907483_0_200_easy_00,spec,P2H10-F-s0,9.30572812131377,False,-1,4.407818529952389,5.019217232548741,5.019217232548741,0.0,75
scene-164701907483-hard-00,waymo,hard,cinque,opctrl,pp-spec-P2H10-F-s0,0.43977385238130223,0.4750079592486469,0.9326923076923077,1.0,0.9230769230769231,1.0,0.9258241758241759,104,bg_collision,85.5,0,2026-10-06 16:22:55,164701907483_0_200,/root/autodl-tmp/ujs/runs/op_parity/hugsim/pp-spec-P2H10-F-s0/zs/164701907483_0_200_hard_00,spec,P2H10-F-s0,8.723535417251854,False,-1,4.387815328594989,4.599072314474541,3.623777631573077,0.125,104
scene-166085257829-extreme-00,waymo,extreme,cinque,opctrl,pp-spec-P2H10-F-s0,0.04043575472146901,0.11655011655011654,0.5,1.0,0.2857142857142857,1.0,0.3469387755102041,14,bg_collision,22.7,0,2026-10-06 16:23:18,166085257829_0_200,/root/autodl-tmp/ujs/runs/op_parity/hugsim/pp-spec-P2H10-F-s0/zs/166085257829_0_200_extreme_00,spec,P2H10-F-s0,11.494325915996543,False,-1,3.8127660687945366,3.8127660687945366,3.8127660687945366,0.0,14
scene-250_450-hard-00,kitti360,hard,cinque,opctrl,pp-spec-P2H10-F-s0,0.00858364606068219,0.0658079531318968,0.34782608695652173,0.6956521739130435,0.21739130434782608,0.9565217391304348,0.13043478260869565,23,fg_collision,25.3,0,2026-10-06 16:24:20,0000_250_450,/root/autodl-tmp/ujs/runs/op_parity/hugsim/pp-spec-P2H10-F-s0/zs/0000_250_450_hard_00,spec,P2H10-F-s0,3.4204195838954328,False,-1,4.471360975653231,4.471360975653231,0.6892801554965012,0.0,23
scene-2510_2710-extreme-00,kitti360,extreme,cinque,opctrl,pp-spec-P2H10-F-s0,0.0070011603516758145,0.08712555104307682,0.1875,0.9375,0.0625,1.0,0.08035714285714285,16,fg_collision,18.0,0,2026-10-06 16:24:29,0000_2510_2710,/root/autodl-tmp/ujs/runs/op_parity/hugsim/pp-spec-P2H10-F-s0/zs/0000_2510_2710_extreme_00,spec,P2H10-F-s0,4.399454443655074,False,-1,5.42744438048269,5.42744438048269,5.42744438048269,0.0,16
scene-2510_2710-hard-00,kitti360,hard,cinque,opctrl,pp-spec-P2H10-F-s0,0.001143822449664374,0.060050678607379636,0.3333333333333333,0.7333333333333333,0.06666666666666667,1.0,0.019047619047619046,15,fg_collision,19.8,0,2026-10-06 16:24:17,0000_2510_2710,/root/autodl-tmp/ujs/runs/op_parity/hugsim/pp-spec-P2H10-F-s0/zs/0000_2510_2710_hard_00,spec,P2H10-F-s0,4.0800052270643485,False,-1,3.2984752193177265,3.2984752193177265,3.0934777842248247,0.0,15
scene-2800_3000-easy-00,kitti360,easy,cinque,opctrl,pp-spec-P2H10-F-s0,0.7389770723104057,1.0,0.8271604938271605,0.9382716049382716,0.8518518518518519,0.9382716049382716,0.7389770723104057,81,complete,71.8,0,2026-10-06 16:24:11,0000_2800_3000,/root/autodl-tmp/ujs/runs/op_parity/hugsim/pp-spec-P2H10-F-s0/zs/0000_2800_3000_easy_00,spec,P2H10-F-s0,5.825370829047385,False,-1,12.724666061968549,13.42336411987377,7.8024910854939495,0.0,81
scene-3000_3200-hard-00,kitti360,hard,cinque,opctrl,pp-spec-P2H10-F-s0,0.05863667170994529,0.3344462016048732,0.5,0.7272727272727273,0.3181818181818182,1.0,0.1753246753246753,22,bg_collision,21.7,0,2026-10-06 16:24:20,0000_3000_3200,/root/autodl-tmp/ujs/runs/op_parity/hugsim/pp-spec-P2H10-F-s0/zs/0000_3000_3200_hard_00,spec,P2H10-F-s0,5.194612092318551,False,-1,9.547120980460445,9.547120980460445,9.547120980460445,0.0,22
scene-3000_3200-medium-00,kitti360,medium,cinque,opctrl,pp-spec-P2H10-F-s0,0.08879935738132892,0.33151760089029464,0.6666666666666666,0.7083333333333334,0.4166666666666667,1.0,0.26785714285714285,24,bg_collision,25.0,0,2026-10-06 16:23:39,0000_3000_3200,/root/autodl-tmp/ujs/runs/op_parity/hugsim/pp-spec-P2H10-F-s0/zs/0000_3000_3200_medium_00,spec,P2H10-F-s0,3.911562013538379,False,-1,8.692481265838792,8.692481265838792,8.692481265838792,0.0,24
scene-322492347634-easy-00,waymo,easy,cinque,opctrl,pp-spec-P2H10-F-s0,0.9702970297029703,1.0,0.9702970297029703,1.0,0.9702970297029703,1.0,0.9702970297029703,101,complete,80.1,0,2026-10-06 16:21:28,322492347634_0_200,/root/autodl-tmp/ujs/runs/op_parity/hugsim/pp-spec-P2H10-F-s0/zs/322492347634_0_200_easy_00,spec,P2H10-F-s0,1.1215356065384898,False,-1,7.861233023482925,7.991856143851709,2.835183467409047,0.0,101
scene-3400_3600-extreme-00,kitti360,extreme,cinque,opctrl,pp-spec-P2H10-F-s0,0.0,0.09417694654463456,0.4,0.5333333333333333,0.26666666666666666,1.0,0.0,15,fg_collision,15.3,0,2026-10-06 16:24:32,0000_3400_3600,/root/autodl-tmp/ujs/runs/op_parity/hugsim/pp-spec-P2H10-F-s0/zs/0000_3400_3600_extreme_00,spec,P2H10-F-s0,1.163784889740203,False,-1,5.321399698413245,5.321399698413245,5.321399698413245,0.0,15
scene-3400_3600-hard-00,kitti360,hard,cinque,opctrl,pp-spec-P2H10-F-s0,0.052441589449150124,0.25069637883008355,0.5,0.7857142857142857,0.39285714285714285,1.0,0.20918367346938774,28,fg_collision,23.2,0,2026-10-06 16:24:25,0000_3400_3600,/root/autodl-tmp/ujs/runs/op_parity/hugsim/pp-spec-P2H10-F-s0/zs/0000_3400_3600_hard_00,spec,P2H10-F-s0,2.2761698092517864,False,-1,7.5879976420020325,7.5879976420020325,2.450760612086975,0.0,28
scene-398895700423-easy-00,waymo,easy,cinque,opctrl,pp-spec-P2H10-F-s0,0.9964726631393299,1.0,1.0,1.0,1.0,0.9876543209876543,0.9964726631393299,162,complete,159.4,0,2026-10-06 16:22:59,398895700423_0_200,/root/autodl-tmp/ujs/runs/op_parity/hugsim/pp-spec-P2H10-F-s0/zs/398895700423_0_200_easy_00,spec,P2H10-F-s0,1.8393030155197885,False,-1,5.695413657871489,6.689089984868006,3.971448852326095,0.06172839506172839,162
scene-570_770-easy-00,kitti360,easy,cinque,opctrl,pp-spec-P2H10-F-s0,0.2062994611412982,0.46761211192027596,0.8529411764705882,0.4411764705882353,0.8823529411764706,1.0,0.4411764705882353,34,bg_collision,381.0,0,2026-10-06 16:17:53,0000_570_770,/root/autodl-tmp/ujs/runs/op_parity/hugsim/pp-spec-P2H10-F-s0/zs/0000_570_770_easy_00,spec,P2H10-F-s0,49.504525030449386,False,-1,13.778683230444091,13.778683230444091,10.73092931511313,0.0,34
scene-570_770-medium-00,kitti360,medium,cinque,opctrl,pp-spec-P2H10-F-s0,0.21338641096160615,0.4769813892082961,0.7894736842105263,0.4473684210526316,0.8421052631578947,1.0,0.4473684210526316,38,off_route,36.3,0,2026-10-06 16:23:54,0000_570_770,/root/autodl-tmp/ujs/runs/op_parity/hugsim/pp-spec-P2H10-F-s0/zs/0000_570_770_medium_00,spec,P2H10-F-s0,49.36085816059151,False,-1,12.125064465347196,12.125064465347196,9.098398151969596,0.0,38
scene-5980_6180-easy-00,kitti360,easy,cinque,opctrl,pp-spec-P2H10-F-s0,0.2518452575429681,0.3540283743329429,0.8775510204081632,0.9183673469387755,0.8163265306122449,0.8571428571428571,0.7113702623906706,49,off_route,31.1,0,2026-10-06 16:18:19,0000_5980_6180,/root/autodl-tmp/ujs/runs/op_parity/hugsim/pp-spec-P2H10-F-s0/zs/0000_5980_6180_easy_00,spec,P2H10-F-s0,54.75273237666756,False,-1,9.204681240098935,9.204681240098935,3.7253164214657795,0.0,49
scene-5980_6180-extreme-00,kitti360,extreme,cinque,opctrl,pp-spec-P2H10-F-s0,0.009448039270374294,0.11757559980910234,0.375,0.75,0.25,1.0,0.08035714285714285,16,fg_collision,17.6,0,2026-10-06 16:24:37,0000_5980_6180,/root/autodl-tmp/ujs/runs/op_parity/hugsim/pp-spec-P2H10-F-s0/zs/0000_5980_6180_extreme_00,spec,P2H10-F-s0,2.195129301142797,False,-1,5.623038216629864,5.623038216629864,5.623038216629864,0.0,16
scene-6580_6780-medium-01,kitti360,medium,cinque,opctrl,pp-spec-P2H10-F-s0,0.0,0.04277687148812761,0.0,1.0,0.0,1.0,0.0,12,bg_collision,19.2,0,2026-10-06 16:23:58,0000_6580_6780,/root/autodl-tmp/ujs/runs/op_parity/hugsim/pp-spec-P2H10-F-s0/zs/0000_6580_6780_medium_01,spec,P2H10-F-s0,2.030201635105099,False,-1,5.083671879341066,5.083671879341066,5.083671879341066,0.0,12
scene-770_970-extreme-00,kitti360,extreme,cinque,opctrl,pp-spec-P2H10-F-s0,0.029065799510217188,0.1840833968980422,0.15789473684210525,0.9473684210526315,0.15789473684210525,1.0,0.15789473684210525,19,fg_collision,18.1,0,2026-10-06 16:24:38,0000_770_970,/root/autodl-tmp/ujs/runs/op_parity/hugsim/pp-spec-P2H10-F-s0/zs/0000_770_970_extreme_00,spec,P2H10-F-s0,2.777160377270167,False,-1,6.722126516405106,6.722126516405106,6.693090301704296,0.0,19
scene-8440_8640-easy-00,kitti360,easy,cinque,opctrl,pp-spec-P2H10-F-s0,0.6999117247263807,0.8011037813133273,1.0,0.9263157894736842,0.9473684210526315,0.9473684210526315,0.8736842105263158,95,off_route,58.1,0,2026-10-06 16:18:46,0000_8440_8640,/root/autodl-tmp/ujs/runs/op_parity/hugsim/pp-spec-P2H10-F-s0/zs/0000_8440_8640_easy_00,spec,P2H10-F-s0,60.83371243054691,True,91,7.901535699859231,9.611233739928668,2.1785853281720797,0.0,95
scene-881121006469-hard-00,waymo,hard,cinque,opctrl,pp-spec-P2H10-F-s0,0.3421368547418968,0.4761904761904762,0.8529411764705882,1.0,0.6764705882352942,0.9705882352941176,0.7184873949579833,34,fg_collision,37.4,0,2026-10-06 16:22:30,881121006469_0_200,/root/autodl-tmp/ujs/runs/op_parity/hugsim/pp-spec-P2H10-F-s0/zs/881121006469_0_200_hard_00,spec,P2H10-F-s0,2.4046765706821116,False,-1,4.450322362482596,4.450322362482596,1.99609363084268,0.029411764705882353,34
scene-0013-extreme-00,nuscenes,extreme,cinque,opctrl,pp-spec-P2H10-F-s1,0.02454274219449938,0.0896343627973021,0.3333333333333333,1.0,0.25,1.0,0.2738095238095238,12,fg_collision,17.5,0,2026-10-06 16:48:05,scene-0013,/root/autodl-tmp/ujs/runs/op_parity/hugsim/pp-spec-P2H10-F-s1/zs/scene-0013_extreme_00,spec,P2H10-F-s1,0.8764632810908125,False,-1,4.428696523985972,4.428696523985972,4.428696523985972,0.0,12
scene-0013-medium-00,nuscenes,medium,cinque,opctrl,pp-spec-P2H10-F-s1,0.25059828688308844,0.3576499822506212,0.9047619047619048,1.0,0.6666666666666666,1.0,0.7006802721088438,21,fg_collision,367.1,0,2026-10-06 16:40:35,scene-0013,/root/autodl-tmp/ujs/runs/op_parity/hugsim/pp-spec-P2H10-F-s1/zs/scene-0013_medium_00,spec,P2H10-F-s1,0.7918015797058839,False,-1,10.562692446464368,10.562692446464368,10.562692446464368,0.0,21
scene-0041-medium-00,nuscenes,medium,cinque,opctrl,pp-spec-P2H10-F-s1,0.1783523225241017,0.26993865030674846,0.8333333333333334,0.9166666666666666,0.7083333333333334,1.0,0.6607142857142858,24,off_route,27.1,0,2026-10-06 16:47:25,scene-0041,/root/autodl-tmp/ujs/runs/op_parity/hugsim/pp-spec-P2H10-F-s1/zs/scene-0041_medium_00,spec,P2H10-F-s1,43.01308526339805,False,-1,10.399005005110801,10.399005005110801,10.399005005110801,0.0,24
scene-0051-easy-00,nuscenes,easy,cinque,opctrl,pp-spec-P2H10-F-s1,1.0,1.0,1.0,1.0,1.0,1.0,1.0,42,complete,361.9,0,2026-10-06 16:46:54,scene-0051,/root/autodl-tmp/ujs/runs/op_parity/hugsim/pp-spec-P2H10-F-s1/zs/scene-0051_easy_00,spec,P2H10-F-s1,2.40861816632849,False,-1,15.195488821980208,15.9931591351697,15.9931591351697,0.0,42
scene-0138-extreme-00,nuscenes,extreme,cinque,opctrl,pp-spec-P2H10-F-s1,0.07904883176568613,0.17322004873872093,0.5555555555555556,1.0,0.4166666666666667,1.0,0.4563492063492063,36,fg_collision,23.9,0,2026-10-06 16:48:20,scene-0138,/root/autodl-tmp/ujs/runs/op_parity/hugsim/pp-spec-P2H10-F-s1/zs/scene-0138_extreme_00,spec,P2H10-F-s1,0.9147757684503002,False,-1,4.816688117319383,4.816688117319383,1.12482421129685,0.19444444444444445,36
scene-0166-easy-00,nuscenes,easy,cinque,opctrl,pp-spec-P2H10-F-s1,1.0,1.0,1.0,1.0,1.0,1.0,1.0,42,complete,292.1,0,2026-10-06 16:46:58,scene-0166,/root/autodl-tmp/ujs/runs/op_parity/hugsim/pp-spec-P2H10-F-s1/zs/scene-0166_easy_00,spec,P2H10-F-s1,1.574830225979879,False,-1,15.374561612244415,15.374561612244415,14.928350560751595,0.0,42
scene-0167-easy-00,nuscenes,easy,cinque,opctrl,pp-spec-P2H10-F-s1,0.9857142857142857,1.0,1.0,1.0,0.98,1.0,0.9857142857142857,50,complete,37.0,0,2026-10-06 16:47:31,scene-0167,/root/autodl-tmp/ujs/runs/op_parity/hugsim/pp-spec-P2H10-F-s1/zs/scene-0167_easy_00,spec,P2H10-F-s1,1.7428208761561756,False,-1,15.903509337966678,15.949845748653832,15.1486878701096,0.0,50
scene-021-extreme-02,pandaset,extreme,cinque,opctrl,pp-spec-P2H10-F-s1,0.024626497216289282,0.05357927097057532,0.5217391304347826,1.0,0.43478260869565216,0.9565217391304348,0.4596273291925467,23,fg_collision,194.6,0,2026-10-06 18:33:07,021,/root/autodl-tmp/ujs/runs/op_parity/hugsim/pp-spec-P2H10-F-s1/zs/021_extreme_02,spec,P2H10-F-s1,0.7935653263791594,False,-1,1.1514256134903702,1.1514256134903702,0.6806611419646622,0.0,23
scene-0254-extreme-00,nuscenes,extreme,cinque,opctrl,pp-spec-P2H10-F-s1,0.029774228531992502,0.10199257007767647,0.4782608695652174,1.0,0.21739130434782608,1.0,0.29192546583850926,23,fg_collision,370.0,0,2026-10-06 16:40:38,scene-0254,/root/autodl-tmp/ujs/runs/op_parity/hugsim/pp-spec-P2H10-F-s1/zs/scene-0254_extreme_00,spec,P2H10-F-s1,0.9728344847512403,False,-1,4.4171352698390836,4.4171352698390836,1.0727090596850013,0.0,23
scene-0254-hard-00,nuscenes,hard,cinque,opctrl,pp-spec-P2H10-F-s1,0.043593501230279344,0.12360688956433637,0.53125,1.0,0.28125,1.0,0.35267857142857145,32,fg_collision,35.9,0,2026-10-06 16:47:58,scene-0254,/root/autodl-tmp/ujs/runs/op_parity/hugsim/pp-spec-P2H10-F-s1/zs/scene-0254_hard_00,spec,P2H10-F-s1,1.233650329232324,False,-1,5.092646799025857,5.092646799025857,0.47220294897298387,0.125,32
scene-032-medium-00,pandaset,medium,cinque,opctrl,pp-spec-P2H10-F-s1,0.34483371549440983,0.49850961044300546,0.7894736842105263,1.0,0.6666666666666666,0.9649122807017544,0.6917293233082707,57,fg_collision,42.7,0,2026-10-06 16:53:27,032,/root/autodl-tmp/ujs/runs/op_parity/hugsim/pp-spec-P2H10-F-s1/zs/032_medium_00,spec,P2H10-F-s1,1.7697673566613072,False,-1,5.922267977905512,5.922267977905512,2.6197294316191746,0.2807017543859649,57
scene-032-medium-02,pandaset,medium,cinque,opctrl,pp-spec-P2H10-F-s1,0.27843221246519606,0.6012950971322849,0.5862068965517241,1.0,0.41379310344827586,1.0,0.4630541871921184,29,fg_collision,29.5,0,2026-10-06 16:53:17,032,/root/autodl-tmp/ujs/runs/op_parity/hugsim/pp-spec-P2H10-F-s1/zs/032_medium_02,spec,P2H10-F-s1,1.8078824808610763,False,-1,6.997677100320163,6.997677100320163,4.784101626560288,0.0,29
scene-034-easy-00,pandaset,easy,cinque,opctrl,pp-spec-P2H10-F-s1,0.7723970944309927,1.0,0.7966101694915254,1.0,0.7966101694915254,1.0,0.7723970944309927,59,complete,44.0,0,2026-10-06 16:53:23,034,/root/autodl-tmp/ujs/runs/op_parity/hugsim/pp-spec-P2H10-F-s1/zs/034_easy_00,spec,P2H10-F-s1,1.4264365739954583,False,-1,11.671510419525024,11.671510419525024,6.30319591810955,0.05084745762711865,59
scene-034-hard-00,pandaset,hard,cinque,opctrl,pp-spec-P2H10-F-s1,0.10502540937323546,0.2450592885375494,0.5,1.0,0.45,1.0,0.42857142857142855,20,fg_collision,19.2,0,2026-10-06 16:53:28,034,/root/autodl-tmp/ujs/runs/op_parity/hugsim/pp-spec-P2H10-F-s1/zs/034_hard_00,spec,P2H10-F-s1,4.958305507656945,False,-1,5.0293894133121135,5.0293894133121135,4.335254444772403,0.0,20
scene-034-hard-01,pandaset,hard,cinque,opctrl,pp-spec-P2H10-F-s1,0.11083924127402389,0.2635046113306983,0.5,1.0,0.3888888888888889,1.0,0.42063492063492064,18,fg_collision,19.1,0,2026-10-06 16:53:36,034,/root/autodl-tmp/ujs/runs/op_parity/hugsim/pp-spec-P2H10-F-s1/zs/034_hard_01,spec,P2H10-F-s1,2.487623375188091,False,-1,7.92385570711033,7.92385570711033,7.92385570711033,0.0,18
scene-039-easy-00,pandaset,easy,cinque,opctrl,pp-spec-P2H10-F-s1,1.0,1.0,1.0,1.0,1.0,1.0,1.0,32,complete,30.4,0,2026-10-06 16:53:09,039,/root/autodl-tmp/ujs/runs/op_parity/hugsim/pp-spec-P2H10-F-s1/zs/039_easy_00,spec,P2H10-F-s1,1.6945923159351692,False,-1,14.153605892595712,14.153605892595712,12.653605892595712,0.0,32
scene-040-easy-00,pandaset,easy,cinque,opctrl,pp-spec-P2H10-F-s1,0.9601648351648353,1.0,0.9807692307692307,1.0,0.9519230769230769,1.0,0.9601648351648353,104,complete,404.1,0,2026-10-06 16:47:22,040,/root/autodl-tmp/ujs/runs/op_parity/hugsim/pp-spec-P2H10-F-s1/zs/040_easy_00,spec,P2H10-F-s1,9.489834674273903,False,-1,6.784515541101977,6.784515541101977,1.7976839516749112,0.0,104
scene-0411-easy-00,nuscenes,easy,cinque,opctrl,pp-spec-P2H10-F-s1,0.9230769230769231,1.0,0.9230769230769231,1.0,0.9230769230769231,1.0,0.9230769230769231,39,complete,32.1,0,2026-10-06 16:47:28,scene-0411,/root/autodl-tmp/ujs/runs/op_parity/hugsim/pp-spec-P2H10-F-s1/zs/scene-0411_easy_00,spec,P2H10-F-s1,1.1242875935030414,False,-1,17.52941596680692,17.52941596680692,17.448299629847178,0.0,39
scene-0411-hard-00,nuscenes,hard,cinque,opctrl,pp-spec-P2H10-F-s1,0.9230769230769231,1.0,0.9230769230769231,1.0,0.9230769230769231,1.0,0.9230769230769231,39,complete,41.0,0,2026-10-06 16:48:06,scene-0411,/root/autodl-tmp/ujs/runs/op_parity/hugsim/pp-spec-P2H10-F-s1/zs/scene-0411_hard_00,spec,P2H10-F-s1,1.1262672816847348,False,-1,17.56379824078244,17.56379824078244,17.50220149210745,0.0,39
scene-0411-medium-00,nuscenes,medium,cinque,opctrl,pp-spec-P2H10-F-s1,0.17571064490227858,0.2568934112178883,0.803030303030303,1.0,0.6363636363636364,1.0,0.683982683982684,66,fg_collision,50.9,0,2026-10-06 16:47:56,scene-0411,/root/autodl-tmp/ujs/runs/op_parity/hugsim/pp-spec-P2H10-F-s1/zs/scene-0411_medium_00,spec,P2H10-F-s1,0.47911906555321465,False,-1,5.733136443609446,5.733136443609446,0.9827222717497739,0.25757575757575757,66
scene-0418-hard-00,nuscenes,hard,cinque,opctrl,pp-spec-P2H10-F-s1,0.2787456445993031,1.0,0.36585365853658536,1.0,0.2682926829268293,1.0,0.2787456445993031,41,complete,38.6,0,2026-10-06 16:48:06,scene-0418,/root/autodl-tmp/ujs/runs/op_parity/hugsim/pp-spec-P2H10-F-s1/zs/scene-0418_hard_00,spec,P2H10-F-s1,2.17109302654701,False,-1,18.47786050806363,19.17414661515121,19.17414661515121,0.0,41
scene-0528-extreme-00,nuscenes,extreme,cinque,opctrl,pp-spec-P2H10-F-s1,0.10746351072245848,0.278003429912447,0.47058823529411764,1.0,0.35294117647058826,1.0,0.38655462184873945,17,fg_collision,14.5,0,2026-10-06 16:48:13,scene-0528,/root/autodl-tmp/ujs/runs/op_parity/hugsim/pp-spec-P2H10-F-s1/zs/scene-0528_extreme_00,spec,P2H10-F-s1,3.9798569539055455,False,-1,7.513898802615254,7.513898802615254,7.513898802615254,0.0,17
scene-0528-medium-00,nuscenes,medium,cinque,opctrl,pp-spec-P2H10-F-s1,0.0740139001714956,0.2527303908294972,0.4,1.0,0.25,1.0,0.2928571428571428,20,fg_collision,367.4,0,2026-10-06 16:40:35,scene-0528,/root/autodl-tmp/ujs/runs/op_parity/hugsim/pp-spec-P2H10-F-s1/zs/scene-0528_medium_00,spec,P2H10-F-s1,4.489218207663186,False,-1,4.985253223838818,4.985253223838818,2.380538607067501,0.0,20
scene-053-extreme-02,pandaset,extreme,cinque,opctrl,pp-spec-P2H10-F-s1,0.04113898523836412,0.13438735177865613,0.35714285714285715,1.0,0.2857142857142857,1.0,0.30612244897959184,14,fg_collision,185.1,0,2026-10-06 18:32:58,053,/root/autodl-tmp/ujs/runs/op_parity/hugsim/pp-spec-P2H10-F-s1/zs/053_extreme_02,spec,P2H10-F-s1,0.9868044553154587,False,-1,4.026562373861497,4.026562373861497,4.026562373861497,0.0,14
scene-053-medium-02,pandaset,medium,cinque,opctrl,pp-spec-P2H10-F-s1,0.9642857142857144,1.0,0.9921875,1.0,0.953125,1.0,0.9642857142857144,128,complete,427.5,0,2026-10-06 16:47:47,053,/root/autodl-tmp/ujs/runs/op_parity/hugsim/pp-spec-P2H10-F-s1/zs/053_medium_02,spec,P2H10-F-s1,3.446225501826313,False,-1,5.529000725948747,7.094705889853901,7.094705889853901,0.0,128
scene-090-hard-01,pandaset,hard,cinque,opctrl,pp-spec-P2H10-F-s1,1.0,1.0,1.0,1.0,1.0,1.0,1.0,57,complete,215.9,0,2026-10-06 18:33:29,090,/root/autodl-tmp/ujs/runs/op_parity/hugsim/pp-spec-P2H10-F-s1/zs/090_hard_01,spec,P2H10-F-s1,1.6522752096601672,False,-1,9.827941073809939,12.170486079413957,12.170486079413957,0.0,57
scene-0930-hard-00,nuscenes,hard,cinque,opctrl,pp-spec-P2H10-F-s1,0.9206349206349205,1.0,1.0,1.0,0.8888888888888888,1.0,0.9206349206349205,36,complete,38.1,0,2026-10-06 16:48:09,scene-0930,/root/autodl-tmp/ujs/runs/op_parity/hugsim/pp-spec-P2H10-F-s1/zs/scene-0930_hard_00,spec,P2H10-F-s1,6.8284183679200385,False,-1,14.2841614999151,14.2841614999151,14.2841614999151,0.0,36
scene-095-extreme-01,pandaset,extreme,cinque,opctrl,pp-spec-P2H10-F-s1,0.04812540743772835,0.15791149315504616,0.4,1.0,0.4,1.0,0.30476190476190473,15,fg_collision,181.3,0,2026-10-06 18:32:54,095,/root/autodl-tmp/ujs/runs/op_parity/hugsim/pp-spec-P2H10-F-s1/zs/095_extreme_01,spec,P2H10-F-s1,0.41510805980368387,False,-1,6.353017113688532,6.353017113688532,6.353017113688532,0.0,15
scene-095-medium-01,pandaset,medium,cinque,opctrl,pp-spec-P2H10-F-s1,0.6034226190476215,1.0,0.9010416666666666,1.0,0.484375,1.0,0.6034226190476215,192,complete,263.0,0,2026-10-06 18:34:16,095,/root/autodl-tmp/ujs/runs/op_parity/hugsim/pp-spec-P2H10-F-s1/zs/095_medium_01,spec,P2H10-F-s1,1.010316266401368,False,-1,4.254185001708588,4.254185001708588,2.306119949825453,0.0,192
scene-100613054308-hard-00,waymo,hard,cinque,opctrl,pp-spec-P2H10-F-s1,0.17905848012761766,0.2589688762176289,0.72,1.0,0.68,1.0,0.6914285714285714,25,bg_collision,32.4,0,2026-10-06 16:49:59,100613054308_0_200,/root/autodl-tmp/ujs/runs/op_parity/hugsim/pp-spec-P2H10-F-s1/zs/100613054308_0_200_hard_00,spec,P2H10-F-s1,14.069029146382121,False,-1,2.2831545576043197,2.2831545576043197,2.2831545576043197,0.0,25
scene-102751446607-medium-01,waymo,medium,cinque,opctrl,pp-spec-P2H10-F-s1,0.9476796138105902,0.9553144948886211,1.0,0.993006993006993,0.993006993006993,0.9965034965034965,0.9920079920079921,286,bg_collision,457.3,0,2026-10-06 16:42:05,102751446607_0_200,/root/autodl-tmp/ujs/runs/op_parity/hugsim/pp-spec-P2H10-F-s1/zs/102751446607_0_200_medium_01,spec,P2H10-F-s1,30.70563977508276,False,-1,3.3367211870517055,4.042632447339317,2.3057920424602565,0.1958041958041958,286
scene-106762673266-hard-00,waymo,hard,cinque,opctrl,pp-spec-P2H10-F-s1,0.04850123775696911,0.11085997201592938,0.4375,1.0,0.5625,1.0,0.4375,16,fg_collision,26.7,0,2026-10-06 16:50:16,106762673266_0_200,/root/autodl-tmp/ujs/runs/op_parity/hugsim/pp-spec-P2H10-F-s1/zs/106762673266_0_200_hard_00,spec,P2H10-F-s1,4.660265310787285,False,-1,4.527285484874083,4.527285484874083,4.527285484874083,0.0,16
scene-113-easy-00,pandaset,easy,cinque,opctrl,pp-spec-P2H10-F-s1,0.7113702623906705,1.0,0.7551020408163265,1.0,0.7142857142857143,1.0,0.7113702623906705,49,complete,40.7,0,2026-10-06 16:53:20,113,/root/autodl-tmp/ujs/runs/op_parity/hugsim/pp-spec-P2H10-F-s1/zs/113_easy_00,spec,P2H10-F-s1,0.6159105421285964,False,-1,13.219262324814895,14.010389648522596,13.814908516760093,0.0,49
scene-113792265837-easy-00,waymo,easy,cinque,opctrl,pp-spec-P2H10-F-s1,0.8029029793735675,1.0,0.8502673796791443,1.0,0.7967914438502673,0.9946524064171123,0.8029029793735675,187,complete,173.7,0,2026-10-06 16:50:58,113792265837_0_200,/root/autodl-tmp/ujs/runs/op_parity/hugsim/pp-spec-P2H10-F-s1/zs/113792265837_0_200_easy_00,spec,P2H10-F-s1,20.228985178182047,False,-1,5.653159818870327,6.5126247024751205,3.3058097621095075,0.0053475935828877,187
scene-124-extreme-01,pandaset,extreme,cinque,opctrl,pp-spec-P2H10-F-s1,0.9633204633204634,1.0,0.972972972972973,1.0,0.9864864864864865,1.0,0.9633204633204634,74,complete,52.7,0,2026-10-06 18:33:47,124,/root/autodl-tmp/ujs/runs/op_parity/hugsim/pp-spec-P2H10-F-s1/zs/124_extreme_01,spec,P2H10-F-s1,0.6598993647896911,False,-1,9.379816148556333,9.552552263805367,9.552552263805367,0.08108108108108109,74
scene-124-hard-01,pandaset,hard,cinque,opctrl,pp-spec-P2H10-F-s1,1.0,1.0,1.0,1.0,1.0,1.0,1.0,73,complete,223.8,0,2026-10-06 18:33:36,124,/root/autodl-tmp/ujs/runs/op_parity/hugsim/pp-spec-P2H10-F-s1/zs/124_hard_01,spec,P2H10-F-s1,1.3209284848383356,False,-1,9.568360447599725,9.57555617904652,9.57555617904652,0.0684931506849315,73
scene-1290_1490-medium-01,kitti360,medium,cinque,opctrl,pp-spec-P2H10-F-s1,0.13113806675497586,0.29457132905408767,0.813953488372093,0.9302325581395349,0.3953488372093023,1.0,0.4451827242524915,43,fg_collision,36.5,0,2026-10-06 16:52:03,0000_1290_1490,/root/autodl-tmp/ujs/runs/op_parity/hugsim/pp-spec-P2H10-F-s1/zs/0000_1290_1490_medium_01,spec,P2H10-F-s1,1.2715133966789838,False,-1,4.085875889746782,4.085875889746782,3.7080278236022384,0.0,43
scene-132384196576-medium-01,waymo,medium,cinque,opctrl,pp-spec-P2H10-F-s1,0.9838551859099804,1.0,1.0,1.0,0.9828767123287672,0.9863013698630136,0.9838551859099804,292,complete,243.6,0,2026-10-06 16:52:16,132384196576_0_200,/root/autodl-tmp/ujs/runs/op_parity/hugsim/pp-spec-P2H10-F-s1/zs/132384196576_0_200_medium_01,spec,P2H10-F-s1,4.652593737580009,False,-1,4.191967140563871,5.678919794407091,3.0213953865336,0.06164383561643835,292
scene-144248042870-extreme-00,waymo,extreme,cinque,opctrl,pp-spec-P2H10-F-s1,0.014714029936001198,0.04447649957927635,0.631578947368421,0.631578947368421,0.5526315789473685,1.0,0.3308270676691729,38,off_route,37.8,0,2026-10-06 16:51:30,144248042870_0_200,/root/autodl-tmp/ujs/runs/op_parity/hugsim/pp-spec-P2H10-F-s1/zs/144248042870_0_200_extreme_00,spec,P2H10-F-s1,60.51188958744394,True,36,3.610660546617847,3.610660546617847,2.5631529677002325,0.13157894736842105,38
scene-150623512729-extreme-00,waymo,extreme,cinque,opctrl,pp-spec-P2H10-F-s1,0.043588044008786624,0.12482030784334351,0.3888888888888889,1.0,0.3333333333333333,1.0,0.3492063492063492,18,fg_collision,26.7,0,2026-10-06 16:51:25,150623512729_0_200,/root/autodl-tmp/ujs/runs/op_parity/hugsim/pp-spec-P2H10-F-s1/zs/150623512729_0_200_extreme_00,spec,P2H10-F-s1,3.7144030324412545,False,-1,4.18659461507473,4.18659461507473,4.075018645828405,0.0,18
scene-150623512729-medium-01,waymo,medium,cinque,opctrl,pp-spec-P2H10-F-s1,0.9978089395267309,1.0,1.0,1.0,0.9969325153374233,1.0,0.9978089395267309,326,complete,267.8,0,2026-10-06 16:52:48,150623512729_0_200,/root/autodl-tmp/ujs/runs/op_parity/hugsim/pp-spec-P2H10-F-s1/zs/150623512729_0_200_medium_01,spec,P2H10-F-s1,2.4465297852086128,False,-1,4.198693729861913,4.198693729861913,3.5655169684823944,0.0,326
scene-152217047339-extreme-00,waymo,extreme,cinque,opctrl,pp-spec-P2H10-F-s1,0.05348735112754397,0.16380501282810342,0.42857142857142855,1.0,0.2857142857142857,1.0,0.32653061224489793,14,fg_collision,20.4,0,2026-10-06 16:51:26,152217047339_0_200,/root/autodl-tmp/ujs/runs/op_parity/hugsim/pp-spec-P2H10-F-s1/zs/152217047339_0_200_extreme_00,spec,P2H10-F-s1,7.241658998015438,False,-1,3.32348978397943,3.32348978397943,3.091181705638123,0.0,14
scene-152217047339-medium-00,waymo,medium,cinque,opctrl,pp-spec-P2H10-F-s1,0.1957365768744901,0.40260509177027826,0.532258064516129,0.8064516129032258,0.46774193548387094,1.0,0.4861751152073732,62,bg_collision,383.8,0,2026-10-06 16:40:52,152217047339_0_200,/root/autodl-tmp/ujs/runs/op_parity/hugsim/pp-spec-P2H10-F-s1/zs/152217047339_0_200_medium_00,spec,P2H10-F-s1,22.370651722728876,False,-1,3.259185658656254,3.259185658656254,1.1750011834475478,0.12903225806451613,62
scene-164701907483-easy-00,waymo,easy,cinque,opctrl,pp-spec-P2H10-F-s1,0.4446056967546938,0.4673670805475963,0.9545454545454546,1.0,0.9545454545454546,0.9886363636363636,0.9512987012987012,88,bg_collision,80.6,0,2026-10-06 16:49:26,164701907483_0_200,/root/autodl-tmp/ujs/runs/op_parity/hugsim/pp-spec-P2H10-F-s1/zs/164701907483_0_200_easy_00,spec,P2H10-F-s1,8.835323808948246,False,-1,4.2579288214103395,4.2579288214103395,3.01493162436726,0.056818181818181816,88
scene-164701907483-hard-00,waymo,hard,cinque,opctrl,pp-spec-P2H10-F-s1,0.4310494626862453,0.4705507800063674,0.9381443298969072,0.9896907216494846,0.9072164948453608,1.0,0.9160530191458027,97,bg_collision,82.3,0,2026-10-06 16:51:21,164701907483_0_200,/root/autodl-tmp/ujs/runs/op_parity/hugsim/pp-spec-P2H10-F-s1/zs/164701907483_0_200_hard_00,spec,P2H10-F-s1,8.277669630182421,False,-1,4.314012372052936,4.544012853577732,3.412289969294285,0.030927835051546393,97
scene-166085257829-extreme-00,waymo,extreme,cinque,opctrl,pp-spec-P2H10-F-s1,0.03749164588325427,0.11372465917920463,0.38461538461538464,1.0,0.3076923076923077,1.0,0.32967032967032966,13,bg_collision,22.0,0,2026-10-06 16:51:43,166085257829_0_200,/root/autodl-tmp/ujs/runs/op_parity/hugsim/pp-spec-P2H10-F-s1/zs/166085257829_0_200_extreme_00,spec,P2H10-F-s1,11.934195307883869,False,-1,3.990298925026116,3.990298925026116,3.990298925026116,0.0,13
scene-250_450-hard-00,kitti360,hard,cinque,opctrl,pp-spec-P2H10-F-s1,0.0015859640272785813,0.06661048914570042,0.3333333333333333,0.75,0.16666666666666666,1.0,0.023809523809523808,24,fg_collision,21.0,0,2026-10-06 16:52:24,0000_250_450,/root/autodl-tmp/ujs/runs/op_parity/hugsim/pp-spec-P2H10-F-s1/zs/0000_250_450_hard_00,spec,P2H10-F-s1,3.694095707834641,False,-1,4.184573961744337,4.184573961744337,0.989055921976859,0.0,24
scene-2510_2710-extreme-00,kitti360,extreme,cinque,opctrl,pp-spec-P2H10-F-s1,0.006799345792675083,0.08990246103648165,0.11764705882352941,1.0,0.058823529411764705,1.0,0.07563025210084033,17,fg_collision,17.5,0,2026-10-06 16:52:39,0000_2510_2710,/root/autodl-tmp/ujs/runs/op_parity/hugsim/pp-spec-P2H10-F-s1/zs/0000_2510_2710_extreme_00,spec,P2H10-F-s1,4.407962358872557,False,-1,5.001210592265233,5.001210592265233,5.001210592265233,0.0,17
scene-2510_2710-hard-00,kitti360,hard,cinque,opctrl,pp-spec-P2H10-F-s1,0.0,0.06039779235655524,0.15,0.8,0.05,0.95,0.0,20,fg_collision,18.4,0,2026-10-06 16:52:31,0000_2510_2710,/root/autodl-tmp/ujs/runs/op_parity/hugsim/pp-spec-P2H10-F-s1/zs/0000_2510_2710_hard_00,spec,P2H10-F-s1,5.388782853532778,False,-1,2.9744000907243584,2.9744000907243584,0.5874068725915218,0.0,20
scene-2800_3000-easy-00,kitti360,easy,cinque,opctrl,pp-spec-P2H10-F-s1,0.5816326530612245,1.0,0.7,0.7857142857142857,0.7285714285714285,0.9714285714285714,0.5816326530612245,70,bg_collision,56.9,0,2026-10-06 16:52:22,0000_2800_3000,/root/autodl-tmp/ujs/runs/op_parity/hugsim/pp-spec-P2H10-F-s1/zs/0000_2800_3000_easy_00,spec,P2H10-F-s1,46.37946907685424,False,-1,13.106254603253243,13.788423094115105,5.60936154874758,0.0,70
scene-3000_3200-hard-00,kitti360,hard,cinque,opctrl,pp-spec-P2H10-F-s1,0.07979105765083624,0.33210332103321033,0.45454545454545453,0.7272727272727273,0.4090909090909091,1.0,0.24025974025974026,22,bg_collision,20.7,0,2026-10-06 16:52:37,0000_3000_3200,/root/autodl-tmp/ujs/runs/op_parity/hugsim/pp-spec-P2H10-F-s1/zs/0000_3000_3200_hard_00,spec,P2H10-F-s1,4.408107758059027,False,-1,9.50227675178478,9.50227675178478,9.50227675178478,0.0,22
scene-3000_3200-medium-00,kitti360,medium,cinque,opctrl,pp-spec-P2H10-F-s1,0.08384893076969811,0.3139459966028232,0.6086956521739131,0.6956521739130435,0.391304347826087,1.0,0.2670807453416149,23,bg_collision,22.8,0,2026-10-06 16:51:53,0000_3000_3200,/root/autodl-tmp/ujs/runs/op_parity/hugsim/pp-spec-P2H10-F-s1/zs/0000_3000_3200_medium_00,spec,P2H10-F-s1,4.2426774836804775,False,-1,8.68314964169506,8.68314964169506,8.68314964169506,0.0,23
scene-322492347634-easy-00,waymo,easy,cinque,opctrl,pp-spec-P2H10-F-s1,0.9442176870748299,1.0,0.9619047619047619,1.0,0.9523809523809523,0.9619047619047619,0.9442176870748299,105,complete,102.8,0,2026-10-06 16:49:49,322492347634_0_200,/root/autodl-tmp/ujs/runs/op_parity/hugsim/pp-spec-P2H10-F-s1/zs/322492347634_0_200_easy_00,spec,P2H10-F-s1,2.224568908233608,False,-1,7.393856620260852,7.929344584367354,7.6234854015409494,0.0,105
scene-3400_3600-extreme-00,kitti360,extreme,cinque,opctrl,pp-spec-P2H10-F-s1,0.0,0.08842905778838925,0.4,0.5333333333333333,0.26666666666666666,1.0,0.0,15,fg_collision,14.7,0,2026-10-06 16:52:39,0000_3400_3600,/root/autodl-tmp/ujs/runs/op_parity/hugsim/pp-spec-P2H10-F-s1/zs/0000_3400_3600_extreme_00,spec,P2H10-F-s1,1.2958834494887366,False,-1,4.727250925818447,4.727250925818447,4.727250925818447,0.0,15
scene-3400_3600-hard-00,kitti360,hard,cinque,opctrl,pp-spec-P2H10-F-s1,0.05045465821842455,0.24981208825219964,0.4827586206896552,0.7931034482758621,0.3793103448275862,1.0,0.20197044334975367,29,fg_collision,22.4,0,2026-10-06 16:52:39,0000_3400_3600,/root/autodl-tmp/ujs/runs/op_parity/hugsim/pp-spec-P2H10-F-s1/zs/0000_3400_3600_hard_00,spec,P2H10-F-s1,2.3688689644800855,False,-1,7.402005375130886,7.402005375130886,2.1874617468467257,0.0,29
scene-398895700423-easy-00,waymo,easy,cinque,opctrl,pp-spec-P2H10-F-s1,1.0,1.0,1.0,1.0,1.0,1.0,1.0,163,complete,177.0,0,2026-10-06 16:51:06,398895700423_0_200,/root/autodl-tmp/ujs/runs/op_parity/hugsim/pp-spec-P2H10-F-s1/zs/398895700423_0_200_easy_00,spec,P2H10-F-s1,1.777610569570838,False,-1,4.668008847306171,6.572775646740587,4.644415429331695,0.05521472392638037,163
scene-570_770-easy-00,kitti360,easy,cinque,opctrl,pp-spec-P2H10-F-s1,0.20648734771792962,0.4680379881606405,0.8529411764705882,0.4411764705882353,0.8823529411764706,1.0,0.4411764705882353,34,off_route,371.5,0,2026-10-06 16:40:40,0000_570_770,/root/autodl-tmp/ujs/runs/op_parity/hugsim/pp-spec-P2H10-F-s1/zs/0000_570_770_easy_00,spec,P2H10-F-s1,50.80419335268419,False,-1,14.144166918454127,14.144166918454127,10.841641044504094,0.0,34
scene-570_770-medium-00,kitti360,medium,cinque,opctrl,pp-spec-P2H10-F-s1,0.2106667802336641,0.47400025552574426,0.7777777777777778,0.4444444444444444,0.8333333333333334,1.0,0.4444444444444444,36,bg_collision,32.9,0,2026-10-06 16:52:16,0000_570_770,/root/autodl-tmp/ujs/runs/op_parity/hugsim/pp-spec-P2H10-F-s1/zs/0000_570_770_medium_00,spec,P2H10-F-s1,53.662988832299234,False,-1,13.059168047814676,13.059168047814676,10.550882179849848,0.0,36
scene-5980_6180-easy-00,kitti360,easy,cinque,opctrl,pp-spec-P2H10-F-s1,0.26212333169633856,0.35446223263482146,0.9019607843137255,0.9215686274509803,0.8235294117647058,0.9019607843137255,0.7394957983193278,51,off_route,380.4,0,2026-10-06 16:46:56,0000_5980_6180,/root/autodl-tmp/ujs/runs/op_parity/hugsim/pp-spec-P2H10-F-s1/zs/0000_5980_6180_easy_00,spec,P2H10-F-s1,55.834865800937926,False,-1,8.884450071690285,8.884450071690285,4.6561739075076805,0.0,51
scene-5980_6180-extreme-00,kitti360,extreme,cinque,opctrl,pp-spec-P2H10-F-s1,0.006201621609205962,0.10542756735650136,0.29411764705882354,0.7058823529411765,0.23529411764705882,1.0,0.058823529411764705,17,fg_collision,13.6,0,2026-10-06 16:52:45,0000_5980_6180,/root/autodl-tmp/ujs/runs/op_parity/hugsim/pp-spec-P2H10-F-s1/zs/0000_5980_6180_extreme_00,spec,P2H10-F-s1,2.1043640069922085,False,-1,4.231020414018376,4.231020414018376,3.2206238156570115,0.0,17
scene-6580_6780-medium-01,kitti360,medium,cinque,opctrl,pp-spec-P2H10-F-s1,0.0,0.04241435562805873,0.0,1.0,0.0,1.0,0.0,12,bg_collision,19.6,0,2026-10-06 16:52:12,0000_6580_6780,/root/autodl-tmp/ujs/runs/op_parity/hugsim/pp-spec-P2H10-F-s1/zs/0000_6580_6780_medium_01,spec,P2H10-F-s1,1.999549795126814,False,-1,4.86647315859235,4.86647315859235,4.86647315859235,0.0,12
scene-770_970-extreme-00,kitti360,extreme,cinque,opctrl,pp-spec-P2H10-F-s1,0.018841917914542265,0.17899822018815154,0.15789473684210525,0.8947368421052632,0.10526315789473684,1.0,0.10526315789473684,19,fg_collision,17.6,0,2026-10-06 16:52:54,0000_770_970,/root/autodl-tmp/ujs/runs/op_parity/hugsim/pp-spec-P2H10-F-s1/zs/0000_770_970_extreme_00,spec,P2H10-F-s1,2.9091533485215755,False,-1,6.509993763086801,6.509993763086801,6.2705684423226264,0.0,19
scene-8440_8640-easy-00,kitti360,easy,cinque,opctrl,pp-spec-P2H10-F-s1,0.7044862713066834,0.8032596041909196,0.9746835443037974,0.9113924050632911,0.9620253164556962,1.0,0.8770343580470161,79,off_route,389.7,0,2026-10-06 16:47:05,0000_8440_8640,/root/autodl-tmp/ujs/runs/op_parity/hugsim/pp-spec-P2H10-F-s1/zs/0000_8440_8640_easy_00,spec,P2H10-F-s1,62.366274719704066,True,76,8.022107057111862,10.05041884008554,3.9363494037792055,0.0,79
scene-881121006469-hard-00,waymo,hard,cinque,opctrl,pp-spec-P2H10-F-s1,0.3716321010106692,0.4767008625529526,0.8285714285714286,1.0,0.7714285714285715,0.9714285714285714,0.7795918367346939,35,fg_collision,36.2,0,2026-10-06 16:50:52,881121006469_0_200,/root/autodl-tmp/ujs/runs/op_parity/hugsim/pp-spec-P2H10-F-s1/zs/881121006469_0_200_hard_00,spec,P2H10-F-s1,2.691093028651665,False,-1,4.253614874215434,4.253614874215434,2.7572872468343506,0.05714285714285714,35
