row,id,m,cluster,split,v0,phi,gain,ev
656,5143859b979bdf517ec4d9e3d2a10ede-126,1,5143859b979bdf517ec4d9e3d2a10ede,dev,0.18655750155448914,,9.316572855980885,5143859b979bdf517ec4d9e3d2a10ede|126
657,5143859b979bdf517ec4d9e3d2a10ede-128,2,5143859b979bdf517ec4d9e3d2a10ede,dev,0.318069189786911,,5.135225599317769,5143859b979bdf517ec4d9e3d2a10ede|126
658,5143859b979bdf517ec4d9e3d2a10ede-130,3,5143859b979bdf517ec4d9e3d2a10ede,dev,0.448930948972702,,3.3263804135898654,5143859b979bdf517ec4d9e3d2a10ede|126
620,4e47621186cd9908268bb7497707374e-138,1,4e47621186cd9908268bb7497707374e,dev,0.11919216066598892,,8.269677767784156,4e47621186cd9908268bb7497707374e|138
621,4e47621186cd9908268bb7497707374e-140,2,4e47621186cd9908268bb7497707374e,dev,0.2288399338722229,,6.48187573104314,4e47621186cd9908268bb7497707374e|138
622,4e47621186cd9908268bb7497707374e-142,3,4e47621186cd9908268bb7497707374e,dev,0.3557610511779785,,4.517793518321094,4e47621186cd9908268bb7497707374e|138
2196,fd3f8d46962ab26a01244a558d41d56b-172,1,fd3f8d46962ab26a01244a558d41d56b,dev,0.12487807869911194,,8.647684072143354,fd3f8d46962ab26a01244a558d41d56b|172
2197,fd3f8d46962ab26a01244a558d41d56b-174,2,fd3f8d46962ab26a01244a558d41d56b,dev,0.3375871777534485,,5.935115473124072,fd3f8d46962ab26a01244a558d41d56b|172
2198,fd3f8d46962ab26a01244a558d41d56b-176,3,fd3f8d46962ab26a01244a558d41d56b,dev,0.6745330691337585,,2.341436999502095,fd3f8d46962ab26a01244a558d41d56b|172
322,2357fa0df9e84b61a1fbe8e6c80efee9-168,1,2357fa0df9e84b61a1fbe8e6c80efee9,dev,0.23741252720355988,,7.292485582296616,2357fa0df9e84b61a1fbe8e6c80efee9|168
323,2357fa0df9e84b61a1fbe8e6c80efee9-170,2,2357fa0df9e84b61a1fbe8e6c80efee9,dev,0.5280408263206482,,2.6720573474061666,2357fa0df9e84b61a1fbe8e6c80efee9|168
324,2357fa0df9e84b61a1fbe8e6c80efee9-172,3,2357fa0df9e84b61a1fbe8e6c80efee9,dev,0.8383572697639465,,1.442748835803067,2357fa0df9e84b61a1fbe8e6c80efee9|168
54,05a8f67d0b1d83191ca7334cbed19e66-096,1,05a8f67d0b1d83191ca7334cbed19e66,dev,0.1108197569847107,,10.557265070228224,05a8f67d0b1d83191ca7334cbed19e66|96
55,05a8f67d0b1d83191ca7334cbed19e66-098,2,05a8f67d0b1d83191ca7334cbed19e66,dev,0.20000629127025604,,7.83872537809076,05a8f67d0b1d83191ca7334cbed19e66|96
56,05a8f67d0b1d83191ca7334cbed19e66-100,3,05a8f67d0b1d83191ca7334cbed19e66,dev,0.3650378882884979,,4.6030263361361,05a8f67d0b1d83191ca7334cbed19e66|96
1256,98867e8ff911ee563da604e0025acc29-180,1,98867e8ff911ee563da604e0025acc29,dev,0.11503583192825317,,7.622744036051712,98867e8ff911ee563da604e0025acc29|180
1257,98867e8ff911ee563da604e0025acc29-182,2,98867e8ff911ee563da604e0025acc29,dev,0.272821307182312,,3.8807344802643913,98867e8ff911ee563da604e0025acc29|180
1258,98867e8ff911ee563da604e0025acc29-184,3,98867e8ff911ee563da604e0025acc29,dev,0.5433068871498108,,1.6676459451353287,98867e8ff911ee563da604e0025acc29|180
1655,c6ef053617317dbef9e494bf2704cd1b-178,1,c6ef053617317dbef9e494bf2704cd1b,dev,0.13072453439235687,,10.107869570937762,c6ef053617317dbef9e494bf2704cd1b|178
1656,c6ef053617317dbef9e494bf2704cd1b-180,2,c6ef053617317dbef9e494bf2704cd1b,dev,0.1739208996295929,,7.590111999229187,c6ef053617317dbef9e494bf2704cd1b|178
1657,c6ef053617317dbef9e494bf2704cd1b-182,3,c6ef053617317dbef9e494bf2704cd1b,dev,0.22890259325504303,,6.760118088021159,c6ef053617317dbef9e494bf2704cd1b|178
1376,a62e300f60147160412c8788bf15a617-148,1,a62e300f60147160412c8788bf15a617,dev,0.10486602038145065,,11.904683711709477,a62e300f60147160412c8788bf15a617|148
1377,a62e300f60147160412c8788bf15a617-150,2,a62e300f60147160412c8788bf15a617,dev,0.12129451334476471,,10.257247306178286,a62e300f60147160412c8788bf15a617|148
1378,a62e300f60147160412c8788bf15a617-152,3,a62e300f60147160412c8788bf15a617,dev,0.13324517011642456,,10.286363935974649,a62e300f60147160412c8788bf15a617|148
1190,9419db226e2ca04abab07e3b5fea5547-180,1,9419db226e2ca04abab07e3b5fea5547,dev,0.20756618678569794,,8.521986184815189,9419db226e2ca04abab07e3b5fea5547|180
1191,9419db226e2ca04abab07e3b5fea5547-182,2,9419db226e2ca04abab07e3b5fea5547,dev,0.47444918751716614,,4.418527433604414,9419db226e2ca04abab07e3b5fea5547|180
1192,9419db226e2ca04abab07e3b5fea5547-184,3,9419db226e2ca04abab07e3b5fea5547,dev,0.7489053606987,,1.584797669927547,9419db226e2ca04abab07e3b5fea5547|180
443,36190cc82b6b07bea577f0d4bfbc9730-170,1,36190cc82b6b07bea577f0d4bfbc9730,dev,0.13682560622692108,,10.64889754186364,36190cc82b6b07bea577f0d4bfbc9730|170
444,36190cc82b6b07bea577f0d4bfbc9730-172,2,36190cc82b6b07bea577f0d4bfbc9730,dev,0.20450495183467865,,8.690491948699965,36190cc82b6b07bea577f0d4bfbc9730|170
445,36190cc82b6b07bea577f0d4bfbc9730-174,3,36190cc82b6b07bea577f0d4bfbc9730,dev,0.27360817790031433,,7.864805143832293,36190cc82b6b07bea577f0d4bfbc9730|170
914,7124d8f92f3a3c68c0806dc3d00c0143-158,1,7124d8f92f3a3c68c0806dc3d00c0143,dev,0.14338155090808868,,9.874893409894296,7124d8f92f3a3c68c0806dc3d00c0143|158
915,7124d8f92f3a3c68c0806dc3d00c0143-160,2,7124d8f92f3a3c68c0806dc3d00c0143,dev,0.2877906560897827,,4.80948371143127,7124d8f92f3a3c68c0806dc3d00c0143|158
916,7124d8f92f3a3c68c0806dc3d00c0143-162,3,7124d8f92f3a3c68c0806dc3d00c0143,dev,0.5288897156715393,,2.0923529502352336,7124d8f92f3a3c68c0806dc3d00c0143|158
1046,824b0c2b064079ffb7cee6c862e3109b-160,1,824b0c2b064079ffb7cee6c862e3109b,dev,0.13502420485019684,,10.20868552342801,824b0c2b064079ffb7cee6c862e3109b|160
1047,824b0c2b064079ffb7cee6c862e3109b-162,2,824b0c2b064079ffb7cee6c862e3109b,dev,0.3369763493537903,,3.949703510997435,824b0c2b064079ffb7cee6c862e3109b|160
1048,824b0c2b064079ffb7cee6c862e3109b-164,3,824b0c2b064079ffb7cee6c862e3109b,dev,0.6481404304504395,,1.7348308013261158,824b0c2b064079ffb7cee6c862e3109b|160
497,3d0f80563e78588b65b0643875f8c18c-094,1,3d0f80563e78588b65b0643875f8c18c,train,0.15770186483860016,,10.793530056932195,3d0f80563e78588b65b0643875f8c18c|94
498,3d0f80563e78588b65b0643875f8c18c-096,2,3d0f80563e78588b65b0643875f8c18c,train,0.3906579315662384,,3.68821194746071,3d0f80563e78588b65b0643875f8c18c|94
499,3d0f80563e78588b65b0643875f8c18c-098,3,3d0f80563e78588b65b0643875f8c18c,train,0.7270727753639221,,1.1244047472693406,3d0f80563e78588b65b0643875f8c18c|94
1115,8ad3017a2851714eae54df2fe5c472b6-148,1,8ad3017a2851714eae54df2fe5c472b6,train,0.1017710268497467,,10.766693958912725,8ad3017a2851714eae54df2fe5c472b6|148
1116,8ad3017a2851714eae54df2fe5c472b6-150,2,8ad3017a2851714eae54df2fe5c472b6,train,0.22588160634040833,,5.670017683640548,8ad3017a2851714eae54df2fe5c472b6|148
1117,8ad3017a2851714eae54df2fe5c472b6-152,3,8ad3017a2851714eae54df2fe5c472b6,train,0.44387438893318176,,2.979475246274623,8ad3017a2851714eae54df2fe5c472b6|148
69,0766fe2271f1c36b2a8d73885c913731-114,1,0766fe2271f1c36b2a8d73885c913731,train,0.16792593896389008,,8.926529760153024,0766fe2271f1c36b2a8d73885c913731|114
70,0766fe2271f1c36b2a8d73885c913731-116,2,0766fe2271f1c36b2a8d73885c913731,train,0.4183458685874939,,4.454671929521895,0766fe2271f1c36b2a8d73885c913731|114
71,0766fe2271f1c36b2a8d73885c913731-118,3,0766fe2271f1c36b2a8d73885c913731,train,0.7024327516555786,,2.0777033907240323,0766fe2271f1c36b2a8d73885c913731|114
629,4f417e9ff9778b62d94683adf1b570b7-082,1,4f417e9ff9778b62d94683adf1b570b7,train,0.1557329148054123,,10.296841089652702,4f417e9ff9778b62d94683adf1b570b7|82
630,4f417e9ff9778b62d94683adf1b570b7-084,2,4f417e9ff9778b62d94683adf1b570b7,train,0.27834129333496094,,5.897737922095682,4f417e9ff9778b62d94683adf1b570b7|82
631,4f417e9ff9778b62d94683adf1b570b7-086,3,4f417e9ff9778b62d94683adf1b570b7,train,0.42316001653671265,,5.328828907813769,4f417e9ff9778b62d94683adf1b570b7|82
203,15fbc8d29c7874eceef3710d8da455a1-162,1,15fbc8d29c7874eceef3710d8da455a1,train,0.15376386046409607,,10.011243220891158,15fbc8d29c7874eceef3710d8da455a1|162
204,15fbc8d29c7874eceef3710d8da455a1-164,2,15fbc8d29c7874eceef3710d8da455a1,train,0.37295782566070557,,3.983078472862398,15fbc8d29c7874eceef3710d8da455a1|162
205,15fbc8d29c7874eceef3710d8da455a1-166,3,15fbc8d29c7874eceef3710d8da455a1,train,0.6304760575294495,,1.9472700083426695,15fbc8d29c7874eceef3710d8da455a1|162
995,7b8156ca7461a6a47ce795f742c675ff-060,1,7b8156ca7461a6a47ce795f742c675ff,train,0.11275097727775574,,16.328757955765436,7b8156ca7461a6a47ce795f742c675ff|60
996,7b8156ca7461a6a47ce795f742c675ff-062,2,7b8156ca7461a6a47ce795f742c675ff,train,0.11344822496175766,,15.333740417232969,7b8156ca7461a6a47ce795f742c675ff|60
997,7b8156ca7461a6a47ce795f742c675ff-064,3,7b8156ca7461a6a47ce795f742c675ff,train,0.03587457165122032,,9.953123045319673,7b8156ca7461a6a47ce795f742c675ff|60
2093,f37cc34c4806622f53d53f61150c1f47-114,1,f37cc34c4806622f53d53f61150c1f47,train,0.14233045279979706,,11.936520666153582,f37cc34c4806622f53d53f61150c1f47|114
2094,f37cc34c4806622f53d53f61150c1f47-116,2,f37cc34c4806622f53d53f61150c1f47,train,0.19606979191303253,,9.108420971526636,f37cc34c4806622f53d53f61150c1f47|114
2095,f37cc34c4806622f53d53f61150c1f47-118,3,f37cc34c4806622f53d53f61150c1f47,train,0.2512877583503723,,6.192887522215046,f37cc34c4806622f53d53f61150c1f47|114
587,4abdd8c60e93fee54de18179a7f632f1-098,1,4abdd8c60e93fee54de18179a7f632f1,train,0.2707814872264862,,6.652159358634687,4abdd8c60e93fee54de18179a7f632f1|98
588,4abdd8c60e93fee54de18179a7f632f1-100,2,4abdd8c60e93fee54de18179a7f632f1,train,0.5413230061531067,,3.409114189284147,4abdd8c60e93fee54de18179a7f632f1|98
589,4abdd8c60e93fee54de18179a7f632f1-102,3,4abdd8c60e93fee54de18179a7f632f1,train,0.8657056093215942,,1.5154971376668374,4abdd8c60e93fee54de18179a7f632f1|98
1091,879f9df1547978772361c8916350efbb-218,1,879f9df1547978772361c8916350efbb,train,0.12535296380519867,,18.283452426648534,879f9df1547978772361c8916350efbb|218
1092,879f9df1547978772361c8916350efbb-220,2,879f9df1547978772361c8916350efbb,train,0.2024095505475998,,20.598608582495135,879f9df1547978772361c8916350efbb|218
1093,879f9df1547978772361c8916350efbb-222,3,879f9df1547978772361c8916350efbb,train,0.21027541160583496,,19.69506315754588,879f9df1547978772361c8916350efbb|218
944,763993e6a61f69b620f0edeb4eb221b0-156,1,763993e6a61f69b620f0edeb4eb221b0,train,0.23576916754245758,,7.997819840268289,763993e6a61f69b620f0edeb4eb221b0|156
945,763993e6a61f69b620f0edeb4eb221b0-158,2,763993e6a61f69b620f0edeb4eb221b0,train,0.5070546269416809,,3.441608164223357,763993e6a61f69b620f0edeb4eb221b0|156
946,763993e6a61f69b620f0edeb4eb221b0-160,3,763993e6a61f69b620f0edeb4eb221b0,train,0.8037214279174805,,0.6834354076332237,763993e6a61f69b620f0edeb4eb221b0|156
2208,fdf63d20086b5c4b5706bcefa4f3c183-108,1,fdf63d20086b5c4b5706bcefa4f3c183,train,0.2315526157617569,,8.313671990251555,fdf63d20086b5c4b5706bcefa4f3c183|108
2209,fdf63d20086b5c4b5706bcefa4f3c183-110,2,fdf63d20086b5c4b5706bcefa4f3c183,train,0.4231718182563782,,4.8121617140626345,fdf63d20086b5c4b5706bcefa4f3c183|108
2210,fdf63d20086b5c4b5706bcefa4f3c183-112,3,fdf63d20086b5c4b5706bcefa4f3c183,train,0.6396938562393188,,3.3560191970651916,fdf63d20086b5c4b5706bcefa4f3c183|108
1445,ae05887df10cc15b7d1c24ce6a3a6ce5-164,1,ae05887df10cc15b7d1c24ce6a3a6ce5,train,0.20376716554164886,,9.554653174959176,ae05887df10cc15b7d1c24ce6a3a6ce5|164
1446,ae05887df10cc15b7d1c24ce6a3a6ce5-166,2,ae05887df10cc15b7d1c24ce6a3a6ce5,train,0.4659562408924103,,5.045775258010254,ae05887df10cc15b7d1c24ce6a3a6ce5|164
1447,ae05887df10cc15b7d1c24ce6a3a6ce5-168,3,ae05887df10cc15b7d1c24ce6a3a6ce5,train,0.7626430988311768,,1.8734053157358521,ae05887df10cc15b7d1c24ce6a3a6ce5|164
821,64790e5b45cd368a61ea0984ad4f1a41-168,1,64790e5b45cd368a61ea0984ad4f1a41,train,0.12783941626548767,,9.672109019524589,64790e5b45cd368a61ea0984ad4f1a41|168
822,64790e5b45cd368a61ea0984ad4f1a41-170,2,64790e5b45cd368a61ea0984ad4f1a41,train,0.27753177285194397,,6.018212782326715,64790e5b45cd368a61ea0984ad4f1a41|168
823,64790e5b45cd368a61ea0984ad4f1a41-172,3,64790e5b45cd368a61ea0984ad4f1a41,train,0.46079134941101074,,3.78518218844318,64790e5b45cd368a61ea0984ad4f1a41|168
1894,e08da8763b91fdf7af93a2e546b6d8a2-148,1,e08da8763b91fdf7af93a2e546b6d8a2,train,0.24361826479434967,,7.357052370229349,e08da8763b91fdf7af93a2e546b6d8a2|148
1895,e08da8763b91fdf7af93a2e546b6d8a2-150,2,e08da8763b91fdf7af93a2e546b6d8a2,train,0.5053935050964355,,3.361509786998715,e08da8763b91fdf7af93a2e546b6d8a2|148
1896,e08da8763b91fdf7af93a2e546b6d8a2-152,3,e08da8763b91fdf7af93a2e546b6d8a2,train,0.7777118682861328,,1.7850273303723982,e08da8763b91fdf7af93a2e546b6d8a2|148
1130,8c532af5545ed223a586edf5db2f30c8-068,1,8c532af5545ed223a586edf5db2f30c8,train,0.15679961442947388,,9.159420129613032,8c532af5545ed223a586edf5db2f30c8|68
1131,8c532af5545ed223a586edf5db2f30c8-070,2,8c532af5545ed223a586edf5db2f30c8,train,0.2803320288658142,,5.766995361855725,8c532af5545ed223a586edf5db2f30c8|68
1132,8c532af5545ed223a586edf5db2f30c8-072,3,8c532af5545ed223a586edf5db2f30c8,train,0.47895193099975586,,3.5873412115465104,8c532af5545ed223a586edf5db2f30c8|68
1424,a9a744fc340268d422af667ea405555b-144,1,a9a744fc340268d422af667ea405555b,train,0.1143549308180809,,9.096707223662914,a9a744fc340268d422af667ea405555b|144
1425,a9a744fc340268d422af667ea405555b-146,2,a9a744fc340268d422af667ea405555b,train,0.34251832962036133,,3.801375425228035,a9a744fc340268d422af667ea405555b|144
1426,a9a744fc340268d422af667ea405555b-148,3,a9a744fc340268d422af667ea405555b,train,0.6821116209030151,,1.4068249210205672,a9a744fc340268d422af667ea405555b|144
452,3646f12d178c6b1a8a101f7fb4039af2-162,1,3646f12d178c6b1a8a101f7fb4039af2,train,0.2136971652507782,,9.17146953345883,3646f12d178c6b1a8a101f7fb4039af2|162
453,3646f12d178c6b1a8a101f7fb4039af2-164,2,3646f12d178c6b1a8a101f7fb4039af2,train,0.4689911901950836,,5.0556686878509085,3646f12d178c6b1a8a101f7fb4039af2|162
454,3646f12d178c6b1a8a101f7fb4039af2-166,3,3646f12d178c6b1a8a101f7fb4039af2,train,0.7559145092964172,,1.9033422511797091,3646f12d178c6b1a8a101f7fb4039af2|162
881,6b570abeb044cf89ca94d8b85ac1e78d-070,1,6b570abeb044cf89ca94d8b85ac1e78d,train,0.1809779405593872,,9.034010338765235,6b570abeb044cf89ca94d8b85ac1e78d|70
882,6b570abeb044cf89ca94d8b85ac1e78d-072,2,6b570abeb044cf89ca94d8b85ac1e78d,train,0.4614361822605133,,3.468456068519194,6b570abeb044cf89ca94d8b85ac1e78d|70
883,6b570abeb044cf89ca94d8b85ac1e78d-074,3,6b570abeb044cf89ca94d8b85ac1e78d,train,0.7996020913124084,,1.054797599877481,6b570abeb044cf89ca94d8b85ac1e78d|70
1688,c9f53869ae7847d7b7cfdf1f0a373360-092,1,c9f53869ae7847d7b7cfdf1f0a373360,train,0.19957636296749115,,7.475755229782394,c9f53869ae7847d7b7cfdf1f0a373360|92
1689,c9f53869ae7847d7b7cfdf1f0a373360-094,2,c9f53869ae7847d7b7cfdf1f0a373360,train,0.30069807171821594,,5.188368299981553,c9f53869ae7847d7b7cfdf1f0a373360|92
1690,c9f53869ae7847d7b7cfdf1f0a373360-096,3,c9f53869ae7847d7b7cfdf1f0a373360,train,0.3370673358440399,,5.1616802364407794,c9f53869ae7847d7b7cfdf1f0a373360|92
1202,947f6fe3e8c4c6ad4805e1017655e6a0-128,1,947f6fe3e8c4c6ad4805e1017655e6a0,train,0.16584336757659912,,10.164387838461932,947f6fe3e8c4c6ad4805e1017655e6a0|128
1203,947f6fe3e8c4c6ad4805e1017655e6a0-130,2,947f6fe3e8c4c6ad4805e1017655e6a0,train,0.3673703968524933,,7.816806868999388,947f6fe3e8c4c6ad4805e1017655e6a0|128
1204,947f6fe3e8c4c6ad4805e1017655e6a0-132,3,947f6fe3e8c4c6ad4805e1017655e6a0,train,0.6183688044548035,,2.2478749031420437,947f6fe3e8c4c6ad4805e1017655e6a0|128
1367,a592a1e4ce0911a0defda98a53b549fe-148,1,a592a1e4ce0911a0defda98a53b549fe,train,0.10245328396558762,,9.793992885332242,a592a1e4ce0911a0defda98a53b549fe|148
1368,a592a1e4ce0911a0defda98a53b549fe-150,2,a592a1e4ce0911a0defda98a53b549fe,train,0.20588043332099915,,6.8819769558571275,a592a1e4ce0911a0defda98a53b549fe|148
1369,a592a1e4ce0911a0defda98a53b549fe-152,3,a592a1e4ce0911a0defda98a53b549fe,train,0.3199191689491272,,6.733832607700387,a592a1e4ce0911a0defda98a53b549fe|148
608,4c1967287fb0b6b4624ccf4a8266a295-056,1,4c1967287fb0b6b4624ccf4a8266a295,train,0.1871286779642105,,9.506243650039616,4c1967287fb0b6b4624ccf4a8266a295|56
609,4c1967287fb0b6b4624ccf4a8266a295-058,2,4c1967287fb0b6b4624ccf4a8266a295,train,0.4113665223121643,,4.2816205642200424,4c1967287fb0b6b4624ccf4a8266a295|56
610,4c1967287fb0b6b4624ccf4a8266a295-060,3,4c1967287fb0b6b4624ccf4a8266a295,train,0.716326117515564,,1.7262193157439614,4c1967287fb0b6b4624ccf4a8266a295|56
1658,c732ab779a9ea1b18b8c5cca49d12b53-152,1,c732ab779a9ea1b18b8c5cca49d12b53,train,0.10181839764118195,,14.63086013425582,c732ab779a9ea1b18b8c5cca49d12b53|152
1659,c732ab779a9ea1b18b8c5cca49d12b53-154,2,c732ab779a9ea1b18b8c5cca49d12b53,train,0.2101065218448639,,7.7766227749639985,c732ab779a9ea1b18b8c5cca49d12b53|152
1660,c732ab779a9ea1b18b8c5cca49d12b53-156,3,c732ab779a9ea1b18b8c5cca49d12b53,train,0.3983246088027954,,3.7969702843944537,c732ab779a9ea1b18b8c5cca49d12b53|152
1619,c379b6785c1ec40bed27a6e20ce4f408-190,1,c379b6785c1ec40bed27a6e20ce4f408,train,0.1045122742652893,,12.135346215035803,c379b6785c1ec40bed27a6e20ce4f408|190
1620,c379b6785c1ec40bed27a6e20ce4f408-192,2,c379b6785c1ec40bed27a6e20ce4f408,train,0.18385031819343567,,9.505784153947268,c379b6785c1ec40bed27a6e20ce4f408|190
1621,c379b6785c1ec40bed27a6e20ce4f408-194,3,c379b6785c1ec40bed27a6e20ce4f408,train,0.2732025682926178,,6.1516429040923475,c379b6785c1ec40bed27a6e20ce4f408|190
1157,91363d23ce6a357eb20517e511f06307-156,1,91363d23ce6a357eb20517e511f06307,train,0.11607330292463303,,11.233240583716315,91363d23ce6a357eb20517e511f06307|156
1158,91363d23ce6a357eb20517e511f06307-158,2,91363d23ce6a357eb20517e511f06307,train,0.1227106899023056,,9.462907683305342,91363d23ce6a357eb20517e511f06307|156
1159,91363d23ce6a357eb20517e511f06307-160,3,91363d23ce6a357eb20517e511f06307,train,0.1216612309217453,,9.026348389397361,91363d23ce6a357eb20517e511f06307|156
162,10216a7573b320c7479ecbedd9bddc85-076,1,10216a7573b320c7479ecbedd9bddc85,train,0.12391816824674606,,10.459769723557068,10216a7573b320c7479ecbedd9bddc85|76
163,10216a7573b320c7479ecbedd9bddc85-078,2,10216a7573b320c7479ecbedd9bddc85,train,0.2577623128890991,,5.716460355314681,10216a7573b320c7479ecbedd9bddc85|76
164,10216a7573b320c7479ecbedd9bddc85-080,3,10216a7573b320c7479ecbedd9bddc85,train,0.4172694683074951,,3.4834631241051373,10216a7573b320c7479ecbedd9bddc85|76
1457,af4eaf01ec1f673a72cf01ab8a40d7b0-098,1,af4eaf01ec1f673a72cf01ab8a40d7b0,train,0.11297499388456345,,9.340450432986607,af4eaf01ec1f673a72cf01ab8a40d7b0|98
1458,af4eaf01ec1f673a72cf01ab8a40d7b0-100,2,af4eaf01ec1f673a72cf01ab8a40d7b0,train,0.29248860478401184,,4.893522218352041,af4eaf01ec1f673a72cf01ab8a40d7b0|98
1459,af4eaf01ec1f673a72cf01ab8a40d7b0-102,3,af4eaf01ec1f673a72cf01ab8a40d7b0,train,0.6245090365409851,,1.3735564446330493,af4eaf01ec1f673a72cf01ab8a40d7b0|98
2157,f81827f0ae34324c142cbed6589f8ae7-086,1,f81827f0ae34324c142cbed6589f8ae7,train,0.14953698217868805,,9.618181993656885,f81827f0ae34324c142cbed6589f8ae7|86
2158,f81827f0ae34324c142cbed6589f8ae7-088,2,f81827f0ae34324c142cbed6589f8ae7,train,0.26017799973487854,,9.081525384101273,f81827f0ae34324c142cbed6589f8ae7|86
2159,f81827f0ae34324c142cbed6589f8ae7-090,3,f81827f0ae34324c142cbed6589f8ae7,train,0.40342119336128235,,6.7960559274300065,f81827f0ae34324c142cbed6589f8ae7|86
905,6f87d93f603ffd755e3cb1b2c407be48-150,1,6f87d93f603ffd755e3cb1b2c407be48,train,0.20567451417446136,,8.405122888328362,6f87d93f603ffd755e3cb1b2c407be48|150
906,6f87d93f603ffd755e3cb1b2c407be48-152,2,6f87d93f603ffd755e3cb1b2c407be48,train,0.3400920629501343,,5.299540621822319,6f87d93f603ffd755e3cb1b2c407be48|150
907,6f87d93f603ffd755e3cb1b2c407be48-154,3,6f87d93f603ffd755e3cb1b2c407be48,train,0.47624626755714417,,3.758952397947045,6f87d93f603ffd755e3cb1b2c407be48|150
728,59735f607ef631aa62adf295d7498879-114,1,59735f607ef631aa62adf295d7498879,train,0.18015719950199127,,13.629472235854259,59735f607ef631aa62adf295d7498879|114
729,59735f607ef631aa62adf295d7498879-116,2,59735f607ef631aa62adf295d7498879,train,0.3016955256462097,,13.280354254027127,59735f607ef631aa62adf295d7498879|114
730,59735f607ef631aa62adf295d7498879-118,3,59735f607ef631aa62adf295d7498879,train,0.3207317590713501,,11.979874639581503,59735f607ef631aa62adf295d7498879|114
2124,f658a3f4337a8c65c1bc1590434d7b04-052,1,f658a3f4337a8c65c1bc1590434d7b04,train,0.11263270676136017,,23.91781187574177,f658a3f4337a8c65c1bc1590434d7b04|52
2125,f658a3f4337a8c65c1bc1590434d7b04-054,2,f658a3f4337a8c65c1bc1590434d7b04,train,0.1276272088289261,,27.942435232606513,f658a3f4337a8c65c1bc1590434d7b04|52
2126,f658a3f4337a8c65c1bc1590434d7b04-056,3,f658a3f4337a8c65c1bc1590434d7b04,train,0.14318493008613586,,27.8952429762235,f658a3f4337a8c65c1bc1590434d7b04|52
641,5054b565f3a93cc51f50e1d152500368-142,1,5054b565f3a93cc51f50e1d152500368,train,0.10342894494533539,,12.81058213351537,5054b565f3a93cc51f50e1d152500368|142
642,5054b565f3a93cc51f50e1d152500368-144,2,5054b565f3a93cc51f50e1d152500368,train,0.14208301901817322,,10.440502487367375,5054b565f3a93cc51f50e1d152500368|142
643,5054b565f3a93cc51f50e1d152500368-146,3,5054b565f3a93cc51f50e1d152500368,train,0.1817799061536789,,9.103663258105296,5054b565f3a93cc51f50e1d152500368|142
2118,f5fbde703de95a5b9f373190f5d8c52b-068,1,f5fbde703de95a5b9f373190f5d8c52b,train,0.2431059628725052,,9.1868138148045,f5fbde703de95a5b9f373190f5d8c52b|68
2119,f5fbde703de95a5b9f373190f5d8c52b-070,2,f5fbde703de95a5b9f373190f5d8c52b,train,0.5154857635498047,,3.7955530756601163,f5fbde703de95a5b9f373190f5d8c52b|68
2120,f5fbde703de95a5b9f373190f5d8c52b-072,3,f5fbde703de95a5b9f373190f5d8c52b,train,0.7988492250442505,,1.3964173563167852,f5fbde703de95a5b9f373190f5d8c52b|68
491,3c7bc646ab9da9db9219330d23d8ba9f-156,1,3c7bc646ab9da9db9219330d23d8ba9f,train,0.18216125667095184,,9.373903041034017,3c7bc646ab9da9db9219330d23d8ba9f|156
492,3c7bc646ab9da9db9219330d23d8ba9f-158,2,3c7bc646ab9da9db9219330d23d8ba9f,train,0.3073808252811432,,6.4468509194704655,3c7bc646ab9da9db9219330d23d8ba9f|156
493,3c7bc646ab9da9db9219330d23d8ba9f-160,3,3c7bc646ab9da9db9219330d23d8ba9f,train,0.4544808268547058,,4.891920844995562,3c7bc646ab9da9db9219330d23d8ba9f|156
1882,dee9a4f6bc504f8e72b045700dac104e-172,1,dee9a4f6bc504f8e72b045700dac104e,train,0.12086600065231323,,10.396386536149283,dee9a4f6bc504f8e72b045700dac104e|172
1883,dee9a4f6bc504f8e72b045700dac104e-174,2,dee9a4f6bc504f8e72b045700dac104e,train,0.09798081964254379,,11.856105023908382,dee9a4f6bc504f8e72b045700dac104e|172
1884,dee9a4f6bc504f8e72b045700dac104e-176,3,dee9a4f6bc504f8e72b045700dac104e,train,0.07101733237504959,,36.57529063973427,dee9a4f6bc504f8e72b045700dac104e|172
1799,d4e8efb46b51ae9675b20c824a65aaba-160,1,d4e8efb46b51ae9675b20c824a65aaba,train,0.17585037648677826,,8.958369434528269,d4e8efb46b51ae9675b20c824a65aaba|160
1800,d4e8efb46b51ae9675b20c824a65aaba-162,2,d4e8efb46b51ae9675b20c824a65aaba,train,0.49045613408088684,,3.1520745956174663,d4e8efb46b51ae9675b20c824a65aaba|160
1801,d4e8efb46b51ae9675b20c824a65aaba-164,3,d4e8efb46b51ae9675b20c824a65aaba,train,0.8655301332473755,,1.0373852655649556,d4e8efb46b51ae9675b20c824a65aaba|160
1589,c140ab74e630b88f5a9f1bcf95cae53d-114,1,c140ab74e630b88f5a9f1bcf95cae53d,train,0.1773122400045395,,11.849367419196506,c140ab74e630b88f5a9f1bcf95cae53d|114
1590,c140ab74e630b88f5a9f1bcf95cae53d-116,2,c140ab74e630b88f5a9f1bcf95cae53d,train,0.26693612337112427,,9.391744904922072,c140ab74e630b88f5a9f1bcf95cae53d|114
1591,c140ab74e630b88f5a9f1bcf95cae53d-118,3,c140ab74e630b88f5a9f1bcf95cae53d,train,0.3705731928348541,,6.792129233020673,c140ab74e630b88f5a9f1bcf95cae53d|114
980,79855ab9d8129a8fa40d5918219b9503-138,1,79855ab9d8129a8fa40d5918219b9503,train,0.10052725672721863,,12.480449444255273,79855ab9d8129a8fa40d5918219b9503|138
981,79855ab9d8129a8fa40d5918219b9503-140,2,79855ab9d8129a8fa40d5918219b9503,train,0.10390316694974899,,10.83043408215143,79855ab9d8129a8fa40d5918219b9503|138
982,79855ab9d8129a8fa40d5918219b9503-142,3,79855ab9d8129a8fa40d5918219b9503,train,0.1529315859079361,,8.513882807320853,79855ab9d8129a8fa40d5918219b9503|138
578,4a33d575fdad9b7e1d171242c05bc94d-158,1,4a33d575fdad9b7e1d171242c05bc94d,dev,0.11903195828199387,,9.130501019026598,4a33d575fdad9b7e1d171242c05bc94d|158
579,4a33d575fdad9b7e1d171242c05bc94d-160,2,4a33d575fdad9b7e1d171242c05bc94d,dev,0.3118270933628082,,2.3587808688795606,4a33d575fdad9b7e1d171242c05bc94d|158
580,4a33d575fdad9b7e1d171242c05bc94d-162,3,4a33d575fdad9b7e1d171242c05bc94d,dev,0.6880791187286377,,1.0388652475387172,4a33d575fdad9b7e1d171242c05bc94d|158
2187,fad2227d27efb72b368bf671963c5f5e-190,1,fad2227d27efb72b368bf671963c5f5e,dev,0.2222859263420105,,8.077484117246827,fad2227d27efb72b368bf671963c5f5e|190
2188,fad2227d27efb72b368bf671963c5f5e-192,2,fad2227d27efb72b368bf671963c5f5e,dev,0.4909103214740753,,3.9314468257343425,fad2227d27efb72b368bf671963c5f5e|190
2189,fad2227d27efb72b368bf671963c5f5e-194,3,fad2227d27efb72b368bf671963c5f5e,dev,0.7646108269691467,,2.617723559135508,fad2227d27efb72b368bf671963c5f5e|190
1946,e610af11643bfb87dd8429e27060d6e2-224,1,e610af11643bfb87dd8429e27060d6e2,dev,0.1834419071674347,,9.83638837425337,e610af11643bfb87dd8429e27060d6e2|224
1947,e610af11643bfb87dd8429e27060d6e2-226,2,e610af11643bfb87dd8429e27060d6e2,dev,0.37084466218948364,,6.065499771900347,e610af11643bfb87dd8429e27060d6e2|224
1948,e610af11643bfb87dd8429e27060d6e2-228,3,e610af11643bfb87dd8429e27060d6e2,dev,0.5718576908111572,,2.362362204082099,e610af11643bfb87dd8429e27060d6e2|224
298,220519d9def0935f6c3e4c467f97f424-072,1,220519d9def0935f6c3e4c467f97f424,dev,0.3458706736564636,,5.271097188816599,220519d9def0935f6c3e4c467f97f424|72
299,220519d9def0935f6c3e4c467f97f424-074,2,220519d9def0935f6c3e4c467f97f424,dev,0.9193646907806396,,1.3701577717446323,220519d9def0935f6c3e4c467f97f424|72
300,220519d9def0935f6c3e4c467f97f424-076,3,220519d9def0935f6c3e4c467f97f424,dev,1.486000895500183,,0.46512863939847404,220519d9def0935f6c3e4c467f97f424|72
1259,98a2398cadb3622bbe35512682a70dcc-132,1,98a2398cadb3622bbe35512682a70dcc,dev,0.16244088113307953,,6.432987064198987,98a2398cadb3622bbe35512682a70dcc|132
1260,98a2398cadb3622bbe35512682a70dcc-134,2,98a2398cadb3622bbe35512682a70dcc,dev,0.7262396812438965,,1.3382442345286878,98a2398cadb3622bbe35512682a70dcc|132
1261,98a2398cadb3622bbe35512682a70dcc-136,3,98a2398cadb3622bbe35512682a70dcc,dev,1.4207744598388672,,0.261159753424202,98a2398cadb3622bbe35512682a70dcc|132
668,522da28d44bc0301f435f80a94962687-150,1,522da28d44bc0301f435f80a94962687,dev,0.21503369510173798,,8.84762973025086,522da28d44bc0301f435f80a94962687|150
669,522da28d44bc0301f435f80a94962687-152,2,522da28d44bc0301f435f80a94962687,dev,0.30342766642570496,,5.224775155436978,522da28d44bc0301f435f80a94962687|150
670,522da28d44bc0301f435f80a94962687-154,3,522da28d44bc0301f435f80a94962687,dev,0.3039076328277588,,5.582874681659473,522da28d44bc0301f435f80a94962687|150
1919,e19100097ddae853c0e110e2c452401b-162,1,e19100097ddae853c0e110e2c452401b,dev,0.18956951797008514,,7.359474780395279,e19100097ddae853c0e110e2c452401b|162
1920,e19100097ddae853c0e110e2c452401b-164,2,e19100097ddae853c0e110e2c452401b,dev,0.3981032073497772,,4.491677782525309,e19100097ddae853c0e110e2c452401b|162
1921,e19100097ddae853c0e110e2c452401b-166,3,e19100097ddae853c0e110e2c452401b,dev,0.6279618144035339,,2.0990484296618006,e19100097ddae853c0e110e2c452401b|162
1847,daa89437a26b3d8e200ebfe0b528d438-146,1,daa89437a26b3d8e200ebfe0b528d438,dev,0.227948859333992,,8.790452575926881,daa89437a26b3d8e200ebfe0b528d438|146
1848,daa89437a26b3d8e200ebfe0b528d438-148,2,daa89437a26b3d8e200ebfe0b528d438,dev,0.46484848856925964,,4.398504234018765,daa89437a26b3d8e200ebfe0b528d438|146
1849,daa89437a26b3d8e200ebfe0b528d438-150,3,daa89437a26b3d8e200ebfe0b528d438,dev,0.7127965092658997,,2.125981542946632,daa89437a26b3d8e200ebfe0b528d438|146
1472,b0be51dff716b030eb07171230c14050-070,1,b0be51dff716b030eb07171230c14050,dev,0.20595405995845795,,8.824938282118032,b0be51dff716b030eb07171230c14050|70
1473,b0be51dff716b030eb07171230c14050-072,2,b0be51dff716b030eb07171230c14050,dev,0.4859633445739746,,4.113214846622859,b0be51dff716b030eb07171230c14050|70
1474,b0be51dff716b030eb07171230c14050-074,3,b0be51dff716b030eb07171230c14050,dev,0.787566602230072,,1.1303162719325974,b0be51dff716b030eb07171230c14050|70
1178,9285ef829980760b883aa58cd6e890b1-066,1,9285ef829980760b883aa58cd6e890b1,dev,0.19990070164203644,,9.659051750057309,9285ef829980760b883aa58cd6e890b1|66
1179,9285ef829980760b883aa58cd6e890b1-068,2,9285ef829980760b883aa58cd6e890b1,dev,0.25906261801719666,,6.799222497416728,9285ef829980760b883aa58cd6e890b1|66
1180,9285ef829980760b883aa58cd6e890b1-070,3,9285ef829980760b883aa58cd6e890b1,dev,0.11167633533477783,,3.025311129992558,9285ef829980760b883aa58cd6e890b1|66
242,1bd3594ddcb2811c355c00db569327f8-226,1,1bd3594ddcb2811c355c00db569327f8,dev,0.14079071581363678,,10.051017906574819,1bd3594ddcb2811c355c00db569327f8|226
243,1bd3594ddcb2811c355c00db569327f8-228,2,1bd3594ddcb2811c355c00db569327f8,dev,0.36873260140419006,,5.99731817469474,1bd3594ddcb2811c355c00db569327f8|226
63,06e105fe87768f913f1b3e9bda2895bc-194,1,06e105fe87768f913f1b3e9bda2895bc,dev,0.12940938770771027,,9.470310407354576,06e105fe87768f913f1b3e9bda2895bc|194
64,06e105fe87768f913f1b3e9bda2895bc-196,2,06e105fe87768f913f1b3e9bda2895bc,dev,0.29033011198043823,,3.896301615510378,06e105fe87768f913f1b3e9bda2895bc|194
65,06e105fe87768f913f1b3e9bda2895bc-198,3,06e105fe87768f913f1b3e9bda2895bc,dev,0.5737664103507996,,1.9093684151587664,06e105fe87768f913f1b3e9bda2895bc|194
108,0bdcc1da851d8d3741b7c20b60e7e6c6-146,1,0bdcc1da851d8d3741b7c20b60e7e6c6,train,0.1746407449245453,,5.820937207580045,0bdcc1da851d8d3741b7c20b60e7e6c6|146
109,0bdcc1da851d8d3741b7c20b60e7e6c6-148,2,0bdcc1da851d8d3741b7c20b60e7e6c6,train,0.649718165397644,,1.6877492031824093,0bdcc1da851d8d3741b7c20b60e7e6c6|146
110,0bdcc1da851d8d3741b7c20b60e7e6c6-150,3,0bdcc1da851d8d3741b7c20b60e7e6c6,train,1.3651269674301147,,0.30345938689792673,0bdcc1da851d8d3741b7c20b60e7e6c6|146
218,1804ae265b7401e75becf5d2a8ba00de-078,1,1804ae265b7401e75becf5d2a8ba00de,train,0.15679426491260529,,7.9218737019301635,1804ae265b7401e75becf5d2a8ba00de|78
219,1804ae265b7401e75becf5d2a8ba00de-080,2,1804ae265b7401e75becf5d2a8ba00de,train,0.3441065847873688,,4.108263427579177,1804ae265b7401e75becf5d2a8ba00de|78
220,1804ae265b7401e75becf5d2a8ba00de-082,3,1804ae265b7401e75becf5d2a8ba00de,train,0.5360924601554871,,2.5578609065486813,1804ae265b7401e75becf5d2a8ba00de|78
1724,cdcabe1c0037d309de0d5fdd53becf18-094,1,cdcabe1c0037d309de0d5fdd53becf18,train,0.10109821707010269,,11.671815415514075,cdcabe1c0037d309de0d5fdd53becf18|94
1725,cdcabe1c0037d309de0d5fdd53becf18-096,2,cdcabe1c0037d309de0d5fdd53becf18,train,0.20464375615119934,,8.160987853822833,cdcabe1c0037d309de0d5fdd53becf18|94
1726,cdcabe1c0037d309de0d5fdd53becf18-098,3,cdcabe1c0037d309de0d5fdd53becf18,train,0.39295879006385803,,3.916571630640666,cdcabe1c0037d309de0d5fdd53becf18|94
479,3a0614e01e50c8ab796043e6dd266e77-118,1,3a0614e01e50c8ab796043e6dd266e77,train,0.13456569612026215,,9.686942031666263,3a0614e01e50c8ab796043e6dd266e77|118
480,3a0614e01e50c8ab796043e6dd266e77-120,2,3a0614e01e50c8ab796043e6dd266e77,train,0.2719198167324066,,5.106701403908181,3a0614e01e50c8ab796043e6dd266e77|118
481,3a0614e01e50c8ab796043e6dd266e77-122,3,3a0614e01e50c8ab796043e6dd266e77,train,0.4298076629638672,,2.9737974770086817,3a0614e01e50c8ab796043e6dd266e77|118
2075,f144dc2fc89614a0436b4ca846e0b31e-122,1,f144dc2fc89614a0436b4ca846e0b31e,train,0.1796095222234726,,8.346422474655393,f144dc2fc89614a0436b4ca846e0b31e|122
2076,f144dc2fc89614a0436b4ca846e0b31e-124,2,f144dc2fc89614a0436b4ca846e0b31e,train,0.34480977058410645,,5.753799296322708,f144dc2fc89614a0436b4ca846e0b31e|122
2077,f144dc2fc89614a0436b4ca846e0b31e-126,3,f144dc2fc89614a0436b4ca846e0b31e,train,0.5531694889068604,,4.670612747368338,f144dc2fc89614a0436b4ca846e0b31e|122
1856,dbd2d26c5b1193cb040d76852e5019ca-158,1,dbd2d26c5b1193cb040d76852e5019ca,train,0.14519484341144562,,8.993477100028958,dbd2d26c5b1193cb040d76852e5019ca|158
1857,dbd2d26c5b1193cb040d76852e5019ca-160,2,dbd2d26c5b1193cb040d76852e5019ca,train,0.4089527726173401,,4.022025793374309,dbd2d26c5b1193cb040d76852e5019ca|158
39,051ce5c30a4149e2e888f391cd01a211-162,1,051ce5c30a4149e2e888f391cd01a211,train,0.21339215338230133,,8.985304576202317,051ce5c30a4149e2e888f391cd01a211|162
40,051ce5c30a4149e2e888f391cd01a211-164,2,051ce5c30a4149e2e888f391cd01a211,train,0.45058995485305786,,2.6907412878972496,051ce5c30a4149e2e888f391cd01a211|162
41,051ce5c30a4149e2e888f391cd01a211-166,3,051ce5c30a4149e2e888f391cd01a211,train,0.6920539736747742,,1.241569535603577,051ce5c30a4149e2e888f391cd01a211|162
247,1c5cfc499913e9d56319442eec1a5233-110,1,1c5cfc499913e9d56319442eec1a5233,train,0.15839828550815582,,14.863994253467569,1c5cfc499913e9d56319442eec1a5233|110
248,1c5cfc499913e9d56319442eec1a5233-112,2,1c5cfc499913e9d56319442eec1a5233,train,0.16077683866024017,,13.747364206922844,1c5cfc499913e9d56319442eec1a5233|110
249,1c5cfc499913e9d56319442eec1a5233-114,3,1c5cfc499913e9d56319442eec1a5233,train,0.02768007665872574,,8.7266498608137,1c5cfc499913e9d56319442eec1a5233|110
1181,928eb060aaf2c60f0ac65ef99d5f1703-160,1,928eb060aaf2c60f0ac65ef99d5f1703,train,0.2257412225008011,,9.213567365974312,928eb060aaf2c60f0ac65ef99d5f1703|160
1182,928eb060aaf2c60f0ac65ef99d5f1703-162,2,928eb060aaf2c60f0ac65ef99d5f1703,train,0.3532894253730774,,6.109753737952706,928eb060aaf2c60f0ac65ef99d5f1703|160
1183,928eb060aaf2c60f0ac65ef99d5f1703-164,3,928eb060aaf2c60f0ac65ef99d5f1703,train,0.4738409221172333,,3.1642451718690596,928eb060aaf2c60f0ac65ef99d5f1703|160
295,21ac31137e2913f0228b9b6beca337e2-158,1,21ac31137e2913f0228b9b6beca337e2,train,0.15256671607494354,,9.43402380704337,21ac31137e2913f0228b9b6beca337e2|158
296,21ac31137e2913f0228b9b6beca337e2-160,2,21ac31137e2913f0228b9b6beca337e2,train,0.22576256096363068,,6.780753382113414,21ac31137e2913f0228b9b6beca337e2|158
297,21ac31137e2913f0228b9b6beca337e2-162,3,21ac31137e2913f0228b9b6beca337e2,train,0.34070977568626404,,4.189820618349454,21ac31137e2913f0228b9b6beca337e2|158
2169,f98fc72e6c3fff85057a6fc1704f3134-166,1,f98fc72e6c3fff85057a6fc1704f3134,train,0.17165550589561462,,10.456398591513162,f98fc72e6c3fff85057a6fc1704f3134|166
2170,f98fc72e6c3fff85057a6fc1704f3134-168,2,f98fc72e6c3fff85057a6fc1704f3134,train,0.304145485162735,,6.132437273679828,f98fc72e6c3fff85057a6fc1704f3134|166
2171,f98fc72e6c3fff85057a6fc1704f3134-170,3,f98fc72e6c3fff85057a6fc1704f3134,train,0.4708303213119507,,3.500042614735004,f98fc72e6c3fff85057a6fc1704f3134|166
310,2299640ad1404420aae953c4a4473946-094,1,2299640ad1404420aae953c4a4473946,train,0.2845502495765686,,7.040469898272374,2299640ad1404420aae953c4a4473946|94
311,2299640ad1404420aae953c4a4473946-096,2,2299640ad1404420aae953c4a4473946,train,0.626410961151123,,4.606499373120214,2299640ad1404420aae953c4a4473946|94
312,2299640ad1404420aae953c4a4473946-098,3,2299640ad1404420aae953c4a4473946,train,0.9957074522972107,,1.5015264559168104,2299640ad1404420aae953c4a4473946|94
1307,9f39cc229e9023ac37979c880d5526a5-158,1,9f39cc229e9023ac37979c880d5526a5,train,0.33958694338798523,,5.306622704013566,9f39cc229e9023ac37979c880d5526a5|158
1308,9f39cc229e9023ac37979c880d5526a5-160,2,9f39cc229e9023ac37979c880d5526a5,train,0.8781846165657043,,1.7059403755747549,9f39cc229e9023ac37979c880d5526a5|158
1309,9f39cc229e9023ac37979c880d5526a5-162,3,9f39cc229e9023ac37979c880d5526a5,train,1.4179590940475464,,0.6775275352477327,9f39cc229e9023ac37979c880d5526a5|158
1823,d685dfde5f8da32f88d3e6a3e8a51c8c-210,1,d685dfde5f8da32f88d3e6a3e8a51c8c,train,0.14727240800857544,,8.723954675176744,d685dfde5f8da32f88d3e6a3e8a51c8c|210
1824,d685dfde5f8da32f88d3e6a3e8a51c8c-212,2,d685dfde5f8da32f88d3e6a3e8a51c8c,train,0.36042699217796326,,4.753450492647514,d685dfde5f8da32f88d3e6a3e8a51c8c|210
1825,d685dfde5f8da32f88d3e6a3e8a51c8c-214,3,d685dfde5f8da32f88d3e6a3e8a51c8c,train,0.7024819254875183,,1.2542646328310156,d685dfde5f8da32f88d3e6a3e8a51c8c|210
373,2a3a47579431312cec081bb1fc0f03b3-166,1,2a3a47579431312cec081bb1fc0f03b3,train,0.11417724937200546,,9.572476849511371,2a3a47579431312cec081bb1fc0f03b3|166
374,2a3a47579431312cec081bb1fc0f03b3-168,2,2a3a47579431312cec081bb1fc0f03b3,train,0.2949621379375458,,4.842380198658981,2a3a47579431312cec081bb1fc0f03b3|166
375,2a3a47579431312cec081bb1fc0f03b3-170,3,2a3a47579431312cec081bb1fc0f03b3,train,0.5220268368721008,,2.0074961323983795,2a3a47579431312cec081bb1fc0f03b3|166
953,77184b59e6df13ed3e4146f5f9891dfd-152,1,77184b59e6df13ed3e4146f5f9891dfd,train,0.1511671543121338,,10.709313569841353,77184b59e6df13ed3e4146f5f9891dfd|152
954,77184b59e6df13ed3e4146f5f9891dfd-154,2,77184b59e6df13ed3e4146f5f9891dfd,train,0.3034210205078125,,7.898594296376948,77184b59e6df13ed3e4146f5f9891dfd|152
955,77184b59e6df13ed3e4146f5f9891dfd-156,3,77184b59e6df13ed3e4146f5f9891dfd,train,0.4912049472332001,,3.744113451140971,77184b59e6df13ed3e4146f5f9891dfd|152
1469,b0b2a38d6fd59d58922f783433dd100f-150,1,b0b2a38d6fd59d58922f783433dd100f,train,0.126569002866745,,9.293864730242996,b0b2a38d6fd59d58922f783433dd100f|150
1470,b0b2a38d6fd59d58922f783433dd100f-152,2,b0b2a38d6fd59d58922f783433dd100f,train,0.3462276756763458,,4.230635060677547,b0b2a38d6fd59d58922f783433dd100f|150
1471,b0b2a38d6fd59d58922f783433dd100f-154,3,b0b2a38d6fd59d58922f783433dd100f,train,0.7564792037010193,,1.4543198274428726,b0b2a38d6fd59d58922f783433dd100f|150
1223,95bf2f670cf99bcfcdbe22769dfeee71-152,1,95bf2f670cf99bcfcdbe22769dfeee71,train,0.15232263505458832,,10.337093924246792,95bf2f670cf99bcfcdbe22769dfeee71|152
1224,95bf2f670cf99bcfcdbe22769dfeee71-154,2,95bf2f670cf99bcfcdbe22769dfeee71,train,0.21659205853939056,,9.529271145238924,95bf2f670cf99bcfcdbe22769dfeee71|152
1225,95bf2f670cf99bcfcdbe22769dfeee71-156,3,95bf2f670cf99bcfcdbe22769dfeee71,train,0.31158801913261414,,8.64771519199317,95bf2f670cf99bcfcdbe22769dfeee71|152
749,5b6a9357ece801bf19c64c8a8806e351-156,1,5b6a9357ece801bf19c64c8a8806e351,train,0.27264559268951416,,6.566235253753558,5b6a9357ece801bf19c64c8a8806e351|156
750,5b6a9357ece801bf19c64c8a8806e351-158,2,5b6a9357ece801bf19c64c8a8806e351,train,0.6732963919639587,,1.5083228093594647,5b6a9357ece801bf19c64c8a8806e351|156
751,5b6a9357ece801bf19c64c8a8806e351-160,3,5b6a9357ece801bf19c64c8a8806e351,train,1.0963358879089355,,0.6643628938488894,5b6a9357ece801bf19c64c8a8806e351|156
1412,a8946839f992a16fdd3f88c6f969199a-164,1,a8946839f992a16fdd3f88c6f969199a,train,0.19373328983783722,,8.406357667337122,a8946839f992a16fdd3f88c6f969199a|164
1413,a8946839f992a16fdd3f88c6f969199a-166,2,a8946839f992a16fdd3f88c6f969199a,train,0.46989408135414124,,4.354986184676551,a8946839f992a16fdd3f88c6f969199a|164
1414,a8946839f992a16fdd3f88c6f969199a-168,3,a8946839f992a16fdd3f88c6f969199a,train,0.8237305283546448,,1.7933726946106174,a8946839f992a16fdd3f88c6f969199a|164
1994,ea2ca633ffc3bdfa14f4a6c3890e12bc-062,1,ea2ca633ffc3bdfa14f4a6c3890e12bc,train,0.19054444134235382,,10.325862949165632,ea2ca633ffc3bdfa14f4a6c3890e12bc|62
1995,ea2ca633ffc3bdfa14f4a6c3890e12bc-064,2,ea2ca633ffc3bdfa14f4a6c3890e12bc,train,0.30884525179862976,,7.558724280985287,ea2ca633ffc3bdfa14f4a6c3890e12bc|62
1996,ea2ca633ffc3bdfa14f4a6c3890e12bc-066,3,ea2ca633ffc3bdfa14f4a6c3890e12bc,train,0.4500015377998352,,4.362154141872317,ea2ca633ffc3bdfa14f4a6c3890e12bc|62
863,6974ef56bd2649be001090dddb0b5077-212,1,6974ef56bd2649be001090dddb0b5077,train,0.10037966072559357,,9.586797621334279,6974ef56bd2649be001090dddb0b5077|212
864,6974ef56bd2649be001090dddb0b5077-214,2,6974ef56bd2649be001090dddb0b5077,train,0.18626469373703003,,6.531577998531814,6974ef56bd2649be001090dddb0b5077|212
865,6974ef56bd2649be001090dddb0b5077-216,3,6974ef56bd2649be001090dddb0b5077,train,0.27332255244255066,,5.171836306997605,6974ef56bd2649be001090dddb0b5077|212
866,6997fb3a7ebabcbac22d4a245178dfdc-174,1,6997fb3a7ebabcbac22d4a245178dfdc,train,0.13833624124526978,,11.291915023024815,6997fb3a7ebabcbac22d4a245178dfdc|174
867,6997fb3a7ebabcbac22d4a245178dfdc-176,2,6997fb3a7ebabcbac22d4a245178dfdc,train,0.20735076069831848,,10.40437002068748,6997fb3a7ebabcbac22d4a245178dfdc|174
868,6997fb3a7ebabcbac22d4a245178dfdc-178,3,6997fb3a7ebabcbac22d4a245178dfdc,train,0.3063689172267914,,7.416932554610396,6997fb3a7ebabcbac22d4a245178dfdc|174
2184,faaf14be4cff96c260277fd9ec9fbd5d-086,1,faaf14be4cff96c260277fd9ec9fbd5d,train,0.23325547575950623,,9.203450780447819,faaf14be4cff96c260277fd9ec9fbd5d|86
2185,faaf14be4cff96c260277fd9ec9fbd5d-088,2,faaf14be4cff96c260277fd9ec9fbd5d,train,0.4926658570766449,,2.7645306087429806,faaf14be4cff96c260277fd9ec9fbd5d|86
2186,faaf14be4cff96c260277fd9ec9fbd5d-090,3,faaf14be4cff96c260277fd9ec9fbd5d,train,0.784205973148346,,1.1680338000777466,faaf14be4cff96c260277fd9ec9fbd5d|86
45,0571eedb322b56343559983c6837c928-156,1,0571eedb322b56343559983c6837c928,train,0.3280634880065918,,6.042749871738335,0571eedb322b56343559983c6837c928|156
46,0571eedb322b56343559983c6837c928-158,2,0571eedb322b56343559983c6837c928,train,0.6153459548950195,,2.030827835078514,0571eedb322b56343559983c6837c928|156
47,0571eedb322b56343559983c6837c928-160,3,0571eedb322b56343559983c6837c928,train,0.8155229091644287,,1.2477794810648228,0571eedb322b56343559983c6837c928|156
1304,9e6ac8fa794acb6016ee9c2873991354-052,1,9e6ac8fa794acb6016ee9c2873991354,train,0.14189022779464722,,9.14963260117453,9e6ac8fa794acb6016ee9c2873991354|52
1305,9e6ac8fa794acb6016ee9c2873991354-054,2,9e6ac8fa794acb6016ee9c2873991354,train,0.3222319185733795,,5.44557823547608,9e6ac8fa794acb6016ee9c2873991354|52
1306,9e6ac8fa794acb6016ee9c2873991354-056,3,9e6ac8fa794acb6016ee9c2873991354,train,0.6124854683876038,,2.0469457972255003,9e6ac8fa794acb6016ee9c2873991354|52
1238,969c0b4da1d8f37a9dbf54244f2ea9af-098,1,969c0b4da1d8f37a9dbf54244f2ea9af,train,0.24848221242427826,,8.809923303213816,969c0b4da1d8f37a9dbf54244f2ea9af|98
1239,969c0b4da1d8f37a9dbf54244f2ea9af-100,2,969c0b4da1d8f37a9dbf54244f2ea9af,train,0.5761582255363464,,1.9508401975374932,969c0b4da1d8f37a9dbf54244f2ea9af|98
1240,969c0b4da1d8f37a9dbf54244f2ea9af-102,3,969c0b4da1d8f37a9dbf54244f2ea9af,train,0.935436487197876,,0.761237033468226,969c0b4da1d8f37a9dbf54244f2ea9af|98
1022,7e3a5fa0c3009fe98cef572ece1daa0b-156,1,7e3a5fa0c3009fe98cef572ece1daa0b,train,0.21814395487308502,,8.381167957408167,7e3a5fa0c3009fe98cef572ece1daa0b|156
1023,7e3a5fa0c3009fe98cef572ece1daa0b-158,2,7e3a5fa0c3009fe98cef572ece1daa0b,train,0.453498512506485,,4.569483150651723,7e3a5fa0c3009fe98cef572ece1daa0b|156
1024,7e3a5fa0c3009fe98cef572ece1daa0b-160,3,7e3a5fa0c3009fe98cef572ece1daa0b,train,0.7197743654251099,,1.5782565192700053,7e3a5fa0c3009fe98cef572ece1daa0b|156
2099,f40ac895f1a209ff29ac4fc06b43b8eb-236,1,f40ac895f1a209ff29ac4fc06b43b8eb,train,0.12333712726831436,,13.692459733792084,f40ac895f1a209ff29ac4fc06b43b8eb|236
1736,ce1f5c1dc77ec15838759498e1a3a4a1-142,1,ce1f5c1dc77ec15838759498e1a3a4a1,train,0.14869651198387146,,6.426551087783236,ce1f5c1dc77ec15838759498e1a3a4a1|142
1737,ce1f5c1dc77ec15838759498e1a3a4a1-144,2,ce1f5c1dc77ec15838759498e1a3a4a1,train,0.38495510816574097,,2.148005338369295,ce1f5c1dc77ec15838759498e1a3a4a1|142
1738,ce1f5c1dc77ec15838759498e1a3a4a1-146,3,ce1f5c1dc77ec15838759498e1a3a4a1,train,0.682746410369873,,1.223786555483943,ce1f5c1dc77ec15838759498e1a3a4a1|142
842,679d302918308d24479b7d02098278f3-176,1,679d302918308d24479b7d02098278f3,train,0.19011282920837402,,10.181273103263873,679d302918308d24479b7d02098278f3|176
843,679d302918308d24479b7d02098278f3-178,2,679d302918308d24479b7d02098278f3,train,0.2940594553947449,,8.479788852132058,679d302918308d24479b7d02098278f3|176
844,679d302918308d24479b7d02098278f3-180,3,679d302918308d24479b7d02098278f3,train,0.3995648920536041,,8.472533599808926,679d302918308d24479b7d02098278f3|176
1286,9b82f9c66ed4ee734f2c883e8dba3049-096,1,9b82f9c66ed4ee734f2c883e8dba3049,train,0.1734769195318222,,9.720365476984325,9b82f9c66ed4ee734f2c883e8dba3049|96
1287,9b82f9c66ed4ee734f2c883e8dba3049-098,2,9b82f9c66ed4ee734f2c883e8dba3049,train,0.39220476150512695,,5.8358941576951375,9b82f9c66ed4ee734f2c883e8dba3049|96
1288,9b82f9c66ed4ee734f2c883e8dba3049-100,3,9b82f9c66ed4ee734f2c883e8dba3049,train,0.6723928451538086,,1.7939003513525225,9b82f9c66ed4ee734f2c883e8dba3049|96
250,1c78fa0e898230edb35e8d32eddf0b5b-100,1,1c78fa0e898230edb35e8d32eddf0b5b,train,0.10060632973909378,,8.675601205387212,1c78fa0e898230edb35e8d32eddf0b5b|100
251,1c78fa0e898230edb35e8d32eddf0b5b-102,2,1c78fa0e898230edb35e8d32eddf0b5b,train,0.2600741684436798,,5.663439001462204,1c78fa0e898230edb35e8d32eddf0b5b|100
252,1c78fa0e898230edb35e8d32eddf0b5b-104,3,1c78fa0e898230edb35e8d32eddf0b5b,train,0.514426052570343,,2.622265621658977,1c78fa0e898230edb35e8d32eddf0b5b|100
1250,9792b5d2db9bb45af3d54bbf51dccc3c-212,1,9792b5d2db9bb45af3d54bbf51dccc3c,train,0.19404266774654388,,10.726190999540934,9792b5d2db9bb45af3d54bbf51dccc3c|212
1251,9792b5d2db9bb45af3d54bbf51dccc3c-214,2,9792b5d2db9bb45af3d54bbf51dccc3c,train,0.2204694002866745,,9.002702754291287,9792b5d2db9bb45af3d54bbf51dccc3c|212
1252,9792b5d2db9bb45af3d54bbf51dccc3c-216,3,9792b5d2db9bb45af3d54bbf51dccc3c,train,0.23576152324676514,,8.766202324842988,9792b5d2db9bb45af3d54bbf51dccc3c|212
1667,c8aedd82b4e1c74c9f3451c6e1e882f4-168,1,c8aedd82b4e1c74c9f3451c6e1e882f4,train,0.20706188678741455,,9.781941623693603,c8aedd82b4e1c74c9f3451c6e1e882f4|168
1668,c8aedd82b4e1c74c9f3451c6e1e882f4-170,2,c8aedd82b4e1c74c9f3451c6e1e882f4,train,0.47834932804107666,,4.521851724761976,c8aedd82b4e1c74c9f3451c6e1e882f4|168
1669,c8aedd82b4e1c74c9f3451c6e1e882f4-172,3,c8aedd82b4e1c74c9f3451c6e1e882f4,train,0.8152053356170654,,1.971851466339729,c8aedd82b4e1c74c9f3451c6e1e882f4|168
1508,b5b38b836f1422f897d130c46e33dd0d-176,1,b5b38b836f1422f897d130c46e33dd0d,train,0.14598223567008972,,12.543775096224861,b5b38b836f1422f897d130c46e33dd0d|176
1509,b5b38b836f1422f897d130c46e33dd0d-178,2,b5b38b836f1422f897d130c46e33dd0d,train,0.38085177540779114,,10.889422982392437,b5b38b836f1422f897d130c46e33dd0d|176
1510,b5b38b836f1422f897d130c46e33dd0d-180,3,b5b38b836f1422f897d130c46e33dd0d,train,0.5383093357086182,,8.747387857462101,b5b38b836f1422f897d130c46e33dd0d|176
136,0eceeb4ab56cad84d824c1d7ac962990-194,1,0eceeb4ab56cad84d824c1d7ac962990,train,0.16549888253211975,,9.240766108304202,0eceeb4ab56cad84d824c1d7ac962990|194
137,0eceeb4ab56cad84d824c1d7ac962990-196,2,0eceeb4ab56cad84d824c1d7ac962990,train,0.24313272535800934,,7.759809122031815,0eceeb4ab56cad84d824c1d7ac962990|194
138,0eceeb4ab56cad84d824c1d7ac962990-198,3,0eceeb4ab56cad84d824c1d7ac962990,train,0.3204435110092163,,6.719611013994209,0eceeb4ab56cad84d824c1d7ac962990|194
752,5bb652edff7975f7bdf078e00614338f-160,1,5bb652edff7975f7bdf078e00614338f,train,0.12830239534378052,,8.910646854749066,5bb652edff7975f7bdf078e00614338f|160
753,5bb652edff7975f7bdf078e00614338f-162,2,5bb652edff7975f7bdf078e00614338f,train,0.33440062403678894,,5.091132810590452,5bb652edff7975f7bdf078e00614338f|160
754,5bb652edff7975f7bdf078e00614338f-164,3,5bb652edff7975f7bdf078e00614338f,train,0.6123363375663757,,2.4998728499031926,5bb652edff7975f7bdf078e00614338f|160
346,274b8d3f06830d13f84d2f2b4e276f42-212,1,274b8d3f06830d13f84d2f2b4e276f42,dev,0.12933413684368134,,10.535483591006564,274b8d3f06830d13f84d2f2b4e276f42|212
347,274b8d3f06830d13f84d2f2b4e276f42-214,2,274b8d3f06830d13f84d2f2b4e276f42,dev,0.24507801234722137,,6.73542597172523,274b8d3f06830d13f84d2f2b4e276f42|212
348,274b8d3f06830d13f84d2f2b4e276f42-216,3,274b8d3f06830d13f84d2f2b4e276f42,dev,0.329616904258728,,6.341544260495277,274b8d3f06830d13f84d2f2b4e276f42|212
185,146e7868f8cbeb04642fb2ddae19d5cd-128,1,146e7868f8cbeb04642fb2ddae19d5cd,dev,0.10358182340860367,,8.109276461727084,146e7868f8cbeb04642fb2ddae19d5cd|128
186,146e7868f8cbeb04642fb2ddae19d5cd-130,2,146e7868f8cbeb04642fb2ddae19d5cd,dev,0.14684849977493286,,5.603954720672663,146e7868f8cbeb04642fb2ddae19d5cd|128
187,146e7868f8cbeb04642fb2ddae19d5cd-132,3,146e7868f8cbeb04642fb2ddae19d5cd,dev,0.1915777623653412,,4.592653889917163,146e7868f8cbeb04642fb2ddae19d5cd|128
1547,ba0fe23973467dd6d31d84cb16ebfc68-156,1,ba0fe23973467dd6d31d84cb16ebfc68,dev,0.11914389580488205,,7.845862001296369,ba0fe23973467dd6d31d84cb16ebfc68|156
1548,ba0fe23973467dd6d31d84cb16ebfc68-158,2,ba0fe23973467dd6d31d84cb16ebfc68,dev,0.3083547353744507,,3.5813406778331087,ba0fe23973467dd6d31d84cb16ebfc68|156
1549,ba0fe23973467dd6d31d84cb16ebfc68-160,3,ba0fe23973467dd6d31d84cb16ebfc68,dev,0.6343079805374146,,1.4772328812361828,ba0fe23973467dd6d31d84cb16ebfc68|156
415,3129a76a0ea8a71a604f25c27f89db39-084,1,3129a76a0ea8a71a604f25c27f89db39,dev,0.2860807776451111,,6.676015907574485,3129a76a0ea8a71a604f25c27f89db39|84
416,3129a76a0ea8a71a604f25c27f89db39-086,2,3129a76a0ea8a71a604f25c27f89db39,dev,0.720634400844574,,1.8075230397918505,3129a76a0ea8a71a604f25c27f89db39|84
417,3129a76a0ea8a71a604f25c27f89db39-088,3,3129a76a0ea8a71a604f25c27f89db39,dev,1.1592354774475098,,0.5437349664550742,3129a76a0ea8a71a604f25c27f89db39|84
159,101037a906ebe1e66490c97543462813-172,1,101037a906ebe1e66490c97543462813,dev,0.260001540184021,,5.976967598628826,101037a906ebe1e66490c97543462813|172
160,101037a906ebe1e66490c97543462813-174,2,101037a906ebe1e66490c97543462813,dev,0.5746318697929382,,1.7777481743259471,101037a906ebe1e66490c97543462813|172
161,101037a906ebe1e66490c97543462813-176,3,101037a906ebe1e66490c97543462813,dev,1.001866102218628,,0.6341441704244315,101037a906ebe1e66490c97543462813|172
188,14d0a131a3a763bf8427d8da1a3be99b-118,1,14d0a131a3a763bf8427d8da1a3be99b,dev,0.1300439089536667,,10.708322710340877,14d0a131a3a763bf8427d8da1a3be99b|118
189,14d0a131a3a763bf8427d8da1a3be99b-120,2,14d0a131a3a763bf8427d8da1a3be99b,dev,0.25274422764778137,,7.539279898443366,14d0a131a3a763bf8427d8da1a3be99b|118
190,14d0a131a3a763bf8427d8da1a3be99b-122,3,14d0a131a3a763bf8427d8da1a3be99b,dev,0.48418569564819336,,4.177445166102367,14d0a131a3a763bf8427d8da1a3be99b|118
51,05a8f67d0b1d83191ca7334cbed19e66-064,1,05a8f67d0b1d83191ca7334cbed19e66,dev,0.10046765953302383,,10.328412898049127,05a8f67d0b1d83191ca7334cbed19e66|64
52,05a8f67d0b1d83191ca7334cbed19e66-066,2,05a8f67d0b1d83191ca7334cbed19e66,dev,0.11051497608423233,,9.490805185437779,05a8f67d0b1d83191ca7334cbed19e66|64
53,05a8f67d0b1d83191ca7334cbed19e66-068,3,05a8f67d0b1d83191ca7334cbed19e66,dev,0.12250697612762451,,9.975288152249732,05a8f67d0b1d83191ca7334cbed19e66|64
114,0d3c12a8a1ab7c29cfe9ddffcfe28551-138,1,0d3c12a8a1ab7c29cfe9ddffcfe28551,dev,0.1587408185005188,,7.876675670111553,0d3c12a8a1ab7c29cfe9ddffcfe28551|138
115,0d3c12a8a1ab7c29cfe9ddffcfe28551-140,2,0d3c12a8a1ab7c29cfe9ddffcfe28551,dev,0.3316040337085724,,5.151374921671708,0d3c12a8a1ab7c29cfe9ddffcfe28551|138
116,0d3c12a8a1ab7c29cfe9ddffcfe28551-142,3,0d3c12a8a1ab7c29cfe9ddffcfe28551,dev,0.5320813655853271,,2.4922941174496196,0d3c12a8a1ab7c29cfe9ddffcfe28551|138
797,61f9387ee5b77c75868e058b6c3b201a-150,1,61f9387ee5b77c75868e058b6c3b201a,dev,0.352003276348114,,5.310739588861459,61f9387ee5b77c75868e058b6c3b201a|150
798,61f9387ee5b77c75868e058b6c3b201a-152,2,61f9387ee5b77c75868e058b6c3b201a,dev,1.318148136138916,,1.0400123672243056,61f9387ee5b77c75868e058b6c3b201a|150
799,61f9387ee5b77c75868e058b6c3b201a-154,3,61f9387ee5b77c75868e058b6c3b201a,dev,2.268207311630249,,0.4818866413130905,61f9387ee5b77c75868e058b6c3b201a|150
647,512a600f74ac4571680b54b27ee30105-162,1,512a600f74ac4571680b54b27ee30105,dev,0.1386236548423767,,8.849656969931909,512a600f74ac4571680b54b27ee30105|162
648,512a600f74ac4571680b54b27ee30105-164,2,512a600f74ac4571680b54b27ee30105,dev,0.3514423966407776,,4.544235944728716,512a600f74ac4571680b54b27ee30105|162
649,512a600f74ac4571680b54b27ee30105-166,3,512a600f74ac4571680b54b27ee30105,dev,0.6352537274360657,,2.1754066595404176,512a600f74ac4571680b54b27ee30105|162
854,68e61e0fb93ce1ab657c7c4a6c789311-160,1,68e61e0fb93ce1ab657c7c4a6c789311,dev,0.14634382724761963,,9.676098496073893,68e61e0fb93ce1ab657c7c4a6c789311|160
855,68e61e0fb93ce1ab657c7c4a6c789311-162,2,68e61e0fb93ce1ab657c7c4a6c789311,dev,0.34125131368637085,,5.094339388612603,68e61e0fb93ce1ab657c7c4a6c789311|160
856,68e61e0fb93ce1ab657c7c4a6c789311-164,3,68e61e0fb93ce1ab657c7c4a6c789311,dev,0.5920412540435791,,2.2085548186911392,68e61e0fb93ce1ab657c7c4a6c789311|160
1784,d345c2db7a86ef74e747001b234d4d62-164,1,d345c2db7a86ef74e747001b234d4d62,dev,0.21074339747428894,,9.862948217867967,d345c2db7a86ef74e747001b234d4d62|164
1785,d345c2db7a86ef74e747001b234d4d62-166,2,d345c2db7a86ef74e747001b234d4d62,dev,0.43521779775619507,,4.6928879640503665,d345c2db7a86ef74e747001b234d4d62|164
1786,d345c2db7a86ef74e747001b234d4d62-168,3,d345c2db7a86ef74e747001b234d4d62,dev,0.6960118412971497,,1.5164898608997994,d345c2db7a86ef74e747001b234d4d62|164
1175,9258f24a1e8687c4cc58ebcf058aed62-168,1,9258f24a1e8687c4cc58ebcf058aed62,train,0.11023328453302383,,11.240268987352268,9258f24a1e8687c4cc58ebcf058aed62|168
1176,9258f24a1e8687c4cc58ebcf058aed62-170,2,9258f24a1e8687c4cc58ebcf058aed62,train,0.29774945974349976,,5.424608709707647,9258f24a1e8687c4cc58ebcf058aed62|168
1177,9258f24a1e8687c4cc58ebcf058aed62-172,3,9258f24a1e8687c4cc58ebcf058aed62,train,0.5422881841659546,,1.6736274562106461,9258f24a1e8687c4cc58ebcf058aed62|168
78,09459557d8b2cbcf65607f171cb58541-152,1,09459557d8b2cbcf65607f171cb58541,train,0.11963066458702087,,11.610472336544454,09459557d8b2cbcf65607f171cb58541|152
79,09459557d8b2cbcf65607f171cb58541-154,2,09459557d8b2cbcf65607f171cb58541,train,0.30962151288986206,,6.488862311793102,09459557d8b2cbcf65607f171cb58541|152
80,09459557d8b2cbcf65607f171cb58541-156,3,09459557d8b2cbcf65607f171cb58541,train,0.5585558414459229,,1.7822096730536683,09459557d8b2cbcf65607f171cb58541|152
800,62e4dc179a6323f6d9092c16ec95ab90-090,1,62e4dc179a6323f6d9092c16ec95ab90,train,0.29540538787841797,,6.9549852034937265,62e4dc179a6323f6d9092c16ec95ab90|90
801,62e4dc179a6323f6d9092c16ec95ab90-092,2,62e4dc179a6323f6d9092c16ec95ab90,train,0.6314135193824768,,2.8756638510344823,62e4dc179a6323f6d9092c16ec95ab90|90
802,62e4dc179a6323f6d9092c16ec95ab90-094,3,62e4dc179a6323f6d9092c16ec95ab90,train,0.9548899531364441,,1.3535539426311434,62e4dc179a6323f6d9092c16ec95ab90|90
1058,83973be729437017b6052b926ffae8c0-062,1,83973be729437017b6052b926ffae8c0,train,0.18447886407375336,,10.665427962400917,83973be729437017b6052b926ffae8c0|62
1059,83973be729437017b6052b926ffae8c0-064,2,83973be729437017b6052b926ffae8c0,train,0.2861901521682739,,7.911520780449437,83973be729437017b6052b926ffae8c0|62
1060,83973be729437017b6052b926ffae8c0-066,3,83973be729437017b6052b926ffae8c0,train,0.4451747536659241,,5.0465263104171445,83973be729437017b6052b926ffae8c0|62
1064,83ea89ad6c264a73041485d3bca2275c-156,1,83ea89ad6c264a73041485d3bca2275c,train,0.23087190091609955,,6.198075562037168,83ea89ad6c264a73041485d3bca2275c|156
1065,83ea89ad6c264a73041485d3bca2275c-158,2,83ea89ad6c264a73041485d3bca2275c,train,0.6010950803756714,,1.2025463274419261,83ea89ad6c264a73041485d3bca2275c|156
1066,83ea89ad6c264a73041485d3bca2275c-160,3,83ea89ad6c264a73041485d3bca2275c,train,1.0235546827316284,,0.5910812854425377,83ea89ad6c264a73041485d3bca2275c|156
262,1d732e8e41368d7dcf7daf5d8e8db245-154,1,1d732e8e41368d7dcf7daf5d8e8db245,train,0.21433983743190765,,7.1546034291177865,1d732e8e41368d7dcf7daf5d8e8db245|154
263,1d732e8e41368d7dcf7daf5d8e8db245-156,2,1d732e8e41368d7dcf7daf5d8e8db245,train,0.4898136258125305,,3.034642908309991,1d732e8e41368d7dcf7daf5d8e8db245|154
264,1d732e8e41368d7dcf7daf5d8e8db245-158,3,1d732e8e41368d7dcf7daf5d8e8db245,train,0.8506624698638916,,1.0380852988330325,1d732e8e41368d7dcf7daf5d8e8db245|154
1346,a2b24fb57f1400d4f2873f4f66a8fc6f-154,1,a2b24fb57f1400d4f2873f4f66a8fc6f,train,0.14941243827342987,,8.122960243721744,a2b24fb57f1400d4f2873f4f66a8fc6f|154
1347,a2b24fb57f1400d4f2873f4f66a8fc6f-156,2,a2b24fb57f1400d4f2873f4f66a8fc6f,train,0.37842676043510437,,4.481181840501457,a2b24fb57f1400d4f2873f4f66a8fc6f|154
1348,a2b24fb57f1400d4f2873f4f66a8fc6f-158,3,a2b24fb57f1400d4f2873f4f66a8fc6f,train,0.694312334060669,,1.6912799480719347,a2b24fb57f1400d4f2873f4f66a8fc6f|154
1616,c32624fbfde8a4fa7b3384502a40f832-142,1,c32624fbfde8a4fa7b3384502a40f832,train,0.16597455739974976,,8.813986134934252,c32624fbfde8a4fa7b3384502a40f832|142
1617,c32624fbfde8a4fa7b3384502a40f832-144,2,c32624fbfde8a4fa7b3384502a40f832,train,0.3216373324394226,,4.711370962557199,c32624fbfde8a4fa7b3384502a40f832|142
1618,c32624fbfde8a4fa7b3384502a40f832-146,3,c32624fbfde8a4fa7b3384502a40f832,train,0.4806048274040222,,2.733305466245543,c32624fbfde8a4fa7b3384502a40f832|142
289,20b9eb9f36d6d6f4764e0b8bc5488909-150,1,20b9eb9f36d6d6f4764e0b8bc5488909,train,0.2686685621738434,,5.398039136047718,20b9eb9f36d6d6f4764e0b8bc5488909|150
290,20b9eb9f36d6d6f4764e0b8bc5488909-152,2,20b9eb9f36d6d6f4764e0b8bc5488909,train,0.6447849869728088,,1.7947324935053592,20b9eb9f36d6d6f4764e0b8bc5488909|150
291,20b9eb9f36d6d6f4764e0b8bc5488909-154,3,20b9eb9f36d6d6f4764e0b8bc5488909,train,1.078898310661316,,0.6067282630395575,20b9eb9f36d6d6f4764e0b8bc5488909|150
812,63df8d1b5af7c9e654a10f1688277d74-154,1,63df8d1b5af7c9e654a10f1688277d74,train,0.14806640148162842,,9.774374602723944,63df8d1b5af7c9e654a10f1688277d74|154
813,63df8d1b5af7c9e654a10f1688277d74-156,2,63df8d1b5af7c9e654a10f1688277d74,train,0.30542802810668945,,6.968556140322861,63df8d1b5af7c9e654a10f1688277d74|154
814,63df8d1b5af7c9e654a10f1688277d74-158,3,63df8d1b5af7c9e654a10f1688277d74,train,0.5006382465362549,,3.987063831257629,63df8d1b5af7c9e654a10f1688277d74|154
1088,8777a1da447c079cbaadbc8d34497310-152,1,8777a1da447c079cbaadbc8d34497310,train,0.2244848757982254,,8.924223141368985,8777a1da447c079cbaadbc8d34497310|152
1089,8777a1da447c079cbaadbc8d34497310-154,2,8777a1da447c079cbaadbc8d34497310,train,0.6144841313362122,,4.898116922239341,8777a1da447c079cbaadbc8d34497310|152
1090,8777a1da447c079cbaadbc8d34497310-156,3,8777a1da447c079cbaadbc8d34497310,train,0.9866860508918762,,0.8274146792441466,8777a1da447c079cbaadbc8d34497310|152
1433,ab9a9fa4f446da978045c1076c3f5f21-134,1,ab9a9fa4f446da978045c1076c3f5f21,train,0.17585492134094238,,8.754155602359901,ab9a9fa4f446da978045c1076c3f5f21|134
1434,ab9a9fa4f446da978045c1076c3f5f21-136,2,ab9a9fa4f446da978045c1076c3f5f21,train,0.31434908509254456,,5.300640811320308,ab9a9fa4f446da978045c1076c3f5f21|134
1435,ab9a9fa4f446da978045c1076c3f5f21-138,3,ab9a9fa4f446da978045c1076c3f5f21,train,0.4924398958683014,,2.896454470244948,ab9a9fa4f446da978045c1076c3f5f21|134
2015,eb7a066336492ad1de6627ca169b30a2-146,1,eb7a066336492ad1de6627ca169b30a2,train,0.10367690771818161,,9.504594224548132,eb7a066336492ad1de6627ca169b30a2|146
2016,eb7a066336492ad1de6627ca169b30a2-148,2,eb7a066336492ad1de6627ca169b30a2,train,0.12333334237337112,,7.467538550743438,eb7a066336492ad1de6627ca169b30a2|146
2017,eb7a066336492ad1de6627ca169b30a2-150,3,eb7a066336492ad1de6627ca169b30a2,train,0.14362438023090363,,7.074611170191084,eb7a066336492ad1de6627ca169b30a2|146
1706,cb84fce95b4c5871c62a4859d921a54b-072,1,cb84fce95b4c5871c62a4859d921a54b,train,0.14196603000164032,,8.617568582213972,cb84fce95b4c5871c62a4859d921a54b|72
1707,cb84fce95b4c5871c62a4859d921a54b-074,2,cb84fce95b4c5871c62a4859d921a54b,train,0.3487617075443268,,2.9574912090585577,cb84fce95b4c5871c62a4859d921a54b|72
1708,cb84fce95b4c5871c62a4859d921a54b-076,3,cb84fce95b4c5871c62a4859d921a54b,train,0.7173851728439331,,0.6599226608752509,cb84fce95b4c5871c62a4859d921a54b|72
2145,f77bc11c6ab7f9795ea43272a8db16c1-150,1,f77bc11c6ab7f9795ea43272a8db16c1,train,0.19337955117225647,,8.376922599761583,f77bc11c6ab7f9795ea43272a8db16c1|150
2146,f77bc11c6ab7f9795ea43272a8db16c1-152,2,f77bc11c6ab7f9795ea43272a8db16c1,train,0.47959595918655396,,3.2043370934587223,f77bc11c6ab7f9795ea43272a8db16c1|150
2147,f77bc11c6ab7f9795ea43272a8db16c1-154,3,f77bc11c6ab7f9795ea43272a8db16c1,train,0.8645315766334534,,1.1756465825483766,f77bc11c6ab7f9795ea43272a8db16c1|150
1382,a65f346c1afa7fd47514984374cc5c49-080,1,a65f346c1afa7fd47514984374cc5c49,train,0.2136891484260559,,8.23280638261254,a65f346c1afa7fd47514984374cc5c49|80
1383,a65f346c1afa7fd47514984374cc5c49-082,2,a65f346c1afa7fd47514984374cc5c49,train,0.46956774592399597,,4.053067037180264,a65f346c1afa7fd47514984374cc5c49|80
1384,a65f346c1afa7fd47514984374cc5c49-084,3,a65f346c1afa7fd47514984374cc5c49,train,0.7310323119163513,,1.070518844240129,a65f346c1afa7fd47514984374cc5c49|80
200,1598bb20a14310904c47a379f7d8e31f-156,1,1598bb20a14310904c47a379f7d8e31f,train,0.22430655360221863,,9.566888967481033,1598bb20a14310904c47a379f7d8e31f|156
201,1598bb20a14310904c47a379f7d8e31f-158,2,1598bb20a14310904c47a379f7d8e31f,train,0.3689132034778595,,5.778770938221993,1598bb20a14310904c47a379f7d8e31f|156
202,1598bb20a14310904c47a379f7d8e31f-160,3,1598bb20a14310904c47a379f7d8e31f,train,0.5192543268203735,,4.121944290209303,1598bb20a14310904c47a379f7d8e31f|156
920,731c0cfbe51a3e5c953e055ed53b8f39-152,1,731c0cfbe51a3e5c953e055ed53b8f39,train,0.13175417482852936,,12.815239315689071,731c0cfbe51a3e5c953e055ed53b8f39|152
921,731c0cfbe51a3e5c953e055ed53b8f39-154,2,731c0cfbe51a3e5c953e055ed53b8f39,train,0.15648332238197327,,12.421668331765659,731c0cfbe51a3e5c953e055ed53b8f39|152
922,731c0cfbe51a3e5c953e055ed53b8f39-156,3,731c0cfbe51a3e5c953e055ed53b8f39,train,0.09781204164028168,,9.223733826598577,731c0cfbe51a3e5c953e055ed53b8f39|152
1370,a5d68cd8f93fe87aa1e141486d3eb7ba-158,1,a5d68cd8f93fe87aa1e141486d3eb7ba,train,0.11574149131774902,,11.406554298953838,a5d68cd8f93fe87aa1e141486d3eb7ba|158
1371,a5d68cd8f93fe87aa1e141486d3eb7ba-160,2,a5d68cd8f93fe87aa1e141486d3eb7ba,train,0.38731202483177185,,4.715135935598702,a5d68cd8f93fe87aa1e141486d3eb7ba|158
1372,a5d68cd8f93fe87aa1e141486d3eb7ba-162,3,a5d68cd8f93fe87aa1e141486d3eb7ba,train,0.6822254061698914,,1.7614096265397883,a5d68cd8f93fe87aa1e141486d3eb7ba|158
355,281ab886459d1ea27915347cdccc3192-172,1,281ab886459d1ea27915347cdccc3192,train,0.23717017471790314,,7.756478450699147,281ab886459d1ea27915347cdccc3192|172
356,281ab886459d1ea27915347cdccc3192-174,2,281ab886459d1ea27915347cdccc3192,train,0.6329721808433533,,3.588825384824844,281ab886459d1ea27915347cdccc3192|172
357,281ab886459d1ea27915347cdccc3192-176,3,281ab886459d1ea27915347cdccc3192,train,1.068777084350586,,0.5733851918007332,281ab886459d1ea27915347cdccc3192|172
1475,b136a895ae9577fd9fec9a3119ebd5d9-056,1,b136a895ae9577fd9fec9a3119ebd5d9,train,0.18869902193546295,,8.153461053597843,b136a895ae9577fd9fec9a3119ebd5d9|56
1476,b136a895ae9577fd9fec9a3119ebd5d9-058,2,b136a895ae9577fd9fec9a3119ebd5d9,train,0.35004860162734985,,5.237936688808369,b136a895ae9577fd9fec9a3119ebd5d9|56
1477,b136a895ae9577fd9fec9a3119ebd5d9-060,3,b136a895ae9577fd9fec9a3119ebd5d9,train,0.5055052638053894,,3.8252877363540767,b136a895ae9577fd9fec9a3119ebd5d9|56
1601,c228ea1327f844633e647705bd642ff8-214,1,c228ea1327f844633e647705bd642ff8,train,0.20616091787815094,,8.530820853623736,c228ea1327f844633e647705bd642ff8|214
1602,c228ea1327f844633e647705bd642ff8-216,2,c228ea1327f844633e647705bd642ff8,train,0.4277975857257843,,2.864257071565913,c228ea1327f844633e647705bd642ff8|214
1603,c228ea1327f844633e647705bd642ff8-218,3,c228ea1327f844633e647705bd642ff8,train,0.7281765937805176,,1.7500915970081325,c228ea1327f844633e647705bd642ff8|214
1925,e23049502ac775ce177d9f75929d565c-116,1,e23049502ac775ce177d9f75929d565c,train,0.2252333164215088,,9.625832735997877,e23049502ac775ce177d9f75929d565c|116
1926,e23049502ac775ce177d9f75929d565c-118,2,e23049502ac775ce177d9f75929d565c,train,0.5670936107635498,,5.206810360747584,e23049502ac775ce177d9f75929d565c|116
1927,e23049502ac775ce177d9f75929d565c-120,3,e23049502ac775ce177d9f75929d565c,train,0.914283275604248,,1.0253388345544343,e23049502ac775ce177d9f75929d565c|116
473,38abb0d354833b6b4ba4f6078bdb617d-168,1,38abb0d354833b6b4ba4f6078bdb617d,train,0.10395366698503494,,10.29568878805612,38abb0d354833b6b4ba4f6078bdb617d|168
474,38abb0d354833b6b4ba4f6078bdb617d-170,2,38abb0d354833b6b4ba4f6078bdb617d,train,0.2828977108001709,,5.411691215047848,38abb0d354833b6b4ba4f6078bdb617d|168
475,38abb0d354833b6b4ba4f6078bdb617d-172,3,38abb0d354833b6b4ba4f6078bdb617d,train,0.6311091780662537,,1.8810344792110965,38abb0d354833b6b4ba4f6078bdb617d|168
2112,f58e97e14aace50080ca50c8849625d5-152,1,f58e97e14aace50080ca50c8849625d5,train,0.20375356078147888,,8.408352328918587,f58e97e14aace50080ca50c8849625d5|152
2113,f58e97e14aace50080ca50c8849625d5-154,2,f58e97e14aace50080ca50c8849625d5,train,0.504960834980011,,2.821777039893638,f58e97e14aace50080ca50c8849625d5|152
2114,f58e97e14aace50080ca50c8849625d5-156,3,f58e97e14aace50080ca50c8849625d5,train,0.8536500334739685,,1.2535973037085832,f58e97e14aace50080ca50c8849625d5|152
2090,f36c2751405391a2710a02998da69880-078,1,f36c2751405391a2710a02998da69880,train,0.26072368025779724,,6.167720056825016,f36c2751405391a2710a02998da69880|78
2091,f36c2751405391a2710a02998da69880-080,2,f36c2751405391a2710a02998da69880,train,0.5194116830825806,,2.960888681865288,f36c2751405391a2710a02998da69880|78
2092,f36c2751405391a2710a02998da69880-082,3,f36c2751405391a2710a02998da69880,train,0.7718012928962708,,1.1611506968009826,f36c2751405391a2710a02998da69880|78
403,3008bcb2457bb5625988469c49e5cbef-076,1,3008bcb2457bb5625988469c49e5cbef,train,0.1292009949684143,,12.605743700744258,3008bcb2457bb5625988469c49e5cbef|76
404,3008bcb2457bb5625988469c49e5cbef-078,2,3008bcb2457bb5625988469c49e5cbef,train,0.25737184286117554,,12.75696385664557,3008bcb2457bb5625988469c49e5cbef|76
405,3008bcb2457bb5625988469c49e5cbef-080,3,3008bcb2457bb5625988469c49e5cbef,train,0.30328038334846497,,10.630954583102435,3008bcb2457bb5625988469c49e5cbef|76
1400,a755d4b9d7685f5ed9a36ccc3127be51-152,1,a755d4b9d7685f5ed9a36ccc3127be51,train,0.15574109554290771,,9.57100479543702,a755d4b9d7685f5ed9a36ccc3127be51|152
1401,a755d4b9d7685f5ed9a36ccc3127be51-154,2,a755d4b9d7685f5ed9a36ccc3127be51,train,0.28901973366737366,,5.94851088669662,a755d4b9d7685f5ed9a36ccc3127be51|152
1402,a755d4b9d7685f5ed9a36ccc3127be51-156,3,a755d4b9d7685f5ed9a36ccc3127be51,train,0.5001518130302429,,2.91406418806012,a755d4b9d7685f5ed9a36ccc3127be51|152
1817,d674f1996d9e40a688fc3cc9f010fe64-164,1,d674f1996d9e40a688fc3cc9f010fe64,train,0.11556284874677658,,9.908074809875902,d674f1996d9e40a688fc3cc9f010fe64|164
1818,d674f1996d9e40a688fc3cc9f010fe64-166,2,d674f1996d9e40a688fc3cc9f010fe64,train,0.23913267254829407,,7.1947656000818005,d674f1996d9e40a688fc3cc9f010fe64|164
1819,d674f1996d9e40a688fc3cc9f010fe64-168,3,d674f1996d9e40a688fc3cc9f010fe64,train,0.3637768030166626,,4.274384736008509,d674f1996d9e40a688fc3cc9f010fe64|164
1541,b998f24ead4a6fddb7a4f3a109b6e77a-132,1,b998f24ead4a6fddb7a4f3a109b6e77a,train,0.15020164847373962,,11.752817817430676,b998f24ead4a6fddb7a4f3a109b6e77a|132
1542,b998f24ead4a6fddb7a4f3a109b6e77a-134,2,b998f24ead4a6fddb7a4f3a109b6e77a,train,0.24259796738624573,,9.808230939695715,b998f24ead4a6fddb7a4f3a109b6e77a|132
1543,b998f24ead4a6fddb7a4f3a109b6e77a-136,3,b998f24ead4a6fddb7a4f3a109b6e77a,train,0.4512762725353241,,3.6903136254709707,b998f24ead4a6fddb7a4f3a109b6e77a|132
590,4b3ea2f464700e01971df3f40f8cf14e-054,1,4b3ea2f464700e01971df3f40f8cf14e,train,0.15082742273807526,,9.47233513460571,4b3ea2f464700e01971df3f40f8cf14e|54
591,4b3ea2f464700e01971df3f40f8cf14e-056,2,4b3ea2f464700e01971df3f40f8cf14e,train,0.27220848202705383,,6.137983364937316,4b3ea2f464700e01971df3f40f8cf14e|54
592,4b3ea2f464700e01971df3f40f8cf14e-058,3,4b3ea2f464700e01971df3f40f8cf14e,train,0.40441715717315674,,3.7568768797940155,4b3ea2f464700e01971df3f40f8cf14e|54
1208,94bef9fb3ff97dbb5353f7e825cb22cf-058,1,94bef9fb3ff97dbb5353f7e825cb22cf,train,0.11867255717515945,,8.905481369441135,94bef9fb3ff97dbb5353f7e825cb22cf|58
1209,94bef9fb3ff97dbb5353f7e825cb22cf-060,2,94bef9fb3ff97dbb5353f7e825cb22cf,train,0.2883293330669403,,4.373865528698335,94bef9fb3ff97dbb5353f7e825cb22cf|58
1210,94bef9fb3ff97dbb5353f7e825cb22cf-062,3,94bef9fb3ff97dbb5353f7e825cb22cf,train,0.5605897307395935,,1.89643980863069,94bef9fb3ff97dbb5353f7e825cb22cf|58
2217,fedb5012a62e2baa63e1261be3c44f72-158,1,fedb5012a62e2baa63e1261be3c44f72,train,0.12839952111244202,,9.223744642584029,fedb5012a62e2baa63e1261be3c44f72|158
2218,fedb5012a62e2baa63e1261be3c44f72-160,2,fedb5012a62e2baa63e1261be3c44f72,train,0.3502352833747864,,2.4877221880125724,fedb5012a62e2baa63e1261be3c44f72|158
2219,fedb5012a62e2baa63e1261be3c44f72-162,3,fedb5012a62e2baa63e1261be3c44f72,train,0.675925076007843,,0.9985653056722477,fedb5012a62e2baa63e1261be3c44f72|158
2154,f8032bdcdd7c589daa2e07b1c83edc61-204,1,f8032bdcdd7c589daa2e07b1c83edc61,train,0.16421319544315338,,11.039615676996752,f8032bdcdd7c589daa2e07b1c83edc61|204
2155,f8032bdcdd7c589daa2e07b1c83edc61-206,2,f8032bdcdd7c589daa2e07b1c83edc61,train,0.24202126264572144,,8.024262614509048,f8032bdcdd7c589daa2e07b1c83edc61|204
2156,f8032bdcdd7c589daa2e07b1c83edc61-208,3,f8032bdcdd7c589daa2e07b1c83edc61,train,0.31942644715309143,,6.755042654740426,f8032bdcdd7c589daa2e07b1c83edc61|204
2024,ebbfd48bfa7fc154b4ce89368b78beb5-150,1,ebbfd48bfa7fc154b4ce89368b78beb5,train,0.17693516612052917,,8.9406642283387,ebbfd48bfa7fc154b4ce89368b78beb5|150
2025,ebbfd48bfa7fc154b4ce89368b78beb5-152,2,ebbfd48bfa7fc154b4ce89368b78beb5,train,0.395990252494812,,4.408184755205763,ebbfd48bfa7fc154b4ce89368b78beb5|150
2026,ebbfd48bfa7fc154b4ce89368b78beb5-154,3,ebbfd48bfa7fc154b4ce89368b78beb5,train,0.6567277908325195,,1.7111186913275553,ebbfd48bfa7fc154b4ce89368b78beb5|150
1136,8ea4ba08f5582f3010f50e7fd9b52603-180,1,8ea4ba08f5582f3010f50e7fd9b52603,train,0.12256330996751785,,10.301029410612077,8ea4ba08f5582f3010f50e7fd9b52603|180
1137,8ea4ba08f5582f3010f50e7fd9b52603-182,2,8ea4ba08f5582f3010f50e7fd9b52603,train,0.251192569732666,,5.87027184650641,8ea4ba08f5582f3010f50e7fd9b52603|180
1138,8ea4ba08f5582f3010f50e7fd9b52603-184,3,8ea4ba08f5582f3010f50e7fd9b52603,train,0.38323110342025757,,4.288670157853942,8ea4ba08f5582f3010f50e7fd9b52603|180
1172,920d9d93127be940246d52863435ad80-160,1,920d9d93127be940246d52863435ad80,train,0.148545503616333,,12.000246142798197,920d9d93127be940246d52863435ad80|160
1173,920d9d93127be940246d52863435ad80-162,2,920d9d93127be940246d52863435ad80,train,0.20752999186515808,,9.014160500925795,920d9d93127be940246d52863435ad80|160
1174,920d9d93127be940246d52863435ad80-164,3,920d9d93127be940246d52863435ad80,train,0.27689436078071594,,7.539403297881714,920d9d93127be940246d52863435ad80|160
283,207e3be24f885e0cce1ec7ab5a143fda-162,1,207e3be24f885e0cce1ec7ab5a143fda,train,0.16845059394836426,,10.225283510506742,207e3be24f885e0cce1ec7ab5a143fda|162
284,207e3be24f885e0cce1ec7ab5a143fda-164,2,207e3be24f885e0cce1ec7ab5a143fda,train,0.49752482771873474,,4.224141679536876,207e3be24f885e0cce1ec7ab5a143fda|162
285,207e3be24f885e0cce1ec7ab5a143fda-166,3,207e3be24f885e0cce1ec7ab5a143fda,train,0.9432550668716431,,1.539817409600178,207e3be24f885e0cce1ec7ab5a143fda|162
2130,f70628a3233d1a6f2e992cb1c7190308-098,1,f70628a3233d1a6f2e992cb1c7190308,dev,0.17170581221580505,,7.604495668908058,f70628a3233d1a6f2e992cb1c7190308|98
2131,f70628a3233d1a6f2e992cb1c7190308-100,2,f70628a3233d1a6f2e992cb1c7190308,dev,0.32143867015838623,,4.010334214684781,f70628a3233d1a6f2e992cb1c7190308|98
2132,f70628a3233d1a6f2e992cb1c7190308-102,3,f70628a3233d1a6f2e992cb1c7190308,dev,0.502101480960846,,1.8847851916701295,f70628a3233d1a6f2e992cb1c7190308|98
1211,94e7b78ef566545091c7baa264569cc7-174,1,94e7b78ef566545091c7baa264569cc7,dev,0.1860426515340805,,8.337720436075301,94e7b78ef566545091c7baa264569cc7|174
1212,94e7b78ef566545091c7baa264569cc7-176,2,94e7b78ef566545091c7baa264569cc7,dev,0.41693010926246643,,4.059756407027392,94e7b78ef566545091c7baa264569cc7|174
1213,94e7b78ef566545091c7baa264569cc7-178,3,94e7b78ef566545091c7baa264569cc7,dev,0.6848542094230652,,1.4615216960707753,94e7b78ef566545091c7baa264569cc7|174
1070,849e55cf3d8ae4bad178c618aba06179-160,1,849e55cf3d8ae4bad178c618aba06179,dev,0.14001210033893585,,10.216237198596392,849e55cf3d8ae4bad178c618aba06179|160
1071,849e55cf3d8ae4bad178c618aba06179-162,2,849e55cf3d8ae4bad178c618aba06179,dev,0.26328349113464355,,5.831182975723232,849e55cf3d8ae4bad178c618aba06179|160
1072,849e55cf3d8ae4bad178c618aba06179-164,3,849e55cf3d8ae4bad178c618aba06179,dev,0.4046662747859955,,2.4179125572007716,849e55cf3d8ae4bad178c618aba06179|160
1001,7be27848435f6925cdc6e3acfd6612c5-098,1,7be27848435f6925cdc6e3acfd6612c5,dev,0.1023387759923935,,10.602542422939182,7be27848435f6925cdc6e3acfd6612c5|98
1002,7be27848435f6925cdc6e3acfd6612c5-100,2,7be27848435f6925cdc6e3acfd6612c5,dev,0.25667157769203186,,7.2824825876068795,7be27848435f6925cdc6e3acfd6612c5|98
1003,7be27848435f6925cdc6e3acfd6612c5-102,3,7be27848435f6925cdc6e3acfd6612c5,dev,0.47771793603897095,,2.957479860571893,7be27848435f6925cdc6e3acfd6612c5|98
2078,f15306918e81c5b1995b27f8df01700e-142,1,f15306918e81c5b1995b27f8df01700e,dev,0.16828875243663788,,8.645691403824914,f15306918e81c5b1995b27f8df01700e|142
2079,f15306918e81c5b1995b27f8df01700e-144,2,f15306918e81c5b1995b27f8df01700e,dev,0.34828388690948486,,4.6357062744438595,f15306918e81c5b1995b27f8df01700e|142
2080,f15306918e81c5b1995b27f8df01700e-146,3,f15306918e81c5b1995b27f8df01700e,dev,0.6161133646965027,,1.7200369946239733,f15306918e81c5b1995b27f8df01700e|142
1403,a80bcc235c455dff32d47dd19e64bd8c-168,1,a80bcc235c455dff32d47dd19e64bd8c,dev,0.14836840331554413,,9.632123019695364,a80bcc235c455dff32d47dd19e64bd8c|168
1404,a80bcc235c455dff32d47dd19e64bd8c-170,2,a80bcc235c455dff32d47dd19e64bd8c,dev,0.3489343225955963,,6.219677086637247,a80bcc235c455dff32d47dd19e64bd8c|168
1405,a80bcc235c455dff32d47dd19e64bd8c-172,3,a80bcc235c455dff32d47dd19e64bd8c,dev,0.5581600666046143,,3.1153603746731138,a80bcc235c455dff32d47dd19e64bd8c|168
221,196e71cfec9ae702734c7fda930e7900-154,1,196e71cfec9ae702734c7fda930e7900,dev,0.15554176270961761,,10.585348164938575,196e71cfec9ae702734c7fda930e7900|154
222,196e71cfec9ae702734c7fda930e7900-156,2,196e71cfec9ae702734c7fda930e7900,dev,0.2778174877166748,,7.967202912978659,196e71cfec9ae702734c7fda930e7900|154
223,196e71cfec9ae702734c7fda930e7900-158,3,196e71cfec9ae702734c7fda930e7900,dev,0.4017190933227539,,5.855940840437268,196e71cfec9ae702734c7fda930e7900|154
1334,a20d37eb72b0d341fed9d31da7202b51-152,1,a20d37eb72b0d341fed9d31da7202b51,dev,0.273345023393631,,8.49407523604026,a20d37eb72b0d341fed9d31da7202b51|152
1335,a20d37eb72b0d341fed9d31da7202b51-154,2,a20d37eb72b0d341fed9d31da7202b51,dev,0.5048251152038574,,4.12515025874605,a20d37eb72b0d341fed9d31da7202b51|152
1336,a20d37eb72b0d341fed9d31da7202b51-156,3,a20d37eb72b0d341fed9d31da7202b51,dev,0.7647274136543274,,1.763127782789805,a20d37eb72b0d341fed9d31da7202b51|152
1016,7d76efb2c9ebecd842e252c59c35fcc4-134,1,7d76efb2c9ebecd842e252c59c35fcc4,dev,0.16642646491527557,,10.72262734521077,7d76efb2c9ebecd842e252c59c35fcc4|134
1017,7d76efb2c9ebecd842e252c59c35fcc4-136,2,7d76efb2c9ebecd842e252c59c35fcc4,dev,0.3009154796600342,,5.788594295565269,7d76efb2c9ebecd842e252c59c35fcc4|134
1018,7d76efb2c9ebecd842e252c59c35fcc4-138,3,7d76efb2c9ebecd842e252c59c35fcc4,dev,0.5268263816833496,,2.1844901560188985,7d76efb2c9ebecd842e252c59c35fcc4|134
191,14d0a131a3a763bf8427d8da1a3be99b-222,1,14d0a131a3a763bf8427d8da1a3be99b,dev,0.14320960640907288,,12.24444047343871,14d0a131a3a763bf8427d8da1a3be99b|222
192,14d0a131a3a763bf8427d8da1a3be99b-224,2,14d0a131a3a763bf8427d8da1a3be99b,dev,0.20685072243213654,,11.151455093994878,14d0a131a3a763bf8427d8da1a3be99b|222
193,14d0a131a3a763bf8427d8da1a3be99b-226,3,14d0a131a3a763bf8427d8da1a3be99b,dev,0.2765715718269348,,9.195861281245525,14d0a131a3a763bf8427d8da1a3be99b|222
2039,eeb774e8800c8f04b78c487aa181cf64-170,1,eeb774e8800c8f04b78c487aa181cf64,dev,0.335728257894516,,6.678632976283575,eeb774e8800c8f04b78c487aa181cf64|170
2040,eeb774e8800c8f04b78c487aa181cf64-172,2,eeb774e8800c8f04b78c487aa181cf64,dev,0.5466430187225342,,2.7120359782291095,eeb774e8800c8f04b78c487aa181cf64|170
2041,eeb774e8800c8f04b78c487aa181cf64-174,3,eeb774e8800c8f04b78c487aa181cf64,dev,0.7702419757843018,,1.493154550072011,eeb774e8800c8f04b78c487aa181cf64|170
1900,e0cf2ced180ef390c7ee81e617556aff-122,1,e0cf2ced180ef390c7ee81e617556aff,dev,0.10895326733589172,,11.99520577925343,e0cf2ced180ef390c7ee81e617556aff|122
1901,e0cf2ced180ef390c7ee81e617556aff-124,2,e0cf2ced180ef390c7ee81e617556aff,dev,0.1591101586818695,,11.401270386283846,e0cf2ced180ef390c7ee81e617556aff|122
1902,e0cf2ced180ef390c7ee81e617556aff-126,3,e0cf2ced180ef390c7ee81e617556aff,dev,0.2171793431043625,,11.752281301310527,e0cf2ced180ef390c7ee81e617556aff|122
277,1e6ec4bc4ada213c5993bd94b37a75c3-146,1,1e6ec4bc4ada213c5993bd94b37a75c3,train,0.15204398334026337,,10.158907082738382,1e6ec4bc4ada213c5993bd94b37a75c3|146
278,1e6ec4bc4ada213c5993bd94b37a75c3-148,2,1e6ec4bc4ada213c5993bd94b37a75c3,train,0.25075215101242065,,6.278948272570002,1e6ec4bc4ada213c5993bd94b37a75c3|146
279,1e6ec4bc4ada213c5993bd94b37a75c3-150,3,1e6ec4bc4ada213c5993bd94b37a75c3,train,0.36385202407836914,,4.120599976812535,1e6ec4bc4ada213c5993bd94b37a75c3|146
1727,cddf0bcff072c86d54d918d09227131f-128,1,cddf0bcff072c86d54d918d09227131f,train,0.2294756919145584,,8.946737689785877,cddf0bcff072c86d54d918d09227131f|128
1728,cddf0bcff072c86d54d918d09227131f-130,2,cddf0bcff072c86d54d918d09227131f,train,0.30015385150909424,,5.3755774269093095,cddf0bcff072c86d54d918d09227131f|128
1729,cddf0bcff072c86d54d918d09227131f-132,3,cddf0bcff072c86d54d918d09227131f,train,0.31393444538116455,,7.103337167192209,cddf0bcff072c86d54d918d09227131f|128
1571,bd1406f89418c1a1784d71b220fde276-146,1,bd1406f89418c1a1784d71b220fde276,train,0.12432713806629181,,10.291024286181946,bd1406f89418c1a1784d71b220fde276|146
1572,bd1406f89418c1a1784d71b220fde276-148,2,bd1406f89418c1a1784d71b220fde276,train,0.446673184633255,,4.24385846394793,bd1406f89418c1a1784d71b220fde276|146
1573,bd1406f89418c1a1784d71b220fde276-150,3,bd1406f89418c1a1784d71b220fde276,train,0.8044866919517517,,1.1152069492660803,bd1406f89418c1a1784d71b220fde276|146
1778,d177eff65b31ea921e47ca589385c22e-148,1,d177eff65b31ea921e47ca589385c22e,train,0.14762088656425476,,11.098389094668352,d177eff65b31ea921e47ca589385c22e|148
1779,d177eff65b31ea921e47ca589385c22e-150,2,d177eff65b31ea921e47ca589385c22e,train,0.31677207350730896,,6.097619109738205,d177eff65b31ea921e47ca589385c22e|148
1780,d177eff65b31ea921e47ca589385c22e-152,3,d177eff65b31ea921e47ca589385c22e,train,0.5942471623420715,,1.4056125545926244,d177eff65b31ea921e47ca589385c22e|148
512,41314439f50b64452b17eafdd45af169-140,1,41314439f50b64452b17eafdd45af169,train,0.1492142230272293,,10.008443569950982,41314439f50b64452b17eafdd45af169|140
513,41314439f50b64452b17eafdd45af169-142,2,41314439f50b64452b17eafdd45af169,train,0.2747933268547058,,8.299594427927111,41314439f50b64452b17eafdd45af169|140
514,41314439f50b64452b17eafdd45af169-144,3,41314439f50b64452b17eafdd45af169,train,0.4588155150413513,,4.5967517146468495,41314439f50b64452b17eafdd45af169|140
2205,fd764f285b1a8f4b3e5840c76636a1fe-158,1,fd764f285b1a8f4b3e5840c76636a1fe,train,0.14771051704883575,,11.227351997632134,fd764f285b1a8f4b3e5840c76636a1fe|158
2206,fd764f285b1a8f4b3e5840c76636a1fe-160,2,fd764f285b1a8f4b3e5840c76636a1fe,train,0.24929602444171906,,6.447896505729287,fd764f285b1a8f4b3e5840c76636a1fe|158
2207,fd764f285b1a8f4b3e5840c76636a1fe-162,3,fd764f285b1a8f4b3e5840c76636a1fe,train,0.3956148326396942,,3.84647225753582,fd764f285b1a8f4b3e5840c76636a1fe|158
1421,a8fa530d44f4e2ea9c4d7196ed1153d5-160,1,a8fa530d44f4e2ea9c4d7196ed1153d5,train,0.190170556306839,,6.577530479466864,a8fa530d44f4e2ea9c4d7196ed1153d5|160
1422,a8fa530d44f4e2ea9c4d7196ed1153d5-162,2,a8fa530d44f4e2ea9c4d7196ed1153d5,train,0.48257380723953247,,2.932754932985251,a8fa530d44f4e2ea9c4d7196ed1153d5|160
1423,a8fa530d44f4e2ea9c4d7196ed1153d5-164,3,a8fa530d44f4e2ea9c4d7196ed1153d5,train,0.8789483904838562,,0.7879769591827619,a8fa530d44f4e2ea9c4d7196ed1153d5|160
304,2216d416593c88d7126fc511bd340f45-170,1,2216d416593c88d7126fc511bd340f45,train,0.11691730469465256,,12.412577965808163,2216d416593c88d7126fc511bd340f45|170
305,2216d416593c88d7126fc511bd340f45-172,2,2216d416593c88d7126fc511bd340f45,train,0.14508771896362305,,9.91779460431601,2216d416593c88d7126fc511bd340f45|170
306,2216d416593c88d7126fc511bd340f45-174,3,2216d416593c88d7126fc511bd340f45,train,0.182342067360878,,11.740642058630785,2216d416593c88d7126fc511bd340f45|170
239,1bd1ad820a990c950cef9aaf2f68c843-092,1,1bd1ad820a990c950cef9aaf2f68c843,train,0.10471685975790024,,6.40991645252329,1bd1ad820a990c950cef9aaf2f68c843|92
240,1bd1ad820a990c950cef9aaf2f68c843-094,2,1bd1ad820a990c950cef9aaf2f68c843,train,0.383627325296402,,1.3381530589915869,1bd1ad820a990c950cef9aaf2f68c843|92
241,1bd1ad820a990c950cef9aaf2f68c843-096,3,1bd1ad820a990c950cef9aaf2f68c843,train,0.978891909122467,,0.3400076302225807,1bd1ad820a990c950cef9aaf2f68c843|92
84,09b9e2833486794e620627fe91430157-126,1,09b9e2833486794e620627fe91430157,train,0.25824931263923645,,5.210082801260878,09b9e2833486794e620627fe91430157|126
85,09b9e2833486794e620627fe91430157-128,2,09b9e2833486794e620627fe91430157,train,0.6012277603149414,,1.6539245457742255,09b9e2833486794e620627fe91430157|126
86,09b9e2833486794e620627fe91430157-130,3,09b9e2833486794e620627fe91430157,train,0.987065851688385,,0.8040595734120365,09b9e2833486794e620627fe91430157|126
1934,e4fceb8f0b69090da53edd8e1b671c68-162,1,e4fceb8f0b69090da53edd8e1b671c68,train,0.14197927713394165,,9.203066443453277,e4fceb8f0b69090da53edd8e1b671c68|162
1935,e4fceb8f0b69090da53edd8e1b671c68-164,2,e4fceb8f0b69090da53edd8e1b671c68,train,0.3501170873641968,,4.987260602473486,e4fceb8f0b69090da53edd8e1b671c68|162
1936,e4fceb8f0b69090da53edd8e1b671c68-166,3,e4fceb8f0b69090da53edd8e1b671c68,train,0.6568097472190857,,1.760759289649719,e4fceb8f0b69090da53edd8e1b671c68|162
782,6044c029010536852dbb99ed73416cd5-134,1,6044c029010536852dbb99ed73416cd5,train,0.21075640618801117,,8.344501579132908,6044c029010536852dbb99ed73416cd5|134
783,6044c029010536852dbb99ed73416cd5-136,2,6044c029010536852dbb99ed73416cd5,train,0.4365014433860779,,5.741564376625227,6044c029010536852dbb99ed73416cd5|134
784,6044c029010536852dbb99ed73416cd5-138,3,6044c029010536852dbb99ed73416cd5,train,0.7041003704071045,,2.931183831844575,6044c029010536852dbb99ed73416cd5|134
15,0271d4de361e98d810da73f755daa4e0-162,1,0271d4de361e98d810da73f755daa4e0,train,0.1153000220656395,,8.326011400755329,0271d4de361e98d810da73f755daa4e0|162
16,0271d4de361e98d810da73f755daa4e0-164,2,0271d4de361e98d810da73f755daa4e0,train,0.43518704175949097,,2.9037855589507258,0271d4de361e98d810da73f755daa4e0|162
17,0271d4de361e98d810da73f755daa4e0-166,3,0271d4de361e98d810da73f755daa4e0,train,0.7676660418510437,,1.1884290091751564,0271d4de361e98d810da73f755daa4e0|162
2072,f0ed78dbc919763eb7a76cb829fe239a-220,1,f0ed78dbc919763eb7a76cb829fe239a,train,0.1573297381401062,,8.948037643904676,f0ed78dbc919763eb7a76cb829fe239a|220
2073,f0ed78dbc919763eb7a76cb829fe239a-222,2,f0ed78dbc919763eb7a76cb829fe239a,train,0.2558099031448364,,6.986365793378137,f0ed78dbc919763eb7a76cb829fe239a|220
2074,f0ed78dbc919763eb7a76cb829fe239a-224,3,f0ed78dbc919763eb7a76cb829fe239a,train,0.36048924922943115,,6.466267410449699,f0ed78dbc919763eb7a76cb829fe239a|220
1553,bb5d423dca182a8860d61c321ec47f80-084,1,bb5d423dca182a8860d61c321ec47f80,train,0.13915610313415527,,11.54496382939488,bb5d423dca182a8860d61c321ec47f80|84
1554,bb5d423dca182a8860d61c321ec47f80-086,2,bb5d423dca182a8860d61c321ec47f80,train,0.17837581038475037,,10.122293420523532,bb5d423dca182a8860d61c321ec47f80|84
1555,bb5d423dca182a8860d61c321ec47f80-088,3,bb5d423dca182a8860d61c321ec47f80,train,0.22335362434387207,,8.829960991889298,bb5d423dca182a8860d61c321ec47f80|84
419,317e35f40b517974452fd174df950a0c-162,1,317e35f40b517974452fd174df950a0c,train,0.2031702995300293,,7.073689592969474,317e35f40b517974452fd174df950a0c|162
420,317e35f40b517974452fd174df950a0c-164,2,317e35f40b517974452fd174df950a0c,train,0.44585198163986206,,3.574514703874867,317e35f40b517974452fd174df950a0c|162
421,317e35f40b517974452fd174df950a0c-166,3,317e35f40b517974452fd174df950a0c,train,0.6957427263259888,,1.1167944961633445,317e35f40b517974452fd174df950a0c|162
1805,d5ac206f3229513642b036dab5592317-150,1,d5ac206f3229513642b036dab5592317,train,0.17536599934101105,,8.751562992048207,d5ac206f3229513642b036dab5592317|150
1806,d5ac206f3229513642b036dab5592317-152,2,d5ac206f3229513642b036dab5592317,train,0.3244875371456146,,4.923409045716142,d5ac206f3229513642b036dab5592317|150
1807,d5ac206f3229513642b036dab5592317-154,3,d5ac206f3229513642b036dab5592317,train,0.505389928817749,,3.1753629900792553,d5ac206f3229513642b036dab5592317|150
1019,7e3a5fa0c3009fe98cef572ece1daa0b-086,1,7e3a5fa0c3009fe98cef572ece1daa0b,train,0.20883658528327942,,8.328734541543232,7e3a5fa0c3009fe98cef572ece1daa0b|86
1020,7e3a5fa0c3009fe98cef572ece1daa0b-088,2,7e3a5fa0c3009fe98cef572ece1daa0b,train,0.430359810590744,,4.2594224072930045,7e3a5fa0c3009fe98cef572ece1daa0b|86
1021,7e3a5fa0c3009fe98cef572ece1daa0b-090,3,7e3a5fa0c3009fe98cef572ece1daa0b,train,0.6712031364440918,,1.9441855109457955,7e3a5fa0c3009fe98cef572ece1daa0b|86
1721,cdab59b0886ddd70ee637a4898f41224-166,1,cdab59b0886ddd70ee637a4898f41224,train,0.1865844875574112,,7.7318092828655995,cdab59b0886ddd70ee637a4898f41224|166
1722,cdab59b0886ddd70ee637a4898f41224-168,2,cdab59b0886ddd70ee637a4898f41224,train,0.42542827129364014,,2.460081764962856,cdab59b0886ddd70ee637a4898f41224|166
1723,cdab59b0886ddd70ee637a4898f41224-170,3,cdab59b0886ddd70ee637a4898f41224,train,0.7291918992996216,,1.1936087199459156,cdab59b0886ddd70ee637a4898f41224|166
743,5b1f21412588872c2ef89f817a3dd43c-134,1,5b1f21412588872c2ef89f817a3dd43c,train,0.4439840316772461,,6.91543576383343,5b1f21412588872c2ef89f817a3dd43c|134
744,5b1f21412588872c2ef89f817a3dd43c-136,2,5b1f21412588872c2ef89f817a3dd43c,train,0.9996973276138306,,3.1712308111397,5b1f21412588872c2ef89f817a3dd43c|134
745,5b1f21412588872c2ef89f817a3dd43c-138,3,5b1f21412588872c2ef89f817a3dd43c,train,1.3740942478179932,,0.6778499725017126,5b1f21412588872c2ef89f817a3dd43c|134
482,3b1d078574dda711129b43de35873a5c-148,1,3b1d078574dda711129b43de35873a5c,train,0.1773625612258911,,9.502110322580595,3b1d078574dda711129b43de35873a5c|148
483,3b1d078574dda711129b43de35873a5c-150,2,3b1d078574dda711129b43de35873a5c,train,0.46920111775398254,,4.235510442174952,3b1d078574dda711129b43de35873a5c|148
484,3b1d078574dda711129b43de35873a5c-152,3,3b1d078574dda711129b43de35873a5c,train,0.821370005607605,,1.9148967156622985,3b1d078574dda711129b43de35873a5c|148
2151,f7dcbc5da1550e1f5aa4b2647401414e-140,1,f7dcbc5da1550e1f5aa4b2647401414e,train,0.17497047781944275,,7.951284297578233,f7dcbc5da1550e1f5aa4b2647401414e|140
2152,f7dcbc5da1550e1f5aa4b2647401414e-142,2,f7dcbc5da1550e1f5aa4b2647401414e,train,0.3498086631298065,,6.345348147317517,f7dcbc5da1550e1f5aa4b2647401414e|140
2153,f7dcbc5da1550e1f5aa4b2647401414e-144,3,f7dcbc5da1550e1f5aa4b2647401414e,train,0.5656569004058838,,2.946259480514148,f7dcbc5da1550e1f5aa4b2647401414e|140
617,4dec2b1c8d324c6d5cae25b32a2b0c5d-160,1,4dec2b1c8d324c6d5cae25b32a2b0c5d,train,0.13451111316680908,,9.72923728478377,4dec2b1c8d324c6d5cae25b32a2b0c5d|160
618,4dec2b1c8d324c6d5cae25b32a2b0c5d-162,2,4dec2b1c8d324c6d5cae25b32a2b0c5d,train,0.31586477160453796,,5.458550648242219,4dec2b1c8d324c6d5cae25b32a2b0c5d|160
619,4dec2b1c8d324c6d5cae25b32a2b0c5d-164,3,4dec2b1c8d324c6d5cae25b32a2b0c5d,train,0.5798401236534119,,2.7054842398986567,4dec2b1c8d324c6d5cae25b32a2b0c5d|160
352,27729c149f08557d0bee5443ecf91e54-084,1,27729c149f08557d0bee5443ecf91e54,train,0.10776595771312714,,11.465392900054077,27729c149f08557d0bee5443ecf91e54|84
353,27729c149f08557d0bee5443ecf91e54-086,2,27729c149f08557d0bee5443ecf91e54,train,0.33949726819992065,,6.871892605660478,27729c149f08557d0bee5443ecf91e54|84
354,27729c149f08557d0bee5443ecf91e54-088,3,27729c149f08557d0bee5443ecf91e54,train,0.7420011758804321,,2.068393162716735,27729c149f08557d0bee5443ecf91e54|84
328,23b11b2f984db5917006696416634adf-056,1,23b11b2f984db5917006696416634adf,train,0.15235471725463867,,9.025818378452524,23b11b2f984db5917006696416634adf|56
329,23b11b2f984db5917006696416634adf-058,2,23b11b2f984db5917006696416634adf,train,0.38961464166641235,,3.9855480478066907,23b11b2f984db5917006696416634adf|56
330,23b11b2f984db5917006696416634adf-060,3,23b11b2f984db5917006696416634adf,train,0.6747300624847412,,1.6761178982217388,23b11b2f984db5917006696416634adf|56
1760,cf57bf8a7a83269b56a277572324cde0-160,1,cf57bf8a7a83269b56a277572324cde0,train,0.10184264183044434,,9.531112445731063,cf57bf8a7a83269b56a277572324cde0|160
1761,cf57bf8a7a83269b56a277572324cde0-162,2,cf57bf8a7a83269b56a277572324cde0,train,0.24270693957805634,,4.2226236157669375,cf57bf8a7a83269b56a277572324cde0|160
1762,cf57bf8a7a83269b56a277572324cde0-164,3,cf57bf8a7a83269b56a277572324cde0,train,0.48014166951179504,,1.9348411904166438,cf57bf8a7a83269b56a277572324cde0|160
227,19ab09823c6199e240dc0b8a0d9e77e6-160,1,19ab09823c6199e240dc0b8a0d9e77e6,train,0.11263933777809143,,12.179036755498549,19ab09823c6199e240dc0b8a0d9e77e6|160
228,19ab09823c6199e240dc0b8a0d9e77e6-162,2,19ab09823c6199e240dc0b8a0d9e77e6,train,0.17352421581745148,,9.533262426670227,19ab09823c6199e240dc0b8a0d9e77e6|160
229,19ab09823c6199e240dc0b8a0d9e77e6-164,3,19ab09823c6199e240dc0b8a0d9e77e6,train,0.23093831539154053,,8.737993301691551,19ab09823c6199e240dc0b8a0d9e77e6|160
60,06df79aee12a29cd02a8bafe1e1e06eb-142,1,06df79aee12a29cd02a8bafe1e1e06eb,train,0.156795933842659,,10.569743068802884,06df79aee12a29cd02a8bafe1e1e06eb|142
61,06df79aee12a29cd02a8bafe1e1e06eb-144,2,06df79aee12a29cd02a8bafe1e1e06eb,train,0.25095996260643005,,6.977114853506933,06df79aee12a29cd02a8bafe1e1e06eb|142
62,06df79aee12a29cd02a8bafe1e1e06eb-146,3,06df79aee12a29cd02a8bafe1e1e06eb,train,0.36876994371414185,,4.344480081669171,06df79aee12a29cd02a8bafe1e1e06eb|142
1397,a747983d83d7aa6d985de219a3984a12-150,1,a747983d83d7aa6d985de219a3984a12,train,0.14512619376182556,,7.612572951939504,a747983d83d7aa6d985de219a3984a12|150
1398,a747983d83d7aa6d985de219a3984a12-152,2,a747983d83d7aa6d985de219a3984a12,train,0.3134232461452484,,3.484618128171247,a747983d83d7aa6d985de219a3984a12|150
1399,a747983d83d7aa6d985de219a3984a12-154,3,a747983d83d7aa6d985de219a3984a12,train,0.65794837474823,,1.322206651958769,a747983d83d7aa6d985de219a3984a12|150
1196,945063b5b287cb90b46c6f321e525451-096,1,945063b5b287cb90b46c6f321e525451,train,0.10315636545419693,,10.715814855869782,945063b5b287cb90b46c6f321e525451|96
1197,945063b5b287cb90b46c6f321e525451-098,2,945063b5b287cb90b46c6f321e525451,train,0.18025198578834534,,7.3801981116538835,945063b5b287cb90b46c6f321e525451|96
1198,945063b5b287cb90b46c6f321e525451-100,3,945063b5b287cb90b46c6f321e525451,train,0.29764971137046814,,5.51569834992835,945063b5b287cb90b46c6f321e525451|96
1484,b1ec7c8dee037cd7f2a84c1b5a7901a6-074,1,b1ec7c8dee037cd7f2a84c1b5a7901a6,train,0.12267635017633438,,9.614964567161255,b1ec7c8dee037cd7f2a84c1b5a7901a6|74
1485,b1ec7c8dee037cd7f2a84c1b5a7901a6-076,2,b1ec7c8dee037cd7f2a84c1b5a7901a6,train,0.3106391131877899,,5.604633123697648,b1ec7c8dee037cd7f2a84c1b5a7901a6|74
1486,b1ec7c8dee037cd7f2a84c1b5a7901a6-078,3,b1ec7c8dee037cd7f2a84c1b5a7901a6,train,0.5570542216300964,,2.173971818374975,b1ec7c8dee037cd7f2a84c1b5a7901a6|74
233,1a83990d75dfae47d52f0dfb029ac7ed-128,1,1a83990d75dfae47d52f0dfb029ac7ed,train,0.3014701306819916,,7.321195330417275,1a83990d75dfae47d52f0dfb029ac7ed|128
234,1a83990d75dfae47d52f0dfb029ac7ed-130,2,1a83990d75dfae47d52f0dfb029ac7ed,train,0.5439714193344116,,3.2988817567356987,1a83990d75dfae47d52f0dfb029ac7ed|128
235,1a83990d75dfae47d52f0dfb029ac7ed-132,3,1a83990d75dfae47d52f0dfb029ac7ed,train,0.8008760213851929,,1.811126220048726,1a83990d75dfae47d52f0dfb029ac7ed|128
2057,f052a157eda6ddeb45dea65b39612bc2-162,1,f052a157eda6ddeb45dea65b39612bc2,train,0.1548139750957489,,8.370216728668083,f052a157eda6ddeb45dea65b39612bc2|162
2058,f052a157eda6ddeb45dea65b39612bc2-164,2,f052a157eda6ddeb45dea65b39612bc2,train,0.40206703543663025,,5.419848505286262,f052a157eda6ddeb45dea65b39612bc2|162
2059,f052a157eda6ddeb45dea65b39612bc2-166,3,f052a157eda6ddeb45dea65b39612bc2,train,0.66926109790802,,1.5874461707349983,f052a157eda6ddeb45dea65b39612bc2|162
1103,8a4d7fbeab0a9306b10f81a008aee625-086,1,8a4d7fbeab0a9306b10f81a008aee625,train,0.22683458030223846,,7.988121168551225,8a4d7fbeab0a9306b10f81a008aee625|86
1104,8a4d7fbeab0a9306b10f81a008aee625-088,2,8a4d7fbeab0a9306b10f81a008aee625,train,0.5495579242706299,,2.1661947601199274,8a4d7fbeab0a9306b10f81a008aee625|86
1105,8a4d7fbeab0a9306b10f81a008aee625-090,3,8a4d7fbeab0a9306b10f81a008aee625,train,0.960220217704773,,0.8488374977910254,8a4d7fbeab0a9306b10f81a008aee625|86
361,28e5ed641cf8cedb115607af063c0bae-142,1,28e5ed641cf8cedb115607af063c0bae,train,0.16558204591274261,,10.03901175373722,28e5ed641cf8cedb115607af063c0bae|142
362,28e5ed641cf8cedb115607af063c0bae-144,2,28e5ed641cf8cedb115607af063c0bae,train,0.24033589661121368,,7.742391112724549,28e5ed641cf8cedb115607af063c0bae|142
363,28e5ed641cf8cedb115607af063c0bae-146,3,28e5ed641cf8cedb115607af063c0bae,train,0.31864693760871887,,6.332519176265139,28e5ed641cf8cedb115607af063c0bae|142
1670,c8b97b9bc449551b8cf004e026dac6ab-174,1,c8b97b9bc449551b8cf004e026dac6ab,train,0.10298442840576172,,10.463654946980965,c8b97b9bc449551b8cf004e026dac6ab|174
1671,c8b97b9bc449551b8cf004e026dac6ab-176,2,c8b97b9bc449551b8cf004e026dac6ab,train,0.16570834815502167,,9.399060253302947,c8b97b9bc449551b8cf004e026dac6ab|174
1672,c8b97b9bc449551b8cf004e026dac6ab-178,3,c8b97b9bc449551b8cf004e026dac6ab,train,0.22185951471328735,,7.988347750795943,c8b97b9bc449551b8cf004e026dac6ab|174
1793,d3ba9c4f68cae824f21a47df10bb01bc-166,1,d3ba9c4f68cae824f21a47df10bb01bc,train,0.18430103361606598,,8.599033232789386,d3ba9c4f68cae824f21a47df10bb01bc|166
1794,d3ba9c4f68cae824f21a47df10bb01bc-168,2,d3ba9c4f68cae824f21a47df10bb01bc,train,0.396968811750412,,4.081920923873505,d3ba9c4f68cae824f21a47df10bb01bc|166
1795,d3ba9c4f68cae824f21a47df10bb01bc-170,3,d3ba9c4f68cae824f21a47df10bb01bc,train,0.6508282423019409,,1.9867881356929933,d3ba9c4f68cae824f21a47df10bb01bc|166
376,2ab86eec6b8ffac329baa5f0077e396e-152,1,2ab86eec6b8ffac329baa5f0077e396e,train,0.1241648718714714,,10.213692979152492,2ab86eec6b8ffac329baa5f0077e396e|152
377,2ab86eec6b8ffac329baa5f0077e396e-154,2,2ab86eec6b8ffac329baa5f0077e396e,train,0.254016250371933,,6.176004260688299,2ab86eec6b8ffac329baa5f0077e396e|152
378,2ab86eec6b8ffac329baa5f0077e396e-156,3,2ab86eec6b8ffac329baa5f0077e396e,train,0.3921782076358795,,4.849661989774754,2ab86eec6b8ffac329baa5f0077e396e|152
1358,a4a9b131ce4bec4b2bc8f43547295bfb-166,1,a4a9b131ce4bec4b2bc8f43547295bfb,dev,0.25362375378608704,,9.321476878312554,a4a9b131ce4bec4b2bc8f43547295bfb|166
1359,a4a9b131ce4bec4b2bc8f43547295bfb-168,2,a4a9b131ce4bec4b2bc8f43547295bfb,dev,0.5399181842803955,,5.334272988776684,a4a9b131ce4bec4b2bc8f43547295bfb|166
1360,a4a9b131ce4bec4b2bc8f43547295bfb-170,3,a4a9b131ce4bec4b2bc8f43547295bfb,dev,0.8672847747802734,,1.595077050210713,a4a9b131ce4bec4b2bc8f43547295bfb|166
36,051b4464459ec44e35fe60785ee16a85-070,1,051b4464459ec44e35fe60785ee16a85,dev,0.10222302377223969,,13.358776471611565,051b4464459ec44e35fe60785ee16a85|70
37,051b4464459ec44e35fe60785ee16a85-072,2,051b4464459ec44e35fe60785ee16a85,dev,0.19552846252918243,,8.778186862794888,051b4464459ec44e35fe60785ee16a85|70
38,051b4464459ec44e35fe60785ee16a85-074,3,051b4464459ec44e35fe60785ee16a85,dev,0.3344068229198456,,5.685099956679028,051b4464459ec44e35fe60785ee16a85|70
485,3c3752934a8eaea0ebb61debf410fa75-162,1,3c3752934a8eaea0ebb61debf410fa75,dev,0.22549931704998016,,7.510405911028195,3c3752934a8eaea0ebb61debf410fa75|162
486,3c3752934a8eaea0ebb61debf410fa75-164,2,3c3752934a8eaea0ebb61debf410fa75,dev,0.5206015110015869,,1.7718237602420033,3c3752934a8eaea0ebb61debf410fa75|162
487,3c3752934a8eaea0ebb61debf410fa75-166,3,3c3752934a8eaea0ebb61debf410fa75,dev,0.8681302666664124,,0.9819887155265857,3c3752934a8eaea0ebb61debf410fa75|162
428,33a1c9ee348f40c2a68dc5869b03e586-160,1,33a1c9ee348f40c2a68dc5869b03e586,dev,0.16134285926818848,,10.565878470485899,33a1c9ee348f40c2a68dc5869b03e586|160
429,33a1c9ee348f40c2a68dc5869b03e586-162,2,33a1c9ee348f40c2a68dc5869b03e586,dev,0.45879966020584106,,3.6501717413925805,33a1c9ee348f40c2a68dc5869b03e586|160
430,33a1c9ee348f40c2a68dc5869b03e586-164,3,33a1c9ee348f40c2a68dc5869b03e586,dev,0.8666138052940369,,1.1753077544902124,33a1c9ee348f40c2a68dc5869b03e586|160
503,3e6dcebc46783f981ec87cbd2c2fda8e-060,1,3e6dcebc46783f981ec87cbd2c2fda8e,dev,0.12130070477724075,,10.62803544803266,3e6dcebc46783f981ec87cbd2c2fda8e|60
504,3e6dcebc46783f981ec87cbd2c2fda8e-062,2,3e6dcebc46783f981ec87cbd2c2fda8e,dev,0.2619803845882416,,8.519939274718377,3e6dcebc46783f981ec87cbd2c2fda8e|60
505,3e6dcebc46783f981ec87cbd2c2fda8e-064,3,3e6dcebc46783f981ec87cbd2c2fda8e,dev,0.4071579873561859,,5.866052710887986,3e6dcebc46783f981ec87cbd2c2fda8e|60
1133,8cf69f39bffb9bc4d34f491757e412f8-084,1,8cf69f39bffb9bc4d34f491757e412f8,dev,0.10020820051431656,,12.154719149347805,8cf69f39bffb9bc4d34f491757e412f8|84
1134,8cf69f39bffb9bc4d34f491757e412f8-086,2,8cf69f39bffb9bc4d34f491757e412f8,dev,0.15849795937538147,,9.67501047526102,8cf69f39bffb9bc4d34f491757e412f8|84
1135,8cf69f39bffb9bc4d34f491757e412f8-088,3,8cf69f39bffb9bc4d34f491757e412f8,dev,0.21639159321784973,,9.532355807221291,8cf69f39bffb9bc4d34f491757e412f8|84
722,57e552729062a4b29d613fb34dd7230d-094,1,57e552729062a4b29d613fb34dd7230d,dev,0.1307029277086258,,10.291652885275044,57e552729062a4b29d613fb34dd7230d|94
723,57e552729062a4b29d613fb34dd7230d-096,2,57e552729062a4b29d613fb34dd7230d,dev,0.3529893457889557,,5.541481478005855,57e552729062a4b29d613fb34dd7230d|94
724,57e552729062a4b29d613fb34dd7230d-098,3,57e552729062a4b29d613fb34dd7230d,dev,0.6264252066612244,,2.4594131060329123,57e552729062a4b29d613fb34dd7230d|94
2193,fd3f8d46962ab26a01244a558d41d56b-112,1,fd3f8d46962ab26a01244a558d41d56b,dev,0.2001766413450241,,7.556463396396091,fd3f8d46962ab26a01244a558d41d56b|112
2194,fd3f8d46962ab26a01244a558d41d56b-114,2,fd3f8d46962ab26a01244a558d41d56b,dev,0.35075095295906067,,5.4323231954913815,fd3f8d46962ab26a01244a558d41d56b|112
2195,fd3f8d46962ab26a01244a558d41d56b-116,3,fd3f8d46962ab26a01244a558d41d56b,dev,0.5390792489051819,,2.741396172088186,fd3f8d46962ab26a01244a558d41d56b|112
2214,fe8294523a58dcaa33d361811a438293-048,1,fe8294523a58dcaa33d361811a438293,dev,0.13568620383739471,,9.741354387818467,fe8294523a58dcaa33d361811a438293|48
2215,fe8294523a58dcaa33d361811a438293-050,2,fe8294523a58dcaa33d361811a438293,dev,0.2535185217857361,,6.093763252379624,fe8294523a58dcaa33d361811a438293|48
2216,fe8294523a58dcaa33d361811a438293-052,3,fe8294523a58dcaa33d361811a438293,dev,0.3592533767223358,,4.521016851485817,fe8294523a58dcaa33d361811a438293|48
1685,c9e76ba29db9dd59d75eca44d849e593-164,1,c9e76ba29db9dd59d75eca44d849e593,dev,0.14722689986228943,,9.10982178601393,c9e76ba29db9dd59d75eca44d849e593|164
1686,c9e76ba29db9dd59d75eca44d849e593-166,2,c9e76ba29db9dd59d75eca44d849e593,dev,0.2920241951942444,,4.136938661340986,c9e76ba29db9dd59d75eca44d849e593|164
1687,c9e76ba29db9dd59d75eca44d849e593-168,3,c9e76ba29db9dd59d75eca44d849e593,dev,0.48408839106559753,,2.8460225458954826,c9e76ba29db9dd59d75eca44d849e593|164
3,00a858a5e34819152ec72183524388c8-174,1,00a858a5e34819152ec72183524388c8,dev,0.24991506338119507,,8.06339863420185,00a858a5e34819152ec72183524388c8|174
4,00a858a5e34819152ec72183524388c8-176,2,00a858a5e34819152ec72183524388c8,dev,0.7148115634918213,,1.4303202955724401,00a858a5e34819152ec72183524388c8|174
5,00a858a5e34819152ec72183524388c8-178,3,00a858a5e34819152ec72183524388c8,dev,1.250550627708435,,0.5995849644235175,00a858a5e34819152ec72183524388c8|174
6,014d03dc9441ee1e2a5d06f9c187792b-088,1,014d03dc9441ee1e2a5d06f9c187792b,train,0.16754275560379028,,9.34905941908877,014d03dc9441ee1e2a5d06f9c187792b|88
7,014d03dc9441ee1e2a5d06f9c187792b-090,2,014d03dc9441ee1e2a5d06f9c187792b,train,0.26827704906463623,,5.825552174228982,014d03dc9441ee1e2a5d06f9c187792b|88
8,014d03dc9441ee1e2a5d06f9c187792b-092,3,014d03dc9441ee1e2a5d06f9c187792b,train,0.33026567101478577,,4.7559415197076085,014d03dc9441ee1e2a5d06f9c187792b|88
1463,b029c7386cb1d00aef9da0c8aefee273-154,1,b029c7386cb1d00aef9da0c8aefee273,train,0.17588482797145844,,6.454747430705092,b029c7386cb1d00aef9da0c8aefee273|154
1464,b029c7386cb1d00aef9da0c8aefee273-156,2,b029c7386cb1d00aef9da0c8aefee273,train,0.6287750005722046,,1.575321049820679,b029c7386cb1d00aef9da0c8aefee273|154
1465,b029c7386cb1d00aef9da0c8aefee273-158,3,b029c7386cb1d00aef9da0c8aefee273,train,1.0681909322738647,,0.6581827476477905,b029c7386cb1d00aef9da0c8aefee273|154
157,1007ae340e2f4f70f7b769a24e27a51d-234,1,1007ae340e2f4f70f7b769a24e27a51d,train,0.1425655484199524,,12.25972594001105,1007ae340e2f4f70f7b769a24e27a51d|234
158,1007ae340e2f4f70f7b769a24e27a51d-236,2,1007ae340e2f4f70f7b769a24e27a51d,train,0.2304154485464096,,10.651899679534942,1007ae340e2f4f70f7b769a24e27a51d|234
1832,d77883ffa3c476ffe71f1694ae982ebe-076,1,d77883ffa3c476ffe71f1694ae982ebe,train,0.21078667044639587,,8.656102385448968,d77883ffa3c476ffe71f1694ae982ebe|76
1833,d77883ffa3c476ffe71f1694ae982ebe-078,2,d77883ffa3c476ffe71f1694ae982ebe,train,0.40414711833000183,,4.546918388830952,d77883ffa3c476ffe71f1694ae982ebe|76
1834,d77883ffa3c476ffe71f1694ae982ebe-080,3,d77883ffa3c476ffe71f1694ae982ebe,train,0.5994373559951782,,2.4080236027855335,d77883ffa3c476ffe71f1694ae982ebe|76
1205,9480ffccbcaa26d0edb7b69ac32f7ac5-150,1,9480ffccbcaa26d0edb7b69ac32f7ac5,train,0.1353670060634613,,12.059068820680901,9480ffccbcaa26d0edb7b69ac32f7ac5|150
1206,9480ffccbcaa26d0edb7b69ac32f7ac5-152,2,9480ffccbcaa26d0edb7b69ac32f7ac5,train,0.2105090469121933,,9.703755006749235,9480ffccbcaa26d0edb7b69ac32f7ac5|150
1207,9480ffccbcaa26d0edb7b69ac32f7ac5-154,3,9480ffccbcaa26d0edb7b69ac32f7ac5,train,0.33788326382637024,,6.910632233986179,9480ffccbcaa26d0edb7b69ac32f7ac5|150
977,794c9dfaa34d0fd32cf4f16ff888fd23-174,1,794c9dfaa34d0fd32cf4f16ff888fd23,train,0.17694121599197388,,8.63896964230345,794c9dfaa34d0fd32cf4f16ff888fd23|174
978,794c9dfaa34d0fd32cf4f16ff888fd23-176,2,794c9dfaa34d0fd32cf4f16ff888fd23,train,0.3929281532764435,,4.284082215996871,794c9dfaa34d0fd32cf4f16ff888fd23|174
979,794c9dfaa34d0fd32cf4f16ff888fd23-178,3,794c9dfaa34d0fd32cf4f16ff888fd23,train,0.6507810950279236,,1.7778309132716053,794c9dfaa34d0fd32cf4f16ff888fd23|174
1964,e6ee90e767fe8dc7d26967bf91fa73e2-068,1,e6ee90e767fe8dc7d26967bf91fa73e2,train,0.12887220084667206,,10.535387113007735,e6ee90e767fe8dc7d26967bf91fa73e2|68
1965,e6ee90e767fe8dc7d26967bf91fa73e2-070,2,e6ee90e767fe8dc7d26967bf91fa73e2,train,0.26125669479370117,,6.019348143112278,e6ee90e767fe8dc7d26967bf91fa73e2|68
1966,e6ee90e767fe8dc7d26967bf91fa73e2-072,3,e6ee90e767fe8dc7d26967bf91fa73e2,train,0.4323045611381531,,2.849740641921548,e6ee90e767fe8dc7d26967bf91fa73e2|68
434,3550f1da3fe4914d15ec7aeb999fb60a-070,1,3550f1da3fe4914d15ec7aeb999fb60a,train,0.11545058339834213,,17.633896470126878,3550f1da3fe4914d15ec7aeb999fb60a|70
435,3550f1da3fe4914d15ec7aeb999fb60a-072,2,3550f1da3fe4914d15ec7aeb999fb60a,train,0.01910189539194107,,9.793997435067386,3550f1da3fe4914d15ec7aeb999fb60a|70
436,3550f1da3fe4914d15ec7aeb999fb60a-074,3,3550f1da3fe4914d15ec7aeb999fb60a,train,0.3807115852832794,,2.1484959518334024,3550f1da3fe4914d15ec7aeb999fb60a|70
57,05bbca2efe4f891f6302a06312c59196-094,1,05bbca2efe4f891f6302a06312c59196,train,0.28393155336380005,,8.535389676145456,05bbca2efe4f891f6302a06312c59196|94
58,05bbca2efe4f891f6302a06312c59196-096,2,05bbca2efe4f891f6302a06312c59196,train,0.5890184640884399,,4.480955243503294,05bbca2efe4f891f6302a06312c59196|94
59,05bbca2efe4f891f6302a06312c59196-098,3,05bbca2efe4f891f6302a06312c59196,train,0.932741641998291,,0.9196832082438132,05bbca2efe4f891f6302a06312c59196|94
165,1047dcd462a066534ea1f0745071c5f3-224,1,1047dcd462a066534ea1f0745071c5f3,train,0.19366014003753662,,7.574408426766407,1047dcd462a066534ea1f0745071c5f3|224
166,1047dcd462a066534ea1f0745071c5f3-226,2,1047dcd462a066534ea1f0745071c5f3,train,0.5176659822463989,,2.403580626678558,1047dcd462a066534ea1f0745071c5f3|224
1526,b85e1d056c25eef736b428d6a56c3338-092,1,b85e1d056c25eef736b428d6a56c3338,train,0.19835923612117767,,9.89186970813487,b85e1d056c25eef736b428d6a56c3338|92
1527,b85e1d056c25eef736b428d6a56c3338-094,2,b85e1d056c25eef736b428d6a56c3338,train,0.3947705626487732,,5.057761464530806,b85e1d056c25eef736b428d6a56c3338|92
1528,b85e1d056c25eef736b428d6a56c3338-096,3,b85e1d056c25eef736b428d6a56c3338,train,0.6235430836677551,,2.517621478249631,b85e1d056c25eef736b428d6a56c3338|92
1055,83555f6a5d48570a6ce2e25be016be3b-118,1,83555f6a5d48570a6ce2e25be016be3b,train,0.18645116686820984,,8.980928792128594,83555f6a5d48570a6ce2e25be016be3b|118
1056,83555f6a5d48570a6ce2e25be016be3b-120,2,83555f6a5d48570a6ce2e25be016be3b,train,0.3142291009426117,,4.904539183204371,83555f6a5d48570a6ce2e25be016be3b|118
1057,83555f6a5d48570a6ce2e25be016be3b-122,3,83555f6a5d48570a6ce2e25be016be3b,train,0.5123580098152161,,2.948034353021684,83555f6a5d48570a6ce2e25be016be3b|118
1277,9ab301015273c31edad2b3c6dd196d37-156,1,9ab301015273c31edad2b3c6dd196d37,train,0.13420385122299194,,9.942285091174421,9ab301015273c31edad2b3c6dd196d37|156
1278,9ab301015273c31edad2b3c6dd196d37-158,2,9ab301015273c31edad2b3c6dd196d37,train,0.477156400680542,,2.6864613879766437,9ab301015273c31edad2b3c6dd196d37|156
1279,9ab301015273c31edad2b3c6dd196d37-160,3,9ab301015273c31edad2b3c6dd196d37,train,1.0314478874206543,,0.7939575430905753,9ab301015273c31edad2b3c6dd196d37|156
24,03a45b0b1b4fa93d39c16dff004065f3-058,1,03a45b0b1b4fa93d39c16dff004065f3,train,0.17906242609024048,,4.759949644732372,03a45b0b1b4fa93d39c16dff004065f3|58
25,03a45b0b1b4fa93d39c16dff004065f3-060,2,03a45b0b1b4fa93d39c16dff004065f3,train,0.36738860607147217,,2.3929180840523183,03a45b0b1b4fa93d39c16dff004065f3|58
26,03a45b0b1b4fa93d39c16dff004065f3-062,3,03a45b0b1b4fa93d39c16dff004065f3,train,0.6816332340240479,,1.2206190885886774,03a45b0b1b4fa93d39c16dff004065f3|58
1328,a0f77cebca16bb01e7d4e72346e76ade-142,1,a0f77cebca16bb01e7d4e72346e76ade,train,0.10771495848894119,,11.185072685155072,a0f77cebca16bb01e7d4e72346e76ade|142
1329,a0f77cebca16bb01e7d4e72346e76ade-144,2,a0f77cebca16bb01e7d4e72346e76ade,train,0.19983963668346405,,5.841114600403871,a0f77cebca16bb01e7d4e72346e76ade|142
1330,a0f77cebca16bb01e7d4e72346e76ade-146,3,a0f77cebca16bb01e7d4e72346e76ade,train,0.36347997188568115,,3.4295876391703106,a0f77cebca16bb01e7d4e72346e76ade|142
1298,9c461c130e4772a3cfa5f52b1407109f-156,1,9c461c130e4772a3cfa5f52b1407109f,train,0.1352366954088211,,9.982812495543598,9c461c130e4772a3cfa5f52b1407109f|156
1299,9c461c130e4772a3cfa5f52b1407109f-158,2,9c461c130e4772a3cfa5f52b1407109f,train,0.35477206110954285,,5.526347391239281,9c461c130e4772a3cfa5f52b1407109f|156
1300,9c461c130e4772a3cfa5f52b1407109f-160,3,9c461c130e4772a3cfa5f52b1407109f,train,0.6718030571937561,,2.3155174193188786,9c461c130e4772a3cfa5f52b1407109f|156
1891,e020af0753ce80caf68da49e097bb784-162,1,e020af0753ce80caf68da49e097bb784,train,0.2407926321029663,,7.2055370514757335,e020af0753ce80caf68da49e097bb784|162
1892,e020af0753ce80caf68da49e097bb784-164,2,e020af0753ce80caf68da49e097bb784,train,0.6514773964881897,,1.8106599616837038,e020af0753ce80caf68da49e097bb784|162
1893,e020af0753ce80caf68da49e097bb784-166,3,e020af0753ce80caf68da49e097bb784,train,1.0824135541915894,,0.4476387860709516,e020af0753ce80caf68da49e097bb784|162
1442,acd945011ee53bf6eccc983566206fa4-206,1,acd945011ee53bf6eccc983566206fa4,train,0.2054690569639206,,8.789488141720696,acd945011ee53bf6eccc983566206fa4|206
1443,acd945011ee53bf6eccc983566206fa4-208,2,acd945011ee53bf6eccc983566206fa4,train,0.6031492352485657,,3.215795676962671,acd945011ee53bf6eccc983566206fa4|206
1444,acd945011ee53bf6eccc983566206fa4-210,3,acd945011ee53bf6eccc983566206fa4,train,1.070439338684082,,0.6978432738904656,acd945011ee53bf6eccc983566206fa4|206
170,10ed6676b902da9c0463f0e6a299ab6e-152,1,10ed6676b902da9c0463f0e6a299ab6e,train,0.18334269523620605,,8.699958623548744,10ed6676b902da9c0463f0e6a299ab6e|152
171,10ed6676b902da9c0463f0e6a299ab6e-154,2,10ed6676b902da9c0463f0e6a299ab6e,train,0.5938602089881897,,1.6665733521927626,10ed6676b902da9c0463f0e6a299ab6e|152
172,10ed6676b902da9c0463f0e6a299ab6e-156,3,10ed6676b902da9c0463f0e6a299ab6e,train,1.1003438234329224,,0.5925275312075884,10ed6676b902da9c0463f0e6a299ab6e|152
123,0db6f57c4c0a0592d2ba7616cc177acd-158,1,0db6f57c4c0a0592d2ba7616cc177acd,train,0.10454052686691284,,11.246824413311092,0db6f57c4c0a0592d2ba7616cc177acd|158
124,0db6f57c4c0a0592d2ba7616cc177acd-160,2,0db6f57c4c0a0592d2ba7616cc177acd,train,0.23033733665943146,,8.203393711725296,0db6f57c4c0a0592d2ba7616cc177acd|158
125,0db6f57c4c0a0592d2ba7616cc177acd-162,3,0db6f57c4c0a0592d2ba7616cc177acd,train,0.373080313205719,,5.0308664103218765,0db6f57c4c0a0592d2ba7616cc177acd|158
488,3c49a2054fcbbfd8e186bbe2bdc7a2af-152,1,3c49a2054fcbbfd8e186bbe2bdc7a2af,train,0.209930881857872,,9.28025856450739,3c49a2054fcbbfd8e186bbe2bdc7a2af|152
489,3c49a2054fcbbfd8e186bbe2bdc7a2af-154,2,3c49a2054fcbbfd8e186bbe2bdc7a2af,train,0.3583756387233734,,6.888306728529334,3c49a2054fcbbfd8e186bbe2bdc7a2af|152
490,3c49a2054fcbbfd8e186bbe2bdc7a2af-156,3,3c49a2054fcbbfd8e186bbe2bdc7a2af,train,0.5113061666488647,,4.162568545327988,3c49a2054fcbbfd8e186bbe2bdc7a2af|152
1982,e8dd4b927e761d20b76b90f44a9df86a-046,1,e8dd4b927e761d20b76b90f44a9df86a,train,0.2363337129354477,,7.220927682622082,e8dd4b927e761d20b76b90f44a9df86a|46
1983,e8dd4b927e761d20b76b90f44a9df86a-048,2,e8dd4b927e761d20b76b90f44a9df86a,train,0.5516373515129089,,3.8279251060781503,e8dd4b927e761d20b76b90f44a9df86a|46
1984,e8dd4b927e761d20b76b90f44a9df86a-050,3,e8dd4b927e761d20b76b90f44a9df86a,train,0.8645821809768677,,1.1819358001654388,e8dd4b927e761d20b76b90f44a9df86a|46
358,28db9cd6c222b1e25fc4665d41bb01ee-162,1,28db9cd6c222b1e25fc4665d41bb01ee,train,0.16939620673656464,,9.341409222982014,28db9cd6c222b1e25fc4665d41bb01ee|162
359,28db9cd6c222b1e25fc4665d41bb01ee-164,2,28db9cd6c222b1e25fc4665d41bb01ee,train,0.2852872908115387,,6.429767111769025,28db9cd6c222b1e25fc4665d41bb01ee|162
360,28db9cd6c222b1e25fc4665d41bb01ee-166,3,28db9cd6c222b1e25fc4665d41bb01ee,train,0.4087352454662323,,3.539070069623431,28db9cd6c222b1e25fc4665d41bb01ee|162
476,3900c985fc6435224e406057f9136309-196,1,3900c985fc6435224e406057f9136309,train,0.15786615014076233,,9.194234961615528,3900c985fc6435224e406057f9136309|196
477,3900c985fc6435224e406057f9136309-198,2,3900c985fc6435224e406057f9136309,train,0.2977463901042938,,5.766432490868837,3900c985fc6435224e406057f9136309|196
478,3900c985fc6435224e406057f9136309-200,3,3900c985fc6435224e406057f9136309,train,0.5263437032699585,,2.818844587350277,3900c985fc6435224e406057f9136309|196
1079,866502c0b822f7848cbd9bfc5830d723-150,1,866502c0b822f7848cbd9bfc5830d723,train,0.10431036353111267,,10.291879355745127,866502c0b822f7848cbd9bfc5830d723|150
1080,866502c0b822f7848cbd9bfc5830d723-152,2,866502c0b822f7848cbd9bfc5830d723,train,0.31146255135536194,,4.89856270022176,866502c0b822f7848cbd9bfc5830d723|150
1081,866502c0b822f7848cbd9bfc5830d723-154,3,866502c0b822f7848cbd9bfc5830d723,train,0.6088515520095825,,1.9853086522258483,866502c0b822f7848cbd9bfc5830d723|150
662,516c0bf487a017755921538a8914d5c3-172,1,516c0bf487a017755921538a8914d5c3,train,0.19441378116607666,,8.972148683440464,516c0bf487a017755921538a8914d5c3|172
663,516c0bf487a017755921538a8914d5c3-174,2,516c0bf487a017755921538a8914d5c3,train,0.4319029748439789,,2.4342245446783863,516c0bf487a017755921538a8914d5c3|172
664,516c0bf487a017755921538a8914d5c3-176,3,516c0bf487a017755921538a8914d5c3,train,0.7492114901542664,,0.852357838020436,516c0bf487a017755921538a8914d5c3|172
271,1e6e79f716fa15cabf683caa5ee4e9cf-082,1,1e6e79f716fa15cabf683caa5ee4e9cf,train,0.18087586760520935,,9.04437508921619,1e6e79f716fa15cabf683caa5ee4e9cf|82
272,1e6e79f716fa15cabf683caa5ee4e9cf-084,2,1e6e79f716fa15cabf683caa5ee4e9cf,train,0.40403544902801514,,3.838461489047181,1e6e79f716fa15cabf683caa5ee4e9cf|82
273,1e6e79f716fa15cabf683caa5ee4e9cf-086,3,1e6e79f716fa15cabf683caa5ee4e9cf,train,0.6508130431175232,,1.9631194698106744,1e6e79f716fa15cabf683caa5ee4e9cf|82
1897,e099540f7bebcbf8d00283b11653bd1f-162,1,e099540f7bebcbf8d00283b11653bd1f,train,0.113772451877594,,11.058051290981684,e099540f7bebcbf8d00283b11653bd1f|162
1898,e099540f7bebcbf8d00283b11653bd1f-164,2,e099540f7bebcbf8d00283b11653bd1f,train,0.20421113073825836,,8.202206494165715,e099540f7bebcbf8d00283b11653bd1f|162
1899,e099540f7bebcbf8d00283b11653bd1f-166,3,e099540f7bebcbf8d00283b11653bd1f,train,0.38577625155448914,,4.009727988544478,e099540f7bebcbf8d00283b11653bd1f|162
1730,cde61894a2404363ce0d955036eede9a-154,1,cde61894a2404363ce0d955036eede9a,train,0.1242833063006401,,10.825101775693879,cde61894a2404363ce0d955036eede9a|154
1731,cde61894a2404363ce0d955036eede9a-156,2,cde61894a2404363ce0d955036eede9a,train,0.27369606494903564,,7.465080318440428,cde61894a2404363ce0d955036eede9a|154
1732,cde61894a2404363ce0d955036eede9a-158,3,cde61894a2404363ce0d955036eede9a,train,0.4511972963809967,,3.6792873114265046,cde61894a2404363ce0d955036eede9a|154
2042,ef6123ded27bb784e7de6dbf9415859c-200,1,ef6123ded27bb784e7de6dbf9415859c,train,0.19691510498523712,,7.62105995819448,ef6123ded27bb784e7de6dbf9415859c|200
2043,ef6123ded27bb784e7de6dbf9415859c-202,2,ef6123ded27bb784e7de6dbf9415859c,train,0.306918740272522,,5.035806797194135,ef6123ded27bb784e7de6dbf9415859c|200
2044,ef6123ded27bb784e7de6dbf9415859c-204,3,ef6123ded27bb784e7de6dbf9415859c,train,0.40237951278686523,,4.090798974060229,ef6123ded27bb784e7de6dbf9415859c|200
209,174e64be320017d1895f82391434dce1-154,1,174e64be320017d1895f82391434dce1,train,0.13675551116466522,,9.432387271788722,174e64be320017d1895f82391434dce1|154
210,174e64be320017d1895f82391434dce1-156,2,174e64be320017d1895f82391434dce1,train,0.30884796380996704,,4.704627077591826,174e64be320017d1895f82391434dce1|154
211,174e64be320017d1895f82391434dce1-158,3,174e64be320017d1895f82391434dce1,train,0.5587286353111267,,2.2014087550852763,174e64be320017d1895f82391434dce1|154
364,29595e6da9c295852ce15eaee787fb9a-144,1,29595e6da9c295852ce15eaee787fb9a,train,0.11970757693052292,,13.601491212216152,29595e6da9c295852ce15eaee787fb9a|144
365,29595e6da9c295852ce15eaee787fb9a-146,2,29595e6da9c295852ce15eaee787fb9a,train,0.20539116859436035,,16.593231240641934,29595e6da9c295852ce15eaee787fb9a|144
366,29595e6da9c295852ce15eaee787fb9a-148,3,29595e6da9c295852ce15eaee787fb9a,train,0.23187829554080963,,14.493415522157393,29595e6da9c295852ce15eaee787fb9a|144
965,78f7905cd336355da76d0b674055db1e-138,1,78f7905cd336355da76d0b674055db1e,train,0.1171603798866272,,10.09000578961894,78f7905cd336355da76d0b674055db1e|138
966,78f7905cd336355da76d0b674055db1e-140,2,78f7905cd336355da76d0b674055db1e,train,0.21963903307914734,,7.224098050286389,78f7905cd336355da76d0b674055db1e|138
967,78f7905cd336355da76d0b674055db1e-142,3,78f7905cd336355da76d0b674055db1e,train,0.415549099445343,,2.9090865279077733,78f7905cd336355da76d0b674055db1e|138
292,20f86382c5432ee86370975279e0a635-162,1,20f86382c5432ee86370975279e0a635,train,0.13262024521827698,,9.847332712766956,20f86382c5432ee86370975279e0a635|162
293,20f86382c5432ee86370975279e0a635-164,2,20f86382c5432ee86370975279e0a635,train,0.20518778264522552,,7.496359215297079,20f86382c5432ee86370975279e0a635|162
294,20f86382c5432ee86370975279e0a635-166,3,20f86382c5432ee86370975279e0a635,train,0.3423718512058258,,4.519891974157479,20f86382c5432ee86370975279e0a635|162
2027,ec1956f75849a0a5532b597dd7cc216b-130,1,ec1956f75849a0a5532b597dd7cc216b,train,0.21591487526893616,,9.49607061277663,ec1956f75849a0a5532b597dd7cc216b|130
2028,ec1956f75849a0a5532b597dd7cc216b-132,2,ec1956f75849a0a5532b597dd7cc216b,train,0.41633015871047974,,6.173164160864707,ec1956f75849a0a5532b597dd7cc216b|130
2029,ec1956f75849a0a5532b597dd7cc216b-134,3,ec1956f75849a0a5532b597dd7cc216b,train,0.6223936080932617,,2.1097078473021424,ec1956f75849a0a5532b597dd7cc216b|130
1754,ceee86ab375be646eaa24e001f834efd-094,1,ceee86ab375be646eaa24e001f834efd,train,0.1315799057483673,,9.830496557055886,ceee86ab375be646eaa24e001f834efd|94
1755,ceee86ab375be646eaa24e001f834efd-096,2,ceee86ab375be646eaa24e001f834efd,train,0.25622591376304626,,8.254749393426462,ceee86ab375be646eaa24e001f834efd|94
1756,ceee86ab375be646eaa24e001f834efd-098,3,ceee86ab375be646eaa24e001f834efd,train,0.38384950160980225,,6.388007252588847,ceee86ab375be646eaa24e001f834efd|94
1943,e60b1bf673d5b0b333b637e7d69ca252-148,1,e60b1bf673d5b0b333b637e7d69ca252,train,0.22577939927577972,,6.989935934735714,e60b1bf673d5b0b333b637e7d69ca252|148
1944,e60b1bf673d5b0b333b637e7d69ca252-150,2,e60b1bf673d5b0b333b637e7d69ca252,train,0.4362742602825165,,3.8605092124085822,e60b1bf673d5b0b333b637e7d69ca252|148
1945,e60b1bf673d5b0b333b637e7d69ca252-152,3,e60b1bf673d5b0b333b637e7d69ca252,train,0.648674726486206,,2.160954106969854,e60b1bf673d5b0b333b637e7d69ca252|148
878,6b00f6569d7d14cb146369c002ef6be2-076,1,6b00f6569d7d14cb146369c002ef6be2,train,0.20738354325294495,,9.934597834658513,6b00f6569d7d14cb146369c002ef6be2|76
879,6b00f6569d7d14cb146369c002ef6be2-078,2,6b00f6569d7d14cb146369c002ef6be2,train,0.3341631293296814,,5.5657757580825225,6b00f6569d7d14cb146369c002ef6be2|76
880,6b00f6569d7d14cb146369c002ef6be2-080,3,6b00f6569d7d14cb146369c002ef6be2,train,0.4597262144088745,,3.819170587546161,6b00f6569d7d14cb146369c002ef6be2|76
1532,b90db12414aa45811bad50cc67791a51-152,1,b90db12414aa45811bad50cc67791a51,train,0.22346487641334534,,6.849828464552926,b90db12414aa45811bad50cc67791a51|152
1533,b90db12414aa45811bad50cc67791a51-154,2,b90db12414aa45811bad50cc67791a51,train,0.7240028977394104,,2.9928210558727804,b90db12414aa45811bad50cc67791a51|152
1534,b90db12414aa45811bad50cc67791a51-156,3,b90db12414aa45811bad50cc67791a51,train,1.2241088151931763,,0.7575227337999059,b90db12414aa45811bad50cc67791a51|152
1052,834d2c0bd08dddbcb9501fdd7520072d-068,1,834d2c0bd08dddbcb9501fdd7520072d,dev,0.11405176669359207,,15.255671105389084,834d2c0bd08dddbcb9501fdd7520072d|68
1053,834d2c0bd08dddbcb9501fdd7520072d-070,2,834d2c0bd08dddbcb9501fdd7520072d,dev,0.08384386450052261,,12.461041014953445,834d2c0bd08dddbcb9501fdd7520072d|68
1054,834d2c0bd08dddbcb9501fdd7520072d-072,3,834d2c0bd08dddbcb9501fdd7520072d,dev,0.02225729636847973,,8.94100244199656,834d2c0bd08dddbcb9501fdd7520072d|68
1349,a3712845523527379f273278884d24f9-144,1,a3712845523527379f273278884d24f9,dev,0.10464327037334442,,10.365284563502039,a3712845523527379f273278884d24f9|144
1350,a3712845523527379f273278884d24f9-146,2,a3712845523527379f273278884d24f9,dev,0.27706795930862427,,6.724045761798871,a3712845523527379f273278884d24f9|144
1351,a3712845523527379f273278884d24f9-148,3,a3712845523527379f273278884d24f9,dev,0.5255483984947205,,2.1913063598552895,a3712845523527379f273278884d24f9|144
659,5143859b979bdf517ec4d9e3d2a10ede-194,1,5143859b979bdf517ec4d9e3d2a10ede,dev,0.153320774435997,,9.85088957625489,5143859b979bdf517ec4d9e3d2a10ede|194
660,5143859b979bdf517ec4d9e3d2a10ede-196,2,5143859b979bdf517ec4d9e3d2a10ede,dev,0.36193379759788513,,5.536456955566206,5143859b979bdf517ec4d9e3d2a10ede|194
661,5143859b979bdf517ec4d9e3d2a10ede-198,3,5143859b979bdf517ec4d9e3d2a10ede,dev,0.6163505911827087,,2.1557365157720776,5143859b979bdf517ec4d9e3d2a10ede|194
105,0bd5fa653c6a1443f3a6efe08412506e-158,1,0bd5fa653c6a1443f3a6efe08412506e,dev,0.19936569035053253,,8.66423695531041,0bd5fa653c6a1443f3a6efe08412506e|158
106,0bd5fa653c6a1443f3a6efe08412506e-160,2,0bd5fa653c6a1443f3a6efe08412506e,dev,0.49582669138908386,,3.1171011072190957,0bd5fa653c6a1443f3a6efe08412506e|158
107,0bd5fa653c6a1443f3a6efe08412506e-162,3,0bd5fa653c6a1443f3a6efe08412506e,dev,0.9093469381332397,,1.1323621930803223,0bd5fa653c6a1443f3a6efe08412506e|158
740,5b0f40db09eadf1a3c8ac52aeb377532-048,1,5b0f40db09eadf1a3c8ac52aeb377532,dev,0.18679878115653992,,8.614210432267184,5b0f40db09eadf1a3c8ac52aeb377532|48
741,5b0f40db09eadf1a3c8ac52aeb377532-050,2,5b0f40db09eadf1a3c8ac52aeb377532,dev,0.36761897802352905,,3.946364077417215,5b0f40db09eadf1a3c8ac52aeb377532|48
742,5b0f40db09eadf1a3c8ac52aeb377532-052,3,5b0f40db09eadf1a3c8ac52aeb377532,dev,0.6447862386703491,,2.2323691606722558,5b0f40db09eadf1a3c8ac52aeb377532|48
1748,ce9680ef7c2ddfb0de3f4fad679a840f-206,1,ce9680ef7c2ddfb0de3f4fad679a840f,dev,0.19248442351818085,,8.142804534053894,ce9680ef7c2ddfb0de3f4fad679a840f|206
1749,ce9680ef7c2ddfb0de3f4fad679a840f-208,2,ce9680ef7c2ddfb0de3f4fad679a840f,dev,0.3997519016265869,,4.127058082695058,ce9680ef7c2ddfb0de3f4fad679a840f|206
1750,ce9680ef7c2ddfb0de3f4fad679a840f-210,3,ce9680ef7c2ddfb0de3f4fad679a840f,dev,0.5932840704917908,,2.925752019153993,ce9680ef7c2ddfb0de3f4fad679a840f|206
446,36190cc82b6b07bea577f0d4bfbc9730-216,1,36190cc82b6b07bea577f0d4bfbc9730,dev,0.18379110097885132,,8.543704012561351,36190cc82b6b07bea577f0d4bfbc9730|216
447,36190cc82b6b07bea577f0d4bfbc9730-218,2,36190cc82b6b07bea577f0d4bfbc9730,dev,0.3060622215270996,,6.868398651440241,36190cc82b6b07bea577f0d4bfbc9730|216
448,36190cc82b6b07bea577f0d4bfbc9730-220,3,36190cc82b6b07bea577f0d4bfbc9730,dev,0.3900996148586273,,3.486820855932582,36190cc82b6b07bea577f0d4bfbc9730|216
173,12b43975d5ee9b414e1d9f42eb4853ae-158,1,12b43975d5ee9b414e1d9f42eb4853ae,dev,0.15456555783748627,,7.9442570704680255,12b43975d5ee9b414e1d9f42eb4853ae|158
174,12b43975d5ee9b414e1d9f42eb4853ae-160,2,12b43975d5ee9b414e1d9f42eb4853ae,dev,0.41467446088790894,,3.3130724827722675,12b43975d5ee9b414e1d9f42eb4853ae|158
175,12b43975d5ee9b414e1d9f42eb4853ae-162,3,12b43975d5ee9b414e1d9f42eb4853ae,dev,0.7156877517700195,,1.3699390731672276,12b43975d5ee9b414e1d9f42eb4853ae|158
1976,e8adc7293c640346b8b0cbf167b91654-100,1,e8adc7293c640346b8b0cbf167b91654,dev,0.11762461811304092,,9.718547808790476,e8adc7293c640346b8b0cbf167b91654|100
1977,e8adc7293c640346b8b0cbf167b91654-102,2,e8adc7293c640346b8b0cbf167b91654,dev,0.2576904296875,,5.956837940925287,e8adc7293c640346b8b0cbf167b91654|100
1978,e8adc7293c640346b8b0cbf167b91654-104,3,e8adc7293c640346b8b0cbf167b91654,dev,0.40318751335144043,,4.115170378006651,e8adc7293c640346b8b0cbf167b91654|100
1538,b989a3d059e53a3fc23c2ea29e8df251-156,1,b989a3d059e53a3fc23c2ea29e8df251,dev,0.14195919036865234,,10.92377073112071,b989a3d059e53a3fc23c2ea29e8df251|156
1539,b989a3d059e53a3fc23c2ea29e8df251-158,2,b989a3d059e53a3fc23c2ea29e8df251,dev,0.36019763350486755,,4.021190615093395,b989a3d059e53a3fc23c2ea29e8df251|156
1540,b989a3d059e53a3fc23c2ea29e8df251-160,3,b989a3d059e53a3fc23c2ea29e8df251,dev,0.6814032196998596,,1.885062922280109,b989a3d059e53a3fc23c2ea29e8df251|156
1861,dc495d6f805300f0b33440a31387812b-154,1,dc495d6f805300f0b33440a31387812b,dev,0.1697930544614792,,8.199833192172065,dc495d6f805300f0b33440a31387812b|154
1862,dc495d6f805300f0b33440a31387812b-156,2,dc495d6f805300f0b33440a31387812b,dev,0.43502122163772583,,4.288999239106152,dc495d6f805300f0b33440a31387812b|154
1863,dc495d6f805300f0b33440a31387812b-158,3,dc495d6f805300f0b33440a31387812b,dev,0.7595322728157043,,1.6601067057146686,dc495d6f805300f0b33440a31387812b|154
575,49bb55727211e0894a706795b212c5cd-066,1,49bb55727211e0894a706795b212c5cd,train,0.1088491678237915,,10.526511969098015,49bb55727211e0894a706795b212c5cd|66
576,49bb55727211e0894a706795b212c5cd-068,2,49bb55727211e0894a706795b212c5cd,train,0.22514575719833374,,5.906142787361583,49bb55727211e0894a706795b212c5cd|66
577,49bb55727211e0894a706795b212c5cd-070,3,49bb55727211e0894a706795b212c5cd,train,0.448872447013855,,3.6165740450247994,49bb55727211e0894a706795b212c5cd|66
1517,b6e14d9689151b7755ebfbb17688e665-082,1,b6e14d9689151b7755ebfbb17688e665,train,0.24565903842449188,,8.171568725734746,b6e14d9689151b7755ebfbb17688e665|82
1518,b6e14d9689151b7755ebfbb17688e665-084,2,b6e14d9689151b7755ebfbb17688e665,train,0.46649467945098877,,2.8040587553160212,b6e14d9689151b7755ebfbb17688e665|82
1519,b6e14d9689151b7755ebfbb17688e665-086,3,b6e14d9689151b7755ebfbb17688e665,train,0.7020410895347595,,1.6062308917878643,b6e14d9689151b7755ebfbb17688e665|82
1796,d44c735c39a2d7be642feeb44ba63f58-144,1,d44c735c39a2d7be642feeb44ba63f58,train,0.23001107573509216,,7.980881698596649,d44c735c39a2d7be642feeb44ba63f58|144
1797,d44c735c39a2d7be642feeb44ba63f58-146,2,d44c735c39a2d7be642feeb44ba63f58,train,0.565680980682373,,1.9694562080089382,d44c735c39a2d7be642feeb44ba63f58|144
1798,d44c735c39a2d7be642feeb44ba63f58-148,3,d44c735c39a2d7be642feeb44ba63f58,train,0.9553547501564026,,0.7951699409771046,d44c735c39a2d7be642feeb44ba63f58|144
331,2477ae9cb3381dca2828b3aa9fb74e7a-138,1,2477ae9cb3381dca2828b3aa9fb74e7a,train,0.11911218613386154,,12.370908611222124,2477ae9cb3381dca2828b3aa9fb74e7a|138
332,2477ae9cb3381dca2828b3aa9fb74e7a-140,2,2477ae9cb3381dca2828b3aa9fb74e7a,train,0.18939876556396484,,8.761238562098779,2477ae9cb3381dca2828b3aa9fb74e7a|138
333,2477ae9cb3381dca2828b3aa9fb74e7a-142,3,2477ae9cb3381dca2828b3aa9fb74e7a,train,0.26776349544525146,,4.704207918517527,2477ae9cb3381dca2828b3aa9fb74e7a|138
1709,cbbaa566f3b6ecb12a7ea1c61cc5ccf7-158,1,cbbaa566f3b6ecb12a7ea1c61cc5ccf7,train,0.16459687054157257,,9.201652739648111,cbbaa566f3b6ecb12a7ea1c61cc5ccf7|158
1710,cbbaa566f3b6ecb12a7ea1c61cc5ccf7-160,2,cbbaa566f3b6ecb12a7ea1c61cc5ccf7,train,0.32172027230262756,,5.315161868500852,cbbaa566f3b6ecb12a7ea1c61cc5ccf7|158
1711,cbbaa566f3b6ecb12a7ea1c61cc5ccf7-162,3,cbbaa566f3b6ecb12a7ea1c61cc5ccf7,train,0.5106207132339478,,2.6815474304272042,cbbaa566f3b6ecb12a7ea1c61cc5ccf7|158
133,0e705b208e3a6c0f0be042f89fc071d9-172,1,0e705b208e3a6c0f0be042f89fc071d9,train,0.17226138710975647,,7.831688245851931,0e705b208e3a6c0f0be042f89fc071d9|172
134,0e705b208e3a6c0f0be042f89fc071d9-174,2,0e705b208e3a6c0f0be042f89fc071d9,train,0.5140905380249023,,2.0156744529640767,0e705b208e3a6c0f0be042f89fc071d9|172
135,0e705b208e3a6c0f0be042f89fc071d9-176,3,0e705b208e3a6c0f0be042f89fc071d9,train,0.9589194059371948,,0.7712609494801225,0e705b208e3a6c0f0be042f89fc071d9|172
596,4b8d2262ac249572dd4fc194a98bd1a2-154,1,4b8d2262ac249572dd4fc194a98bd1a2,train,0.13524648547172546,,11.964720481391446,4b8d2262ac249572dd4fc194a98bd1a2|154
597,4b8d2262ac249572dd4fc194a98bd1a2-156,2,4b8d2262ac249572dd4fc194a98bd1a2,train,0.16429130733013153,,9.69556563919244,4b8d2262ac249572dd4fc194a98bd1a2|154
598,4b8d2262ac249572dd4fc194a98bd1a2-158,3,4b8d2262ac249572dd4fc194a98bd1a2,train,0.09822572022676468,,7.787530946496423,4b8d2262ac249572dd4fc194a98bd1a2|154
1163,9164360979a21a6ffe6812e9d8b2ea16-104,1,9164360979a21a6ffe6812e9d8b2ea16,train,0.1338711380958557,,9.88699093773812,9164360979a21a6ffe6812e9d8b2ea16|104
1164,9164360979a21a6ffe6812e9d8b2ea16-106,2,9164360979a21a6ffe6812e9d8b2ea16,train,0.2925776541233063,,7.486533376448413,9164360979a21a6ffe6812e9d8b2ea16|104
1165,9164360979a21a6ffe6812e9d8b2ea16-108,3,9164360979a21a6ffe6812e9d8b2ea16,train,0.47736087441444397,,4.529485459439905,9164360979a21a6ffe6812e9d8b2ea16|104
75,088b7a041cb2ca337d01497815e62813-144,1,088b7a041cb2ca337d01497815e62813,train,0.1252150982618332,,10.010734211474777,088b7a041cb2ca337d01497815e62813|144
76,088b7a041cb2ca337d01497815e62813-146,2,088b7a041cb2ca337d01497815e62813,train,0.29819944500923157,,3.877030611712322,088b7a041cb2ca337d01497815e62813|144
77,088b7a041cb2ca337d01497815e62813-148,3,088b7a041cb2ca337d01497815e62813,train,0.5897856950759888,,1.2580667365172506,088b7a041cb2ca337d01497815e62813|144
1850,dad52e20721deac53fcf43db7b4bc679-068,1,dad52e20721deac53fcf43db7b4bc679,train,0.1295475959777832,,12.852117811748371,dad52e20721deac53fcf43db7b4bc679|68
1851,dad52e20721deac53fcf43db7b4bc679-070,2,dad52e20721deac53fcf43db7b4bc679,train,0.2603587508201599,,2.8785776747365595,dad52e20721deac53fcf43db7b4bc679|68
1852,dad52e20721deac53fcf43db7b4bc679-072,3,dad52e20721deac53fcf43db7b4bc679,train,0.41338297724723816,,1.1314880641637874,dad52e20721deac53fcf43db7b4bc679|68
1952,e64fdd060a1afa7f73c56727fe9fa6bd-154,1,e64fdd060a1afa7f73c56727fe9fa6bd,train,0.11183613538742065,,10.031764813385852,e64fdd060a1afa7f73c56727fe9fa6bd|154
1953,e64fdd060a1afa7f73c56727fe9fa6bd-156,2,e64fdd060a1afa7f73c56727fe9fa6bd,train,0.11904997378587723,,10.365161204991374,e64fdd060a1afa7f73c56727fe9fa6bd|154
1954,e64fdd060a1afa7f73c56727fe9fa6bd-158,3,e64fdd060a1afa7f73c56727fe9fa6bd,train,0.1120448186993599,,12.791163619293709,e64fdd060a1afa7f73c56727fe9fa6bd|154
971,793ccc4f629b89ad4810e8ec71041099-148,1,793ccc4f629b89ad4810e8ec71041099,train,0.12298958748579025,,10.942044335946068,793ccc4f629b89ad4810e8ec71041099|148
972,793ccc4f629b89ad4810e8ec71041099-150,2,793ccc4f629b89ad4810e8ec71041099,train,0.25716209411621094,,6.968152899554591,793ccc4f629b89ad4810e8ec71041099|148
973,793ccc4f629b89ad4810e8ec71041099-152,3,793ccc4f629b89ad4810e8ec71041099,train,0.39564990997314453,,3.4650164498443266,793ccc4f629b89ad4810e8ec71041099|148
1028,804e8135ce508a79e1e59226179a66be-144,1,804e8135ce508a79e1e59226179a66be,train,0.1158536896109581,,10.931602786977333,804e8135ce508a79e1e59226179a66be|144
1029,804e8135ce508a79e1e59226179a66be-146,2,804e8135ce508a79e1e59226179a66be,train,0.28500932455062866,,7.437468072953599,804e8135ce508a79e1e59226179a66be|144
1030,804e8135ce508a79e1e59226179a66be-148,3,804e8135ce508a79e1e59226179a66be,train,0.5161790251731873,,3.8444733356868244,804e8135ce508a79e1e59226179a66be|144
1592,c1b0b0fa74e3f6d13afdb591a0a6a8e9-076,1,c1b0b0fa74e3f6d13afdb591a0a6a8e9,train,0.23603767156600952,,8.679738992014892,c1b0b0fa74e3f6d13afdb591a0a6a8e9|76
1593,c1b0b0fa74e3f6d13afdb591a0a6a8e9-078,2,c1b0b0fa74e3f6d13afdb591a0a6a8e9,train,0.4275861382484436,,4.501504154482942,c1b0b0fa74e3f6d13afdb591a0a6a8e9|76
1594,c1b0b0fa74e3f6d13afdb591a0a6a8e9-080,3,c1b0b0fa74e3f6d13afdb591a0a6a8e9,train,0.6428180932998657,,2.023809996758147,c1b0b0fa74e3f6d13afdb591a0a6a8e9|76
1772,d0476628b8e70af838f6a186c04c0264-048,1,d0476628b8e70af838f6a186c04c0264,train,0.20628437399864197,,7.850309386253257,d0476628b8e70af838f6a186c04c0264|48
1773,d0476628b8e70af838f6a186c04c0264-050,2,d0476628b8e70af838f6a186c04c0264,train,0.42714542150497437,,3.9771355402496233,d0476628b8e70af838f6a186c04c0264|48
1774,d0476628b8e70af838f6a186c04c0264-052,3,d0476628b8e70af838f6a186c04c0264,train,0.6671918630599976,,2.3151257455396723,d0476628b8e70af838f6a186c04c0264|48
2211,fe386a9ed6cfee14655e91c86355af54-148,1,fe386a9ed6cfee14655e91c86355af54,train,0.14936192333698273,,7.314722945567064,fe386a9ed6cfee14655e91c86355af54|148
2212,fe386a9ed6cfee14655e91c86355af54-150,2,fe386a9ed6cfee14655e91c86355af54,train,0.4183122217655182,,2.9788440951207424,fe386a9ed6cfee14655e91c86355af54|148
2213,fe386a9ed6cfee14655e91c86355af54-152,3,fe386a9ed6cfee14655e91c86355af54,train,0.7878003120422363,,0.9757888873573447,fe386a9ed6cfee14655e91c86355af54|148
773,5d36c48a0b7f2e0feefc27c7d8efbf9f-150,1,5d36c48a0b7f2e0feefc27c7d8efbf9f,train,0.2019948661327362,,7.944204008265225,5d36c48a0b7f2e0feefc27c7d8efbf9f|150
774,5d36c48a0b7f2e0feefc27c7d8efbf9f-152,2,5d36c48a0b7f2e0feefc27c7d8efbf9f,train,0.41185036301612854,,5.413168821945028,5d36c48a0b7f2e0feefc27c7d8efbf9f|150
775,5d36c48a0b7f2e0feefc27c7d8efbf9f-154,3,5d36c48a0b7f2e0feefc27c7d8efbf9f,train,0.6304543018341064,,3.0723995125192216,5d36c48a0b7f2e0feefc27c7d8efbf9f|150
1940,e60a31d12b71e88329f5596545818027-164,1,e60a31d12b71e88329f5596545818027,train,0.12930306792259216,,6.715929897481538,e60a31d12b71e88329f5596545818027|164
1941,e60a31d12b71e88329f5596545818027-166,2,e60a31d12b71e88329f5596545818027,train,0.2812989056110382,,3.786656895320649,e60a31d12b71e88329f5596545818027|164
1942,e60a31d12b71e88329f5596545818027-168,3,e60a31d12b71e88329f5596545818027,train,0.44106316566467285,,2.216703319017159,e60a31d12b71e88329f5596545818027|164
725,5944f9503867cbee2ede698e984d5e83-136,1,5944f9503867cbee2ede698e984d5e83,train,0.1505195051431656,,12.948416761252995,5944f9503867cbee2ede698e984d5e83|136
726,5944f9503867cbee2ede698e984d5e83-138,2,5944f9503867cbee2ede698e984d5e83,train,0.22213336825370789,,12.110359890050377,5944f9503867cbee2ede698e984d5e83|136
727,5944f9503867cbee2ede698e984d5e83-140,3,5944f9503867cbee2ede698e984d5e83,train,0.1649707853794098,,7.741010548312263,5944f9503867cbee2ede698e984d5e83|136
2160,f91c1390c644dae7cc98356ca5bdc2d0-150,1,f91c1390c644dae7cc98356ca5bdc2d0,train,0.25272101163864136,,7.8037703074213685,f91c1390c644dae7cc98356ca5bdc2d0|150
2161,f91c1390c644dae7cc98356ca5bdc2d0-152,2,f91c1390c644dae7cc98356ca5bdc2d0,train,0.5030590295791626,,1.8987861929155752,f91c1390c644dae7cc98356ca5bdc2d0|150
2162,f91c1390c644dae7cc98356ca5bdc2d0-154,3,f91c1390c644dae7cc98356ca5bdc2d0,train,0.9163545966148376,,0.6372187601472048,f91c1390c644dae7cc98356ca5bdc2d0|150
1268,9a6e035b5e2444989a4b79aad9433cb6-156,1,9a6e035b5e2444989a4b79aad9433cb6,train,0.130441352725029,,13.275302139170009,9a6e035b5e2444989a4b79aad9433cb6|156
1269,9a6e035b5e2444989a4b79aad9433cb6-158,2,9a6e035b5e2444989a4b79aad9433cb6,train,0.19962677359580994,,10.394679526370542,9a6e035b5e2444989a4b79aad9433cb6|156
1270,9a6e035b5e2444989a4b79aad9433cb6-160,3,9a6e035b5e2444989a4b79aad9433cb6,train,0.30974650382995605,,6.9621361160301705,9a6e035b5e2444989a4b79aad9433cb6|156
2136,f728d48b0af90ea21d7aa1c959380f38-172,1,f728d48b0af90ea21d7aa1c959380f38,train,0.17802518606185913,,8.279904341617277,f728d48b0af90ea21d7aa1c959380f38|172
2137,f728d48b0af90ea21d7aa1c959380f38-174,2,f728d48b0af90ea21d7aa1c959380f38,train,0.42159879207611084,,3.0531716182484834,f728d48b0af90ea21d7aa1c959380f38|172
2138,f728d48b0af90ea21d7aa1c959380f38-176,3,f728d48b0af90ea21d7aa1c959380f38,train,0.6991890072822571,,1.7391284368776538,f728d48b0af90ea21d7aa1c959380f38|172
860,6928c602c72f1be12c34bba95bb22a37-166,1,6928c602c72f1be12c34bba95bb22a37,train,0.22205160558223724,,8.550056339120896,6928c602c72f1be12c34bba95bb22a37|166
861,6928c602c72f1be12c34bba95bb22a37-168,2,6928c602c72f1be12c34bba95bb22a37,train,0.46834927797317505,,4.154148329090561,6928c602c72f1be12c34bba95bb22a37|166
862,6928c602c72f1be12c34bba95bb22a37-170,3,6928c602c72f1be12c34bba95bb22a37,train,0.738987922668457,,1.8410485009431314,6928c602c72f1be12c34bba95bb22a37|166
824,64a2e582201ccd3b06b683ca6e3332dd-148,1,64a2e582201ccd3b06b683ca6e3332dd,train,0.10738124698400497,,10.095040599915297,64a2e582201ccd3b06b683ca6e3332dd|148
825,64a2e582201ccd3b06b683ca6e3332dd-150,2,64a2e582201ccd3b06b683ca6e3332dd,train,0.2809542715549469,,3.412224770056782,64a2e582201ccd3b06b683ca6e3332dd|148
826,64a2e582201ccd3b06b683ca6e3332dd-152,3,64a2e582201ccd3b06b683ca6e3332dd,train,0.5626304149627686,,0.9809421705778876,64a2e582201ccd3b06b683ca6e3332dd|148
1148,8f71300fe9ccdcc7347e320a17768e06-220,1,8f71300fe9ccdcc7347e320a17768e06,train,0.10152117908000946,,9.386090650581467,8f71300fe9ccdcc7347e320a17768e06|220
1149,8f71300fe9ccdcc7347e320a17768e06-222,2,8f71300fe9ccdcc7347e320a17768e06,train,0.2500288486480713,,7.379801599743618,8f71300fe9ccdcc7347e320a17768e06|220
1150,8f71300fe9ccdcc7347e320a17768e06-224,3,8f71300fe9ccdcc7347e320a17768e06,train,0.533670961856842,,3.8981510967027955,8f71300fe9ccdcc7347e320a17768e06|220
1523,b84d416e992bcbbf41450860d1cac01c-104,1,b84d416e992bcbbf41450860d1cac01c,train,0.24512584507465363,,8.172855159260179,b84d416e992bcbbf41450860d1cac01c|104
1524,b84d416e992bcbbf41450860d1cac01c-106,2,b84d416e992bcbbf41450860d1cac01c,train,0.4876258671283722,,2.542549538201605,b84d416e992bcbbf41450860d1cac01c|104
1525,b84d416e992bcbbf41450860d1cac01c-108,3,b84d416e992bcbbf41450860d1cac01c,train,0.7361684441566467,,1.4859055217012784,b84d416e992bcbbf41450860d1cac01c|104
2199,fd528a1b356e3b453ecb3c585ba99ce8-082,1,fd528a1b356e3b453ecb3c585ba99ce8,train,0.11212251335382462,,8.34642965232127,fd528a1b356e3b453ecb3c585ba99ce8|82
2200,fd528a1b356e3b453ecb3c585ba99ce8-084,2,fd528a1b356e3b453ecb3c585ba99ce8,train,0.2138243168592453,,5.247842519044975,fd528a1b356e3b453ecb3c585ba99ce8|82
2201,fd528a1b356e3b453ecb3c585ba99ce8-086,3,fd528a1b356e3b453ecb3c585ba99ce8,train,0.31097331643104553,,4.709502813572805,fd528a1b356e3b453ecb3c585ba99ce8|82
236,1ab9a2ce575019750c83ea71a7124f78-172,1,1ab9a2ce575019750c83ea71a7124f78,train,0.12734882533550262,,10.944016947499534,1ab9a2ce575019750c83ea71a7124f78|172
237,1ab9a2ce575019750c83ea71a7124f78-174,2,1ab9a2ce575019750c83ea71a7124f78,train,0.2843051254749298,,5.086602376970895,1ab9a2ce575019750c83ea71a7124f78|172
238,1ab9a2ce575019750c83ea71a7124f78-176,3,1ab9a2ce575019750c83ea71a7124f78,train,0.4572238624095917,,2.575637556878654,1ab9a2ce575019750c83ea71a7124f78|172
1241,970d8d947bb42ce103d6e0e46d4ea333-182,1,970d8d947bb42ce103d6e0e46d4ea333,train,0.1637808084487915,,8.14244320458896,970d8d947bb42ce103d6e0e46d4ea333|182
1242,970d8d947bb42ce103d6e0e46d4ea333-184,2,970d8d947bb42ce103d6e0e46d4ea333,train,0.5134506225585938,,2.259761682376455,970d8d947bb42ce103d6e0e46d4ea333|182
1243,970d8d947bb42ce103d6e0e46d4ea333-186,3,970d8d947bb42ce103d6e0e46d4ea333,train,0.9915902614593506,,0.956724752253653,970d8d947bb42ce103d6e0e46d4ea333|182
1295,9c1ff2db624283f075f2aea01392c737-174,1,9c1ff2db624283f075f2aea01392c737,train,0.15572428703308105,,10.4064910727821,9c1ff2db624283f075f2aea01392c737|174
1296,9c1ff2db624283f075f2aea01392c737-176,2,9c1ff2db624283f075f2aea01392c737,train,0.2570917010307312,,9.111752111523492,9c1ff2db624283f075f2aea01392c737|174
1297,9c1ff2db624283f075f2aea01392c737-178,3,9c1ff2db624283f075f2aea01392c737,train,0.36156007647514343,,6.818774478884374,9c1ff2db624283f075f2aea01392c737|174
674,52549d318aab92d9505e4e545ef684a2-074,1,52549d318aab92d9505e4e545ef684a2,train,0.12830239534378052,,8.910646854749066,52549d318aab92d9505e4e545ef684a2|74
675,52549d318aab92d9505e4e545ef684a2-076,2,52549d318aab92d9505e4e545ef684a2,train,0.33440062403678894,,5.091132810590452,52549d318aab92d9505e4e545ef684a2|74
676,52549d318aab92d9505e4e545ef684a2-078,3,52549d318aab92d9505e4e545ef684a2,train,0.6123363375663757,,2.4998728499031926,52549d318aab92d9505e4e545ef684a2|74
2172,f9c40b3c806bee54feb87c27c49731e3-206,1,f9c40b3c806bee54feb87c27c49731e3,train,0.2041832059621811,,10.165355473444214,f9c40b3c806bee54feb87c27c49731e3|206
2173,f9c40b3c806bee54feb87c27c49731e3-208,2,f9c40b3c806bee54feb87c27c49731e3,train,0.3913384675979614,,6.307172765368162,f9c40b3c806bee54feb87c27c49731e3|206
2174,f9c40b3c806bee54feb87c27c49731e3-210,3,f9c40b3c806bee54feb87c27c49731e3,train,0.6358115077018738,,2.6532318911297668,f9c40b3c806bee54feb87c27c49731e3|206
1979,e8d7be811a92861bf06d4474ea71b7f3-170,1,e8d7be811a92861bf06d4474ea71b7f3,train,0.19798968732357025,,8.783229744662021,e8d7be811a92861bf06d4474ea71b7f3|170
1980,e8d7be811a92861bf06d4474ea71b7f3-172,2,e8d7be811a92861bf06d4474ea71b7f3,train,0.5201606750488281,,3.875519750016417,e8d7be811a92861bf06d4474ea71b7f3|170
1981,e8d7be811a92861bf06d4474ea71b7f3-174,3,e8d7be811a92861bf06d4474ea71b7f3,train,0.9152341485023499,,1.0246495873093506,e8d7be811a92861bf06d4474ea71b7f3|170
1505,b59261e0ee034e857bcc13fc7f07acc8-050,1,b59261e0ee034e857bcc13fc7f07acc8,train,0.26766496896743774,,6.910463924159735,b59261e0ee034e857bcc13fc7f07acc8|50
1506,b59261e0ee034e857bcc13fc7f07acc8-052,2,b59261e0ee034e857bcc13fc7f07acc8,train,0.5403866171836853,,2.687967602073489,b59261e0ee034e857bcc13fc7f07acc8|50
1507,b59261e0ee034e857bcc13fc7f07acc8-054,3,b59261e0ee034e857bcc13fc7f07acc8,train,0.8269665241241455,,1.0019143048135841,b59261e0ee034e857bcc13fc7f07acc8|50
635,4fab8e1b650f9169253a423381f76325-166,1,4fab8e1b650f9169253a423381f76325,train,0.12780176103115082,,8.448144517159205,4fab8e1b650f9169253a423381f76325|166
636,4fab8e1b650f9169253a423381f76325-168,2,4fab8e1b650f9169253a423381f76325,train,0.2893827557563782,,4.516029095451964,4fab8e1b650f9169253a423381f76325|166
637,4fab8e1b650f9169253a423381f76325-170,3,4fab8e1b650f9169253a423381f76325,train,0.5342493653297424,,1.6014629231202258,4fab8e1b650f9169253a423381f76325|166
274,1e6ec4bc4ada213c5993bd94b37a75c3-082,1,1e6ec4bc4ada213c5993bd94b37a75c3,train,0.11462418735027313,,9.991880798758277,1e6ec4bc4ada213c5993bd94b37a75c3|82
275,1e6ec4bc4ada213c5993bd94b37a75c3-084,2,1e6ec4bc4ada213c5993bd94b37a75c3,train,0.1735972762107849,,7.177894245757143,1e6ec4bc4ada213c5993bd94b37a75c3|82
276,1e6ec4bc4ada213c5993bd94b37a75c3-086,3,1e6ec4bc4ada213c5993bd94b37a75c3,train,0.09204409271478653,,21.3065155451717,1e6ec4bc4ada213c5993bd94b37a75c3|82
145,0ff9ae47296712107b1d9d70ea1ca5be-154,1,0ff9ae47296712107b1d9d70ea1ca5be,train,0.16427470743656158,,10.694222983191846,0ff9ae47296712107b1d9d70ea1ca5be|154
146,0ff9ae47296712107b1d9d70ea1ca5be-156,2,0ff9ae47296712107b1d9d70ea1ca5be,train,0.2846166491508484,,6.352273860367066,0ff9ae47296712107b1d9d70ea1ca5be|154
147,0ff9ae47296712107b1d9d70ea1ca5be-158,3,0ff9ae47296712107b1d9d70ea1ca5be,train,0.4331863522529602,,4.777291412512822,0ff9ae47296712107b1d9d70ea1ca5be|154
809,63df8d1b5af7c9e654a10f1688277d74-056,1,63df8d1b5af7c9e654a10f1688277d74,train,0.2159508466720581,,6.318192164907136,63df8d1b5af7c9e654a10f1688277d74|56
810,63df8d1b5af7c9e654a10f1688277d74-058,2,63df8d1b5af7c9e654a10f1688277d74,train,0.4069878160953522,,3.2907296505458334,63df8d1b5af7c9e654a10f1688277d74|56
811,63df8d1b5af7c9e654a10f1688277d74-060,3,63df8d1b5af7c9e654a10f1688277d74,train,0.6168156862258911,,2.1413617533588285,63df8d1b5af7c9e654a10f1688277d74|56
2121,f6222dc6ba43632c76552c2545a084fc-150,1,f6222dc6ba43632c76552c2545a084fc,train,0.22856897115707397,,6.663977026402754,f6222dc6ba43632c76552c2545a084fc|150
2122,f6222dc6ba43632c76552c2545a084fc-152,2,f6222dc6ba43632c76552c2545a084fc,train,0.4600623846054077,,2.742294991289746,f6222dc6ba43632c76552c2545a084fc|150
2123,f6222dc6ba43632c76552c2545a084fc-154,3,f6222dc6ba43632c76552c2545a084fc,train,0.761775016784668,,1.2102538638443303,f6222dc6ba43632c76552c2545a084fc|150
