frame,timestamp,arm,desired_speed_mps,desired_recomputed_mps,desired_recompute_error_mps,input_speed_mps,forward_count,native_pid_calls,reason,truth_aligned,speed_truth_mps,speed_3d_mps,speed_error_mps,input_speed_error_mps,accel_lon_mps2,accel_lat_mps2,jerk_lon_mps3,jerk_lat_mps3,jerk_world_norm_mps3,body_accel_lon_derivative_mps3,target_change_rate_mps2,throttle,steer,brake,steer_rate_per_s,steer_saturated,gear,applied_pedals_previous_command_max_diff,native_steer_difference,selected_branch_max_diff,nominal_interval,prediction_present,prediction_fault,raw_speed_finite,raw_waypoints_finite,raw_target_finite,raw_imu_finite,sensor_frames_aligned,model_rgb_hash_present,official_tail_throttle_difference,official_tail_steer_difference,official_tail_brake_difference
350,0.05000000074505806,native_common,,,,7.974942570104592e-05,0,,initialization_or_missing,True,7.97494257010459e-05,0.11506531199726512,,,-0.0003047586823631156,-0.0005200325779916733,,,,,,0.0,0.0,0.0,,False,0,,,,,False,,True,,,True,True,True,0.0,0.0,0.0
351,0.10000000149011612,native_common,5.65946634610494,5.659466517030277,-1.7092533699525347e-07,6.386488446564067e-05,1,1,tracking,True,6.386488446564068e-05,0.09137988170084364,-5.659402481220475,-5.659402481220475,-0.0002790093211985769,-0.00046301604716959084,0.0003290128317662286,0.0010106801467261663,1.5901335720922913,0.0005149872156168663,,0.75,-0.004693129565566778,0.0,-0.09386258991267399,False,0,0.0,-6.544618146031578e-12,6.544618146031578e-12,True,True,,True,True,True,True,True,True,0.25,0.0,0.0
352,0.15000000223517418,native_common,6.102696895599365,6.102696972615448,-7.701608240040514e-08,5.096249721424709e-05,1,1,tracking,True,5.096249721424708e-05,0.07170675395302004,-6.102645933102151,-6.102645933102151,-0.00023321098106768027,-0.00040243312131496437,0.0007872142168985438,0.0011258723074700527,1.6049211027209516,0.0009159667889689636,8.864610857795501,0.75,-0.004686078056693077,0.0,0.00014103017537250853,False,0,0.0,4.325323346016097e-11,4.325323346016097e-11,True,True,,True,True,True,True,True,True,0.25,0.0,0.0
353,0.20000000298023224,native_common,5.872760772705078,5.8727606772463625,9.545871559879515e-08,4.0354051772243095e-05,1,1,tracking,True,4.0354051772243095e-05,0.055725147517377165,-5.872720418653306,-5.872720418653306,-0.00019626944231352654,-0.00034594023854860566,0.0006515886543210868,0.001066986457786514,1.4766083630600777,0.0007388307640736382,-4.5987223893594384,0.75,0.0018438113620504737,0.0,0.13059778642881234,False,0,0.0,4.1302469690890353e-11,4.1302469690890353e-11,True,True,,True,True,True,True,True,True,0.25,0.0,0.0
354,0.2500000037252903,native_common,6.158167123794556,6.158167425863972,-3.0206941659116637e-07,3.1756948828394996e-05,1,1,tracking,True,3.175694882839499e-05,0.04295681008582362,-6.158135366845728,-6.158135366845728,-0.00016197763107651068,-0.0002891990327984812,0.0006286815718123638,0.0010939649849646832,1.2853079562673246,0.0006858362145205613,5.708126936731831,0.75,-0.009963618591427803,0.0,-0.23614859555067724,False,0,0.0,-2.637120851550767e-10,2.637120851550767e-10,True,True,,True,True,True,True,True,True,0.25,0.0,0.0
355,0.30000000447034836,native_common,6.186889410018921,6.186889375267879,3.475104204397894e-08,2.5200165923028747e-05,1,1,tracking,True,2.5200165923028747e-05,0.032888770102843815,-6.186864209852998,-6.186864209852998,-0.00012509306565800757,-0.00023089107088443037,0.0007017696754722045,0.0011416762565215756,1.0801188896733787,0.0007376912973776052,0.5744457159273965,0.75,-0.005974603351205587,0.0,0.07978030361562514,False,0,0.0,3.869894509012095e-11,3.869894509012095e-11,True,True,,True,True,True,True,True,True,0.25,0.0,0.0
356,0.3500000052154064,native_common,6.25440788269043,6.254407848671008,3.401942194614094e-08,1.9858005143202872e-05,1,1,tracking,True,1.9858005143202875e-05,0.025035121248247503,-6.254388024685286,-6.254388024685286,-0.000103079401483998,-0.00019700085232142163,0.0004172293832528725,0.0006606441812300433,0.8857566238916222,0.00044027327691960826,1.350369433308103,0.75,0.004663525149226189,0.0,0.21276256683822622,False,0,0.0,-1.390157867292574e-10,1.390157867292574e-10,True,True,,True,True,True,True,True,True,0.25,0.0,0.0
357,0.4000000059604645,native_common,6.016860723495483,6.016860898921031,-1.754255478658706e-07,1.559142608974102e-05,1,1,tracking,True,1.559142608974102e-05,0.0189599898251166,-6.016845132069394,-6.016845132069394,-8.31231152969086e-05,-0.00016597828892624881,0.0003852695592385584,0.0006087385688676296,0.7114071056631959,0.0003991257177943514,-4.7509431131043565,0.75,0.001629364094696939,0.0,-0.06068322018633455,False,0,0.0,3.365524113736751e-11,3.365524113736751e-11,True,True,,True,True,True,True,True,True,0.25,0.0,0.0
358,0.45000000670552254,native_common,5.801049391428629,5.801049277076604,1.1435202473819572e-07,1.224294822078059e-05,1,1,tracking,True,1.2242948220780592e-05,0.014295908226145694,-5.801037148480408,-5.801037148480408,-6.561343229665706e-05,-0.00012400758734744066,0.0003415031177459034,0.0008329424072069933,0.5644197254238624,0.0003501936547867387,-4.3162265770203,0.75,-0.0010160483652725816,0.0,-0.052908248410996075,False,0,0.0,4.6538260875181314e-11,4.6538260875181314e-11,True,True,,True,True,True,True,True,True,0.25,0.0,0.0
359,0.5000000074505806,native_common,6.141880989074707,6.1418808965637375,9.251096955154026e-08,9.74503740070357e-06,1,1,tracking,True,9.745037400703571e-06,0.010736592495165249,-6.141871244037306,-6.141871244037306,-4.9106116292994664e-05,-9.765271940612657e-05,0.0003245863033276823,0.0005221288732559337,0.44190626849350995,0.0003301463151536844,6.816631851345831,0.75,0.014423576183617115,0.0,0.3087924863764273,False,0,0.0,-4.261466561572558e-10,4.261466561572558e-10,True,True,,True,True,True,True,True,True,0.25,0.0,0.0
360,0.5500000081956387,native_common,5.954911947250366,5.9549121593021495,-2.1205178324379403e-07,7.660251137973401e-06,1,1,tracking,True,7.6602511379734e-06,0.008036275112968262,-5.954904286999228,-5.954904286999228,-4.123496213970141e-05,-0.0003832543735685308,0.00015436809800233912,-0.005715066284481011,0.34365652916746775,0.00015742308072007834,-3.7393807807657007,0.75,-0.01494046114385128,0.0,-0.587280737798203,False,0,0.0,4.2048916952530657e-10,4.2048916952530657e-10,True,True,,True,True,True,True,True,True,0.25,0.0,0.0
361,0.6000000089406967,native_common,5.809254169464111,5.809254074788423,9.467568862220332e-08,6.110142338425366e-06,1,1,tracking,True,6.110142338425367e-06,0.005996212643185767,-5.809248059321773,-5.809248059321773,-3.10021778259373e-05,-2.327694505259659e-05,0.00020465568322567497,0.007199548463037051,0.26418969954268107,0.00020465568322567497,-2.9131555123156976,0.75,0.0023777103051543236,0.0,0.34636342381889484,False,0,0.0,7.772139529182986e-11,7.772139529182986e-11,True,True,,True,True,True,True,True,True,0.25,0.0,0.0
362,0.6500000096857548,native_common,6.2473015785217285,6.247301679544985,-1.0102325642691312e-07,4.808014687966848e-06,1,1,tracking,True,4.808014687966849e-06,0.004462474457708217,-6.247296770507041,-6.247296770507041,-2.5656559025281835e-05,-1.897172652408541e-05,0.00010428587611041948,8.393116396684553e-05,0.20252976863438557,0.00010691237441999071,8.760948050604044,0.75,0.0006481578457169235,0.0,-0.03459104867330121,False,0,0.0,2.532952536951627e-11,2.532952536951627e-11,True,True,,True,True,True,True,True,True,0.25,0.0,0.0
363,0.7000000104308128,native_common,6.418060223261515,6.418060138131977,8.512953808548218e-08,0.10173418733103598,1,1,tracking,True,0.101734187331036,0.10173951340478635,-6.316326035930479,-6.316326035930479,2.0345782055391632,0.0010193248740204236,40.6921417972003,0.020765933134530488,40.69916267922656,40.69207663560458,3.4151728439056828,0.75,0.006158033851534128,0.0,0.11019751847427312,False,0,0.0,-5.3678267560031134e-11,5.3678267560031134e-11,True,True,,True,True,True,True,True,True,0.25,0.0,0.0
364,0.7500000111758709,native_common,6.222129980723063,6.22213021933112,-2.386080577565508e-07,0.5146165580094388,1,1,tracking,True,0.5146165580094388,0.5146197578903875,-5.707513422713624,-5.707513422713624,8.25761868327383,0.031614980988916665,124.46286484523432,0.607801780359419,124.4719899361251,124.46080770008277,-3.9186047923772813,0.75,-0.0029675504192709923,0.0,-0.1825116826964664,False,1,0.0,5.496368984947431e-12,5.496368984947431e-12,True,True,,True,True,True,True,True,True,0.25,0.0,0.0
365,0.800000011920929,native_common,6.2741334438323975,6.274133219112211,2.247201864591375e-07,0.8224698606083266,1,1,tracking,True,0.8224698606083265,0.8224816813091905,-5.451663583224071,-5.451663583224071,6.1570686791980265,-0.12288015839971715,-42.01041625729468,-3.155211752811737,42.12874588910586,-42.01099945550338,1.0400692466884585,0.75,0.009241527877748013,0.0,0.24418156230179128,False,1,0.0,4.2344162204388525e-10,4.2344162204388525e-10,True,True,,True,True,True,True,True,True,0.25,0.0,0.0
366,0.850000012665987,native_common,6.330252647399902,6.330252537793008,1.0960689422745418e-07,0.9861168363536298,1,1,tracking,True,0.9861168363536296,0.9861300504335561,-5.344135811046272,-5.344135811046272,3.2729764141363353,0.17209705500435335,-57.681271662407156,5.903313460976388,57.98282026887423,-57.68184444170736,1.122384054625272,0.75,-0.001845772610977292,0.0,-0.2217460064702331,False,1,0.0,-2.831163927428937e-11,2.831163927428937e-11,True,True,,True,True,True,True,True,True,0.25,0.0,0.0
367,0.9000000134110451,native_common,5.92786979675293,5.9278698362676066,-3.951467686391652e-08,1.1354560683565085,1,1,tracking,True,1.1354560683565085,1.1354646291501207,-4.792413728396421,-4.792413728396421,2.986817095339124,-0.09645553657535211,-5.723296001434363,-5.364574659897788,7.844411209497288,-5.723186290662105,-8.04765689302002,0.75,-0.01291552186012268,0.0,-0.22139498168386545,False,1,0.0,1.9260235767371015e-11,1.9260235767371015e-11,True,True,,True,True,True,True,True,True,0.25,0.0,0.0
368,0.9500000141561031,native_common,6.721047878265381,6.72104799525206,-1.1698667901072213e-07,1.234336024435132,1,1,tracking,True,1.2343360244351318,1.2343709584973375,-5.486711853830249,-5.486711853830249,1.977615859273129,-0.15128458908559467,-20.18496221886397,-1.1286057536214429,20.216723711862592,-20.184024420554497,15.863561393863538,0.75,-0.007748942356556654,0.0,0.10333158853155988,False,1,0.0,1.293347252212529e-10,1.293347252212529e-10,True,True,,True,True,True,True,True,True,0.25,0.0,0.0
369,1.0000000149011612,native_common,6.598933378855387,6.598933435211596,-5.635620947685993e-08,1.3612068822399073,1,1,tracking,True,1.3612068822399073,1.3612405020830272,-5.23772649661548,-5.23772649661548,2.5374162718307915,0.006726178230729508,11.195892913171498,3.1585000737412563,11.633044528922706,11.19600808431973,-2.4422899518069254,0.75,0.013072360306978226,0.0,0.41642604706546593,False,1,0.0,-4.53443383535701e-10,4.53443383535701e-10,True,True,,True,True,True,True,True,True,0.25,0.0,0.0
370,1.0500000156462193,native_common,6.601850350697836,6.6018502162674615,1.3443037438776173e-07,1.477488462019014,1,1,tracking,True,1.477488462019014,1.4775259563297876,-5.124361888678822,-5.124361888678822,2.3256326144917203,0.3011033992823667,-4.235688335602621,5.889316309173781,7.254375952840199,-4.235673083664977,0.05833943597965668,0.75,-0.011154976673424244,0.0,-0.48454673238774043,False,1,0.0,5.6707196230409984e-11,5.6707196230409984e-11,True,True,,True,True,True,True,True,True,0.25,0.0,0.0
371,1.1000000163912773,native_common,6.495943387349446,6.4959430294728016,3.578766447631665e-07,1.5880606958238868,1,1,tracking,True,1.5880606958238865,1.5880984056242973,-4.907882691525559,-4.907882691525559,2.21142328104883,-0.31254904618047546,-2.2843865225395277,-12.271845983532273,12.482670573287628,-2.284186634820775,-2.118139235405057,0.75,-0.0036407518200576305,0.0,0.15028449482791878,False,1,0.0,-6.876904731431543e-11,6.876904731431543e-11,True,True,,True,True,True,True,True,True,0.6999999992549419,0.0,0.0
372,1.1500000171363354,native_common,6.401357889175415,6.4013579381501815,-4.89747664644824e-08,1.7199664191151012,1,1,tracking,True,1.7199664191151012,1.7199917368891549,-4.681391470060314,-4.681391470060314,2.6380520558757654,0.06163319354646935,8.530470782352735,7.468891331628593,11.338187262889038,8.53257536939343,-1.8917099352919509,0.75,-0.009346548467874527,0.0,-0.11411593125587804,False,1,0.0,1.1924520745831835e-10,1.1924520745831835e-10,True,True,,True,True,True,True,True,True,0.6999999992549419,0.0,0.0
373,1.2000000178813934,native_common,7.347522258758545,7.347522513677208,-2.5491866306737165e-07,1.8686280793453525,1,1,tracking,True,1.868628079345352,1.8686763471603716,-5.478894179413193,-5.478894179413192,2.973225637050027,-0.11470029333406696,6.7036406637491295,-3.5336298035597333,7.577998146201227,6.703471523595725,18.923287109683645,0.75,0.01872795633971691,0.0,0.5614900877849744,False,1,0.0,3.9678301616552503e-10,3.9678301616552503e-10,True,True,,True,True,True,True,True,True,0.6999999992549419,0.0,0.0
374,1.2500000186264515,native_common,7.750125567118326,7.750125451294688,1.1582363779183424e-07,2.030785602498479,1,1,tracking,True,2.030785602498479,2.0308764977821667,-5.719339964619847,-5.719339964619847,3.2432218196525415,0.5276887714353786,5.4005385374404415,12.862715831555976,13.950472875837402,5.3999235715851555,8.052066047210491,0.75,-0.000744040182325989,0.0,-0.3894399246377509,False,1,0.0,2.5181421618031274e-11,2.5181421618031274e-11,True,True,,True,True,True,True,True,True,0.6999999992549419,0.0,0.0
375,1.3000000193715096,native_common,7.374465783437094,7.374465861460656,-7.802356272179622e-08,2.2057430135789486,1,1,tracking,True,2.205743013578949,2.205775562611657,-5.168722769858144,-5.168722769858145,3.4990822197802105,-0.2709281234434641,5.113711498929055,-15.950377370437783,16.750076115799136,5.117207926301039,-7.5131955616693125,0.75,-0.011714786291122437,0.0,-0.21941491890639186,False,1,0.0,-3.7891709561699294e-10,3.7891709561699294e-10,True,True,,True,True,True,True,True,True,0.6999999992549419,0.0,0.0
376,1.3500000201165676,native_common,7.860672473907471,7.860672235895573,2.3801189730221495e-07,2.3911737370529687,1,1,tracking,True,2.391173737052968,2.391241330243889,-5.4694987368545025,-5.4694987368545025,3.708698856152289,-0.2973096562967774,4.189832446635381,-0.561505683605455,4.2273166979278605,4.192332664970947,9.724133664506658,0.75,-0.004374868702143431,0.0,0.14679834959211424,False,1,0.0,8.179385641016168e-11,8.179385641016168e-11,True,True,,True,True,True,True,True,True,0.6999999992549419,0.0,0.0
377,1.4000000208616257,native_common,7.092894395192465,7.092894497464344,-1.0227187896560963e-07,2.586453931432426,1,1,tracking,True,2.5864539314324264,2.586511532136636,-4.506440463760038,-4.506440463760039,3.9056408011129364,0.07333126127562309,3.9378647899986046,7.398970356990887,8.381640413101563,3.938838840519674,-15.355561345484423,0.75,-0.003258185926824808,0.0,0.022333655173575055,False,1,0.0,9.895653003619276e-11,9.895653003619276e-11,True,True,,True,True,True,True,True,True,0.6999999992549419,0.0,0.0
378,1.4500000216066837,native_common,7.264743487040201,7.264743221182738,2.658574631553279e-07,2.7912099365152447,1,1,tracking,True,2.791209936515244,2.7912716621175115,-4.473533550524957,-4.473533550524957,4.095171380207837,0.018142704915296168,3.7912591267245253,-1.129601604337569,3.9560097488001182,3.7906115254135044,3.436981785739709,0.75,-0.006012296769768,0.0,-0.05508221603807485,False,1,0.0,-7.936159888977112e-11,7.936159888977112e-11,True,True,,True,True,True,True,True,True,0.6999999992549419,0.0,0.0
379,1.5000000223517418,native_common,7.294607321421305,7.294607492103238,-1.706819334756915e-07,3.0041423104823957,1,1,tracking,True,3.0041423104823957,3.004225329828544,-4.2904650109389095,-4.2904650109389095,4.258744666099878,-0.09193772750600172,3.2717151369981754,-2.216984847246792,3.9521525344763826,3.2714656690921675,0.5972766787219542,0.75,-0.0033788280561566353,0.0,0.052669373487392465,False,1,0.0,7.52847766766207e-11,7.52847766766207e-11,True,True,,True,True,True,True,True,True,0.6999999992549419,0.0,0.0
380,1.5500000230967999,native_common,7.517208417256674,7.5172085188009605,-1.0154428675690497e-07,3.2236408783789177,1,1,tracking,True,3.2236408783789177,3.2237273952724297,-4.293567538877756,-4.293567538877756,4.390038449525159,0.0353413604817068,2.625421878841368,2.5152359250174703,3.6358588380604817,2.6258756293770324,4.452021850367085,0.75,0.000875717552844435,0.0,0.08509091091206802,False,1,0.0,2.771003326969279e-11,2.771003326969279e-11,True,True,,True,True,True,True,True,True,0.6999999992549419,0.0,0.0
381,1.600000023841858,native_common,7.592203776041666,7.592203911611989,-1.355703229677374e-07,3.451492615859526,1,1,tracking,True,3.451492615859525,3.4515849146995854,-4.140711160182141,-4.14071116018214,4.55718891464425,0.12566625253259409,3.3432012858850984,1.8086199970469052,3.8011292616775387,3.343009252567103,1.4999071533494879,0.75,-0.008065479807555676,0.0,-0.1788239445433178,False,1,0.0,3.4882087669718675e-10,3.4882087669718675e-10,True,True,,True,True,True,True,True,True,0.6999999992549419,0.0,0.0
382,1.650000024586916,native_common,7.765860239664713,7.765860360745738,-1.2108102520613784e-07,3.685920173968373,1,1,tracking,True,3.685920173968373,3.6860518373660685,-4.07994006569634,-4.07994006569634,4.6887177907226985,-0.27382453371972537,2.631821409511366,-8.026555674033922,8.447039407050978,2.6305774823703074,3.4731292207072793,0.75,0.006255283020436764,0.0,0.28641525229192893,False,1,0.0,-1.9085046043532117e-11,1.9085046043532117e-11,True,True,,True,True,True,True,True,True,0.6999999992549419,0.0,0.0
383,1.700000025331974,native_common,7.847335338592529,7.847335477232046,-1.3863951675574526e-07,3.911391082044011,1,1,tracking,True,3.9113910820440108,3.9115204781286086,-3.9359442565485185,-3.935944256548518,4.509614961113881,0.42076020314379825,-3.5811261291089984,13.904235676710446,14.358033056071697,-3.582056538799548,1.6295019542748557,0.75,0.005228984169661999,0.0,-0.02052597670963441,False,1,0.0,1.847682805367068e-10,1.847682805367068e-10,True,True,,True,True,True,True,True,True,0.6999999992549419,0.0,0.0
384,1.750000026077032,native_common,7.635934670766195,7.635934629439451,4.1326744693037654e-08,4.125700982941965,1,1,tracking,True,4.125700982941965,4.125849061494363,-3.51023368782423,-3.51023368782423,4.286267854319479,0.08709548357448392,-4.469971513440131,-6.63916629681285,8.003801416683153,-4.46694206932542,-4.2280132935243735,0.75,-0.006357914302498102,0.0,-0.23173796599003724,False,1,0.0,2.0528903750538507e-10,2.0528903750538507e-10,True,True,,True,True,True,True,True,True,0.6999999992549419,0.0,0.0
385,1.8000000268220901,native_common,8.071187337239584,8.071187169544325,1.6769525856830114e-07,4.332134232938011,1,1,tracking,True,4.332134232938011,4.332288956323936,-3.739053104301573,-3.739053104301573,4.128763142114422,-0.3887118308408407,-3.1497580303488144,-9.529394842490426,10.036485541030673,-3.1500941971610787,8.705053199752372,0.75,-0.007343205623328686,0.0,-0.01970582612297198,False,1,0.0,-2.3209899540493906e-10,2.3209899540493906e-10,True,True,,True,True,True,True,True,True,0.6999999992549419,0.0,0.0
386,1.8500000275671482,native_common,8.61871862411499,8.618718419273868,2.048411218424917e-07,4.534733788202589,1,1,tracking,True,4.534733788202589,4.534912024943655,-4.083984835912402,-4.083984835912402,4.051933290718438,-0.16872128793878682,-1.5406922524266984,4.355817536228894,4.620290164199558,-1.5365970050225999,10.95062557433109,0.75,0.011288821697235107,0.0,0.37264054085849907,False,1,0.0,1.0794776530986816e-10,1.0794776530986816e-10,True,True,,True,True,True,True,True,True,0.6999999992549419,0.0,0.0
387,1.9000000283122063,native_common,8.29387617111206,8.293876389283886,-2.1817182549455083e-07,4.735099869717499,1,1,tracking,True,4.735099869717499,4.735290290064245,-3.5587763013945617,-3.5587763013945617,4.007419474718625,0.6648507027700657,-0.8891422292352269,16.698951748203438,16.722607047871758,-0.8902763067301064,-6.496848963248,0.75,-0.005405429285019636,0.0,-0.33388501466982046,False,1,0.0,-1.671648444667717e-10,1.671648444667717e-10,True,True,,True,True,True,True,True,True,0.6999999992549419,0.0,0.0
388,1.9500000290572643,native_common,8.598580201466879,8.598580107659954,9.380692489457942e-08,4.934909067680342,1,1,tracking,True,4.9349090676803415,4.935079201165832,-3.6636711337865373,-3.6636711337865364,3.9961541411165,-0.4649480376757804,-0.22558829407816747,-22.594472565649802,22.59559879214186,-0.22530666868516688,6.09408051628749,0.75,0.004680184181779623,0.0,0.2017122663302382,False,1,0.0,-3.2208608176376163e-11,3.2208608176376163e-11,True,True,,True,True,True,True,True,True,0.6999999992549419,0.0,0.0
389,2.0000000298023224,native_common,8.951507886250814,8.951507796136974,9.011383994561584e-08,5.134545456041822,1,1,tracking,True,5.13454545604182,5.13469295496497,-3.816962430208994,-3.816962430208992,3.9927176963281017,0.30327740977197554,-0.06733159192860055,15.376791605397495,15.451868513891194,-0.06872889474382625,7.058553590498066,0.75,-0.01038720179349184,0.0,-0.3013477150149984,False,1,0.0,4.3968572532859795e-10,4.3968572532859795e-10,True,True,,True,True,True,True,True,True,0.6999999992549419,0.0,0.0
390,2.0500000305473804,native_common,9.066263993581137,9.066263794904813,1.986763233929878e-07,5.303737734754005,1,1,tracking,True,5.303737734754004,5.303928745102348,-3.7625262588271324,-3.7625262588271315,3.3838646260465084,-0.5771806665728129,-12.174024499846874,-17.647644479238245,21.558169749555024,-12.177061224179514,2.2951221124064607,0.75,-0.0092055918648839,0.0,0.02363219822001162,False,1,0.0,-4.527036384649463e-10,4.527036384649463e-10,True,True,,True,True,True,True,True,True,0.6999999992549419,0.0,0.0
391,2.1000000312924385,native_common,8.93990961710612,8.939909531014438,8.609168133943967e-08,5.219081589363955,1,1,tracking,True,5.219081589363955,5.219243789918916,-3.720828027742164,-3.720828027742164,-1.6940979499570359,-0.08957473125146417,-101.56951068238409,9.698964787957717,102.03769872381396,-101.55925000672013,-2.5270874918438113,0.75,-0.007058732211589813,0.0,0.0429371924260677,False,1,0.0,-1.67503652441503e-10,1.67503652441503e-10,True,True,,True,True,True,True,True,True,0.6999999992549419,0.0,0.0
392,2.1500000320374966,native_common,9.308512687683105,9.30851276616895,-7.848584537839542e-08,5.208349752904319,1,1,tracking,True,5.208349752904318,5.2084708193469815,-4.100162934778788,-4.100162934778787,-0.21573841904248486,-0.06871880843515021,29.565530691122365,0.44300446526813014,29.568883890993664,29.56719017770555,7.372061301687451,0.75,-0.001004421035759151,0.0,0.12108622171228793,False,1,0.0,2.2994011859497898e-11,2.2994011859497898e-11,True,True,,True,True,True,True,True,True,0.6999999992549419,0.0,0.0
393,2.2000000327825546,native_common,8.588236649831137,8.588236544813471,1.050176656747226e-07,5.189737208554037,1,1,tracking,True,5.189737208554036,5.189803052777506,-3.3984994412771004,-3.3984994412770995,-0.37304861986029436,0.14224583708007604,-3.1471181061208253,4.221468637472817,5.267050099530867,-3.1462039694740973,-14.405520542380392,0.75,0.0021183372009545565,0.0,0.062455163803619686,False,1,0.0,4.0046120499542814e-11,4.0046120499542814e-11,True,True,,True,True,True,True,True,True,0.6999999992549419,0.0,0.0
394,2.2500000335276127,native_common,8.901327927907307,8.90132787574763,5.21596774660793e-08,5.22957639152593,1,1,tracking,True,5.229576391525929,5.229617160402082,-3.671751536381378,-3.671751536381377,0.7963849101174371,0.1486006704340247,23.388963219870686,0.1280472333088673,23.3893309920029,23.388670251036284,6.261825468214932,0.75,0.006386486813426018,0.0,0.08536299097742153,False,1,0.0,1.4078541284157087e-11,1.4078541284157087e-11,True,True,,True,True,True,True,True,True,0.6999999992549419,0.0,0.0
395,2.3000000342726707,native_common,9.189252535502115,9.189252320249166,2.152529496868283e-07,5.204500683083722,1,1,tracking,True,5.204500683083722,5.204533631556594,-3.984751852418393,-3.984751852418393,-0.5017851871849569,0.19096175883009814,-25.964179624500723,0.8510101917409417,25.97837755155947,-25.963401559163046,5.758492066087952,0.75,0.00635154452174902,0.0,-0.0006988458231263485,False,0,0.0,-1.6816953385401234e-10,1.6816953385401234e-10,True,True,,True,True,True,True,True,True,0.6999999992549419,0.0,0.0
396,2.350000035017729,native_common,8.62648312250773,8.626483033456623,8.905110782109205e-08,5.248620610525293,1,1,tracking,True,5.248620610525292,5.24865381389161,-3.377862511982438,-3.3778625119824373,0.8821593730233359,0.14249614161289353,27.67704325880697,-0.9741882156261155,27.694229552523282,27.678890791718242,-11.255388092169342,0.75,0.0004736887931358069,0.0,-0.11755711282052676,False,0,0.0,-2.744873555879379e-12,2.744873555879379e-12,True,True,,True,True,True,True,True,True,0.6999999992549419,0.0,0.0
397,2.400000035762787,native_common,8.946756998697916,8.946757071203614,-7.250569744599034e-08,5.930307483520966,1,1,tracking,True,5.930307483520966,5.93036386514426,-3.0164495151769497,-3.0164495151769497,13.63427081831825,-0.12798234351914392,255.0414427217117,-5.404172650801782,255.10100690434822,255.04222510547297,6.40547742835466,0.75,-0.002892895834520459,0.0,-0.06733169154980494,False,2,0.0,-4.101870188996659e-11,4.101870188996659e-11,True,True,,True,True,True,True,True,True,0.6999999992549419,0.0,0.0
398,2.450000036507845,native_common,9.078636487325033,9.078636268532103,2.1879293043980397e-07,6.217676936376154,1,1,tracking,True,6.217676936376153,6.21779705835985,-2.8609595509488805,-2.8609595509488788,5.748576586944532,-0.15559207310999063,-157.71128466236416,-0.5625288755814734,157.7152324054006,-157.71388227735437,2.6375897332391918,0.75,0.01715117134153843,0.0,0.4008813375475803,False,2,0.0,4.746942838806945e-10,4.746942838806945e-10,True,True,,True,True,True,True,True,True,0.6999999992549419,0.0,0.0
399,2.500000037252903,native_common,8.511133035024008,8.511133069417559,-3.439355111822806e-08,6.447569981406783,1,1,tracking,True,6.447569981406781,6.447800843395778,-2.0635630536172265,-2.0635630536172247,4.5987918437390425,0.7298177261487017,-22.99247275193,17.797468475201946,29.076356350661435,-22.995694521447238,-11.350068876891301,0.75,-0.014897506684064865,0.0,-0.6409735509608157,False,2,0.0,1.0564828699377582e-10,1.0564828699377582e-10,True,True,,True,True,True,True,True,True,0.6999999992549419,0.0,0.0
400,2.550000037997961,native_common,7.835830847422281,7.835830648594235,1.9882804647153307e-07,6.682419376397496,1,1,tracking,True,6.682419376397493,6.68264101485492,-1.1534114710247882,-1.1534114710247856,4.697534887782136,-0.9050219413041087,1.9753387231422685,-32.697713476283745,32.757327441380966,1.9748608514341486,-13.506043550778797,0.75,-0.0015667732805013657,0.0,0.2666146640984019,False,2,0.0,1.991618068380996e-11,1.991618068380996e-11,True,True,,True,True,True,True,True,True,0.6999999992549419,0.0,0.0
401,2.600000038743019,native_common,8.344642003377277,8.34464216280697,-1.5942969255888784e-07,6.890399657967438,1,1,tracking,True,6.890399657967437,6.890628002911436,-1.45424234540984,-1.4542423454098392,4.159804425540204,0.12018802828673095,-10.762880181358373,20.45988632371639,23.118279663674386,-10.75460908458247,10.176222967462385,0.75,0.004044131841510534,0.0,0.112218100768058,False,2,0.0,7.681976929574397e-11,7.681976929574397e-11,True,True,,True,True,True,True,True,True,0.6999999992549419,0.0,0.0
402,2.650000039488077,native_common,8.649428049723307,8.649427809202956,2.4052035030308616e-07,7.122296210017569,1,1,tracking,True,7.122296210017567,7.1225405524317225,-1.5271318397057394,-1.5271318397057376,4.638146089209957,0.23999390768318504,9.567024561752289,2.394005483092684,9.86234922859958,9.566833130838125,6.095720836087266,0.75,0.005937478505074978,0.0,0.0378669327070276,False,2,0.0,-1.9597232257112518e-10,1.9597232257112518e-10,True,True,,True,True,True,True,True,True,0.6999999992549419,0.0,0.0
403,2.7000000402331352,native_common,8.377795219421387,8.377795634083022,-4.1466163480663454e-07,7.326986146679902,1,1,tracking,True,7.326986146679901,7.327252529123727,-1.0508090727414858,-1.050809072741485,4.093910459942267,0.20494981661897727,-10.88663066551329,-0.6617880782534983,10.907073512581297,-10.884712423158945,-5.432656525085509,0.75,-0.007466142997145653,0.0,-0.2680724260498222,False,2,0.0,-1.2976077070486758e-10,1.2976077070486758e-10,True,True,,True,True,True,True,True,True,0.6999999992549419,0.0,0.0
404,2.7500000409781933,native_common,7.344277858734131,7.344277868729685,-9.995553718056271e-09,7.556923671733364,1,1,tracking,True,7.556923671733363,7.557199330029448,0.21264581299923258,0.21264581299923346,4.598860418680754,-0.447932464012554,10.099314720571618,-13.06308227383624,16.512059378170054,10.09899902428294,-20.670346905732945,0.0,0.010771485045552254,0.0,0.3647525554187215,False,2,0.0,-2.7641633426611634e-10,2.7641633426611634e-10,True,True,,True,True,True,True,True,True,0.0,0.0,0.0
405,2.8000000417232513,native_common,7.909207503000895,7.909207158367514,3.4463338050017e-07,7.741733068018099,1,1,tracking,True,7.741733068018098,7.742026994117578,-0.1674744349827968,-0.1674744349827959,3.69627735465578,0.5799684482209051,-18.048627043345995,20.589225355240576,27.38046535176045,-18.051661011508774,11.298592716973124,0.75,0.010828107595443726,0.0,0.0011324509809546026,False,2,0.0,5.25573161380688e-12,5.25573161380688e-12,True,True,,True,True,True,True,True,True,0.6999999992549419,0.0,0.0
406,2.8500000424683094,native_common,8.710365613301594,8.710365669741012,-5.643941847210954e-08,7.879542880505611,1,1,tracking,True,7.8795428805056105,7.879849349395832,-0.8308227327959834,-0.8308227327959825,2.7555959968311163,0.34956894129010724,-18.825769915753767,-4.531156526111925,19.364051804247428,-18.81362687614839,16.023161967250267,0.75,-0.005938482936471701,0.0,-0.33533180564147524,False,2,0.0,-1.0023694981681208e-10,1.0023694981681208e-10,True,True,,True,True,True,True,True,True,0.6999999992549419,0.0,0.0
407,2.9000000432133675,native_common,8.816757520039877,8.816757631336607,-1.1129673005427776e-07,7.9764125045586525,1,1,tracking,True,7.976412504558653,7.9766475616928805,-0.8403450154812235,-0.8403450154812244,1.936539476521729,-0.48205644649627105,-16.384614295151167,-16.60679327918485,23.3293567863082,-16.381130162089885,2.127838103058402,0.75,0.005300284828990698,0.0,0.22477535195983422,False,2,0.0,1.6743819525322223e-10,1.6743819525322223e-10,True,True,,True,True,True,True,True,True,0.6999999992549419,0.0,0.0
408,2.9500000439584255,native_common,7.67328151067098,7.673281588277196,-7.760621567598491e-08,8.124449270996708,1,1,tracking,True,8.124449270996708,8.124666280857975,0.4511677603257276,0.4511677603257276,2.9602052227068514,0.2908451103616534,20.4765732030475,15.471623816520422,25.664886746018592,20.473314618626286,-22.869519846595527,0.0,-0.006161808501929045,0.0,-0.2292418632024249,False,2,0.0,1.7582396649729048e-10,1.7582396649729048e-10,True,True,,True,True,True,True,True,True,0.0,0.0,0.0
409,3.0000000447034836,native_common,8.653732617696127,8.653732422275601,1.954205259835362e-07,8.248689049551443,1,1,tracking,True,8.24868904955144,8.248886972731311,-0.4050435681446878,-0.40504356814468423,2.4844033907822216,-0.3630118951650862,-9.516048256366087,-13.07856047099245,16.174283233680605,-9.516036496692601,19.609021848305733,0.75,-0.0005986508913338184,0.0,0.11126315055395439,False,2,0.0,1.2477503513914912e-11,1.2477503513914912e-11,True,True,,True,True,True,True,True,True,0.6999999992549419,0.0,0.0
410,3.0500000454485416,native_common,9.127452532450357,9.127452771993932,-2.395435743096641e-07,8.348136354419529,1,1,tracking,True,8.348136354419527,8.348310290831801,-0.7793161780308306,-0.7793161780308289,1.9884565395276705,0.0509970874649703,-9.920639930694795,8.26943073090868,12.915370720453758,-9.918936877287344,9.474398153905078,0.75,0.002556394087150693,0.0,0.06310089862941357,False,2,0.0,-1.0208866477873224e-10,1.0208866477873224e-10,True,True,,True,True,True,True,True,True,0.6999999992549419,0.0,0.0
411,3.1000000461935997,native_common,8.728464762369791,8.728464540786533,2.2158325840848647e-07,8.415346035764733,1,1,tracking,True,8.415346035764733,8.415494547538414,-0.31311872660505813,-0.31311872660505813,1.343665990493254,0.14610522194660136,-12.895954528077274,1.9029017365564218,13.035824713041004,-12.895810788525775,-7.979755282703708,0.75,-0.00410870648920536,0.0,-0.13330200954076635,False,2,0.0,-2.6583329287843682e-11,2.6583329287843682e-11,True,True,,True,True,True,True,True,True,0.6999999992549419,0.0,0.0
412,3.1500000469386578,native_common,8.39085880915324,8.390858637838285,1.7131495511080175e-07,8.540569981071128,1,1,tracking,True,8.540569981071126,8.540703799882193,0.14971117191788608,0.14971117191788785,2.504118471683485,-0.23142619577450757,23.20944095912487,-7.554783640343587,24.40841390819762,23.209049277962833,-6.752118963716606,0.0,-0.009723722003400326,0.0,-0.11230030861049431,False,2,0.0,4.444367165956642e-10,4.444367165956642e-10,True,True,,True,True,True,True,True,True,0.0,0.0,0.0
413,3.200000047683716,native_common,9.383135159810385,9.383135298637535,-1.3882715066415585e-07,8.647192282987971,1,1,tracking,True,8.647192282987971,8.64733792748907,-0.7359428768224134,-0.7359428768224134,2.132183246522548,-0.3913010067911096,-7.442142262919031,-3.2342626501726164,8.114634776507263,-7.438704392373401,19.8455267174215,0.75,0.019466184079647064,0.0,0.583798112961678,False,2,0.0,2.7916741140998624e-10,2.7916741140998624e-10,True,True,,True,True,True,True,True,True,0.6999999992549419,0.0,0.0
414,3.250000048428774,native_common,9.612035115559895,9.612035324524403,-2.0896450791951793e-07,8.73243296788279,1,1,tracking,True,8.732432967882792,8.73260000956605,-0.8796021476771028,-0.8796021476771045,1.7047856012430405,1.1106099500320143,-8.544236038389798,30.058913680431786,31.249697276407876,-8.54795277821573,4.577999046772697,0.75,0.005184623878449202,0.0,-0.2856311997677207,False,2,0.0,-6.724559711152045e-11,6.724559711152045e-11,True,True,,True,True,True,True,True,True,0.6999999992549419,0.0,0.0
415,3.300000049173832,native_common,9.834910074869791,9.83491016714794,-9.227814956602742e-08,8.789822232737663,1,1,tracking,True,8.789822232737663,8.789940656847108,-1.0450878421321281,-1.0450878421321281,1.1469027806525476,-0.042131186728234446,-11.18198434627704,-23.017483970133274,25.58995485512123,-11.157656245547823,4.457499119776015,0.75,-0.01320914551615715,0.0,-0.36787538241035667,False,2,0.0,-3.0215983187753537e-10,3.0215983187753537e-10,True,True,,True,True,True,True,True,True,0.6999999992549419,0.0,0.0
416,3.35000004991889,native_common,9.016633033752441,9.016633216270728,-1.8251828670656778e-07,8.90654509993643,1,1,tracking,True,8.906545099936428,8.906654990668542,-0.110087933816013,-0.11008793381601123,2.334307482870736,-0.7989507522302972,23.74799042902943,-15.138598999164536,28.16302151432088,23.7480936904896,-16.365540578481436,0.523374617099762,-0.008645938709378242,0.0,0.09126413477563657,False,2,0.0,-1.911841344959253e-10,7.947285940446136e-09,True,True,,True,True,True,True,True,True,0.4733746163547039,0.0,0.0
417,3.400000050663948,native_common,10.000940004984537,10.000940096623237,-9.16387001836938e-08,9.009849948991969,1,1,tracking,True,9.009849948991969,9.009964561448857,-0.9910900559925686,-0.9910900559925686,2.065748298240306,-0.22637128237938262,-5.386107428642198,11.407882195035738,12.615491941473191,-5.371183612571732,19.686139131295583,0.75,-0.002595921978354454,0.0,0.1210003328174303,False,2,0.0,3.5947302426397876e-11,3.5947302426397876e-11,True,True,,True,True,True,True,True,True,0.6999999992549419,0.0,0.0
418,3.450000051409006,native_common,10.233850479125977,10.233850368937276,1.1018870083034926e-07,9.130054016771668,1,1,tracking,True,9.130054016771668,9.13014898733565,-1.1037964623543086,-1.1037964623543086,2.403737831303994,0.04628303280903979,6.755920264660057,5.417670233221814,8.65992457105719,6.759790560545035,4.658209413416058,0.75,0.010240809060633183,0.0,0.2567346169541088,False,2,0.0,-4.449030345521354e-10,4.449030345521354e-10,True,True,,True,True,True,True,True,True,0.6999999992549419,0.0,0.0
419,3.500000052154064,native_common,9.028781255086264,9.028781084305301,1.707809627049528e-07,9.24721595719992,1,1,tracking,True,9.247215957199918,9.247318580365475,0.21843470211365457,0.21843470211365634,2.3432931156277763,0.5862064449976049,-1.2089781475773937,10.803321957922153,10.87076069713083,-1.208894295510427,-24.10138412165565,0.0,-0.006008480675518513,0.0,-0.32498578988036825,False,2,0.0,2.1606025215475944e-10,2.1606025215475944e-10,True,True,,True,True,True,True,True,True,0.0,0.0,0.0
420,3.5500000528991222,native_common,9.97068468729655,9.970684485433674,2.0186287663648272e-07,9.393961291472312,1,1,tracking,True,9.393961291472314,9.394059865049034,-0.5767233958242368,-0.5767233958242386,2.935018819877985,-0.4556618700332299,11.8345671964465,-20.83748835339276,23.963747635904998,11.834513908656174,18.83806836349665,0.75,-0.00016048288671299815,0.0,0.11695995403327117,False,2,0.0,-1.806610850502155e-12,1.806610850502155e-12,True,True,,True,True,True,True,True,True,0.6999999992549419,0.0,0.0
421,3.6000000536441803,native_common,9.705986658732096,9.705986718107772,-5.937567593150561e-08,9.459359936189552,1,1,tracking,True,9.459359936189552,9.459455700683865,-0.24662672254254403,-0.24662672254254403,1.307924930118515,0.055544782266076204,-32.54368954244076,10.212487485803393,34.108784141723774,-32.54187731027764,-5.293960492402939,0.75,-0.004119210876524448,0.0,-0.07917455861643614,False,2,0.0,-1.5214136894758923e-10,1.5214136894758923e-10,True,True,,True,True,True,True,True,True,0.6999999992549419,0.0,0.0
422,3.6500000543892384,native_common,9.596157709757486,9.596157861144073,-1.5138658682189998e-07,9.545636566412938,1,1,tracking,True,9.545636566412938,9.545729448145476,-0.05052114334454849,-0.05052114334454849,1.725378022530696,-0.19911940429054406,8.349430639886991,-5.102435158300385,9.785144503080772,8.349061723832907,-2.1965789467606105,0.16368654370307922,0.0018710630247369409,0.0,0.11980547623998707,False,2,0.0,5.6124123144069005e-11,1.9868184875093675e-09,True,True,,True,True,True,True,True,True,0.11368654295802116,0.0,0.0
423,3.7000000551342964,native_common,9.546477635701498,9.546477823023086,-1.8732158757472916e-07,9.622135841401176,1,1,tracking,True,9.622135841401176,9.622218862363809,0.0756582056996784,0.0756582056996784,1.5298264839166194,0.16189204048419883,-3.9118102197970464,7.21367981348884,8.206076646423634,-3.911030714002635,-0.9936014663139524,0.05353735387325287,0.02165272831916809,0.0,0.39563329999322744,False,2,0.0,3.2856049131391174e-10,9.934101735664669e-10,True,True,,True,True,True,True,True,True,0.003537353128194809,0.0,0.0
424,3.7500000558793545,native_common,9.073880831400555,9.073880903389943,-7.198938867247762e-08,9.659375734219937,1,1,tracking,True,9.659375734219935,9.65954688945899,0.5854949028193808,0.5854949028193825,0.7447107558143612,1.0954973296773474,-15.706410986285844,18.710823928264954,24.429263788586837,-15.702314328062446,-9.451935945174048,0.10093388706445694,-0.006676615681499243,0.0,-0.5665868715705443,False,2,0.0,6.514477325636481e-12,1.4901161415892261e-09,True,True,,True,True,True,True,True,True,0.05093388631939888,0.0,0.0
425,3.8000000566244125,native_common,9.44125239054362,9.441252330906545,5.963707394585072e-08,9.600993727997075,1,1,tracking,True,9.600993727997075,9.601044493762707,0.15974133745345576,0.15974133745345576,-1.1687987191714395,-0.676795832342352,-38.29063631431539,-35.431984606862635,52.169129124839685,-38.27018892944576,7.347431073376038,0.09780888259410858,0.010067777708172798,0.0,0.3348878628032228,False,2,0.0,-3.383897623915333e-10,2.980232213789513e-09,True,True,,True,True,True,True,True,True,0.04780888184905052,0.0,0.0
426,3.8500000573694706,native_common,9.38599967956543,9.385999685302911,-5.73748160093146e-09,9.526131884584254,1,1,tracking,True,9.526131884584256,9.526178660197594,0.14013220501882628,0.1401322050188245,-1.497653874550938,0.5420627841052046,-6.56525615655885,24.356796441075208,25.22610007828892,-6.577103009583498,-1.1050542030971995,0.09468388557434082,0.005961371585726738,0.0,-0.08212812122511683,False,2,0.0,2.9189086911407536e-11,2.9189086911407536e-11,True,True,,True,True,True,True,True,True,0.04468388482928276,0.0,0.0
427,3.9000000581145287,native_common,8.919708887736004,8.919708953101937,-6.536593311068373e-08,9.39137746293598,1,1,tracking,True,9.39137746293598,9.391399359745455,0.47166857519997585,0.47166857519997585,-2.6957677268078966,0.13571617164214286,-23.97393990673981,-8.159259250803077,25.32438712381918,-23.962276688073423,-9.325815697623035,0.09155888855457306,-0.007514888886362314,0.0,-0.26952520542554254,False,2,0.0,1.8735530141200663e-10,2.9802322554228766e-09,True,True,,True,True,True,True,True,True,0.041558887809515,0.0,0.0
428,3.9500000588595867,native_common,9.44259230295817,9.442592314431982,-1.1473812122630989e-08,9.268434057300023,1,1,tracking,True,9.268434057300023,9.268441204717053,-0.17415824565814653,-0.17415824565814653,-2.4591012335899767,-0.4989057302931486,4.732687711796692,-12.706048770407754,13.558835065500428,4.733329793826288,10.457668148611925,0.75,0.013857061974704266,0.0,0.427439010851994,False,2,0.0,2.7536833750729794e-10,2.7536833750729794e-10,True,True,,True,True,True,True,True,True,0.6999999992549419,0.0,0.0
429,4.000000059604645,native_common,9.67480436960856,9.674804477729058,-1.0812049744401975e-07,9.104575757236063,1,1,tracking,True,9.104575757236063,9.104602450556426,-0.5702286123724978,-0.5702286123724978,-3.2769270410860116,0.7626164475719964,-16.35004917255789,25.198466596598106,30.03810647215308,-16.356515906189617,4.644241263803225,0.75,-0.01935773715376854,0.0,-0.6642959726706748,False,2,0.0,-1.5363874061868898e-10,1.5363874061868898e-10,True,True,,True,True,True,True,True,True,0.6999999992549419,0.0,0.0
430,4.050000060349703,native_common,10.100290298461914,10.100289964441487,3.340204273172276e-07,9.007740961951857,1,1,tracking,True,9.007740961951859,9.00781114667381,-1.0925493365100554,-1.0925493365100571,-1.9363210469899903,-1.1444018357189865,26.818618286748812,-38.11215987860708,46.602326507245714,26.812119482388713,8.509718450262383,0.75,0.00566734466701746,0.0,0.5005016289576646,False,2,0.0,-5.235583667995147e-11,5.235583667995147e-11,True,True,,True,True,True,True,True,True,0.6999999992549419,0.0,0.0
431,4.100000061094761,native_common,9.434849739074707,9.434849528020703,2.1105400449528133e-07,8.938417863697504,1,1,tracking,True,8.938417863697504,8.938436821153768,-0.496431875377203,-0.496431875377203,-1.38660847707008,0.5582739584907505,10.983039059845543,34.072420434447885,35.79884953693277,10.994251234571097,-13.308810989427403,0.75,0.018559271469712257,0.0,0.2578385322118024,False,2,0.0,1.8722690064976177e-10,1.8722690064976177e-10,True,True,,True,True,True,True,True,True,0.6999999992549419,0.0,0.0
432,4.150000061839819,native_common,8.924615542093912,8.92461521048444,3.316094723260221e-07,8.959294664371809,1,1,tracking,True,8.959294664371809,8.959386977506746,0.03467912227789682,0.03467912227789682,0.4176222098862726,0.9090120157574076,36.073407544537574,6.987008751795349,36.74389611555068,36.08461320142441,-10.20468378755426,0.0,-0.02027585729956627,0.0,-0.7767025638118005,False,2,0.0,8.435770276760124e-10,8.435770276760124e-10,True,True,,True,True,True,True,True,True,0.0,0.0,0.0
433,4.200000062584877,native_common,9.520740191141766,9.52074014551406,4.5627706057871364e-08,8.982733589806312,1,1,tracking,True,8.982733589806312,8.982783725661523,-0.5380066013354536,-0.5380066013354536,0.4687171642647639,-1.2567366935479392,1.0232292694148897,-43.31558080867057,43.327665716211776,1.0218990723423436,11.922492803298079,0.75,-0.004273716825991869,0.0,0.3200428047024786,False,2,0.0,-1.0780271467170088e-10,1.0780271467170088e-10,True,True,,True,True,True,True,True,True,0.6999999992549419,0.0,0.0
434,4.250000063329935,native_common,9.193868319193523,9.193868274712422,4.448110146881845e-08,9.012024317831116,1,1,tracking,True,9.012024317831116,9.012046725674121,-0.18184400136240697,-0.18184400136240697,0.5853224300100667,0.032201234585992826,2.3104311640495645,25.770671264134833,25.874034217458547,2.3321052801549786,-6.5374373415494365,0.75,0.00725651066750288,0.0,0.23060454643361947,False,2,0.0,6.350348719097454e-11,6.350348719097454e-11,True,True,,True,True,True,True,True,True,0.6999999992549419,0.0,0.0
435,4.300000064074993,native_common,9.5440305074056,9.544030358706328,1.4869927156269114e-07,9.026128470665785,1,1,tracking,True,9.026128470665785,9.026135951495371,-0.5179020367398142,-0.5179020367398142,0.2819628765278032,0.46817597559437485,-6.067099083666397,8.71772684776938,10.621135436902126,-6.067190979237078,7.003243659885062,0.75,-0.021771997213363647,0.0,-0.5805701489661612,False,2,0.0,-3.620898234024672e-10,3.620898234024672e-10,True,True,,True,True,True,True,True,True,0.6999999992549419,0.0,0.0
436,4.350000064820051,native_common,9.111071904500326,9.11107178539413,1.1910619690524982e-07,9.108387546983295,1,1,tracking,True,9.108387546983296,9.108476382361284,-0.0026843575170296674,-0.0026843575170314438,1.6454286290154263,-1.1715674609499849,27.279963403980627,-32.80127143368526,42.66286278390536,27.26931464340801,-8.659171929073752,0.0,0.02336105890572071,0.0,0.9026611089309885,False,2,0.0,-4.261885497292006e-10,4.261885497292006e-10,True,True,,True,True,True,True,True,True,0.0,0.0,0.0
437,4.400000065565109,native_common,8.870236078898111,8.870236167326356,-8.84282442825679e-08,9.182727345955877,1,1,tracking,True,9.182727345955875,9.182782251030897,0.312491267057764,0.31249126705776575,1.4868690624425673,1.4549467456982377,-3.1686723860749004,52.53382048920856,52.62929616868679,-3.171191284202747,-4.8167164402696265,0.07773350179195404,0.010134764015674591,0.0,-0.2645258938591794,False,2,0.0,3.1178320862579323e-10,2.980231644800213e-09,True,True,,True,True,True,True,True,True,0.02773350104689598,0.0,0.0
438,4.450000066310167,native_common,8.801010131835938,8.801010227591034,-9.575509629655699e-08,9.224992233009871,1,1,tracking,True,9.224992233009871,9.225043800443924,0.42398210117393376,0.42398210117393376,0.8446445589026278,0.21766527554083148,-12.883243851238372,-24.70595032839275,27.863281320173062,-12.844489879400976,-1.3845189206125381,0.07729246467351913,-0.007076917216181755,0.0,-0.34423361950764625,False,2,0.0,2.0656956527254078e-10,2.4835268702672053e-09,True,True,,True,True,True,True,True,True,0.027292463928461075,0.0,0.0
439,4.500000067055225,native_common,7.93111244837443,7.931112366965436,8.140899332431673e-08,9.172711007905308,1,1,tracking,True,9.172711007905306,9.172713208466972,1.2415985595308765,1.2415985595308783,-1.0459437196392523,-0.5630904468039578,-37.814284753241864,-15.605328003013316,40.90778888573383,-37.81176500739839,-17.397953409980445,0.0,0.0043656001798808575,1.0,0.22885034451111638,False,2,0.0,-1.2992086486501853e-10,1.2992086486501853e-10,True,True,,True,True,True,True,True,True,0.0,0.0,0.0
440,4.550000067800283,native_common,8.595834414164225,8.595834164124906,2.500393190274508e-07,9.08265885578089,1,1,tracking,True,9.08265885578089,9.082661935873032,0.4868244416166654,0.4868244416166654,-1.801040114261217,0.268856015954816,-15.098113746581536,16.63184969110845,22.46266823958192,-15.101927667403034,13.294439117693319,0.07104246318340302,0.018049607053399086,0.0,0.2736801333922128,False,2,0.0,2.179118482881215e-10,9.934107564335548e-10,True,True,,True,True,True,True,True,True,0.021042462438344955,0.0,0.0
441,4.6000000685453415,native_common,8.760884602864584,8.760884468237823,1.3462676129449846e-07,8.922044649312491,1,1,tracking,True,8.922044649312493,8.922110055303465,0.16116004644790927,0.1611600464479075,-3.212301288046749,0.7589580486847184,-28.231956424888775,9.757164474668384,29.870492508087715,-28.225223055122047,3.3010037248183965,0.06791745871305466,-0.005971815437078476,0.0,-0.4804284426506096,False,2,0.0,1.4526201422282448e-10,3.4769375989451845e-09,True,True,,True,True,True,True,True,True,0.017917457967996597,0.0,0.0
442,4.6500000692903996,native_common,9.055139859517414,9.05513996565647,-1.0613905665479706e-07,8.79354652171715,1,1,tracking,True,8.793546521717154,8.793554488922823,-0.2615933378002602,-0.2615933378002637,-2.5702859034411265,-0.5799579550398233,12.828894548745193,-26.826319066548514,29.73605634896401,12.840307500776962,5.885105045361706,0.75,0.0030929497443139553,0.0,0.1812953009263381,False,2,0.0,8.413170680954263e-11,8.413170680954263e-11,True,True,,True,True,True,True,True,True,0.6999999992549419,0.0,0.0
443,4.700000070035458,native_common,9.365681648254395,9.365681339080865,3.091735294447062e-07,8.622728334257515,1,1,tracking,True,8.622728334257513,8.62274905431642,-0.7429533139968818,-0.74295331399688,-3.416096566397251,0.18625998632876065,-16.912281505024694,15.306614684270533,22.810517601337914,-16.916213007051272,6.210835682190943,0.75,0.011868394911289215,0.0,0.17550890072421876,False,2,0.0,-2.929544159341324e-10,2.929544159341324e-10,True,True,,True,True,True,True,True,True,0.6999999992549419,0.0,0.0
444,4.750000070780516,native_common,9.114147504170736,9.114147526710044,-2.2539307309443757e-08,8.520936024785568,1,1,tracking,True,8.52093602478557,8.521000951821657,-0.5932114793851664,-0.5932114793851682,-2.0356016745985483,0.5457657456839657,27.606319708140536,7.126976446808743,28.511535189061345,27.609897424554518,-5.03068280671015,0.75,-0.0008837928180582821,0.0,-0.2550437507865019,False,2,0.0,-1.4827930550076474e-11,1.4827930550076474e-11,True,True,,True,True,True,True,True,True,0.6999999992549419,0.0,0.0
445,4.800000071525574,native_common,9.402710596720379,9.402710766204276,-1.69483897138889e-07,8.44027645798513,1,1,tracking,True,8.440276457985128,8.440317031202135,-0.9624341387352509,-0.9624341387352491,-1.6133557141223847,-0.23361047727241777,8.436691013953126,-15.618040244152164,17.7511267968751,8.444919083684173,5.771261764994349,0.75,-0.009406695142388344,0.0,-0.17045804394657843,False,2,0.0,-1.937456740180865e-10,1.937456740180865e-10,True,True,,True,True,True,True,True,True,0.6999999992549419,0.0,0.0
446,4.850000072270632,native_common,8.801599184672039,8.801598966523853,2.181481857377321e-07,8.452614120138335,1,1,tracking,True,8.452614120138335,8.452665496553143,-0.3489850645337036,-0.3489850645337036,0.24670756466446694,-0.4773358627754403,37.20036981613669,-4.868280836553112,37.51772619149704,37.20126502139499,-12.02222806182164,0.75,-0.0008767506224103272,0.0,0.1705988878574388,False,2,0.0,-2.880547384821741e-11,2.880547384821741e-11,True,True,,True,True,True,True,True,True,0.6999999992549419,0.0,0.0
447,4.90000007301569,native_common,8.911429087320963,8.911428941603079,1.4571788398143326e-07,8.481012862473406,1,1,tracking,True,8.481012862473404,8.481040657965563,-0.4304162248475585,-0.4304162248475567,0.5676431510650841,0.1191910247741462,6.414751680987564,11.928496416601915,13.543939760139349,6.418711632366087,2.196598020246619,0.75,-0.014576111920177937,0.0,-0.2739872218726244,False,2,0.0,3.18140265867517e-10,3.18140265867517e-10,True,True,,True,True,True,True,True,True,0.6999999992549419,0.0,0.0
448,4.950000073760748,native_common,9.337872505187988,9.337872188000334,3.1718765391985926e-07,8.578841220196182,1,1,tracking,True,8.57884122019618,8.578908453786198,-0.7590312849918082,-0.7590312849918064,1.956253021471222,-0.6522090961377102,27.774690097298535,-15.439931141258567,31.777766589588474,27.772196994284773,8.528868230250467,0.75,0.01637628674507141,0.0,0.6190479640804535,False,2,0.0,-5.833908633956497e-10,5.833908633956497e-10,True,True,,True,True,True,True,True,True,0.6999999992549419,0.0,0.0
449,5.000000074505806,native_common,8.353577931722006,8.353577923646865,8.075140556229599e-09,8.679846313772327,1,1,tracking,True,8.679846313772325,8.67987366179342,0.32626838205031916,0.32626838205032094,2.01989987598324,1.0248733832076653,1.2725748522025118,33.54066923323103,33.56480283253441,1.2729370712721175,-19.685891175977012,0.0,-0.026089537888765335,0.0,-0.8493164800209332,False,2,0.0,-5.936168223641403e-10,5.936168223641403e-10,True,True,,True,True,True,True,True,True,0.0,0.0,0.0
450,5.050000075250864,native_common,8.733250617980957,8.733250588359768,2.962118905713851e-08,8.815442557782358,1,1,tracking,True,8.815442557782358,8.815553720661022,0.08219193980140105,0.08219193980140105,2.712397905299727,-1.4794549344076138,13.871329908460284,-50.12864753541871,52.01246059453587,13.84996037994925,7.593453612027749,0.06894902884960175,0.002796801272779703,0.0,0.577726774622101,False,2,0.0,7.727274462659972e-11,2.980232241545089e-09,True,True,,True,True,True,True,True,True,0.018949028104543686,0.0,0.0
451,5.100000075995922,native_common,8.024048487345377,8.0240483985729,8.877247736904792e-08,8.857215075540168,1,1,tracking,True,8.857215075540168,8.857222357686117,0.833166588194791,0.833166588194791,0.8346224801391572,0.5123322658084677,-37.58880756969141,39.77455623308715,54.726011922573136,-37.55550794359071,-14.184042401352897,0.0,0.005964910611510277,1.0,0.06336218583044133,False,2,0.0,1.6320891166321516e-10,1.6320891166321516e-10,True,True,,True,True,True,True,True,True,0.0,0.0,0.0
452,5.15000007674098,native_common,4.247346520423889,4.247346463710198,5.6713691520826615e-08,8.82874020557938,1,1,tracking,True,8.828740205579379,8.828748829771323,4.58139368515549,4.581393685155492,-0.5694974655449714,0.32921275570009223,-28.08102222928182,-3.6646232971119224,28.3191471337423,-28.082398495222222,-75.53403821288488,0.0,-0.0027432506904006004,1.0,-0.17416322344298327,False,2,0.0,-7.274559166853267e-11,7.274559166853267e-11,True,True,,True,True,True,True,True,True,0.0,0.0,0.0
453,5.200000077486038,native_common,8.892295519510904,8.892295237871382,2.816395223703694e-07,8.672379391138843,1,1,tracking,True,8.672379391138845,8.672380328115615,-0.2199161283720592,-0.21991612837206098,-3.1272756379304516,-0.20692121638742497,-51.1553830865676,-10.722376003424845,52.26703618967704,-51.155562685432315,92.89897859743765,0.75,-0.0037264975253492594,0.0,-0.01966493640594279,False,2,0.0,8.905532084338419e-11,8.905532084338419e-11,True,True,,True,True,True,True,True,True,0.6999999992549419,0.0,0.0
454,5.250000078231096,native_common,8.412218729654947,8.412218808607081,-7.895213371966747e-08,8.52156786477698,1,1,tracking,True,8.521567864776982,8.5215716872436,0.10934913512203437,0.10934913512203259,-3.0162272615480075,-0.16633359965142444,2.2197662578604183,0.8298456612921891,2.3698114274923583,2.220967494553888,-9.60153565404511,0.0,0.02576419524848461,0.0,0.5898138466877663,False,2,0.0,-6.869140950493957e-10,6.869140950493957e-10,True,True,,True,True,True,True,True,True,0.0,0.0,0.0
455,5.300000078976154,native_common,9.476518948872885,9.476518762610354,1.862625307325061e-07,8.366158774125706,1,1,tracking,True,8.366158774125706,8.366273573841108,-1.1103601747471785,-1.1103601747471785,-3.1077946355604618,1.1658316147876107,-1.8278993654363402,26.57927942980613,26.642063716347913,-1.8313474529598823,21.28600406717257,0.75,0.006831769365817308,0.0,-0.37864851201104355,False,2,0.0,-2.3282053195072816e-10,2.3282053195072816e-10,True,True,,True,True,True,True,True,True,0.6999999992549419,0.0,0.0
456,5.350000079721212,native_common,8.756967544555664,8.756967367806531,1.767491326631898e-07,8.241627446769808,1,1,tracking,True,8.241627446769808,8.241688454764063,-0.515340097785856,-0.515340097785856,-2.4915098228167576,-0.05980168521066436,12.289497420316161,-24.608653702453125,27.506714487457042,12.325696071206899,-14.391027871901386,0.75,-0.01924481801688671,0.0,-0.5215317398826519,False,2,0.0,3.037459311849844e-10,3.037459311849844e-10,True,True,,True,True,True,True,True,True,0.6999999992549419,0.0,0.0
457,5.4000000804662704,native_common,8.26494566599528,8.264945710866568,-4.487128890673375e-08,8.09516086840575,1,1,tracking,True,8.09516086840575,8.095227862565855,-0.16978479758952858,-0.16978479758952858,-2.9290604444486568,-1.0140170292671207,-8.751125984099051,-19.082958413706823,20.993856695718428,-8.751012302237738,-9.84043742457375,0.75,0.023846736177802086,0.0,0.8618310710514923,False,2,0.0,-8.305138625430697e-10,8.305138625430697e-10,True,True,,True,True,True,True,True,True,0.6999999992549419,0.0,0.0
458,5.4500000812113285,native_common,7.795273303985596,7.795273220845011,8.314058508318567e-08,8.0382785343393,1,1,tracking,True,8.0382785343393,8.03840046906354,0.24300523035370425,0.24300523035370425,-1.1370609731948744,1.3465069782186383,35.85621925429817,47.16347991450062,59.24584151104948,35.839988891018194,-9.393447100220405,0.0,-0.03464111313223839,0.0,-1.1697569687700724,False,2,0.0,-1.1267242694401602e-09,1.1267242694401602e-09,True,True,,True,True,True,True,True,True,0.0,0.0,0.0
459,5.500000081956387,native_common,9.005145390828451,9.005145629444643,-2.386161916945184e-07,7.990338632609167,1,1,tracking,True,7.990338632609166,7.990515521421579,-1.0148067582192848,-1.014806758219284,-0.9582859954901348,-1.785490201980148,3.593396047872379,-62.624885429717814,62.727895058402396,3.5754995008156976,24.197441376287134,0.75,0.01904025860130787,0.0,1.07362741867263,False,2,0.0,-2.943540931832356e-10,2.943540931832356e-10,True,True,,True,True,True,True,True,True,0.6999999992549419,0.0,0.0
460,5.550000082701445,native_common,7.329273064931233,7.329273231834001,-1.66902767162469e-07,7.976303995104859,1,1,tracking,True,7.976303995104859,7.976360984784872,0.6470309301736252,0.6470309301736252,-0.28095419760503265,1.3189647264279385,13.540819264964895,62.09224975957051,63.551572309066856,13.54663575584144,-33.51744601849549,0.0,0.021818187087774277,0.0,0.055558568901440966,False,2,0.0,6.104352648361733e-10,6.104352648361733e-10,True,True,,True,True,True,True,True,True,0.0,0.0,0.0
461,5.600000083446503,native_common,7.988984743754068,7.988984645571445,9.818262380889564e-08,7.934125625647764,1,1,tracking,True,7.934125625647762,7.934270465309854,-0.054859118106306504,-0.05485911810630473,-0.8441096858076083,0.7143429291783906,-11.303874208004464,-12.10106855146481,16.559403844443928,-11.263109596218099,13.1942333798473,0.3867030143737793,-0.019131671637296677,0.0,-0.8189971622974104,False,2,0.0,3.308664731083155e-10,9.934103872843991e-09,True,True,,True,True,True,True,True,True,0.33670301362872124,0.0,0.0
462,5.650000084191561,native_common,7.0802108446757,7.08021117404073,-3.2936502947222834e-07,7.896523286188137,1,1,tracking,True,7.8965232861881365,7.896572897575608,0.8163124415124363,0.8163124415124372,-0.7523489240203098,-1.2455521293697713,1.8314927268063101,-39.20234081209296,39.2451021224691,1.8352152083991307,-18.17547771073164,0.0,0.004326784983277321,1.0,0.4691691254203152,False,2,0.0,6.934634984301358e-11,6.934634984301358e-11,True,True,,True,True,True,True,True,True,0.0,0.0,0.0
463,5.700000084936619,native_common,5.736299832661946,5.73629969668366,1.359782864085446e-07,7.79465687219989,1,1,tracking,True,7.794656872199889,7.794678125637458,2.0583570395379427,2.0583570395379436,-2.0374142937329363,0.39449016017494,-25.706183110567277,32.80378662117299,41.676136484871414,-25.701307011273208,-26.87821983975839,0.0,-0.022725321352481842,1.0,-0.5410421186530274,False,2,0.0,-8.478034871362006e-10,8.478034871362006e-10,True,True,,True,True,True,True,True,True,0.0,0.0,0.0
464,5.750000085681677,native_common,7.999034563700359,7.999034734667528,-1.709671684224645e-07,7.663859357329073,1,1,tracking,True,7.6638593573290725,7.663992213315726,-0.3351752063712867,-0.33517520637128584,-2.6157377445124617,-0.996737139685821,-11.557420928878958,-27.777596673265915,30.086060606304535,-11.566468843236692,45.25469394642077,0.75,0.01880941353738308,0.0,0.8306946854189831,False,2,0.0,-6.16849300805189e-10,6.16849300805189e-10,True,True,,True,True,True,True,True,True,0.6999999992549419,0.0,0.0
465,5.800000086426735,native_common,8.565080642700195,8.56508056940268,7.329751561258036e-08,7.4647336309180785,1,1,tracking,True,7.464733630918078,7.464786031217876,-1.1003470117821177,-1.1003470117821168,-3.9825353074344054,1.0555593133179995,-27.342997291733184,41.06424412176268,49.3347632662906,-27.335950851101465,11.320921411301846,0.75,-0.040734510868787766,0.0,-1.190878470377945,False,2,0.0,7.254968986680765e-10,7.254968986680765e-10,True,True,,True,True,True,True,True,True,0.6999999992549419,0.0,0.0
466,5.850000087171793,native_common,9.374013900756836,9.374013955932432,-5.517559564793828e-08,7.36372885394031,1,1,tracking,True,7.36372885394031,7.36408643213877,-2.0102850468165263,-2.0102850468165263,-2.0191036045283193,-1.9172771953293108,39.30615384068402,-59.314474138104586,71.1560770429752,39.268633472973484,16.17866492005192,0.75,0.030803222209215164,0.0,1.430754640240153,False,2,0.0,1.413086245238837e-10,1.413086245238837e-10,True,True,,True,True,True,True,True,True,0.6999999992549419,0.0,0.0
467,5.900000087916851,native_common,8.894179662068685,8.894179713593926,-5.1525240962746466e-08,7.267450921512761,1,1,tracking,True,7.2674509215127605,7.2675441700935295,-1.626728740555925,-1.626728740555924,-1.9263015239054937,1.7468143675028138,1.8312910530262168,73.30797210556993,73.33085004452482,1.8560415847993368,-9.596684630761265,0.75,-0.019861996173858643,0.0,-1.0133043525620646,False,2,0.0,8.860885081229952e-10,8.860885081229952e-10,True,True,,True,True,True,True,True,True,0.6999999992549419,0.0,0.0
468,5.950000088661909,native_common,8.36953353881836,8.369533518066369,2.0751990348344407e-08,7.266219603237344,1,1,tracking,True,7.266219603237344,7.266320826608138,-1.1033139355810153,-1.1033139355810153,-0.024407065933282755,-1.1435667861201289,38.05929402990018,-57.78406064361628,69.19189957190372,38.03788859263551,-10.492922308649796,0.75,0.014452124945819378,0.0,0.6862824121671556,False,2,0.0,9.051901242451699e-11,9.051901242451699e-11,True,True,,True,True,True,True,True,True,0.6999999992549419,0.0,0.0
469,6.000000089406967,native_common,9.11409823099772,9.11409822121453,9.783191146084391e-09,7.276580353875479,1,1,tracking,True,7.276580353875478,7.276630299810384,-1.8375178771222425,-1.8375178771222416,0.20691978634866368,0.8475343726810317,4.624195241790315,39.822074472064614,40.08966492272539,4.626536976698156,14.89129362168966,0.75,0.010905617848038673,0.0,-0.07093014089867263,False,2,0.0,4.173757294639868e-10,4.173757294639868e-10,True,True,,True,True,True,True,True,True,0.6999999992549419,0.0,0.0
470,6.050000090152025,native_common,8.003222306569418,8.0032224073426,-1.0077318179924077e-07,7.361592826925523,1,1,tracking,True,7.361592826925523,7.361654604816531,-0.6416294796438953,-0.6416294796438953,1.69974243516091,0.326413588506564,29.841550159498393,-10.41877956410897,31.60813594659452,29.856452531349117,-22.21751815749924,0.75,-0.005500044673681259,0.0,-0.32811324554513027,False,2,0.0,-2.180060888756774e-10,2.180060888756774e-10,True,True,,True,True,True,True,True,True,0.6999999992549419,0.0,0.0
471,6.100000090897083,native_common,9.080388704935709,9.080388503809342,2.0112636711644427e-07,7.449224636855495,1,1,tracking,True,7.449224636855495,7.449232224628839,-1.6311640680802144,-1.6311640680802144,1.7521954038989458,-0.4581223324895085,1.0463139011611544,-15.676706234906124,15.711584647823262,1.049059359128512,21.543327646305226,0.75,-0.013266962952911854,0.0,-0.1553383632698899,False,2,0.0,-1.8759037899440667e-10,1.8759037899440667e-10,True,True,,True,True,True,True,True,True,0.6999999992549419,0.0,0.0
472,6.150000091642141,native_common,8.959985415140787,8.959985875046081,-4.599052942921844e-07,7.593831565803356,1,1,tracking,True,7.593831565803357,7.593872823088687,-1.3661538493374303,-1.3661538493374312,2.8920194126322323,-0.5743306116051685,22.7903435726125,-2.347532590587502,22.91092984379306,22.79647983497171,-2.4080657600154614,0.75,0.01316598616540432,0.0,0.5286589744886909,False,2,0.0,1.6037812744507107e-10,1.6037812744507107e-10,True,True,,True,True,True,True,True,True,0.6999999992549419,0.0,0.0
473,6.200000092387199,native_common,8.548874855041504,8.548875077424748,-2.2238324426382405e-07,7.731539673390347,1,1,tracking,True,7.731539673390346,7.731556231255376,-0.817335181651158,-0.8173351816511571,2.75418985989755,0.8063471380360682,-2.7563015272249567,27.614963045401336,27.75217797949435,-2.756591013617242,-8.222211079465172,0.75,0.0050813728012144566,0.0,-0.16169226487439475,False,2,0.0,-2.857090605767887e-11,2.857090605767887e-11,True,True,,True,True,True,True,True,True,0.6999999992549419,0.0,0.0
474,6.2500000931322575,native_common,9.432104428609211,9.432104788246525,-3.596373137071396e-07,7.913480296732176,1,1,tracking,True,7.9134802967321765,7.913503993652095,-1.5186241318770346,-1.5186241318770355,3.6388212486288234,0.08422450370344074,17.68228872605564,-14.406847760489303,22.808359693576453,17.692627510984778,17.66459120813122,0.75,0.011124267242848873,0.0,0.12085788703176548,False,2,0.0,-1.9566302744689068e-10,1.9566302744689068e-10,True,True,,True,True,True,True,True,True,0.6999999992549419,0.0,0.0
475,6.3000000938773155,native_common,10.088672320048016,10.088672269646802,5.040121386912233e-08,8.080733298236915,1,1,tracking,True,8.080733298236915,8.080799426465264,-2.007939021811101,-2.007939021811101,3.3451540600331158,0.38059540828096444,-5.874909623474689,6.003188686276176,8.399579251621965,-5.873343684394511,13.131357633103612,0.75,-0.0347185879945755,0.0,-0.9168570910862521,False,2,0.0,-2.995322809229428e-10,2.995322809229428e-10,True,True,,True,True,True,True,True,True,0.6999999992549419,0.0,0.0
476,6.350000094622374,native_common,9.750019391377768,9.750019322415165,6.896260273947519e-08,8.281801055876084,1,1,tracking,True,8.281801055876084,8.282053107523822,-1.4682183355016836,-1.4682183355016836,4.022462804696256,-1.8523126469194162,13.555134439333688,-44.73517629539784,46.74379712246741,13.546174691409078,-6.773058472478524,0.75,0.011594087816774845,0.0,0.9262535024247541,False,2,0.0,1.2437930893560711e-10,1.2437930893560711e-10,True,True,,True,True,True,True,True,True,0.6999999992549419,0.0,0.0
477,6.400000095367432,native_common,10.017609914143879,10.01760993013817,-1.5994290336607264e-08,8.465182708784132,1,1,tracking,True,8.46518270878413,8.465258040189461,-1.5524272053597485,-1.5524272053597468,3.66715970421375,1.0807769529459013,-7.138474843509497,58.59084405669863,59.024126486058705,-7.106061903761556,5.351810375574041,0.75,0.023396961390972137,0.0,0.23605746796641547,False,2,0.0,8.772379975208189e-10,8.772379975208189e-10,True,True,,True,True,True,True,True,True,0.6999999992549419,0.0,0.0
478,6.45000009611249,native_common,9.86421839396159,9.864218610665686,-2.1670409644514166e-07,8.678151626168795,1,1,tracking,True,8.678151626168795,8.678380028382616,-1.186066767792795,-1.186066767792795,4.259959773969147,1.0799985726677388,11.828760550912648,0.07820255131316992,11.82915080955991,11.856001218439754,-3.0678303579315513,0.75,-0.08243443816900253,0.0,-2.116627959659279,False,2,0.0,1.90109392117499e-09,1.90109392117499e-09,True,True,,True,True,True,True,True,True,0.6999999992549419,0.0,0.0
479,6.500000096857548,native_common,9.402640024820963,9.402640229231137,-2.0441017412053952e-07,8.864591312401057,1,1,tracking,True,8.864591312401057,8.865563894458747,-0.538048712419906,-0.538048712419906,3.731757037394488,-3.750872070265207,-10.516415312088437,-96.80434050557191,97.3739242389616,-10.564054574076497,-9.231567245251464,0.75,0.009919451549649239,0.0,1.8470777668494318,False,2,0.0,-4.013500278648996e-10,4.013500278648996e-10,True,True,,True,True,True,True,True,True,0.6999999992549419,0.0,0.0
480,6.550000097602606,native_common,9.575764338175455,9.575764259287832,7.888762354468781e-08,8.93802557105084,1,1,tracking,True,8.93802557105084,8.938210579570876,-0.6377387671246151,-0.6377387671246151,1.4615462629058809,1.2830725839872483,-45.66063045942845,100.42264860740912,110.31674353959983,-45.40421481319662,3.4624862154947786,0.75,0.023782789707183838,0.0,0.2772667590190953,False,2,0.0,3.4497213766138124e-10,3.4497213766138124e-10,True,True,,True,True,True,True,True,True,0.6999999992549419,0.0,0.0
481,6.600000098347664,native_common,9.171587626139324,9.17158744227447,1.8386485400867514e-07,8.922192763528189,1,1,tracking,True,8.922192763528185,8.922373648532432,-0.24939486261113863,-0.24939486261113508,-0.3172377125468645,1.2129357674926429,-35.57304454385024,-1.4056541923807233,35.60136362147392,-35.57567897893598,-8.083534120268576,0.75,-0.00091827247524634,0.0,-0.4940212362871135,False,0,0.0,-2.3312117861107318e-11,2.3312117861107318e-11,True,True,,True,True,True,True,True,True,0.6999999992549419,0.0,0.0
482,6.650000099092722,native_common,8.672621568044027,8.672621431327114,1.367169133459356e-07,9.133225474179538,1,1,tracking,True,9.133225474179536,9.133329831659337,0.4606039061355087,0.4606039061355105,4.219924603941126,-0.3847996850461983,90.72994438027183,-31.95820477465291,96.19481017448832,90.74324497758009,-9.979321013202465,0.0,-0.02831060253083706,0.0,-0.547846592948264,False,0,0.0,-1.31130481473285e-10,1.31130481473285e-10,True,True,,True,True,True,True,True,True,0.0,0.0,0.0
483,6.70000009983778,native_common,7.2495066324869795,7.24950660249938,2.998759907058002e-08,9.526062081941097,1,1,tracking,True,9.526062081941095,9.526400036402825,2.276555449454116,2.2765554494541176,7.8583381423533725,-1.679281033475161,72.75597471804781,-26.03137534246301,77.27412352521718,72.7682696839132,-28.46229828701966,0.0,0.017611226066946983,1.0,0.9184365582699097,False,3,0.0,-7.291798380382186e-10,7.291798380382186e-10,True,True,,True,True,True,True,True,True,0.0,0.0,0.0
484,6.750000100582838,native_common,6.956356843312581,6.956356779158131,6.415444975260698e-08,9.71776337294353,1,1,tracking,True,9.717763372943528,9.71800011005605,2.761406529630947,2.761406529630949,3.834492201103523,1.5029882361294595,-80.49336889185426,63.56468420296408,102.56699380222783,-80.47691762579747,-5.862995696122524,0.0,-0.022022593766450882,1.0,-0.7926763848561588,False,3,0.0,-1.2044144154232939e-10,1.2044144154232939e-10,True,True,,True,True,True,True,True,True,0.0,0.0,0.0
485,6.800000101327896,native_common,6.109996438026429,6.109996300938534,1.3708789481370331e-07,9.671972040344945,1,1,tracking,True,9.671972040344942,9.672227682359827,3.5619756023185127,3.5619756023185163,-0.9156845302400001,-1.2753998380199938,-94.97679621232982,-55.63637944229301,110.07415837069487,-95.0035332112075,-16.927207853487985,0.0,-0.03376803919672966,1.0,-0.2349089051051601,False,3,0.0,-3.9074065510957823e-10,3.9074065510957823e-10,True,True,,True,True,True,True,True,True,0.0,0.0,0.0
486,6.850000102072954,native_common,7.843461831410726,7.84346137808958,4.5332114595453277e-07,9.536457036565974,1,1,tracking,True,9.536457036565972,9.536869913535622,1.6929952051552464,1.6929952051552482,-2.712837386455894,-1.3827955023705312,-36.019229636189415,-2.0932522962037154,36.080508373932254,-35.943056588724595,34.669307351072995,0.0,-0.03533485531806946,1.0,-0.031336321959848375,False,3,0.0,1.8473550120190474e-09,1.8473550120190474e-09,True,True,,True,True,True,True,True,True,0.0,0.0,0.0
487,6.900000102818012,native_common,8.453333536783854,8.453333589823673,-5.303981964743798e-08,9.277752804462208,1,1,tracking,True,9.277752804462205,9.278160383597406,0.8244192676783513,0.8244192676783548,-5.180241639299303,-0.9834444052702286,-49.46860959968338,8.223020928040933,50.147713515854996,-49.348084321524425,12.19743392570663,0.07429944723844528,-0.026241052895784378,0.0,0.1818760457355373,False,3,0.0,7.624522575799819e-10,2.4835268702672053e-09,True,True,,True,True,True,True,True,True,0.024299446493387222,0.0,0.0
488,6.95000010356307,native_common,8.14077647527059,8.140776496748442,-2.1477852385487495e-08,9.068709339804398,1,1,tracking,True,9.068709339804396,9.068997113044897,0.9279328645338065,0.9279328645338083,-4.1872698310717,-0.6531278640210113,19.767968847084386,7.084141672210405,20.998995012057957,19.859435868623404,-6.251141137116014,0.0,0.04734797030687332,1.0,1.4717804421219163,False,3,0.0,-4.891261076722664e-10,4.891261076722664e-10,True,True,,True,True,True,True,True,True,0.0,0.0,0.0
489,7.000000104308128,native_common,5.902207692464192,5.902207566168234,1.2629595858015819e-07,8.81977535958852,1,1,tracking,True,8.819775359588519,8.819963707629087,2.9175676671243265,2.9175676671243282,-4.980021160089676,2.407433260345989,-15.86718600510556,61.28888149291677,63.30956829068552,-15.855026344101224,-44.77137498898247,0.0,0.00023588295152876526,1.0,-0.9422417330663951,False,3,0.0,-1.793227892565863e-12,1.793227892565863e-12,True,True,,True,True,True,True,True,True,0.0,0.0,0.0
490,7.050000105053186,native_common,4.919687271118164,4.919687368102883,-9.698471892249927e-08,8.582538853489977,1,1,tracking,True,8.582538853489975,8.582590893455597,3.662851582371811,3.662851582371813,-4.745084346592297,-0.5691170316581401,4.663830306074943,-59.60280707005436,59.785026348773336,4.698736199930956,-19.65040813410667,0.0,-0.04981011152267456,1.0,-1.000919874569198,False,3,0.0,-1.7212522934739738e-09,1.7212522934739738e-09,True,True,,True,True,True,True,True,True,0.0,0.0,0.0
491,7.1000001057982445,native_common,2.0530511985222497,2.053051247428965,-4.8906715122143396e-08,8.279410319532335,1,1,tracking,True,8.279410319532333,8.279738797719517,6.226359121010084,6.226359121010086,-6.060615264353499,-2.11057426848732,-26.332798903736954,-30.65008803422113,40.40883262216465,-26.31061796316528,-57.332720597594175,0.0,0.02408277615904808,1.0,1.4778577316126564,False,0,0.0,6.196211911613236e-10,6.196211911613236e-10,True,True,,True,True,True,True,True,True,0.0,0.0,0.0
492,7.1500001065433025,native_common,2.7621418833732605,2.762141902177568,-1.880430744449768e-08,8.0522938371219,1,1,tracking,True,8.052293837121896,8.052415060333232,5.2901519537486354,5.290151953748639,-4.54293049746175,1.4930072386559008,30.301915544436323,72.21818157458601,78.3182474453021,30.353694885529684,14.181813485694727,0.0,0.02865244820713997,1.0,0.09139343959996939,False,0,0.0,5.949558901097163e-11,5.949558901097163e-11,True,True,,True,True,True,True,True,True,0.0,0.0,0.0
493,7.200000107288361,native_common,4.743792235851288,4.743792288402844,-5.255155599570571e-08,7.427277966279487,1,1,tracking,True,7.427277966279485,7.427660211970571,2.683485730428197,2.683485730428199,-12.498705804933103,0.9586791532330957,-159.15950231727015,-10.816216585267531,159.53060267818896,-159.11550377842127,39.63300645898273,0.0,0.04019632562994957,1.0,0.2308775450158485,False,2,0.0,-1.6804869093500763e-09,1.6804869093500763e-09,True,True,,True,True,True,True,True,True,0.0,0.0,0.0
494,7.250000108033419,native_common,4.863638977209726,4.8636390079688345,-3.0759108149425174e-08,7.039615095895394,1,1,tracking,True,7.039615095895393,7.04046925216583,2.175976118685667,2.175976118685668,-7.75378393675895,1.2048760685535953,94.82935687044281,4.094282277666549,94.92136950016922,94.89843594938617,2.396934791451659,0.0,0.07043248414993286,1.0,0.6047231613885885,False,2,0.0,-2.0547511053736756e-09,2.0547511053736756e-09,True,True,,True,True,True,True,True,True,0.0,0.0,0.0
495,7.300000108778477,native_common,3.9133183707793555,3.9133184318152154,-6.10358599217875e-08,6.6194388296170645,1,1,tracking,True,6.619438829617063,6.621070968982147,2.7061204588377072,2.706120458837709,-8.409189478391408,1.5584812218202793,-13.24173462301047,6.243457111018161,14.640498073616724,-13.10811063732309,-19.00641184538981,0.0,0.035277195274829865,1.0,-0.7031057670249675,False,2,0.0,8.671418444405887e-11,8.671418444405887e-11,True,True,,True,True,True,True,True,True,0.0,0.0,0.0
496,7.350000109523535,native_common,3.3134624361991882,3.3134623932523017,4.2946886491535e-08,6.072692243890867,1,1,tracking,True,6.072692243890865,6.073780747934522,2.7592298076916766,2.7592298076916784,-10.945166054542177,-0.07460705169281118,-50.889276462517174,-33.551902846517436,60.95638853062426,-50.71953076723549,-11.99711851283235,0.0,0.04436010122299194,1.0,0.1816581162563247,False,2,0.0,9.482828203233318e-10,9.482828203233318e-10,True,True,,True,True,True,True,True,True,0.0,0.0,0.0
497,7.400000110268593,native_common,1.5307511190573373,1.5307510890577782,2.9999559059135095e-08,4.739050825277873,1,1,tracking,True,4.7390508252778725,4.739936590688565,3.208299706220535,3.208299706220536,-26.672633330047375,-0.11669282989234228,-314.55721539026734,-1.7547513734335505,314.63682892871554,-314.5493408229535,-35.654225811547654,0.0,-0.04203163832426071,1.0,-1.7278347651983088,False,2,0.0,1.610081463987445e-09,1.610081463987445e-09,True,True,,True,True,True,True,True,True,0.0,0.0,0.0
498,7.450000111013651,native_common,0.4072197253505389,0.4072197252026091,1.4792983504818835e-10,3.40938160670156,1,1,tracking,True,3.4093816067015594,3.410074233042341,3.0021618813510207,3.002161881351021,-26.587439652928182,-1.1979466075068743,1.6473245541094241,-22.852218147437995,23.074360503580035,1.7038735169941663,-22.470627539297524,0.0,-0.0971495509147644,1.0,-1.102358235383656,False,2,0.0,-1.8864043521693574e-09,1.8864043521693574e-09,True,True,,True,True,True,True,True,True,0.0,0.0,0.0
499,7.500000111758709,native_common,0.21802040934562683,0.21802040785646068,1.48916615150263e-09,2.0922443714858177,1,1,tracking,True,2.0922443714858163,2.093656343763639,1.8742239621401895,1.8742239621401908,-26.334393314015244,-0.8981773781079027,5.0007945192989585,5.907344631206672,7.74373423198583,5.060926702845077,-3.7839862637124524,0.0,-0.0005160411819815636,1.0,1.9326701658566272,False,2,0.0,6.774528854558426e-12,6.774528854558426e-12,True,True,,True,True,True,True,True,True,0.0,0.0,0.0
500,7.550000112503767,native_common,0.39369993905226386,0.39369993419273647,4.8595273915985615e-09,0.7967908389538766,1,1,tracking,True,0.7967908389538766,0.7973653021116615,0.40309089990161273,0.40309089990161273,-25.903182885379742,0.7344425630301367,8.553444353210311,32.58142044834901,33.685563246389115,8.624208444199326,3.5135905417761615,0.0,0.11397003382444382,1.0,2.289721466008999,False,2,0.0,2.2823505863023286e-09,2.2823505863023286e-09,True,True,,True,True,True,True,True,True,0.0,0.0,0.0
501,7.600000113248825,native_common,0.8647982676823933,0.8647982750700093,-7.387615963416749e-09,0.004754835436073527,1,1,tracking,True,0.004754835436073526,0.0056347306326746975,-0.8600434322463197,-0.8600434322463197,-15.83906369109519,0.33856600658805064,201.22499286232542,-8.012786433906289,201.5034234278355,201.28238088634984,9.421966432204348,0.75,-0.08576511591672897,0.0,-3.9947029352977435,False,2,0.0,4.4614467675785363e-10,4.4614467675785363e-10,True,True,,True,True,True,True,True,True,0.25,0.0,0.0
502,7.650000113993883,native_common,2.050003190835317,2.0500032523471714,-6.151185427683004e-08,-0.008452309587833126,1,1,tracking,True,-0.008452309587833124,0.008539083350262013,-2.0584555004231504,-2.0584555004231504,-0.26411122237561463,0.07783273949571005,311.51299475186096,-5.214407701902361,311.73680194123165,311.499044732694,23.70409810983989,0.75,0.03414333611726761,0.0,2.3981690049444286,False,0,0.0,-7.110754138284214e-10,7.110754138284214e-10,True,True,,True,True,True,True,True,True,0.25,0.0,0.0
503,7.700000114738941,native_common,0.7516512374083201,0.7516512508706911,-1.3462370995753759e-08,-0.012810106129594281,1,1,reverse_motion,True,-0.012810106129594278,0.012875946280971823,-0.7644613435379144,-0.7644613435379144,-0.08712242108228727,-0.04689530838772881,3.538801117993214,-2.4945412512481906,4.32999083318988,3.539775973119775,-25.967038681600915,0.0,0.04649386554956436,1.0,0.24701058496519052,False,0,0.0,-5.1417509139284334e-11,5.1417509139284334e-11,True,True,,True,True,True,True,True,True,-0.5,0.0,1.0
504,7.750000115483999,native_common,1.356315533320109,1.3563155503759081,-1.7055799217402523e-08,-0.013734112050215483,1,1,reverse_motion,True,-0.01373411205021548,0.013772608136038466,-1.3700496453703244,-1.3700496453703244,-0.01851453024411293,0.01823149584765669,1.3707394825839239,1.302575531082515,1.8964477173139824,1.3721577963167424,12.093285738031776,0.0,-0.0003212626907043159,1.0,-0.9363025508533783,False,1,0.0,1.3520157216007078e-12,1.3520157216007078e-12,True,True,,True,True,True,True,True,True,-0.5,0.0,1.0
505,7.800000116229057,native_common,1.0486062268416085,1.0486062286265978,-1.784989267505921e-09,-0.013170302882878186,1,1,reverse_motion,True,-0.013170302882878184,0.013225442881134175,-1.0617765297244868,-1.0617765297244868,0.01119736287057073,0.007117526313433378,0.5934100823492414,-0.22227158054066581,0.649164450277286,0.5942378534388392,-6.15418603786549,0.0,-0.12347108870744705,1.0,-2.462996483633347,False,1,0.0,3.014073407525686e-09,3.014073407525686e-09,True,True,,True,True,True,True,True,True,-0.5,0.0,1.0
506,7.850000116974115,native_common,0.5436725815137227,0.5436725856825139,-4.168791201131228e-09,-0.011947598199811149,1,1,reverse_motion,True,-0.011947598199811149,0.012014000516407039,-0.5556201797135338,-0.5556201797135338,0.024365569111498737,0.007788350675630623,0.26311069806687204,0.013419397870661333,0.28011016102334346,0.2633641208941289,-10.098672756075766,0.0,0.09048806130886078,1.0,4.279182936561362,False,1,0.0,2.4209916016371125e-09,2.4209916016371125e-09,True,True,,True,True,True,True,True,True,-0.5,0.0,1.0
507,7.900000117719173,native_common,0.7113550901412964,0.7113550855270976,4.614198800823033e-09,-0.010601610351912259,1,1,reverse_motion,True,-0.010601610351912257,0.01065308686424017,-0.7219567004932086,-0.7219567004932086,0.02684306455891817,-0.010417749309711722,0.049633378202504394,-0.36412292020218123,0.37055358617827,0.04954990821003745,3.3536501225781934,0.0,-0.01548750139772892,1.0,-2.1195112225486157,False,1,0.0,-2.1597912694404364e-11,2.1597912694404364e-11,True,True,,True,True,True,True,True,True,-0.5,0.0,1.0
508,7.9500001184642315,native_common,0.7906250754992167,0.7906250578760158,1.7623200898597702e-08,-0.009107819749596827,1,1,tracking,True,-0.009107819749596823,0.00914687343800959,-0.7997328952488135,-0.7997328952488135,0.0298182347978962,0.003495693372645497,0.05970899508431685,0.2782671630427387,0.2850196166882922,0.059503403892890806,1.5853996835341095,0.75,-0.054343514144420624,0.0,-0.7771202433538401,False,1,0.0,1.3836824255819558e-09,1.3836824255819558e-09,True,True,,True,True,True,True,True,True,0.25,0.0,0.0
509,8.00000011920929,native_common,0.7127063324054083,0.7127063219310332,1.0474375033986405e-08,-0.007696194529386423,1,1,tracking,True,-0.007696194529386422,0.007723160268795613,-0.7204025269347947,-0.7204025269347947,0.02819330979244052,8.64207592674868e-05,-0.03228644934304271,-0.06818655557635306,0.0755554485958797,-0.03249849962484822,-1.5583748386545737,0.75,-0.030038459226489067,0.0,0.4861010911151604,False,1,0.0,3.1780894582666974e-10,3.1780894582666974e-10,True,True,,True,True,True,True,True,True,0.25,0.0,0.0
510,8.050000119954348,native_common,1.9818277756373088,1.9818277727576143,2.8796944828712867e-09,-0.006413041842880321,1,1,tracking,True,-0.00641304184288032,0.006429571697412313,-1.988240817480189,-1.988240817480189,0.025638268675130582,-0.00039855495411533185,-0.05092986730104281,-0.009701094336063117,0.05295272261932067,-0.05110082158473716,25.382428486410355,0.75,-0.07861126959323883,0.0,-0.97145619285917,False,1,0.0,-8.748915480971675e-10,8.748915480971675e-10,True,True,,True,True,True,True,True,True,0.25,0.0,0.0
511,8.100000120699406,native_common,1.114060898621877,1.1140608961260565,2.4958204392078187e-09,0.01899904506607433,1,1,tracking,True,0.018999045066074333,0.019101478364892156,-1.0950618535558025,-1.0950618535558025,0.508226231730332,0.037192919031235866,9.651891834492552,0.7519419846040204,9.681478719629283,9.65175911728161,-17.35533728169396,0.75,-0.11760631203651428,0.0,-0.779900837244081,False,1,0.0,2.1802728511488567e-09,2.1802728511488567e-09,True,True,,True,True,True,True,True,True,0.25,0.0,0.0
512,8.150000121444464,native_common,1.3655994335810342,1.3655994991974263,-6.56163920975672e-08,0.02993110998949391,1,1,tracking,True,0.02993110998949391,0.03067352920540892,-1.3356683235915403,-1.3356683235915403,0.21863173202386668,-0.17234737082390947,-5.791825839368914,-4.19157670603424,7.149463271910676,-5.791889907823421,5.030770624218821,0.75,0.04154127091169357,0.0,3.1829516115344823,False,1,0.0,-1.7548148212309655e-09,1.7548148212309655e-09,True,True,,True,True,True,True,True,True,0.25,0.0,0.0
513,8.200000122189522,native_common,2.1158981919288635,2.11589827322666,-8.129779649479474e-08,0.03035566625688851,1,1,tracking,True,0.030355666256888507,0.030370900567776464,-2.085542525671975,-2.085542525671975,0.008475756356672406,0.11535253243169481,-4.203284795030336,5.753746921888435,7.125532344277127,-4.203119450712525,15.005974943350136,0.75,0.015534559264779091,0.0,-0.5201342251876857,False,1,0.0,2.593758749447339e-10,2.593758749447339e-10,True,True,,True,True,True,True,True,True,0.25,0.0,0.0
514,8.25000012293458,native_common,1.544143795967102,1.5441438354131265,-3.9446024446831984e-08,0.18993900020751187,1,1,tracking,True,0.1899390002075118,0.1899507316064423,-1.3542047957595902,-1.3542047957595902,3.1916609096617377,0.058995884977870984,63.66379199796836,-1.1271354869599335,63.67405282468562,63.66370211743822,-11.435087748839143,0.75,0.02833271212875843,0.0,0.25596305346544007,False,1,0.0,7.88679201807474e-10,7.88679201807474e-10,True,True,,True,True,True,True,True,True,0.25,0.0,0.0
515,8.300000123679638,native_common,1.5510393977165222,1.5510393969135066,8.030156539717836e-10,0.29634183768391686,1,1,tracking,True,0.29634183768391686,0.29637950027351667,-1.2546975600326054,-1.2546975600326054,2.1280324510208604,0.0546544314954079,-21.273047592963003,-0.06901468021978877,21.273168897534312,-21.27256885583157,0.13791203293335388,0.75,-0.1258874535560608,0.0,-3.084403267735194,False,1,0.0,-1.7002265151333518e-09,1.7002265151333518e-09,True,True,,True,True,True,True,True,True,0.25,0.0,0.0
516,8.350000124424696,native_common,1.2617749671141305,1.2617750275203725,-6.040624200842615e-08,0.4263907289171571,1,1,tracking,True,0.4263907289171571,0.42694674722051135,-0.8353842381969734,-0.8353842381969734,2.601007126397352,-0.5319404563079106,9.459886765836206,-11.748069811270405,15.083321978716077,9.459493366572401,-5.7852885258403175,0.75,0.05045555159449577,0.0,3.526860050456821,False,1,0.0,-1.5946031231561797e-09,1.5946031231561797e-09,True,True,,True,True,True,True,True,True,0.25,0.0,0.0
517,8.400000125169754,native_common,1.6385411620140076,1.6385411657300384,-3.7160308163919353e-09,0.5919712948820011,1,1,tracking,True,0.591971294882001,0.5920214919468171,-1.0465698671320065,-1.0465698671320065,3.311503975292116,0.5871608204956676,14.20725172352713,22.36868897366547,26.499138664352557,14.209936766150719,7.535323785712467,0.75,-0.05180492252111435,0.0,-2.045209451836207,False,1,0.0,-4.773028500215659e-10,4.773028500215659e-10,True,True,,True,True,True,True,True,True,0.25,0.0,0.0
518,8.450000125914812,native_common,3.2148338953653974,3.214833837701129,5.766426847131356e-08,0.7412900819360112,1,1,tracking,True,0.7412900819360111,0.7415116768181969,-2.4735438134293863,-2.4735438134293863,2.9864422698287276,-0.5191951288225071,-6.497171796808924,-22.149551721156158,23.08280797791325,-6.501234012391833,31.525854197255963,0.75,0.02837219461798668,0.0,1.603542318887378,False,1,0.0,5.156365473490965e-10,5.156365473490965e-10,True,True,,True,True,True,True,True,True,0.25,0.0,0.0
519,8.50000012665987,native_common,3.7350560029347735,3.73505606524724,-6.231246674204272e-08,0.8787577236950345,1,1,tracking,True,0.8787577236950345,0.8788141111852652,-2.856298279239739,-2.856298279239739,2.749371550630341,0.555207400614223,-4.741448935272474,21.48732651230515,22.004242969452328,-4.741414313315156,10.404441996349254,0.75,-0.18246667087078094,0.0,-4.216777246940475,False,1,0.0,-2.3316531760908532e-09,2.3316531760908532e-09,True,True,,True,True,True,True,True,True,0.25,0.0,0.0
520,8.550000127404928,native_common,3.3337435722351074,3.33374361484692,-4.261181274500814e-08,1.0096045325743326,1,1,tracking,True,1.0096045325743321,1.010736094599995,-2.3241390396607753,-2.324139039660775,2.6171056591188315,-1.1603648289914608,-2.6374346911097843,-34.35003601936709,34.45114007555294,-2.6453177908118803,-8.026248494392899,0.75,0.010390118695795536,0.0,3.857135733855728,False,1,0.0,-1.6795323465323975e-10,1.6795323465323975e-10,True,True,,True,True,True,True,True,True,0.25,0.0,0.0
521,8.600000128149986,native_common,1.383090635140737,1.3830906627434587,-2.7602721663910756e-08,1.1416950594922715,1,1,tracking,True,1.1416950594922712,1.1417209322710045,-0.2413955756484658,-0.2413955756484656,2.6408711821678397,0.8034045691447388,0.45156834785763944,39.22159689432372,39.2241983797725,0.47531045389748516,-39.01305816054754,0.75,-0.014922060072422028,0.0,-0.5062435678207343,False,1,0.0,-1.7559875428729832e-10,1.7559875428729832e-10,True,True,,True,True,True,True,True,True,0.25,0.0,0.0
522,8.650000128895044,native_common,2.900982101758321,2.9009820141410554,8.761726544292969e-08,1.2606199304662544,1,1,tracking,True,1.2606199304662544,1.2606881265310117,-1.6403621712920664,-1.6403621712920664,2.378510337876747,-0.11557919851297706,-5.2454527719614905,-18.385248452514336,19.118903698217547,-5.247216807632231,30.357828879984773,0.75,-0.017571715638041496,0.0,-0.052993110522730494,False,1,0.0,8.87845980762636e-10,8.87845980762636e-10,True,True,,True,True,True,True,True,True,0.25,0.0,0.0
523,8.700000129640102,native_common,1.8781516750653584,1.878151655531446,1.953391248754599e-08,1.3944752300231662,1,1,tracking,True,1.3944752300231662,1.3945708709264284,-0.4836764450421922,-0.4836764450421922,2.6769967102661774,-0.07680409869933161,5.968453514323953,0.7481118152874808,6.0152041761013955,5.969727358832739,-20.45660822903203,0.75,-0.1288549154996872,0.0,-2.2256639640679365,False,1,0.0,2.6433591426844316e-10,2.6433591426844316e-10,True,True,,True,True,True,True,True,True,0.6999999992549419,0.0,0.0
524,8.75000013038516,native_common,1.3484339664379756,1.3484339821121942,-1.5674218589722955e-08,1.4983136104929058,1,1,tracking,True,1.4983136104929056,1.5005798580270586,0.14987964405492993,0.14987964405493015,2.076295648098919,-1.386841964136895,-12.016580780047516,-26.294118825668637,28.909853223680017,-12.014021064322304,-10.594354014679478,0.0,0.08771137148141861,1.0,4.331325675080334,False,1,0.0,-2.065428827968674e-09,2.065428827968674e-09,True,True,,True,True,True,True,True,True,0.0,0.0,0.0
525,8.800000131130219,native_common,5.349127610524496,5.349127641413744,-3.0889247604193315e-08,1.5595048672953102,1,1,tracking,True,1.5595048672953098,1.5595596776264475,-3.7896227432291862,-3.789622743229186,1.2217992960686817,1.8323193282712635,-17.12435652983124,64.33172047113554,66.57194696827568,-17.089926785944993,80.0138716894308,0.75,-0.07241395115852356,0.0,-3.2025064050777794,False,1,0.0,9.116996740887728e-10,9.116996740887728e-10,True,True,,True,True,True,True,True,True,0.6999999992549419,0.0,0.0
526,8.850000131875277,native_common,2.5434481700261435,2.5434481633426658,6.683477771218804e-09,1.6101042406999755,1,1,tracking,True,1.6101042406999755,1.610777783863679,-0.933343929326168,-0.933343929326168,1.0120246469212717,-1.1579332784838934,-4.18444851376157,-59.81242161211022,59.95861404693909,-4.195492920430483,-56.11358797380943,0.75,-0.05267474055290222,0.0,0.3947842062296837,False,1,0.0,1.812842168047446e-09,1.812842168047446e-09,True,True,,True,True,True,True,True,True,0.6999999992549419,0.0,0.0
527,8.900000132620335,native_common,2.4847820798556013,2.484782032830616,4.702498523911913e-08,1.6805502904833665,1,1,tracking,True,1.6805502904833662,1.6813426695648988,-0.804231789372235,-0.8042317893722348,1.4072225287108027,-0.16210829469383087,7.860703628958716,19.878614008700016,21.376395330977896,7.903957518012474,-1.173321785926988,0.75,0.019305212423205376,0.0,1.4395990380704546,False,1,0.0,-8.94009997975953e-10,8.94009997975953e-10,True,True,,True,True,True,True,True,True,0.6999999992549419,0.0,0.0
528,8.950000133365393,native_common,4.177698373794556,4.177698317667823,5.612673259491885e-08,1.7778417579293568,1,1,tracking,True,1.7778417579293566,1.777855996259891,-2.399856615865199,-2.3998566158651986,1.9457139092899116,1.0843714317008561,10.7694987470779,24.926915030550784,27.15391012321105,10.769827451099244,33.858325374250725,0.75,0.04773082584142685,0.0,0.5685122598929366,False,1,0.0,1.7515097705533833e-10,1.7515097705533833e-10,True,True,,True,True,True,True,True,True,0.6999999992549419,0.0,0.0
529,9.00000013411045,native_common,1.8228817880153656,1.8228817994991455,-1.1483779926990678e-08,1.898430443904309,1,1,tracking,True,1.898430443904309,1.8988922700432187,0.07554865588894333,0.07554865588894333,2.41172909435789,0.8039446312701316,9.295463706040904,-5.563775904362453,10.833388074392012,9.320303562476225,-47.09633101379378,0.0,-0.06330165266990662,0.0,-2.2206495371364126,False,1,0.0,1.7329949003608291e-09,1.7329949003608291e-09,True,True,,True,True,True,True,True,True,0.0,0.0,0.0
530,9.050000134855509,native_common,5.564868768056234,5.564868845776541,-7.772030663488749e-08,2.021176927271195,1,1,tracking,True,2.0211769272711955,2.021642167195301,-3.543691840785039,-3.5436918407850393,2.455209055424133,-1.6917981782655027,0.8746214834755488,-49.92996431233183,49.93762413973736,0.8695992083668147,74.83973848561837,0.75,0.01995677873492241,0.0,1.6651686032836348,False,1,0.0,-4.78166332917862e-10,4.78166332917862e-10,True,True,,True,True,True,True,True,True,0.6999999992549419,0.0,0.0
531,9.100000135600567,native_common,6.2438751856486,6.243875106564828,7.908377153142965e-08,2.1053643648054035,1,1,tracking,True,2.1053643648054035,2.1054076089634313,-4.138510820843196,-4.138510820843196,1.6834001710137194,1.052824713256036,-15.450506667771466,54.87165460275033,57.0054306502901,-15.436177458191299,13.580128149487628,0.75,0.1584891527891159,0.0,2.770647439798006,False,1,0.0,-5.367016275847902e-10,5.367016275847902e-10,True,True,,True,True,True,True,True,True,0.6999999992549419,0.0,0.0
532,9.150000136345625,native_common,6.656645615895589,6.65664557722787,3.866771880467468e-08,2.1818850510799392,1,1,tracking,True,2.181885051079939,2.1848852801492185,-4.47476056481565,-4.47476056481565,1.529973239430245,2.181612826792058,-3.12567498646949,22.66757484275467,22.88207483702839,-3.0685385859447005,8.255408481924611,0.75,-0.013762597925961018,0.0,-3.4450349629665173,False,1,0.0,3.623945796227268e-10,3.623945796227268e-10,True,True,,True,True,True,True,True,True,0.6999999992549419,0.0,0.0
533,9.200000137090683,native_common,6.638167381286621,6.638167179634695,2.0165192626819817e-07,2.301378881881202,1,1,tracking,True,2.301378881881202,2.301533497278402,-4.336788499405419,-4.336788499405419,2.3849162338294674,-1.6822604665376746,17.00204949085101,-77.20943830616085,79.05927307760604,17.098859633191584,-0.3695646866724131,0.75,-0.02098846808075905,0.0,-0.14451740094248353,False,1,0.0,-6.489914682050735e-10,6.489914682050735e-10,True,True,,True,True,True,True,True,True,0.6999999992549419,0.0,0.0
534,9.250000137835741,native_common,5.244832436243693,5.244832223606973,2.1263672067561856e-07,2.4448053843215196,1,1,tracking,True,2.44480538432152,2.4448561399808426,-2.8000270519221733,-2.8000270519221737,2.868703800732008,-0.7658473966369456,9.666212999088232,18.31452944326415,20.708923366968648,9.67575119387088,-27.86669848561239,0.75,-0.0021673731971532106,0.0,0.3764218920629935,False,1,0.0,-1.8675285710229028e-11,1.8675285710229028e-11,True,True,,True,True,True,True,True,True,0.6999999992549419,0.0,0.0
535,9.300000138580799,native_common,6.2073211669921875,6.20732121109781,-4.4105622265533384e-08,2.61193426948461,1,1,tracking,True,2.61193426948461,2.6119587657477323,-3.5953868975075776,-3.5953868975075776,3.342523495190385,0.1834439430062701,9.469103290844787,18.958160854902744,21.191450573532943,9.476393747958275,19.249774328125895,0.75,-0.018170522525906563,0.0,-0.320062981805757,False,1,0.0,-4.695719160729972e-10,4.695719160729972e-10,True,True,,True,True,True,True,True,True,0.6999999992549419,0.0,0.0
536,9.350000139325857,native_common,6.448025703430176,6.448025504747743,1.9868243317233691e-07,2.796018056352058,1,1,tracking,True,2.796018056352058,2.7961444152014483,-3.652007647078118,-3.652007647078118,3.6817530045681326,-0.4526532245385736,6.7868904356974165,-12.761572094976406,14.454098717229176,6.784590086456681,4.814090657024225,0.75,-0.008367902599275112,0.0,0.19605239561122068,False,1,0.0,2.6214893797393835e-10,2.6214893797393835e-10,True,True,,True,True,True,True,True,True,0.6999999992549419,0.0,0.0
537,9.400000140070915,native_common,6.075793266296387,6.075793098468455,1.678279319961007e-07,2.9955570376215963,1,1,tracking,True,2.995557037621596,2.995640180356021,-3.080236228674791,-3.0802362286747904,3.9905726221235804,0.09726170522756668,6.169744103399157,10.942650816379267,12.562170475809895,6.17639225907354,-7.444648631741872,0.75,-0.007572898641228676,0.0,0.015900078923999087,False,1,0.0,8.288350474700001e-11,8.288350474700001e-11,True,True,,True,True,True,True,True,True,0.6999999992549419,0.0,0.0
538,9.450000140815973,native_common,4.840034882227579,4.840034785165726,9.706185277735813e-08,3.2060824998100745,1,1,tracking,True,3.2060824998100745,3.206171231731821,-1.6339523824175046,-1.6339523824175046,4.210540681003432,-0.013108207743416499,4.400379239582497,-2.2401289148321735,4.937822105904114,4.399361112041447,-24.71516731309146,0.75,0.0025389473885297775,0.0,0.20223691758160417,False,1,0.0,6.375157172999746e-11,6.375157172999746e-11,True,True,,True,True,True,True,True,True,0.6999999992549419,0.0,0.0
539,9.500000141561031,native_common,4.892199198404947,4.892198912941147,2.8546380015370687e-07,3.426865228666091,1,1,tracking,True,3.426865228666091,3.4269295044278323,-1.4653339697388565,-1.4653339697388565,4.415793323406431,0.288724063179768,4.105259395384629,6.02324611482292,7.289255140663886,4.105052786889927,1.0432863080011858,0.75,-0.006632061675190926,0.0,-0.1834201785412404,False,1,0.0,-1.6490684425635171e-10,1.6490684425635171e-10,True,True,,True,True,True,True,True,True,0.6999999992549419,0.0,0.0
540,9.55000014230609,native_common,7.14386256535848,7.143862487760042,7.759843878574202e-08,3.658151167076975,1,1,tracking,True,3.658151167076975,3.658249997053007,-3.4857113982815053,-3.4857113982815053,4.6259345871491595,-0.23536782584650126,4.2043718952332485,-10.501193760698012,11.311614842506746,4.202825212227589,45.0332666680227,0.75,-0.0016373021062463522,0.0,0.09989518989033715,False,1,0.0,1.213196318579357e-11,1.213196318579357e-11,True,True,,True,True,True,True,True,True,0.6999999992549419,0.0,0.0
541,9.600000143051147,native_common,7.5267287890116386,7.526728664628236,1.2438340224463218e-07,3.8839413486395804,1,1,tracking,True,3.8839413486395804,3.884042446997744,-3.642787440372058,-3.642787440372058,4.515970556102864,0.10232148123146739,-2.200192626988794,6.730253992679984,7.080778136334231,-2.199280588154084,7.657324358960138,0.75,-0.0010774129768833518,0.0,0.011197782420400046,False,1,0.0,3.6800016376195566e-11,3.6800016376195566e-11,True,True,,True,True,True,True,True,True,0.6999999992549419,0.0,0.0
542,9.650000143796206,native_common,7.701434930165609,7.701434628911199,3.0125441075057324e-07,4.098895568425892,1,1,tracking,True,4.098895568425891,4.099009801470471,-3.6025393617397183,-3.6025393617397174,4.299266443869228,0.029822808570554478,-4.3336348090274655,-1.4597034620567872,4.57300843542006,-4.334082180089857,3.4941227710129286,0.75,-0.0054662493057549,0.0,-0.08777672526945583,False,1,0.0,-5.691052143430575e-11,5.691052143430575e-11,True,True,,True,True,True,True,True,True,0.6999999992549419,0.0,0.0
543,9.700000144541264,native_common,7.450809955596924,7.45081002546996,-6.987303624583774e-08,4.305931772578175,1,1,tracking,True,4.305931772578173,4.306071308774943,-3.1448781830187507,-3.144878183018749,4.140848776957253,-0.1693138171588924,-3.1680075393310494,-4.010262501740792,5.1106746122022475,-3.168353291027348,-5.012499416681648,0.75,-0.00027376014622859657,0.0,0.10384978164304373,False,1,0.0,3.1063771346873104e-12,3.1063771346873104e-12,True,True,,True,True,True,True,True,True,0.6999999992549419,0.0,0.0
544,9.750000145286322,native_common,6.583918412526448,6.583918538861169,-1.2633472046275074e-07,4.508816008307435,1,1,tracking,True,4.508816008307434,4.508953889809181,-2.075102404219014,-2.075102404219013,4.057743207495984,0.13495280646291347,-1.6626222407962021,6.070590813319085,6.294176000629912,-1.6621113644579908,-17.337830603055703,0.75,-0.00866524688899517,0.0,-0.1678297323544736,False,1,0.0,-2.797910809287929e-10,2.797910809287929e-10,True,True,,True,True,True,True,True,True,0.6999999992549419,0.0,0.0
545,9.80000014603138,native_common,8.17312479019165,8.17312484460959,-5.4417940376083607e-08,4.709597290259743,1,1,tracking,True,4.709597290259743,4.709774484339697,-3.4635274999319074,-3.4635274999319074,4.015662112469071,-0.3215427052468462,-0.8402194931881208,-9.170294066527644,9.20870606317101,-0.8416218879971173,31.784127079683643,0.75,0.004025048576295376,0.0,0.2538059055238082,False,1,0.0,7.555441168538568e-11,7.555441168538568e-11,True,True,,True,True,True,True,True,True,0.6999999992549419,0.0,0.0
546,9.850000146776438,native_common,6.833379586537679,6.833379727177163,-1.4063948405862448e-07,4.909495012217891,1,1,tracking,True,4.9094950122178895,4.909649465886263,-1.9238845743197892,-1.9238845743197874,3.997963410703522,0.39527390774523496,-0.35440452582523946,14.330716108292743,14.33509812082011,-0.35397403003636474,-26.794903673804253,0.75,-0.0014615399995818734,0.0,-0.10973176988241419,False,1,0.0,7.110855957878637e-12,7.110855957878637e-12,True,True,,True,True,True,True,True,True,0.6999999992549419,0.0,0.0
547,9.900000147521496,native_common,6.931891441345215,6.931891453595676,-1.225046108999095e-08,5.109166824088199,1,1,tracking,True,5.109166824088198,5.109295541261607,-1.822724617257017,-1.8227246172570162,3.9934556202567424,-0.1167014878080934,-0.09006474349189339,-10.240250149842113,10.389811951114956,-0.09015580759216184,1.970237066791902,0.75,-0.009097361005842686,0.0,-0.15271641784956427,False,1,0.0,3.671144152561645e-10,3.671144152561645e-10,True,True,,True,True,True,True,True,True,0.6999999992549419,0.0,0.0
548,9.950000148266554,native_common,8.661211331685383,8.661211143669723,1.8801565992987435e-07,5.295745889876373,1,1,tracking,True,5.295745889876373,5.295928325267996,-3.36546544180901,-3.36546544180901,3.731563827685825,-0.36989094796467364,-5.239226869849529,-5.1116516986236125,7.7845716818984965,-5.237835773368509,34.58639729142588,0.75,-0.004312042612582445,0.0,0.09570636643906882,False,1,0.0,4.5869436721135415e-12,4.5869436721135415e-12,True,True,,True,True,True,True,True,True,0.6999999992549419,0.0,0.0
549,10.000000149011612,native_common,7.728428204854328,7.728428089189673,1.1566465563106476e-07,5.262648521406766,1,1,tracking,True,5.262648521406766,5.262797376527798,-2.465779683447562,-2.465779683447562,-0.6626715668521079,0.04007145700955721,-87.88999481760179,8.156271408057947,88.27409987531743,-87.88470658117448,-18.655662258630063,0.75,-0.0016591829480603337,0.0,0.05305719249982845,False,1,0.0,-3.408466868123905e-11,3.408466868123905e-11,True,True,,True,True,True,True,True,True,0.6999999992549419,0.0,0.0
550,10.05000014975667,native_common,8.378035068511963,8.378034958407751,1.1010421196999687e-07,5.207771852898979,1,1,tracking,True,5.207771852898977,5.207869537934955,-3.1702632156129855,-3.1702632156129837,-1.0984977396382332,0.06949214072236505,-8.71661181122764,0.5954921929687208,8.742189417211947,-8.716523325836185,12.992137079554764,0.75,-0.004843617789447308,0.0,-0.06368869587870396,False,1,0.0,-4.760482806565047e-11,4.760482806565047e-11,True,True,,True,True,True,True,True,True,0.6999999992549419,0.0,0.0
551,10.100000150501728,native_common,8.547046820322672,8.547046691266294,1.290563780287357e-07,5.223568683378925,1,1,tracking,True,5.223568683378924,5.223641121090707,-3.3234781369437476,-3.3234781369437467,0.3152355620546949,-0.11412018915823613,28.27515609086428,-3.662016005910997,28.511311826908685,28.274665612533212,3.3802349858447545,0.75,0.002471527550369501,0.0,0.146302904616253,False,1,0.0,-1.1547636978581632e-10,1.1547636978581632e-10,True,True,,True,True,True,True,True,True,0.6999999992549419,0.0,0.0
552,10.150000151246786,native_common,8.09507385889689,8.09507382049268,3.8404211366582786e-08,5.228583599566001,1,1,tracking,True,5.228583599565999,5.22862603156126,-2.8664902593308916,-2.86649025933089,0.09985036794853286,0.17949094857536912,-4.308277772667606,5.871030744896037,7.282698483918839,-4.307703817933452,-9.039459093817188,0.75,0.0036181071773171425,0.0,0.022931592197245474,False,1,0.0,-7.563053785672458e-11,7.563053785672458e-11,True,True,,True,True,True,True,True,True,0.6999999992549419,0.0,0.0
553,10.200000151991844,native_common,6.49562136332194,6.495621473224888,-1.0990294718737914e-07,5.2437747852789505,1,1,tracking,True,5.243774785278949,5.243806150889718,-1.2518465780429917,-1.25184657804299,0.3035484917349397,0.12256938842443349,4.07347460378904,-1.1381758855117672,4.229587313260547,4.0739624150213665,-31.989049434825024,0.75,-0.0031393005046993494,0.0,-0.13514815162646546,False,0,0.0,5.4934926399519135e-11,5.4934926399519135e-11,True,True,,True,True,True,True,True,True,0.6999999992549419,0.0,0.0
554,10.250000152736902,native_common,7.892816225687662,7.892816369861923,-1.4417426097423913e-07,5.220180654755092,1,1,tracking,True,5.220180654755091,5.220199994890686,-2.672635570932571,-2.67263557093257,-0.4720831967807795,-0.15408687116779332,-15.512675776897694,-5.5330751224436625,16.470018371288774,-15.51263353915813,27.943896830917925,0.75,0.0082165552303195,0.0,0.2271171113160683,False,0,0.0,3.513635007945659e-10,3.513635007945659e-10,True,True,,True,True,True,True,True,True,0.6999999992549419,0.0,0.0
555,10.30000015348196,native_common,8.701741218566895,8.701741334870475,-1.1630358009995234e-07,5.85105957117465,1,1,tracking,True,5.851059571174649,5.851122655035011,-2.8506816473922454,-2.8506816473922445,12.617994049687647,0.4049425529423026,261.8027617932557,11.176722031295311,262.0430678116532,261.80154102822155,16.178499616506215,0.75,0.002034812467172742,0.0,-0.12363485342063228,False,2,0.0,-1.792290014318576e-11,1.792290014318576e-11,True,True,,True,True,True,True,True,True,0.6999999992549419,0.0,0.0
556,10.350000154227018,native_common,7.281028111775717,7.281027929964956,1.818107611128994e-07,6.195490695652603,1,1,tracking,True,6.195490695652603,6.195605461673245,-1.0855374161231142,-1.0855374161231142,6.8897029548812325,-0.08840034618946994,-114.56692982090851,-9.751239027529397,114.98307361205778,-114.56582018896454,-28.41426171241806,0.75,-0.0020278622396290302,0.0,-0.08125349292526404,False,2,0.0,5.6183152314509544e-11,5.6183152314509544e-11,True,True,,True,True,True,True,True,True,0.6999999992549419,0.0,0.0
557,10.400000154972076,native_common,8.552066167195639,8.552066054062928,1.1313271031099248e-07,6.432468815757457,1,1,tracking,True,6.432468815757456,6.432629517063556,-2.1195973514381823,-2.1195973514381814,4.740462439299578,-0.15444245316035987,-42.98355166812881,-1.3028088072838557,43.00448205319949,-42.98480967110951,25.420760729599586,0.75,0.007909441366791725,0.0,0.1987460691668679,False,2,0.0,2.5204104081577583e-10,2.5204104081577583e-10,True,True,,True,True,True,True,True,True,0.6999999992549419,0.0,0.0
558,10.450000155717134,native_common,9.031409581502277,9.031409327436485,2.5406579240438987e-07,6.648863327329331,1,1,tracking,True,6.64886332732933,6.649074774983177,-2.382546254172947,-2.3825462541729463,4.328499119227441,0.33385870828032316,-8.237607033879325,9.803610253759102,12.805227133747838,-8.239266278668103,9.586868143277309,0.75,0.005113168619573116,0.0,-0.05592545411101797,False,2,0.0,-1.637547319965904e-10,1.637547319965904e-10,True,True,,True,True,True,True,True,True,0.6999999992549419,0.0,0.0
559,10.500000156462193,native_common,8.350202083587646,8.350202088106238,-4.5185917230128325e-09,6.88197414691713,1,1,tracking,True,6.881974146917128,6.882211742485908,-1.4682279366705187,-1.4682279366705169,4.6624385788852685,0.09309807681632298,6.674836931990179,-4.76062420237912,8.19874780519266,6.678789093634834,-13.624149755276967,0.75,0.0073125422932207584,0.0,0.04398747281748842,False,2,0.0,-5.222604813892584e-11,5.222604813892584e-11,True,True,,True,True,True,True,True,True,0.6999999992549419,0.0,0.0
560,10.55000015720725,native_common,8.930233637491863,8.930233280714363,3.5677749998797026e-07,7.088017114302931,1,1,tracking,True,7.08801711430293,7.088280847740556,-1.8422165231889336,-1.8422165231889318,4.120906146481991,0.18047330919083837,-10.831917710230226,1.8201639887613341,10.984117087113061,-10.830648486676315,11.600630905221463,0.75,0.004317952785640955,0.0,-0.059891789259138864,False,2,0.0,1.6008045757021083e-10,1.6008045757021083e-10,True,True,,True,True,True,True,True,True,0.6999999992549419,0.0,0.0
561,10.600000157952309,native_common,9.039843241373697,9.039843219374392,2.1999305488407117e-08,7.3188823317284575,1,1,tracking,True,7.3188823317284575,7.319153464902764,-1.7209609096452398,-1.7209609096452398,4.617222670623751,0.04345359856056082,9.923737212062532,-2.6786953970766056,10.279265460438145,9.92633033492136,2.192192044970476,0.75,0.015527580864727497,0.0,0.2241925582410014,False,2,0.0,3.592631400706203e-11,3.592631400706203e-11,True,True,,True,True,True,True,True,True,0.6999999992549419,0.0,0.0
562,10.650000158697367,native_common,8.56389872233073,8.563898592155512,1.301752181603888e-07,7.522179477725542,1,1,tracking,True,7.522179477725541,7.522522423007396,-1.041719244605189,-1.0417192446051882,4.065772993609207,0.5574659190886875,-11.029955961386763,10.396623437271113,15.157709416095297,-11.028993375946069,-9.518890239016821,0.75,-0.011522503569722176,0.0,-0.5410016806274403,False,2,0.0,4.2245650033745363e-10,4.2245650033745363e-10,True,True,,True,True,True,True,True,True,0.6999999992549419,0.0,0.0
563,10.700000159442425,native_common,8.824577649434406,8.824577317871844,3.3156256229460723e-07,7.751200078987824,1,1,tracking,True,7.751200078987822,7.751484597869365,-1.073377570446584,-1.0733775704465822,4.580250767651778,-0.8165557619360835,10.285710787615383,-27.45242401960028,29.31616706725603,10.289555327525093,5.213578464385147,0.75,0.010814448818564415,0.0,0.44673904110880136,False,2,0.0,1.8376036976797128e-10,1.8376036976797128e-10,True,True,,True,True,True,True,True,True,0.6999999992549419,0.0,0.0
564,10.750000160187483,native_common,8.611841201782227,8.611841326053773,-1.2427154594263357e-07,7.952998620401219,1,1,tracking,True,7.952998620401219,7.953305722314042,-0.6588425813810073,-0.6588425813810073,4.036101979196733,0.6129516090071463,-10.876101113021706,28.628638057909665,30.625058227578364,-10.882975606931929,-4.254728889643195,0.75,0.001086218748241663,0.0,-0.1945645985072166,False,2,0.0,1.0550317780869123e-11,1.0550317780869123e-11,True,True,,True,True,True,True,True,True,0.6999999992549419,0.0,0.0
565,10.800000160932541,native_common,9.454659779866535,9.454659878010634,-9.814409906994115e-08,8.180949129656266,1,1,tracking,True,8.180949129656266,8.181250324405594,-1.273710650210269,-1.273710650210269,4.558866595627225,-0.0990367253367208,10.44856661029672,-14.1953026792386,17.626292368412283,10.455292172813845,16.856371310506667,0.75,0.009298429824411869,0.0,0.16424421907597453,False,2,0.0,1.7091314474804165e-11,1.7091314474804165e-11,True,True,,True,True,True,True,True,True,0.6999999992549419,0.0,0.0
566,10.850000161677599,native_common,9.210310618082683,9.21031024720711,3.7087557380743874e-07,8.381821781531835,1,1,tracking,True,8.381821781531833,8.382152051916117,-0.82848883655085,-0.8284888365508483,4.0173818093692155,0.37847271580036407,-10.828069765746637,9.623558407492414,14.486790750207216,-10.82969556378515,-4.886983162855312,0.75,-0.009270935319364071,0.0,-0.3713872973414168,False,2,0.0,-3.4116794458971533e-10,3.4116794458971533e-10,True,True,,True,True,True,True,True,True,0.6999999992549419,0.0,0.0
567,10.900000162422657,native_common,10.161287307739258,10.161287612342294,-3.046030361275598e-07,8.608646150383379,1,1,tracking,True,8.608646150383375,8.608966612733067,-1.5526411573558825,-1.552641157355879,4.536455329054198,-0.6185886504031375,10.38069320537375,-19.933182987353298,22.474380263601308,10.381470239003693,19.019533509718354,0.75,0.011808337643742561,0.0,0.42158545298001987,False,2,0.0,-2.763115795195725e-10,2.763115795195725e-10,True,True,,True,True,True,True,True,True,0.6999999992549419,0.0,0.0
568,10.950000163167715,native_common,9.482819557189941,9.482819315654023,2.4153591837716704e-07,8.808880025790874,1,1,tracking,True,8.808880025790874,8.80922228110677,-0.6739395313990677,-0.6739395313990677,4.004791101101013,0.6910029369596796,-10.627715647987731,26.23279442266204,28.303952935628146,-10.633284400615421,-13.569354808787185,0.75,0.01100141927599907,0.0,-0.016138367114389433,False,2,0.0,-9.550976502736841e-11,9.550976502736841e-11,True,True,,True,True,True,True,True,True,0.6999999992549419,0.0,0.0
569,11.000000163912773,native_common,9.094369570414225,9.094369740145522,-1.6973129746133964e-07,8.84407441642219,1,1,tracking,True,8.844074416422192,8.844402621199757,-0.25029515399203284,-0.2502951539920346,0.7028210955172897,0.36891072900476857,-66.05606702400111,-6.346610414401272,66.36247313663661,-66.03939912761074,-7.768999619747219,0.75,0.009189456701278687,0.0,-0.03623925095440073,False,2,0.0,-2.8374647076390147e-10,2.8374647076390147e-10,True,True,,True,True,True,True,True,True,0.6999999992549419,0.0,0.0
570,11.050000164657831,native_common,9.234789848327637,9.234789954795653,-1.0646801662517191e-07,8.828975033012709,1,1,tracking,True,8.828975033012709,8.829225779562941,-0.4058148153149279,-0.4058148153149279,-0.3039927473863608,0.20369399956194412,-20.14668127625502,-3.284670497917057,20.413262723369716,-20.136276558019105,2.8084055164197377,0.75,0.010421879589557648,0.0,0.024648457398288588,False,0,0.0,3.461683179689645e-10,3.461683179689645e-10,True,True,,True,True,True,True,True,True,0.6999999992549419,0.0,0.0
571,11.10000016540289,native_common,9.041184107462565,9.04118470120312,-5.937405553879671e-07,9.150822586402752,1,1,tracking,True,9.150822586402754,9.151062754961858,0.10963847894018919,0.10963847894018741,6.435800166400835,0.3579945411266326,134.78957201416324,3.0765986972939574,134.82763804907157,134.79585626712912,-3.872114759602438,0.0,-0.0045879012905061245,0.0,-0.30019561312801224,False,0,0.0,-1.3936461533414768e-10,1.3936461533414768e-10,True,True,,True,True,True,True,True,True,0.0,0.0,0.0
572,11.150000166147947,native_common,9.316212972005207,9.31621290849691,6.350829728773988e-08,9.517614744242673,1,1,tracking,True,9.517614744242673,9.51787485595401,0.2014017722374657,0.2014017722374657,7.3366201021010085,-0.5002969104580249,18.01222434989008,-17.075964976431308,24.820365526565507,18.016398445538215,5.500577208887865,0.11874999850988388,0.00339713366702199,0.0,0.15970069677083645,False,3,0.0,1.091971461170127e-10,1.4901161138336505e-09,True,True,,True,True,True,True,True,True,0.06874999776482582,0.0,0.0
573,11.200000166893005,native_common,8.291967391967773,8.291967509396914,-1.1742914018952888e-07,9.728645987840725,1,1,tracking,True,9.728645987840723,9.728964008649397,1.4366785958729498,1.4366785958729515,4.221617544105589,0.2495817410035091,-62.29553936250873,15.052378394415337,64.09025264442472,-62.300050231565294,-20.48491129549971,0.0,-0.0014933274360373616,1.0,-0.09780922060371607,False,3,0.0,-1.3538609035940175e-11,1.3538609035940175e-11,True,True,,True,True,True,True,True,True,0.0,0.0,0.0
574,11.250000167638063,native_common,8.674700419108072,8.674700123759465,2.9534860779278915e-07,9.746640452780369,1,1,tracking,True,9.746640452780367,9.746936432940426,1.0719400336722948,1.0719400336722966,0.3594679761294957,-0.1171893443378619,-77.24416808167943,-7.318549538487803,77.59263082274434,-77.24299020851161,7.654660428742649,0.0,-0.001201524632051587,1.0,0.005836055992751479,False,3,0.0,3.3631296532388166e-11,3.3631296532388166e-11,True,True,,True,True,True,True,True,True,0.0,0.0,0.0
575,11.300000168383121,native_common,8.256390571594238,8.256390565024388,6.569850441451308e-09,9.668595248019678,1,1,tracking,True,9.668595248019674,9.668808914816184,1.4122046764254357,1.4122046764254392,-1.5625146341597407,-0.04092655671036866,-38.43973483045761,1.525146022710876,38.470930709039635,-38.43965163298928,-8.366196825610633,0.0,0.007437216117978096,1.0,0.17277481242604834,False,3,0.0,5.288132258474132e-11,5.288132258474132e-11,True,True,,True,True,True,True,True,True,0.0,0.0,0.0
576,11.35000016912818,native_common,8.573132197062176,8.57313200246306,1.9459911548835862e-07,9.462755862280906,1,1,tracking,True,9.462755862280904,9.46287460664913,0.8896236652187284,0.8896236652187302,-4.118753537856283,0.3617778344704981,-51.12413100089222,8.043251767734475,51.753531825641005,-51.12477731211229,6.3348324149623885,0.0,0.006317669991403818,1.0,-0.022390922197834815,False,3,0.0,1.938563736619825e-10,1.938563736619825e-10,True,True,,True,True,True,True,True,True,0.0,0.0,0.0
577,11.400000169873238,native_common,8.468544006347656,8.468544194446137,-1.8809848079115454e-07,9.225475456344824,1,1,tracking,True,9.22547545634482,9.225521932481074,0.7569314499971629,0.7569314499971682,-4.7472787523523845,0.21229658483528585,-12.575123966190322,-3.0500455406611557,12.939746470877843,-12.570504102606924,-2.091763783120679,0.10312499850988388,0.010981490835547447,0.0,0.09327641549294567,False,3,0.0,-3.6101798633891846e-11,1.4901161138336505e-09,True,True,,True,True,True,True,True,True,0.05312499776482582,0.0,0.0
578,11.450000170618296,native_common,8.249030749003092,8.24903071254341,3.6459681496125995e-08,8.94954528488057,1,1,tracking,True,8.94954528488057,8.949577727626526,0.7005145358774776,0.7005145358774776,-5.519479654751291,0.3637728493280682,-15.44847234708941,2.9236815350002656,15.722699918834692,-15.444017817844331,-4.39026508147124,0.10000000149011612,-0.024863824248313904,0.0,-0.7169062909944908,False,3,0.0,2.6373903061482906e-11,1.4901161138336505e-09,True,True,,True,True,True,True,True,True,0.05000000074505806,0.0,0.0
579,11.500000171363354,native_common,8.441917101542154,8.44191747105411,-3.6951195525603e-07,8.847814995348248,1,1,tracking,True,8.847814995348246,8.847917421417646,0.40589789380609176,0.40589789380609353,-2.0342026665817867,-1.4084137367459146,69.70973884161747,-35.378651803649184,78.17353594032646,69.70553872469662,3.8577269932966383,0.09687499701976776,0.025446245446801186,0.0,1.006201378908733,False,3,0.0,5.090908840321706e-10,2.980232241545089e-09,True,True,,True,True,True,True,True,True,0.0468749962747097,0.0,0.0
580,11.550000172108412,native_common,8.610211690266928,8.610211633737325,5.652960233248905e-08,8.826072544203804,1,1,tracking,True,8.8260725442038,8.82614731996202,0.2158608539368725,0.21586085393687604,-0.43438306389839454,1.5553973669887249,32.00677019974256,59.26120816004806,67.35224303887529,31.996391576884456,3.3658917243397712,0.09375,-0.004067006520926952,0.0,-0.5902650305589284,False,0,0.0,2.138560734749051e-10,2.138560734749051e-10,True,True,,True,True,True,True,True,True,0.04374999925494194,0.0,0.0
581,11.60000017285347,native_common,8.198051452636719,8.198051600781284,-1.4814456505973794e-07,8.737386378713841,1,1,tracking,True,8.73738637871384,8.737401644194822,0.539334926077121,0.5393349260771227,-1.774064254637129,-0.5154648536210622,-26.81375419733187,-41.42285792931919,49.344006146999334,-26.79362341551859,-8.243204629770858,0.09062500298023224,0.006290112622082233,0.0,0.20714237977352173,False,0,0.0,-2.0807636256364725e-10,2.980232241545089e-09,True,True,,True,True,True,True,True,True,0.04062500223517418,0.0,0.0
582,11.650000173598528,native_common,7.882167816162109,7.882167910911488,-9.4749379009329e-08,8.303449622402743,1,1,tracking,True,8.303449622402743,8.303502633848963,0.4212818062406338,0.4212818062406338,-8.678108537553674,0.3082255355112099,-138.07560437436214,16.45520034130211,139.05344566026713,-138.0808836007654,-6.31767263535153,0.08749999850988388,0.001014289679005742,0.0,-0.10551645728921209,False,2,0.0,-5.194498455506069e-11,1.4901161138336505e-09,True,True,,True,True,True,True,True,True,0.03749999776482582,0.0,0.0
583,11.700000174343586,native_common,8.117518107096355,8.117518395950674,-2.888543182422154e-07,8.030066813315962,1,1,tracking,True,8.030066813315958,8.030159354625505,-0.08745129378039707,-0.08745129378039351,-5.466751697787008,-0.05875008856980319,64.22323989302122,-7.418748695804296,64.6510338563643,64.22713583827442,4.707005748545068,0.6101778745651245,-0.020112184807658195,0.0,-0.4225294834370988,False,2,0.0,-7.643256305644996e-10,2.781549379715642e-08,True,True,,True,True,True,True,True,True,0.5601778738200665,0.0,0.0
584,11.750000175088644,native_common,8.633784294128418,8.633784097080401,1.9704801701436736e-07,7.755730620945398,1,1,tracking,True,7.755730620945394,7.755931980738815,-0.8780536731830244,-0.87805367318302,-5.485580746376448,-0.8728890759033856,-0.3782121472312504,-16.199626977224806,16.204041459794375,-0.376580966177311,10.325323586781941,0.75,0.0069130416959524155,0.0,0.5405045220180672,False,2,0.0,-3.90281921364144e-11,3.90281921364144e-11,True,True,,True,True,True,True,True,True,0.6999999992549419,0.0,0.0
585,11.800000175833702,native_common,8.397465705871582,8.397465528068446,1.778031357702048e-07,7.600056725973584,1,1,tracking,True,7.600056725973583,7.600220009723305,-0.7974089798979991,-0.7974089798979982,-3.113157820002604,0.6255047031253397,47.439926391888406,30.01882817029229,56.140695010483654,47.448457820439764,-4.726371694708292,0.75,-0.006153417285531759,0.0,-0.26132917573557535,False,2,0.0,2.2023467684956222e-10,2.2023467684956222e-10,True,True,,True,True,True,True,True,True,0.6999999992549419,0.0,0.0
586,11.85000017657876,native_common,8.767448425292969,8.76744837925652,4.603644931933104e-08,7.464072499345942,1,1,tracking,True,7.464072499345941,7.464243931566865,-1.3033759259470274,-1.3033759259470266,-2.719536044027133,-0.2917883013405259,7.876371762161417,-18.32602732051955,19.94703177736879,7.872435402201,7.399654278164293,0.75,-0.006900283042341471,0.0,-0.014937314913610892,False,2,0.0,-3.350988757311324e-12,3.350988757311324e-12,True,True,,True,True,True,True,True,True,0.6999999992549419,0.0,0.0
587,11.900000177323818,native_common,8.76755428314209,8.767554304390439,-2.1248348858193822e-08,7.43413247022683,1,1,tracking,True,7.434132470226828,7.434294356125629,-1.3334218129152617,-1.33342181291526,-0.5992795113992037,-0.2239901133848911,42.401415120732665,1.3917078067847442,42.42511229291699,42.40513002067291,0.002117156950873778,0.75,-0.005541597492992878,0.0,0.027173710582052014,False,2,0.0,1.2604535644389347e-10,1.2604535644389347e-10,True,True,,True,True,True,True,True,True,0.6999999992549419,0.0,0.0
588,11.950000178068876,native_common,8.001040935516357,8.001041059291289,-1.2377493163739928e-07,7.417946334823217,1,1,tracking,True,7.417946334823215,7.418073769043415,-0.5830946006931423,-0.5830946006931406,-0.3245596982422627,-0.09172136043594102,5.491029733624687,2.654479919947388,6.099067996441825,5.494396181265936,-15.330266724075873,0.75,0.0018979127053171396,0.0,0.14879020174905358,False,2,0.0,-2.151421315405022e-11,2.151421315405022e-11,True,True,,True,True,True,True,True,True,0.6999999992549419,0.0,0.0
589,12.000000178813934,native_common,8.336219469706219,8.336219684697815,-2.1499159608140417e-07,7.481390296854334,1,1,tracking,True,7.481390296854332,7.481466636952815,-0.8548291728518862,-0.8548291728518844,1.2680179427628826,0.20144769900285858,31.850865770267067,5.865882963913763,32.38681121189459,31.851552345477792,6.703570583906238,0.75,-0.0070094154216349125,0.0,-0.17814655988445044,False,2,0.0,-1.89268396962039e-10,1.89268396962039e-10,True,True,,True,True,True,True,True,True,0.6999999992549419,0.0,0.0
590,12.050000179558992,native_common,8.716968854268393,8.716968734797351,1.194710410601374e-07,7.550752126420806,1,1,tracking,True,7.550752126420805,7.550805667069584,-1.166216727847588,-1.1662167278475861,1.3865634147779835,-0.2979069995638438,2.372709554127899,-9.999177531740816,10.27683327492338,2.370909404972715,7.614987577771321,0.75,0.012775089591741562,0.0,0.3956900943712876,False,2,0.0,-4.18216569014751e-10,4.18216569014751e-10,True,True,,True,True,True,True,True,True,0.6999999992549419,0.0,0.0
591,12.10000018030405,native_common,8.640353202819824,8.640353091184537,1.1163528768065589e-07,7.680956985774807,1,1,tracking,True,7.680956985774805,7.680999189963848,-0.9593962170450192,-0.9593962170450174,2.603661928393425,0.690374300523772,24.34361108864739,19.773680519343195,31.362585422562745,24.341969909585213,-1.532313006138123,0.75,-0.012492319568991661,0.0,-0.5053481756843898,False,2,0.0,1.3752497057817337e-10,1.3752497057817337e-10,True,True,,True,True,True,True,True,True,0.6999999992549419,0.0,0.0
592,12.150000181049109,native_common,8.634475708007812,8.634475780012012,-7.200419993580454e-08,7.80744013561138,1,1,tracking,True,7.807440135611379,7.807459697662444,-0.8270355723964338,-0.8270355723964329,2.5294463950292485,-0.7381583447290555,-1.4820832818301923,-28.579381298948327,28.61778621667775,-1.4843106451655783,-0.11754989448860445,0.75,-0.004322051536291838,0.0,0.16340535821906688,False,2,0.0,1.5392377303302673e-10,1.5392377303302673e-10,True,True,,True,True,True,True,True,True,0.6999999992549419,0.0,0.0
593,12.200000181794167,native_common,8.514592488606771,8.514592313951026,1.7465574586594812e-07,7.9808471329419515,1,1,tracking,True,7.9808471329419515,7.980859071295013,-0.53374535566482,-0.53374535566482,3.4679109766142284,-0.051757023403489914,18.759696558212678,13.695130104358133,23.226769422627374,18.76929135201536,-2.3976643522928387,0.75,0.004000350367277861,0.0,0.16644803559112495,False,2,0.0,1.151668777704673e-10,1.151668777704673e-10,True,True,,True,True,True,True,True,True,0.6999999992549419,0.0,0.0
594,12.250000182539225,native_common,9.0699888865153,9.069988966588594,-8.007329377335282e-08,8.141867810228876,1,1,tracking,True,8.141867810228876,8.141876773335284,-0.9281210762864252,-0.9281210762864252,3.2205202548503924,0.29351783974928997,-4.9479430402850335,6.891597095322251,8.483885591313344,-4.9478143615485415,11.107927792649562,0.75,-0.022499138489365578,0.0,-0.5299897692354057,False,2,0.0,3.009478014015521e-10,3.009478014015521e-10,True,True,,True,True,True,True,True,True,0.6999999992549419,0.0,0.0
595,12.300000183284283,native_common,8.822420120239258,8.822419743721866,3.7651739148714114e-07,8.339346944401173,1,1,tracking,True,8.339346944401171,8.33948343786755,-0.4830731758380864,-0.4830731758380846,3.950106663886471,-1.1162703596557748,14.599208638241862,-28.27587880040812,31.822409073243133,14.591727963287882,-4.951375251739616,0.75,0.022071365267038345,0.0,0.8914100618450335,False,2,0.0,7.526398913826338e-10,7.526398913826338e-10,True,True,,True,True,True,True,True,True,0.6999999992549419,0.0,0.0
596,12.35000018402934,native_common,8.914129892985027,8.914129822293253,7.069177421215045e-08,8.518914789384846,1,1,tracking,True,8.518914789384846,8.5190081711573,-0.3952151036001812,-0.3952151036001812,3.5918064464244965,1.4087073841503777,-7.165750031475617,50.499817636098896,51.00569281130716,-7.1660042424577055,1.8341954275837467,0.75,-0.016803281381726265,0.0,-0.7774929213897449,False,2,0.0,4.427206934387584e-10,4.427206934387584e-10,True,True,,True,True,True,True,True,True,0.6999999992549419,0.0,0.0
597,12.400000184774399,native_common,8.54872989654541,8.548729951058478,-5.451306783754717e-08,8.72972360759188,1,1,tracking,True,8.729723607591879,8.729835762522605,0.18099371104646877,0.18099371104647055,4.216893880151312,-1.0962460302613148,12.511211978315835,-50.12270923746711,51.66064213254719,12.501748488245733,-7.307999819894658,0.0,-0.004987316206097603,0.0,0.23631929999114126,False,2,0.0,1.7814548100569816e-10,1.7814548100569816e-10,True,True,,True,True,True,True,True,True,0.0,0.0,0.0
598,12.450000185519457,native_common,7.959642092386881,7.959642209367709,-1.1698082769129314e-07,8.900769042839963,1,1,tracking,True,8.900769042839963,8.900891725495086,0.9411269504530821,0.9411269504530821,3.4210492864474524,-0.018391633223187112,-15.937227039945988,21.477604062036267,26.744935834609812,-15.916891636897015,-11.78175590760874,0.0,-0.00894185621291399,1.0,-0.079090798957783,False,2,0.0,2.5107092273268794e-10,2.5107092273268794e-10,True,True,,True,True,True,True,True,True,0.0,0.0,0.0
599,12.500000186264515,native_common,8.94753328959147,8.947533183854462,1.0573700848226508e-07,8.980667676009144,1,1,tracking,True,8.980667676009142,8.980813974150658,0.033134386417671635,0.03313438641767341,1.5978872661350934,-0.3161787372044232,-36.463533808116466,-6.031888269720024,36.959540858674956,-36.46323986290257,19.75782364967728,0.0760931447148323,-0.00023321871412917972,0.0,0.17417274738032001,False,2,0.0,-6.386465141450248e-12,4.967053851556713e-10,True,True,,True,True,True,True,True,True,0.026093143969774246,0.0,0.0
600,12.550000187009573,native_common,9.020098686218262,9.020098486352756,1.998655054791243e-07,8.943057722137782,1,1,tracking,True,8.943057722137784,8.94315583971924,-0.07704096408047789,-0.07704096408047967,-0.7529447924515682,0.15804041283616097,-47.02195198529998,9.457881149944438,47.964243778370935,-47.016640471130685,1.451307910909646,0.5361751914024353,-0.0033903385046869516,0.0,-0.06314239487026044,False,2,0.0,-3.393316573910288e-11,3.973642970223068e-09,True,True,,True,True,True,True,True,True,0.48617519065737724,0.0,0.0
601,12.600000187754631,native_common,9.158538818359375,9.158538923050786,-1.0469141109581415e-07,8.90297550085031,1,1,tracking,True,8.902975500850314,8.903042635740235,-0.25556331750906125,-0.2555633175090648,-0.8023361684127911,-0.12704274230508802,-0.9858449966193839,-5.692515231091507,5.777250362958644,-0.987827504504681,2.7688026015638916,0.75,0.005362235940992832,0.0,0.17505148630512526,False,2,0.0,4.071223740076402e-11,4.071223740076402e-11,True,True,,True,True,True,True,True,True,0.6999999992549419,0.0,0.0
602,12.650000188499689,native_common,8.740565299987793,8.740565185181259,1.1480653405726571e-07,8.83737807510794,1,1,tracking,True,8.83737807510794,8.837415879087516,0.09681277512014752,0.09681277512014752,-1.3125211908161662,0.3007557439338305,-10.203922310746579,8.55772343798163,13.317484175312554,-10.20370029602052,-8.359470242865827,0.0,-0.00505534652620554,0.0,-0.20835164623928598,False,2,0.0,-3.487305236249405e-11,3.487305236249405e-11,True,True,,True,True,True,True,True,True,0.0,0.0,0.0
603,12.700000189244747,native_common,8.539512316385906,8.539512078382982,2.3800292403564072e-07,8.82973385080415,1,1,tracking,True,8.82973385080415,8.829755322095423,0.2902215344182437,0.2902215344182437,-0.15317905439771784,-0.3267297804260004,23.18809265890624,-12.544484834378812,26.36389749274228,23.186842382858092,-4.021059612119279,0.06768115609884262,0.014835343696177006,0.0,0.3978137985197634,False,2,0.0,-3.0615554189039607e-10,2.4835268563894175e-09,True,True,,True,True,True,True,True,True,0.01768115535378456,0.0,0.0
604,12.750000189989805,native_common,8.476127624511719,8.476127770613918,-1.461021987836375e-07,8.760230255834049,1,1,tracking,True,8.760230255834049,8.760272230968454,0.28410263132233027,0.28410263132233027,-1.3901702561370193,0.7292175280658739,-24.736256399290056,21.11727165132477,32.52418389141774,-24.73982366613393,-1.2676938185936377,0.06455615162849426,0.013901173137128353,0.0,-0.018683410902568535,False,2,0.0,-2.005972402074896e-10,1.9868215128671096e-09,True,True,,True,True,True,True,True,True,0.014556150883436203,0.0,0.0
605,12.800000190734863,native_common,8.556632359822592,8.556632691126445,-3.31303853684517e-07,8.683624103286487,1,1,tracking,True,8.683624103286485,8.68369405436472,0.12699174346389341,0.1269917434638952,-1.5327730297407356,0.45637885147125234,-2.873300068189003,-5.497244405268245,6.202866839268788,-2.8520554295753886,1.6100946822251794,0.0614311546087265,-0.002986741252243519,0.0,-0.3377582827544468,False,2,0.0,-8.250186471492338e-11,9.934107286779792e-10,True,True,,True,True,True,True,True,True,0.011431153863668442,0.0,0.0
606,12.850000191479921,native_common,8.864185333251953,8.864185435034896,-1.0178294296281365e-07,8.544866055212454,1,1,tracking,True,8.544866055212454,8.544867981862197,-0.3193192780394991,-0.3193192780394991,-2.775775142149967,-0.4103033472819101,-24.868817007020052,-17.363062812364,30.33041413204661,-24.860041877741132,6.1510593769293,0.75,0.00985726434737444,0.0,0.25688010816454726,False,2,0.0,-1.5418794019339543e-10,1.5418794019339543e-10,True,True,,True,True,True,True,True,True,0.6999999992549419,0.0,0.0
607,12.90000019222498,native_common,9.019912401835123,9.019912026294614,3.755405089123087e-07,8.430967981066047,1,1,tracking,True,8.430967981066049,8.430995944722902,-0.5889444207690744,-0.5889444207690762,-2.277910167812068,0.451026887024083,9.96495620590997,17.174470318048485,19.85605154747658,9.95729933838265,3.1145413252531173,0.75,-0.015423848293721676,0.0,-0.5056222452875637,False,2,0.0,-1.1786953357795227e-11,1.1786953357795227e-11,True,True,,True,True,True,True,True,True,0.6999999992549419,0.0,0.0
608,12.950000192970037,native_common,9.323404312133789,9.323404426408734,-1.1427494506222047e-07,8.302732516840447,1,1,tracking,True,8.302732516840445,8.302770664823429,-1.0206717952933442,-1.0206717952933424,-2.5645293828594866,-0.8275772691903547,-5.7319833796742365,-25.569853984366514,26.20444896031042,-5.732384215529189,6.069838115525683,0.75,-0.007341150194406509,0.0,0.1616539595774716,False,2,0.0,2.1116714019747684e-10,2.1116714019747684e-10,True,True,,True,True,True,True,True,True,0.6999999992549419,0.0,0.0
609,13.000000193715096,native_common,9.520970662434896,9.520970285639974,3.767949223743017e-07,8.266186316870646,1,1,tracking,True,8.266186316870648,8.26623116745575,-1.2547843455642482,-1.25478434556425,-0.7310991524819903,-0.14531050636761084,36.654791589391,13.68792769366363,39.12722623286129,36.668604061145146,3.9513269471427876,0.75,-0.002987602027133107,0.0,0.0870709620480096,False,2,0.0,3.103518483871248e-11,3.103518483871248e-11,True,True,,True,True,True,True,True,True,0.6999999992549419,0.0,0.0
610,13.050000194460154,native_common,8.899331092834473,8.89933113646005,-4.362557781689702e-08,8.250748264025109,1,1,tracking,True,8.250748264025107,8.25077541660102,-0.6485828288093654,-0.6485828288093636,-0.30903794843292265,0.04610539776863369,8.438999211845708,3.839488405081189,9.271396211284715,8.441223955197314,-12.43279120674545,0.75,0.0001794755517039448,0.0,0.06334155063287839,False,2,0.0,2.3371820971618273e-13,2.3371820971618273e-13,True,True,,True,True,True,True,True,True,0.6999999992549419,0.0,0.0
611,13.100000195205212,native_common,9.323959032694498,9.323959434171,-4.014765018212074e-07,8.31472467482966,1,1,tracking,True,8.31472467482966,8.31473737705197,-1.0092343578648375,-1.0092343578648375,1.279317753525032,0.10129878627761564,31.76751477852495,1.1065362580070253,31.78682597779427,31.76711356579221,8.492558670651523,0.75,3.68327418982517e-05,0.0,-0.0028528561536029927,False,2,0.0,-5.805666819687361e-13,5.805666819687361e-13,True,True,,True,True,True,True,True,True,0.6999999992549419,0.0,0.0
612,13.15000019595027,native_common,8.765754063924154,8.76575396005388,1.0387027415958983e-07,8.386528250091242,1,1,tracking,True,8.386528250091242,8.386533060819339,-0.3792258138329121,-0.3792258138329121,1.4359177614984748,0.023063225611651035,3.132373340310801,-1.569708550004063,3.5036792643786336,3.1320001127984187,-11.164099209048835,0.75,-0.019569031894207,0.0,-0.39211728687910213,False,2,0.0,-1.4619069843568866e-10,1.4619069843568866e-10,True,True,,True,True,True,True,True,True,0.6999999992549419,0.0,0.0
613,13.200000196695328,native_common,8.8637269337972,8.863727199303847,-2.6550664777857946e-07,8.517856146213457,1,1,tracking,True,8.517856146213457,8.517942774568603,-0.3458707875837419,-0.3458707875837419,2.626559869833688,-0.9436451416219916,23.813398304507178,-19.36860886980439,30.695619556346294,23.81284181186527,1.9594573682627119,0.75,0.009802748449146748,0.0,0.5874355981136025,False,2,0.0,2.4080968469286645e-10,2.4080968469286645e-10,True,True,,True,True,True,True,True,True,0.6999999992549419,0.0,0.0
614,13.250000197440386,native_common,9.116353988647461,9.116354445720097,-4.57072635740019e-07,8.646380402755058,1,1,tracking,True,8.646380402755057,8.646384308328948,-0.46997358589240434,-0.46997358589240257,2.5700898885335803,0.7892390613824098,-1.1405396165657855,34.62660363298597,34.64538416740764,-1.1293996091727887,5.052541021716504,0.75,-0.01849539764225483,0.0,-0.565962913394527,False,2,0.0,-4.839606805584484e-10,4.839606805584484e-10,True,True,,True,True,True,True,True,True,0.6999999992549419,0.0,0.0
615,13.300000198185444,native_common,8.413331349690756,8.41333117211555,1.7757520609507083e-07,8.820047134129277,1,1,tracking,True,8.820047134129275,8.820126003693222,0.40671578443851963,0.4067157844385214,3.473737905478307,-1.00064516578678,18.089850150570605,-35.85245188110832,40.15774151742773,18.07296006958644,-14.060452569617032,0.0,-0.009560409933328629,0.0,0.1786997515156902,False,2,0.0,-1.5445874440578322e-10,1.5445874440578322e-10,True,True,,True,True,True,True,True,True,0.0,0.0,0.0
616,13.350000198930502,native_common,9.021782239278156,9.021782069416755,1.69861401388971e-07,8.964340584130955,1,1,tracking,True,8.964340584130953,8.964413678473761,-0.05744165514720301,-0.05744165514720123,2.885282230125602,-0.16990232309141393,-11.800978498758806,16.50338579700293,20.288587262874962,-11.769113331680646,12.16901761041552,0.4193013608455658,-0.013738458044826984,0.0,-0.08356096098481176,False,2,0.0,-2.0631914406099572e-10,5.96047156076196e-09,True,True,,True,True,True,True,True,True,0.36930136010050774,0.0,0.0
617,13.40000019967556,native_common,9.235320727030437,9.235320688696754,3.833368289463124e-08,9.070167775560407,1,1,tracking,True,9.070167775560407,9.070280768720895,-0.16515295147003073,-0.16515295147003073,2.116042969964235,-0.47888388328233283,-15.390875126584438,-6.286309206097095,16.625233161584628,-15.384784973976178,4.270769691406192,0.75,0.008447150699794292,0.0,0.443712168280599,False,2,0.0,9.672220142864507e-11,9.672220142864507e-11,True,True,,True,True,True,True,True,True,0.6999999992549419,0.0,0.0
618,13.450000200420618,native_common,8.75600528717041,8.756005162430748,1.2473966215509336e-07,9.126435617190191,1,1,tracking,True,9.12643561719019,9.12648230282869,0.3704303300197793,0.3704303300197811,1.1249184882729613,0.6677005287141471,-19.830483486156847,22.896237516733212,30.29015087907061,-19.822489338447365,-9.586308654353415,0.0,0.0008973085205070674,0.0,-0.15099684133571623,False,2,0.0,8.653579372172593e-12,8.653579372172593e-12,True,True,,True,True,True,True,True,True,0.0,0.0,0.0
619,13.500000201165676,native_common,8.912946383158365,8.912946385299772,-2.141407051681199e-09,9.21344093103018,1,1,tracking,True,9.21344093103018,9.213489424612836,0.3004945478718142,0.3004945478718142,1.7401527810145423,-0.037433940065816546,12.306112589390475,-14.105069427810639,18.718859285461626,12.304685671477516,3.138821872987012,0.07671359181404114,-0.004724554717540741,0.0,-0.11243726308551039,False,2,0.0,2.0463720995511636e-11,1.9868215128671096e-09,True,True,,True,True,True,True,True,True,0.026713591068983078,0.0,0.0
620,13.550000201910734,native_common,8.777356147766113,8.777356195598157,-4.7832044103301996e-08,9.216679811439993,1,1,tracking,True,9.216679811439992,9.216725737467723,0.43932366367387843,0.4393236636738802,0.06471380670186412,-0.2694619189833809,-33.50900960685527,-4.650553422882443,33.830331148510915,-33.50877898693385,-2.711804667436002,0.07671359181404114,-0.005030453205108643,0.0,-0.0061179696601931805,False,2,0.0,9.26113031748943e-11,1.9868215128671096e-09,True,True,,True,True,True,True,True,True,0.026713591068983078,0.0,0.0
621,13.600000202655792,native_common,8.81131362915039,8.811313598810669,3.033972184596223e-08,9.182908368875253,1,1,tracking,True,9.182908368875253,9.182946393853117,0.3715947397248627,0.3715947397248627,-0.6757351795083946,-0.2003689462570724,-14.81205139294574,1.3811208220700422,14.876357358349091,-14.808979503534182,0.6791496175654289,0.07671359181404114,-0.006025492213666439,0.0,-0.0199007798746112,False,2,0.0,1.1781388885301336e-10,1.9868215128671096e-09,True,True,,True,True,True,True,True,True,0.026713591068983078,0.0,0.0
622,13.65000020340085,native_common,9.002017974853516,9.002017916140536,5.871297936721476e-08,9.076931682603066,1,1,tracking,True,9.076931682603064,9.076957784278443,0.07491370774954831,0.07491370774955008,-2.11997684978802,-0.1936097528927719,-28.887873718863478,0.1455069094696607,28.88828500861405,-28.88483297517495,3.814086857228177,0.07671359181404114,0.0033473684452474117,0.0,0.1874572103849469,False,2,0.0,-6.96935035723878e-11,1.9868215128671096e-09,True,True,,True,True,True,True,True,True,0.026713591068983078,0.0,0.0
623,13.700000204145908,native_common,8.42400010426839,8.423999861054027,2.432143642039364e-07,8.973674104226253,1,1,tracking,True,8.973674104226252,8.973677620210738,0.5496739999578608,0.5496739999578626,-2.065463944058966,0.2740059383811493,1.0889656346669372,9.366997182496693,9.430084913647296,1.090258098334966,-11.560357239439751,0.07562045007944107,0.020259354263544083,0.0,0.33823971132576897,False,2,0.0,5.161359326044668e-10,1.4901161138336505e-09,True,True,,True,True,True,True,True,True,0.02562044933438301,0.0,0.0
624,13.750000204890966,native_common,8.84255313873291,8.84255329454473,-1.558118203348613e-07,8.81494759217563,1,1,tracking,True,8.81494759217563,8.815024909890075,-0.027605546557280647,-0.027605546557280647,-3.1745467059553345,0.8738911267515732,-22.18719285783599,11.955966590301987,25.203506938541192,-22.181654907394957,8.371060564551865,0.23847658932209015,-0.023071642965078354,0.0,-0.8666199316588055,False,2,0.0,8.585094163349183e-10,2.980232227667301e-09,True,True,,True,True,True,True,True,True,0.1884765885770321,0.0,0.0
625,13.800000205636024,native_common,9.463942527770996,9.46394253692171,-9.150713964345414e-09,8.685831963647997,1,1,tracking,True,8.685831963647997,8.685901385037475,-0.7781105641229988,-0.7781105641229988,-2.5819845670209314,-1.4561294445105328,11.856264193866467,-46.58204997681768,48.067229500362046,11.851242602090785,12.427787595573253,0.75,0.001957494765520096,0.0,0.5005827471527048,False,2,0.0,2.1828998678086187e-11,2.1828998678086187e-11,True,True,,True,True,True,True,True,True,0.6999999992549419,0.0,0.0
626,13.850000206381083,native_common,8.761584599812824,8.76158435587871,2.439341137971951e-07,8.537260227084547,1,1,tracking,True,8.537260227084547,8.537279286322162,-0.22432437272827777,-0.22432437272827777,-2.9716548473197446,0.3948741378364291,-7.814536160527948,37.0573579323193,37.87234883498963,-7.793405489845473,-14.047158349844464,0.75,0.017541535198688507,0.0,0.3116808040189623,False,2,0.0,5.223491292283278e-10,5.223491292283278e-10,True,True,,True,True,True,True,True,True,0.6999999992549419,0.0,0.0
627,13.90000020712614,native_common,8.907025973002117,8.907026046100386,-7.309826877133219e-08,8.471740091821323,1,1,tracking,True,8.47174009182132,8.4718219983001,-0.43528588118079625,-0.4352858811807945,-1.3100747962408388,0.8865630724133094,33.22603927577815,9.792617630080224,34.63916245351627,33.23160052638868,2.9088274204409483,0.75,0.01856878027319908,0.0,0.0205449011840686,False,2,0.0,7.98206636204446e-10,7.98206636204446e-10,True,True,,True,True,True,True,True,True,0.6999999992549419,0.0,0.0
628,13.950000207871199,native_common,9.078021049499512,9.078020984854547,6.464496493663319e-08,8.43133419356514,1,1,tracking,True,8.43133419356514,8.431469718224124,-0.6466868559343713,-0.6466868559343713,-0.8089177057875755,0.541031651022832,9.990857356549142,-6.958180763191196,12.175166597954009,10.023141659708816,3.4199014789873896,0.75,-0.048722781240940094,0.0,-1.3458312102283356,False,2,0.0,-5.585258505691471e-10,5.585258505691471e-10,True,True,,True,True,True,True,True,True,0.6999999992549419,0.0,0.0
629,14.000000208616257,native_common,8.9188871383667,8.918887062704949,7.566175064255276e-08,8.470937391403671,1,1,tracking,True,8.470937391403671,8.471302966036607,-0.4479497469630278,-0.4479497469630278,0.7930398437242087,-2.5745750752089984,32.051570681865826,-62.29361322223613,70.05567915842227,32.039150512815134,-3.1826781752306497,0.75,0.04304009675979614,0.0,1.8352575326672564,False,2,0.0,2.670397653004031e-10,2.670397653004031e-10,True,True,,True,True,True,True,True,True,0.6999999992549419,0.0,0.0
630,14.050000209361315,native_common,8.953795115152994,8.953794941581117,1.735718768713923e-07,8.52470696118131,1,1,tracking,True,8.52470696118131,8.52483450617733,-0.42908815397168354,-0.42908815397168354,1.0748358440023755,2.3720398932840316,5.623367087072196,98.92842009647265,99.0881153789873,5.6359199215815865,0.698159525322512,0.75,0.0007190462783910334,0.0,-0.8464209970154465,False,2,0.0,1.2050569743460304e-11,1.2050569743460304e-11,True,True,,True,True,True,True,True,True,0.6999999992549419,0.0,0.0
631,14.100000210106373,native_common,8.502816518147785,8.50281678913141,-2.7098362487265604e-07,8.64370314886271,1,1,tracking,True,8.64370314886271,8.643719771375187,0.1408866307149239,0.1408866307149239,2.3788797987832275,-0.3989849328942438,26.029016184792862,-55.39697658288344,61.20732516352037,26.08087870698166,-9.019571805702085,0.0,0.03277720510959625,0.0,0.6411631670700286,False,2,0.0,-1.3925992095598083e-09,1.3925992095598083e-09,True,True,,True,True,True,True,True,True,0.0,0.0,0.0
632,14.150000210851431,native_common,8.323347727457683,8.32334795426442,-2.2680673694708275e-07,8.744777376109717,1,1,tracking,True,8.744777376109717,8.745017198500433,0.42142964865203325,0.42142964865203325,2.0211791873589986,1.3918871611941495,-7.135540803141227,35.926928901598906,36.62871312361616,-7.1540121218814905,-3.589375760316169,0.06626958400011063,0.010103452950716019,0.0,-0.45347503642030007,False,2,0.0,-2.7655162881945472e-11,3.47693762670076e-09,True,True,,True,True,True,True,True,True,0.016269583255052567,0.0,0.0
633,14.200000211596489,native_common,9.232104301452637,9.232104589892403,-2.884397662938909e-07,8.807759881192439,1,1,tracking,True,8.80775988119244,8.80785472565462,-0.42434442026019603,-0.4243444202601978,1.2568964503199929,-0.028204626059399693,-15.358249500826973,-28.296060256969476,32.195425722477594,-15.285654513006113,18.175131209068503,0.75,0.004063894972205162,0.0,-0.12079115777028862,False,2,0.0,-2.2944024978543975e-10,2.2944024978543975e-10,True,True,,True,True,True,True,True,True,0.6999999992549419,0.0,0.0
634,14.250000212341547,native_common,8.559587160746258,8.559586769342753,3.9140350516220224e-07,8.778403405313052,1,1,tracking,True,8.778403405313052,8.778428955340301,0.21881624456679383,0.21881624456679383,-0.588273682082595,-0.09572544057498718,-36.90234951332911,-1.3054728316090807,36.925451041331975,-36.90340209814821,-13.450342613701856,0.0,0.0007912712753750384,0.0,-0.06545247296128462,False,2,0.0,2.7429921615335084e-11,2.7429921615335084e-11,True,True,,True,True,True,True,True,True,0.0,0.0,0.0
635,14.300000213086605,native_common,8.65083376566569,8.650833922946573,-1.5728088342825686e-07,8.749640486568312,1,1,tracking,True,8.749640486568312,8.749645190127081,0.09880672090262266,0.09880672090262266,-0.5755939191665685,-0.07958001278395138,0.2555530083820234,0.3108511451054542,0.40241247343036196,0.2535952545416654,1.8249320711950294,0.06001957878470421,0.021477099508047104,0.0,0.4137165584885842,False,2,0.0,-1.287461595667061e-10,1.7384687925336983e-09,True,True,,True,True,True,True,True,True,0.010019578039646149,0.0,0.0
636,14.350000213831663,native_common,8.569770495096842,8.56977057621316,-8.11163189951003e-08,8.645650810145778,1,1,tracking,True,8.64565081014578,8.645739261839756,0.07588031504893777,0.075880315048936,-2.0798207365542476,0.9293483044221572,-30.08193012087147,20.15962594349143,36.212339861002214,-30.08453589945906,-1.6212653872182163,0.05689458176493645,-0.006949279457330704,0.0,-0.5685275708358352,False,2,0.0,2.2826207937698406e-10,1.2417634490113905e-09,True,True,,True,True,True,True,True,True,0.0068945810198783875,0.0,0.0
637,14.400000214576721,native_common,9.58915901184082,9.58915893024061,8.16002110326508e-08,8.54608480364504,1,1,tracking,True,8.54608480364504,8.546085711860995,-1.0430742081957796,-1.0430742081957796,-1.9919888893765358,-0.6517048999582212,1.7385229230168207,-31.661521345216112,31.70923530280297,1.7566369173783052,20.387770031078123,0.75,-0.01556490734219551,0.0,-0.17231255512963897,False,2,0.0,-1.3831765593996792e-12,1.3831765593996792e-12,True,True,,True,True,True,True,True,True,0.6999999992549419,0.0,0.0
638,14.45000021532178,native_common,9.664480209350586,9.664480243558002,-3.4207415566811505e-08,8.396232689498104,1,1,tracking,True,8.396232689498104,8.396285136574633,-1.2682475198524816,-1.2682475198524816,-2.9969417703358365,-0.6143535354329289,-20.106036830197606,0.7682792669079637,20.120725104657755,-20.09905731968672,1.5064239277478468,0.75,-0.019458577036857605,0.0,-0.0778733927328379,False,2,0.0,5.915870501804754e-10,5.915870501804754e-10,True,True,,True,True,True,True,True,True,0.6999999992549419,0.0,0.0
639,14.500000216066837,native_common,9.061739285786945,9.06173898656982,2.992171257432119e-07,8.307344077882147,1,1,tracking,True,8.307344077882146,8.30748607355566,-0.7543952079047997,-0.754395207904798,-1.7783448685724879,-0.6568911545268551,24.350393821742873,-0.7464486243631897,24.361869863459066,24.371937672096802,-12.05481829164202,0.75,0.004204318393021822,0.0,0.47325790154549624,False,2,0.0,1.9386525631354123e-10,1.9386525631354123e-10,True,True,,True,True,True,True,True,True,0.6999999992549419,0.0,0.0
640,14.550000216811895,native_common,9.168545405069986,9.16854530694418,9.8125806147209e-08,8.234850498243379,1,1,tracking,True,8.23485049824338,8.234872635393756,-0.9336949068266058,-0.9336949068266076,-1.4507318863038543,0.5764337014333166,6.536711327061966,24.708452648037234,25.55849320350895,6.552259547736395,2.1361223538301157,0.75,0.00960524007678032,0.0,0.10801843206556988,False,2,0.0,-4.051011314593067e-10,4.051011314593067e-10,True,True,,True,True,True,True,True,True,0.6999999992549419,0.0,0.0
641,14.600000217556953,native_common,8.37443733215332,8.374437278186347,5.3966973112551386e-08,8.253210258141838,1,1,tracking,True,8.253210258141838,8.253243891811337,-0.12122707401148247,-0.12122707401148247,0.3671928454632638,0.49086218243012064,36.35754531516968,-1.713795375362367,36.397998974568765,36.35849409355858,-15.882161221670676,0.5441855192184448,-0.020716818049550056,0.0,-0.6064411534899301,False,2,0.0,-4.767858330367858e-11,1.9868214962137642e-08,True,True,,True,True,True,True,True,True,0.49418551847338676,0.0,0.0
642,14.650000218302011,native_common,8.455854733784992,8.45585470580987,2.7975122662837748e-08,8.274270645967187,1,1,tracking,True,8.274270645967187,8.274340871492598,-0.18158408781780544,-0.18158408781780544,0.4213982177954005,-1.0688863449460893,1.091670907711368,-31.20061889383989,31.21971167120926,1.084107430488274,1.6283480083691637,0.75,0.015991292893886566,0.0,0.734162207928863,False,2,0.0,5.616406784092476e-10,5.616406784092476e-10,True,True,,True,True,True,True,True,True,0.6999999992549419,0.0,0.0
643,14.70000021904707,native_common,8.829320589701336,8.829320591190067,-1.4887309163214013e-09,8.3406656810648,1,1,tracking,True,8.3406656810648,8.340698432210136,-0.48865490863653527,-0.48865490863653527,1.3277561445789612,1.034755118866897,18.126535568688077,42.07258036151042,45.81128182051439,18.127158265555504,7.469317007025373,0.75,0.026148024946451187,0.0,0.20313463802435044,False,2,0.0,8.388193091513063e-10,8.388193091513063e-10,True,True,,True,True,True,True,True,True,0.6999999992549419,0.0,0.0
644,14.750000219792128,native_common,9.071377436319988,9.07137729513756,1.4118242752658716e-07,8.412853315287391,1,1,tracking,True,8.412853315287393,8.413030706147428,-0.6585241210325954,-0.6585241210325972,1.4431652953042151,0.9747840357378244,2.270025788599928,-1.1503891206530148,2.544880082689977,2.308182980110472,4.841136860234486,0.75,0.06694697588682175,0.0,0.8159790066483765,False,2,0.0,-7.51381248886851e-10,7.51381248886851e-10,True,True,,True,True,True,True,True,True,0.6999999992549419,0.0,0.0
645,14.800000220537186,native_common,9.268089930216473,9.268089761081107,1.6913536526885764e-07,8.539579121903534,1,1,tracking,True,8.539579121903534,8.540781222431606,-0.7285108083129384,-0.7285108083129384,2.5311257330238157,2.6371016146799877,21.659986653740706,33.394155484457826,39.80372538713839,21.75920843015454,3.934249819304797,0.75,0.010397668927907944,0.0,-1.1309861223252695,False,2,0.0,-1.4078584652243986e-10,1.4078584652243986e-10,True,True,,True,True,True,True,True,True,0.6999999992549419,0.0,0.0
646,14.850000221282244,native_common,8.94175910949707,8.941758980762282,1.2873478816288753e-07,8.670423089746377,1,1,tracking,True,8.670423089746375,8.670676199580999,-0.2713360197506951,-0.2713360197506933,2.6049372070331756,-0.7121797768760804,1.217628783086886,-66.73603110043955,66.74744750707113,1.4762294581896636,-6.5266163171338825,0.75,0.0007016548770479858,0.0,-0.19392027812756182,False,2,0.0,-2.011833061255075e-11,2.011833061255075e-11,True,True,,True,True,True,True,True,True,0.6999999992549419,0.0,0.0
647,14.900000222027302,native_common,8.584134101867676,8.584134242838603,-1.409709273758608e-07,8.845171072107581,1,1,tracking,True,8.845171072107581,8.84521825858359,0.26103697023990513,0.26103697023990513,3.4922966695073523,-0.37758206105316816,17.785229179181606,6.830221554287592,19.0517194582851,17.747188985029812,-7.152500046007335,0.0,-0.06817697733640671,0.0,-1.3775726237416621,False,2,0.0,2.063026444121263e-09,2.063026444121263e-09,True,True,,True,True,True,True,True,True,0.0,0.0,0.0
648,14.95000022277236,native_common,8.798566500345865,8.798566266341693,2.3400417248353733e-07,8.984134681685369,1,1,tracking,True,8.984134681685369,8.984919171286776,0.18556818133950337,0.18556818133950337,2.781173250239515,-3.21500947517705,-14.239738562963458,-56.91148855033026,58.665902058864525,-14.22246817342546,4.288647905657957,0.0722167119383812,-0.010415198281407356,0.0,1.1552355638856358,False,2,0.0,-2.886029176057958e-10,2.483526898022781e-09,True,True,,True,True,True,True,True,True,0.022216711193323135,0.0,0.0
649,15.000000223517418,native_common,8.93193785349528,8.931937548894963,3.0460031652523867e-07,9.069909736824615,1,1,tracking,True,9.069909736824615,9.07014049376898,0.1379718833293353,0.1379718833293353,1.7083428607145978,0.49477556532308886,-21.69469880867589,73.98873571486524,77.10389609737905,-21.45660747076997,2.667427023240521,0.06909170746803284,-0.022710634395480156,0.0,-0.24590871861713054,False,2,0.0,-2.2047340689224093e-10,1.9868214573559584e-09,True,True,,True,True,True,True,True,True,0.019091706722974777,0.0,0.0
650,15.050000224262476,native_common,9.347125371297201,9.347125828126133,-4.5682893201615116e-07,9.04643909471728,1,1,tracking,True,9.046439094717279,9.046674395539386,-0.3006862765799223,-0.30068627657992053,-0.4723654608233385,-0.6325337015501583,-43.58064691254428,-22.66126325450589,49.120435263715756,-43.614165780857014,8.303750232302914,0.75,0.027619630098342896,0.0,1.0066052748768737,False,2,0.0,4.683055332410646e-10,4.683055332410646e-10,True,True,,True,True,True,True,True,True,0.6999999992549419,0.0,0.0
651,15.100000225007534,native_common,8.77224318186442,8.772243113602151,6.826226872647112e-08,9.000628629095546,1,1,tracking,True,9.000628629095543,9.000729577493383,0.22838544723112264,0.2283854472311262,-0.9172716405100213,1.787541840500981,-8.90707939913879,48.40818093788865,49.22082511560489,-8.898123461141283,-11.497643617327382,0.0,-0.00729334494099021,0.0,-0.6982594903817849,False,2,0.0,-1.6778234357417432e-10,1.6778234357417432e-10,True,True,,True,True,True,True,True,True,0.0,0.0,0.0
652,15.150000225752592,native_common,8.507217566172281,8.50721750806124,5.811104131225875e-08,8.9111244672401,1,1,tracking,True,8.9111244672401,8.911137413118606,0.4039069010678187,0.4039069010678187,-1.79042721227092,-0.7009261099908473,-17.466155126555105,-49.77094674366602,52.7466970723206,-17.463111174997337,-5.300512234858986,0.06284170597791672,-0.0032515916973352432,0.0,0.08083506366856301,False,2,0.0,1.8166196411734115e-11,3.4769375850673967e-09,True,True,,True,True,True,True,True,True,0.012841705232858658,0.0,0.0
653,15.20000022649765,native_common,8.352388381958008,8.352388541646688,-1.5968868005700187e-07,8.81858626554973,1,1,tracking,True,8.81858626554973,8.818590469263755,0.46619788359172176,0.46619788359172176,-1.8509436442985765,-0.15962338118565483,-1.2151239627219521,10.838403086201062,10.906306230858874,-1.2103286225178291,-3.096583638142778,0.059716708958148956,-0.018710840493440628,0.0,-0.3091849713148926,False,2,0.0,7.526608017394132e-10,7.526608017394132e-10,True,True,,True,True,True,True,True,True,0.009716708213090897,0.0,0.0
654,15.250000227242708,native_common,8.493640581766766,8.49364082609529,-2.4432852363531765e-07,8.666306023215643,1,1,tracking,True,8.666306023215643,8.6663700025721,0.17266544144887774,0.17266544144887774,-3.0456361696535676,-0.8010094849198373,-23.89786380415843,-12.781376005441103,27.101138687824967,-23.89385015105371,2.8250439540787187,0.0565917082130909,-0.01901707611978054,0.0,-0.006124712435532921,False,2,0.0,-4.963294358839576e-10,1.2417634004391331e-09,True,True,,True,True,True,True,True,True,0.006591707468032837,0.0,0.0
655,15.300000227987766,native_common,8.810547510782879,8.810547405773638,1.0500924041423332e-07,8.535633879601692,1,1,tracking,True,8.535633879601692,8.535762987383135,-0.27491363118118706,-0.27491363118118706,-2.614391814123293,-0.6345744433197054,8.589775157057955,3.461394380883146,9.260975442199733,8.624886982084659,6.338138485876643,0.75,-0.007844640873372555,0.0,0.2234487015985146,False,2,0.0,-2.2721926250246494e-10,2.2721926250246494e-10,True,True,,True,True,True,True,True,True,0.6999999992549419,0.0,0.0
656,15.350000228732824,native_common,8.725256284077963,8.725256196387342,8.769062098679115e-08,8.361676593011902,1,1,tracking,True,8.361676593011904,8.361738400811026,-0.36357969106605914,-0.3635796910660609,-3.480432034165788,0.02161123199038985,-17.346533533711554,13.228891727014323,21.81527086528947,-17.3208041427498,-1.7058245086795532,0.75,0.011218245141208172,0.0,0.3812577146104319,False,2,0.0,-8.458796163512972e-12,8.458796163512972e-12,True,True,,True,True,True,True,True,True,0.6999999992549419,0.0,0.0
657,15.400000229477882,native_common,8.263789494832357,8.263789448618148,4.6214209348249824e-08,8.257345421443224,1,1,tracking,True,8.257345421443222,8.257384091711552,-0.006444073389134886,-0.006444073389133109,-2.0866473031505164,0.7353902086687016,27.875810169410325,14.313339115225196,31.335920983407618,27.875694204925217,-9.229335647384291,0.0,-0.06744688749313354,0.0,-1.5733026292427983,False,2,0.0,-2.6665999131036955e-09,2.6665999131036955e-09,True,True,,True,True,True,True,True,True,0.0,0.0,0.0
658,15.45000023022294,native_common,9.190914471944174,9.190914333584429,1.3835974499443182e-07,8.148131952359337,1,1,tracking,True,8.148131952359336,8.148846008646256,-1.0427825195848381,-1.0427825195848364,-2.1825146121052494,-2.869785863821912,-1.873112094292596,-71.97743069447228,72.0020086010328,-1.917346150523977,18.542499265931557,0.75,0.059460680931806564,0.0,2.5381513306774,False,2,0.0,1.2331677345933656e-11,1.2331677345933656e-11,True,True,,True,True,True,True,True,True,0.6999999992549419,0.0,0.0
659,15.500000230967999,native_common,8.673702239990234,8.673702135088023,1.0490221136194577e-07,8.076280415006675,1,1,tracking,True,8.076280415006675,8.076507579715711,-0.5974218249835594,-0.5974218249835594,-1.4398239759724694,2.9630738279359106,14.770406305489967,116.72077451499013,117.65176689060725,14.853812501316547,-10.344244484937533,0.75,0.01208137720823288,0.0,-0.9475860603513411,False,2,0.0,-3.6980467299496667e-10,3.6980467299496667e-10,True,True,,True,True,True,True,True,True,0.6999999992549419,0.0,0.0
660,15.550000231713057,native_common,8.48772144317627,8.487721420500085,2.2676184485703743e-08,7.9989178639632055,1,1,tracking,True,7.998917863963206,7.999050888886742,-0.48880357921306317,-0.48880357921306405,-1.5487142621281138,-0.08585983682949648,-2.2681802417593993,-61.02244237257069,61.06458193916068,-2.1778056906610552,-3.719615880852701,0.75,-0.041274942457675934,0.0,-1.067126377416754,False,2,0.0,7.399056090040546e-10,7.399056090040546e-10,True,True,,True,True,True,True,True,True,0.6999999992549419,0.0,0.0
661,15.600000232458115,native_common,8.494923909505209,8.494923930162452,-2.0657243027244476e-08,8.002647564472602,1,1,tracking,True,8.002647564472602,8.00293568591084,-0.4922763450326073,-0.4922763450326073,0.07550695333109342,-2.227495557373137,32.48237905679792,-42.795968118163074,53.72710006070077,32.48442382512851,0.14404932443228569,0.75,0.06086353957653046,0.0,2.0427696102444886,False,2,0.0,4.1160233554826675e-10,4.1160233554826675e-10,True,True,,True,True,True,True,True,True,0.6999999992549419,0.0,0.0
662,15.650000233203173,native_common,8.813887278238932,8.813887056797478,2.21441453618354e-07,8.020920967970294,1,1,tracking,True,8.020920967970293,8.021259618023834,-0.7929663102686391,-0.7929663102686373,0.3659336154292263,2.7708375764391646,5.8313820542104455,99.96745950199397,100.13739815020618,5.808533155408769,6.3792672796159655,0.75,-0.05390211567282677,0.0,-2.2953130707843146,False,2,0.0,-1.119835779661571e-09,1.119835779661571e-09,True,True,,True,True,True,True,True,True,0.6999999992549419,0.0,0.0
663,15.70000023394823,native_common,8.483655293782551,8.483655330890391,-3.71078403560432e-08,8.109598606836318,1,1,tracking,True,8.10959860683632,8.109858033647015,-0.37405668694623095,-0.37405668694623273,1.7734062141027858,-2.6933566168058514,28.15345131877975,-109.28438253162129,112.852534829347,28.149451554011673,-6.604639590710817,0.75,0.16441679000854492,0.0,4.36637804856333,False,2,0.0,-2.7526234624986046e-09,2.7526234624986046e-09,True,True,,True,True,True,True,True,True,0.6999999992549419,0.0,0.0
664,15.750000234693289,native_common,8.174906412760418,8.174906367327077,4.543334064521787e-08,8.200275177420904,1,1,tracking,True,8.200275177420904,8.200958028488657,0.02536876466048632,0.02536876466048632,1.8144035993517076,3.504376876320138,0.8629259283631808,123.98291659939316,123.98592979336289,0.8199476927602638,-6.174977528428325,0.0,-0.0723312571644783,0.0,-4.7349608729040495,False,2,0.0,-1.6096309979340973e-09,1.6096309979340973e-09,True,True,,True,True,True,True,True,True,0.0,0.0,0.0
665,15.800000235438347,native_common,8.406752268473307,8.406752060852346,2.0762096042403755e-07,8.325528002740363,1,1,tracking,True,8.325528002740363,8.325638748846147,-0.08122426573294383,-0.08122426573294383,2.500500417549956,-2.5866274427861837,13.558359170862312,-121.73514449041753,122.48786427307266,13.721936159492188,4.6369170451623285,0.5637797713279724,0.11471743136644363,0.0,3.7409737148735864,False,2,0.0,-7.40358621631465e-10,1.986821129840166e-08,True,True,,True,True,True,True,True,True,0.5137797705829144,0.0,0.0
666,15.850000236183405,native_common,7.762297948201497,7.762297998668328,-5.0466830714412936e-08,8.378136625369724,1,1,tracking,True,8.378136625369724,8.378957095594844,0.6158386771682265,0.6158386771682265,1.0539234138813731,3.4870870192095227,-28.84272875435138,121.55998844803946,124.93499530542367,-28.931539642258123,-12.88908621337384,0.0,-0.034958481788635254,0.0,-2.99351821849468,False,2,0.0,6.484878120605053e-10,6.484878120605053e-10,True,True,,True,True,True,True,True,True,0.0,0.0,0.0
667,15.900000236928463,native_common,7.700674692789713,7.700674673236627,1.955308626122587e-08,8.436357111457564,1,1,tracking,True,8.436357111457564,8.436362372140202,0.7356824186678512,0.7356824186678512,1.1573164824317699,-1.6958346280496701,1.8247233730522203,-103.58443968869169,103.6006254733363,2.0678613401944,-1.232465089870522,0.07050599157810211,0.17076580226421356,0.0,4.114485619746363,False,2,0.0,1.4682355331530061e-09,1.4682355331530061e-09,True,True,,True,True,True,True,True,True,0.020505990833044052,0.0,0.0
668,15.950000237673521,native_common,8.8225679397583,8.822567902845769,3.691253169790798e-08,8.40060143619532,1,1,tracking,True,8.40060143619532,8.402014524121634,-0.42196650356298093,-0.42196650356298093,-0.7140100284352242,3.6872793164384436,-37.29097894435132,107.75433254642704,114.02490905580883,-37.42652965964113,22.43786460502152,0.75,0.019176213070750237,0.0,-3.031791738692049,False,2,0.0,6.826152421091081e-10,6.826152421091081e-10,True,True,,True,True,True,True,True,True,0.6999999992549419,0.0,0.0
669,16.00000023841858,native_common,8.185832977294922,8.185832821547374,1.5574754819169812e-07,8.35969624198871,1,1,tracking,True,8.359696241988708,8.360305095009933,0.17386326469378588,0.17386326469378766,-0.8352815360383663,0.08811462852538691,-2.9309697671559802,-72.07911021410656,72.13921112621719,-2.4254301159211167,-12.734699059505775,0.0,-0.011742008849978447,0.0,-0.6183644292002256,False,2,0.0,3.46651514784857e-10,3.46651514784857e-10,True,True,,True,True,True,True,True,True,0.0,0.0,0.0
670,16.050000239163637,native_common,7.973066171010334,7.973065992858101,1.781522334098895e-07,8.274328191668694,1,1,tracking,True,8.274328191668696,8.274338228319218,0.3012620206583616,0.30126202065835983,-1.7130920333699067,-1.215826560891192,-17.562056758592043,-26.133377831814148,31.486343799563272,-17.556209685022896,-4.255336062282307,0.06425599008798599,-0.04277660697698593,0.0,-0.6206919532911188,False,2,0.0,-1.1557826223862477e-09,2.4835268563894175e-09,True,True,,True,True,True,True,True,True,0.014255989342927933,0.0,0.0
671,16.100000239908695,native_common,8.624730745951334,8.62473098522885,-2.392775151349724e-07,8.1872469236381,1,1,tracking,True,8.187246923638098,8.187604485907203,-0.43748382231323646,-0.4374838223132347,-1.741297954549829,-1.946192409735016,-0.5883931766573371,-14.572980360010737,14.58485418322737,-0.5641184151924281,13.033291304608824,0.75,0.18626579642295837,0.0,4.580847999738932,False,2,0.0,-2.50887033370617e-10,2.50887033370617e-10,True,True,,True,True,True,True,True,True,0.6999999992549419,0.0,0.0
672,16.150000240653753,native_common,8.786301612854004,8.786301714460505,-1.016065009906697e-07,8.04140392203235,1,1,tracking,True,8.041403922032346,8.042122987986852,-0.7448976908216576,-0.744897690821654,-2.915086842484944,3.848079823980625,-23.434746135748178,115.84866357582861,118.19549116967839,-23.475777408885957,3.231417289901527,0.75,-0.029086651280522346,0.0,-4.307048889889584,False,2,0.0,5.859324136991972e-11,5.859324136991972e-11,True,True,,True,True,True,True,True,True,0.6999999992549419,0.0,0.0
673,16.20000024139881,native_common,8.305421829223633,8.305422007390789,-1.7816715569551889e-07,7.9582197464897195,1,1,tracking,True,7.958219746489718,7.958242235527348,-0.34720208273391506,-0.3472020827339133,-1.6703639068337877,-1.2674451023033189,24.610917011062842,-102.52421550661063,105.43718842463143,24.89445834206679,-9.61759552929408,0.75,-0.07873842865228653,0.0,-0.9930355326379011,False,2,0.0,-1.7329786772268818e-09,1.7329786772268818e-09,True,True,,True,True,True,True,True,True,0.6999999992549419,0.0,0.0
674,16.25000024214387,native_common,8.307669639587402,8.307669354872472,2.8471493074277987e-07,7.88421318714069,1,1,tracking,True,7.8842131871406895,7.885159959517344,-0.4234564524467128,-0.42345645244671193,-1.4787942564834398,-3.113654831906148,3.76716065558052,-36.83989201231626,37.03200515614869,3.831392949914754,0.04495620660549094,0.75,0.004149187356233597,0.0,1.6577522954679684,False,2,0.0,1.6732764826499213e-10,1.6732764826499213e-10,True,True,,True,True,True,True,True,True,0.6999999992549419,0.0,0.0
675,16.300000242888927,native_common,8.380993525187174,8.38099352055952,4.62765470388149e-09,7.908871590749608,1,1,tracking,True,7.908871590749606,7.908980681967799,-0.4721219344375678,-0.472121934437566,0.48581991116556394,1.1131555316755337,39.080270073784334,84.6364255521343,93.223425012558,39.292282767479435,1.4664776901432104,0.75,-0.004469753243029118,0.0,-0.17237880941660985,False,2,0.0,-1.3496805582879912e-10,1.3496805582879912e-10,True,True,,True,True,True,True,True,True,0.6999999992549419,0.0,0.0
676,16.350000243633986,native_common,8.45257536570231,8.452575474221312,-1.0851900178465712e-07,7.944928004036703,1,1,tracking,True,7.944928004036702,7.944965920882491,-0.507647361665609,-0.5076473616656072,0.7199362616265296,0.0780897607950465,4.7204067630586755,-20.717908599168638,21.248858472917004,4.682326939447204,1.4316367889696837,0.75,0.00777945714071393,0.0,0.24498420402431184,False,2,0.0,2.1769289496043065e-10,2.1769289496043065e-10,True,True,,True,True,True,True,True,True,0.6999999992549419,0.0,0.0
677,16.400000244379044,native_common,9.600772221883137,9.600772103586863,1.1829627410975263e-07,8.049521316693594,1,1,tracking,True,8.049521316693593,8.04952838327194,-1.5512509051895442,-1.5512509051895425,2.0915575497433685,0.508526747192231,27.433161768882105,8.601841940886311,28.750140368562537,27.43242535356179,22.9639367814272,0.75,0.011033846065402031,0.0,0.06508777752387855,False,2,0.0,3.708085609399614e-10,3.708085609399614e-10,True,True,,True,True,True,True,True,True,0.6999999992549419,0.0,0.0
678,16.4500002451241,native_common,8.657708485921225,8.657708808943916,-3.2302269126205374e-07,8.154705835162563,1,1,tracking,True,8.154705835162563,8.154738776526854,-0.5030026507586616,-0.5030026507586616,2.1035621764015975,0.4005651938496564,0.23406236686483342,-2.1344658847921454,2.147261042544726,0.24009252958692232,-18.861274438183354,0.75,0.006190574262291193,0.0,-0.09686543461880931,False,2,0.0,5.563691347909572e-11,5.563691347909572e-11,True,True,,True,True,True,True,True,True,0.6999999992549419,0.0,0.0
679,16.50000024586916,native_common,8.583099365234375,8.58309927264755,9.258682531765317e-08,8.312346990875806,1,1,tracking,True,8.312346990875808,8.312374767752106,-0.27075237435856714,-0.2707523743585689,3.152511315949914,0.09824169951167736,20.97155897256148,-6.0072923630026756,21.81499594063101,20.978982478355128,-1.4921823915017407,0.75,-0.028199410066008568,0.0,-0.6877996763169814,False,2,0.0,-3.000776502282143e-10,3.000776502282143e-10,True,True,,True,True,True,True,True,True,0.6999999992549419,0.0,0.0
680,16.550000246614218,native_common,8.55935033162435,8.55934996090526,3.7071908920438545e-07,8.459956189066066,1,1,tracking,True,8.459956189066066,8.460087157011408,-0.0993941425582836,-0.0993941425582836,2.9528195253957272,-1.4624269730438788,-3.99190734488392,-31.27216236372177,31.525917777302542,-3.993835751570942,-0.47498066512274556,0.4243634045124054,0.02777997776865959,0.0,1.119587740010206,False,2,0.0,-5.128363567141747e-10,9.934103872843991e-09,True,True,,True,True,True,True,True,True,0.37436340376734734,0.0,0.0
681,16.600000247359276,native_common,8.94930617014567,8.949306505113055,-3.3496738538474347e-07,8.630262085115897,1,1,tracking,True,8.630262085115895,8.630380753220564,-0.3190440850297751,-0.3190440850297733,3.4067368039115453,1.7492521586810643,9.088473915801462,64.25389769240199,64.89349720884293,9.078345435038473,7.799116654210514,0.75,0.002022344619035721,0.0,-0.5151526553161047,False,2,0.0,7.508750479029436e-11,7.508750479029436e-11,True,True,,True,True,True,True,True,True,0.6999999992549419,0.0,0.0
682,16.650000248104334,native_common,9.032304128011068,9.032304426104723,-2.980936546492785e-07,8.737559867482052,1,1,tracking,True,8.737559867482048,8.73761776307695,-0.29474426052902025,-0.2947442605290167,2.1454742997681087,-0.274145740226765,-25.263557992614317,-40.392954816461774,47.64293308649225,-25.22524970698322,1.6599591325726477,0.75,0.009797864593565464,0.0,0.15551039717330936,False,2,0.0,-2.951504145254358e-11,2.951504145254358e-11,True,True,,True,True,True,True,True,True,0.6999999992549419,0.0,0.0
683,16.700000248849392,native_common,8.577968915303549,8.577968910344666,4.958883081940257e-09,8.882320886738334,1,1,tracking,True,8.88232088673833,8.882412021375355,0.304351971434782,0.30435197143478554,2.895204931572492,0.3737524690653613,15.001020667171284,13.00743987596371,19.8551711857018,14.994612412650532,-9.086704118747948,0.0,7.046288374112919e-05,0.0,-0.19454803129749512,False,2,0.0,-2.663540395186903e-12,2.663540395186903e-12,True,True,,True,True,True,True,True,True,0.0,0.0,0.0
684,16.75000024959445,native_common,8.18220329284668,8.18220299004649,3.028001902549704e-07,9.005410798109548,1,1,tracking,True,9.005410798109546,9.00548306831265,0.8232075052628662,0.823207505262868,2.4616769311397073,-0.18931423226818658,-8.676787569108,-11.2123339114761,14.177615714778753,-8.670559879454286,-7.915312331190036,0.0,0.01905287615954876,1.0,0.3796482598589527,False,2,0.0,-8.76487285528249e-11,8.76487285528249e-11,True,True,,True,True,True,True,True,True,0.0,0.0,0.0
685,16.800000250339508,native_common,8.691587130228678,8.691587134009929,-3.78125086797354e-09,9.05707996701505,1,1,tracking,True,9.057079967015047,9.05723708672353,0.3654928367863697,0.36549283678637146,1.0333855776550207,0.8982209683874679,-28.560060989375796,21.824884582588943,35.944556125232275,-28.565826644029745,10.187676595831752,0.0710882842540741,-0.015972742810845375,0.0,-0.7005123689694349,False,2,0.0,8.171327225969804e-10,1.986821485111534e-09,True,True,,True,True,True,True,True,True,0.021088283509016037,0.0,0.0
686,16.850000251084566,native_common,9.078256289164225,9.078256493750974,-2.0458674931944643e-07,8.99971689113878,1,1,tracking,True,8.999716891138778,8.999784904683263,-0.07853939802544652,-0.07853939802544474,-1.147961149545349,-1.0270514178719143,-43.635505779794954,-38.495682212402365,58.18939968923097,-43.62693389391542,7.73338306347455,0.5401822328567505,-0.024356920272111893,0.0,-0.16768354672665078,False,2,0.0,9.036733514267148e-11,2.384186148507439e-08,True,True,,True,True,True,True,True,True,0.49018223211169243,0.0,0.0
687,16.900000251829624,native_common,8.779117902119955,8.77911799142056,-8.930060424461317e-08,8.944620390279683,1,1,tracking,True,8.944620390279681,8.944807345313919,0.165502488159726,0.1655024881597278,-1.1026548998634353,-1.0197661217775094,0.8732524163875639,0.18253918501100375,0.8921421539985337,0.9061249801359588,-5.982767651735208,0.0,0.02415970154106617,0.0,0.9703324218044814,False,2,0.0,-4.2684406703630273e-10,4.2684406703630273e-10,True,True,,True,True,True,True,True,True,0.0,0.0,0.0
688,16.950000252574682,native_common,8.529649416605631,8.529649366553517,5.0052113564902356e-08,8.84563289398831,1,1,tracking,True,8.84563289398831,8.845684111865092,0.3159834773826784,0.3159834773826784,-1.9803446030086906,1.5314914828198485,-17.558438503855005,51.03018827049084,53.966463649451235,-17.553793801333196,-4.989369635939081,0.0689450278878212,-0.010818571783602238,0.0,-0.6995654560690305,False,2,0.0,1.0611022824291716e-10,1.4901161138336505e-09,True,True,,True,True,True,True,True,True,0.018945027142763138,0.0,0.0
689,17.00000025331974,native_common,9.563180605570475,9.563180764116048,-1.5854557311456574e-07,8.748517128639623,1,1,tracking,True,8.748517128639623,8.74852906319758,-0.8146634769308516,-0.8146634769308516,-1.9424830264723676,-0.7856024823394572,0.7598402254845988,-46.33855811696816,46.34478747792191,0.7572315194428321,20.67062347128058,0.75,-0.0376599095761776,0.0,-0.5368267478521653,False,2,0.0,9.009622908839887e-10,9.009622908839887e-10,True,True,,True,True,True,True,True,True,0.6999999992549419,0.0,0.0
690,17.0500002540648,native_common,8.779465357462566,8.779465367693811,-1.0231245184399995e-08,8.599597054450125,1,1,tracking,True,8.599597054450124,8.599875998437772,-0.1798683030124426,-0.17986830301244083,-2.978570813164911,-1.537377393200563,-20.758284695635545,-14.945464595656993,25.578776998207825,-20.721755425072647,-15.674304728592826,0.75,0.00867266021668911,0.0,0.9266513820491525,False,2,0.0,-4.6547957155418374e-10,4.6547957155418374e-10,True,True,,True,True,True,True,True,True,0.6999999992549419,0.0,0.0
691,17.100000254809856,native_common,7.8680483500162754,7.868048479271136,-1.2925486014836451e-07,8.513535884754,1,1,tracking,True,8.513535884754,8.513541168885546,0.6454875347377254,0.6454875347377254,-1.7231565103454929,1.0191887821838101,25.0584654542422,51.22757035221527,57.02801931882122,25.108285682245747,-18.228339877302385,0.0,-0.01331750862300396,0.0,-0.4398033702402805,False,2,0.0,3.8808775984500166e-10,3.8808775984500166e-10,True,True,,True,True,True,True,True,True,0.0,0.0,0.0
692,17.150000255554914,native_common,8.997472445170086,8.997472433165047,1.2005038740880991e-08,8.429607123021393,1,1,tracking,True,8.429607123021391,8.429651498562986,-0.5678653221486947,-0.5678653221486929,-1.678442879941317,-0.6044144546449,0.9191587814798305,-32.42990506829697,32.4429369641911,0.8942725947578194,22.5884815664816,0.75,-0.0071564349345862865,0.0,0.12322147193221045,False,2,0.0,1.1966475466779203e-10,1.1966475466779203e-10,True,True,,True,True,True,True,True,True,0.6999999992549419,0.0,0.0
693,17.200000256299973,native_common,8.27627182006836,8.27627155342954,2.6663881946831225e-07,8.377247280386344,1,1,tracking,True,8.377247280386342,8.377285871925155,0.10097546031798288,0.10097546031798466,-1.047611255331256,-0.15066474457830614,12.600363330366033,9.120015402876936,15.554574269708695,12.616632304198747,-14.424012287099996,0.0,-0.0046860165894031525,0.0,0.049408366167420656,False,2,0.0,2.2916558841540313e-10,2.2916558841540313e-10,True,True,,True,True,True,True,True,True,0.0,0.0,0.0
694,17.25000025704503,native_common,8.72381337483724,8.723813157830989,2.1700625119080996e-07,8.2928154427083,1,1,tracking,True,8.2928154427083,8.292844305480578,-0.4309979321289408,-0.4309979321289408,-1.688916864845454,-0.05727031949997633,-12.829437545250984,1.8908592668610844,12.96804958179652,-12.826111999159998,8.950830961999841,0.75,0.008508210070431232,0.0,0.2638845292645018,False,2,0.0,4.22091379209677e-10,4.22091379209677e-10,True,True,,True,True,True,True,True,True,0.6999999992549419,0.0,0.0
695,17.30000025779009,native_common,9.528442064921062,9.528441963250755,1.0167030772834096e-07,8.217557460351237,1,1,tracking,True,8.217557460351236,8.217586666804786,-1.3108846045698268,-1.310884604569825,-1.5051397161252287,0.49648286806748676,3.67532239585613,11.081170767752143,11.674781144100729,3.675542919634649,16.09257356187841,0.75,-0.008906190283596516,0.0,-0.3482880018906593,False,2,0.0,-2.136837651267598e-10,2.136837651267598e-10,True,True,,True,True,True,True,True,True,0.6999999992549419,0.0,0.0
696,17.350000258535147,native_common,9.596370379130045,9.596370606270614,-2.2714056946426808e-07,8.111949551010584,1,1,tracking,True,8.111949551010582,8.111981057601618,-1.4844208281194629,-1.484420828119461,-2.1119897217475723,-0.5093368808153588,-12.134108966193864,-20.10758612583754,23.485174592417515,-12.136999931591479,1.358566263935437,0.75,-0.02319328859448433,0.0,-0.28574196195986923,False,2,0.0,-5.247347070747033e-10,5.247347070747033e-10,True,True,,True,True,True,True,True,True,0.6999999992549419,0.0,0.0
697,17.400000259280205,native_common,9.145534833272297,9.145535058949308,-2.2567701130071782e-07,8.083395347475111,1,1,tracking,True,8.08339534747511,8.083556215730802,-1.0621394857971875,-1.0621394857971858,-0.5711968692735861,-0.9844677481063718,30.79914401885976,-9.433670971516747,32.21157830938553,30.815856590287677,-9.0167107827955,0.75,0.0007728183409199119,0.0,0.4793221315656285,False,2,0.0,-1.2617551968518992e-11,1.2617551968518992e-11,True,True,,True,True,True,True,True,True,0.6999999992549419,0.0,0.0
698,17.450000260025263,native_common,9.331693013509115,9.331693376625026,-3.6311591067317295e-07,8.074863812836236,1,1,tracking,True,8.074863812836236,8.07489759231453,-1.256829200672879,-1.256829200672879,-0.1718501435386344,0.43140685568212833,7.959571834703223,28.33335476060803,29.430200096683865,7.986934395684439,3.7231635492569035,0.75,0.019257187843322754,0.0,0.3696873845392855,False,2,0.0,-7.062909701538445e-10,7.062909701538445e-10,True,True,,True,True,True,True,True,True,0.6999999992549419,0.0,0.0
699,17.50000026077032,native_common,8.530823707580566,8.530823502067417,2.0551314960925993e-07,8.143093078026157,1,1,tracking,True,8.143093078026157,8.14316778626813,-0.38773062955440984,-0.38773062955440984,1.3645533806608825,0.9807471166421887,30.72437786745094,10.985333880327378,32.62925686263008,30.728070026106412,-16.017385879893325,0.75,-0.006698924582451582,0.0,-0.5191222407799625,False,2,0.0,2.1093869186084024e-10,2.1093869186084024e-10,True,True,,True,True,True,True,True,True,0.6999999992549419,0.0,0.0
700,17.55000026151538,native_common,8.429765701293945,8.429765900802925,-1.9950898000331563e-07,8.218865362360967,1,1,tracking,True,8.218865362360965,8.218870775662142,-0.21090033893298,-0.21090033893297822,1.5150432862009373,-0.6076106522547047,3.00205800096188,-31.756427536025235,31.898010855818594,3.00979806595161,-2.0211600956147895,0.75,0.024876711890101433,0.0,0.6315127200407875,False,2,0.0,8.533765707974261e-10,8.533765707974261e-10,True,True,,True,True,True,True,True,True,0.6999999992549419,0.0,0.0
701,17.600000262260437,native_common,8.81887404123942,8.81887408241293,-4.117351082300047e-08,8.352875535172295,1,1,tracking,True,8.352875535172293,8.353010031259782,-0.4659985060671268,-0.465998506067125,2.6803217775657937,1.216450976934279,23.322548334744447,36.52351519876776,43.334842388813186,23.30556948001708,7.7821666829461735,0.75,0.011058301664888859,0.0,-0.27636820038604437,False,2,0.0,-3.758014871513282e-10,3.758014871513282e-10,True,True,,True,True,True,True,True,True,0.6999999992549419,0.0,0.0
702,17.650000263005495,native_common,8.442230224609375,8.442229955642631,2.689667439881305e-07,8.48380110497916,1,1,tracking,True,8.483801104979158,8.483877296447151,0.041570880369782515,0.04157088036978429,2.616993395922666,0.09430535066939598,-1.314608298885382,-22.336717469225306,22.37537479379034,-1.2665676139892237,-7.532876220352297,0.0,-0.012705663219094276,0.0,-0.4752792905974494,False,2,0.0,2.920598589362111e-10,2.920598589362111e-10,True,True,,True,True,True,True,True,True,0.0,0.0,0.0
703,17.700000263750553,native_common,8.74752934773763,8.747529098743163,2.489944677108724e-07,8.642180918221252,1,1,tracking,True,8.64218091822125,8.642201250669604,-0.1053484295163809,-0.10534842951637913,3.1674234872512863,-0.8842686096292618,11.007695063860973,-19.544585235192894,22.43123449816389,11.008601662531456,6.105982371578889,0.7071593999862671,-0.019425904378294945,0.0,-0.13440482118122546,False,2,0.0,7.556637399153132e-10,2.78154973498701e-08,True,True,,True,True,True,True,True,True,0.657159399241209,0.0,0.0
704,17.75000026449561,native_common,9.64953327178955,9.649533356275038,-8.448548705075609e-08,8.717882012958725,1,1,tracking,True,8.717882012958723,8.71799433895254,-0.9316512588308274,-0.9316512588308257,1.5140313761534663,-0.7470812160894866,-33.08901618347653,2.667354569605835,33.196429741220655,-33.06784172920716,18.040078212220287,0.75,0.025011586025357246,0.0,0.8887497948296399,False,2,0.0,9.68657827560282e-11,9.68657827560282e-11,True,True,,True,True,True,True,True,True,0.6999999992549419,0.0,0.0
705,17.80000026524067,native_common,9.162305514017742,9.162305384523366,1.2949437611098347e-07,8.812358483421686,1,1,tracking,True,8.812358483421685,8.812455803241715,-0.3499470305960575,-0.3499470305960557,1.8899143198858526,1.5507730820341892,7.522104919576866,45.96609913940553,46.57751573930865,7.517658762625881,-9.74455501023099,0.75,-0.006673311814665794,0.0,-0.6336979473576255,False,2,0.0,-2.306630676393584e-10,2.306630676393584e-10,True,True,,True,True,True,True,True,True,0.6999999992549419,0.0,0.0
706,17.850000265985727,native_common,8.784459749857584,8.784459498394307,2.514632768679803e-07,8.911816866345019,1,1,tracking,True,8.91181686634502,8.911852072950039,0.12735711648743653,0.12735711648743475,1.9889680577510478,-0.6448090217700596,1.9653014909856201,-43.89237262122478,43.936349308070156,1.9810747277835907,-7.5569151705963495,0.0,0.04331526905298233,0.0,0.9997716024552047,False,2,0.0,1.3140390650590028e-09,1.3140390650590028e-09,True,True,,True,True,True,True,True,True,0.0,0.0,0.0
707,17.900000266730785,native_common,8.272244135538736,8.27224405282015,8.271858575881197e-08,9.043092954711991,1,1,tracking,True,9.043092954711987,9.043531310452414,0.770848819173251,0.7708488191732545,2.626368641528171,2.1795504192856248,12.781173633432061,56.58906332401026,58.01461714264237,12.748011485582287,-10.244312133724806,0.08030064404010773,-0.012104224413633347,0.0,-1.1083898528160177,False,2,0.0,-3.246250716154586e-10,2.980232213789513e-09,True,True,,True,True,True,True,True,True,0.030300643295049667,0.0,0.0
708,17.950000267475843,native_common,8.852083841959635,8.852083985105933,-1.4314629837031134e-07,9.082375523459014,1,1,tracking,True,9.082375523459016,9.082424281409981,0.23029168149938073,0.23029168149937895,0.7828709603831714,-1.266380569714846,-36.95150762627365,-68.8202078570458,78.11321765153673,-36.86995307349488,11.596793955612272,0.07717563956975937,-0.00927556399255991,0.0,0.05657320757846225,False,2,0.0,-1.3824502306802877e-10,1.4901161415892261e-09,True,True,,True,True,True,True,True,True,0.02717563882470131,0.0,0.0
709,18.0000002682209,native_common,8.889418284098307,8.88941848050522,-1.9640691384381626e-07,9.072545860076149,1,1,tracking,True,9.072545860076149,9.072602017422662,0.18312757597784213,0.18312757597784213,-0.19676163487495588,-0.4249286789117337,-19.591768385951628,16.829569452609018,25.82779039630004,-19.592651613209284,0.7466888316469068,0.07717563956975937,0.0064758299849927425,0.0,0.3150278748567719,False,2,0.0,4.2433266969621464e-11,1.4901161415892261e-09,True,True,,True,True,True,True,True,True,0.02717563882470131,0.0,0.0
710,18.05000026896596,native_common,9.282101313273111,9.282101666065763,-3.5279265198084886e-07,8.984931203066758,1,1,tracking,True,8.984931203066756,8.984956039350088,-0.29717011020635553,-0.29717011020635375,-1.752581322233924,0.46868051466409555,-31.115670486891894,17.871854196752068,35.88303098876219,-31.11639328350897,7.853660466467433,0.75,0.05026679486036301,0.0,0.875819284456681,False,2,0.0,-3.591982961070883e-10,3.591982961070883e-10,True,True,,True,True,True,True,True,True,0.6999999992549419,0.0,0.0
711,18.100000269711018,native_common,8.544677098592121,8.544677101603806,-3.011685123510688e-09,8.896994780398126,1,1,tracking,True,8.896994780398126,8.897495535315748,0.35231768180600476,0.35231768180600476,-1.7586187405464635,2.2647238814590813,-0.14682721950507724,35.82361540457829,35.82399078707018,-0.12074836445150049,-14.748484073850266,0.0,-0.06303633004426956,0.0,-2.2660624643256893,False,2,0.0,2.814410662854705e-09,2.814410662854705e-09,True,True,,True,True,True,True,True,True,0.0,0.0,0.0
712,18.150000270456076,native_common,8.08468262354533,8.084682539332794,8.421253561152753e-08,8.772357082822237,1,1,tracking,True,8.772357082822237,8.772572585197961,0.6876744592769075,0.6876744592769075,-2.494281446570317,-2.9628409491215075,-14.747727733949338,-104.57805790823299,105.61283839252272,-14.713253901232505,-9.19988936384679,0.07405064254999161,-0.02343313954770565,0.0,0.7920637981286079,False,2,0.0,-8.475145654718297e-10,1.4901160999558627e-09,True,True,,True,True,True,True,True,True,0.024050641804933548,0.0,0.0
713,18.200000271201134,native_common,6.986693382263183,6.986693548607842,-1.6634465893616834e-07,8.661729689235763,1,1,tracking,True,8.661729689235763,8.661972961642586,1.6750363069725802,1.6750363069725802,-2.215096997927774,-0.5136293528189502,5.433540084644494,49.110317512493125,49.40999520430718,5.583688889647411,-21.959784498416656,0.0,0.0592164508998394,1.0,1.652991784319404,False,2,0.0,4.696112387847506e-10,4.696112387847506e-10,True,True,,True,True,True,True,True,True,0.0,0.0,0.0
714,18.250000271946192,native_common,8.821935335795084,8.82193559354492,-2.577498356970409e-07,8.47096115965516,1,1,tracking,True,8.47096115965516,8.471291843717015,-0.35097417613992477,-0.35097417613992477,-3.814215023640175,2.904764230735477,-31.974769796825274,68.33498423394244,75.44579031503343,-31.982360037673715,36.70483852369331,0.75,-0.003530764253810048,0.0,-1.254944284372862,False,2,0.0,6.036704469636334e-11,6.036704469636334e-11,True,True,,True,True,True,True,True,True,0.6999999992549419,0.0,0.0
715,18.30000027269125,native_common,8.132476011912027,8.132476107948673,-9.603664530288825e-08,8.316933300201887,1,1,tracking,True,8.316933300201885,8.316974200686968,0.18445728828985786,0.18445728828985963,-3.082596118148099,-0.825831134441271,14.530568216410964,-74.74506018309319,76.14443204552134,14.6323778918021,-13.789186272186246,0.0,-0.0162518173456192,0.0,-0.25442105804501386,False,2,0.0,-7.258908404916831e-10,7.258908404916831e-10,True,True,,True,True,True,True,True,True,0.0,0.0,0.0
716,18.350000273436308,native_common,7.9013131459554025,7.9013131737851685,-2.7829766047204885e-08,8.13982214426352,1,1,tracking,True,8.139822144263519,8.139887895503204,0.23850899830811656,0.23850899830811834,-3.5418446629135305,-0.7958352162529759,-9.186549897657185,0.6052265679317581,9.206500294317877,-9.184970758441901,-4.623257250240597,0.06467564404010773,-0.025404825806617737,0.0,-0.18306016649216164,False,2,0.0,-7.462022250104283e-10,2.980232213789513e-09,True,True,,True,True,True,True,True,True,0.014675643295049667,0.0,0.0
717,18.400000274181366,native_common,9.313342730204264,9.313343110370136,-3.801658721158674e-07,7.997916508342687,1,1,tracking,True,7.9979165083426835,7.998154626282443,-1.3154262218615802,-1.3154262218615766,-2.838282134323414,-0.9608903725574673,14.041743505846295,-3.1712319534780895,14.395480490348366,14.071250362124358,28.240591264159622,0.75,0.03887229412794113,0.0,1.285542379535103,False,2,0.0,-1.0118883786436328e-09,1.0118883786436328e-09,True,True,,True,True,True,True,True,True,0.6999999992549419,0.0,0.0
718,18.450000274926424,native_common,9.449718475341797,9.449718160157365,3.1518443144307184e-07,7.812274893536493,1,1,tracking,True,7.812274893536491,7.812473496070234,-1.6374435818053055,-1.6374435818053037,-3.712262017344353,2.0174828241847282,-17.475739762972317,59.555937031047996,62.067066295064606,-17.47959739995248,2.7275148621075243,0.75,-0.008826504461467266,0.0,-0.9539759575728184,False,2,0.0,6.812866937266904e-11,6.812866937266904e-11,True,True,,True,True,True,True,True,True,0.6999999992549419,0.0,0.0
719,18.500000275671482,native_common,8.37051836649577,8.370518141613097,2.248826724837727e-07,7.705890297011617,1,1,tracking,True,7.7058902970116145,7.705969464182672,-0.6646280694841549,-0.6646280694841522,-2.127954448426845,-0.8487055286120504,31.66357922353173,-57.365092295739785,65.5237612941604,31.68615090618972,-21.58400185529386,0.75,0.0033861142583191395,0.0,0.24425237075608416,False,2,0.0,7.235524896245793e-11,7.235524896245793e-11,True,True,,True,True,True,True,True,True,0.6999999992549419,0.0,0.0
720,18.55000027641654,native_common,8.746064186096191,8.746063872217974,3.1387821763928514e-07,7.612658685776326,1,1,tracking,True,7.612658685776323,7.612740135951842,-1.133405500319868,-1.1334055003198653,-1.8645969500524455,0.17967408833412707,5.270283416045513,20.559699217681455,21.224458035471706,5.267149889001338,7.5109162800870655,0.75,-0.06322286278009415,0.0,-1.332179520917244,False,2,0.0,2.5448191054433522e-09,2.5448191054433522e-09,True,True,,True,True,True,True,True,True,0.6999999992549419,0.0,0.0
721,18.600000277161598,native_common,8.93295447031657,8.932954269219934,2.0109663623202323e-07,7.607569735256585,1,1,tracking,True,7.607569735256585,7.608431126970487,-1.325384735059985,-1.325384735059985,-0.10100847086752023,-2.7597337914524815,35.28223729647507,-58.67866147889412,68.46915532493553,35.27176905810819,3.7378056287099315,0.75,-0.02217751368880272,0.0,0.8209069695933615,False,2,0.0,3.123121899983872e-11,3.123121899983872e-11,True,True,,True,True,True,True,True,True,0.6999999992549419,0.0,0.0
722,18.650000277906656,native_common,7.8810817400614415,7.881081843406284,-1.0334484290552837e-07,7.623404216073677,1,1,tracking,True,7.623404216073674,7.623815551540323,-0.2576775239877671,-0.25767752398776445,0.3085052876039995,0.08026357982484389,7.961068863157371,56.80779524855117,57.36311420974302,8.190275047385786,-21.037454291620076,0.75,-0.03516431897878647,0.0,-0.25973610192930546,False,2,0.0,1.1696674739880564e-09,1.1696674739880564e-09,True,True,,True,True,True,True,True,True,0.6999999992549419,0.0,0.0
723,18.700000278651714,native_common,8.420171896616619,8.420171800378263,9.623835595107266e-08,7.710703750472391,1,1,tracking,True,7.710703750472391,7.711279441148218,-0.7094681461442276,-0.7094681461442276,1.7405426342059593,-1.0155712310127,28.64777463840075,-21.943545225343367,36.08621035533798,28.640746505258814,10.781802970442167,0.75,-0.03486568108201027,0.0,0.00597275784652296,False,2,0.0,-9.943225964814673e-10,9.943225964814673e-10,True,True,,True,True,True,True,True,True,0.6999999992549419,0.0,0.0
724,18.750000279396772,native_common,8.611124197642008,8.611124539681535,-3.420395273678878e-07,7.8014567406972235,1,1,tracking,True,7.801456740697224,7.802020882438581,-0.8096674569447835,-0.8096674569447844,1.8077390193041882,-0.751343205561163,1.247920757208143,5.119166209060502,5.26909829268328,1.3439276819384949,3.8190459635995575,0.75,0.03499068692326546,0.0,1.3971273392866947,False,2,0.0,1.0953588799877956e-09,1.0953588799877956e-09,True,True,,True,True,True,True,True,True,0.6999999992549419,0.0,0.0
725,18.80000028014183,native_common,8.32270399729411,8.32270418854738,-1.9125327099800415e-07,7.9464482361021584,1,1,tracking,True,7.946448236102158,7.946503487441495,-0.3762557611919517,-0.3762557611919508,2.897146963053213,2.219068807499394,21.7667836056957,59.35671596427852,63.22202866370661,21.788158550311632,-5.768403921002055,0.75,0.012652553617954254,0.0,-0.44676265944894167,False,2,0.0,4.761830513233534e-11,4.761830513233534e-11,True,True,,True,True,True,True,True,True,0.6999999992549419,0.0,0.0
726,18.85000028088689,native_common,7.930513064066569,7.930512966936881,9.712968829234114e-08,8.086195247534615,1,1,tracking,True,8.086195247534615,8.086255326574866,0.15568218346804574,0.15568218346804574,2.7944129576278733,0.19649610872385367,-2.0996021807423793,-40.39288305900132,40.44742257653467,-2.054680077889673,-7.8438185476687945,0.0,0.006310249213129282,0.0,-0.12684608620634547,False,2,0.0,1.3152384216452706e-10,1.3152384216452706e-10,True,True,,True,True,True,True,True,True,0.0,0.0,0.0
727,18.900000281631947,native_common,9.020270347595215,9.020270485950006,-1.3835479073520673e-07,8.252015506834786,1,1,tracking,True,8.252015506834786,8.252054654348726,-0.768254840760429,-0.768254840760429,3.3159432973208633,0.018998122656441872,10.42606130471147,-3.483970863320546,10.992787948033742,10.43060663843165,21.795145345799938,0.75,-0.06286691874265671,0.0,-1.3835433384993174,False,2,0.0,2.657309955411691e-09,2.657309955411691e-09,True,True,,True,True,True,True,True,True,0.6999999992549419,0.0,0.0
728,18.950000282377005,native_common,8.865150769551596,8.865150775501293,-5.94969762346409e-09,8.329133319825388,1,1,tracking,True,8.329133319825388,8.329766709660023,-0.5360174497262076,-0.5360174497262076,1.5440810229135147,-2.861271554375911,-35.43607152535022,-57.76266622519498,67.76608160788521,-35.43724496009087,-3.102391514643148,0.75,0.049589984118938446,0.0,2.249138023717135,False,2,0.0,8.819701913242994e-10,8.819701913242994e-10,True,True,,True,True,True,True,True,True,0.6999999992549419,0.0,0.0
729,19.000000283122063,native_common,9.135995546976726,9.135995389884952,1.5709177425549115e-07,8.426144691477754,1,1,tracking,True,8.426144691477754,8.426292074575759,-0.7098508554989724,-0.7098508554989724,1.9382232002496713,2.73786808862296,7.819007425831983,111.94842206329326,112.22118352209371,7.882843429259612,5.416895467784584,0.75,-0.06150437518954277,0.0,-2.221887153060926,False,2,0.0,-1.112321575125197e-09,1.112321575125197e-09,True,True,,True,True,True,True,True,True,0.6999999992549419,0.0,0.0
730,19.05000028386712,native_common,8.759547233581543,8.75954740669208,-1.7311053746027483e-07,8.525438982146255,1,1,tracking,True,8.525438982146257,8.525844014638176,-0.2341082514352859,-0.23410825143528768,1.9872477716891974,-2.696902454964303,1.0474279137679603,-108.74275028849247,108.74792593895945,0.9804914141800614,-7.528966155713332,0.75,0.016880715265870094,0.0,1.5677017857476803,False,2,0.0,-3.122662198262738e-11,3.122662198262738e-11,True,True,,True,True,True,True,True,True,0.6999999992549419,0.0,0.0
731,19.10000028461218,native_common,9.188154538472494,9.188154990007268,-4.51534774015272e-07,8.678736473128414,1,1,tracking,True,8.678736473128414,8.678781318235231,-0.5094180653440805,-0.5094180653440805,3.063781929398622,1.345261424426239,21.44304158251233,80.77857951325097,83.57621688678019,21.53068283335632,8.572145970084094,0.75,-0.04362509027123451,0.0,-1.2101160927099572,False,2,0.0,-1.3544742133442256e-09,1.3544742133442256e-09,True,True,,True,True,True,True,True,True,0.6999999992549419,0.0,0.0
732,19.150000285357237,native_common,9.302390098571777,9.302389801425774,2.9714600380259526e-07,8.822493232090038,1,1,tracking,True,8.822493232090034,8.822926840183714,-0.47989686648174334,-0.4798968664817398,2.8760850633117334,-2.1188986423347695,-3.6824094305441495,-69.44550209583508,69.5432022018898,-3.7539372657997503,2.2847111679408156,0.75,-0.052828531712293625,0.0,-0.184068826078343,False,2,0.0,9.003500583970592e-10,9.003500583970592e-10,True,True,,True,True,True,True,True,True,0.6999999992549419,0.0,0.0
733,19.200000286102295,native_common,9.104923884073893,9.104923890699311,-6.625418436101427e-09,9.006255201882903,1,1,tracking,True,9.006255201882901,9.007281037377155,-0.09866868219099167,-0.0986686821909899,3.6692431982682443,-1.9716358345948577,15.62786241530117,2.623225139009363,15.846614326865312,15.863162462750676,-3.9493242311081773,0.4282502233982086,0.04323554039001465,0.0,1.9212814134168414,False,2,0.0,-5.428855628930584e-10,5.960460902620923e-09,True,True,,True,True,True,True,True,True,0.37825022265315056,0.0,0.0
734,19.250000286847353,native_common,8.810118357340494,8.810118347358854,9.981640403111669e-09,9.159639794536924,1,1,tracking,True,9.159639794536922,9.159781558382134,0.3495214371964277,0.3495214371964295,3.0619156682343807,2.726455821361463,-12.247769395291071,93.77314394981606,94.57004525634441,-12.146550419679567,-5.896110446809076,0.0,-0.05453165993094444,0.0,-1.955343977282286,False,2,0.0,2.726269973662987e-10,2.726269973662987e-10,True,True,,True,True,True,True,True,True,0.0,0.0,0.0
735,19.30000028759241,native_common,8.715409596761068,8.715409471541806,1.2521926251451987e-07,9.263291907211448,1,1,tracking,True,9.263291907211446,9.263780920636817,0.5478823104503778,0.5478823104503796,2.0749511207329965,-2.6681065896620075,-19.61756608624817,-108.02767314980248,109.79466589247889,-19.73929065588933,-1.8941751833631082,0.07998782396316528,-0.009770478121936321,0.0,0.8952236228402909,False,2,0.0,-1.8331838477769757e-10,1.8331838477769757e-10,True,True,,True,True,True,True,True,True,0.029987823218107224,0.0,0.0
736,19.35000028833747,native_common,8.453381538391113,8.45338140780217,1.30588944102783e-07,9.253904447025088,1,1,tracking,True,9.253904447025084,9.254099605529786,0.8005229086339707,0.8005229086339742,-0.1925200764298522,0.21000840253260755,-45.523150250982354,57.42673928839261,73.2825065338427,-45.34942326749791,-5.240561089308655,0.07686282694339752,0.020584072917699814,0.0,0.6070910117463617,False,2,0.0,5.935006409940602e-10,2.980232241545089e-09,True,True,,True,True,True,True,True,True,0.026862826198339462,0.0,0.0
737,19.400000289082527,native_common,9.243456522623697,9.243456551445059,-2.8821361297559633e-08,9.20955599732046,1,1,tracking,True,9.20955599732046,9.20966183015295,-0.033900525303236506,-0.033900525303236506,-0.8880961541867897,1.2974379128015898,-13.90859308360958,21.751222555765796,25.81811905073259,-13.911521347840928,15.80149944919099,0.27756696939468384,0.04657613858580589,0.0,0.5198413056158825,False,2,0.0,5.103590675070713e-10,3.973646522936747e-09,True,True,,True,True,True,True,True,True,0.22756696864962578,0.0,0.0
738,19.450000289827585,native_common,9.257185618082683,9.257185687764279,-6.968159560472031e-08,9.1012236879626,1,1,tracking,True,9.101223687962598,9.101733284768839,-0.1559619301200854,-0.15596193012008364,-2.168088986763135,1.8205152183797335,-25.672133435603637,10.411976153762897,27.703268642372716,-25.599856270059327,0.2745819050881338,0.75,-0.03721129894256592,0.0,-1.6757487255968344,False,2,0.0,-9.819367680075075e-10,9.819367680075075e-10,True,True,,True,True,True,True,True,True,0.6999999992549419,0.0,0.0
739,19.500000290572643,native_common,8.292478561401367,8.292478878211865,-3.168104978357178e-07,9.02821594749566,1,1,tracking,True,9.028215947495658,9.028301268991422,0.7357373860942911,0.7357373860942928,-1.4623936771807264,-2.4006947601426276,14.076365789784361,-84.46890733199275,85.63380282301863,14.113905981334588,-19.294140846121223,0.0,0.009367723949253559,0.0,0.9315804439547591,False,2,0.0,4.498471508490587e-10,4.498471508490587e-10,True,True,,True,True,True,True,True,True,0.0,0.0,0.0
740,19.5500002913177,native_common,9.22714106241862,9.227140720700218,3.417184011311747e-07,8.94777278037715,1,1,tracking,True,8.947772780377147,8.947776760973786,-0.2793682820414727,-0.27936828204146913,-1.6091250973154063,0.8006701025361544,-2.939331088665826,64.03016096007322,64.09760797731985,-2.9346283589642272,18.693249741793913,0.75,-0.10890273004770279,0.0,-2.3654090446917855,False,2,0.0,-2.093084219834118e-09,2.093084219834118e-09,True,True,,True,True,True,True,True,True,0.6999999992549419,0.0,0.0
741,19.60000029206276,native_common,9.048160870869953,9.048160746455116,1.2441483754344063e-07,8.861560977330965,1,1,tracking,True,8.861560977330962,8.863370649183576,-0.18659989353899142,-0.18659989353898787,-1.7222937102204392,-4.432614023158757,-2.195812459793273,-104.52914540530234,104.55273932754547,-2.2633722243737835,-3.579603777633066,0.75,1.0,0.0,22.178054270475293,True,2,0.0,0.0,0.0,True,True,,True,True,True,True,True,True,0.6999999992549419,0.0,0.0
742,19.650000292807817,native_common,7.672618707021077,7.6726187053123,1.7087771198021073e-09,8.772796354163983,1,1,tracking,True,8.77279635416398,8.772815523982423,1.1001776471429023,1.100177647142906,-1.7895262743203477,3.1387427424196286,-1.742123259196149,151.58061177660767,151.59116678920813,-1.3446512619613051,-27.510842867034018,0.0,1.0,1.0,0.0,True,2,0.0,0.0,0.0,True,True,,True,True,True,True,True,True,0.0,0.0,0.0
