set,examinee,scope,x,all_frames,reactive_only,null
ba,TFv6 target speed,pooled,0.0,0.0,0.0,0.029411764705882353
ba,TFv6 target speed,pooled,0.2,0.0,0.0,0.029411764705882353
ba,TFv6 target speed,pooled,0.4,0.0,0.0,0.029411764705882353
ba,TFv6 target speed,pooled,0.6,0.0,0.0,0.029411764705882353
ba,TFv6 target speed,pooled,0.8,0.0,0.0,0.029411764705882353
ba,TFv6 target speed,pooled,1.0,0.0,0.0,0.029411764705882353
ba,TFv6 target speed,pooled,1.2,0.02040816326530612,0.0,0.029411764705882353
ba,TFv6 target speed,pooled,1.4,0.02040816326530612,0.0,0.029411764705882353
ba,TFv6 target speed,pooled,1.6,0.02040816326530612,0.0,0.029411764705882353
ba,TFv6 target speed,pooled,1.8,0.02040816326530612,0.0,0.029411764705882353
ba,TFv6 target speed,pooled,2.0,0.02040816326530612,0.0,0.029411764705882353
ba,TFv6 target speed,pooled,2.2,0.02040816326530612,0.0,0.029411764705882353
ba,TFv6 target speed,pooled,2.4,0.02040816326530612,0.0,0.04411764705882353
ba,TFv6 target speed,pooled,2.6,0.02040816326530612,0.0,0.04411764705882353
ba,TFv6 target speed,pooled,2.8,0.02040816326530612,0.0,0.04411764705882353
ba,TFv6 target speed,pooled,3.0,0.02040816326530612,0.0,0.04411764705882353
ba,TFv6 target speed,pooled,3.2,0.02040816326530612,0.0,0.04411764705882353
ba,TFv6 target speed,pooled,3.4,0.02040816326530612,0.0,0.04411764705882353
ba,TFv6 target speed,pooled,3.6,0.02040816326530612,0.0,0.04411764705882353
ba,TFv6 target speed,pooled,3.8,0.02040816326530612,0.0,0.04411764705882353
ba,TFv6 target speed,pooled,4.0,0.02040816326530612,0.0,0.04411764705882353
ba,TFv6 target speed,pooled,4.2,0.02040816326530612,0.0,0.04411764705882353
ba,TFv6 target speed,pooled,4.4,0.02040816326530612,0.0,0.04411764705882353
ba,TFv6 target speed,pooled,4.6,0.034013605442176874,0.0,0.04411764705882353
ba,TFv6 target speed,pooled,4.8,0.034013605442176874,0.0,0.04411764705882353
ba,TFv6 target speed,pooled,5.0,0.034013605442176874,0.0,0.04411764705882353
ba,TFv6 target speed,pooled,5.2,0.034013605442176874,0.0,0.04411764705882353
ba,TFv6 target speed,pooled,5.4,0.04081632653061224,0.0,0.04411764705882353
ba,TFv6 target speed,pooled,5.6,0.04081632653061224,0.0,0.04411764705882353
ba,TFv6 target speed,pooled,5.8,0.04081632653061224,0.0,0.04411764705882353
ba,TFv6 target speed,pooled,6.0,0.04081632653061224,0.0,0.04411764705882353
ba,TFv6 target speed,pooled,6.2,0.04081632653061224,0.0,0.04411764705882353
ba,TFv6 target speed,pooled,6.4,0.047619047619047616,0.0,0.04411764705882353
ba,TFv6 target speed,pooled,6.6,0.05442176870748299,0.0,0.04411764705882353
ba,TFv6 target speed,pooled,6.8,0.05442176870748299,0.0,0.04411764705882353
ba,TFv6 target speed,pooled,7.0,0.05442176870748299,0.0,0.04411764705882353
ba,TFv6 target speed,pooled,7.2,0.05442176870748299,0.0,0.058823529411764705
ba,TFv6 target speed,pooled,7.4,0.061224489795918366,0.0,0.058823529411764705
ba,TFv6 target speed,pooled,7.6,0.061224489795918366,0.0,0.058823529411764705
ba,TFv6 target speed,pooled,7.8,0.061224489795918366,0.0,0.058823529411764705
ba,TFv6 target speed,pooled,8.0,0.061224489795918366,0.0,0.058823529411764705
ba,TFv6 target speed,pooled,8.2,0.061224489795918366,0.0,0.058823529411764705
ba,TFv6 target speed,pooled,8.4,0.061224489795918366,0.0,0.058823529411764705
ba,TFv6 target speed,pooled,8.6,0.061224489795918366,0.0,0.058823529411764705
ba,TFv6 target speed,pooled,8.8,0.061224489795918366,0.0,0.058823529411764705
ba,TFv6 target speed,pooled,9.0,0.061224489795918366,0.0,0.058823529411764705
ba,TFv6 target speed,pooled,9.2,0.061224489795918366,0.0,0.058823529411764705
ba,TFv6 target speed,pooled,9.4,0.061224489795918366,0.0,0.058823529411764705
ba,TFv6 target speed,pooled,9.6,0.061224489795918366,0.0,0.058823529411764705
ba,TFv6 target speed,pooled,9.8,0.061224489795918366,0.0,0.058823529411764705
ba,TFv6 target speed,pooled,10.0,0.061224489795918366,0.0,0.058823529411764705
ba,TFv6 waypoint speed 2 s,pooled,0.0,0.0,0.0,0.029411764705882353
ba,TFv6 waypoint speed 2 s,pooled,0.2,0.047619047619047616,0.006802721088435374,0.07352941176470588
ba,TFv6 waypoint speed 2 s,pooled,0.4,0.08843537414965986,0.034013605442176874,0.08823529411764706
ba,TFv6 waypoint speed 2 s,pooled,0.6,0.10884353741496598,0.047619047619047616,0.08823529411764706
ba,TFv6 waypoint speed 2 s,pooled,0.8,0.14285714285714285,0.06802721088435375,0.08823529411764706
ba,TFv6 waypoint speed 2 s,pooled,1.0,0.14285714285714285,0.06802721088435375,0.11764705882352941
ba,TFv6 waypoint speed 2 s,pooled,1.2,0.14965986394557823,0.06802721088435375,0.1323529411764706
ba,TFv6 waypoint speed 2 s,pooled,1.4,0.14965986394557823,0.06802721088435375,0.1323529411764706
ba,TFv6 waypoint speed 2 s,pooled,1.6,0.17687074829931973,0.07482993197278912,0.1323529411764706
ba,TFv6 waypoint speed 2 s,pooled,1.8,0.17687074829931973,0.08163265306122448,0.14705882352941177
ba,TFv6 waypoint speed 2 s,pooled,2.0,0.2108843537414966,0.1360544217687075,0.14705882352941177
ba,TFv6 waypoint speed 2 s,pooled,2.2,0.23809523809523808,0.17006802721088435,0.14705882352941177
ba,TFv6 waypoint speed 2 s,pooled,2.4,0.2653061224489796,0.19047619047619047,0.16176470588235295
ba,TFv6 waypoint speed 2 s,pooled,2.6,0.272108843537415,0.19727891156462585,0.17647058823529413
ba,TFv6 waypoint speed 2 s,pooled,2.8,0.272108843537415,0.19727891156462585,0.17647058823529413
ba,TFv6 waypoint speed 2 s,pooled,3.0,0.2789115646258503,0.19727891156462585,0.17647058823529413
ba,TFv6 waypoint speed 2 s,pooled,3.2,0.30612244897959184,0.21768707482993196,0.17647058823529413
ba,TFv6 waypoint speed 2 s,pooled,3.4,0.36054421768707484,0.272108843537415,0.17647058823529413
ba,TFv6 waypoint speed 2 s,pooled,3.6,0.3877551020408163,0.2925170068027211,0.17647058823529413
ba,TFv6 waypoint speed 2 s,pooled,3.8,0.4013605442176871,0.2925170068027211,0.19117647058823528
ba,TFv6 waypoint speed 2 s,pooled,4.0,0.43537414965986393,0.29931972789115646,0.23529411764705882
ba,TFv6 waypoint speed 2 s,pooled,4.2,0.4897959183673469,0.29931972789115646,0.25
ba,TFv6 waypoint speed 2 s,pooled,4.4,0.5374149659863946,0.29931972789115646,0.2647058823529412
ba,TFv6 waypoint speed 2 s,pooled,4.6,0.5578231292517006,0.29931972789115646,0.29411764705882354
ba,TFv6 waypoint speed 2 s,pooled,4.8,0.5578231292517006,0.29931972789115646,0.29411764705882354
ba,TFv6 waypoint speed 2 s,pooled,5.0,0.564625850340136,0.30612244897959184,0.29411764705882354
ba,TFv6 waypoint speed 2 s,pooled,5.2,0.5918367346938775,0.3333333333333333,0.29411764705882354
ba,TFv6 waypoint speed 2 s,pooled,5.4,0.5986394557823129,0.3401360544217687,0.29411764705882354
ba,TFv6 waypoint speed 2 s,pooled,5.6,0.6190476190476191,0.35374149659863946,0.3088235294117647
ba,TFv6 waypoint speed 2 s,pooled,5.8,0.6462585034013606,0.4217687074829932,0.3088235294117647
ba,TFv6 waypoint speed 2 s,pooled,6.0,0.6530612244897959,0.46258503401360546,0.3088235294117647
ba,TFv6 waypoint speed 2 s,pooled,6.2,0.6802721088435374,0.5034013605442177,0.3088235294117647
ba,TFv6 waypoint speed 2 s,pooled,6.4,0.7414965986394558,0.5782312925170068,0.3235294117647059
ba,TFv6 waypoint speed 2 s,pooled,6.6,0.7482993197278912,0.5850340136054422,0.3235294117647059
ba,TFv6 waypoint speed 2 s,pooled,6.8,0.7551020408163265,0.5850340136054422,0.3382352941176471
ba,TFv6 waypoint speed 2 s,pooled,7.0,0.7551020408163265,0.5850340136054422,0.3382352941176471
ba,TFv6 waypoint speed 2 s,pooled,7.2,0.7551020408163265,0.5850340136054422,0.3382352941176471
ba,TFv6 waypoint speed 2 s,pooled,7.4,0.7551020408163265,0.5918367346938775,0.3382352941176471
ba,TFv6 waypoint speed 2 s,pooled,7.6,0.7551020408163265,0.5918367346938775,0.3382352941176471
ba,TFv6 waypoint speed 2 s,pooled,7.8,0.7551020408163265,0.5918367346938775,0.3382352941176471
ba,TFv6 waypoint speed 2 s,pooled,8.0,0.7551020408163265,0.5918367346938775,0.3382352941176471
ba,TFv6 waypoint speed 2 s,pooled,8.2,0.7551020408163265,0.6190476190476191,0.3382352941176471
ba,TFv6 waypoint speed 2 s,pooled,8.4,0.7619047619047619,0.6394557823129252,0.3382352941176471
ba,TFv6 waypoint speed 2 s,pooled,8.6,0.7619047619047619,0.6394557823129252,0.3382352941176471
ba,TFv6 waypoint speed 2 s,pooled,8.8,0.7619047619047619,0.6462585034013606,0.3382352941176471
ba,TFv6 waypoint speed 2 s,pooled,9.0,0.7619047619047619,0.6462585034013606,0.3382352941176471
ba,TFv6 waypoint speed 2 s,pooled,9.2,0.7619047619047619,0.6462585034013606,0.3382352941176471
ba,TFv6 waypoint speed 2 s,pooled,9.4,0.7619047619047619,0.6462585034013606,0.3382352941176471
ba,TFv6 waypoint speed 2 s,pooled,9.6,0.7619047619047619,0.6462585034013606,0.3382352941176471
ba,TFv6 waypoint speed 2 s,pooled,9.8,0.7619047619047619,0.6462585034013606,0.3382352941176471
ba,TFv6 waypoint speed 2 s,pooled,10.0,0.7619047619047619,0.6462585034013606,0.3382352941176471
ba,TFv6 target speed (decoded scalar),pooled,0.0,0.0,0.0,0.029411764705882353
ba,TFv6 target speed (decoded scalar),pooled,0.2,0.0,0.0,0.029411764705882353
ba,TFv6 target speed (decoded scalar),pooled,0.4,0.0,0.0,0.029411764705882353
ba,TFv6 target speed (decoded scalar),pooled,0.6,0.0,0.0,0.029411764705882353
ba,TFv6 target speed (decoded scalar),pooled,0.8,0.0,0.0,0.029411764705882353
ba,TFv6 target speed (decoded scalar),pooled,1.0,0.0,0.0,0.029411764705882353
ba,TFv6 target speed (decoded scalar),pooled,1.2,0.02040816326530612,0.0,0.029411764705882353
ba,TFv6 target speed (decoded scalar),pooled,1.4,0.02040816326530612,0.0,0.029411764705882353
ba,TFv6 target speed (decoded scalar),pooled,1.6,0.02040816326530612,0.0,0.029411764705882353
ba,TFv6 target speed (decoded scalar),pooled,1.8,0.02040816326530612,0.0,0.029411764705882353
ba,TFv6 target speed (decoded scalar),pooled,2.0,0.02040816326530612,0.0,0.029411764705882353
ba,TFv6 target speed (decoded scalar),pooled,2.2,0.027210884353741496,0.0,0.029411764705882353
ba,TFv6 target speed (decoded scalar),pooled,2.4,0.027210884353741496,0.0,0.04411764705882353
ba,TFv6 target speed (decoded scalar),pooled,2.6,0.027210884353741496,0.0,0.04411764705882353
ba,TFv6 target speed (decoded scalar),pooled,2.8,0.027210884353741496,0.0,0.04411764705882353
ba,TFv6 target speed (decoded scalar),pooled,3.0,0.027210884353741496,0.0,0.04411764705882353
ba,TFv6 target speed (decoded scalar),pooled,3.2,0.027210884353741496,0.0,0.04411764705882353
ba,TFv6 target speed (decoded scalar),pooled,3.4,0.027210884353741496,0.0,0.04411764705882353
ba,TFv6 target speed (decoded scalar),pooled,3.6,0.027210884353741496,0.0,0.04411764705882353
ba,TFv6 target speed (decoded scalar),pooled,3.8,0.027210884353741496,0.0,0.04411764705882353
ba,TFv6 target speed (decoded scalar),pooled,4.0,0.027210884353741496,0.0,0.04411764705882353
ba,TFv6 target speed (decoded scalar),pooled,4.2,0.027210884353741496,0.0,0.04411764705882353
ba,TFv6 target speed (decoded scalar),pooled,4.4,0.027210884353741496,0.0,0.04411764705882353
ba,TFv6 target speed (decoded scalar),pooled,4.6,0.04081632653061224,0.0,0.04411764705882353
ba,TFv6 target speed (decoded scalar),pooled,4.8,0.04081632653061224,0.0,0.04411764705882353
ba,TFv6 target speed (decoded scalar),pooled,5.0,0.04081632653061224,0.0,0.04411764705882353
ba,TFv6 target speed (decoded scalar),pooled,5.2,0.04081632653061224,0.0,0.04411764705882353
ba,TFv6 target speed (decoded scalar),pooled,5.4,0.047619047619047616,0.0,0.04411764705882353
ba,TFv6 target speed (decoded scalar),pooled,5.6,0.047619047619047616,0.0,0.04411764705882353
ba,TFv6 target speed (decoded scalar),pooled,5.8,0.047619047619047616,0.0,0.04411764705882353
ba,TFv6 target speed (decoded scalar),pooled,6.0,0.047619047619047616,0.0,0.04411764705882353
ba,TFv6 target speed (decoded scalar),pooled,6.2,0.047619047619047616,0.0,0.04411764705882353
ba,TFv6 target speed (decoded scalar),pooled,6.4,0.05442176870748299,0.0,0.04411764705882353
ba,TFv6 target speed (decoded scalar),pooled,6.6,0.061224489795918366,0.0,0.04411764705882353
ba,TFv6 target speed (decoded scalar),pooled,6.8,0.061224489795918366,0.0,0.04411764705882353
ba,TFv6 target speed (decoded scalar),pooled,7.0,0.061224489795918366,0.0,0.04411764705882353
ba,TFv6 target speed (decoded scalar),pooled,7.2,0.061224489795918366,0.0,0.058823529411764705
ba,TFv6 target speed (decoded scalar),pooled,7.4,0.06802721088435375,0.0,0.058823529411764705
ba,TFv6 target speed (decoded scalar),pooled,7.6,0.06802721088435375,0.0,0.058823529411764705
ba,TFv6 target speed (decoded scalar),pooled,7.8,0.06802721088435375,0.0,0.058823529411764705
ba,TFv6 target speed (decoded scalar),pooled,8.0,0.06802721088435375,0.0,0.058823529411764705
ba,TFv6 target speed (decoded scalar),pooled,8.2,0.06802721088435375,0.0,0.058823529411764705
ba,TFv6 target speed (decoded scalar),pooled,8.4,0.06802721088435375,0.0,0.058823529411764705
ba,TFv6 target speed (decoded scalar),pooled,8.6,0.06802721088435375,0.0,0.058823529411764705
ba,TFv6 target speed (decoded scalar),pooled,8.8,0.06802721088435375,0.0,0.058823529411764705
ba,TFv6 target speed (decoded scalar),pooled,9.0,0.06802721088435375,0.0,0.058823529411764705
ba,TFv6 target speed (decoded scalar),pooled,9.2,0.06802721088435375,0.0,0.058823529411764705
ba,TFv6 target speed (decoded scalar),pooled,9.4,0.06802721088435375,0.0,0.058823529411764705
ba,TFv6 target speed (decoded scalar),pooled,9.6,0.06802721088435375,0.0,0.058823529411764705
ba,TFv6 target speed (decoded scalar),pooled,9.8,0.06802721088435375,0.0,0.058823529411764705
ba,TFv6 target speed (decoded scalar),pooled,10.0,0.06802721088435375,0.0,0.058823529411764705
ba,ridge ego,pooled,0.0,0.061224489795918366,0.061224489795918366,0.0
ba,ridge ego,pooled,0.2,0.061224489795918366,0.061224489795918366,0.0
ba,ridge ego,pooled,0.4,0.08843537414965986,0.08843537414965986,0.0
ba,ridge ego,pooled,0.6,0.08843537414965986,0.08843537414965986,0.0
ba,ridge ego,pooled,0.8,0.08843537414965986,0.08843537414965986,0.0
ba,ridge ego,pooled,1.0,0.12244897959183673,0.10884353741496598,0.0
ba,ridge ego,pooled,1.2,0.12244897959183673,0.10884353741496598,0.0
ba,ridge ego,pooled,1.4,0.14285714285714285,0.1292517006802721,0.0
ba,ridge ego,pooled,1.6,0.14285714285714285,0.1292517006802721,0.0
ba,ridge ego,pooled,1.8,0.14285714285714285,0.1292517006802721,0.0
ba,ridge ego,pooled,2.0,0.16326530612244897,0.14965986394557823,0.0
ba,ridge ego,pooled,2.2,0.16326530612244897,0.14965986394557823,0.0
ba,ridge ego,pooled,2.4,0.16326530612244897,0.14965986394557823,0.0
ba,ridge ego,pooled,2.6,0.16326530612244897,0.14965986394557823,0.0
ba,ridge ego,pooled,2.8,0.17687074829931973,0.16326530612244897,0.0
ba,ridge ego,pooled,3.0,0.17687074829931973,0.16326530612244897,0.0
ba,ridge ego,pooled,3.2,0.17687074829931973,0.16326530612244897,0.0
ba,ridge ego,pooled,3.4,0.19047619047619047,0.16326530612244897,0.0
ba,ridge ego,pooled,3.6,0.2108843537414966,0.1836734693877551,0.0
ba,ridge ego,pooled,3.8,0.25170068027210885,0.22448979591836735,0.0
ba,ridge ego,pooled,4.0,0.25170068027210885,0.22448979591836735,0.0
ba,ridge ego,pooled,4.2,0.25170068027210885,0.22448979591836735,0.0
ba,ridge ego,pooled,4.4,0.25170068027210885,0.22448979591836735,0.0
ba,ridge ego,pooled,4.6,0.272108843537415,0.24489795918367346,0.0
ba,ridge ego,pooled,4.8,0.272108843537415,0.24489795918367346,0.0
ba,ridge ego,pooled,5.0,0.272108843537415,0.24489795918367346,0.0
ba,ridge ego,pooled,5.2,0.272108843537415,0.24489795918367346,0.0
ba,ridge ego,pooled,5.4,0.272108843537415,0.24489795918367346,0.0
ba,ridge ego,pooled,5.6,0.2925170068027211,0.2653061224489796,0.0
ba,ridge ego,pooled,5.8,0.2925170068027211,0.2653061224489796,0.0
ba,ridge ego,pooled,6.0,0.2925170068027211,0.2653061224489796,0.0
ba,ridge ego,pooled,6.2,0.2925170068027211,0.2653061224489796,0.0
ba,ridge ego,pooled,6.4,0.2925170068027211,0.2653061224489796,0.0
ba,ridge ego,pooled,6.6,0.2925170068027211,0.2653061224489796,0.0
ba,ridge ego,pooled,6.8,0.30612244897959184,0.2789115646258503,0.0
ba,ridge ego,pooled,7.0,0.30612244897959184,0.2789115646258503,0.0
ba,ridge ego,pooled,7.2,0.3129251700680272,0.2857142857142857,0.0
ba,ridge ego,pooled,7.4,0.3673469387755102,0.3401360544217687,0.0
ba,ridge ego,pooled,7.6,0.3877551020408163,0.36054421768707484,0.0
ba,ridge ego,pooled,7.8,0.3877551020408163,0.36054421768707484,0.0
ba,ridge ego,pooled,8.0,0.3877551020408163,0.36054421768707484,0.0
ba,ridge ego,pooled,8.2,0.3877551020408163,0.36054421768707484,0.0
ba,ridge ego,pooled,8.4,0.3877551020408163,0.36054421768707484,0.0
ba,ridge ego,pooled,8.6,0.40816326530612246,0.38095238095238093,0.0
ba,ridge ego,pooled,8.8,0.40816326530612246,0.38095238095238093,0.0
ba,ridge ego,pooled,9.0,0.40816326530612246,0.38095238095238093,0.0
ba,ridge ego,pooled,9.2,0.40816326530612246,0.38095238095238093,0.0
ba,ridge ego,pooled,9.4,0.42857142857142855,0.4013605442176871,0.0
ba,ridge ego,pooled,9.6,0.42857142857142855,0.4013605442176871,0.0
ba,ridge ego,pooled,9.8,0.42857142857142855,0.4013605442176871,0.0
ba,ridge ego,pooled,10.0,0.4421768707482993,0.41496598639455784,0.0
ba,ridge_late L18_last,pooled,0.0,0.0,0.0,0.04411764705882353
ba,ridge_late L18_last,pooled,0.2,0.0,0.0,0.04411764705882353
ba,ridge_late L18_last,pooled,0.4,0.0,0.0,0.04411764705882353
ba,ridge_late L18_last,pooled,0.6,0.0,0.0,0.07352941176470588
ba,ridge_late L18_last,pooled,0.8,0.0,0.0,0.08823529411764706
ba,ridge_late L18_last,pooled,1.0,0.0,0.0,0.10294117647058823
ba,ridge_late L18_last,pooled,1.2,0.0,0.0,0.1323529411764706
ba,ridge_late L18_last,pooled,1.4,0.0,0.0,0.14705882352941177
ba,ridge_late L18_last,pooled,1.6,0.0,0.0,0.17647058823529413
ba,ridge_late L18_last,pooled,1.8,0.0,0.0,0.19117647058823528
ba,ridge_late L18_last,pooled,2.0,0.0,0.0,0.22058823529411764
ba,ridge_late L18_last,pooled,2.2,0.0,0.0,0.23529411764705882
ba,ridge_late L18_last,pooled,2.4,0.0,0.0,0.23529411764705882
ba,ridge_late L18_last,pooled,2.6,0.0,0.0,0.23529411764705882
ba,ridge_late L18_last,pooled,2.8,0.0,0.0,0.23529411764705882
ba,ridge_late L18_last,pooled,3.0,0.0,0.0,0.23529411764705882
ba,ridge_late L18_last,pooled,3.2,0.0,0.0,0.25
ba,ridge_late L18_last,pooled,3.4,0.0,0.0,0.25
ba,ridge_late L18_last,pooled,3.6,0.0,0.0,0.25
ba,ridge_late L18_last,pooled,3.8,0.0,0.0,0.25
ba,ridge_late L18_last,pooled,4.0,0.0,0.0,0.25
ba,ridge_late L18_last,pooled,4.2,0.0,0.0,0.25
ba,ridge_late L18_last,pooled,4.4,0.0,0.0,0.25
ba,ridge_late L18_last,pooled,4.6,0.0,0.0,0.25
ba,ridge_late L18_last,pooled,4.8,0.0,0.0,0.25
ba,ridge_late L18_last,pooled,5.0,0.0,0.0,0.25
ba,ridge_late L18_last,pooled,5.2,0.0,0.0,0.25
ba,ridge_late L18_last,pooled,5.4,0.0,0.0,0.25
ba,ridge_late L18_last,pooled,5.6,0.0,0.0,0.25
ba,ridge_late L18_last,pooled,5.8,0.0,0.0,0.25
ba,ridge_late L18_last,pooled,6.0,0.0,0.0,0.25
ba,ridge_late L18_last,pooled,6.2,0.0,0.0,0.25
ba,ridge_late L18_last,pooled,6.4,0.0,0.0,0.25
ba,ridge_late L18_last,pooled,6.6,0.0,0.0,0.25
ba,ridge_late L18_last,pooled,6.8,0.0,0.0,0.25
ba,ridge_late L18_last,pooled,7.0,0.0,0.0,0.25
ba,ridge_late L18_last,pooled,7.2,0.0,0.0,0.25
ba,ridge_late L18_last,pooled,7.4,0.0,0.0,0.25
ba,ridge_late L18_last,pooled,7.6,0.0,0.0,0.25
ba,ridge_late L18_last,pooled,7.8,0.0,0.0,0.25
ba,ridge_late L18_last,pooled,8.0,0.0,0.0,0.25
ba,ridge_late L18_last,pooled,8.2,0.0,0.0,0.25
ba,ridge_late L18_last,pooled,8.4,0.0,0.0,0.25
ba,ridge_late L18_last,pooled,8.6,0.0,0.0,0.25
ba,ridge_late L18_last,pooled,8.8,0.0,0.0,0.25
ba,ridge_late L18_last,pooled,9.0,0.0,0.0,0.25
ba,ridge_late L18_last,pooled,9.2,0.0,0.0,0.25
ba,ridge_late L18_last,pooled,9.4,0.0,0.0,0.25
ba,ridge_late L18_last,pooled,9.6,0.0,0.0,0.25
ba,ridge_late L18_last,pooled,9.8,0.0,0.0,0.25
ba,ridge_late L18_last,pooled,10.0,0.0,0.0,0.25
ba,ridge_late L18_mean,pooled,0.0,0.0,0.0,0.014705882352941176
ba,ridge_late L18_mean,pooled,0.2,0.0,0.0,0.014705882352941176
ba,ridge_late L18_mean,pooled,0.4,0.0,0.0,0.014705882352941176
ba,ridge_late L18_mean,pooled,0.6,0.0,0.0,0.014705882352941176
ba,ridge_late L18_mean,pooled,0.8,0.0,0.0,0.029411764705882353
ba,ridge_late L18_mean,pooled,1.0,0.0,0.0,0.058823529411764705
ba,ridge_late L18_mean,pooled,1.2,0.0,0.0,0.058823529411764705
ba,ridge_late L18_mean,pooled,1.4,0.0,0.0,0.058823529411764705
ba,ridge_late L18_mean,pooled,1.6,0.0,0.0,0.058823529411764705
ba,ridge_late L18_mean,pooled,1.8,0.0,0.0,0.07352941176470588
ba,ridge_late L18_mean,pooled,2.0,0.0,0.0,0.08823529411764706
ba,ridge_late L18_mean,pooled,2.2,0.0,0.0,0.10294117647058823
ba,ridge_late L18_mean,pooled,2.4,0.0,0.0,0.11764705882352941
ba,ridge_late L18_mean,pooled,2.6,0.0,0.0,0.11764705882352941
ba,ridge_late L18_mean,pooled,2.8,0.0,0.0,0.11764705882352941
ba,ridge_late L18_mean,pooled,3.0,0.0,0.0,0.11764705882352941
ba,ridge_late L18_mean,pooled,3.2,0.0,0.0,0.11764705882352941
ba,ridge_late L18_mean,pooled,3.4,0.0,0.0,0.11764705882352941
ba,ridge_late L18_mean,pooled,3.6,0.0,0.0,0.1323529411764706
ba,ridge_late L18_mean,pooled,3.8,0.0,0.0,0.1323529411764706
ba,ridge_late L18_mean,pooled,4.0,0.0,0.0,0.1323529411764706
ba,ridge_late L18_mean,pooled,4.2,0.0,0.0,0.1323529411764706
ba,ridge_late L18_mean,pooled,4.4,0.0,0.0,0.1323529411764706
ba,ridge_late L18_mean,pooled,4.6,0.0,0.0,0.1323529411764706
ba,ridge_late L18_mean,pooled,4.8,0.0,0.0,0.1323529411764706
ba,ridge_late L18_mean,pooled,5.0,0.0,0.0,0.1323529411764706
ba,ridge_late L18_mean,pooled,5.2,0.0,0.0,0.14705882352941177
ba,ridge_late L18_mean,pooled,5.4,0.0,0.0,0.14705882352941177
ba,ridge_late L18_mean,pooled,5.6,0.0,0.0,0.16176470588235295
ba,ridge_late L18_mean,pooled,5.8,0.0,0.0,0.16176470588235295
ba,ridge_late L18_mean,pooled,6.0,0.0,0.0,0.16176470588235295
ba,ridge_late L18_mean,pooled,6.2,0.0,0.0,0.16176470588235295
ba,ridge_late L18_mean,pooled,6.4,0.0,0.0,0.16176470588235295
ba,ridge_late L18_mean,pooled,6.6,0.0,0.0,0.16176470588235295
ba,ridge_late L18_mean,pooled,6.8,0.0,0.0,0.16176470588235295
ba,ridge_late L18_mean,pooled,7.0,0.0,0.0,0.16176470588235295
ba,ridge_late L18_mean,pooled,7.2,0.0,0.0,0.16176470588235295
ba,ridge_late L18_mean,pooled,7.4,0.0,0.0,0.16176470588235295
ba,ridge_late L18_mean,pooled,7.6,0.0,0.0,0.16176470588235295
ba,ridge_late L18_mean,pooled,7.8,0.0,0.0,0.16176470588235295
ba,ridge_late L18_mean,pooled,8.0,0.0,0.0,0.16176470588235295
ba,ridge_late L18_mean,pooled,8.2,0.0,0.0,0.16176470588235295
ba,ridge_late L18_mean,pooled,8.4,0.0,0.0,0.16176470588235295
ba,ridge_late L18_mean,pooled,8.6,0.0,0.0,0.16176470588235295
ba,ridge_late L18_mean,pooled,8.8,0.0,0.0,0.16176470588235295
ba,ridge_late L18_mean,pooled,9.0,0.0,0.0,0.16176470588235295
ba,ridge_late L18_mean,pooled,9.2,0.0,0.0,0.16176470588235295
ba,ridge_late L18_mean,pooled,9.4,0.0,0.0,0.16176470588235295
ba,ridge_late L18_mean,pooled,9.6,0.0,0.0,0.16176470588235295
ba,ridge_late L18_mean,pooled,9.8,0.0,0.0,0.16176470588235295
ba,ridge_late L18_mean,pooled,10.0,0.0,0.0,0.16176470588235295
ba,ridge_late op-cinque temporal,pooled,0.0,0.0,0.0,0.058823529411764705
ba,ridge_late op-cinque temporal,pooled,0.2,0.0,0.0,0.058823529411764705
ba,ridge_late op-cinque temporal,pooled,0.4,0.0,0.0,0.07352941176470588
ba,ridge_late op-cinque temporal,pooled,0.6,0.0,0.0,0.08823529411764706
ba,ridge_late op-cinque temporal,pooled,0.8,0.0,0.0,0.10294117647058823
ba,ridge_late op-cinque temporal,pooled,1.0,0.0,0.0,0.11764705882352941
ba,ridge_late op-cinque temporal,pooled,1.2,0.0,0.0,0.11764705882352941
ba,ridge_late op-cinque temporal,pooled,1.4,0.0,0.0,0.11764705882352941
ba,ridge_late op-cinque temporal,pooled,1.6,0.0,0.0,0.1323529411764706
ba,ridge_late op-cinque temporal,pooled,1.8,0.0,0.0,0.1323529411764706
ba,ridge_late op-cinque temporal,pooled,2.0,0.0,0.0,0.1323529411764706
ba,ridge_late op-cinque temporal,pooled,2.2,0.02040816326530612,0.02040816326530612,0.14705882352941177
ba,ridge_late op-cinque temporal,pooled,2.4,0.02040816326530612,0.02040816326530612,0.16176470588235295
ba,ridge_late op-cinque temporal,pooled,2.6,0.02040816326530612,0.02040816326530612,0.16176470588235295
ba,ridge_late op-cinque temporal,pooled,2.8,0.02040816326530612,0.02040816326530612,0.17647058823529413
ba,ridge_late op-cinque temporal,pooled,3.0,0.02040816326530612,0.02040816326530612,0.17647058823529413
ba,ridge_late op-cinque temporal,pooled,3.2,0.02040816326530612,0.02040816326530612,0.17647058823529413
ba,ridge_late op-cinque temporal,pooled,3.4,0.02040816326530612,0.02040816326530612,0.17647058823529413
ba,ridge_late op-cinque temporal,pooled,3.6,0.034013605442176874,0.034013605442176874,0.19117647058823528
ba,ridge_late op-cinque temporal,pooled,3.8,0.034013605442176874,0.034013605442176874,0.19117647058823528
ba,ridge_late op-cinque temporal,pooled,4.0,0.034013605442176874,0.034013605442176874,0.19117647058823528
ba,ridge_late op-cinque temporal,pooled,4.2,0.034013605442176874,0.034013605442176874,0.19117647058823528
ba,ridge_late op-cinque temporal,pooled,4.4,0.034013605442176874,0.034013605442176874,0.19117647058823528
ba,ridge_late op-cinque temporal,pooled,4.6,0.034013605442176874,0.034013605442176874,0.19117647058823528
ba,ridge_late op-cinque temporal,pooled,4.8,0.061224489795918366,0.04081632653061224,0.19117647058823528
ba,ridge_late op-cinque temporal,pooled,5.0,0.061224489795918366,0.04081632653061224,0.20588235294117646
ba,ridge_late op-cinque temporal,pooled,5.2,0.08163265306122448,0.04081632653061224,0.20588235294117646
ba,ridge_late op-cinque temporal,pooled,5.4,0.11564625850340136,0.04081632653061224,0.20588235294117646
ba,ridge_late op-cinque temporal,pooled,5.6,0.11564625850340136,0.04081632653061224,0.22058823529411764
ba,ridge_late op-cinque temporal,pooled,5.8,0.1360544217687075,0.05442176870748299,0.23529411764705882
ba,ridge_late op-cinque temporal,pooled,6.0,0.2925170068027211,0.19727891156462585,0.23529411764705882
ba,ridge_late op-cinque temporal,pooled,6.2,0.3333333333333333,0.23809523809523808,0.23529411764705882
ba,ridge_late op-cinque temporal,pooled,6.4,0.36054421768707484,0.2653061224489796,0.23529411764705882
ba,ridge_late op-cinque temporal,pooled,6.6,0.46258503401360546,0.3469387755102041,0.2647058823529412
ba,ridge_late op-cinque temporal,pooled,6.8,0.4897959183673469,0.3741496598639456,0.2647058823529412
ba,ridge_late op-cinque temporal,pooled,7.0,0.5034013605442177,0.3877551020408163,0.27941176470588236
ba,ridge_late op-cinque temporal,pooled,7.2,0.5034013605442177,0.40816326530612246,0.27941176470588236
ba,ridge_late op-cinque temporal,pooled,7.4,0.5102040816326531,0.41496598639455784,0.27941176470588236
ba,ridge_late op-cinque temporal,pooled,7.6,0.5102040816326531,0.41496598639455784,0.27941176470588236
ba,ridge_late op-cinque temporal,pooled,7.8,0.5102040816326531,0.4489795918367347,0.27941176470588236
ba,ridge_late op-cinque temporal,pooled,8.0,0.5102040816326531,0.4489795918367347,0.27941176470588236
ba,ridge_late op-cinque temporal,pooled,8.2,0.5102040816326531,0.4489795918367347,0.27941176470588236
ba,ridge_late op-cinque temporal,pooled,8.4,0.5102040816326531,0.46258503401360546,0.27941176470588236
ba,ridge_late op-cinque temporal,pooled,8.6,0.5102040816326531,0.4897959183673469,0.27941176470588236
ba,ridge_late op-cinque temporal,pooled,8.8,0.5102040816326531,0.4897959183673469,0.27941176470588236
ba,ridge_late op-cinque temporal,pooled,9.0,0.5102040816326531,0.4897959183673469,0.27941176470588236
ba,ridge_late op-cinque temporal,pooled,9.2,0.5102040816326531,0.4897959183673469,0.27941176470588236
ba,ridge_late op-cinque temporal,pooled,9.4,0.5102040816326531,0.4897959183673469,0.27941176470588236
ba,ridge_late op-cinque temporal,pooled,9.6,0.5102040816326531,0.5034013605442177,0.27941176470588236
ba,ridge_late op-cinque temporal,pooled,9.8,0.5170068027210885,0.5034013605442177,0.27941176470588236
ba,ridge_late op-cinque temporal,pooled,10.0,0.5170068027210885,0.5034013605442177,0.27941176470588236
ba,ridge_late op-cinque vision,pooled,0.0,0.0,0.0,0.04411764705882353
ba,ridge_late op-cinque vision,pooled,0.2,0.0,0.0,0.058823529411764705
ba,ridge_late op-cinque vision,pooled,0.4,0.0,0.0,0.058823529411764705
ba,ridge_late op-cinque vision,pooled,0.6,0.0,0.0,0.08823529411764706
ba,ridge_late op-cinque vision,pooled,0.8,0.0,0.0,0.08823529411764706
ba,ridge_late op-cinque vision,pooled,1.0,0.0,0.0,0.08823529411764706
ba,ridge_late op-cinque vision,pooled,1.2,0.0,0.0,0.10294117647058823
ba,ridge_late op-cinque vision,pooled,1.4,0.013605442176870748,0.013605442176870748,0.10294117647058823
ba,ridge_late op-cinque vision,pooled,1.6,0.013605442176870748,0.013605442176870748,0.11764705882352941
ba,ridge_late op-cinque vision,pooled,1.8,0.02040816326530612,0.02040816326530612,0.11764705882352941
ba,ridge_late op-cinque vision,pooled,2.0,0.04081632653061224,0.04081632653061224,0.1323529411764706
ba,ridge_late op-cinque vision,pooled,2.2,0.05442176870748299,0.05442176870748299,0.1323529411764706
ba,ridge_late op-cinque vision,pooled,2.4,0.05442176870748299,0.05442176870748299,0.1323529411764706
ba,ridge_late op-cinque vision,pooled,2.6,0.06802721088435375,0.06802721088435375,0.14705882352941177
ba,ridge_late op-cinque vision,pooled,2.8,0.07482993197278912,0.07482993197278912,0.17647058823529413
ba,ridge_late op-cinque vision,pooled,3.0,0.07482993197278912,0.07482993197278912,0.19117647058823528
ba,ridge_late op-cinque vision,pooled,3.2,0.08163265306122448,0.08163265306122448,0.19117647058823528
ba,ridge_late op-cinque vision,pooled,3.4,0.08163265306122448,0.08163265306122448,0.20588235294117646
ba,ridge_late op-cinque vision,pooled,3.6,0.11564625850340136,0.11564625850340136,0.20588235294117646
ba,ridge_late op-cinque vision,pooled,3.8,0.1564625850340136,0.1564625850340136,0.22058823529411764
ba,ridge_late op-cinque vision,pooled,4.0,0.19727891156462585,0.1564625850340136,0.22058823529411764
ba,ridge_late op-cinque vision,pooled,4.2,0.21768707482993196,0.1564625850340136,0.22058823529411764
ba,ridge_late op-cinque vision,pooled,4.4,0.21768707482993196,0.1564625850340136,0.23529411764705882
ba,ridge_late op-cinque vision,pooled,4.6,0.21768707482993196,0.1564625850340136,0.23529411764705882
ba,ridge_late op-cinque vision,pooled,4.8,0.21768707482993196,0.1564625850340136,0.23529411764705882
ba,ridge_late op-cinque vision,pooled,5.0,0.22448979591836735,0.1564625850340136,0.23529411764705882
ba,ridge_late op-cinque vision,pooled,5.2,0.22448979591836735,0.1564625850340136,0.25
ba,ridge_late op-cinque vision,pooled,5.4,0.24489795918367346,0.1564625850340136,0.25
ba,ridge_late op-cinque vision,pooled,5.6,0.25170068027210885,0.1564625850340136,0.25
ba,ridge_late op-cinque vision,pooled,5.8,0.32653061224489793,0.21768707482993196,0.25
ba,ridge_late op-cinque vision,pooled,6.0,0.4489795918367347,0.32653061224489793,0.25
ba,ridge_late op-cinque vision,pooled,6.2,0.4897959183673469,0.38095238095238093,0.25
ba,ridge_late op-cinque vision,pooled,6.4,0.5102040816326531,0.40816326530612246,0.25
ba,ridge_late op-cinque vision,pooled,6.6,0.5986394557823129,0.4965986394557823,0.2647058823529412
ba,ridge_late op-cinque vision,pooled,6.8,0.6054421768707483,0.5034013605442177,0.2647058823529412
ba,ridge_late op-cinque vision,pooled,7.0,0.6054421768707483,0.5034013605442177,0.2647058823529412
ba,ridge_late op-cinque vision,pooled,7.2,0.6122448979591837,0.5238095238095238,0.27941176470588236
ba,ridge_late op-cinque vision,pooled,7.4,0.6122448979591837,0.5306122448979592,0.29411764705882354
ba,ridge_late op-cinque vision,pooled,7.6,0.6122448979591837,0.5306122448979592,0.29411764705882354
ba,ridge_late op-cinque vision,pooled,7.8,0.6122448979591837,0.564625850340136,0.3088235294117647
ba,ridge_late op-cinque vision,pooled,8.0,0.6122448979591837,0.564625850340136,0.3088235294117647
ba,ridge_late op-cinque vision,pooled,8.2,0.6122448979591837,0.564625850340136,0.3088235294117647
ba,ridge_late op-cinque vision,pooled,8.4,0.6258503401360545,0.5782312925170068,0.3088235294117647
ba,ridge_late op-cinque vision,pooled,8.6,0.6258503401360545,0.6054421768707483,0.3088235294117647
ba,ridge_late op-cinque vision,pooled,8.8,0.6326530612244898,0.6054421768707483,0.3088235294117647
ba,ridge_late op-cinque vision,pooled,9.0,0.6326530612244898,0.6054421768707483,0.3088235294117647
ba,ridge_late op-cinque vision,pooled,9.2,0.6326530612244898,0.6054421768707483,0.3088235294117647
ba,ridge_late op-cinque vision,pooled,9.4,0.6326530612244898,0.6054421768707483,0.3088235294117647
ba,ridge_late op-cinque vision,pooled,9.6,0.6326530612244898,0.6054421768707483,0.3088235294117647
ba,ridge_late op-cinque vision,pooled,9.8,0.6326530612244898,0.6054421768707483,0.3088235294117647
ba,ridge_late op-cinque vision,pooled,10.0,0.6326530612244898,0.6054421768707483,0.3088235294117647
ba,ridge_late op-lebowski temporal,pooled,0.0,0.0,0.0,0.07352941176470588
ba,ridge_late op-lebowski temporal,pooled,0.2,0.0,0.0,0.10294117647058823
ba,ridge_late op-lebowski temporal,pooled,0.4,0.0,0.0,0.11764705882352941
ba,ridge_late op-lebowski temporal,pooled,0.6,0.0,0.0,0.14705882352941177
ba,ridge_late op-lebowski temporal,pooled,0.8,0.0,0.0,0.16176470588235295
ba,ridge_late op-lebowski temporal,pooled,1.0,0.0,0.0,0.19117647058823528
ba,ridge_late op-lebowski temporal,pooled,1.2,0.0,0.0,0.19117647058823528
ba,ridge_late op-lebowski temporal,pooled,1.4,0.0,0.0,0.20588235294117646
ba,ridge_late op-lebowski temporal,pooled,1.6,0.0,0.0,0.22058823529411764
ba,ridge_late op-lebowski temporal,pooled,1.8,0.006802721088435374,0.006802721088435374,0.22058823529411764
ba,ridge_late op-lebowski temporal,pooled,2.0,0.02040816326530612,0.02040816326530612,0.22058823529411764
ba,ridge_late op-lebowski temporal,pooled,2.2,0.034013605442176874,0.034013605442176874,0.22058823529411764
ba,ridge_late op-lebowski temporal,pooled,2.4,0.047619047619047616,0.047619047619047616,0.23529411764705882
ba,ridge_late op-lebowski temporal,pooled,2.6,0.06802721088435375,0.047619047619047616,0.23529411764705882
ba,ridge_late op-lebowski temporal,pooled,2.8,0.07482993197278912,0.047619047619047616,0.23529411764705882
ba,ridge_late op-lebowski temporal,pooled,3.0,0.07482993197278912,0.047619047619047616,0.23529411764705882
ba,ridge_late op-lebowski temporal,pooled,3.2,0.10204081632653061,0.061224489795918366,0.23529411764705882
ba,ridge_late op-lebowski temporal,pooled,3.4,0.10204081632653061,0.061224489795918366,0.29411764705882354
ba,ridge_late op-lebowski temporal,pooled,3.6,0.11564625850340136,0.07482993197278912,0.3235294117647059
ba,ridge_late op-lebowski temporal,pooled,3.8,0.1360544217687075,0.07482993197278912,0.3235294117647059
ba,ridge_late op-lebowski temporal,pooled,4.0,0.14285714285714285,0.07482993197278912,0.3382352941176471
ba,ridge_late op-lebowski temporal,pooled,4.2,0.14285714285714285,0.07482993197278912,0.3382352941176471
ba,ridge_late op-lebowski temporal,pooled,4.4,0.14285714285714285,0.07482993197278912,0.3382352941176471
ba,ridge_late op-lebowski temporal,pooled,4.6,0.14285714285714285,0.07482993197278912,0.3382352941176471
ba,ridge_late op-lebowski temporal,pooled,4.8,0.14285714285714285,0.07482993197278912,0.35294117647058826
ba,ridge_late op-lebowski temporal,pooled,5.0,0.16326530612244897,0.08163265306122448,0.36764705882352944
ba,ridge_late op-lebowski temporal,pooled,5.2,0.17006802721088435,0.08163265306122448,0.36764705882352944
ba,ridge_late op-lebowski temporal,pooled,5.4,0.19727891156462585,0.08163265306122448,0.36764705882352944
ba,ridge_late op-lebowski temporal,pooled,5.6,0.20408163265306123,0.08163265306122448,0.36764705882352944
ba,ridge_late op-lebowski temporal,pooled,5.8,0.23129251700680273,0.08843537414965986,0.36764705882352944
ba,ridge_late op-lebowski temporal,pooled,6.0,0.2789115646258503,0.16326530612244897,0.36764705882352944
ba,ridge_late op-lebowski temporal,pooled,6.2,0.41496598639455784,0.29931972789115646,0.38235294117647056
ba,ridge_late op-lebowski temporal,pooled,6.4,0.42857142857142855,0.3129251700680272,0.38235294117647056
ba,ridge_late op-lebowski temporal,pooled,6.6,0.46258503401360546,0.3469387755102041,0.38235294117647056
ba,ridge_late op-lebowski temporal,pooled,6.8,0.48299319727891155,0.3673469387755102,0.4117647058823529
ba,ridge_late op-lebowski temporal,pooled,7.0,0.5102040816326531,0.3945578231292517,0.4117647058823529
ba,ridge_late op-lebowski temporal,pooled,7.2,0.5306122448979592,0.43537414965986393,0.4411764705882353
ba,ridge_late op-lebowski temporal,pooled,7.4,0.54421768707483,0.4557823129251701,0.45588235294117646
ba,ridge_late op-lebowski temporal,pooled,7.6,0.5510204081632653,0.4557823129251701,0.47058823529411764
ba,ridge_late op-lebowski temporal,pooled,7.8,0.5510204081632653,0.4897959183673469,0.47058823529411764
ba,ridge_late op-lebowski temporal,pooled,8.0,0.5510204081632653,0.4897959183673469,0.47058823529411764
ba,ridge_late op-lebowski temporal,pooled,8.2,0.5510204081632653,0.4897959183673469,0.47058823529411764
ba,ridge_late op-lebowski temporal,pooled,8.4,0.5510204081632653,0.5034013605442177,0.47058823529411764
ba,ridge_late op-lebowski temporal,pooled,8.6,0.5510204081632653,0.5306122448979592,0.47058823529411764
ba,ridge_late op-lebowski temporal,pooled,8.8,0.5510204081632653,0.5306122448979592,0.47058823529411764
ba,ridge_late op-lebowski temporal,pooled,9.0,0.5510204081632653,0.5306122448979592,0.47058823529411764
ba,ridge_late op-lebowski temporal,pooled,9.2,0.5578231292517006,0.5306122448979592,0.47058823529411764
ba,ridge_late op-lebowski temporal,pooled,9.4,0.5578231292517006,0.5306122448979592,0.47058823529411764
ba,ridge_late op-lebowski temporal,pooled,9.6,0.5578231292517006,0.54421768707483,0.47058823529411764
ba,ridge_late op-lebowski temporal,pooled,9.8,0.5578231292517006,0.54421768707483,0.47058823529411764
ba,ridge_late op-lebowski temporal,pooled,10.0,0.564625850340136,0.54421768707483,0.47058823529411764
ba,ridge_late op-lebowski vision,pooled,0.0,0.0,0.0,0.08823529411764706
ba,ridge_late op-lebowski vision,pooled,0.2,0.0,0.0,0.08823529411764706
ba,ridge_late op-lebowski vision,pooled,0.4,0.0,0.0,0.08823529411764706
ba,ridge_late op-lebowski vision,pooled,0.6,0.0,0.0,0.11764705882352941
ba,ridge_late op-lebowski vision,pooled,0.8,0.0,0.0,0.11764705882352941
ba,ridge_late op-lebowski vision,pooled,1.0,0.0,0.0,0.11764705882352941
ba,ridge_late op-lebowski vision,pooled,1.2,0.0,0.0,0.11764705882352941
ba,ridge_late op-lebowski vision,pooled,1.4,0.0,0.0,0.14705882352941177
ba,ridge_late op-lebowski vision,pooled,1.6,0.0,0.0,0.17647058823529413
ba,ridge_late op-lebowski vision,pooled,1.8,0.02040816326530612,0.02040816326530612,0.17647058823529413
ba,ridge_late op-lebowski vision,pooled,2.0,0.02040816326530612,0.02040816326530612,0.17647058823529413
ba,ridge_late op-lebowski vision,pooled,2.2,0.07482993197278912,0.06802721088435375,0.19117647058823528
ba,ridge_late op-lebowski vision,pooled,2.4,0.09523809523809523,0.08843537414965986,0.20588235294117646
ba,ridge_late op-lebowski vision,pooled,2.6,0.09523809523809523,0.08843537414965986,0.22058823529411764
ba,ridge_late op-lebowski vision,pooled,2.8,0.10884353741496598,0.10204081632653061,0.22058823529411764
ba,ridge_late op-lebowski vision,pooled,3.0,0.1292517006802721,0.10204081632653061,0.22058823529411764
ba,ridge_late op-lebowski vision,pooled,3.2,0.1360544217687075,0.10204081632653061,0.23529411764705882
ba,ridge_late op-lebowski vision,pooled,3.4,0.1360544217687075,0.10204081632653061,0.2647058823529412
ba,ridge_late op-lebowski vision,pooled,3.6,0.14965986394557823,0.11564625850340136,0.2647058823529412
ba,ridge_late op-lebowski vision,pooled,3.8,0.17006802721088435,0.1360544217687075,0.27941176470588236
ba,ridge_late op-lebowski vision,pooled,4.0,0.19047619047619047,0.1360544217687075,0.27941176470588236
ba,ridge_late op-lebowski vision,pooled,4.2,0.2108843537414966,0.1360544217687075,0.27941176470588236
ba,ridge_late op-lebowski vision,pooled,4.4,0.2108843537414966,0.1360544217687075,0.27941176470588236
ba,ridge_late op-lebowski vision,pooled,4.6,0.2108843537414966,0.1360544217687075,0.27941176470588236
ba,ridge_late op-lebowski vision,pooled,4.8,0.2108843537414966,0.1360544217687075,0.27941176470588236
ba,ridge_late op-lebowski vision,pooled,5.0,0.22448979591836735,0.1360544217687075,0.29411764705882354
ba,ridge_late op-lebowski vision,pooled,5.2,0.23129251700680273,0.1360544217687075,0.29411764705882354
ba,ridge_late op-lebowski vision,pooled,5.4,0.23809523809523808,0.1360544217687075,0.29411764705882354
ba,ridge_late op-lebowski vision,pooled,5.6,0.23809523809523808,0.14285714285714285,0.29411764705882354
ba,ridge_late op-lebowski vision,pooled,5.8,0.272108843537415,0.17006802721088435,0.3088235294117647
ba,ridge_late op-lebowski vision,pooled,6.0,0.36054421768707484,0.2925170068027211,0.3235294117647059
ba,ridge_late op-lebowski vision,pooled,6.2,0.4557823129251701,0.3673469387755102,0.3382352941176471
ba,ridge_late op-lebowski vision,pooled,6.4,0.46258503401360546,0.3673469387755102,0.3382352941176471
ba,ridge_late op-lebowski vision,pooled,6.6,0.5306122448979592,0.4421768707482993,0.35294117647058826
ba,ridge_late op-lebowski vision,pooled,6.8,0.5306122448979592,0.4421768707482993,0.36764705882352944
ba,ridge_late op-lebowski vision,pooled,7.0,0.5714285714285714,0.46938775510204084,0.36764705882352944
ba,ridge_late op-lebowski vision,pooled,7.2,0.5986394557823129,0.5102040816326531,0.39705882352941174
ba,ridge_late op-lebowski vision,pooled,7.4,0.6054421768707483,0.5170068027210885,0.39705882352941174
ba,ridge_late op-lebowski vision,pooled,7.6,0.6054421768707483,0.5170068027210885,0.4117647058823529
ba,ridge_late op-lebowski vision,pooled,7.8,0.6122448979591837,0.5510204081632653,0.4117647058823529
ba,ridge_late op-lebowski vision,pooled,8.0,0.6122448979591837,0.5510204081632653,0.4117647058823529
ba,ridge_late op-lebowski vision,pooled,8.2,0.6122448979591837,0.5510204081632653,0.4117647058823529
ba,ridge_late op-lebowski vision,pooled,8.4,0.6122448979591837,0.564625850340136,0.4117647058823529
ba,ridge_late op-lebowski vision,pooled,8.6,0.6122448979591837,0.5918367346938775,0.4117647058823529
ba,ridge_late op-lebowski vision,pooled,8.8,0.6122448979591837,0.5918367346938775,0.4117647058823529
ba,ridge_late op-lebowski vision,pooled,9.0,0.6122448979591837,0.5918367346938775,0.4117647058823529
ba,ridge_late op-lebowski vision,pooled,9.2,0.6122448979591837,0.5918367346938775,0.4117647058823529
ba,ridge_late op-lebowski vision,pooled,9.4,0.6122448979591837,0.5918367346938775,0.4117647058823529
ba,ridge_late op-lebowski vision,pooled,9.6,0.6122448979591837,0.6054421768707483,0.4117647058823529
ba,ridge_late op-lebowski vision,pooled,9.8,0.6122448979591837,0.6054421768707483,0.4117647058823529
ba,ridge_late op-lebowski vision,pooled,10.0,0.6122448979591837,0.6054421768707483,0.4117647058823529
ba,ridge_late op-lebowski hidden,pooled,0.0,0.0,0.0,0.04411764705882353
ba,ridge_late op-lebowski hidden,pooled,0.2,0.0,0.0,0.07352941176470588
ba,ridge_late op-lebowski hidden,pooled,0.4,0.0,0.0,0.08823529411764706
ba,ridge_late op-lebowski hidden,pooled,0.6,0.0,0.0,0.10294117647058823
ba,ridge_late op-lebowski hidden,pooled,0.8,0.0,0.0,0.14705882352941177
ba,ridge_late op-lebowski hidden,pooled,1.0,0.006802721088435374,0.0,0.16176470588235295
ba,ridge_late op-lebowski hidden,pooled,1.2,0.013605442176870748,0.006802721088435374,0.16176470588235295
ba,ridge_late op-lebowski hidden,pooled,1.4,0.013605442176870748,0.006802721088435374,0.17647058823529413
ba,ridge_late op-lebowski hidden,pooled,1.6,0.013605442176870748,0.006802721088435374,0.17647058823529413
ba,ridge_late op-lebowski hidden,pooled,1.8,0.027210884353741496,0.02040816326530612,0.17647058823529413
ba,ridge_late op-lebowski hidden,pooled,2.0,0.061224489795918366,0.04081632653061224,0.17647058823529413
ba,ridge_late op-lebowski hidden,pooled,2.2,0.08843537414965986,0.061224489795918366,0.17647058823529413
ba,ridge_late op-lebowski hidden,pooled,2.4,0.09523809523809523,0.061224489795918366,0.19117647058823528
ba,ridge_late op-lebowski hidden,pooled,2.6,0.11564625850340136,0.06802721088435375,0.22058823529411764
ba,ridge_late op-lebowski hidden,pooled,2.8,0.1360544217687075,0.07482993197278912,0.23529411764705882
ba,ridge_late op-lebowski hidden,pooled,3.0,0.14285714285714285,0.07482993197278912,0.23529411764705882
ba,ridge_late op-lebowski hidden,pooled,3.2,0.14285714285714285,0.07482993197278912,0.23529411764705882
ba,ridge_late op-lebowski hidden,pooled,3.4,0.17687074829931973,0.08843537414965986,0.23529411764705882
ba,ridge_late op-lebowski hidden,pooled,3.6,0.17687074829931973,0.08843537414965986,0.25
ba,ridge_late op-lebowski hidden,pooled,3.8,0.1836734693877551,0.08843537414965986,0.2647058823529412
ba,ridge_late op-lebowski hidden,pooled,4.0,0.1836734693877551,0.08843537414965986,0.2647058823529412
ba,ridge_late op-lebowski hidden,pooled,4.2,0.1836734693877551,0.08843537414965986,0.2647058823529412
ba,ridge_late op-lebowski hidden,pooled,4.4,0.1836734693877551,0.08843537414965986,0.2647058823529412
ba,ridge_late op-lebowski hidden,pooled,4.6,0.1836734693877551,0.08843537414965986,0.2647058823529412
ba,ridge_late op-lebowski hidden,pooled,4.8,0.1836734693877551,0.08843537414965986,0.2647058823529412
ba,ridge_late op-lebowski hidden,pooled,5.0,0.1836734693877551,0.08843537414965986,0.29411764705882354
ba,ridge_late op-lebowski hidden,pooled,5.2,0.19047619047619047,0.09523809523809523,0.29411764705882354
ba,ridge_late op-lebowski hidden,pooled,5.4,0.20408163265306123,0.09523809523809523,0.29411764705882354
ba,ridge_late op-lebowski hidden,pooled,5.6,0.2108843537414966,0.09523809523809523,0.29411764705882354
ba,ridge_late op-lebowski hidden,pooled,5.8,0.23809523809523808,0.12244897959183673,0.29411764705882354
ba,ridge_late op-lebowski hidden,pooled,6.0,0.3401360544217687,0.25170068027210885,0.3088235294117647
ba,ridge_late op-lebowski hidden,pooled,6.2,0.4217687074829932,0.3197278911564626,0.3088235294117647
ba,ridge_late op-lebowski hidden,pooled,6.4,0.4421768707482993,0.32653061224489793,0.3088235294117647
ba,ridge_late op-lebowski hidden,pooled,6.6,0.4897959183673469,0.38095238095238093,0.3088235294117647
ba,ridge_late op-lebowski hidden,pooled,6.8,0.4897959183673469,0.38095238095238093,0.3382352941176471
ba,ridge_late op-lebowski hidden,pooled,7.0,0.5102040816326531,0.4013605442176871,0.3382352941176471
ba,ridge_late op-lebowski hidden,pooled,7.2,0.5714285714285714,0.46258503401360546,0.36764705882352944
ba,ridge_late op-lebowski hidden,pooled,7.4,0.5714285714285714,0.46938775510204084,0.36764705882352944
ba,ridge_late op-lebowski hidden,pooled,7.6,0.5714285714285714,0.46938775510204084,0.38235294117647056
ba,ridge_late op-lebowski hidden,pooled,7.8,0.5782312925170068,0.5034013605442177,0.38235294117647056
ba,ridge_late op-lebowski hidden,pooled,8.0,0.5782312925170068,0.5034013605442177,0.38235294117647056
ba,ridge_late op-lebowski hidden,pooled,8.2,0.5782312925170068,0.5034013605442177,0.38235294117647056
ba,ridge_late op-lebowski hidden,pooled,8.4,0.5782312925170068,0.5170068027210885,0.38235294117647056
ba,ridge_late op-lebowski hidden,pooled,8.6,0.5782312925170068,0.54421768707483,0.38235294117647056
ba,ridge_late op-lebowski hidden,pooled,8.8,0.5782312925170068,0.54421768707483,0.38235294117647056
ba,ridge_late op-lebowski hidden,pooled,9.0,0.5782312925170068,0.54421768707483,0.38235294117647056
ba,ridge_late op-lebowski hidden,pooled,9.2,0.5782312925170068,0.54421768707483,0.38235294117647056
ba,ridge_late op-lebowski hidden,pooled,9.4,0.5850340136054422,0.54421768707483,0.38235294117647056
ba,ridge_late op-lebowski hidden,pooled,9.6,0.5850340136054422,0.5578231292517006,0.38235294117647056
ba,ridge_late op-lebowski hidden,pooled,9.8,0.5850340136054422,0.5578231292517006,0.38235294117647056
ba,ridge_late op-lebowski hidden,pooled,10.0,0.5850340136054422,0.5578231292517006,0.38235294117647056
ba,prior [cinque],pooled,0.0,0.0,0.0,0.058823529411764705
ba,prior [cinque],pooled,0.2,0.0,0.0,0.058823529411764705
ba,prior [cinque],pooled,0.4,0.0,0.0,0.07352941176470588
ba,prior [cinque],pooled,0.6,0.0,0.0,0.08823529411764706
ba,prior [cinque],pooled,0.8,0.0,0.0,0.10294117647058823
ba,prior [cinque],pooled,1.0,0.0,0.0,0.11764705882352941
ba,prior [cinque],pooled,1.2,0.0,0.0,0.11764705882352941
ba,prior [cinque],pooled,1.4,0.0,0.0,0.11764705882352941
ba,prior [cinque],pooled,1.6,0.0,0.0,0.1323529411764706
ba,prior [cinque],pooled,1.8,0.0,0.0,0.1323529411764706
ba,prior [cinque],pooled,2.0,0.0,0.0,0.1323529411764706
ba,prior [cinque],pooled,2.2,0.02040816326530612,0.02040816326530612,0.14705882352941177
ba,prior [cinque],pooled,2.4,0.02040816326530612,0.02040816326530612,0.16176470588235295
ba,prior [cinque],pooled,2.6,0.02040816326530612,0.02040816326530612,0.16176470588235295
ba,prior [cinque],pooled,2.8,0.02040816326530612,0.02040816326530612,0.17647058823529413
ba,prior [cinque],pooled,3.0,0.02040816326530612,0.02040816326530612,0.17647058823529413
ba,prior [cinque],pooled,3.2,0.02040816326530612,0.02040816326530612,0.17647058823529413
ba,prior [cinque],pooled,3.4,0.02040816326530612,0.02040816326530612,0.17647058823529413
ba,prior [cinque],pooled,3.6,0.034013605442176874,0.034013605442176874,0.19117647058823528
ba,prior [cinque],pooled,3.8,0.034013605442176874,0.034013605442176874,0.19117647058823528
ba,prior [cinque],pooled,4.0,0.034013605442176874,0.034013605442176874,0.19117647058823528
ba,prior [cinque],pooled,4.2,0.034013605442176874,0.034013605442176874,0.19117647058823528
ba,prior [cinque],pooled,4.4,0.034013605442176874,0.034013605442176874,0.19117647058823528
ba,prior [cinque],pooled,4.6,0.034013605442176874,0.034013605442176874,0.19117647058823528
ba,prior [cinque],pooled,4.8,0.061224489795918366,0.04081632653061224,0.19117647058823528
ba,prior [cinque],pooled,5.0,0.061224489795918366,0.04081632653061224,0.20588235294117646
ba,prior [cinque],pooled,5.2,0.08163265306122448,0.04081632653061224,0.20588235294117646
ba,prior [cinque],pooled,5.4,0.11564625850340136,0.04081632653061224,0.20588235294117646
ba,prior [cinque],pooled,5.6,0.11564625850340136,0.04081632653061224,0.22058823529411764
ba,prior [cinque],pooled,5.8,0.1360544217687075,0.05442176870748299,0.23529411764705882
ba,prior [cinque],pooled,6.0,0.2925170068027211,0.19727891156462585,0.23529411764705882
ba,prior [cinque],pooled,6.2,0.3333333333333333,0.23809523809523808,0.23529411764705882
ba,prior [cinque],pooled,6.4,0.36054421768707484,0.2653061224489796,0.23529411764705882
ba,prior [cinque],pooled,6.6,0.46258503401360546,0.3469387755102041,0.2647058823529412
ba,prior [cinque],pooled,6.8,0.4897959183673469,0.3741496598639456,0.2647058823529412
ba,prior [cinque],pooled,7.0,0.5034013605442177,0.3877551020408163,0.27941176470588236
ba,prior [cinque],pooled,7.2,0.5034013605442177,0.40816326530612246,0.27941176470588236
ba,prior [cinque],pooled,7.4,0.5102040816326531,0.41496598639455784,0.27941176470588236
ba,prior [cinque],pooled,7.6,0.5102040816326531,0.41496598639455784,0.27941176470588236
ba,prior [cinque],pooled,7.8,0.5102040816326531,0.4489795918367347,0.27941176470588236
ba,prior [cinque],pooled,8.0,0.5102040816326531,0.4489795918367347,0.27941176470588236
ba,prior [cinque],pooled,8.2,0.5102040816326531,0.4489795918367347,0.27941176470588236
ba,prior [cinque],pooled,8.4,0.5102040816326531,0.46258503401360546,0.27941176470588236
ba,prior [cinque],pooled,8.6,0.5102040816326531,0.4897959183673469,0.27941176470588236
ba,prior [cinque],pooled,8.8,0.5102040816326531,0.4897959183673469,0.27941176470588236
ba,prior [cinque],pooled,9.0,0.5102040816326531,0.4897959183673469,0.27941176470588236
ba,prior [cinque],pooled,9.2,0.5102040816326531,0.4897959183673469,0.27941176470588236
ba,prior [cinque],pooled,9.4,0.5102040816326531,0.4897959183673469,0.27941176470588236
ba,prior [cinque],pooled,9.6,0.5102040816326531,0.5034013605442177,0.27941176470588236
ba,prior [cinque],pooled,9.8,0.5170068027210885,0.5034013605442177,0.27941176470588236
ba,prior [cinque],pooled,10.0,0.5170068027210885,0.5034013605442177,0.27941176470588236
ba,M-C pair [cinque],pooled,0.0,0.0,0.0,0.04411764705882353
ba,M-C pair [cinque],pooled,0.2,0.047619047619047616,0.047619047619047616,0.058823529411764705
ba,M-C pair [cinque],pooled,0.4,0.08163265306122448,0.07482993197278912,0.07352941176470588
ba,M-C pair [cinque],pooled,0.6,0.08843537414965986,0.07482993197278912,0.07352941176470588
ba,M-C pair [cinque],pooled,0.8,0.10884353741496598,0.08843537414965986,0.08823529411764706
ba,M-C pair [cinque],pooled,1.0,0.12244897959183673,0.09523809523809523,0.11764705882352941
ba,M-C pair [cinque],pooled,1.2,0.1564625850340136,0.11564625850340136,0.1323529411764706
ba,M-C pair [cinque],pooled,1.4,0.17006802721088435,0.11564625850340136,0.1323529411764706
ba,M-C pair [cinque],pooled,1.6,0.19047619047619047,0.1360544217687075,0.19117647058823528
ba,M-C pair [cinque],pooled,1.8,0.19727891156462585,0.16326530612244897,0.19117647058823528
ba,M-C pair [cinque],pooled,2.0,0.23809523809523808,0.20408163265306123,0.22058823529411764
ba,M-C pair [cinque],pooled,2.2,0.25170068027210885,0.21768707482993196,0.22058823529411764
ba,M-C pair [cinque],pooled,2.4,0.25170068027210885,0.21768707482993196,0.23529411764705882
ba,M-C pair [cinque],pooled,2.6,0.2789115646258503,0.24489795918367346,0.25
ba,M-C pair [cinque],pooled,2.8,0.3129251700680272,0.2789115646258503,0.25
ba,M-C pair [cinque],pooled,3.0,0.35374149659863946,0.30612244897959184,0.25
ba,M-C pair [cinque],pooled,3.2,0.3741496598639456,0.32653061224489793,0.2647058823529412
ba,M-C pair [cinque],pooled,3.4,0.3741496598639456,0.32653061224489793,0.2647058823529412
ba,M-C pair [cinque],pooled,3.6,0.3741496598639456,0.32653061224489793,0.27941176470588236
ba,M-C pair [cinque],pooled,3.8,0.3741496598639456,0.32653061224489793,0.29411764705882354
ba,M-C pair [cinque],pooled,4.0,0.3877551020408163,0.3401360544217687,0.29411764705882354
ba,M-C pair [cinque],pooled,4.2,0.3877551020408163,0.3401360544217687,0.3088235294117647
ba,M-C pair [cinque],pooled,4.4,0.3877551020408163,0.3401360544217687,0.3235294117647059
ba,M-C pair [cinque],pooled,4.6,0.3877551020408163,0.3401360544217687,0.3235294117647059
ba,M-C pair [cinque],pooled,4.8,0.4013605442176871,0.3469387755102041,0.3235294117647059
ba,M-C pair [cinque],pooled,5.0,0.4013605442176871,0.3469387755102041,0.3382352941176471
ba,M-C pair [cinque],pooled,5.2,0.41496598639455784,0.35374149659863946,0.3382352941176471
ba,M-C pair [cinque],pooled,5.4,0.42857142857142855,0.35374149659863946,0.3382352941176471
ba,M-C pair [cinque],pooled,5.6,0.4421768707482993,0.35374149659863946,0.3382352941176471
ba,M-C pair [cinque],pooled,5.8,0.4965986394557823,0.3945578231292517,0.3382352941176471
ba,M-C pair [cinque],pooled,6.0,0.6394557823129252,0.5374149659863946,0.3382352941176471
ba,M-C pair [cinque],pooled,6.2,0.673469387755102,0.5782312925170068,0.35294117647058826
ba,M-C pair [cinque],pooled,6.4,0.7142857142857143,0.6054421768707483,0.36764705882352944
ba,M-C pair [cinque],pooled,6.6,0.8027210884353742,0.6802721088435374,0.39705882352941174
ba,M-C pair [cinque],pooled,6.8,0.8231292517006803,0.7006802721088435,0.4117647058823529
ba,M-C pair [cinque],pooled,7.0,0.8435374149659864,0.7006802721088435,0.4117647058823529
ba,M-C pair [cinque],pooled,7.2,0.8503401360544217,0.7210884353741497,0.4117647058823529
ba,M-C pair [cinque],pooled,7.4,0.8503401360544217,0.7278911564625851,0.4117647058823529
ba,M-C pair [cinque],pooled,7.6,0.8503401360544217,0.7278911564625851,0.4117647058823529
ba,M-C pair [cinque],pooled,7.8,0.8571428571428571,0.7619047619047619,0.4117647058823529
ba,M-C pair [cinque],pooled,8.0,0.8571428571428571,0.7619047619047619,0.4117647058823529
ba,M-C pair [cinque],pooled,8.2,0.8571428571428571,0.7619047619047619,0.4117647058823529
ba,M-C pair [cinque],pooled,8.4,0.8571428571428571,0.7755102040816326,0.4117647058823529
ba,M-C pair [cinque],pooled,8.6,0.8571428571428571,0.8027210884353742,0.4117647058823529
ba,M-C pair [cinque],pooled,8.8,0.8571428571428571,0.8027210884353742,0.4117647058823529
ba,M-C pair [cinque],pooled,9.0,0.8571428571428571,0.8027210884353742,0.4117647058823529
ba,M-C pair [cinque],pooled,9.2,0.8571428571428571,0.8027210884353742,0.4117647058823529
ba,M-C pair [cinque],pooled,9.4,0.8571428571428571,0.8027210884353742,0.4117647058823529
ba,M-C pair [cinque],pooled,9.6,0.8571428571428571,0.8163265306122449,0.4117647058823529
ba,M-C pair [cinque],pooled,9.8,0.8571428571428571,0.8163265306122449,0.4117647058823529
ba,M-C pair [cinque],pooled,10.0,0.8571428571428571,0.8163265306122449,0.4117647058823529
ba,M-C pair (mu=0) [cinque],pooled,0.0,0.0,0.0,0.07352941176470588
ba,M-C pair (mu=0) [cinque],pooled,0.2,0.034013605442176874,0.034013605442176874,0.07352941176470588
ba,M-C pair (mu=0) [cinque],pooled,0.4,0.07482993197278912,0.07482993197278912,0.10294117647058823
ba,M-C pair (mu=0) [cinque],pooled,0.6,0.07482993197278912,0.07482993197278912,0.11764705882352941
ba,M-C pair (mu=0) [cinque],pooled,0.8,0.08843537414965986,0.07482993197278912,0.1323529411764706
ba,M-C pair (mu=0) [cinque],pooled,1.0,0.09523809523809523,0.08163265306122448,0.1323529411764706
ba,M-C pair (mu=0) [cinque],pooled,1.2,0.1292517006802721,0.10204081632653061,0.16176470588235295
ba,M-C pair (mu=0) [cinque],pooled,1.4,0.1564625850340136,0.10204081632653061,0.17647058823529413
ba,M-C pair (mu=0) [cinque],pooled,1.6,0.17687074829931973,0.12244897959183673,0.17647058823529413
ba,M-C pair (mu=0) [cinque],pooled,1.8,0.1836734693877551,0.14285714285714285,0.17647058823529413
ba,M-C pair (mu=0) [cinque],pooled,2.0,0.2108843537414966,0.17687074829931973,0.20588235294117646
ba,M-C pair (mu=0) [cinque],pooled,2.2,0.21768707482993196,0.1836734693877551,0.20588235294117646
ba,M-C pair (mu=0) [cinque],pooled,2.4,0.21768707482993196,0.1836734693877551,0.20588235294117646
ba,M-C pair (mu=0) [cinque],pooled,2.6,0.23129251700680273,0.19727891156462585,0.20588235294117646
ba,M-C pair (mu=0) [cinque],pooled,2.8,0.2585034013605442,0.21768707482993196,0.20588235294117646
ba,M-C pair (mu=0) [cinque],pooled,3.0,0.3129251700680272,0.2653061224489796,0.20588235294117646
ba,M-C pair (mu=0) [cinque],pooled,3.2,0.3401360544217687,0.2857142857142857,0.20588235294117646
ba,M-C pair (mu=0) [cinque],pooled,3.4,0.3469387755102041,0.2857142857142857,0.22058823529411764
ba,M-C pair (mu=0) [cinque],pooled,3.6,0.3469387755102041,0.2857142857142857,0.22058823529411764
ba,M-C pair (mu=0) [cinque],pooled,3.8,0.3469387755102041,0.2857142857142857,0.22058823529411764
ba,M-C pair (mu=0) [cinque],pooled,4.0,0.36054421768707484,0.29931972789115646,0.22058823529411764
ba,M-C pair (mu=0) [cinque],pooled,4.2,0.36054421768707484,0.29931972789115646,0.23529411764705882
ba,M-C pair (mu=0) [cinque],pooled,4.4,0.36054421768707484,0.29931972789115646,0.23529411764705882
ba,M-C pair (mu=0) [cinque],pooled,4.6,0.36054421768707484,0.29931972789115646,0.23529411764705882
ba,M-C pair (mu=0) [cinque],pooled,4.8,0.36054421768707484,0.29931972789115646,0.23529411764705882
ba,M-C pair (mu=0) [cinque],pooled,5.0,0.3673469387755102,0.30612244897959184,0.23529411764705882
ba,M-C pair (mu=0) [cinque],pooled,5.2,0.38095238095238093,0.3129251700680272,0.23529411764705882
ba,M-C pair (mu=0) [cinque],pooled,5.4,0.38095238095238093,0.3129251700680272,0.23529411764705882
ba,M-C pair (mu=0) [cinque],pooled,5.6,0.3877551020408163,0.3129251700680272,0.23529411764705882
ba,M-C pair (mu=0) [cinque],pooled,5.8,0.41496598639455784,0.3333333333333333,0.23529411764705882
ba,M-C pair (mu=0) [cinque],pooled,6.0,0.5238095238095238,0.4421768707482993,0.23529411764705882
ba,M-C pair (mu=0) [cinque],pooled,6.2,0.5578231292517006,0.47619047619047616,0.23529411764705882
ba,M-C pair (mu=0) [cinque],pooled,6.4,0.5850340136054422,0.5034013605442177,0.23529411764705882
ba,M-C pair (mu=0) [cinque],pooled,6.6,0.6598639455782312,0.5714285714285714,0.23529411764705882
ba,M-C pair (mu=0) [cinque],pooled,6.8,0.7346938775510204,0.6258503401360545,0.23529411764705882
ba,M-C pair (mu=0) [cinque],pooled,7.0,0.7687074829931972,0.6530612244897959,0.23529411764705882
ba,M-C pair (mu=0) [cinque],pooled,7.2,0.782312925170068,0.673469387755102,0.25
ba,M-C pair (mu=0) [cinque],pooled,7.4,0.7891156462585034,0.6802721088435374,0.2647058823529412
ba,M-C pair (mu=0) [cinque],pooled,7.6,0.7891156462585034,0.6802721088435374,0.2647058823529412
ba,M-C pair (mu=0) [cinque],pooled,7.8,0.7959183673469388,0.7142857142857143,0.2647058823529412
ba,M-C pair (mu=0) [cinque],pooled,8.0,0.7959183673469388,0.7142857142857143,0.2647058823529412
ba,M-C pair (mu=0) [cinque],pooled,8.2,0.8027210884353742,0.7142857142857143,0.2647058823529412
ba,M-C pair (mu=0) [cinque],pooled,8.4,0.8027210884353742,0.7278911564625851,0.2647058823529412
ba,M-C pair (mu=0) [cinque],pooled,8.6,0.8095238095238095,0.7551020408163265,0.2647058823529412
ba,M-C pair (mu=0) [cinque],pooled,8.8,0.8163265306122449,0.7551020408163265,0.2647058823529412
ba,M-C pair (mu=0) [cinque],pooled,9.0,0.8163265306122449,0.7551020408163265,0.2647058823529412
ba,M-C pair (mu=0) [cinque],pooled,9.2,0.8231292517006803,0.7551020408163265,0.2647058823529412
ba,M-C pair (mu=0) [cinque],pooled,9.4,0.8231292517006803,0.7551020408163265,0.2647058823529412
ba,M-C pair (mu=0) [cinque],pooled,9.6,0.8231292517006803,0.7687074829931972,0.2647058823529412
ba,M-C pair (mu=0) [cinque],pooled,9.8,0.8231292517006803,0.7687074829931972,0.2647058823529412
ba,M-C pair (mu=0) [cinque],pooled,10.0,0.8231292517006803,0.7687074829931972,0.2647058823529412
ba,M-C pair qwen [cinque],pooled,0.0,0.0,0.0,0.029411764705882353
ba,M-C pair qwen [cinque],pooled,0.2,0.05442176870748299,0.05442176870748299,0.058823529411764705
ba,M-C pair qwen [cinque],pooled,0.4,0.07482993197278912,0.07482993197278912,0.058823529411764705
ba,M-C pair qwen [cinque],pooled,0.6,0.08843537414965986,0.07482993197278912,0.058823529411764705
ba,M-C pair qwen [cinque],pooled,0.8,0.11564625850340136,0.08843537414965986,0.10294117647058823
ba,M-C pair qwen [cinque],pooled,1.0,0.12244897959183673,0.09523809523809523,0.11764705882352941
ba,M-C pair qwen [cinque],pooled,1.2,0.14965986394557823,0.10884353741496598,0.1323529411764706
ba,M-C pair qwen [cinque],pooled,1.4,0.17006802721088435,0.11564625850340136,0.1323529411764706
ba,M-C pair qwen [cinque],pooled,1.6,0.19047619047619047,0.1360544217687075,0.16176470588235295
ba,M-C pair qwen [cinque],pooled,1.8,0.20408163265306123,0.16326530612244897,0.16176470588235295
ba,M-C pair qwen [cinque],pooled,2.0,0.23809523809523808,0.19727891156462585,0.19117647058823528
ba,M-C pair qwen [cinque],pooled,2.2,0.2585034013605442,0.21768707482993196,0.20588235294117646
ba,M-C pair qwen [cinque],pooled,2.4,0.2585034013605442,0.21768707482993196,0.22058823529411764
ba,M-C pair qwen [cinque],pooled,2.6,0.2789115646258503,0.23809523809523808,0.23529411764705882
ba,M-C pair qwen [cinque],pooled,2.8,0.3197278911564626,0.2789115646258503,0.25
ba,M-C pair qwen [cinque],pooled,3.0,0.3401360544217687,0.29931972789115646,0.25
ba,M-C pair qwen [cinque],pooled,3.2,0.36054421768707484,0.3197278911564626,0.27941176470588236
ba,M-C pair qwen [cinque],pooled,3.4,0.36054421768707484,0.3197278911564626,0.27941176470588236
ba,M-C pair qwen [cinque],pooled,3.6,0.36054421768707484,0.3197278911564626,0.27941176470588236
ba,M-C pair qwen [cinque],pooled,3.8,0.36054421768707484,0.3197278911564626,0.29411764705882354
ba,M-C pair qwen [cinque],pooled,4.0,0.3741496598639456,0.3333333333333333,0.29411764705882354
ba,M-C pair qwen [cinque],pooled,4.2,0.3741496598639456,0.3333333333333333,0.29411764705882354
ba,M-C pair qwen [cinque],pooled,4.4,0.3741496598639456,0.3333333333333333,0.3088235294117647
ba,M-C pair qwen [cinque],pooled,4.6,0.3741496598639456,0.3333333333333333,0.3088235294117647
ba,M-C pair qwen [cinque],pooled,4.8,0.3877551020408163,0.3401360544217687,0.3088235294117647
ba,M-C pair qwen [cinque],pooled,5.0,0.3877551020408163,0.3401360544217687,0.3382352941176471
ba,M-C pair qwen [cinque],pooled,5.2,0.4217687074829932,0.35374149659863946,0.3382352941176471
ba,M-C pair qwen [cinque],pooled,5.4,0.4489795918367347,0.35374149659863946,0.3382352941176471
ba,M-C pair qwen [cinque],pooled,5.6,0.4557823129251701,0.35374149659863946,0.3382352941176471
ba,M-C pair qwen [cinque],pooled,5.8,0.47619047619047616,0.36054421768707484,0.3382352941176471
ba,M-C pair qwen [cinque],pooled,6.0,0.5714285714285714,0.47619047619047616,0.3382352941176471
ba,M-C pair qwen [cinque],pooled,6.2,0.6530612244897959,0.5510204081632653,0.3382352941176471
ba,M-C pair qwen [cinque],pooled,6.4,0.6870748299319728,0.5782312925170068,0.3382352941176471
ba,M-C pair qwen [cinque],pooled,6.6,0.7687074829931972,0.6394557823129252,0.35294117647058826
ba,M-C pair qwen [cinque],pooled,6.8,0.7959183673469388,0.6666666666666666,0.35294117647058826
ba,M-C pair qwen [cinque],pooled,7.0,0.8299319727891157,0.6870748299319728,0.35294117647058826
ba,M-C pair qwen [cinque],pooled,7.2,0.8503401360544217,0.7142857142857143,0.35294117647058826
ba,M-C pair qwen [cinque],pooled,7.4,0.8503401360544217,0.7210884353741497,0.36764705882352944
ba,M-C pair qwen [cinque],pooled,7.6,0.8503401360544217,0.7210884353741497,0.36764705882352944
ba,M-C pair qwen [cinque],pooled,7.8,0.8571428571428571,0.7551020408163265,0.36764705882352944
ba,M-C pair qwen [cinque],pooled,8.0,0.8571428571428571,0.7551020408163265,0.36764705882352944
ba,M-C pair qwen [cinque],pooled,8.2,0.8571428571428571,0.7551020408163265,0.36764705882352944
ba,M-C pair qwen [cinque],pooled,8.4,0.8571428571428571,0.7687074829931972,0.36764705882352944
ba,M-C pair qwen [cinque],pooled,8.6,0.8571428571428571,0.7959183673469388,0.36764705882352944
ba,M-C pair qwen [cinque],pooled,8.8,0.8571428571428571,0.7959183673469388,0.36764705882352944
ba,M-C pair qwen [cinque],pooled,9.0,0.8571428571428571,0.7959183673469388,0.36764705882352944
ba,M-C pair qwen [cinque],pooled,9.2,0.8571428571428571,0.7959183673469388,0.36764705882352944
ba,M-C pair qwen [cinque],pooled,9.4,0.8571428571428571,0.7959183673469388,0.36764705882352944
ba,M-C pair qwen [cinque],pooled,9.6,0.8571428571428571,0.8095238095238095,0.36764705882352944
ba,M-C pair qwen [cinque],pooled,9.8,0.8571428571428571,0.8095238095238095,0.36764705882352944
ba,M-C pair qwen [cinque],pooled,10.0,0.8571428571428571,0.8095238095238095,0.36764705882352944
ba,M-C pair op [cinque],pooled,0.0,0.0,0.0,0.029411764705882353
ba,M-C pair op [cinque],pooled,0.2,0.0,0.0,0.029411764705882353
ba,M-C pair op [cinque],pooled,0.4,0.0,0.0,0.04411764705882353
ba,M-C pair op [cinque],pooled,0.6,0.0,0.0,0.058823529411764705
ba,M-C pair op [cinque],pooled,0.8,0.0,0.0,0.08823529411764706
ba,M-C pair op [cinque],pooled,1.0,0.0,0.0,0.08823529411764706
ba,M-C pair op [cinque],pooled,1.2,0.006802721088435374,0.006802721088435374,0.08823529411764706
ba,M-C pair op [cinque],pooled,1.4,0.013605442176870748,0.013605442176870748,0.08823529411764706
ba,M-C pair op [cinque],pooled,1.6,0.02040816326530612,0.013605442176870748,0.11764705882352941
ba,M-C pair op [cinque],pooled,1.8,0.027210884353741496,0.02040816326530612,0.11764705882352941
ba,M-C pair op [cinque],pooled,2.0,0.061224489795918366,0.05442176870748299,0.1323529411764706
ba,M-C pair op [cinque],pooled,2.2,0.08843537414965986,0.08163265306122448,0.1323529411764706
ba,M-C pair op [cinque],pooled,2.4,0.09523809523809523,0.08843537414965986,0.16176470588235295
ba,M-C pair op [cinque],pooled,2.6,0.11564625850340136,0.10884353741496598,0.17647058823529413
ba,M-C pair op [cinque],pooled,2.8,0.1292517006802721,0.12244897959183673,0.19117647058823528
ba,M-C pair op [cinque],pooled,3.0,0.14965986394557823,0.12244897959183673,0.19117647058823528
ba,M-C pair op [cinque],pooled,3.2,0.14965986394557823,0.12244897959183673,0.22058823529411764
ba,M-C pair op [cinque],pooled,3.4,0.14965986394557823,0.12244897959183673,0.22058823529411764
ba,M-C pair op [cinque],pooled,3.6,0.16326530612244897,0.1360544217687075,0.23529411764705882
ba,M-C pair op [cinque],pooled,3.8,0.20408163265306123,0.17687074829931973,0.23529411764705882
ba,M-C pair op [cinque],pooled,4.0,0.20408163265306123,0.17687074829931973,0.23529411764705882
ba,M-C pair op [cinque],pooled,4.2,0.20408163265306123,0.17687074829931973,0.23529411764705882
ba,M-C pair op [cinque],pooled,4.4,0.22448979591836735,0.17687074829931973,0.23529411764705882
ba,M-C pair op [cinque],pooled,4.6,0.23129251700680273,0.17687074829931973,0.23529411764705882
ba,M-C pair op [cinque],pooled,4.8,0.23129251700680273,0.17687074829931973,0.23529411764705882
ba,M-C pair op [cinque],pooled,5.0,0.23809523809523808,0.1836734693877551,0.25
ba,M-C pair op [cinque],pooled,5.2,0.23809523809523808,0.1836734693877551,0.25
ba,M-C pair op [cinque],pooled,5.4,0.2789115646258503,0.1836734693877551,0.25
ba,M-C pair op [cinque],pooled,5.6,0.2789115646258503,0.1836734693877551,0.2647058823529412
ba,M-C pair op [cinque],pooled,5.8,0.3469387755102041,0.25170068027210885,0.2647058823529412
ba,M-C pair op [cinque],pooled,6.0,0.5034013605442177,0.3877551020408163,0.2647058823529412
ba,M-C pair op [cinque],pooled,6.2,0.5034013605442177,0.40816326530612246,0.27941176470588236
ba,M-C pair op [cinque],pooled,6.4,0.54421768707483,0.4489795918367347,0.27941176470588236
ba,M-C pair op [cinque],pooled,6.6,0.6326530612244898,0.5306122448979592,0.29411764705882354
ba,M-C pair op [cinque],pooled,6.8,0.6462585034013606,0.5306122448979592,0.3088235294117647
ba,M-C pair op [cinque],pooled,7.0,0.6462585034013606,0.5306122448979592,0.3088235294117647
ba,M-C pair op [cinque],pooled,7.2,0.6462585034013606,0.5510204081632653,0.3088235294117647
ba,M-C pair op [cinque],pooled,7.4,0.6530612244897959,0.5578231292517006,0.3088235294117647
ba,M-C pair op [cinque],pooled,7.6,0.6530612244897959,0.5578231292517006,0.3235294117647059
ba,M-C pair op [cinque],pooled,7.8,0.6530612244897959,0.5918367346938775,0.3235294117647059
ba,M-C pair op [cinque],pooled,8.0,0.6530612244897959,0.5918367346938775,0.3235294117647059
ba,M-C pair op [cinque],pooled,8.2,0.6530612244897959,0.5918367346938775,0.3382352941176471
ba,M-C pair op [cinque],pooled,8.4,0.6530612244897959,0.6054421768707483,0.3382352941176471
ba,M-C pair op [cinque],pooled,8.6,0.6530612244897959,0.6326530612244898,0.3382352941176471
ba,M-C pair op [cinque],pooled,8.8,0.6530612244897959,0.6326530612244898,0.3382352941176471
ba,M-C pair op [cinque],pooled,9.0,0.6530612244897959,0.6326530612244898,0.3382352941176471
ba,M-C pair op [cinque],pooled,9.2,0.6530612244897959,0.6326530612244898,0.3382352941176471
ba,M-C pair op [cinque],pooled,9.4,0.6530612244897959,0.6326530612244898,0.3382352941176471
ba,M-C pair op [cinque],pooled,9.6,0.6530612244897959,0.6462585034013606,0.3382352941176471
ba,M-C pair op [cinque],pooled,9.8,0.6530612244897959,0.6462585034013606,0.3382352941176471
ba,M-C pair op [cinque],pooled,10.0,0.6598639455782312,0.6462585034013606,0.3382352941176471
ba,M-C hard [cinque],pooled,0.0,0.0,0.0,0.08823529411764706
ba,M-C hard [cinque],pooled,0.2,0.0,0.0,0.08823529411764706
ba,M-C hard [cinque],pooled,0.4,0.0,0.0,0.10294117647058823
ba,M-C hard [cinque],pooled,0.6,0.0,0.0,0.11764705882352941
ba,M-C hard [cinque],pooled,0.8,0.0,0.0,0.11764705882352941
ba,M-C hard [cinque],pooled,1.0,0.0,0.0,0.14705882352941177
ba,M-C hard [cinque],pooled,1.2,0.0,0.0,0.14705882352941177
ba,M-C hard [cinque],pooled,1.4,0.0,0.0,0.14705882352941177
ba,M-C hard [cinque],pooled,1.6,0.0,0.0,0.14705882352941177
ba,M-C hard [cinque],pooled,1.8,0.0,0.0,0.14705882352941177
ba,M-C hard [cinque],pooled,2.0,0.013605442176870748,0.013605442176870748,0.14705882352941177
ba,M-C hard [cinque],pooled,2.2,0.02040816326530612,0.02040816326530612,0.14705882352941177
ba,M-C hard [cinque],pooled,2.4,0.02040816326530612,0.02040816326530612,0.16176470588235295
ba,M-C hard [cinque],pooled,2.6,0.02040816326530612,0.02040816326530612,0.16176470588235295
ba,M-C hard [cinque],pooled,2.8,0.02040816326530612,0.02040816326530612,0.17647058823529413
ba,M-C hard [cinque],pooled,3.0,0.02040816326530612,0.02040816326530612,0.17647058823529413
ba,M-C hard [cinque],pooled,3.2,0.02040816326530612,0.02040816326530612,0.17647058823529413
ba,M-C hard [cinque],pooled,3.4,0.02040816326530612,0.02040816326530612,0.17647058823529413
ba,M-C hard [cinque],pooled,3.6,0.034013605442176874,0.034013605442176874,0.17647058823529413
ba,M-C hard [cinque],pooled,3.8,0.034013605442176874,0.034013605442176874,0.17647058823529413
ba,M-C hard [cinque],pooled,4.0,0.034013605442176874,0.034013605442176874,0.17647058823529413
ba,M-C hard [cinque],pooled,4.2,0.034013605442176874,0.034013605442176874,0.17647058823529413
ba,M-C hard [cinque],pooled,4.4,0.034013605442176874,0.034013605442176874,0.17647058823529413
ba,M-C hard [cinque],pooled,4.6,0.034013605442176874,0.034013605442176874,0.17647058823529413
ba,M-C hard [cinque],pooled,4.8,0.061224489795918366,0.034013605442176874,0.17647058823529413
ba,M-C hard [cinque],pooled,5.0,0.061224489795918366,0.034013605442176874,0.19117647058823528
ba,M-C hard [cinque],pooled,5.2,0.08843537414965986,0.034013605442176874,0.19117647058823528
ba,M-C hard [cinque],pooled,5.4,0.10884353741496598,0.034013605442176874,0.19117647058823528
ba,M-C hard [cinque],pooled,5.6,0.10884353741496598,0.034013605442176874,0.20588235294117646
ba,M-C hard [cinque],pooled,5.8,0.1360544217687075,0.05442176870748299,0.20588235294117646
ba,M-C hard [cinque],pooled,6.0,0.29931972789115646,0.19727891156462585,0.20588235294117646
ba,M-C hard [cinque],pooled,6.2,0.3401360544217687,0.23809523809523808,0.20588235294117646
ba,M-C hard [cinque],pooled,6.4,0.3673469387755102,0.2653061224489796,0.20588235294117646
ba,M-C hard [cinque],pooled,6.6,0.46938775510204084,0.35374149659863946,0.23529411764705882
ba,M-C hard [cinque],pooled,6.8,0.4965986394557823,0.38095238095238093,0.25
ba,M-C hard [cinque],pooled,7.0,0.4965986394557823,0.38095238095238093,0.25
ba,M-C hard [cinque],pooled,7.2,0.5034013605442177,0.4013605442176871,0.25
ba,M-C hard [cinque],pooled,7.4,0.5034013605442177,0.40816326530612246,0.25
ba,M-C hard [cinque],pooled,7.6,0.5034013605442177,0.40816326530612246,0.25
ba,M-C hard [cinque],pooled,7.8,0.5034013605442177,0.4421768707482993,0.25
ba,M-C hard [cinque],pooled,8.0,0.5034013605442177,0.4421768707482993,0.25
ba,M-C hard [cinque],pooled,8.2,0.5034013605442177,0.4421768707482993,0.25
ba,M-C hard [cinque],pooled,8.4,0.5034013605442177,0.4557823129251701,0.25
ba,M-C hard [cinque],pooled,8.6,0.5034013605442177,0.48299319727891155,0.25
ba,M-C hard [cinque],pooled,8.8,0.5034013605442177,0.48299319727891155,0.25
ba,M-C hard [cinque],pooled,9.0,0.5034013605442177,0.48299319727891155,0.25
ba,M-C hard [cinque],pooled,9.2,0.5034013605442177,0.48299319727891155,0.25
ba,M-C hard [cinque],pooled,9.4,0.5034013605442177,0.48299319727891155,0.25
ba,M-C hard [cinque],pooled,9.6,0.5102040816326531,0.4965986394557823,0.25
ba,M-C hard [cinque],pooled,9.8,0.5102040816326531,0.4965986394557823,0.25
ba,M-C hard [cinque],pooled,10.0,0.5102040816326531,0.4965986394557823,0.25
ba,M-C uniform [cinque],pooled,0.0,0.0,0.0,0.058823529411764705
ba,M-C uniform [cinque],pooled,0.2,0.0,0.0,0.058823529411764705
ba,M-C uniform [cinque],pooled,0.4,0.0,0.0,0.07352941176470588
ba,M-C uniform [cinque],pooled,0.6,0.0,0.0,0.07352941176470588
ba,M-C uniform [cinque],pooled,0.8,0.0,0.0,0.10294117647058823
ba,M-C uniform [cinque],pooled,1.0,0.0,0.0,0.11764705882352941
ba,M-C uniform [cinque],pooled,1.2,0.0,0.0,0.11764705882352941
ba,M-C uniform [cinque],pooled,1.4,0.0,0.0,0.11764705882352941
ba,M-C uniform [cinque],pooled,1.6,0.0,0.0,0.1323529411764706
ba,M-C uniform [cinque],pooled,1.8,0.0,0.0,0.1323529411764706
ba,M-C uniform [cinque],pooled,2.0,0.0,0.0,0.1323529411764706
ba,M-C uniform [cinque],pooled,2.2,0.02040816326530612,0.02040816326530612,0.1323529411764706
ba,M-C uniform [cinque],pooled,2.4,0.02040816326530612,0.02040816326530612,0.14705882352941177
ba,M-C uniform [cinque],pooled,2.6,0.02040816326530612,0.02040816326530612,0.14705882352941177
ba,M-C uniform [cinque],pooled,2.8,0.02040816326530612,0.02040816326530612,0.16176470588235295
ba,M-C uniform [cinque],pooled,3.0,0.02040816326530612,0.02040816326530612,0.16176470588235295
ba,M-C uniform [cinque],pooled,3.2,0.02040816326530612,0.02040816326530612,0.16176470588235295
ba,M-C uniform [cinque],pooled,3.4,0.02040816326530612,0.02040816326530612,0.16176470588235295
ba,M-C uniform [cinque],pooled,3.6,0.034013605442176874,0.034013605442176874,0.17647058823529413
ba,M-C uniform [cinque],pooled,3.8,0.034013605442176874,0.034013605442176874,0.17647058823529413
ba,M-C uniform [cinque],pooled,4.0,0.034013605442176874,0.034013605442176874,0.17647058823529413
ba,M-C uniform [cinque],pooled,4.2,0.034013605442176874,0.034013605442176874,0.17647058823529413
ba,M-C uniform [cinque],pooled,4.4,0.034013605442176874,0.034013605442176874,0.17647058823529413
ba,M-C uniform [cinque],pooled,4.6,0.034013605442176874,0.034013605442176874,0.17647058823529413
ba,M-C uniform [cinque],pooled,4.8,0.05442176870748299,0.034013605442176874,0.17647058823529413
ba,M-C uniform [cinque],pooled,5.0,0.05442176870748299,0.034013605442176874,0.19117647058823528
ba,M-C uniform [cinque],pooled,5.2,0.07482993197278912,0.034013605442176874,0.19117647058823528
ba,M-C uniform [cinque],pooled,5.4,0.10884353741496598,0.034013605442176874,0.19117647058823528
ba,M-C uniform [cinque],pooled,5.6,0.10884353741496598,0.034013605442176874,0.20588235294117646
ba,M-C uniform [cinque],pooled,5.8,0.1292517006802721,0.047619047619047616,0.20588235294117646
ba,M-C uniform [cinque],pooled,6.0,0.29931972789115646,0.19727891156462585,0.20588235294117646
ba,M-C uniform [cinque],pooled,6.2,0.3469387755102041,0.24489795918367346,0.20588235294117646
ba,M-C uniform [cinque],pooled,6.4,0.36054421768707484,0.2585034013605442,0.20588235294117646
ba,M-C uniform [cinque],pooled,6.6,0.47619047619047616,0.36054421768707484,0.23529411764705882
ba,M-C uniform [cinque],pooled,6.8,0.4965986394557823,0.38095238095238093,0.23529411764705882
ba,M-C uniform [cinque],pooled,7.0,0.4965986394557823,0.38095238095238093,0.25
ba,M-C uniform [cinque],pooled,7.2,0.4965986394557823,0.4013605442176871,0.25
ba,M-C uniform [cinque],pooled,7.4,0.5034013605442177,0.40816326530612246,0.25
ba,M-C uniform [cinque],pooled,7.6,0.5034013605442177,0.40816326530612246,0.25
ba,M-C uniform [cinque],pooled,7.8,0.5034013605442177,0.4421768707482993,0.25
ba,M-C uniform [cinque],pooled,8.0,0.5034013605442177,0.4421768707482993,0.25
ba,M-C uniform [cinque],pooled,8.2,0.5034013605442177,0.4421768707482993,0.25
ba,M-C uniform [cinque],pooled,8.4,0.5034013605442177,0.4557823129251701,0.25
ba,M-C uniform [cinque],pooled,8.6,0.5034013605442177,0.48299319727891155,0.25
ba,M-C uniform [cinque],pooled,8.8,0.5034013605442177,0.48299319727891155,0.25
ba,M-C uniform [cinque],pooled,9.0,0.5034013605442177,0.48299319727891155,0.25
ba,M-C uniform [cinque],pooled,9.2,0.5034013605442177,0.48299319727891155,0.25
ba,M-C uniform [cinque],pooled,9.4,0.5034013605442177,0.48299319727891155,0.25
ba,M-C uniform [cinque],pooled,9.6,0.5102040816326531,0.4965986394557823,0.25
ba,M-C uniform [cinque],pooled,9.8,0.5102040816326531,0.4965986394557823,0.25
ba,M-C uniform [cinque],pooled,10.0,0.5102040816326531,0.4965986394557823,0.25
ba,prior [lebowski],pooled,0.0,0.0,0.0,0.07352941176470588
ba,prior [lebowski],pooled,0.2,0.0,0.0,0.10294117647058823
ba,prior [lebowski],pooled,0.4,0.0,0.0,0.11764705882352941
ba,prior [lebowski],pooled,0.6,0.0,0.0,0.14705882352941177
ba,prior [lebowski],pooled,0.8,0.0,0.0,0.16176470588235295
ba,prior [lebowski],pooled,1.0,0.0,0.0,0.19117647058823528
ba,prior [lebowski],pooled,1.2,0.0,0.0,0.19117647058823528
ba,prior [lebowski],pooled,1.4,0.0,0.0,0.20588235294117646
ba,prior [lebowski],pooled,1.6,0.0,0.0,0.22058823529411764
ba,prior [lebowski],pooled,1.8,0.006802721088435374,0.006802721088435374,0.22058823529411764
ba,prior [lebowski],pooled,2.0,0.02040816326530612,0.02040816326530612,0.22058823529411764
ba,prior [lebowski],pooled,2.2,0.034013605442176874,0.034013605442176874,0.22058823529411764
ba,prior [lebowski],pooled,2.4,0.047619047619047616,0.047619047619047616,0.23529411764705882
ba,prior [lebowski],pooled,2.6,0.06802721088435375,0.047619047619047616,0.23529411764705882
ba,prior [lebowski],pooled,2.8,0.07482993197278912,0.047619047619047616,0.23529411764705882
ba,prior [lebowski],pooled,3.0,0.07482993197278912,0.047619047619047616,0.23529411764705882
ba,prior [lebowski],pooled,3.2,0.10204081632653061,0.061224489795918366,0.23529411764705882
ba,prior [lebowski],pooled,3.4,0.10204081632653061,0.061224489795918366,0.29411764705882354
ba,prior [lebowski],pooled,3.6,0.11564625850340136,0.07482993197278912,0.3235294117647059
ba,prior [lebowski],pooled,3.8,0.1360544217687075,0.07482993197278912,0.3235294117647059
ba,prior [lebowski],pooled,4.0,0.14285714285714285,0.07482993197278912,0.3382352941176471
ba,prior [lebowski],pooled,4.2,0.14285714285714285,0.07482993197278912,0.3382352941176471
ba,prior [lebowski],pooled,4.4,0.14285714285714285,0.07482993197278912,0.3382352941176471
ba,prior [lebowski],pooled,4.6,0.14285714285714285,0.07482993197278912,0.3382352941176471
ba,prior [lebowski],pooled,4.8,0.14285714285714285,0.07482993197278912,0.35294117647058826
ba,prior [lebowski],pooled,5.0,0.16326530612244897,0.08163265306122448,0.36764705882352944
ba,prior [lebowski],pooled,5.2,0.17006802721088435,0.08163265306122448,0.36764705882352944
ba,prior [lebowski],pooled,5.4,0.19727891156462585,0.08163265306122448,0.36764705882352944
ba,prior [lebowski],pooled,5.6,0.20408163265306123,0.08163265306122448,0.36764705882352944
ba,prior [lebowski],pooled,5.8,0.23129251700680273,0.08843537414965986,0.36764705882352944
ba,prior [lebowski],pooled,6.0,0.2789115646258503,0.16326530612244897,0.36764705882352944
ba,prior [lebowski],pooled,6.2,0.41496598639455784,0.29931972789115646,0.38235294117647056
ba,prior [lebowski],pooled,6.4,0.42857142857142855,0.3129251700680272,0.38235294117647056
ba,prior [lebowski],pooled,6.6,0.46258503401360546,0.3469387755102041,0.38235294117647056
ba,prior [lebowski],pooled,6.8,0.48299319727891155,0.3673469387755102,0.4117647058823529
ba,prior [lebowski],pooled,7.0,0.5102040816326531,0.3945578231292517,0.4117647058823529
ba,prior [lebowski],pooled,7.2,0.5306122448979592,0.43537414965986393,0.4411764705882353
ba,prior [lebowski],pooled,7.4,0.54421768707483,0.4557823129251701,0.45588235294117646
ba,prior [lebowski],pooled,7.6,0.5510204081632653,0.4557823129251701,0.47058823529411764
ba,prior [lebowski],pooled,7.8,0.5510204081632653,0.4897959183673469,0.47058823529411764
ba,prior [lebowski],pooled,8.0,0.5510204081632653,0.4897959183673469,0.47058823529411764
ba,prior [lebowski],pooled,8.2,0.5510204081632653,0.4897959183673469,0.47058823529411764
ba,prior [lebowski],pooled,8.4,0.5510204081632653,0.5034013605442177,0.47058823529411764
ba,prior [lebowski],pooled,8.6,0.5510204081632653,0.5306122448979592,0.47058823529411764
ba,prior [lebowski],pooled,8.8,0.5510204081632653,0.5306122448979592,0.47058823529411764
ba,prior [lebowski],pooled,9.0,0.5510204081632653,0.5306122448979592,0.47058823529411764
ba,prior [lebowski],pooled,9.2,0.5578231292517006,0.5306122448979592,0.47058823529411764
ba,prior [lebowski],pooled,9.4,0.5578231292517006,0.5306122448979592,0.47058823529411764
ba,prior [lebowski],pooled,9.6,0.5578231292517006,0.54421768707483,0.47058823529411764
ba,prior [lebowski],pooled,9.8,0.5578231292517006,0.54421768707483,0.47058823529411764
ba,prior [lebowski],pooled,10.0,0.564625850340136,0.54421768707483,0.47058823529411764
ba,M-C pair [lebowski],pooled,0.0,0.0,0.0,0.0
ba,M-C pair [lebowski],pooled,0.2,0.047619047619047616,0.047619047619047616,0.014705882352941176
ba,M-C pair [lebowski],pooled,0.4,0.07482993197278912,0.07482993197278912,0.07352941176470588
ba,M-C pair [lebowski],pooled,0.6,0.07482993197278912,0.07482993197278912,0.08823529411764706
ba,M-C pair [lebowski],pooled,0.8,0.08163265306122448,0.08163265306122448,0.11764705882352941
ba,M-C pair [lebowski],pooled,1.0,0.08163265306122448,0.08163265306122448,0.14705882352941177
ba,M-C pair [lebowski],pooled,1.2,0.11564625850340136,0.10204081632653061,0.16176470588235295
ba,M-C pair [lebowski],pooled,1.4,0.14285714285714285,0.10884353741496598,0.19117647058823528
ba,M-C pair [lebowski],pooled,1.6,0.16326530612244897,0.1292517006802721,0.19117647058823528
ba,M-C pair [lebowski],pooled,1.8,0.17687074829931973,0.14285714285714285,0.19117647058823528
ba,M-C pair [lebowski],pooled,2.0,0.21768707482993196,0.1836734693877551,0.19117647058823528
ba,M-C pair [lebowski],pooled,2.2,0.24489795918367346,0.2108843537414966,0.19117647058823528
ba,M-C pair [lebowski],pooled,2.4,0.24489795918367346,0.2108843537414966,0.20588235294117646
ba,M-C pair [lebowski],pooled,2.6,0.272108843537415,0.23809523809523808,0.20588235294117646
ba,M-C pair [lebowski],pooled,2.8,0.3197278911564626,0.2789115646258503,0.22058823529411764
ba,M-C pair [lebowski],pooled,3.0,0.3469387755102041,0.29931972789115646,0.22058823529411764
ba,M-C pair [lebowski],pooled,3.2,0.3877551020408163,0.32653061224489793,0.23529411764705882
ba,M-C pair [lebowski],pooled,3.4,0.3877551020408163,0.32653061224489793,0.23529411764705882
ba,M-C pair [lebowski],pooled,3.6,0.3877551020408163,0.32653061224489793,0.25
ba,M-C pair [lebowski],pooled,3.8,0.3877551020408163,0.32653061224489793,0.25
ba,M-C pair [lebowski],pooled,4.0,0.4013605442176871,0.3333333333333333,0.2647058823529412
ba,M-C pair [lebowski],pooled,4.2,0.4013605442176871,0.3333333333333333,0.2647058823529412
ba,M-C pair [lebowski],pooled,4.4,0.41496598639455784,0.3401360544217687,0.29411764705882354
ba,M-C pair [lebowski],pooled,4.6,0.4217687074829932,0.3401360544217687,0.29411764705882354
ba,M-C pair [lebowski],pooled,4.8,0.42857142857142855,0.3469387755102041,0.29411764705882354
ba,M-C pair [lebowski],pooled,5.0,0.43537414965986393,0.3469387755102041,0.29411764705882354
ba,M-C pair [lebowski],pooled,5.2,0.4557823129251701,0.35374149659863946,0.29411764705882354
ba,M-C pair [lebowski],pooled,5.4,0.4557823129251701,0.35374149659863946,0.29411764705882354
ba,M-C pair [lebowski],pooled,5.6,0.46258503401360546,0.35374149659863946,0.29411764705882354
ba,M-C pair [lebowski],pooled,5.8,0.47619047619047616,0.3673469387755102,0.29411764705882354
ba,M-C pair [lebowski],pooled,6.0,0.6054421768707483,0.5102040816326531,0.29411764705882354
ba,M-C pair [lebowski],pooled,6.2,0.6666666666666666,0.5782312925170068,0.29411764705882354
ba,M-C pair [lebowski],pooled,6.4,0.6938775510204082,0.6122448979591837,0.3235294117647059
ba,M-C pair [lebowski],pooled,6.6,0.7551020408163265,0.673469387755102,0.3235294117647059
ba,M-C pair [lebowski],pooled,6.8,0.7687074829931972,0.6870748299319728,0.3382352941176471
ba,M-C pair [lebowski],pooled,7.0,0.8095238095238095,0.7006802721088435,0.3382352941176471
ba,M-C pair [lebowski],pooled,7.2,0.8367346938775511,0.7210884353741497,0.38235294117647056
ba,M-C pair [lebowski],pooled,7.4,0.8503401360544217,0.7278911564625851,0.38235294117647056
ba,M-C pair [lebowski],pooled,7.6,0.8503401360544217,0.7278911564625851,0.38235294117647056
ba,M-C pair [lebowski],pooled,7.8,0.8571428571428571,0.7551020408163265,0.4117647058823529
ba,M-C pair [lebowski],pooled,8.0,0.8571428571428571,0.7619047619047619,0.4117647058823529
ba,M-C pair [lebowski],pooled,8.2,0.8571428571428571,0.7619047619047619,0.4117647058823529
ba,M-C pair [lebowski],pooled,8.4,0.8639455782312925,0.7755102040816326,0.4117647058823529
ba,M-C pair [lebowski],pooled,8.6,0.8639455782312925,0.8027210884353742,0.4117647058823529
ba,M-C pair [lebowski],pooled,8.8,0.8639455782312925,0.8027210884353742,0.4117647058823529
ba,M-C pair [lebowski],pooled,9.0,0.8707482993197279,0.8027210884353742,0.4117647058823529
ba,M-C pair [lebowski],pooled,9.2,0.8707482993197279,0.8027210884353742,0.4117647058823529
ba,M-C pair [lebowski],pooled,9.4,0.8707482993197279,0.8027210884353742,0.4117647058823529
ba,M-C pair [lebowski],pooled,9.6,0.8707482993197279,0.8163265306122449,0.4117647058823529
ba,M-C pair [lebowski],pooled,9.8,0.8707482993197279,0.8163265306122449,0.4117647058823529
ba,M-C pair [lebowski],pooled,10.0,0.8707482993197279,0.8163265306122449,0.4117647058823529
ba,M-C pair (mu=0) [lebowski],pooled,0.0,0.0,0.0,0.029411764705882353
ba,M-C pair (mu=0) [lebowski],pooled,0.2,0.04081632653061224,0.034013605442176874,0.07352941176470588
ba,M-C pair (mu=0) [lebowski],pooled,0.4,0.06802721088435375,0.061224489795918366,0.07352941176470588
ba,M-C pair (mu=0) [lebowski],pooled,0.6,0.07482993197278912,0.06802721088435375,0.07352941176470588
ba,M-C pair (mu=0) [lebowski],pooled,0.8,0.08163265306122448,0.07482993197278912,0.11764705882352941
ba,M-C pair (mu=0) [lebowski],pooled,1.0,0.08163265306122448,0.07482993197278912,0.14705882352941177
ba,M-C pair (mu=0) [lebowski],pooled,1.2,0.10204081632653061,0.08843537414965986,0.19117647058823528
ba,M-C pair (mu=0) [lebowski],pooled,1.4,0.10884353741496598,0.09523809523809523,0.19117647058823528
ba,M-C pair (mu=0) [lebowski],pooled,1.6,0.1360544217687075,0.11564625850340136,0.19117647058823528
ba,M-C pair (mu=0) [lebowski],pooled,1.8,0.1564625850340136,0.12244897959183673,0.20588235294117646
ba,M-C pair (mu=0) [lebowski],pooled,2.0,0.19047619047619047,0.1564625850340136,0.20588235294117646
ba,M-C pair (mu=0) [lebowski],pooled,2.2,0.21768707482993196,0.1836734693877551,0.20588235294117646
ba,M-C pair (mu=0) [lebowski],pooled,2.4,0.22448979591836735,0.19047619047619047,0.20588235294117646
ba,M-C pair (mu=0) [lebowski],pooled,2.6,0.25170068027210885,0.21768707482993196,0.20588235294117646
ba,M-C pair (mu=0) [lebowski],pooled,2.8,0.2857142857142857,0.24489795918367346,0.20588235294117646
ba,M-C pair (mu=0) [lebowski],pooled,3.0,0.3197278911564626,0.2789115646258503,0.22058823529411764
ba,M-C pair (mu=0) [lebowski],pooled,3.2,0.3401360544217687,0.2925170068027211,0.23529411764705882
ba,M-C pair (mu=0) [lebowski],pooled,3.4,0.3469387755102041,0.29931972789115646,0.23529411764705882
ba,M-C pair (mu=0) [lebowski],pooled,3.6,0.3469387755102041,0.29931972789115646,0.23529411764705882
ba,M-C pair (mu=0) [lebowski],pooled,3.8,0.3469387755102041,0.29931972789115646,0.25
ba,M-C pair (mu=0) [lebowski],pooled,4.0,0.35374149659863946,0.30612244897959184,0.25
ba,M-C pair (mu=0) [lebowski],pooled,4.2,0.35374149659863946,0.30612244897959184,0.25
ba,M-C pair (mu=0) [lebowski],pooled,4.4,0.35374149659863946,0.30612244897959184,0.25
ba,M-C pair (mu=0) [lebowski],pooled,4.6,0.35374149659863946,0.30612244897959184,0.25
ba,M-C pair (mu=0) [lebowski],pooled,4.8,0.36054421768707484,0.30612244897959184,0.25
ba,M-C pair (mu=0) [lebowski],pooled,5.0,0.36054421768707484,0.3129251700680272,0.25
ba,M-C pair (mu=0) [lebowski],pooled,5.2,0.3741496598639456,0.32653061224489793,0.25
ba,M-C pair (mu=0) [lebowski],pooled,5.4,0.3741496598639456,0.32653061224489793,0.25
ba,M-C pair (mu=0) [lebowski],pooled,5.6,0.3741496598639456,0.32653061224489793,0.25
ba,M-C pair (mu=0) [lebowski],pooled,5.8,0.3877551020408163,0.3401360544217687,0.25
ba,M-C pair (mu=0) [lebowski],pooled,6.0,0.5170068027210885,0.4557823129251701,0.25
ba,M-C pair (mu=0) [lebowski],pooled,6.2,0.6190476190476191,0.5374149659863946,0.25
ba,M-C pair (mu=0) [lebowski],pooled,6.4,0.6462585034013606,0.564625850340136,0.2647058823529412
ba,M-C pair (mu=0) [lebowski],pooled,6.6,0.7074829931972789,0.6258503401360545,0.2647058823529412
ba,M-C pair (mu=0) [lebowski],pooled,6.8,0.7142857142857143,0.6326530612244898,0.29411764705882354
ba,M-C pair (mu=0) [lebowski],pooled,7.0,0.7414965986394558,0.6530612244897959,0.29411764705882354
ba,M-C pair (mu=0) [lebowski],pooled,7.2,0.7414965986394558,0.673469387755102,0.29411764705882354
ba,M-C pair (mu=0) [lebowski],pooled,7.4,0.7482993197278912,0.673469387755102,0.29411764705882354
ba,M-C pair (mu=0) [lebowski],pooled,7.6,0.7551020408163265,0.673469387755102,0.29411764705882354
ba,M-C pair (mu=0) [lebowski],pooled,7.8,0.7551020408163265,0.6938775510204082,0.3088235294117647
ba,M-C pair (mu=0) [lebowski],pooled,8.0,0.7755102040816326,0.7006802721088435,0.3088235294117647
ba,M-C pair (mu=0) [lebowski],pooled,8.2,0.7891156462585034,0.7006802721088435,0.3088235294117647
ba,M-C pair (mu=0) [lebowski],pooled,8.4,0.7959183673469388,0.7142857142857143,0.3088235294117647
ba,M-C pair (mu=0) [lebowski],pooled,8.6,0.8027210884353742,0.7414965986394558,0.3088235294117647
ba,M-C pair (mu=0) [lebowski],pooled,8.8,0.8095238095238095,0.7551020408163265,0.3088235294117647
ba,M-C pair (mu=0) [lebowski],pooled,9.0,0.8231292517006803,0.7551020408163265,0.3088235294117647
ba,M-C pair (mu=0) [lebowski],pooled,9.2,0.8231292517006803,0.7551020408163265,0.3088235294117647
ba,M-C pair (mu=0) [lebowski],pooled,9.4,0.8231292517006803,0.7551020408163265,0.3088235294117647
ba,M-C pair (mu=0) [lebowski],pooled,9.6,0.8231292517006803,0.7687074829931972,0.3088235294117647
ba,M-C pair (mu=0) [lebowski],pooled,9.8,0.8231292517006803,0.7687074829931972,0.3088235294117647
ba,M-C pair (mu=0) [lebowski],pooled,10.0,0.8231292517006803,0.7687074829931972,0.3088235294117647
ba,M-C pair qwen [lebowski],pooled,0.0,0.0,0.0,0.014705882352941176
ba,M-C pair qwen [lebowski],pooled,0.2,0.047619047619047616,0.047619047619047616,0.04411764705882353
ba,M-C pair qwen [lebowski],pooled,0.4,0.07482993197278912,0.07482993197278912,0.11764705882352941
ba,M-C pair qwen [lebowski],pooled,0.6,0.07482993197278912,0.07482993197278912,0.14705882352941177
ba,M-C pair qwen [lebowski],pooled,0.8,0.08163265306122448,0.08163265306122448,0.14705882352941177
ba,M-C pair qwen [lebowski],pooled,1.0,0.08163265306122448,0.08163265306122448,0.19117647058823528
ba,M-C pair qwen [lebowski],pooled,1.2,0.10204081632653061,0.08843537414965986,0.19117647058823528
ba,M-C pair qwen [lebowski],pooled,1.4,0.1292517006802721,0.09523809523809523,0.20588235294117646
ba,M-C pair qwen [lebowski],pooled,1.6,0.1564625850340136,0.12244897959183673,0.22058823529411764
ba,M-C pair qwen [lebowski],pooled,1.8,0.17006802721088435,0.1360544217687075,0.23529411764705882
ba,M-C pair qwen [lebowski],pooled,2.0,0.20408163265306123,0.17006802721088435,0.23529411764705882
ba,M-C pair qwen [lebowski],pooled,2.2,0.23129251700680273,0.19727891156462585,0.23529411764705882
ba,M-C pair qwen [lebowski],pooled,2.4,0.23809523809523808,0.20408163265306123,0.25
ba,M-C pair qwen [lebowski],pooled,2.6,0.2653061224489796,0.23129251700680273,0.25
ba,M-C pair qwen [lebowski],pooled,2.8,0.30612244897959184,0.272108843537415,0.2647058823529412
ba,M-C pair qwen [lebowski],pooled,3.0,0.3333333333333333,0.2925170068027211,0.2647058823529412
ba,M-C pair qwen [lebowski],pooled,3.2,0.3673469387755102,0.3197278911564626,0.29411764705882354
ba,M-C pair qwen [lebowski],pooled,3.4,0.3673469387755102,0.3197278911564626,0.29411764705882354
ba,M-C pair qwen [lebowski],pooled,3.6,0.3741496598639456,0.3197278911564626,0.3088235294117647
ba,M-C pair qwen [lebowski],pooled,3.8,0.38095238095238093,0.3197278911564626,0.3088235294117647
ba,M-C pair qwen [lebowski],pooled,4.0,0.3945578231292517,0.3333333333333333,0.3235294117647059
ba,M-C pair qwen [lebowski],pooled,4.2,0.4013605442176871,0.3333333333333333,0.3235294117647059
ba,M-C pair qwen [lebowski],pooled,4.4,0.40816326530612246,0.3333333333333333,0.3382352941176471
ba,M-C pair qwen [lebowski],pooled,4.6,0.41496598639455784,0.3333333333333333,0.3382352941176471
ba,M-C pair qwen [lebowski],pooled,4.8,0.41496598639455784,0.3401360544217687,0.3382352941176471
ba,M-C pair qwen [lebowski],pooled,5.0,0.4217687074829932,0.3401360544217687,0.3382352941176471
ba,M-C pair qwen [lebowski],pooled,5.2,0.4421768707482993,0.3469387755102041,0.3382352941176471
ba,M-C pair qwen [lebowski],pooled,5.4,0.4421768707482993,0.3469387755102041,0.35294117647058826
ba,M-C pair qwen [lebowski],pooled,5.6,0.4421768707482993,0.3469387755102041,0.35294117647058826
ba,M-C pair qwen [lebowski],pooled,5.8,0.4489795918367347,0.35374149659863946,0.35294117647058826
ba,M-C pair qwen [lebowski],pooled,6.0,0.5034013605442177,0.4217687074829932,0.35294117647058826
ba,M-C pair qwen [lebowski],pooled,6.2,0.6258503401360545,0.5374149659863946,0.35294117647058826
ba,M-C pair qwen [lebowski],pooled,6.4,0.6598639455782312,0.5714285714285714,0.38235294117647056
ba,M-C pair qwen [lebowski],pooled,6.6,0.7142857142857143,0.6054421768707483,0.38235294117647056
ba,M-C pair qwen [lebowski],pooled,6.8,0.7278911564625851,0.6122448979591837,0.4117647058823529
ba,M-C pair qwen [lebowski],pooled,7.0,0.7619047619047619,0.6258503401360545,0.4264705882352941
ba,M-C pair qwen [lebowski],pooled,7.2,0.7755102040816326,0.6598639455782312,0.45588235294117646
ba,M-C pair qwen [lebowski],pooled,7.4,0.8163265306122449,0.7006802721088435,0.45588235294117646
ba,M-C pair qwen [lebowski],pooled,7.6,0.8163265306122449,0.7006802721088435,0.45588235294117646
ba,M-C pair qwen [lebowski],pooled,7.8,0.8163265306122449,0.7210884353741497,0.45588235294117646
ba,M-C pair qwen [lebowski],pooled,8.0,0.8163265306122449,0.7346938775510204,0.45588235294117646
ba,M-C pair qwen [lebowski],pooled,8.2,0.8231292517006803,0.7346938775510204,0.45588235294117646
ba,M-C pair qwen [lebowski],pooled,8.4,0.8299319727891157,0.7482993197278912,0.45588235294117646
ba,M-C pair qwen [lebowski],pooled,8.6,0.8299319727891157,0.7755102040816326,0.45588235294117646
ba,M-C pair qwen [lebowski],pooled,8.8,0.8299319727891157,0.7755102040816326,0.45588235294117646
ba,M-C pair qwen [lebowski],pooled,9.0,0.8299319727891157,0.7755102040816326,0.45588235294117646
ba,M-C pair qwen [lebowski],pooled,9.2,0.8299319727891157,0.7755102040816326,0.45588235294117646
ba,M-C pair qwen [lebowski],pooled,9.4,0.8367346938775511,0.7755102040816326,0.45588235294117646
ba,M-C pair qwen [lebowski],pooled,9.6,0.8367346938775511,0.7891156462585034,0.45588235294117646
ba,M-C pair qwen [lebowski],pooled,9.8,0.8367346938775511,0.7891156462585034,0.45588235294117646
ba,M-C pair qwen [lebowski],pooled,10.0,0.8367346938775511,0.7891156462585034,0.45588235294117646
ba,M-C pair op [lebowski],pooled,0.0,0.0,0.0,0.029411764705882353
ba,M-C pair op [lebowski],pooled,0.2,0.0,0.0,0.08823529411764706
ba,M-C pair op [lebowski],pooled,0.4,0.0,0.0,0.10294117647058823
ba,M-C pair op [lebowski],pooled,0.6,0.006802721088435374,0.006802721088435374,0.11764705882352941
ba,M-C pair op [lebowski],pooled,0.8,0.027210884353741496,0.027210884353741496,0.16176470588235295
ba,M-C pair op [lebowski],pooled,1.0,0.034013605442176874,0.034013605442176874,0.19117647058823528
ba,M-C pair op [lebowski],pooled,1.2,0.05442176870748299,0.05442176870748299,0.20588235294117646
ba,M-C pair op [lebowski],pooled,1.4,0.05442176870748299,0.05442176870748299,0.23529411764705882
ba,M-C pair op [lebowski],pooled,1.6,0.05442176870748299,0.05442176870748299,0.23529411764705882
ba,M-C pair op [lebowski],pooled,1.8,0.08843537414965986,0.06802721088435375,0.25
ba,M-C pair op [lebowski],pooled,2.0,0.11564625850340136,0.09523809523809523,0.25
ba,M-C pair op [lebowski],pooled,2.2,0.16326530612244897,0.14285714285714285,0.2647058823529412
ba,M-C pair op [lebowski],pooled,2.4,0.1836734693877551,0.16326530612244897,0.27941176470588236
ba,M-C pair op [lebowski],pooled,2.6,0.2108843537414966,0.17006802721088435,0.27941176470588236
ba,M-C pair op [lebowski],pooled,2.8,0.21768707482993196,0.17687074829931973,0.3088235294117647
ba,M-C pair op [lebowski],pooled,3.0,0.21768707482993196,0.17687074829931973,0.3088235294117647
ba,M-C pair op [lebowski],pooled,3.2,0.23809523809523808,0.17687074829931973,0.3088235294117647
ba,M-C pair op [lebowski],pooled,3.4,0.29931972789115646,0.23809523809523808,0.3235294117647059
ba,M-C pair op [lebowski],pooled,3.6,0.3129251700680272,0.23809523809523808,0.3235294117647059
ba,M-C pair op [lebowski],pooled,3.8,0.3333333333333333,0.24489795918367346,0.3235294117647059
ba,M-C pair op [lebowski],pooled,4.0,0.3469387755102041,0.24489795918367346,0.3235294117647059
ba,M-C pair op [lebowski],pooled,4.2,0.3469387755102041,0.24489795918367346,0.3382352941176471
ba,M-C pair op [lebowski],pooled,4.4,0.3469387755102041,0.24489795918367346,0.3382352941176471
ba,M-C pair op [lebowski],pooled,4.6,0.3469387755102041,0.24489795918367346,0.3382352941176471
ba,M-C pair op [lebowski],pooled,4.8,0.3469387755102041,0.24489795918367346,0.3382352941176471
ba,M-C pair op [lebowski],pooled,5.0,0.3469387755102041,0.24489795918367346,0.35294117647058826
ba,M-C pair op [lebowski],pooled,5.2,0.3469387755102041,0.24489795918367346,0.35294117647058826
ba,M-C pair op [lebowski],pooled,5.4,0.3673469387755102,0.25170068027210885,0.35294117647058826
ba,M-C pair op [lebowski],pooled,5.6,0.3741496598639456,0.25170068027210885,0.35294117647058826
ba,M-C pair op [lebowski],pooled,5.8,0.3945578231292517,0.2789115646258503,0.35294117647058826
ba,M-C pair op [lebowski],pooled,6.0,0.5306122448979592,0.4217687074829932,0.36764705882352944
ba,M-C pair op [lebowski],pooled,6.2,0.5782312925170068,0.47619047619047616,0.38235294117647056
ba,M-C pair op [lebowski],pooled,6.4,0.6258503401360545,0.5238095238095238,0.38235294117647056
ba,M-C pair op [lebowski],pooled,6.6,0.7074829931972789,0.5918367346938775,0.39705882352941174
ba,M-C pair op [lebowski],pooled,6.8,0.7142857142857143,0.5986394557823129,0.4264705882352941
ba,M-C pair op [lebowski],pooled,7.0,0.7210884353741497,0.5986394557823129,0.4411764705882353
ba,M-C pair op [lebowski],pooled,7.2,0.7346938775510204,0.6190476190476191,0.47058823529411764
ba,M-C pair op [lebowski],pooled,7.4,0.7346938775510204,0.6258503401360545,0.47058823529411764
ba,M-C pair op [lebowski],pooled,7.6,0.7346938775510204,0.6258503401360545,0.47058823529411764
ba,M-C pair op [lebowski],pooled,7.8,0.7414965986394558,0.6598639455782312,0.47058823529411764
ba,M-C pair op [lebowski],pooled,8.0,0.7414965986394558,0.6598639455782312,0.47058823529411764
ba,M-C pair op [lebowski],pooled,8.2,0.7414965986394558,0.6598639455782312,0.47058823529411764
ba,M-C pair op [lebowski],pooled,8.4,0.7414965986394558,0.673469387755102,0.47058823529411764
ba,M-C pair op [lebowski],pooled,8.6,0.7414965986394558,0.7006802721088435,0.4852941176470588
ba,M-C pair op [lebowski],pooled,8.8,0.7414965986394558,0.7006802721088435,0.4852941176470588
ba,M-C pair op [lebowski],pooled,9.0,0.7482993197278912,0.7006802721088435,0.4852941176470588
ba,M-C pair op [lebowski],pooled,9.2,0.7482993197278912,0.7006802721088435,0.4852941176470588
ba,M-C pair op [lebowski],pooled,9.4,0.7482993197278912,0.7006802721088435,0.4852941176470588
ba,M-C pair op [lebowski],pooled,9.6,0.7482993197278912,0.7142857142857143,0.4852941176470588
ba,M-C pair op [lebowski],pooled,9.8,0.7482993197278912,0.7142857142857143,0.4852941176470588
ba,M-C pair op [lebowski],pooled,10.0,0.7482993197278912,0.7142857142857143,0.4852941176470588
ba,M-C hard [lebowski],pooled,0.0,0.0,0.0,0.058823529411764705
ba,M-C hard [lebowski],pooled,0.2,0.0,0.0,0.07352941176470588
ba,M-C hard [lebowski],pooled,0.4,0.0,0.0,0.08823529411764706
ba,M-C hard [lebowski],pooled,0.6,0.0,0.0,0.11764705882352941
ba,M-C hard [lebowski],pooled,0.8,0.0,0.0,0.14705882352941177
ba,M-C hard [lebowski],pooled,1.0,0.0,0.0,0.17647058823529413
ba,M-C hard [lebowski],pooled,1.2,0.0,0.0,0.17647058823529413
ba,M-C hard [lebowski],pooled,1.4,0.0,0.0,0.19117647058823528
ba,M-C hard [lebowski],pooled,1.6,0.0,0.0,0.19117647058823528
ba,M-C hard [lebowski],pooled,1.8,0.013605442176870748,0.013605442176870748,0.19117647058823528
ba,M-C hard [lebowski],pooled,2.0,0.027210884353741496,0.027210884353741496,0.19117647058823528
ba,M-C hard [lebowski],pooled,2.2,0.061224489795918366,0.061224489795918366,0.19117647058823528
ba,M-C hard [lebowski],pooled,2.4,0.06802721088435375,0.06802721088435375,0.20588235294117646
ba,M-C hard [lebowski],pooled,2.6,0.07482993197278912,0.06802721088435375,0.20588235294117646
ba,M-C hard [lebowski],pooled,2.8,0.08163265306122448,0.06802721088435375,0.20588235294117646
ba,M-C hard [lebowski],pooled,3.0,0.08843537414965986,0.06802721088435375,0.20588235294117646
ba,M-C hard [lebowski],pooled,3.2,0.11564625850340136,0.08163265306122448,0.20588235294117646
ba,M-C hard [lebowski],pooled,3.4,0.11564625850340136,0.08163265306122448,0.20588235294117646
ba,M-C hard [lebowski],pooled,3.6,0.1564625850340136,0.10204081632653061,0.25
ba,M-C hard [lebowski],pooled,3.8,0.1564625850340136,0.10204081632653061,0.25
ba,M-C hard [lebowski],pooled,4.0,0.1564625850340136,0.10204081632653061,0.2647058823529412
ba,M-C hard [lebowski],pooled,4.2,0.1564625850340136,0.10204081632653061,0.2647058823529412
ba,M-C hard [lebowski],pooled,4.4,0.1564625850340136,0.10204081632653061,0.2647058823529412
ba,M-C hard [lebowski],pooled,4.6,0.1564625850340136,0.10204081632653061,0.2647058823529412
ba,M-C hard [lebowski],pooled,4.8,0.1564625850340136,0.10204081632653061,0.27941176470588236
ba,M-C hard [lebowski],pooled,5.0,0.1836734693877551,0.10884353741496598,0.29411764705882354
ba,M-C hard [lebowski],pooled,5.2,0.1836734693877551,0.10884353741496598,0.3088235294117647
ba,M-C hard [lebowski],pooled,5.4,0.21768707482993196,0.10884353741496598,0.3088235294117647
ba,M-C hard [lebowski],pooled,5.6,0.22448979591836735,0.10884353741496598,0.3088235294117647
ba,M-C hard [lebowski],pooled,5.8,0.2585034013605442,0.12244897959183673,0.3088235294117647
ba,M-C hard [lebowski],pooled,6.0,0.2857142857142857,0.17006802721088435,0.3088235294117647
ba,M-C hard [lebowski],pooled,6.2,0.4489795918367347,0.32653061224489793,0.3235294117647059
ba,M-C hard [lebowski],pooled,6.4,0.4557823129251701,0.3401360544217687,0.3382352941176471
ba,M-C hard [lebowski],pooled,6.6,0.5034013605442177,0.3877551020408163,0.3382352941176471
ba,M-C hard [lebowski],pooled,6.8,0.5170068027210885,0.4013605442176871,0.36764705882352944
ba,M-C hard [lebowski],pooled,7.0,0.5306122448979592,0.41496598639455784,0.36764705882352944
ba,M-C hard [lebowski],pooled,7.2,0.564625850340136,0.46938775510204084,0.4117647058823529
ba,M-C hard [lebowski],pooled,7.4,0.5714285714285714,0.48299319727891155,0.4117647058823529
ba,M-C hard [lebowski],pooled,7.6,0.5714285714285714,0.48299319727891155,0.4117647058823529
ba,M-C hard [lebowski],pooled,7.8,0.5782312925170068,0.5170068027210885,0.4264705882352941
ba,M-C hard [lebowski],pooled,8.0,0.5782312925170068,0.5170068027210885,0.4264705882352941
ba,M-C hard [lebowski],pooled,8.2,0.5782312925170068,0.5170068027210885,0.4264705882352941
ba,M-C hard [lebowski],pooled,8.4,0.5782312925170068,0.5306122448979592,0.4264705882352941
ba,M-C hard [lebowski],pooled,8.6,0.5782312925170068,0.5578231292517006,0.4264705882352941
ba,M-C hard [lebowski],pooled,8.8,0.5782312925170068,0.5578231292517006,0.4264705882352941
ba,M-C hard [lebowski],pooled,9.0,0.5782312925170068,0.5578231292517006,0.4264705882352941
ba,M-C hard [lebowski],pooled,9.2,0.5918367346938775,0.5578231292517006,0.4264705882352941
ba,M-C hard [lebowski],pooled,9.4,0.5918367346938775,0.5578231292517006,0.4264705882352941
ba,M-C hard [lebowski],pooled,9.6,0.5918367346938775,0.5714285714285714,0.4264705882352941
ba,M-C hard [lebowski],pooled,9.8,0.5918367346938775,0.5714285714285714,0.4264705882352941
ba,M-C hard [lebowski],pooled,10.0,0.5986394557823129,0.5714285714285714,0.4264705882352941
ba,M-C uniform [lebowski],pooled,0.0,0.0,0.0,0.04411764705882353
ba,M-C uniform [lebowski],pooled,0.2,0.0,0.0,0.07352941176470588
ba,M-C uniform [lebowski],pooled,0.4,0.0,0.0,0.08823529411764706
ba,M-C uniform [lebowski],pooled,0.6,0.0,0.0,0.1323529411764706
ba,M-C uniform [lebowski],pooled,0.8,0.0,0.0,0.14705882352941177
ba,M-C uniform [lebowski],pooled,1.0,0.0,0.0,0.17647058823529413
ba,M-C uniform [lebowski],pooled,1.2,0.0,0.0,0.17647058823529413
ba,M-C uniform [lebowski],pooled,1.4,0.0,0.0,0.19117647058823528
ba,M-C uniform [lebowski],pooled,1.6,0.0,0.0,0.20588235294117646
ba,M-C uniform [lebowski],pooled,1.8,0.006802721088435374,0.006802721088435374,0.20588235294117646
ba,M-C uniform [lebowski],pooled,2.0,0.02040816326530612,0.02040816326530612,0.20588235294117646
ba,M-C uniform [lebowski],pooled,2.2,0.047619047619047616,0.047619047619047616,0.20588235294117646
ba,M-C uniform [lebowski],pooled,2.4,0.061224489795918366,0.061224489795918366,0.22058823529411764
ba,M-C uniform [lebowski],pooled,2.6,0.08163265306122448,0.061224489795918366,0.22058823529411764
ba,M-C uniform [lebowski],pooled,2.8,0.08843537414965986,0.061224489795918366,0.22058823529411764
ba,M-C uniform [lebowski],pooled,3.0,0.09523809523809523,0.06802721088435375,0.22058823529411764
ba,M-C uniform [lebowski],pooled,3.2,0.11564625850340136,0.07482993197278912,0.22058823529411764
ba,M-C uniform [lebowski],pooled,3.4,0.11564625850340136,0.07482993197278912,0.25
ba,M-C uniform [lebowski],pooled,3.6,0.1564625850340136,0.09523809523809523,0.2647058823529412
ba,M-C uniform [lebowski],pooled,3.8,0.1564625850340136,0.09523809523809523,0.2647058823529412
ba,M-C uniform [lebowski],pooled,4.0,0.1564625850340136,0.09523809523809523,0.27941176470588236
ba,M-C uniform [lebowski],pooled,4.2,0.1564625850340136,0.09523809523809523,0.27941176470588236
ba,M-C uniform [lebowski],pooled,4.4,0.1564625850340136,0.09523809523809523,0.27941176470588236
ba,M-C uniform [lebowski],pooled,4.6,0.16326530612244897,0.09523809523809523,0.27941176470588236
ba,M-C uniform [lebowski],pooled,4.8,0.16326530612244897,0.09523809523809523,0.29411764705882354
ba,M-C uniform [lebowski],pooled,5.0,0.1836734693877551,0.10204081632653061,0.3088235294117647
ba,M-C uniform [lebowski],pooled,5.2,0.19047619047619047,0.10204081632653061,0.3235294117647059
ba,M-C uniform [lebowski],pooled,5.4,0.21768707482993196,0.10204081632653061,0.3235294117647059
ba,M-C uniform [lebowski],pooled,5.6,0.23809523809523808,0.10204081632653061,0.3235294117647059
ba,M-C uniform [lebowski],pooled,5.8,0.2585034013605442,0.11564625850340136,0.3235294117647059
ba,M-C uniform [lebowski],pooled,6.0,0.3129251700680272,0.19727891156462585,0.3235294117647059
ba,M-C uniform [lebowski],pooled,6.2,0.43537414965986393,0.3197278911564626,0.3382352941176471
ba,M-C uniform [lebowski],pooled,6.4,0.4489795918367347,0.3333333333333333,0.3382352941176471
ba,M-C uniform [lebowski],pooled,6.6,0.5102040816326531,0.3945578231292517,0.3382352941176471
ba,M-C uniform [lebowski],pooled,6.8,0.5238095238095238,0.40816326530612246,0.36764705882352944
ba,M-C uniform [lebowski],pooled,7.0,0.5510204081632653,0.43537414965986393,0.36764705882352944
ba,M-C uniform [lebowski],pooled,7.2,0.5578231292517006,0.46258503401360546,0.39705882352941174
ba,M-C uniform [lebowski],pooled,7.4,0.564625850340136,0.47619047619047616,0.4117647058823529
ba,M-C uniform [lebowski],pooled,7.6,0.5714285714285714,0.47619047619047616,0.4264705882352941
ba,M-C uniform [lebowski],pooled,7.8,0.5714285714285714,0.5102040816326531,0.4264705882352941
ba,M-C uniform [lebowski],pooled,8.0,0.5714285714285714,0.5102040816326531,0.4264705882352941
ba,M-C uniform [lebowski],pooled,8.2,0.5714285714285714,0.5102040816326531,0.4264705882352941
ba,M-C uniform [lebowski],pooled,8.4,0.5714285714285714,0.5238095238095238,0.4264705882352941
ba,M-C uniform [lebowski],pooled,8.6,0.5714285714285714,0.5510204081632653,0.4264705882352941
ba,M-C uniform [lebowski],pooled,8.8,0.5714285714285714,0.5510204081632653,0.4264705882352941
ba,M-C uniform [lebowski],pooled,9.0,0.5782312925170068,0.5510204081632653,0.4264705882352941
ba,M-C uniform [lebowski],pooled,9.2,0.5850340136054422,0.5510204081632653,0.4264705882352941
ba,M-C uniform [lebowski],pooled,9.4,0.5850340136054422,0.5510204081632653,0.4264705882352941
ba,M-C uniform [lebowski],pooled,9.6,0.5850340136054422,0.564625850340136,0.4264705882352941
ba,M-C uniform [lebowski],pooled,9.8,0.5850340136054422,0.564625850340136,0.4264705882352941
ba,M-C uniform [lebowski],pooled,10.0,0.5918367346938775,0.564625850340136,0.4264705882352941
ba,gate any,pooled,0.0,0.10204081632653061,0.10204081632653061,0.0
ba,gate any,pooled,0.2,0.14285714285714285,0.14285714285714285,0.0
ba,gate any,pooled,0.4,0.14285714285714285,0.14285714285714285,0.0
ba,gate any,pooled,0.6,0.14285714285714285,0.14285714285714285,0.0
ba,gate any,pooled,0.8,0.16326530612244897,0.16326530612244897,0.0
ba,gate any,pooled,1.0,0.1836734693877551,0.16326530612244897,0.0
ba,gate any,pooled,1.2,0.20408163265306123,0.20408163265306123,0.0
ba,gate any,pooled,1.4,0.23129251700680273,0.2108843537414966,0.0
ba,gate any,pooled,1.6,0.2653061224489796,0.24489795918367346,0.0
ba,gate any,pooled,1.8,0.2653061224489796,0.2653061224489796,0.0
ba,gate any,pooled,2.0,0.2653061224489796,0.2653061224489796,0.0
ba,gate any,pooled,2.2,0.2857142857142857,0.2857142857142857,0.0
ba,gate any,pooled,2.4,0.30612244897959184,0.30612244897959184,0.0
ba,gate any,pooled,2.6,0.3469387755102041,0.3469387755102041,0.0
ba,gate any,pooled,2.8,0.3673469387755102,0.3673469387755102,0.0
ba,gate any,pooled,3.0,0.3673469387755102,0.3673469387755102,0.0
ba,gate any,pooled,3.2,0.3673469387755102,0.3673469387755102,0.0
ba,gate any,pooled,3.4,0.3877551020408163,0.3877551020408163,0.0
ba,gate any,pooled,3.6,0.40816326530612246,0.40816326530612246,0.0
ba,gate any,pooled,3.8,0.40816326530612246,0.40816326530612246,0.0
ba,gate any,pooled,4.0,0.40816326530612246,0.40816326530612246,0.0
ba,gate any,pooled,4.2,0.40816326530612246,0.40816326530612246,0.0
ba,gate any,pooled,4.4,0.40816326530612246,0.40816326530612246,0.0
ba,gate any,pooled,4.6,0.42857142857142855,0.42857142857142855,0.0
ba,gate any,pooled,4.8,0.42857142857142855,0.42857142857142855,0.0
ba,gate any,pooled,5.0,0.42857142857142855,0.42857142857142855,0.0
ba,gate any,pooled,5.2,0.42857142857142855,0.42857142857142855,0.0
ba,gate any,pooled,5.4,0.4489795918367347,0.42857142857142855,0.0
ba,gate any,pooled,5.6,0.46938775510204084,0.42857142857142855,0.0
ba,gate any,pooled,5.8,0.46938775510204084,0.42857142857142855,0.0
ba,gate any,pooled,6.0,0.4897959183673469,0.4489795918367347,0.0
ba,gate any,pooled,6.2,0.4897959183673469,0.4489795918367347,0.0
ba,gate any,pooled,6.4,0.4897959183673469,0.4489795918367347,0.0
ba,gate any,pooled,6.6,0.4897959183673469,0.4489795918367347,0.0
ba,gate any,pooled,6.8,0.5238095238095238,0.4489795918367347,0.0
ba,gate any,pooled,7.0,0.54421768707483,0.4489795918367347,0.0
ba,gate any,pooled,7.2,0.5510204081632653,0.46938775510204084,0.0
ba,gate any,pooled,7.4,0.5850340136054422,0.4965986394557823,0.0
ba,gate any,pooled,7.6,0.5850340136054422,0.4965986394557823,0.0
ba,gate any,pooled,7.8,0.6258503401360545,0.5714285714285714,0.0
ba,gate any,pooled,8.0,0.6802721088435374,0.6258503401360545,0.0
ba,gate any,pooled,8.2,0.6870748299319728,0.6258503401360545,0.0
ba,gate any,pooled,8.4,0.6870748299319728,0.6394557823129252,0.0
ba,gate any,pooled,8.6,0.6870748299319728,0.6666666666666666,0.0
ba,gate any,pooled,8.8,0.6870748299319728,0.6666666666666666,0.0
ba,gate any,pooled,9.0,0.6870748299319728,0.6666666666666666,0.0
ba,gate any,pooled,9.2,0.6870748299319728,0.6666666666666666,0.0
ba,gate any,pooled,9.4,0.6870748299319728,0.6666666666666666,0.0
ba,gate any,pooled,9.6,0.6870748299319728,0.6802721088435374,0.0
ba,gate any,pooled,9.8,0.6870748299319728,0.6802721088435374,0.0
ba,gate any,pooled,10.0,0.6870748299319728,0.6802721088435374,0.0
ba,gate pedestrian,pooled,0.0,0.10204081632653061,0.10204081632653061,0.0
ba,gate pedestrian,pooled,0.2,0.14285714285714285,0.14285714285714285,0.0
ba,gate pedestrian,pooled,0.4,0.14285714285714285,0.14285714285714285,0.0
ba,gate pedestrian,pooled,0.6,0.14285714285714285,0.14285714285714285,0.0
ba,gate pedestrian,pooled,0.8,0.16326530612244897,0.16326530612244897,0.0
ba,gate pedestrian,pooled,1.0,0.1836734693877551,0.16326530612244897,0.0
ba,gate pedestrian,pooled,1.2,0.20408163265306123,0.20408163265306123,0.0
ba,gate pedestrian,pooled,1.4,0.23129251700680273,0.2108843537414966,0.0
ba,gate pedestrian,pooled,1.6,0.2653061224489796,0.24489795918367346,0.0
ba,gate pedestrian,pooled,1.8,0.2653061224489796,0.2653061224489796,0.0
ba,gate pedestrian,pooled,2.0,0.2653061224489796,0.2653061224489796,0.0
ba,gate pedestrian,pooled,2.2,0.2857142857142857,0.2857142857142857,0.0
ba,gate pedestrian,pooled,2.4,0.30612244897959184,0.30612244897959184,0.0
ba,gate pedestrian,pooled,2.6,0.3469387755102041,0.3469387755102041,0.0
ba,gate pedestrian,pooled,2.8,0.3673469387755102,0.3673469387755102,0.0
ba,gate pedestrian,pooled,3.0,0.3673469387755102,0.3673469387755102,0.0
ba,gate pedestrian,pooled,3.2,0.3673469387755102,0.3673469387755102,0.0
ba,gate pedestrian,pooled,3.4,0.3673469387755102,0.3673469387755102,0.0
ba,gate pedestrian,pooled,3.6,0.3877551020408163,0.3877551020408163,0.0
ba,gate pedestrian,pooled,3.8,0.3877551020408163,0.3877551020408163,0.0
ba,gate pedestrian,pooled,4.0,0.3877551020408163,0.3877551020408163,0.0
ba,gate pedestrian,pooled,4.2,0.3877551020408163,0.3877551020408163,0.0
ba,gate pedestrian,pooled,4.4,0.3877551020408163,0.3877551020408163,0.0
ba,gate pedestrian,pooled,4.6,0.40816326530612246,0.40816326530612246,0.0
ba,gate pedestrian,pooled,4.8,0.40816326530612246,0.40816326530612246,0.0
ba,gate pedestrian,pooled,5.0,0.40816326530612246,0.40816326530612246,0.0
ba,gate pedestrian,pooled,5.2,0.40816326530612246,0.40816326530612246,0.0
ba,gate pedestrian,pooled,5.4,0.40816326530612246,0.40816326530612246,0.0
ba,gate pedestrian,pooled,5.6,0.40816326530612246,0.40816326530612246,0.0
ba,gate pedestrian,pooled,5.8,0.40816326530612246,0.40816326530612246,0.0
ba,gate pedestrian,pooled,6.0,0.40816326530612246,0.40816326530612246,0.0
ba,gate pedestrian,pooled,6.2,0.40816326530612246,0.40816326530612246,0.0
ba,gate pedestrian,pooled,6.4,0.40816326530612246,0.40816326530612246,0.0
ba,gate pedestrian,pooled,6.6,0.40816326530612246,0.40816326530612246,0.0
ba,gate pedestrian,pooled,6.8,0.40816326530612246,0.40816326530612246,0.0
ba,gate pedestrian,pooled,7.0,0.40816326530612246,0.40816326530612246,0.0
ba,gate pedestrian,pooled,7.2,0.40816326530612246,0.40816326530612246,0.0
ba,gate pedestrian,pooled,7.4,0.40816326530612246,0.40816326530612246,0.0
ba,gate pedestrian,pooled,7.6,0.40816326530612246,0.40816326530612246,0.0
ba,gate pedestrian,pooled,7.8,0.40816326530612246,0.40816326530612246,0.0
ba,gate pedestrian,pooled,8.0,0.40816326530612246,0.40816326530612246,0.0
ba,gate pedestrian,pooled,8.2,0.40816326530612246,0.40816326530612246,0.0
ba,gate pedestrian,pooled,8.4,0.40816326530612246,0.40816326530612246,0.0
ba,gate pedestrian,pooled,8.6,0.40816326530612246,0.40816326530612246,0.0
ba,gate pedestrian,pooled,8.8,0.40816326530612246,0.40816326530612246,0.0
ba,gate pedestrian,pooled,9.0,0.40816326530612246,0.40816326530612246,0.0
ba,gate pedestrian,pooled,9.2,0.40816326530612246,0.40816326530612246,0.0
ba,gate pedestrian,pooled,9.4,0.40816326530612246,0.40816326530612246,0.0
ba,gate pedestrian,pooled,9.6,0.40816326530612246,0.40816326530612246,0.0
ba,gate pedestrian,pooled,9.8,0.40816326530612246,0.40816326530612246,0.0
ba,gate pedestrian,pooled,10.0,0.40816326530612246,0.40816326530612246,0.0
ba,gate ttc,pooled,0.0,0.0,0.0,0.0
ba,gate ttc,pooled,0.2,0.0,0.0,0.0
ba,gate ttc,pooled,0.4,0.013605442176870748,0.013605442176870748,0.0
ba,gate ttc,pooled,0.6,0.013605442176870748,0.013605442176870748,0.0
ba,gate ttc,pooled,0.8,0.061224489795918366,0.061224489795918366,0.0
ba,gate ttc,pooled,1.0,0.07482993197278912,0.061224489795918366,0.0
ba,gate ttc,pooled,1.2,0.07482993197278912,0.061224489795918366,0.0
ba,gate ttc,pooled,1.4,0.09523809523809523,0.08163265306122448,0.0
ba,gate ttc,pooled,1.6,0.09523809523809523,0.08163265306122448,0.0
ba,gate ttc,pooled,1.8,0.09523809523809523,0.08163265306122448,0.0
ba,gate ttc,pooled,2.0,0.11564625850340136,0.10204081632653061,0.0
ba,gate ttc,pooled,2.2,0.1360544217687075,0.12244897959183673,0.0
ba,gate ttc,pooled,2.4,0.14285714285714285,0.1292517006802721,0.0
ba,gate ttc,pooled,2.6,0.19727891156462585,0.16326530612244897,0.0
ba,gate ttc,pooled,2.8,0.19727891156462585,0.16326530612244897,0.0
ba,gate ttc,pooled,3.0,0.21768707482993196,0.1836734693877551,0.0
ba,gate ttc,pooled,3.2,0.21768707482993196,0.1836734693877551,0.0
ba,gate ttc,pooled,3.4,0.23809523809523808,0.1836734693877551,0.0
ba,gate ttc,pooled,3.6,0.3197278911564626,0.2653061224489796,0.0
ba,gate ttc,pooled,3.8,0.3401360544217687,0.2857142857142857,0.0
ba,gate ttc,pooled,4.0,0.3401360544217687,0.2857142857142857,0.0
ba,gate ttc,pooled,4.2,0.3401360544217687,0.2857142857142857,0.0
ba,gate ttc,pooled,4.4,0.36054421768707484,0.30612244897959184,0.0
ba,gate ttc,pooled,4.6,0.36054421768707484,0.30612244897959184,0.0
ba,gate ttc,pooled,4.8,0.36054421768707484,0.30612244897959184,0.0
ba,gate ttc,pooled,5.0,0.36054421768707484,0.30612244897959184,0.0
ba,gate ttc,pooled,5.2,0.36054421768707484,0.30612244897959184,0.0
ba,gate ttc,pooled,5.4,0.36054421768707484,0.30612244897959184,0.0
ba,gate ttc,pooled,5.6,0.36054421768707484,0.30612244897959184,0.0
ba,gate ttc,pooled,5.8,0.36054421768707484,0.30612244897959184,0.0
ba,gate ttc,pooled,6.0,0.36054421768707484,0.30612244897959184,0.0
ba,gate ttc,pooled,6.2,0.36054421768707484,0.30612244897959184,0.0
ba,gate ttc,pooled,6.4,0.36054421768707484,0.30612244897959184,0.0
ba,gate ttc,pooled,6.6,0.36054421768707484,0.30612244897959184,0.0
ba,gate ttc,pooled,6.8,0.36054421768707484,0.30612244897959184,0.0
ba,gate ttc,pooled,7.0,0.36054421768707484,0.30612244897959184,0.0
ba,gate ttc,pooled,7.2,0.36054421768707484,0.30612244897959184,0.0
ba,gate ttc,pooled,7.4,0.38095238095238093,0.32653061224489793,0.0
ba,gate ttc,pooled,7.6,0.38095238095238093,0.32653061224489793,0.0
ba,gate ttc,pooled,7.8,0.4217687074829932,0.3673469387755102,0.0
ba,gate ttc,pooled,8.0,0.47619047619047616,0.4217687074829932,0.0
ba,gate ttc,pooled,8.2,0.47619047619047616,0.4217687074829932,0.0
ba,gate ttc,pooled,8.4,0.47619047619047616,0.4217687074829932,0.0
ba,gate ttc,pooled,8.6,0.47619047619047616,0.4217687074829932,0.0
ba,gate ttc,pooled,8.8,0.47619047619047616,0.4217687074829932,0.0
ba,gate ttc,pooled,9.0,0.47619047619047616,0.4217687074829932,0.0
ba,gate ttc,pooled,9.2,0.47619047619047616,0.4217687074829932,0.0
ba,gate ttc,pooled,9.4,0.47619047619047616,0.4217687074829932,0.0
ba,gate ttc,pooled,9.6,0.47619047619047616,0.4217687074829932,0.0
ba,gate ttc,pooled,9.8,0.47619047619047616,0.4217687074829932,0.0
ba,gate ttc,pooled,10.0,0.47619047619047616,0.4217687074829932,0.0
ba,gate intrusion,pooled,0.0,0.0,0.0,0.0
ba,gate intrusion,pooled,0.2,0.0,0.0,0.0
ba,gate intrusion,pooled,0.4,0.013605442176870748,0.013605442176870748,0.0
ba,gate intrusion,pooled,0.6,0.013605442176870748,0.013605442176870748,0.0
ba,gate intrusion,pooled,0.8,0.061224489795918366,0.061224489795918366,0.0
ba,gate intrusion,pooled,1.0,0.07482993197278912,0.061224489795918366,0.0
ba,gate intrusion,pooled,1.2,0.07482993197278912,0.061224489795918366,0.0
ba,gate intrusion,pooled,1.4,0.09523809523809523,0.08163265306122448,0.0
ba,gate intrusion,pooled,1.6,0.09523809523809523,0.08163265306122448,0.0
ba,gate intrusion,pooled,1.8,0.09523809523809523,0.08163265306122448,0.0
ba,gate intrusion,pooled,2.0,0.11564625850340136,0.10204081632653061,0.0
ba,gate intrusion,pooled,2.2,0.1360544217687075,0.12244897959183673,0.0
ba,gate intrusion,pooled,2.4,0.14285714285714285,0.1292517006802721,0.0
ba,gate intrusion,pooled,2.6,0.19727891156462585,0.16326530612244897,0.0
ba,gate intrusion,pooled,2.8,0.19727891156462585,0.16326530612244897,0.0
ba,gate intrusion,pooled,3.0,0.21768707482993196,0.1836734693877551,0.0
ba,gate intrusion,pooled,3.2,0.21768707482993196,0.1836734693877551,0.0
ba,gate intrusion,pooled,3.4,0.2585034013605442,0.20408163265306123,0.0
ba,gate intrusion,pooled,3.6,0.3197278911564626,0.2653061224489796,0.0
ba,gate intrusion,pooled,3.8,0.3401360544217687,0.2857142857142857,0.0
ba,gate intrusion,pooled,4.0,0.3401360544217687,0.2857142857142857,0.0
ba,gate intrusion,pooled,4.2,0.3401360544217687,0.2857142857142857,0.0
ba,gate intrusion,pooled,4.4,0.36054421768707484,0.30612244897959184,0.0
ba,gate intrusion,pooled,4.6,0.36054421768707484,0.30612244897959184,0.0
ba,gate intrusion,pooled,4.8,0.36054421768707484,0.30612244897959184,0.0
ba,gate intrusion,pooled,5.0,0.36054421768707484,0.30612244897959184,0.0
ba,gate intrusion,pooled,5.2,0.36054421768707484,0.30612244897959184,0.0
ba,gate intrusion,pooled,5.4,0.38095238095238093,0.30612244897959184,0.0
ba,gate intrusion,pooled,5.6,0.4013605442176871,0.30612244897959184,0.0
ba,gate intrusion,pooled,5.8,0.4013605442176871,0.30612244897959184,0.0
ba,gate intrusion,pooled,6.0,0.4217687074829932,0.32653061224489793,0.0
ba,gate intrusion,pooled,6.2,0.4217687074829932,0.32653061224489793,0.0
ba,gate intrusion,pooled,6.4,0.4217687074829932,0.32653061224489793,0.0
ba,gate intrusion,pooled,6.6,0.4217687074829932,0.32653061224489793,0.0
ba,gate intrusion,pooled,6.8,0.4557823129251701,0.32653061224489793,0.0
ba,gate intrusion,pooled,7.0,0.47619047619047616,0.32653061224489793,0.0
ba,gate intrusion,pooled,7.2,0.48299319727891155,0.3469387755102041,0.0
ba,gate intrusion,pooled,7.4,0.5170068027210885,0.3741496598639456,0.0
ba,gate intrusion,pooled,7.6,0.5170068027210885,0.3741496598639456,0.0
ba,gate intrusion,pooled,7.8,0.5578231292517006,0.4489795918367347,0.0
ba,gate intrusion,pooled,8.0,0.6122448979591837,0.5034013605442177,0.0
ba,gate intrusion,pooled,8.2,0.6190476190476191,0.5034013605442177,0.0
ba,gate intrusion,pooled,8.4,0.6190476190476191,0.5170068027210885,0.0
ba,gate intrusion,pooled,8.6,0.6190476190476191,0.54421768707483,0.0
ba,gate intrusion,pooled,8.8,0.6190476190476191,0.54421768707483,0.0
ba,gate intrusion,pooled,9.0,0.6190476190476191,0.54421768707483,0.0
ba,gate intrusion,pooled,9.2,0.6190476190476191,0.54421768707483,0.0
ba,gate intrusion,pooled,9.4,0.6190476190476191,0.54421768707483,0.0
ba,gate intrusion,pooled,9.6,0.6190476190476191,0.5578231292517006,0.0
ba,gate intrusion,pooled,9.8,0.6190476190476191,0.5578231292517006,0.0
ba,gate intrusion,pooled,10.0,0.6190476190476191,0.5578231292517006,0.0
ba,gate any (L = 0.6 s),pooled,0.0,0.10204081632653061,0.10204081632653061,0.0
ba,gate any (L = 0.6 s),pooled,0.2,0.14285714285714285,0.14285714285714285,0.0
ba,gate any (L = 0.6 s),pooled,0.4,0.14285714285714285,0.14285714285714285,0.0
ba,gate any (L = 0.6 s),pooled,0.6,0.14285714285714285,0.14285714285714285,0.0
ba,gate any (L = 0.6 s),pooled,0.8,0.16326530612244897,0.16326530612244897,0.0
ba,gate any (L = 0.6 s),pooled,1.0,0.1836734693877551,0.16326530612244897,0.0
ba,gate any (L = 0.6 s),pooled,1.2,0.20408163265306123,0.20408163265306123,0.0
ba,gate any (L = 0.6 s),pooled,1.4,0.23129251700680273,0.2108843537414966,0.0
ba,gate any (L = 0.6 s),pooled,1.6,0.2653061224489796,0.24489795918367346,0.0
ba,gate any (L = 0.6 s),pooled,1.8,0.2653061224489796,0.2653061224489796,0.0
ba,gate any (L = 0.6 s),pooled,2.0,0.2653061224489796,0.2653061224489796,0.0
ba,gate any (L = 0.6 s),pooled,2.2,0.2857142857142857,0.2857142857142857,0.0
ba,gate any (L = 0.6 s),pooled,2.4,0.30612244897959184,0.30612244897959184,0.0
ba,gate any (L = 0.6 s),pooled,2.6,0.3469387755102041,0.3469387755102041,0.0
ba,gate any (L = 0.6 s),pooled,2.8,0.3673469387755102,0.3673469387755102,0.0
ba,gate any (L = 0.6 s),pooled,3.0,0.3673469387755102,0.3673469387755102,0.0
ba,gate any (L = 0.6 s),pooled,3.2,0.3673469387755102,0.3673469387755102,0.0
ba,gate any (L = 0.6 s),pooled,3.4,0.3877551020408163,0.3877551020408163,0.0
ba,gate any (L = 0.6 s),pooled,3.6,0.40816326530612246,0.40816326530612246,0.0
ba,gate any (L = 0.6 s),pooled,3.8,0.40816326530612246,0.40816326530612246,0.0
ba,gate any (L = 0.6 s),pooled,4.0,0.40816326530612246,0.40816326530612246,0.0
ba,gate any (L = 0.6 s),pooled,4.2,0.40816326530612246,0.40816326530612246,0.0
ba,gate any (L = 0.6 s),pooled,4.4,0.40816326530612246,0.40816326530612246,0.0
ba,gate any (L = 0.6 s),pooled,4.6,0.42857142857142855,0.42857142857142855,0.0
ba,gate any (L = 0.6 s),pooled,4.8,0.42857142857142855,0.42857142857142855,0.0
ba,gate any (L = 0.6 s),pooled,5.0,0.42857142857142855,0.42857142857142855,0.0
ba,gate any (L = 0.6 s),pooled,5.2,0.42857142857142855,0.42857142857142855,0.0
ba,gate any (L = 0.6 s),pooled,5.4,0.4489795918367347,0.42857142857142855,0.0
ba,gate any (L = 0.6 s),pooled,5.6,0.46938775510204084,0.42857142857142855,0.0
ba,gate any (L = 0.6 s),pooled,5.8,0.46938775510204084,0.42857142857142855,0.0
ba,gate any (L = 0.6 s),pooled,6.0,0.4897959183673469,0.4489795918367347,0.0
ba,gate any (L = 0.6 s),pooled,6.2,0.4897959183673469,0.4489795918367347,0.0
ba,gate any (L = 0.6 s),pooled,6.4,0.4897959183673469,0.4489795918367347,0.0
ba,gate any (L = 0.6 s),pooled,6.6,0.4897959183673469,0.4489795918367347,0.0
ba,gate any (L = 0.6 s),pooled,6.8,0.5238095238095238,0.4489795918367347,0.0
ba,gate any (L = 0.6 s),pooled,7.0,0.54421768707483,0.4489795918367347,0.0
ba,gate any (L = 0.6 s),pooled,7.2,0.5510204081632653,0.46938775510204084,0.0
ba,gate any (L = 0.6 s),pooled,7.4,0.5850340136054422,0.4965986394557823,0.0
ba,gate any (L = 0.6 s),pooled,7.6,0.5850340136054422,0.4965986394557823,0.0
ba,gate any (L = 0.6 s),pooled,7.8,0.6258503401360545,0.5714285714285714,0.0
ba,gate any (L = 0.6 s),pooled,8.0,0.6802721088435374,0.6258503401360545,0.0
ba,gate any (L = 0.6 s),pooled,8.2,0.6870748299319728,0.6258503401360545,0.0
ba,gate any (L = 0.6 s),pooled,8.4,0.6870748299319728,0.6394557823129252,0.0
ba,gate any (L = 0.6 s),pooled,8.6,0.6870748299319728,0.6666666666666666,0.0
ba,gate any (L = 0.6 s),pooled,8.8,0.6870748299319728,0.6666666666666666,0.0
ba,gate any (L = 0.6 s),pooled,9.0,0.6870748299319728,0.6666666666666666,0.0
ba,gate any (L = 0.6 s),pooled,9.2,0.6870748299319728,0.6666666666666666,0.0
ba,gate any (L = 0.6 s),pooled,9.4,0.6870748299319728,0.6666666666666666,0.0
ba,gate any (L = 0.6 s),pooled,9.6,0.6870748299319728,0.6802721088435374,0.0
ba,gate any (L = 0.6 s),pooled,9.8,0.6870748299319728,0.6802721088435374,0.0
ba,gate any (L = 0.6 s),pooled,10.0,0.6870748299319728,0.6802721088435374,0.0
ba,TFv6 target speed,pedestrian,0.0,0.0,0.0,0.0
ba,TFv6 target speed,pedestrian,0.2,0.0,0.0,0.0
ba,TFv6 target speed,pedestrian,0.4,0.0,0.0,0.0
ba,TFv6 target speed,pedestrian,0.6,0.0,0.0,0.0
ba,TFv6 target speed,pedestrian,0.8,0.0,0.0,0.0
ba,TFv6 target speed,pedestrian,1.0,0.0,0.0,0.0
ba,TFv6 target speed,pedestrian,1.2,0.047619047619047616,0.0,0.0
ba,TFv6 target speed,pedestrian,1.4,0.047619047619047616,0.0,0.0
ba,TFv6 target speed,pedestrian,1.6,0.047619047619047616,0.0,0.0
ba,TFv6 target speed,pedestrian,1.8,0.047619047619047616,0.0,0.0
ba,TFv6 target speed,pedestrian,2.0,0.047619047619047616,0.0,0.0
ba,TFv6 target speed,pedestrian,2.2,0.047619047619047616,0.0,0.0
ba,TFv6 target speed,pedestrian,2.4,0.047619047619047616,0.0,0.0
ba,TFv6 target speed,pedestrian,2.6,0.047619047619047616,0.0,0.0
ba,TFv6 target speed,pedestrian,2.8,0.047619047619047616,0.0,0.0
ba,TFv6 target speed,pedestrian,3.0,0.047619047619047616,0.0,0.0
ba,TFv6 target speed,pedestrian,3.2,0.047619047619047616,0.0,0.0
ba,TFv6 target speed,pedestrian,3.4,0.047619047619047616,0.0,0.0
ba,TFv6 target speed,pedestrian,3.6,0.047619047619047616,0.0,0.0
ba,TFv6 target speed,pedestrian,3.8,0.047619047619047616,0.0,0.0
ba,TFv6 target speed,pedestrian,4.0,0.047619047619047616,0.0,0.0
ba,TFv6 target speed,pedestrian,4.2,0.047619047619047616,0.0,0.0
ba,TFv6 target speed,pedestrian,4.4,0.047619047619047616,0.0,0.0
ba,TFv6 target speed,pedestrian,4.6,0.047619047619047616,0.0,0.0
ba,TFv6 target speed,pedestrian,4.8,0.047619047619047616,0.0,0.0
ba,TFv6 target speed,pedestrian,5.0,0.047619047619047616,0.0,0.0
ba,TFv6 target speed,pedestrian,5.2,0.047619047619047616,0.0,0.0
ba,TFv6 target speed,pedestrian,5.4,0.047619047619047616,0.0,0.0
ba,TFv6 target speed,pedestrian,5.6,0.047619047619047616,0.0,0.0
ba,TFv6 target speed,pedestrian,5.8,0.047619047619047616,0.0,0.0
ba,TFv6 target speed,pedestrian,6.0,0.047619047619047616,0.0,0.0
ba,TFv6 target speed,pedestrian,6.2,0.047619047619047616,0.0,0.0
ba,TFv6 target speed,pedestrian,6.4,0.047619047619047616,0.0,0.0
ba,TFv6 target speed,pedestrian,6.6,0.047619047619047616,0.0,0.0
ba,TFv6 target speed,pedestrian,6.8,0.047619047619047616,0.0,0.0
ba,TFv6 target speed,pedestrian,7.0,0.047619047619047616,0.0,0.0
ba,TFv6 target speed,pedestrian,7.2,0.047619047619047616,0.0,0.0
ba,TFv6 target speed,pedestrian,7.4,0.047619047619047616,0.0,0.0
ba,TFv6 target speed,pedestrian,7.6,0.047619047619047616,0.0,0.0
ba,TFv6 target speed,pedestrian,7.8,0.047619047619047616,0.0,0.0
ba,TFv6 target speed,pedestrian,8.0,0.047619047619047616,0.0,0.0
ba,TFv6 target speed,pedestrian,8.2,0.047619047619047616,0.0,0.0
ba,TFv6 target speed,pedestrian,8.4,0.047619047619047616,0.0,0.0
ba,TFv6 target speed,pedestrian,8.6,0.047619047619047616,0.0,0.0
ba,TFv6 target speed,pedestrian,8.8,0.047619047619047616,0.0,0.0
ba,TFv6 target speed,pedestrian,9.0,0.047619047619047616,0.0,0.0
ba,TFv6 target speed,pedestrian,9.2,0.047619047619047616,0.0,0.0
ba,TFv6 target speed,pedestrian,9.4,0.047619047619047616,0.0,0.0
ba,TFv6 target speed,pedestrian,9.6,0.047619047619047616,0.0,0.0
ba,TFv6 target speed,pedestrian,9.8,0.047619047619047616,0.0,0.0
ba,TFv6 target speed,pedestrian,10.0,0.047619047619047616,0.0,0.0
ba,TFv6 waypoint speed 2 s,pedestrian,0.0,0.0,0.0,0.047619047619047616
ba,TFv6 waypoint speed 2 s,pedestrian,0.2,0.1111111111111111,0.015873015873015872,0.11904761904761904
ba,TFv6 waypoint speed 2 s,pedestrian,0.4,0.1746031746031746,0.07936507936507936,0.14285714285714285
ba,TFv6 waypoint speed 2 s,pedestrian,0.6,0.20634920634920634,0.1111111111111111,0.14285714285714285
ba,TFv6 waypoint speed 2 s,pedestrian,0.8,0.2857142857142857,0.15873015873015872,0.14285714285714285
ba,TFv6 waypoint speed 2 s,pedestrian,1.0,0.2857142857142857,0.15873015873015872,0.19047619047619047
ba,TFv6 waypoint speed 2 s,pedestrian,1.2,0.30158730158730157,0.15873015873015872,0.21428571428571427
ba,TFv6 waypoint speed 2 s,pedestrian,1.4,0.30158730158730157,0.15873015873015872,0.21428571428571427
ba,TFv6 waypoint speed 2 s,pedestrian,1.6,0.31746031746031744,0.1746031746031746,0.21428571428571427
ba,TFv6 waypoint speed 2 s,pedestrian,1.8,0.31746031746031744,0.1746031746031746,0.21428571428571427
ba,TFv6 waypoint speed 2 s,pedestrian,2.0,0.3968253968253968,0.25396825396825395,0.21428571428571427
ba,TFv6 waypoint speed 2 s,pedestrian,2.2,0.4603174603174603,0.31746031746031744,0.21428571428571427
ba,TFv6 waypoint speed 2 s,pedestrian,2.4,0.5079365079365079,0.36507936507936506,0.21428571428571427
ba,TFv6 waypoint speed 2 s,pedestrian,2.6,0.5238095238095238,0.38095238095238093,0.23809523809523808
ba,TFv6 waypoint speed 2 s,pedestrian,2.8,0.5238095238095238,0.38095238095238093,0.23809523809523808
ba,TFv6 waypoint speed 2 s,pedestrian,3.0,0.5238095238095238,0.38095238095238093,0.23809523809523808
ba,TFv6 waypoint speed 2 s,pedestrian,3.2,0.5714285714285714,0.42857142857142855,0.23809523809523808
ba,TFv6 waypoint speed 2 s,pedestrian,3.4,0.6984126984126984,0.5555555555555556,0.23809523809523808
ba,TFv6 waypoint speed 2 s,pedestrian,3.6,0.746031746031746,0.6031746031746031,0.23809523809523808
ba,TFv6 waypoint speed 2 s,pedestrian,3.8,0.746031746031746,0.6031746031746031,0.23809523809523808
ba,TFv6 waypoint speed 2 s,pedestrian,4.0,0.7619047619047619,0.6190476190476191,0.23809523809523808
ba,TFv6 waypoint speed 2 s,pedestrian,4.2,0.7619047619047619,0.6190476190476191,0.23809523809523808
ba,TFv6 waypoint speed 2 s,pedestrian,4.4,0.7619047619047619,0.6190476190476191,0.2619047619047619
ba,TFv6 waypoint speed 2 s,pedestrian,4.6,0.7619047619047619,0.6190476190476191,0.2619047619047619
ba,TFv6 waypoint speed 2 s,pedestrian,4.8,0.7619047619047619,0.6190476190476191,0.2619047619047619
ba,TFv6 waypoint speed 2 s,pedestrian,5.0,0.7777777777777778,0.6349206349206349,0.2619047619047619
ba,TFv6 waypoint speed 2 s,pedestrian,5.2,0.8095238095238095,0.6666666666666666,0.2619047619047619
ba,TFv6 waypoint speed 2 s,pedestrian,5.4,0.8095238095238095,0.6666666666666666,0.2857142857142857
ba,TFv6 waypoint speed 2 s,pedestrian,5.6,0.8095238095238095,0.6666666666666666,0.30952380952380953
ba,TFv6 waypoint speed 2 s,pedestrian,5.8,0.8095238095238095,0.6666666666666666,0.30952380952380953
ba,TFv6 waypoint speed 2 s,pedestrian,6.0,0.8095238095238095,0.6666666666666666,0.30952380952380953
ba,TFv6 waypoint speed 2 s,pedestrian,6.2,0.8095238095238095,0.6666666666666666,0.30952380952380953
ba,TFv6 waypoint speed 2 s,pedestrian,6.4,0.8095238095238095,0.6666666666666666,0.30952380952380953
ba,TFv6 waypoint speed 2 s,pedestrian,6.6,0.8095238095238095,0.6666666666666666,0.30952380952380953
ba,TFv6 waypoint speed 2 s,pedestrian,6.8,0.8095238095238095,0.6666666666666666,0.30952380952380953
ba,TFv6 waypoint speed 2 s,pedestrian,7.0,0.8095238095238095,0.6666666666666666,0.30952380952380953
ba,TFv6 waypoint speed 2 s,pedestrian,7.2,0.8095238095238095,0.6666666666666666,0.30952380952380953
ba,TFv6 waypoint speed 2 s,pedestrian,7.4,0.8095238095238095,0.6666666666666666,0.30952380952380953
ba,TFv6 waypoint speed 2 s,pedestrian,7.6,0.8095238095238095,0.6666666666666666,0.30952380952380953
ba,TFv6 waypoint speed 2 s,pedestrian,7.8,0.8412698412698413,0.6666666666666666,0.30952380952380953
ba,TFv6 waypoint speed 2 s,pedestrian,8.0,0.8571428571428571,0.6825396825396826,0.3333333333333333
ba,TFv6 waypoint speed 2 s,pedestrian,8.2,0.8571428571428571,0.6825396825396826,0.3333333333333333
ba,TFv6 waypoint speed 2 s,pedestrian,8.4,0.8571428571428571,0.7142857142857143,0.3333333333333333
ba,TFv6 waypoint speed 2 s,pedestrian,8.6,0.8571428571428571,0.7142857142857143,0.3333333333333333
ba,TFv6 waypoint speed 2 s,pedestrian,8.8,0.8571428571428571,0.7142857142857143,0.3333333333333333
ba,TFv6 waypoint speed 2 s,pedestrian,9.0,0.8571428571428571,0.7142857142857143,0.3333333333333333
ba,TFv6 waypoint speed 2 s,pedestrian,9.2,0.8571428571428571,0.7142857142857143,0.3333333333333333
ba,TFv6 waypoint speed 2 s,pedestrian,9.4,0.8571428571428571,0.7142857142857143,0.3333333333333333
ba,TFv6 waypoint speed 2 s,pedestrian,9.6,0.8571428571428571,0.7142857142857143,0.3333333333333333
ba,TFv6 waypoint speed 2 s,pedestrian,9.8,0.8571428571428571,0.7142857142857143,0.3333333333333333
ba,TFv6 waypoint speed 2 s,pedestrian,10.0,0.8571428571428571,0.7142857142857143,0.3333333333333333
ba,TFv6 target speed (decoded scalar),pedestrian,0.0,0.0,0.0,0.0
ba,TFv6 target speed (decoded scalar),pedestrian,0.2,0.0,0.0,0.0
ba,TFv6 target speed (decoded scalar),pedestrian,0.4,0.0,0.0,0.0
ba,TFv6 target speed (decoded scalar),pedestrian,0.6,0.0,0.0,0.0
ba,TFv6 target speed (decoded scalar),pedestrian,0.8,0.0,0.0,0.0
ba,TFv6 target speed (decoded scalar),pedestrian,1.0,0.0,0.0,0.0
ba,TFv6 target speed (decoded scalar),pedestrian,1.2,0.047619047619047616,0.0,0.0
ba,TFv6 target speed (decoded scalar),pedestrian,1.4,0.047619047619047616,0.0,0.0
ba,TFv6 target speed (decoded scalar),pedestrian,1.6,0.047619047619047616,0.0,0.0
ba,TFv6 target speed (decoded scalar),pedestrian,1.8,0.047619047619047616,0.0,0.0
ba,TFv6 target speed (decoded scalar),pedestrian,2.0,0.047619047619047616,0.0,0.0
ba,TFv6 target speed (decoded scalar),pedestrian,2.2,0.047619047619047616,0.0,0.0
ba,TFv6 target speed (decoded scalar),pedestrian,2.4,0.047619047619047616,0.0,0.0
ba,TFv6 target speed (decoded scalar),pedestrian,2.6,0.047619047619047616,0.0,0.0
ba,TFv6 target speed (decoded scalar),pedestrian,2.8,0.047619047619047616,0.0,0.0
ba,TFv6 target speed (decoded scalar),pedestrian,3.0,0.047619047619047616,0.0,0.0
ba,TFv6 target speed (decoded scalar),pedestrian,3.2,0.047619047619047616,0.0,0.0
ba,TFv6 target speed (decoded scalar),pedestrian,3.4,0.047619047619047616,0.0,0.0
ba,TFv6 target speed (decoded scalar),pedestrian,3.6,0.047619047619047616,0.0,0.0
ba,TFv6 target speed (decoded scalar),pedestrian,3.8,0.047619047619047616,0.0,0.0
ba,TFv6 target speed (decoded scalar),pedestrian,4.0,0.047619047619047616,0.0,0.0
ba,TFv6 target speed (decoded scalar),pedestrian,4.2,0.047619047619047616,0.0,0.0
ba,TFv6 target speed (decoded scalar),pedestrian,4.4,0.047619047619047616,0.0,0.0
ba,TFv6 target speed (decoded scalar),pedestrian,4.6,0.047619047619047616,0.0,0.0
ba,TFv6 target speed (decoded scalar),pedestrian,4.8,0.047619047619047616,0.0,0.0
ba,TFv6 target speed (decoded scalar),pedestrian,5.0,0.047619047619047616,0.0,0.0
ba,TFv6 target speed (decoded scalar),pedestrian,5.2,0.047619047619047616,0.0,0.0
ba,TFv6 target speed (decoded scalar),pedestrian,5.4,0.047619047619047616,0.0,0.0
ba,TFv6 target speed (decoded scalar),pedestrian,5.6,0.047619047619047616,0.0,0.0
ba,TFv6 target speed (decoded scalar),pedestrian,5.8,0.047619047619047616,0.0,0.0
ba,TFv6 target speed (decoded scalar),pedestrian,6.0,0.047619047619047616,0.0,0.0
ba,TFv6 target speed (decoded scalar),pedestrian,6.2,0.047619047619047616,0.0,0.0
ba,TFv6 target speed (decoded scalar),pedestrian,6.4,0.047619047619047616,0.0,0.0
ba,TFv6 target speed (decoded scalar),pedestrian,6.6,0.047619047619047616,0.0,0.0
ba,TFv6 target speed (decoded scalar),pedestrian,6.8,0.047619047619047616,0.0,0.0
ba,TFv6 target speed (decoded scalar),pedestrian,7.0,0.047619047619047616,0.0,0.0
ba,TFv6 target speed (decoded scalar),pedestrian,7.2,0.047619047619047616,0.0,0.0
ba,TFv6 target speed (decoded scalar),pedestrian,7.4,0.047619047619047616,0.0,0.0
ba,TFv6 target speed (decoded scalar),pedestrian,7.6,0.047619047619047616,0.0,0.0
ba,TFv6 target speed (decoded scalar),pedestrian,7.8,0.047619047619047616,0.0,0.0
ba,TFv6 target speed (decoded scalar),pedestrian,8.0,0.047619047619047616,0.0,0.0
ba,TFv6 target speed (decoded scalar),pedestrian,8.2,0.047619047619047616,0.0,0.0
ba,TFv6 target speed (decoded scalar),pedestrian,8.4,0.047619047619047616,0.0,0.0
ba,TFv6 target speed (decoded scalar),pedestrian,8.6,0.047619047619047616,0.0,0.0
ba,TFv6 target speed (decoded scalar),pedestrian,8.8,0.047619047619047616,0.0,0.0
ba,TFv6 target speed (decoded scalar),pedestrian,9.0,0.047619047619047616,0.0,0.0
ba,TFv6 target speed (decoded scalar),pedestrian,9.2,0.047619047619047616,0.0,0.0
ba,TFv6 target speed (decoded scalar),pedestrian,9.4,0.047619047619047616,0.0,0.0
ba,TFv6 target speed (decoded scalar),pedestrian,9.6,0.047619047619047616,0.0,0.0
ba,TFv6 target speed (decoded scalar),pedestrian,9.8,0.047619047619047616,0.0,0.0
ba,TFv6 target speed (decoded scalar),pedestrian,10.0,0.047619047619047616,0.0,0.0
ba,ridge ego,pedestrian,0.0,0.0,0.0,0.0
ba,ridge ego,pedestrian,0.2,0.0,0.0,0.0
ba,ridge ego,pedestrian,0.4,0.06349206349206349,0.06349206349206349,0.0
ba,ridge ego,pedestrian,0.6,0.06349206349206349,0.06349206349206349,0.0
ba,ridge ego,pedestrian,0.8,0.06349206349206349,0.06349206349206349,0.0
ba,ridge ego,pedestrian,1.0,0.14285714285714285,0.1111111111111111,0.0
ba,ridge ego,pedestrian,1.2,0.14285714285714285,0.1111111111111111,0.0
ba,ridge ego,pedestrian,1.4,0.19047619047619047,0.15873015873015872,0.0
ba,ridge ego,pedestrian,1.6,0.19047619047619047,0.15873015873015872,0.0
ba,ridge ego,pedestrian,1.8,0.19047619047619047,0.15873015873015872,0.0
ba,ridge ego,pedestrian,2.0,0.23809523809523808,0.20634920634920634,0.0
ba,ridge ego,pedestrian,2.2,0.23809523809523808,0.20634920634920634,0.0
ba,ridge ego,pedestrian,2.4,0.23809523809523808,0.20634920634920634,0.0
ba,ridge ego,pedestrian,2.6,0.23809523809523808,0.20634920634920634,0.0
ba,ridge ego,pedestrian,2.8,0.2698412698412698,0.23809523809523808,0.0
ba,ridge ego,pedestrian,3.0,0.2698412698412698,0.23809523809523808,0.0
ba,ridge ego,pedestrian,3.2,0.2698412698412698,0.23809523809523808,0.0
ba,ridge ego,pedestrian,3.4,0.30158730158730157,0.23809523809523808,0.0
ba,ridge ego,pedestrian,3.6,0.3492063492063492,0.2857142857142857,0.0
ba,ridge ego,pedestrian,3.8,0.4444444444444444,0.38095238095238093,0.0
ba,ridge ego,pedestrian,4.0,0.4444444444444444,0.38095238095238093,0.0
ba,ridge ego,pedestrian,4.2,0.4444444444444444,0.38095238095238093,0.0
ba,ridge ego,pedestrian,4.4,0.4444444444444444,0.38095238095238093,0.023809523809523808
ba,ridge ego,pedestrian,4.6,0.49206349206349204,0.42857142857142855,0.023809523809523808
ba,ridge ego,pedestrian,4.8,0.49206349206349204,0.42857142857142855,0.023809523809523808
ba,ridge ego,pedestrian,5.0,0.49206349206349204,0.42857142857142855,0.023809523809523808
ba,ridge ego,pedestrian,5.2,0.49206349206349204,0.42857142857142855,0.023809523809523808
ba,ridge ego,pedestrian,5.4,0.49206349206349204,0.42857142857142855,0.023809523809523808
ba,ridge ego,pedestrian,5.6,0.5396825396825397,0.47619047619047616,0.023809523809523808
ba,ridge ego,pedestrian,5.8,0.5396825396825397,0.47619047619047616,0.023809523809523808
ba,ridge ego,pedestrian,6.0,0.5396825396825397,0.47619047619047616,0.023809523809523808
ba,ridge ego,pedestrian,6.2,0.5396825396825397,0.47619047619047616,0.023809523809523808
ba,ridge ego,pedestrian,6.4,0.5396825396825397,0.47619047619047616,0.023809523809523808
ba,ridge ego,pedestrian,6.6,0.5396825396825397,0.47619047619047616,0.023809523809523808
ba,ridge ego,pedestrian,6.8,0.5396825396825397,0.47619047619047616,0.023809523809523808
ba,ridge ego,pedestrian,7.0,0.5396825396825397,0.47619047619047616,0.023809523809523808
ba,ridge ego,pedestrian,7.2,0.5396825396825397,0.47619047619047616,0.023809523809523808
ba,ridge ego,pedestrian,7.4,0.5396825396825397,0.47619047619047616,0.023809523809523808
ba,ridge ego,pedestrian,7.6,0.5396825396825397,0.47619047619047616,0.023809523809523808
ba,ridge ego,pedestrian,7.8,0.5396825396825397,0.47619047619047616,0.023809523809523808
ba,ridge ego,pedestrian,8.0,0.5396825396825397,0.47619047619047616,0.023809523809523808
ba,ridge ego,pedestrian,8.2,0.5396825396825397,0.47619047619047616,0.023809523809523808
ba,ridge ego,pedestrian,8.4,0.5396825396825397,0.47619047619047616,0.023809523809523808
ba,ridge ego,pedestrian,8.6,0.5555555555555556,0.49206349206349204,0.023809523809523808
ba,ridge ego,pedestrian,8.8,0.5555555555555556,0.49206349206349204,0.023809523809523808
ba,ridge ego,pedestrian,9.0,0.5555555555555556,0.49206349206349204,0.023809523809523808
ba,ridge ego,pedestrian,9.2,0.5555555555555556,0.49206349206349204,0.023809523809523808
ba,ridge ego,pedestrian,9.4,0.5555555555555556,0.49206349206349204,0.023809523809523808
ba,ridge ego,pedestrian,9.6,0.5555555555555556,0.49206349206349204,0.023809523809523808
ba,ridge ego,pedestrian,9.8,0.5555555555555556,0.49206349206349204,0.023809523809523808
ba,ridge ego,pedestrian,10.0,0.5555555555555556,0.49206349206349204,0.023809523809523808
ba,ridge_late L18_last,pedestrian,0.0,0.0,0.0,0.0
ba,ridge_late L18_last,pedestrian,0.2,0.0,0.0,0.0
ba,ridge_late L18_last,pedestrian,0.4,0.0,0.0,0.0
ba,ridge_late L18_last,pedestrian,0.6,0.0,0.0,0.0
ba,ridge_late L18_last,pedestrian,0.8,0.0,0.0,0.023809523809523808
ba,ridge_late L18_last,pedestrian,1.0,0.0,0.0,0.023809523809523808
ba,ridge_late L18_last,pedestrian,1.2,0.0,0.0,0.047619047619047616
ba,ridge_late L18_last,pedestrian,1.4,0.0,0.0,0.047619047619047616
ba,ridge_late L18_last,pedestrian,1.6,0.0,0.0,0.07142857142857142
ba,ridge_late L18_last,pedestrian,1.8,0.0,0.0,0.07142857142857142
ba,ridge_late L18_last,pedestrian,2.0,0.0,0.0,0.07142857142857142
ba,ridge_late L18_last,pedestrian,2.2,0.0,0.0,0.09523809523809523
ba,ridge_late L18_last,pedestrian,2.4,0.0,0.0,0.09523809523809523
ba,ridge_late L18_last,pedestrian,2.6,0.0,0.0,0.09523809523809523
ba,ridge_late L18_last,pedestrian,2.8,0.0,0.0,0.09523809523809523
ba,ridge_late L18_last,pedestrian,3.0,0.0,0.0,0.09523809523809523
ba,ridge_late L18_last,pedestrian,3.2,0.0,0.0,0.09523809523809523
ba,ridge_late L18_last,pedestrian,3.4,0.0,0.0,0.09523809523809523
ba,ridge_late L18_last,pedestrian,3.6,0.0,0.0,0.09523809523809523
ba,ridge_late L18_last,pedestrian,3.8,0.0,0.0,0.09523809523809523
ba,ridge_late L18_last,pedestrian,4.0,0.0,0.0,0.09523809523809523
ba,ridge_late L18_last,pedestrian,4.2,0.0,0.0,0.09523809523809523
ba,ridge_late L18_last,pedestrian,4.4,0.0,0.0,0.09523809523809523
ba,ridge_late L18_last,pedestrian,4.6,0.0,0.0,0.09523809523809523
ba,ridge_late L18_last,pedestrian,4.8,0.0,0.0,0.09523809523809523
ba,ridge_late L18_last,pedestrian,5.0,0.0,0.0,0.09523809523809523
ba,ridge_late L18_last,pedestrian,5.2,0.0,0.0,0.09523809523809523
ba,ridge_late L18_last,pedestrian,5.4,0.0,0.0,0.09523809523809523
ba,ridge_late L18_last,pedestrian,5.6,0.0,0.0,0.09523809523809523
ba,ridge_late L18_last,pedestrian,5.8,0.0,0.0,0.09523809523809523
ba,ridge_late L18_last,pedestrian,6.0,0.0,0.0,0.09523809523809523
ba,ridge_late L18_last,pedestrian,6.2,0.0,0.0,0.09523809523809523
ba,ridge_late L18_last,pedestrian,6.4,0.0,0.0,0.09523809523809523
ba,ridge_late L18_last,pedestrian,6.6,0.0,0.0,0.09523809523809523
ba,ridge_late L18_last,pedestrian,6.8,0.0,0.0,0.09523809523809523
ba,ridge_late L18_last,pedestrian,7.0,0.0,0.0,0.09523809523809523
ba,ridge_late L18_last,pedestrian,7.2,0.0,0.0,0.09523809523809523
ba,ridge_late L18_last,pedestrian,7.4,0.0,0.0,0.09523809523809523
ba,ridge_late L18_last,pedestrian,7.6,0.0,0.0,0.09523809523809523
ba,ridge_late L18_last,pedestrian,7.8,0.0,0.0,0.09523809523809523
ba,ridge_late L18_last,pedestrian,8.0,0.0,0.0,0.09523809523809523
ba,ridge_late L18_last,pedestrian,8.2,0.0,0.0,0.09523809523809523
ba,ridge_late L18_last,pedestrian,8.4,0.0,0.0,0.09523809523809523
ba,ridge_late L18_last,pedestrian,8.6,0.0,0.0,0.09523809523809523
ba,ridge_late L18_last,pedestrian,8.8,0.0,0.0,0.09523809523809523
ba,ridge_late L18_last,pedestrian,9.0,0.0,0.0,0.09523809523809523
ba,ridge_late L18_last,pedestrian,9.2,0.0,0.0,0.09523809523809523
ba,ridge_late L18_last,pedestrian,9.4,0.0,0.0,0.09523809523809523
ba,ridge_late L18_last,pedestrian,9.6,0.0,0.0,0.09523809523809523
ba,ridge_late L18_last,pedestrian,9.8,0.0,0.0,0.09523809523809523
ba,ridge_late L18_last,pedestrian,10.0,0.0,0.0,0.09523809523809523
ba,ridge_late L18_mean,pedestrian,0.0,0.0,0.0,0.023809523809523808
ba,ridge_late L18_mean,pedestrian,0.2,0.0,0.0,0.023809523809523808
ba,ridge_late L18_mean,pedestrian,0.4,0.0,0.0,0.023809523809523808
ba,ridge_late L18_mean,pedestrian,0.6,0.0,0.0,0.023809523809523808
ba,ridge_late L18_mean,pedestrian,0.8,0.0,0.0,0.023809523809523808
ba,ridge_late L18_mean,pedestrian,1.0,0.0,0.0,0.023809523809523808
ba,ridge_late L18_mean,pedestrian,1.2,0.0,0.0,0.023809523809523808
ba,ridge_late L18_mean,pedestrian,1.4,0.0,0.0,0.023809523809523808
ba,ridge_late L18_mean,pedestrian,1.6,0.0,0.0,0.023809523809523808
ba,ridge_late L18_mean,pedestrian,1.8,0.0,0.0,0.023809523809523808
ba,ridge_late L18_mean,pedestrian,2.0,0.0,0.0,0.047619047619047616
ba,ridge_late L18_mean,pedestrian,2.2,0.0,0.0,0.07142857142857142
ba,ridge_late L18_mean,pedestrian,2.4,0.0,0.0,0.09523809523809523
ba,ridge_late L18_mean,pedestrian,2.6,0.0,0.0,0.09523809523809523
ba,ridge_late L18_mean,pedestrian,2.8,0.0,0.0,0.09523809523809523
ba,ridge_late L18_mean,pedestrian,3.0,0.0,0.0,0.09523809523809523
ba,ridge_late L18_mean,pedestrian,3.2,0.0,0.0,0.09523809523809523
ba,ridge_late L18_mean,pedestrian,3.4,0.0,0.0,0.09523809523809523
ba,ridge_late L18_mean,pedestrian,3.6,0.0,0.0,0.09523809523809523
ba,ridge_late L18_mean,pedestrian,3.8,0.0,0.0,0.09523809523809523
ba,ridge_late L18_mean,pedestrian,4.0,0.0,0.0,0.09523809523809523
ba,ridge_late L18_mean,pedestrian,4.2,0.0,0.0,0.09523809523809523
ba,ridge_late L18_mean,pedestrian,4.4,0.0,0.0,0.09523809523809523
ba,ridge_late L18_mean,pedestrian,4.6,0.0,0.0,0.09523809523809523
ba,ridge_late L18_mean,pedestrian,4.8,0.0,0.0,0.09523809523809523
ba,ridge_late L18_mean,pedestrian,5.0,0.0,0.0,0.09523809523809523
ba,ridge_late L18_mean,pedestrian,5.2,0.0,0.0,0.11904761904761904
ba,ridge_late L18_mean,pedestrian,5.4,0.0,0.0,0.11904761904761904
ba,ridge_late L18_mean,pedestrian,5.6,0.0,0.0,0.11904761904761904
ba,ridge_late L18_mean,pedestrian,5.8,0.0,0.0,0.11904761904761904
ba,ridge_late L18_mean,pedestrian,6.0,0.0,0.0,0.11904761904761904
ba,ridge_late L18_mean,pedestrian,6.2,0.0,0.0,0.11904761904761904
ba,ridge_late L18_mean,pedestrian,6.4,0.0,0.0,0.11904761904761904
ba,ridge_late L18_mean,pedestrian,6.6,0.0,0.0,0.11904761904761904
ba,ridge_late L18_mean,pedestrian,6.8,0.0,0.0,0.11904761904761904
ba,ridge_late L18_mean,pedestrian,7.0,0.0,0.0,0.11904761904761904
ba,ridge_late L18_mean,pedestrian,7.2,0.0,0.0,0.11904761904761904
ba,ridge_late L18_mean,pedestrian,7.4,0.0,0.0,0.11904761904761904
ba,ridge_late L18_mean,pedestrian,7.6,0.0,0.0,0.11904761904761904
ba,ridge_late L18_mean,pedestrian,7.8,0.0,0.0,0.11904761904761904
ba,ridge_late L18_mean,pedestrian,8.0,0.0,0.0,0.11904761904761904
ba,ridge_late L18_mean,pedestrian,8.2,0.0,0.0,0.11904761904761904
ba,ridge_late L18_mean,pedestrian,8.4,0.0,0.0,0.11904761904761904
ba,ridge_late L18_mean,pedestrian,8.6,0.0,0.0,0.11904761904761904
ba,ridge_late L18_mean,pedestrian,8.8,0.0,0.0,0.11904761904761904
ba,ridge_late L18_mean,pedestrian,9.0,0.0,0.0,0.11904761904761904
ba,ridge_late L18_mean,pedestrian,9.2,0.0,0.0,0.11904761904761904
ba,ridge_late L18_mean,pedestrian,9.4,0.0,0.0,0.11904761904761904
ba,ridge_late L18_mean,pedestrian,9.6,0.0,0.0,0.11904761904761904
ba,ridge_late L18_mean,pedestrian,9.8,0.0,0.0,0.11904761904761904
ba,ridge_late L18_mean,pedestrian,10.0,0.0,0.0,0.11904761904761904
ba,ridge_late op-cinque temporal,pedestrian,0.0,0.0,0.0,0.07142857142857142
ba,ridge_late op-cinque temporal,pedestrian,0.2,0.0,0.0,0.09523809523809523
ba,ridge_late op-cinque temporal,pedestrian,0.4,0.0,0.0,0.11904761904761904
ba,ridge_late op-cinque temporal,pedestrian,0.6,0.0,0.0,0.11904761904761904
ba,ridge_late op-cinque temporal,pedestrian,0.8,0.0,0.0,0.14285714285714285
ba,ridge_late op-cinque temporal,pedestrian,1.0,0.0,0.0,0.14285714285714285
ba,ridge_late op-cinque temporal,pedestrian,1.2,0.0,0.0,0.14285714285714285
ba,ridge_late op-cinque temporal,pedestrian,1.4,0.0,0.0,0.14285714285714285
ba,ridge_late op-cinque temporal,pedestrian,1.6,0.0,0.0,0.16666666666666666
ba,ridge_late op-cinque temporal,pedestrian,1.8,0.0,0.0,0.16666666666666666
ba,ridge_late op-cinque temporal,pedestrian,2.0,0.0,0.0,0.16666666666666666
ba,ridge_late op-cinque temporal,pedestrian,2.2,0.0,0.0,0.16666666666666666
ba,ridge_late op-cinque temporal,pedestrian,2.4,0.0,0.0,0.16666666666666666
ba,ridge_late op-cinque temporal,pedestrian,2.6,0.0,0.0,0.16666666666666666
ba,ridge_late op-cinque temporal,pedestrian,2.8,0.0,0.0,0.19047619047619047
ba,ridge_late op-cinque temporal,pedestrian,3.0,0.0,0.0,0.21428571428571427
ba,ridge_late op-cinque temporal,pedestrian,3.2,0.0,0.0,0.21428571428571427
ba,ridge_late op-cinque temporal,pedestrian,3.4,0.0,0.0,0.21428571428571427
ba,ridge_late op-cinque temporal,pedestrian,3.6,0.0,0.0,0.23809523809523808
ba,ridge_late op-cinque temporal,pedestrian,3.8,0.0,0.0,0.23809523809523808
ba,ridge_late op-cinque temporal,pedestrian,4.0,0.0,0.0,0.23809523809523808
ba,ridge_late op-cinque temporal,pedestrian,4.2,0.0,0.0,0.23809523809523808
ba,ridge_late op-cinque temporal,pedestrian,4.4,0.0,0.0,0.23809523809523808
ba,ridge_late op-cinque temporal,pedestrian,4.6,0.0,0.0,0.23809523809523808
ba,ridge_late op-cinque temporal,pedestrian,4.8,0.015873015873015872,0.015873015873015872,0.23809523809523808
ba,ridge_late op-cinque temporal,pedestrian,5.0,0.015873015873015872,0.015873015873015872,0.23809523809523808
ba,ridge_late op-cinque temporal,pedestrian,5.2,0.015873015873015872,0.015873015873015872,0.23809523809523808
ba,ridge_late op-cinque temporal,pedestrian,5.4,0.015873015873015872,0.015873015873015872,0.23809523809523808
ba,ridge_late op-cinque temporal,pedestrian,5.6,0.015873015873015872,0.015873015873015872,0.23809523809523808
ba,ridge_late op-cinque temporal,pedestrian,5.8,0.015873015873015872,0.015873015873015872,0.23809523809523808
ba,ridge_late op-cinque temporal,pedestrian,6.0,0.015873015873015872,0.015873015873015872,0.23809523809523808
ba,ridge_late op-cinque temporal,pedestrian,6.2,0.015873015873015872,0.015873015873015872,0.23809523809523808
ba,ridge_late op-cinque temporal,pedestrian,6.4,0.015873015873015872,0.015873015873015872,0.23809523809523808
ba,ridge_late op-cinque temporal,pedestrian,6.6,0.015873015873015872,0.015873015873015872,0.23809523809523808
ba,ridge_late op-cinque temporal,pedestrian,6.8,0.015873015873015872,0.015873015873015872,0.23809523809523808
ba,ridge_late op-cinque temporal,pedestrian,7.0,0.015873015873015872,0.015873015873015872,0.23809523809523808
ba,ridge_late op-cinque temporal,pedestrian,7.2,0.015873015873015872,0.015873015873015872,0.23809523809523808
ba,ridge_late op-cinque temporal,pedestrian,7.4,0.015873015873015872,0.015873015873015872,0.23809523809523808
ba,ridge_late op-cinque temporal,pedestrian,7.6,0.015873015873015872,0.015873015873015872,0.23809523809523808
ba,ridge_late op-cinque temporal,pedestrian,7.8,0.015873015873015872,0.015873015873015872,0.23809523809523808
ba,ridge_late op-cinque temporal,pedestrian,8.0,0.015873015873015872,0.015873015873015872,0.23809523809523808
ba,ridge_late op-cinque temporal,pedestrian,8.2,0.015873015873015872,0.015873015873015872,0.23809523809523808
ba,ridge_late op-cinque temporal,pedestrian,8.4,0.015873015873015872,0.015873015873015872,0.23809523809523808
ba,ridge_late op-cinque temporal,pedestrian,8.6,0.015873015873015872,0.015873015873015872,0.23809523809523808
ba,ridge_late op-cinque temporal,pedestrian,8.8,0.015873015873015872,0.015873015873015872,0.23809523809523808
ba,ridge_late op-cinque temporal,pedestrian,9.0,0.015873015873015872,0.015873015873015872,0.23809523809523808
ba,ridge_late op-cinque temporal,pedestrian,9.2,0.015873015873015872,0.015873015873015872,0.23809523809523808
ba,ridge_late op-cinque temporal,pedestrian,9.4,0.015873015873015872,0.015873015873015872,0.23809523809523808
ba,ridge_late op-cinque temporal,pedestrian,9.6,0.015873015873015872,0.015873015873015872,0.23809523809523808
ba,ridge_late op-cinque temporal,pedestrian,9.8,0.015873015873015872,0.015873015873015872,0.23809523809523808
ba,ridge_late op-cinque temporal,pedestrian,10.0,0.015873015873015872,0.015873015873015872,0.23809523809523808
ba,ridge_late op-cinque vision,pedestrian,0.0,0.0,0.0,0.023809523809523808
ba,ridge_late op-cinque vision,pedestrian,0.2,0.0,0.0,0.047619047619047616
ba,ridge_late op-cinque vision,pedestrian,0.4,0.0,0.0,0.047619047619047616
ba,ridge_late op-cinque vision,pedestrian,0.6,0.0,0.0,0.11904761904761904
ba,ridge_late op-cinque vision,pedestrian,0.8,0.0,0.0,0.11904761904761904
ba,ridge_late op-cinque vision,pedestrian,1.0,0.0,0.0,0.11904761904761904
ba,ridge_late op-cinque vision,pedestrian,1.2,0.0,0.0,0.11904761904761904
ba,ridge_late op-cinque vision,pedestrian,1.4,0.031746031746031744,0.031746031746031744,0.11904761904761904
ba,ridge_late op-cinque vision,pedestrian,1.6,0.031746031746031744,0.031746031746031744,0.14285714285714285
ba,ridge_late op-cinque vision,pedestrian,1.8,0.047619047619047616,0.047619047619047616,0.14285714285714285
ba,ridge_late op-cinque vision,pedestrian,2.0,0.06349206349206349,0.06349206349206349,0.16666666666666666
ba,ridge_late op-cinque vision,pedestrian,2.2,0.07936507936507936,0.07936507936507936,0.16666666666666666
ba,ridge_late op-cinque vision,pedestrian,2.4,0.07936507936507936,0.07936507936507936,0.16666666666666666
ba,ridge_late op-cinque vision,pedestrian,2.6,0.1111111111111111,0.1111111111111111,0.19047619047619047
ba,ridge_late op-cinque vision,pedestrian,2.8,0.12698412698412698,0.12698412698412698,0.21428571428571427
ba,ridge_late op-cinque vision,pedestrian,3.0,0.12698412698412698,0.12698412698412698,0.21428571428571427
ba,ridge_late op-cinque vision,pedestrian,3.2,0.12698412698412698,0.12698412698412698,0.21428571428571427
ba,ridge_late op-cinque vision,pedestrian,3.4,0.12698412698412698,0.12698412698412698,0.23809523809523808
ba,ridge_late op-cinque vision,pedestrian,3.6,0.1746031746031746,0.1746031746031746,0.23809523809523808
ba,ridge_late op-cinque vision,pedestrian,3.8,0.2698412698412698,0.2698412698412698,0.2619047619047619
ba,ridge_late op-cinque vision,pedestrian,4.0,0.2698412698412698,0.2698412698412698,0.2619047619047619
ba,ridge_late op-cinque vision,pedestrian,4.2,0.2698412698412698,0.2698412698412698,0.2619047619047619
ba,ridge_late op-cinque vision,pedestrian,4.4,0.2698412698412698,0.2698412698412698,0.2619047619047619
ba,ridge_late op-cinque vision,pedestrian,4.6,0.2698412698412698,0.2698412698412698,0.2619047619047619
ba,ridge_late op-cinque vision,pedestrian,4.8,0.2698412698412698,0.2698412698412698,0.2619047619047619
ba,ridge_late op-cinque vision,pedestrian,5.0,0.2698412698412698,0.2698412698412698,0.2619047619047619
ba,ridge_late op-cinque vision,pedestrian,5.2,0.2698412698412698,0.2698412698412698,0.2619047619047619
ba,ridge_late op-cinque vision,pedestrian,5.4,0.2698412698412698,0.2698412698412698,0.2619047619047619
ba,ridge_late op-cinque vision,pedestrian,5.6,0.2698412698412698,0.2698412698412698,0.2619047619047619
ba,ridge_late op-cinque vision,pedestrian,5.8,0.2698412698412698,0.2698412698412698,0.2619047619047619
ba,ridge_late op-cinque vision,pedestrian,6.0,0.2698412698412698,0.2698412698412698,0.2619047619047619
ba,ridge_late op-cinque vision,pedestrian,6.2,0.2698412698412698,0.2698412698412698,0.2619047619047619
ba,ridge_late op-cinque vision,pedestrian,6.4,0.2698412698412698,0.2698412698412698,0.2619047619047619
ba,ridge_late op-cinque vision,pedestrian,6.6,0.2698412698412698,0.2698412698412698,0.2619047619047619
ba,ridge_late op-cinque vision,pedestrian,6.8,0.2698412698412698,0.2698412698412698,0.2619047619047619
ba,ridge_late op-cinque vision,pedestrian,7.0,0.2698412698412698,0.2698412698412698,0.2619047619047619
ba,ridge_late op-cinque vision,pedestrian,7.2,0.2698412698412698,0.2698412698412698,0.2619047619047619
ba,ridge_late op-cinque vision,pedestrian,7.4,0.2698412698412698,0.2698412698412698,0.2619047619047619
ba,ridge_late op-cinque vision,pedestrian,7.6,0.2698412698412698,0.2698412698412698,0.2619047619047619
ba,ridge_late op-cinque vision,pedestrian,7.8,0.2698412698412698,0.2698412698412698,0.2619047619047619
ba,ridge_late op-cinque vision,pedestrian,8.0,0.2698412698412698,0.2698412698412698,0.2619047619047619
ba,ridge_late op-cinque vision,pedestrian,8.2,0.2698412698412698,0.2698412698412698,0.2619047619047619
ba,ridge_late op-cinque vision,pedestrian,8.4,0.2698412698412698,0.2698412698412698,0.2619047619047619
ba,ridge_late op-cinque vision,pedestrian,8.6,0.2698412698412698,0.2698412698412698,0.2619047619047619
ba,ridge_late op-cinque vision,pedestrian,8.8,0.2698412698412698,0.2698412698412698,0.2619047619047619
ba,ridge_late op-cinque vision,pedestrian,9.0,0.2698412698412698,0.2698412698412698,0.2619047619047619
ba,ridge_late op-cinque vision,pedestrian,9.2,0.2698412698412698,0.2698412698412698,0.2619047619047619
ba,ridge_late op-cinque vision,pedestrian,9.4,0.2698412698412698,0.2698412698412698,0.2619047619047619
ba,ridge_late op-cinque vision,pedestrian,9.6,0.2698412698412698,0.2698412698412698,0.2619047619047619
ba,ridge_late op-cinque vision,pedestrian,9.8,0.2698412698412698,0.2698412698412698,0.2619047619047619
ba,ridge_late op-cinque vision,pedestrian,10.0,0.2698412698412698,0.2698412698412698,0.2619047619047619
ba,ridge_late op-lebowski temporal,pedestrian,0.0,0.0,0.0,0.023809523809523808
ba,ridge_late op-lebowski temporal,pedestrian,0.2,0.0,0.0,0.07142857142857142
ba,ridge_late op-lebowski temporal,pedestrian,0.4,0.0,0.0,0.07142857142857142
ba,ridge_late op-lebowski temporal,pedestrian,0.6,0.0,0.0,0.09523809523809523
ba,ridge_late op-lebowski temporal,pedestrian,0.8,0.0,0.0,0.11904761904761904
ba,ridge_late op-lebowski temporal,pedestrian,1.0,0.0,0.0,0.14285714285714285
ba,ridge_late op-lebowski temporal,pedestrian,1.2,0.0,0.0,0.14285714285714285
ba,ridge_late op-lebowski temporal,pedestrian,1.4,0.0,0.0,0.16666666666666666
ba,ridge_late op-lebowski temporal,pedestrian,1.6,0.0,0.0,0.19047619047619047
ba,ridge_late op-lebowski temporal,pedestrian,1.8,0.015873015873015872,0.015873015873015872,0.19047619047619047
ba,ridge_late op-lebowski temporal,pedestrian,2.0,0.047619047619047616,0.047619047619047616,0.21428571428571427
ba,ridge_late op-lebowski temporal,pedestrian,2.2,0.06349206349206349,0.06349206349206349,0.21428571428571427
ba,ridge_late op-lebowski temporal,pedestrian,2.4,0.06349206349206349,0.06349206349206349,0.21428571428571427
ba,ridge_late op-lebowski temporal,pedestrian,2.6,0.07936507936507936,0.06349206349206349,0.21428571428571427
ba,ridge_late op-lebowski temporal,pedestrian,2.8,0.07936507936507936,0.06349206349206349,0.21428571428571427
ba,ridge_late op-lebowski temporal,pedestrian,3.0,0.07936507936507936,0.06349206349206349,0.21428571428571427
ba,ridge_late op-lebowski temporal,pedestrian,3.2,0.07936507936507936,0.06349206349206349,0.21428571428571427
ba,ridge_late op-lebowski temporal,pedestrian,3.4,0.07936507936507936,0.06349206349206349,0.21428571428571427
ba,ridge_late op-lebowski temporal,pedestrian,3.6,0.1111111111111111,0.09523809523809523,0.23809523809523808
ba,ridge_late op-lebowski temporal,pedestrian,3.8,0.1111111111111111,0.09523809523809523,0.23809523809523808
ba,ridge_late op-lebowski temporal,pedestrian,4.0,0.1111111111111111,0.09523809523809523,0.23809523809523808
ba,ridge_late op-lebowski temporal,pedestrian,4.2,0.1111111111111111,0.09523809523809523,0.23809523809523808
ba,ridge_late op-lebowski temporal,pedestrian,4.4,0.1111111111111111,0.09523809523809523,0.23809523809523808
ba,ridge_late op-lebowski temporal,pedestrian,4.6,0.1111111111111111,0.09523809523809523,0.23809523809523808
ba,ridge_late op-lebowski temporal,pedestrian,4.8,0.1111111111111111,0.09523809523809523,0.23809523809523808
ba,ridge_late op-lebowski temporal,pedestrian,5.0,0.1111111111111111,0.1111111111111111,0.2619047619047619
ba,ridge_late op-lebowski temporal,pedestrian,5.2,0.1111111111111111,0.1111111111111111,0.2619047619047619
ba,ridge_late op-lebowski temporal,pedestrian,5.4,0.1111111111111111,0.1111111111111111,0.2619047619047619
ba,ridge_late op-lebowski temporal,pedestrian,5.6,0.1111111111111111,0.1111111111111111,0.2619047619047619
ba,ridge_late op-lebowski temporal,pedestrian,5.8,0.1111111111111111,0.1111111111111111,0.2619047619047619
ba,ridge_late op-lebowski temporal,pedestrian,6.0,0.1111111111111111,0.1111111111111111,0.2619047619047619
ba,ridge_late op-lebowski temporal,pedestrian,6.2,0.1111111111111111,0.1111111111111111,0.2619047619047619
ba,ridge_late op-lebowski temporal,pedestrian,6.4,0.1111111111111111,0.1111111111111111,0.2619047619047619
ba,ridge_late op-lebowski temporal,pedestrian,6.6,0.1111111111111111,0.1111111111111111,0.2619047619047619
ba,ridge_late op-lebowski temporal,pedestrian,6.8,0.1111111111111111,0.1111111111111111,0.2619047619047619
ba,ridge_late op-lebowski temporal,pedestrian,7.0,0.1111111111111111,0.1111111111111111,0.2619047619047619
ba,ridge_late op-lebowski temporal,pedestrian,7.2,0.1111111111111111,0.1111111111111111,0.2619047619047619
ba,ridge_late op-lebowski temporal,pedestrian,7.4,0.1111111111111111,0.1111111111111111,0.2619047619047619
ba,ridge_late op-lebowski temporal,pedestrian,7.6,0.1111111111111111,0.1111111111111111,0.2619047619047619
ba,ridge_late op-lebowski temporal,pedestrian,7.8,0.1111111111111111,0.1111111111111111,0.2619047619047619
ba,ridge_late op-lebowski temporal,pedestrian,8.0,0.1111111111111111,0.1111111111111111,0.2619047619047619
ba,ridge_late op-lebowski temporal,pedestrian,8.2,0.1111111111111111,0.1111111111111111,0.2619047619047619
ba,ridge_late op-lebowski temporal,pedestrian,8.4,0.1111111111111111,0.1111111111111111,0.2619047619047619
ba,ridge_late op-lebowski temporal,pedestrian,8.6,0.1111111111111111,0.1111111111111111,0.2619047619047619
ba,ridge_late op-lebowski temporal,pedestrian,8.8,0.1111111111111111,0.1111111111111111,0.2619047619047619
ba,ridge_late op-lebowski temporal,pedestrian,9.0,0.1111111111111111,0.1111111111111111,0.2619047619047619
ba,ridge_late op-lebowski temporal,pedestrian,9.2,0.1111111111111111,0.1111111111111111,0.2619047619047619
ba,ridge_late op-lebowski temporal,pedestrian,9.4,0.1111111111111111,0.1111111111111111,0.2619047619047619
ba,ridge_late op-lebowski temporal,pedestrian,9.6,0.1111111111111111,0.1111111111111111,0.2619047619047619
ba,ridge_late op-lebowski temporal,pedestrian,9.8,0.1111111111111111,0.1111111111111111,0.2619047619047619
ba,ridge_late op-lebowski temporal,pedestrian,10.0,0.1111111111111111,0.1111111111111111,0.2619047619047619
ba,ridge_late op-lebowski vision,pedestrian,0.0,0.0,0.0,0.047619047619047616
ba,ridge_late op-lebowski vision,pedestrian,0.2,0.0,0.0,0.047619047619047616
ba,ridge_late op-lebowski vision,pedestrian,0.4,0.0,0.0,0.047619047619047616
ba,ridge_late op-lebowski vision,pedestrian,0.6,0.0,0.0,0.07142857142857142
ba,ridge_late op-lebowski vision,pedestrian,0.8,0.0,0.0,0.07142857142857142
ba,ridge_late op-lebowski vision,pedestrian,1.0,0.0,0.0,0.07142857142857142
ba,ridge_late op-lebowski vision,pedestrian,1.2,0.0,0.0,0.07142857142857142
ba,ridge_late op-lebowski vision,pedestrian,1.4,0.0,0.0,0.07142857142857142
ba,ridge_late op-lebowski vision,pedestrian,1.6,0.0,0.0,0.11904761904761904
ba,ridge_late op-lebowski vision,pedestrian,1.8,0.047619047619047616,0.047619047619047616,0.11904761904761904
ba,ridge_late op-lebowski vision,pedestrian,2.0,0.047619047619047616,0.047619047619047616,0.14285714285714285
ba,ridge_late op-lebowski vision,pedestrian,2.2,0.14285714285714285,0.14285714285714285,0.16666666666666666
ba,ridge_late op-lebowski vision,pedestrian,2.4,0.15873015873015872,0.15873015873015872,0.16666666666666666
ba,ridge_late op-lebowski vision,pedestrian,2.6,0.15873015873015872,0.15873015873015872,0.16666666666666666
ba,ridge_late op-lebowski vision,pedestrian,2.8,0.19047619047619047,0.19047619047619047,0.16666666666666666
ba,ridge_late op-lebowski vision,pedestrian,3.0,0.20634920634920634,0.19047619047619047,0.16666666666666666
ba,ridge_late op-lebowski vision,pedestrian,3.2,0.20634920634920634,0.19047619047619047,0.16666666666666666
ba,ridge_late op-lebowski vision,pedestrian,3.4,0.20634920634920634,0.19047619047619047,0.19047619047619047
ba,ridge_late op-lebowski vision,pedestrian,3.6,0.23809523809523808,0.2222222222222222,0.19047619047619047
ba,ridge_late op-lebowski vision,pedestrian,3.8,0.2857142857142857,0.2698412698412698,0.21428571428571427
ba,ridge_late op-lebowski vision,pedestrian,4.0,0.2857142857142857,0.2698412698412698,0.21428571428571427
ba,ridge_late op-lebowski vision,pedestrian,4.2,0.2857142857142857,0.2698412698412698,0.21428571428571427
ba,ridge_late op-lebowski vision,pedestrian,4.4,0.2857142857142857,0.2698412698412698,0.21428571428571427
ba,ridge_late op-lebowski vision,pedestrian,4.6,0.2857142857142857,0.2698412698412698,0.21428571428571427
ba,ridge_late op-lebowski vision,pedestrian,4.8,0.2857142857142857,0.2698412698412698,0.21428571428571427
ba,ridge_late op-lebowski vision,pedestrian,5.0,0.2857142857142857,0.2698412698412698,0.21428571428571427
ba,ridge_late op-lebowski vision,pedestrian,5.2,0.2857142857142857,0.2698412698412698,0.21428571428571427
ba,ridge_late op-lebowski vision,pedestrian,5.4,0.2857142857142857,0.2698412698412698,0.21428571428571427
ba,ridge_late op-lebowski vision,pedestrian,5.6,0.2857142857142857,0.2857142857142857,0.21428571428571427
ba,ridge_late op-lebowski vision,pedestrian,5.8,0.2857142857142857,0.2857142857142857,0.21428571428571427
ba,ridge_late op-lebowski vision,pedestrian,6.0,0.2857142857142857,0.2857142857142857,0.21428571428571427
ba,ridge_late op-lebowski vision,pedestrian,6.2,0.2857142857142857,0.2857142857142857,0.21428571428571427
ba,ridge_late op-lebowski vision,pedestrian,6.4,0.2857142857142857,0.2857142857142857,0.21428571428571427
ba,ridge_late op-lebowski vision,pedestrian,6.6,0.2857142857142857,0.2857142857142857,0.23809523809523808
ba,ridge_late op-lebowski vision,pedestrian,6.8,0.2857142857142857,0.2857142857142857,0.23809523809523808
ba,ridge_late op-lebowski vision,pedestrian,7.0,0.2857142857142857,0.2857142857142857,0.23809523809523808
ba,ridge_late op-lebowski vision,pedestrian,7.2,0.2857142857142857,0.2857142857142857,0.23809523809523808
ba,ridge_late op-lebowski vision,pedestrian,7.4,0.2857142857142857,0.2857142857142857,0.23809523809523808
ba,ridge_late op-lebowski vision,pedestrian,7.6,0.2857142857142857,0.2857142857142857,0.23809523809523808
ba,ridge_late op-lebowski vision,pedestrian,7.8,0.2857142857142857,0.2857142857142857,0.23809523809523808
ba,ridge_late op-lebowski vision,pedestrian,8.0,0.2857142857142857,0.2857142857142857,0.23809523809523808
ba,ridge_late op-lebowski vision,pedestrian,8.2,0.2857142857142857,0.2857142857142857,0.23809523809523808
ba,ridge_late op-lebowski vision,pedestrian,8.4,0.2857142857142857,0.2857142857142857,0.23809523809523808
ba,ridge_late op-lebowski vision,pedestrian,8.6,0.2857142857142857,0.2857142857142857,0.23809523809523808
ba,ridge_late op-lebowski vision,pedestrian,8.8,0.2857142857142857,0.2857142857142857,0.23809523809523808
ba,ridge_late op-lebowski vision,pedestrian,9.0,0.2857142857142857,0.2857142857142857,0.23809523809523808
ba,ridge_late op-lebowski vision,pedestrian,9.2,0.2857142857142857,0.2857142857142857,0.23809523809523808
ba,ridge_late op-lebowski vision,pedestrian,9.4,0.2857142857142857,0.2857142857142857,0.23809523809523808
ba,ridge_late op-lebowski vision,pedestrian,9.6,0.2857142857142857,0.2857142857142857,0.23809523809523808
ba,ridge_late op-lebowski vision,pedestrian,9.8,0.2857142857142857,0.2857142857142857,0.23809523809523808
ba,ridge_late op-lebowski vision,pedestrian,10.0,0.2857142857142857,0.2857142857142857,0.23809523809523808
ba,ridge_late op-lebowski hidden,pedestrian,0.0,0.0,0.0,0.047619047619047616
ba,ridge_late op-lebowski hidden,pedestrian,0.2,0.0,0.0,0.07142857142857142
ba,ridge_late op-lebowski hidden,pedestrian,0.4,0.0,0.0,0.07142857142857142
ba,ridge_late op-lebowski hidden,pedestrian,0.6,0.0,0.0,0.09523809523809523
ba,ridge_late op-lebowski hidden,pedestrian,0.8,0.0,0.0,0.14285714285714285
ba,ridge_late op-lebowski hidden,pedestrian,1.0,0.015873015873015872,0.0,0.16666666666666666
ba,ridge_late op-lebowski hidden,pedestrian,1.2,0.031746031746031744,0.015873015873015872,0.19047619047619047
ba,ridge_late op-lebowski hidden,pedestrian,1.4,0.031746031746031744,0.015873015873015872,0.19047619047619047
ba,ridge_late op-lebowski hidden,pedestrian,1.6,0.031746031746031744,0.015873015873015872,0.19047619047619047
ba,ridge_late op-lebowski hidden,pedestrian,1.8,0.06349206349206349,0.047619047619047616,0.19047619047619047
ba,ridge_late op-lebowski hidden,pedestrian,2.0,0.09523809523809523,0.07936507936507936,0.19047619047619047
ba,ridge_late op-lebowski hidden,pedestrian,2.2,0.1111111111111111,0.09523809523809523,0.19047619047619047
ba,ridge_late op-lebowski hidden,pedestrian,2.4,0.1111111111111111,0.09523809523809523,0.19047619047619047
ba,ridge_late op-lebowski hidden,pedestrian,2.6,0.1111111111111111,0.09523809523809523,0.19047619047619047
ba,ridge_late op-lebowski hidden,pedestrian,2.8,0.12698412698412698,0.1111111111111111,0.19047619047619047
ba,ridge_late op-lebowski hidden,pedestrian,3.0,0.12698412698412698,0.1111111111111111,0.19047619047619047
ba,ridge_late op-lebowski hidden,pedestrian,3.2,0.12698412698412698,0.1111111111111111,0.19047619047619047
ba,ridge_late op-lebowski hidden,pedestrian,3.4,0.12698412698412698,0.1111111111111111,0.19047619047619047
ba,ridge_late op-lebowski hidden,pedestrian,3.6,0.12698412698412698,0.1111111111111111,0.19047619047619047
ba,ridge_late op-lebowski hidden,pedestrian,3.8,0.12698412698412698,0.1111111111111111,0.21428571428571427
ba,ridge_late op-lebowski hidden,pedestrian,4.0,0.12698412698412698,0.1111111111111111,0.21428571428571427
ba,ridge_late op-lebowski hidden,pedestrian,4.2,0.12698412698412698,0.1111111111111111,0.21428571428571427
ba,ridge_late op-lebowski hidden,pedestrian,4.4,0.12698412698412698,0.1111111111111111,0.21428571428571427
ba,ridge_late op-lebowski hidden,pedestrian,4.6,0.12698412698412698,0.1111111111111111,0.21428571428571427
ba,ridge_late op-lebowski hidden,pedestrian,4.8,0.12698412698412698,0.1111111111111111,0.21428571428571427
ba,ridge_late op-lebowski hidden,pedestrian,5.0,0.12698412698412698,0.1111111111111111,0.21428571428571427
ba,ridge_late op-lebowski hidden,pedestrian,5.2,0.12698412698412698,0.12698412698412698,0.21428571428571427
ba,ridge_late op-lebowski hidden,pedestrian,5.4,0.12698412698412698,0.12698412698412698,0.21428571428571427
ba,ridge_late op-lebowski hidden,pedestrian,5.6,0.12698412698412698,0.12698412698412698,0.21428571428571427
ba,ridge_late op-lebowski hidden,pedestrian,5.8,0.12698412698412698,0.12698412698412698,0.21428571428571427
ba,ridge_late op-lebowski hidden,pedestrian,6.0,0.12698412698412698,0.12698412698412698,0.21428571428571427
ba,ridge_late op-lebowski hidden,pedestrian,6.2,0.12698412698412698,0.12698412698412698,0.21428571428571427
ba,ridge_late op-lebowski hidden,pedestrian,6.4,0.12698412698412698,0.12698412698412698,0.21428571428571427
ba,ridge_late op-lebowski hidden,pedestrian,6.6,0.12698412698412698,0.12698412698412698,0.21428571428571427
ba,ridge_late op-lebowski hidden,pedestrian,6.8,0.12698412698412698,0.12698412698412698,0.21428571428571427
ba,ridge_late op-lebowski hidden,pedestrian,7.0,0.12698412698412698,0.12698412698412698,0.21428571428571427
ba,ridge_late op-lebowski hidden,pedestrian,7.2,0.12698412698412698,0.12698412698412698,0.21428571428571427
ba,ridge_late op-lebowski hidden,pedestrian,7.4,0.12698412698412698,0.12698412698412698,0.21428571428571427
ba,ridge_late op-lebowski hidden,pedestrian,7.6,0.12698412698412698,0.12698412698412698,0.21428571428571427
ba,ridge_late op-lebowski hidden,pedestrian,7.8,0.12698412698412698,0.12698412698412698,0.21428571428571427
ba,ridge_late op-lebowski hidden,pedestrian,8.0,0.12698412698412698,0.12698412698412698,0.21428571428571427
ba,ridge_late op-lebowski hidden,pedestrian,8.2,0.12698412698412698,0.12698412698412698,0.21428571428571427
ba,ridge_late op-lebowski hidden,pedestrian,8.4,0.12698412698412698,0.12698412698412698,0.21428571428571427
ba,ridge_late op-lebowski hidden,pedestrian,8.6,0.12698412698412698,0.12698412698412698,0.21428571428571427
ba,ridge_late op-lebowski hidden,pedestrian,8.8,0.12698412698412698,0.12698412698412698,0.21428571428571427
ba,ridge_late op-lebowski hidden,pedestrian,9.0,0.12698412698412698,0.12698412698412698,0.21428571428571427
ba,ridge_late op-lebowski hidden,pedestrian,9.2,0.12698412698412698,0.12698412698412698,0.21428571428571427
ba,ridge_late op-lebowski hidden,pedestrian,9.4,0.12698412698412698,0.12698412698412698,0.21428571428571427
ba,ridge_late op-lebowski hidden,pedestrian,9.6,0.12698412698412698,0.12698412698412698,0.21428571428571427
ba,ridge_late op-lebowski hidden,pedestrian,9.8,0.12698412698412698,0.12698412698412698,0.21428571428571427
ba,ridge_late op-lebowski hidden,pedestrian,10.0,0.12698412698412698,0.12698412698412698,0.21428571428571427
ba,prior [cinque],pedestrian,0.0,0.0,0.0,0.07142857142857142
ba,prior [cinque],pedestrian,0.2,0.0,0.0,0.09523809523809523
ba,prior [cinque],pedestrian,0.4,0.0,0.0,0.11904761904761904
ba,prior [cinque],pedestrian,0.6,0.0,0.0,0.11904761904761904
ba,prior [cinque],pedestrian,0.8,0.0,0.0,0.14285714285714285
ba,prior [cinque],pedestrian,1.0,0.0,0.0,0.14285714285714285
ba,prior [cinque],pedestrian,1.2,0.0,0.0,0.14285714285714285
ba,prior [cinque],pedestrian,1.4,0.0,0.0,0.14285714285714285
ba,prior [cinque],pedestrian,1.6,0.0,0.0,0.16666666666666666
ba,prior [cinque],pedestrian,1.8,0.0,0.0,0.16666666666666666
ba,prior [cinque],pedestrian,2.0,0.0,0.0,0.16666666666666666
ba,prior [cinque],pedestrian,2.2,0.0,0.0,0.16666666666666666
ba,prior [cinque],pedestrian,2.4,0.0,0.0,0.16666666666666666
ba,prior [cinque],pedestrian,2.6,0.0,0.0,0.16666666666666666
ba,prior [cinque],pedestrian,2.8,0.0,0.0,0.19047619047619047
ba,prior [cinque],pedestrian,3.0,0.0,0.0,0.21428571428571427
ba,prior [cinque],pedestrian,3.2,0.0,0.0,0.21428571428571427
ba,prior [cinque],pedestrian,3.4,0.0,0.0,0.21428571428571427
ba,prior [cinque],pedestrian,3.6,0.0,0.0,0.23809523809523808
ba,prior [cinque],pedestrian,3.8,0.0,0.0,0.23809523809523808
ba,prior [cinque],pedestrian,4.0,0.0,0.0,0.23809523809523808
ba,prior [cinque],pedestrian,4.2,0.0,0.0,0.23809523809523808
ba,prior [cinque],pedestrian,4.4,0.0,0.0,0.23809523809523808
ba,prior [cinque],pedestrian,4.6,0.0,0.0,0.23809523809523808
ba,prior [cinque],pedestrian,4.8,0.015873015873015872,0.015873015873015872,0.23809523809523808
ba,prior [cinque],pedestrian,5.0,0.015873015873015872,0.015873015873015872,0.23809523809523808
ba,prior [cinque],pedestrian,5.2,0.015873015873015872,0.015873015873015872,0.23809523809523808
ba,prior [cinque],pedestrian,5.4,0.015873015873015872,0.015873015873015872,0.23809523809523808
ba,prior [cinque],pedestrian,5.6,0.015873015873015872,0.015873015873015872,0.23809523809523808
ba,prior [cinque],pedestrian,5.8,0.015873015873015872,0.015873015873015872,0.23809523809523808
ba,prior [cinque],pedestrian,6.0,0.015873015873015872,0.015873015873015872,0.23809523809523808
ba,prior [cinque],pedestrian,6.2,0.015873015873015872,0.015873015873015872,0.23809523809523808
ba,prior [cinque],pedestrian,6.4,0.015873015873015872,0.015873015873015872,0.23809523809523808
ba,prior [cinque],pedestrian,6.6,0.015873015873015872,0.015873015873015872,0.23809523809523808
ba,prior [cinque],pedestrian,6.8,0.015873015873015872,0.015873015873015872,0.23809523809523808
ba,prior [cinque],pedestrian,7.0,0.015873015873015872,0.015873015873015872,0.23809523809523808
ba,prior [cinque],pedestrian,7.2,0.015873015873015872,0.015873015873015872,0.23809523809523808
ba,prior [cinque],pedestrian,7.4,0.015873015873015872,0.015873015873015872,0.23809523809523808
ba,prior [cinque],pedestrian,7.6,0.015873015873015872,0.015873015873015872,0.23809523809523808
ba,prior [cinque],pedestrian,7.8,0.015873015873015872,0.015873015873015872,0.23809523809523808
ba,prior [cinque],pedestrian,8.0,0.015873015873015872,0.015873015873015872,0.23809523809523808
ba,prior [cinque],pedestrian,8.2,0.015873015873015872,0.015873015873015872,0.23809523809523808
ba,prior [cinque],pedestrian,8.4,0.015873015873015872,0.015873015873015872,0.23809523809523808
ba,prior [cinque],pedestrian,8.6,0.015873015873015872,0.015873015873015872,0.23809523809523808
ba,prior [cinque],pedestrian,8.8,0.015873015873015872,0.015873015873015872,0.23809523809523808
ba,prior [cinque],pedestrian,9.0,0.015873015873015872,0.015873015873015872,0.23809523809523808
ba,prior [cinque],pedestrian,9.2,0.015873015873015872,0.015873015873015872,0.23809523809523808
ba,prior [cinque],pedestrian,9.4,0.015873015873015872,0.015873015873015872,0.23809523809523808
ba,prior [cinque],pedestrian,9.6,0.015873015873015872,0.015873015873015872,0.23809523809523808
ba,prior [cinque],pedestrian,9.8,0.015873015873015872,0.015873015873015872,0.23809523809523808
ba,prior [cinque],pedestrian,10.0,0.015873015873015872,0.015873015873015872,0.23809523809523808
ba,M-C pair [cinque],pedestrian,0.0,0.0,0.0,0.047619047619047616
ba,M-C pair [cinque],pedestrian,0.2,0.1111111111111111,0.1111111111111111,0.047619047619047616
ba,M-C pair [cinque],pedestrian,0.4,0.19047619047619047,0.1746031746031746,0.07142857142857142
ba,M-C pair [cinque],pedestrian,0.6,0.20634920634920634,0.1746031746031746,0.09523809523809523
ba,M-C pair [cinque],pedestrian,0.8,0.25396825396825395,0.20634920634920634,0.09523809523809523
ba,M-C pair [cinque],pedestrian,1.0,0.2857142857142857,0.2222222222222222,0.09523809523809523
ba,M-C pair [cinque],pedestrian,1.2,0.36507936507936506,0.2698412698412698,0.11904761904761904
ba,M-C pair [cinque],pedestrian,1.4,0.3968253968253968,0.2698412698412698,0.11904761904761904
ba,M-C pair [cinque],pedestrian,1.6,0.4444444444444444,0.31746031746031744,0.21428571428571427
ba,M-C pair [cinque],pedestrian,1.8,0.4603174603174603,0.38095238095238093,0.21428571428571427
ba,M-C pair [cinque],pedestrian,2.0,0.5396825396825397,0.4603174603174603,0.2619047619047619
ba,M-C pair [cinque],pedestrian,2.2,0.5396825396825397,0.4603174603174603,0.2857142857142857
ba,M-C pair [cinque],pedestrian,2.4,0.5396825396825397,0.4603174603174603,0.2857142857142857
ba,M-C pair [cinque],pedestrian,2.6,0.5873015873015873,0.5079365079365079,0.2857142857142857
ba,M-C pair [cinque],pedestrian,2.8,0.6666666666666666,0.5873015873015873,0.2857142857142857
ba,M-C pair [cinque],pedestrian,3.0,0.7301587301587301,0.6507936507936508,0.30952380952380953
ba,M-C pair [cinque],pedestrian,3.2,0.7777777777777778,0.6984126984126984,0.3333333333333333
ba,M-C pair [cinque],pedestrian,3.4,0.7777777777777778,0.6984126984126984,0.3333333333333333
ba,M-C pair [cinque],pedestrian,3.6,0.7777777777777778,0.6984126984126984,0.35714285714285715
ba,M-C pair [cinque],pedestrian,3.8,0.7777777777777778,0.6984126984126984,0.38095238095238093
ba,M-C pair [cinque],pedestrian,4.0,0.8095238095238095,0.7301587301587301,0.38095238095238093
ba,M-C pair [cinque],pedestrian,4.2,0.8095238095238095,0.7301587301587301,0.40476190476190477
ba,M-C pair [cinque],pedestrian,4.4,0.8095238095238095,0.7301587301587301,0.40476190476190477
ba,M-C pair [cinque],pedestrian,4.6,0.8095238095238095,0.7301587301587301,0.40476190476190477
ba,M-C pair [cinque],pedestrian,4.8,0.8253968253968254,0.746031746031746,0.40476190476190477
ba,M-C pair [cinque],pedestrian,5.0,0.8253968253968254,0.746031746031746,0.40476190476190477
ba,M-C pair [cinque],pedestrian,5.2,0.8412698412698413,0.7619047619047619,0.40476190476190477
ba,M-C pair [cinque],pedestrian,5.4,0.8412698412698413,0.7619047619047619,0.40476190476190477
ba,M-C pair [cinque],pedestrian,5.6,0.8412698412698413,0.7619047619047619,0.40476190476190477
ba,M-C pair [cinque],pedestrian,5.8,0.8412698412698413,0.7619047619047619,0.40476190476190477
ba,M-C pair [cinque],pedestrian,6.0,0.8412698412698413,0.7619047619047619,0.40476190476190477
ba,M-C pair [cinque],pedestrian,6.2,0.8412698412698413,0.7619047619047619,0.40476190476190477
ba,M-C pair [cinque],pedestrian,6.4,0.8412698412698413,0.7619047619047619,0.40476190476190477
ba,M-C pair [cinque],pedestrian,6.6,0.8412698412698413,0.7619047619047619,0.40476190476190477
ba,M-C pair [cinque],pedestrian,6.8,0.8412698412698413,0.7619047619047619,0.40476190476190477
ba,M-C pair [cinque],pedestrian,7.0,0.8412698412698413,0.7619047619047619,0.40476190476190477
ba,M-C pair [cinque],pedestrian,7.2,0.8412698412698413,0.7619047619047619,0.40476190476190477
ba,M-C pair [cinque],pedestrian,7.4,0.8412698412698413,0.7619047619047619,0.40476190476190477
ba,M-C pair [cinque],pedestrian,7.6,0.8412698412698413,0.7619047619047619,0.40476190476190477
ba,M-C pair [cinque],pedestrian,7.8,0.8412698412698413,0.7619047619047619,0.40476190476190477
ba,M-C pair [cinque],pedestrian,8.0,0.8412698412698413,0.7619047619047619,0.40476190476190477
ba,M-C pair [cinque],pedestrian,8.2,0.8412698412698413,0.7619047619047619,0.40476190476190477
ba,M-C pair [cinque],pedestrian,8.4,0.8412698412698413,0.7619047619047619,0.40476190476190477
ba,M-C pair [cinque],pedestrian,8.6,0.8412698412698413,0.7619047619047619,0.40476190476190477
ba,M-C pair [cinque],pedestrian,8.8,0.8412698412698413,0.7619047619047619,0.40476190476190477
ba,M-C pair [cinque],pedestrian,9.0,0.8412698412698413,0.7619047619047619,0.40476190476190477
ba,M-C pair [cinque],pedestrian,9.2,0.8412698412698413,0.7619047619047619,0.40476190476190477
ba,M-C pair [cinque],pedestrian,9.4,0.8412698412698413,0.7619047619047619,0.40476190476190477
ba,M-C pair [cinque],pedestrian,9.6,0.8412698412698413,0.7619047619047619,0.40476190476190477
ba,M-C pair [cinque],pedestrian,9.8,0.8412698412698413,0.7619047619047619,0.40476190476190477
ba,M-C pair [cinque],pedestrian,10.0,0.8412698412698413,0.7619047619047619,0.40476190476190477
ba,M-C pair (mu=0) [cinque],pedestrian,0.0,0.0,0.0,0.07142857142857142
ba,M-C pair (mu=0) [cinque],pedestrian,0.2,0.07936507936507936,0.07936507936507936,0.07142857142857142
ba,M-C pair (mu=0) [cinque],pedestrian,0.4,0.1746031746031746,0.1746031746031746,0.09523809523809523
ba,M-C pair (mu=0) [cinque],pedestrian,0.6,0.1746031746031746,0.1746031746031746,0.11904761904761904
ba,M-C pair (mu=0) [cinque],pedestrian,0.8,0.20634920634920634,0.1746031746031746,0.14285714285714285
ba,M-C pair (mu=0) [cinque],pedestrian,1.0,0.2222222222222222,0.19047619047619047,0.14285714285714285
ba,M-C pair (mu=0) [cinque],pedestrian,1.2,0.30158730158730157,0.23809523809523808,0.19047619047619047
ba,M-C pair (mu=0) [cinque],pedestrian,1.4,0.36507936507936506,0.23809523809523808,0.19047619047619047
ba,M-C pair (mu=0) [cinque],pedestrian,1.6,0.4126984126984127,0.2857142857142857,0.21428571428571427
ba,M-C pair (mu=0) [cinque],pedestrian,1.8,0.42857142857142855,0.3333333333333333,0.21428571428571427
ba,M-C pair (mu=0) [cinque],pedestrian,2.0,0.49206349206349204,0.4126984126984127,0.2619047619047619
ba,M-C pair (mu=0) [cinque],pedestrian,2.2,0.5079365079365079,0.42857142857142855,0.2857142857142857
ba,M-C pair (mu=0) [cinque],pedestrian,2.4,0.5079365079365079,0.42857142857142855,0.2857142857142857
ba,M-C pair (mu=0) [cinque],pedestrian,2.6,0.5238095238095238,0.4444444444444444,0.2857142857142857
ba,M-C pair (mu=0) [cinque],pedestrian,2.8,0.5873015873015873,0.49206349206349204,0.2857142857142857
ba,M-C pair (mu=0) [cinque],pedestrian,3.0,0.6825396825396826,0.5873015873015873,0.2857142857142857
ba,M-C pair (mu=0) [cinque],pedestrian,3.2,0.7301587301587301,0.6349206349206349,0.2857142857142857
ba,M-C pair (mu=0) [cinque],pedestrian,3.4,0.746031746031746,0.6349206349206349,0.2857142857142857
ba,M-C pair (mu=0) [cinque],pedestrian,3.6,0.746031746031746,0.6349206349206349,0.2857142857142857
ba,M-C pair (mu=0) [cinque],pedestrian,3.8,0.746031746031746,0.6349206349206349,0.2857142857142857
ba,M-C pair (mu=0) [cinque],pedestrian,4.0,0.7777777777777778,0.6666666666666666,0.2857142857142857
ba,M-C pair (mu=0) [cinque],pedestrian,4.2,0.7777777777777778,0.6666666666666666,0.2857142857142857
ba,M-C pair (mu=0) [cinque],pedestrian,4.4,0.7777777777777778,0.6666666666666666,0.2857142857142857
ba,M-C pair (mu=0) [cinque],pedestrian,4.6,0.7777777777777778,0.6666666666666666,0.2857142857142857
ba,M-C pair (mu=0) [cinque],pedestrian,4.8,0.7777777777777778,0.6666666666666666,0.2857142857142857
ba,M-C pair (mu=0) [cinque],pedestrian,5.0,0.7936507936507936,0.6825396825396826,0.2857142857142857
ba,M-C pair (mu=0) [cinque],pedestrian,5.2,0.8095238095238095,0.6984126984126984,0.2857142857142857
ba,M-C pair (mu=0) [cinque],pedestrian,5.4,0.8095238095238095,0.6984126984126984,0.2857142857142857
ba,M-C pair (mu=0) [cinque],pedestrian,5.6,0.8095238095238095,0.6984126984126984,0.2857142857142857
ba,M-C pair (mu=0) [cinque],pedestrian,5.8,0.8095238095238095,0.6984126984126984,0.2857142857142857
ba,M-C pair (mu=0) [cinque],pedestrian,6.0,0.8095238095238095,0.6984126984126984,0.2857142857142857
ba,M-C pair (mu=0) [cinque],pedestrian,6.2,0.8095238095238095,0.6984126984126984,0.2857142857142857
ba,M-C pair (mu=0) [cinque],pedestrian,6.4,0.8095238095238095,0.6984126984126984,0.2857142857142857
ba,M-C pair (mu=0) [cinque],pedestrian,6.6,0.8095238095238095,0.6984126984126984,0.2857142857142857
ba,M-C pair (mu=0) [cinque],pedestrian,6.8,0.8095238095238095,0.6984126984126984,0.2857142857142857
ba,M-C pair (mu=0) [cinque],pedestrian,7.0,0.8095238095238095,0.6984126984126984,0.2857142857142857
ba,M-C pair (mu=0) [cinque],pedestrian,7.2,0.8095238095238095,0.6984126984126984,0.2857142857142857
ba,M-C pair (mu=0) [cinque],pedestrian,7.4,0.8095238095238095,0.6984126984126984,0.2857142857142857
ba,M-C pair (mu=0) [cinque],pedestrian,7.6,0.8095238095238095,0.6984126984126984,0.2857142857142857
ba,M-C pair (mu=0) [cinque],pedestrian,7.8,0.8095238095238095,0.6984126984126984,0.2857142857142857
ba,M-C pair (mu=0) [cinque],pedestrian,8.0,0.8095238095238095,0.6984126984126984,0.2857142857142857
ba,M-C pair (mu=0) [cinque],pedestrian,8.2,0.8095238095238095,0.6984126984126984,0.2857142857142857
ba,M-C pair (mu=0) [cinque],pedestrian,8.4,0.8095238095238095,0.6984126984126984,0.2857142857142857
ba,M-C pair (mu=0) [cinque],pedestrian,8.6,0.8095238095238095,0.6984126984126984,0.2857142857142857
ba,M-C pair (mu=0) [cinque],pedestrian,8.8,0.8095238095238095,0.6984126984126984,0.2857142857142857
ba,M-C pair (mu=0) [cinque],pedestrian,9.0,0.8095238095238095,0.6984126984126984,0.2857142857142857
ba,M-C pair (mu=0) [cinque],pedestrian,9.2,0.8095238095238095,0.6984126984126984,0.2857142857142857
ba,M-C pair (mu=0) [cinque],pedestrian,9.4,0.8095238095238095,0.6984126984126984,0.2857142857142857
ba,M-C pair (mu=0) [cinque],pedestrian,9.6,0.8095238095238095,0.6984126984126984,0.2857142857142857
ba,M-C pair (mu=0) [cinque],pedestrian,9.8,0.8095238095238095,0.6984126984126984,0.30952380952380953
ba,M-C pair (mu=0) [cinque],pedestrian,10.0,0.8095238095238095,0.6984126984126984,0.30952380952380953
ba,M-C pair qwen [cinque],pedestrian,0.0,0.0,0.0,0.047619047619047616
ba,M-C pair qwen [cinque],pedestrian,0.2,0.12698412698412698,0.12698412698412698,0.07142857142857142
ba,M-C pair qwen [cinque],pedestrian,0.4,0.1746031746031746,0.1746031746031746,0.07142857142857142
ba,M-C pair qwen [cinque],pedestrian,0.6,0.20634920634920634,0.1746031746031746,0.09523809523809523
ba,M-C pair qwen [cinque],pedestrian,0.8,0.2698412698412698,0.20634920634920634,0.11904761904761904
ba,M-C pair qwen [cinque],pedestrian,1.0,0.2857142857142857,0.2222222222222222,0.11904761904761904
ba,M-C pair qwen [cinque],pedestrian,1.2,0.3492063492063492,0.25396825396825395,0.14285714285714285
ba,M-C pair qwen [cinque],pedestrian,1.4,0.3968253968253968,0.2698412698412698,0.14285714285714285
ba,M-C pair qwen [cinque],pedestrian,1.6,0.4444444444444444,0.31746031746031744,0.19047619047619047
ba,M-C pair qwen [cinque],pedestrian,1.8,0.47619047619047616,0.38095238095238093,0.19047619047619047
ba,M-C pair qwen [cinque],pedestrian,2.0,0.5396825396825397,0.4444444444444444,0.23809523809523808
ba,M-C pair qwen [cinque],pedestrian,2.2,0.5555555555555556,0.4603174603174603,0.2619047619047619
ba,M-C pair qwen [cinque],pedestrian,2.4,0.5555555555555556,0.4603174603174603,0.2619047619047619
ba,M-C pair qwen [cinque],pedestrian,2.6,0.6031746031746031,0.5079365079365079,0.2619047619047619
ba,M-C pair qwen [cinque],pedestrian,2.8,0.6984126984126984,0.6031746031746031,0.2857142857142857
ba,M-C pair qwen [cinque],pedestrian,3.0,0.746031746031746,0.6507936507936508,0.30952380952380953
ba,M-C pair qwen [cinque],pedestrian,3.2,0.7936507936507936,0.6984126984126984,0.35714285714285715
ba,M-C pair qwen [cinque],pedestrian,3.4,0.7936507936507936,0.6984126984126984,0.35714285714285715
ba,M-C pair qwen [cinque],pedestrian,3.6,0.7936507936507936,0.6984126984126984,0.35714285714285715
ba,M-C pair qwen [cinque],pedestrian,3.8,0.7936507936507936,0.6984126984126984,0.38095238095238093
ba,M-C pair qwen [cinque],pedestrian,4.0,0.8253968253968254,0.7301587301587301,0.38095238095238093
ba,M-C pair qwen [cinque],pedestrian,4.2,0.8253968253968254,0.7301587301587301,0.38095238095238093
ba,M-C pair qwen [cinque],pedestrian,4.4,0.8253968253968254,0.7301587301587301,0.38095238095238093
ba,M-C pair qwen [cinque],pedestrian,4.6,0.8253968253968254,0.7301587301587301,0.38095238095238093
ba,M-C pair qwen [cinque],pedestrian,4.8,0.8412698412698413,0.746031746031746,0.38095238095238093
ba,M-C pair qwen [cinque],pedestrian,5.0,0.8412698412698413,0.746031746031746,0.38095238095238093
ba,M-C pair qwen [cinque],pedestrian,5.2,0.873015873015873,0.7777777777777778,0.38095238095238093
ba,M-C pair qwen [cinque],pedestrian,5.4,0.873015873015873,0.7777777777777778,0.38095238095238093
ba,M-C pair qwen [cinque],pedestrian,5.6,0.873015873015873,0.7777777777777778,0.38095238095238093
ba,M-C pair qwen [cinque],pedestrian,5.8,0.873015873015873,0.7777777777777778,0.38095238095238093
ba,M-C pair qwen [cinque],pedestrian,6.0,0.873015873015873,0.7777777777777778,0.38095238095238093
ba,M-C pair qwen [cinque],pedestrian,6.2,0.873015873015873,0.7777777777777778,0.38095238095238093
ba,M-C pair qwen [cinque],pedestrian,6.4,0.873015873015873,0.7777777777777778,0.38095238095238093
ba,M-C pair qwen [cinque],pedestrian,6.6,0.873015873015873,0.7777777777777778,0.38095238095238093
ba,M-C pair qwen [cinque],pedestrian,6.8,0.873015873015873,0.7777777777777778,0.38095238095238093
ba,M-C pair qwen [cinque],pedestrian,7.0,0.873015873015873,0.7777777777777778,0.38095238095238093
ba,M-C pair qwen [cinque],pedestrian,7.2,0.873015873015873,0.7777777777777778,0.38095238095238093
ba,M-C pair qwen [cinque],pedestrian,7.4,0.873015873015873,0.7777777777777778,0.38095238095238093
ba,M-C pair qwen [cinque],pedestrian,7.6,0.873015873015873,0.7777777777777778,0.38095238095238093
ba,M-C pair qwen [cinque],pedestrian,7.8,0.873015873015873,0.7777777777777778,0.38095238095238093
ba,M-C pair qwen [cinque],pedestrian,8.0,0.873015873015873,0.7777777777777778,0.38095238095238093
ba,M-C pair qwen [cinque],pedestrian,8.2,0.873015873015873,0.7777777777777778,0.38095238095238093
ba,M-C pair qwen [cinque],pedestrian,8.4,0.873015873015873,0.7777777777777778,0.38095238095238093
ba,M-C pair qwen [cinque],pedestrian,8.6,0.873015873015873,0.7777777777777778,0.38095238095238093
ba,M-C pair qwen [cinque],pedestrian,8.8,0.873015873015873,0.7777777777777778,0.38095238095238093
ba,M-C pair qwen [cinque],pedestrian,9.0,0.873015873015873,0.7777777777777778,0.38095238095238093
ba,M-C pair qwen [cinque],pedestrian,9.2,0.873015873015873,0.7777777777777778,0.38095238095238093
ba,M-C pair qwen [cinque],pedestrian,9.4,0.8888888888888888,0.7777777777777778,0.38095238095238093
ba,M-C pair qwen [cinque],pedestrian,9.6,0.8888888888888888,0.7777777777777778,0.38095238095238093
ba,M-C pair qwen [cinque],pedestrian,9.8,0.8888888888888888,0.7777777777777778,0.38095238095238093
ba,M-C pair qwen [cinque],pedestrian,10.0,0.8888888888888888,0.7777777777777778,0.38095238095238093
ba,M-C pair op [cinque],pedestrian,0.0,0.0,0.0,0.047619047619047616
ba,M-C pair op [cinque],pedestrian,0.2,0.0,0.0,0.047619047619047616
ba,M-C pair op [cinque],pedestrian,0.4,0.0,0.0,0.09523809523809523
ba,M-C pair op [cinque],pedestrian,0.6,0.0,0.0,0.11904761904761904
ba,M-C pair op [cinque],pedestrian,0.8,0.0,0.0,0.11904761904761904
ba,M-C pair op [cinque],pedestrian,1.0,0.0,0.0,0.11904761904761904
ba,M-C pair op [cinque],pedestrian,1.2,0.015873015873015872,0.015873015873015872,0.11904761904761904
ba,M-C pair op [cinque],pedestrian,1.4,0.031746031746031744,0.031746031746031744,0.11904761904761904
ba,M-C pair op [cinque],pedestrian,1.6,0.047619047619047616,0.031746031746031744,0.16666666666666666
ba,M-C pair op [cinque],pedestrian,1.8,0.06349206349206349,0.047619047619047616,0.16666666666666666
ba,M-C pair op [cinque],pedestrian,2.0,0.09523809523809523,0.09523809523809523,0.19047619047619047
ba,M-C pair op [cinque],pedestrian,2.2,0.14285714285714285,0.14285714285714285,0.19047619047619047
ba,M-C pair op [cinque],pedestrian,2.4,0.15873015873015872,0.15873015873015872,0.21428571428571427
ba,M-C pair op [cinque],pedestrian,2.6,0.1746031746031746,0.1746031746031746,0.21428571428571427
ba,M-C pair op [cinque],pedestrian,2.8,0.20634920634920634,0.20634920634920634,0.23809523809523808
ba,M-C pair op [cinque],pedestrian,3.0,0.20634920634920634,0.20634920634920634,0.23809523809523808
ba,M-C pair op [cinque],pedestrian,3.2,0.20634920634920634,0.20634920634920634,0.23809523809523808
ba,M-C pair op [cinque],pedestrian,3.4,0.20634920634920634,0.20634920634920634,0.23809523809523808
ba,M-C pair op [cinque],pedestrian,3.6,0.2222222222222222,0.2222222222222222,0.2857142857142857
ba,M-C pair op [cinque],pedestrian,3.8,0.31746031746031744,0.31746031746031744,0.2857142857142857
ba,M-C pair op [cinque],pedestrian,4.0,0.31746031746031744,0.31746031746031744,0.2857142857142857
ba,M-C pair op [cinque],pedestrian,4.2,0.31746031746031744,0.31746031746031744,0.2857142857142857
ba,M-C pair op [cinque],pedestrian,4.4,0.31746031746031744,0.31746031746031744,0.2857142857142857
ba,M-C pair op [cinque],pedestrian,4.6,0.31746031746031744,0.31746031746031744,0.2857142857142857
ba,M-C pair op [cinque],pedestrian,4.8,0.31746031746031744,0.31746031746031744,0.2857142857142857
ba,M-C pair op [cinque],pedestrian,5.0,0.3333333333333333,0.3333333333333333,0.2857142857142857
ba,M-C pair op [cinque],pedestrian,5.2,0.3333333333333333,0.3333333333333333,0.2857142857142857
ba,M-C pair op [cinque],pedestrian,5.4,0.3333333333333333,0.3333333333333333,0.2857142857142857
ba,M-C pair op [cinque],pedestrian,5.6,0.3333333333333333,0.3333333333333333,0.2857142857142857
ba,M-C pair op [cinque],pedestrian,5.8,0.3333333333333333,0.3333333333333333,0.2857142857142857
ba,M-C pair op [cinque],pedestrian,6.0,0.3333333333333333,0.3333333333333333,0.2857142857142857
ba,M-C pair op [cinque],pedestrian,6.2,0.3333333333333333,0.3333333333333333,0.2857142857142857
ba,M-C pair op [cinque],pedestrian,6.4,0.3333333333333333,0.3333333333333333,0.2857142857142857
ba,M-C pair op [cinque],pedestrian,6.6,0.3333333333333333,0.3333333333333333,0.2857142857142857
ba,M-C pair op [cinque],pedestrian,6.8,0.3333333333333333,0.3333333333333333,0.2857142857142857
ba,M-C pair op [cinque],pedestrian,7.0,0.3333333333333333,0.3333333333333333,0.2857142857142857
ba,M-C pair op [cinque],pedestrian,7.2,0.3333333333333333,0.3333333333333333,0.2857142857142857
ba,M-C pair op [cinque],pedestrian,7.4,0.3333333333333333,0.3333333333333333,0.2857142857142857
ba,M-C pair op [cinque],pedestrian,7.6,0.3333333333333333,0.3333333333333333,0.2857142857142857
ba,M-C pair op [cinque],pedestrian,7.8,0.3333333333333333,0.3333333333333333,0.2857142857142857
ba,M-C pair op [cinque],pedestrian,8.0,0.3333333333333333,0.3333333333333333,0.2857142857142857
ba,M-C pair op [cinque],pedestrian,8.2,0.3333333333333333,0.3333333333333333,0.2857142857142857
ba,M-C pair op [cinque],pedestrian,8.4,0.3333333333333333,0.3333333333333333,0.2857142857142857
ba,M-C pair op [cinque],pedestrian,8.6,0.3333333333333333,0.3333333333333333,0.2857142857142857
ba,M-C pair op [cinque],pedestrian,8.8,0.3333333333333333,0.3333333333333333,0.2857142857142857
ba,M-C pair op [cinque],pedestrian,9.0,0.3333333333333333,0.3333333333333333,0.2857142857142857
ba,M-C pair op [cinque],pedestrian,9.2,0.3333333333333333,0.3333333333333333,0.2857142857142857
ba,M-C pair op [cinque],pedestrian,9.4,0.3333333333333333,0.3333333333333333,0.2857142857142857
ba,M-C pair op [cinque],pedestrian,9.6,0.3333333333333333,0.3333333333333333,0.2857142857142857
ba,M-C pair op [cinque],pedestrian,9.8,0.3333333333333333,0.3333333333333333,0.2857142857142857
ba,M-C pair op [cinque],pedestrian,10.0,0.3333333333333333,0.3333333333333333,0.2857142857142857
ba,M-C hard [cinque],pedestrian,0.0,0.0,0.0,0.09523809523809523
ba,M-C hard [cinque],pedestrian,0.2,0.0,0.0,0.09523809523809523
ba,M-C hard [cinque],pedestrian,0.4,0.0,0.0,0.16666666666666666
ba,M-C hard [cinque],pedestrian,0.6,0.0,0.0,0.21428571428571427
ba,M-C hard [cinque],pedestrian,0.8,0.0,0.0,0.21428571428571427
ba,M-C hard [cinque],pedestrian,1.0,0.0,0.0,0.21428571428571427
ba,M-C hard [cinque],pedestrian,1.2,0.0,0.0,0.21428571428571427
ba,M-C hard [cinque],pedestrian,1.4,0.0,0.0,0.21428571428571427
ba,M-C hard [cinque],pedestrian,1.6,0.0,0.0,0.21428571428571427
ba,M-C hard [cinque],pedestrian,1.8,0.0,0.0,0.21428571428571427
ba,M-C hard [cinque],pedestrian,2.0,0.0,0.0,0.21428571428571427
ba,M-C hard [cinque],pedestrian,2.2,0.0,0.0,0.21428571428571427
ba,M-C hard [cinque],pedestrian,2.4,0.0,0.0,0.21428571428571427
ba,M-C hard [cinque],pedestrian,2.6,0.0,0.0,0.21428571428571427
ba,M-C hard [cinque],pedestrian,2.8,0.0,0.0,0.23809523809523808
ba,M-C hard [cinque],pedestrian,3.0,0.0,0.0,0.23809523809523808
ba,M-C hard [cinque],pedestrian,3.2,0.0,0.0,0.23809523809523808
ba,M-C hard [cinque],pedestrian,3.4,0.0,0.0,0.2619047619047619
ba,M-C hard [cinque],pedestrian,3.6,0.0,0.0,0.2619047619047619
ba,M-C hard [cinque],pedestrian,3.8,0.0,0.0,0.2619047619047619
ba,M-C hard [cinque],pedestrian,4.0,0.0,0.0,0.2619047619047619
ba,M-C hard [cinque],pedestrian,4.2,0.0,0.0,0.2619047619047619
ba,M-C hard [cinque],pedestrian,4.4,0.0,0.0,0.2619047619047619
ba,M-C hard [cinque],pedestrian,4.6,0.0,0.0,0.2619047619047619
ba,M-C hard [cinque],pedestrian,4.8,0.0,0.0,0.2619047619047619
ba,M-C hard [cinque],pedestrian,5.0,0.0,0.0,0.2619047619047619
ba,M-C hard [cinque],pedestrian,5.2,0.0,0.0,0.2619047619047619
ba,M-C hard [cinque],pedestrian,5.4,0.0,0.0,0.2619047619047619
ba,M-C hard [cinque],pedestrian,5.6,0.0,0.0,0.2619047619047619
ba,M-C hard [cinque],pedestrian,5.8,0.0,0.0,0.2619047619047619
ba,M-C hard [cinque],pedestrian,6.0,0.0,0.0,0.2619047619047619
ba,M-C hard [cinque],pedestrian,6.2,0.0,0.0,0.2619047619047619
ba,M-C hard [cinque],pedestrian,6.4,0.0,0.0,0.2619047619047619
ba,M-C hard [cinque],pedestrian,6.6,0.0,0.0,0.2619047619047619
ba,M-C hard [cinque],pedestrian,6.8,0.0,0.0,0.2619047619047619
ba,M-C hard [cinque],pedestrian,7.0,0.0,0.0,0.2619047619047619
ba,M-C hard [cinque],pedestrian,7.2,0.0,0.0,0.2619047619047619
ba,M-C hard [cinque],pedestrian,7.4,0.0,0.0,0.2619047619047619
ba,M-C hard [cinque],pedestrian,7.6,0.0,0.0,0.2619047619047619
ba,M-C hard [cinque],pedestrian,7.8,0.0,0.0,0.2619047619047619
ba,M-C hard [cinque],pedestrian,8.0,0.0,0.0,0.2619047619047619
ba,M-C hard [cinque],pedestrian,8.2,0.0,0.0,0.2619047619047619
ba,M-C hard [cinque],pedestrian,8.4,0.0,0.0,0.2619047619047619
ba,M-C hard [cinque],pedestrian,8.6,0.0,0.0,0.2619047619047619
ba,M-C hard [cinque],pedestrian,8.8,0.0,0.0,0.2619047619047619
ba,M-C hard [cinque],pedestrian,9.0,0.0,0.0,0.2619047619047619
ba,M-C hard [cinque],pedestrian,9.2,0.0,0.0,0.2619047619047619
ba,M-C hard [cinque],pedestrian,9.4,0.0,0.0,0.2619047619047619
ba,M-C hard [cinque],pedestrian,9.6,0.0,0.0,0.2619047619047619
ba,M-C hard [cinque],pedestrian,9.8,0.0,0.0,0.2619047619047619
ba,M-C hard [cinque],pedestrian,10.0,0.0,0.0,0.2619047619047619
ba,M-C uniform [cinque],pedestrian,0.0,0.0,0.0,0.047619047619047616
ba,M-C uniform [cinque],pedestrian,0.2,0.0,0.0,0.047619047619047616
ba,M-C uniform [cinque],pedestrian,0.4,0.0,0.0,0.09523809523809523
ba,M-C uniform [cinque],pedestrian,0.6,0.0,0.0,0.09523809523809523
ba,M-C uniform [cinque],pedestrian,0.8,0.0,0.0,0.11904761904761904
ba,M-C uniform [cinque],pedestrian,1.0,0.0,0.0,0.11904761904761904
ba,M-C uniform [cinque],pedestrian,1.2,0.0,0.0,0.11904761904761904
ba,M-C uniform [cinque],pedestrian,1.4,0.0,0.0,0.11904761904761904
ba,M-C uniform [cinque],pedestrian,1.6,0.0,0.0,0.14285714285714285
ba,M-C uniform [cinque],pedestrian,1.8,0.0,0.0,0.14285714285714285
ba,M-C uniform [cinque],pedestrian,2.0,0.0,0.0,0.14285714285714285
ba,M-C uniform [cinque],pedestrian,2.2,0.0,0.0,0.14285714285714285
ba,M-C uniform [cinque],pedestrian,2.4,0.0,0.0,0.14285714285714285
ba,M-C uniform [cinque],pedestrian,2.6,0.0,0.0,0.14285714285714285
ba,M-C uniform [cinque],pedestrian,2.8,0.0,0.0,0.16666666666666666
ba,M-C uniform [cinque],pedestrian,3.0,0.0,0.0,0.16666666666666666
ba,M-C uniform [cinque],pedestrian,3.2,0.0,0.0,0.16666666666666666
ba,M-C uniform [cinque],pedestrian,3.4,0.0,0.0,0.19047619047619047
ba,M-C uniform [cinque],pedestrian,3.6,0.0,0.0,0.21428571428571427
ba,M-C uniform [cinque],pedestrian,3.8,0.0,0.0,0.21428571428571427
ba,M-C uniform [cinque],pedestrian,4.0,0.0,0.0,0.21428571428571427
ba,M-C uniform [cinque],pedestrian,4.2,0.0,0.0,0.21428571428571427
ba,M-C uniform [cinque],pedestrian,4.4,0.0,0.0,0.21428571428571427
ba,M-C uniform [cinque],pedestrian,4.6,0.0,0.0,0.21428571428571427
ba,M-C uniform [cinque],pedestrian,4.8,0.0,0.0,0.21428571428571427
ba,M-C uniform [cinque],pedestrian,5.0,0.0,0.0,0.21428571428571427
ba,M-C uniform [cinque],pedestrian,5.2,0.0,0.0,0.21428571428571427
ba,M-C uniform [cinque],pedestrian,5.4,0.0,0.0,0.21428571428571427
ba,M-C uniform [cinque],pedestrian,5.6,0.0,0.0,0.21428571428571427
ba,M-C uniform [cinque],pedestrian,5.8,0.0,0.0,0.21428571428571427
ba,M-C uniform [cinque],pedestrian,6.0,0.0,0.0,0.21428571428571427
ba,M-C uniform [cinque],pedestrian,6.2,0.0,0.0,0.21428571428571427
ba,M-C uniform [cinque],pedestrian,6.4,0.0,0.0,0.21428571428571427
ba,M-C uniform [cinque],pedestrian,6.6,0.0,0.0,0.21428571428571427
ba,M-C uniform [cinque],pedestrian,6.8,0.0,0.0,0.21428571428571427
ba,M-C uniform [cinque],pedestrian,7.0,0.0,0.0,0.21428571428571427
ba,M-C uniform [cinque],pedestrian,7.2,0.0,0.0,0.21428571428571427
ba,M-C uniform [cinque],pedestrian,7.4,0.0,0.0,0.21428571428571427
ba,M-C uniform [cinque],pedestrian,7.6,0.0,0.0,0.21428571428571427
ba,M-C uniform [cinque],pedestrian,7.8,0.0,0.0,0.21428571428571427
ba,M-C uniform [cinque],pedestrian,8.0,0.0,0.0,0.21428571428571427
ba,M-C uniform [cinque],pedestrian,8.2,0.0,0.0,0.21428571428571427
ba,M-C uniform [cinque],pedestrian,8.4,0.0,0.0,0.21428571428571427
ba,M-C uniform [cinque],pedestrian,8.6,0.0,0.0,0.21428571428571427
ba,M-C uniform [cinque],pedestrian,8.8,0.0,0.0,0.21428571428571427
ba,M-C uniform [cinque],pedestrian,9.0,0.0,0.0,0.21428571428571427
ba,M-C uniform [cinque],pedestrian,9.2,0.0,0.0,0.21428571428571427
ba,M-C uniform [cinque],pedestrian,9.4,0.0,0.0,0.21428571428571427
ba,M-C uniform [cinque],pedestrian,9.6,0.0,0.0,0.21428571428571427
ba,M-C uniform [cinque],pedestrian,9.8,0.0,0.0,0.21428571428571427
ba,M-C uniform [cinque],pedestrian,10.0,0.0,0.0,0.21428571428571427
ba,prior [lebowski],pedestrian,0.0,0.0,0.0,0.023809523809523808
ba,prior [lebowski],pedestrian,0.2,0.0,0.0,0.07142857142857142
ba,prior [lebowski],pedestrian,0.4,0.0,0.0,0.07142857142857142
ba,prior [lebowski],pedestrian,0.6,0.0,0.0,0.09523809523809523
ba,prior [lebowski],pedestrian,0.8,0.0,0.0,0.11904761904761904
ba,prior [lebowski],pedestrian,1.0,0.0,0.0,0.14285714285714285
ba,prior [lebowski],pedestrian,1.2,0.0,0.0,0.14285714285714285
ba,prior [lebowski],pedestrian,1.4,0.0,0.0,0.16666666666666666
ba,prior [lebowski],pedestrian,1.6,0.0,0.0,0.19047619047619047
ba,prior [lebowski],pedestrian,1.8,0.015873015873015872,0.015873015873015872,0.19047619047619047
ba,prior [lebowski],pedestrian,2.0,0.047619047619047616,0.047619047619047616,0.21428571428571427
ba,prior [lebowski],pedestrian,2.2,0.06349206349206349,0.06349206349206349,0.21428571428571427
ba,prior [lebowski],pedestrian,2.4,0.06349206349206349,0.06349206349206349,0.21428571428571427
ba,prior [lebowski],pedestrian,2.6,0.07936507936507936,0.06349206349206349,0.21428571428571427
ba,prior [lebowski],pedestrian,2.8,0.07936507936507936,0.06349206349206349,0.21428571428571427
ba,prior [lebowski],pedestrian,3.0,0.07936507936507936,0.06349206349206349,0.21428571428571427
ba,prior [lebowski],pedestrian,3.2,0.07936507936507936,0.06349206349206349,0.21428571428571427
ba,prior [lebowski],pedestrian,3.4,0.07936507936507936,0.06349206349206349,0.21428571428571427
ba,prior [lebowski],pedestrian,3.6,0.1111111111111111,0.09523809523809523,0.23809523809523808
ba,prior [lebowski],pedestrian,3.8,0.1111111111111111,0.09523809523809523,0.23809523809523808
ba,prior [lebowski],pedestrian,4.0,0.1111111111111111,0.09523809523809523,0.23809523809523808
ba,prior [lebowski],pedestrian,4.2,0.1111111111111111,0.09523809523809523,0.23809523809523808
ba,prior [lebowski],pedestrian,4.4,0.1111111111111111,0.09523809523809523,0.23809523809523808
ba,prior [lebowski],pedestrian,4.6,0.1111111111111111,0.09523809523809523,0.23809523809523808
ba,prior [lebowski],pedestrian,4.8,0.1111111111111111,0.09523809523809523,0.23809523809523808
ba,prior [lebowski],pedestrian,5.0,0.1111111111111111,0.1111111111111111,0.2619047619047619
ba,prior [lebowski],pedestrian,5.2,0.1111111111111111,0.1111111111111111,0.2619047619047619
ba,prior [lebowski],pedestrian,5.4,0.1111111111111111,0.1111111111111111,0.2619047619047619
ba,prior [lebowski],pedestrian,5.6,0.1111111111111111,0.1111111111111111,0.2619047619047619
ba,prior [lebowski],pedestrian,5.8,0.1111111111111111,0.1111111111111111,0.2619047619047619
ba,prior [lebowski],pedestrian,6.0,0.1111111111111111,0.1111111111111111,0.2619047619047619
ba,prior [lebowski],pedestrian,6.2,0.1111111111111111,0.1111111111111111,0.2619047619047619
ba,prior [lebowski],pedestrian,6.4,0.1111111111111111,0.1111111111111111,0.2619047619047619
ba,prior [lebowski],pedestrian,6.6,0.1111111111111111,0.1111111111111111,0.2619047619047619
ba,prior [lebowski],pedestrian,6.8,0.1111111111111111,0.1111111111111111,0.2619047619047619
ba,prior [lebowski],pedestrian,7.0,0.1111111111111111,0.1111111111111111,0.2619047619047619
ba,prior [lebowski],pedestrian,7.2,0.1111111111111111,0.1111111111111111,0.2619047619047619
ba,prior [lebowski],pedestrian,7.4,0.1111111111111111,0.1111111111111111,0.2619047619047619
ba,prior [lebowski],pedestrian,7.6,0.1111111111111111,0.1111111111111111,0.2619047619047619
ba,prior [lebowski],pedestrian,7.8,0.1111111111111111,0.1111111111111111,0.2619047619047619
ba,prior [lebowski],pedestrian,8.0,0.1111111111111111,0.1111111111111111,0.2619047619047619
ba,prior [lebowski],pedestrian,8.2,0.1111111111111111,0.1111111111111111,0.2619047619047619
ba,prior [lebowski],pedestrian,8.4,0.1111111111111111,0.1111111111111111,0.2619047619047619
ba,prior [lebowski],pedestrian,8.6,0.1111111111111111,0.1111111111111111,0.2619047619047619
ba,prior [lebowski],pedestrian,8.8,0.1111111111111111,0.1111111111111111,0.2619047619047619
ba,prior [lebowski],pedestrian,9.0,0.1111111111111111,0.1111111111111111,0.2619047619047619
ba,prior [lebowski],pedestrian,9.2,0.1111111111111111,0.1111111111111111,0.2619047619047619
ba,prior [lebowski],pedestrian,9.4,0.1111111111111111,0.1111111111111111,0.2619047619047619
ba,prior [lebowski],pedestrian,9.6,0.1111111111111111,0.1111111111111111,0.2619047619047619
ba,prior [lebowski],pedestrian,9.8,0.1111111111111111,0.1111111111111111,0.2619047619047619
ba,prior [lebowski],pedestrian,10.0,0.1111111111111111,0.1111111111111111,0.2619047619047619
ba,M-C pair [lebowski],pedestrian,0.0,0.0,0.0,0.0
ba,M-C pair [lebowski],pedestrian,0.2,0.1111111111111111,0.1111111111111111,0.023809523809523808
ba,M-C pair [lebowski],pedestrian,0.4,0.1746031746031746,0.1746031746031746,0.023809523809523808
ba,M-C pair [lebowski],pedestrian,0.6,0.1746031746031746,0.1746031746031746,0.047619047619047616
ba,M-C pair [lebowski],pedestrian,0.8,0.19047619047619047,0.19047619047619047,0.09523809523809523
ba,M-C pair [lebowski],pedestrian,1.0,0.19047619047619047,0.19047619047619047,0.11904761904761904
ba,M-C pair [lebowski],pedestrian,1.2,0.2698412698412698,0.23809523809523808,0.14285714285714285
ba,M-C pair [lebowski],pedestrian,1.4,0.3333333333333333,0.25396825396825395,0.19047619047619047
ba,M-C pair [lebowski],pedestrian,1.6,0.38095238095238093,0.30158730158730157,0.19047619047619047
ba,M-C pair [lebowski],pedestrian,1.8,0.4126984126984127,0.3333333333333333,0.19047619047619047
ba,M-C pair [lebowski],pedestrian,2.0,0.5079365079365079,0.42857142857142855,0.19047619047619047
ba,M-C pair [lebowski],pedestrian,2.2,0.5238095238095238,0.4444444444444444,0.19047619047619047
ba,M-C pair [lebowski],pedestrian,2.4,0.5238095238095238,0.4444444444444444,0.19047619047619047
ba,M-C pair [lebowski],pedestrian,2.6,0.5555555555555556,0.47619047619047616,0.19047619047619047
ba,M-C pair [lebowski],pedestrian,2.8,0.6666666666666666,0.5714285714285714,0.21428571428571427
ba,M-C pair [lebowski],pedestrian,3.0,0.7301587301587301,0.6190476190476191,0.21428571428571427
ba,M-C pair [lebowski],pedestrian,3.2,0.7777777777777778,0.6666666666666666,0.23809523809523808
ba,M-C pair [lebowski],pedestrian,3.4,0.7777777777777778,0.6666666666666666,0.23809523809523808
ba,M-C pair [lebowski],pedestrian,3.6,0.7777777777777778,0.6666666666666666,0.23809523809523808
ba,M-C pair [lebowski],pedestrian,3.8,0.7777777777777778,0.6666666666666666,0.23809523809523808
ba,M-C pair [lebowski],pedestrian,4.0,0.7936507936507936,0.6825396825396826,0.23809523809523808
ba,M-C pair [lebowski],pedestrian,4.2,0.7936507936507936,0.6825396825396826,0.23809523809523808
ba,M-C pair [lebowski],pedestrian,4.4,0.8095238095238095,0.6984126984126984,0.23809523809523808
ba,M-C pair [lebowski],pedestrian,4.6,0.8095238095238095,0.6984126984126984,0.23809523809523808
ba,M-C pair [lebowski],pedestrian,4.8,0.8095238095238095,0.7142857142857143,0.23809523809523808
ba,M-C pair [lebowski],pedestrian,5.0,0.8095238095238095,0.7142857142857143,0.23809523809523808
ba,M-C pair [lebowski],pedestrian,5.2,0.8253968253968254,0.7301587301587301,0.23809523809523808
ba,M-C pair [lebowski],pedestrian,5.4,0.8253968253968254,0.7301587301587301,0.23809523809523808
ba,M-C pair [lebowski],pedestrian,5.6,0.8253968253968254,0.7301587301587301,0.23809523809523808
ba,M-C pair [lebowski],pedestrian,5.8,0.8253968253968254,0.7301587301587301,0.23809523809523808
ba,M-C pair [lebowski],pedestrian,6.0,0.8253968253968254,0.7301587301587301,0.23809523809523808
ba,M-C pair [lebowski],pedestrian,6.2,0.8253968253968254,0.7301587301587301,0.23809523809523808
ba,M-C pair [lebowski],pedestrian,6.4,0.8253968253968254,0.7301587301587301,0.23809523809523808
ba,M-C pair [lebowski],pedestrian,6.6,0.8253968253968254,0.7301587301587301,0.23809523809523808
ba,M-C pair [lebowski],pedestrian,6.8,0.8253968253968254,0.7301587301587301,0.23809523809523808
ba,M-C pair [lebowski],pedestrian,7.0,0.8253968253968254,0.7301587301587301,0.23809523809523808
ba,M-C pair [lebowski],pedestrian,7.2,0.8253968253968254,0.7301587301587301,0.23809523809523808
ba,M-C pair [lebowski],pedestrian,7.4,0.8253968253968254,0.7301587301587301,0.23809523809523808
ba,M-C pair [lebowski],pedestrian,7.6,0.8253968253968254,0.7301587301587301,0.23809523809523808
ba,M-C pair [lebowski],pedestrian,7.8,0.8253968253968254,0.7301587301587301,0.23809523809523808
ba,M-C pair [lebowski],pedestrian,8.0,0.8253968253968254,0.7301587301587301,0.23809523809523808
ba,M-C pair [lebowski],pedestrian,8.2,0.8253968253968254,0.7301587301587301,0.23809523809523808
ba,M-C pair [lebowski],pedestrian,8.4,0.8253968253968254,0.7301587301587301,0.23809523809523808
ba,M-C pair [lebowski],pedestrian,8.6,0.8253968253968254,0.7301587301587301,0.23809523809523808
ba,M-C pair [lebowski],pedestrian,8.8,0.8253968253968254,0.7301587301587301,0.23809523809523808
ba,M-C pair [lebowski],pedestrian,9.0,0.8253968253968254,0.7301587301587301,0.23809523809523808
ba,M-C pair [lebowski],pedestrian,9.2,0.8253968253968254,0.7301587301587301,0.23809523809523808
ba,M-C pair [lebowski],pedestrian,9.4,0.8253968253968254,0.7301587301587301,0.23809523809523808
ba,M-C pair [lebowski],pedestrian,9.6,0.8253968253968254,0.7301587301587301,0.23809523809523808
ba,M-C pair [lebowski],pedestrian,9.8,0.8253968253968254,0.7301587301587301,0.23809523809523808
ba,M-C pair [lebowski],pedestrian,10.0,0.8253968253968254,0.7301587301587301,0.23809523809523808
ba,M-C pair (mu=0) [lebowski],pedestrian,0.0,0.0,0.0,0.023809523809523808
ba,M-C pair (mu=0) [lebowski],pedestrian,0.2,0.09523809523809523,0.07936507936507936,0.07142857142857142
ba,M-C pair (mu=0) [lebowski],pedestrian,0.4,0.15873015873015872,0.14285714285714285,0.09523809523809523
ba,M-C pair (mu=0) [lebowski],pedestrian,0.6,0.1746031746031746,0.15873015873015872,0.09523809523809523
ba,M-C pair (mu=0) [lebowski],pedestrian,0.8,0.19047619047619047,0.1746031746031746,0.11904761904761904
ba,M-C pair (mu=0) [lebowski],pedestrian,1.0,0.19047619047619047,0.1746031746031746,0.16666666666666666
ba,M-C pair (mu=0) [lebowski],pedestrian,1.2,0.23809523809523808,0.20634920634920634,0.16666666666666666
ba,M-C pair (mu=0) [lebowski],pedestrian,1.4,0.25396825396825395,0.2222222222222222,0.16666666666666666
ba,M-C pair (mu=0) [lebowski],pedestrian,1.6,0.31746031746031744,0.2698412698412698,0.16666666666666666
ba,M-C pair (mu=0) [lebowski],pedestrian,1.8,0.36507936507936506,0.2857142857142857,0.19047619047619047
ba,M-C pair (mu=0) [lebowski],pedestrian,2.0,0.4444444444444444,0.36507936507936506,0.19047619047619047
ba,M-C pair (mu=0) [lebowski],pedestrian,2.2,0.4603174603174603,0.38095238095238093,0.19047619047619047
ba,M-C pair (mu=0) [lebowski],pedestrian,2.4,0.47619047619047616,0.3968253968253968,0.19047619047619047
ba,M-C pair (mu=0) [lebowski],pedestrian,2.6,0.49206349206349204,0.4126984126984127,0.21428571428571427
ba,M-C pair (mu=0) [lebowski],pedestrian,2.8,0.5714285714285714,0.47619047619047616,0.21428571428571427
ba,M-C pair (mu=0) [lebowski],pedestrian,3.0,0.6507936507936508,0.5555555555555556,0.23809523809523808
ba,M-C pair (mu=0) [lebowski],pedestrian,3.2,0.6984126984126984,0.5873015873015873,0.23809523809523808
ba,M-C pair (mu=0) [lebowski],pedestrian,3.4,0.7142857142857143,0.6031746031746031,0.23809523809523808
ba,M-C pair (mu=0) [lebowski],pedestrian,3.6,0.7142857142857143,0.6031746031746031,0.23809523809523808
ba,M-C pair (mu=0) [lebowski],pedestrian,3.8,0.7142857142857143,0.6031746031746031,0.2619047619047619
ba,M-C pair (mu=0) [lebowski],pedestrian,4.0,0.7301587301587301,0.6190476190476191,0.2619047619047619
ba,M-C pair (mu=0) [lebowski],pedestrian,4.2,0.7301587301587301,0.6190476190476191,0.2619047619047619
ba,M-C pair (mu=0) [lebowski],pedestrian,4.4,0.7301587301587301,0.6190476190476191,0.2619047619047619
ba,M-C pair (mu=0) [lebowski],pedestrian,4.6,0.7301587301587301,0.6190476190476191,0.2619047619047619
ba,M-C pair (mu=0) [lebowski],pedestrian,4.8,0.7301587301587301,0.6190476190476191,0.2619047619047619
ba,M-C pair (mu=0) [lebowski],pedestrian,5.0,0.7301587301587301,0.6349206349206349,0.2619047619047619
ba,M-C pair (mu=0) [lebowski],pedestrian,5.2,0.7619047619047619,0.6666666666666666,0.2857142857142857
ba,M-C pair (mu=0) [lebowski],pedestrian,5.4,0.7619047619047619,0.6666666666666666,0.30952380952380953
ba,M-C pair (mu=0) [lebowski],pedestrian,5.6,0.7619047619047619,0.6666666666666666,0.30952380952380953
ba,M-C pair (mu=0) [lebowski],pedestrian,5.8,0.7619047619047619,0.6666666666666666,0.30952380952380953
ba,M-C pair (mu=0) [lebowski],pedestrian,6.0,0.7619047619047619,0.6666666666666666,0.30952380952380953
ba,M-C pair (mu=0) [lebowski],pedestrian,6.2,0.7619047619047619,0.6666666666666666,0.30952380952380953
ba,M-C pair (mu=0) [lebowski],pedestrian,6.4,0.7619047619047619,0.6666666666666666,0.30952380952380953
ba,M-C pair (mu=0) [lebowski],pedestrian,6.6,0.7619047619047619,0.6666666666666666,0.30952380952380953
ba,M-C pair (mu=0) [lebowski],pedestrian,6.8,0.7619047619047619,0.6666666666666666,0.30952380952380953
ba,M-C pair (mu=0) [lebowski],pedestrian,7.0,0.7619047619047619,0.6666666666666666,0.30952380952380953
ba,M-C pair (mu=0) [lebowski],pedestrian,7.2,0.7619047619047619,0.6666666666666666,0.30952380952380953
ba,M-C pair (mu=0) [lebowski],pedestrian,7.4,0.7619047619047619,0.6666666666666666,0.30952380952380953
ba,M-C pair (mu=0) [lebowski],pedestrian,7.6,0.7619047619047619,0.6666666666666666,0.30952380952380953
ba,M-C pair (mu=0) [lebowski],pedestrian,7.8,0.7619047619047619,0.6666666666666666,0.30952380952380953
ba,M-C pair (mu=0) [lebowski],pedestrian,8.0,0.7619047619047619,0.6666666666666666,0.30952380952380953
ba,M-C pair (mu=0) [lebowski],pedestrian,8.2,0.7619047619047619,0.6666666666666666,0.30952380952380953
ba,M-C pair (mu=0) [lebowski],pedestrian,8.4,0.7619047619047619,0.6666666666666666,0.30952380952380953
ba,M-C pair (mu=0) [lebowski],pedestrian,8.6,0.7619047619047619,0.6666666666666666,0.30952380952380953
ba,M-C pair (mu=0) [lebowski],pedestrian,8.8,0.7619047619047619,0.6666666666666666,0.30952380952380953
ba,M-C pair (mu=0) [lebowski],pedestrian,9.0,0.7619047619047619,0.6666666666666666,0.30952380952380953
ba,M-C pair (mu=0) [lebowski],pedestrian,9.2,0.7619047619047619,0.6666666666666666,0.30952380952380953
ba,M-C pair (mu=0) [lebowski],pedestrian,9.4,0.7619047619047619,0.6666666666666666,0.30952380952380953
ba,M-C pair (mu=0) [lebowski],pedestrian,9.6,0.7619047619047619,0.6666666666666666,0.30952380952380953
ba,M-C pair (mu=0) [lebowski],pedestrian,9.8,0.7619047619047619,0.6666666666666666,0.30952380952380953
ba,M-C pair (mu=0) [lebowski],pedestrian,10.0,0.7619047619047619,0.6666666666666666,0.30952380952380953
ba,M-C pair qwen [lebowski],pedestrian,0.0,0.0,0.0,0.023809523809523808
ba,M-C pair qwen [lebowski],pedestrian,0.2,0.1111111111111111,0.1111111111111111,0.047619047619047616
ba,M-C pair qwen [lebowski],pedestrian,0.4,0.1746031746031746,0.1746031746031746,0.07142857142857142
ba,M-C pair qwen [lebowski],pedestrian,0.6,0.1746031746031746,0.1746031746031746,0.11904761904761904
ba,M-C pair qwen [lebowski],pedestrian,0.8,0.19047619047619047,0.19047619047619047,0.11904761904761904
ba,M-C pair qwen [lebowski],pedestrian,1.0,0.19047619047619047,0.19047619047619047,0.14285714285714285
ba,M-C pair qwen [lebowski],pedestrian,1.2,0.23809523809523808,0.20634920634920634,0.14285714285714285
ba,M-C pair qwen [lebowski],pedestrian,1.4,0.30158730158730157,0.2222222222222222,0.16666666666666666
ba,M-C pair qwen [lebowski],pedestrian,1.6,0.36507936507936506,0.2857142857142857,0.19047619047619047
ba,M-C pair qwen [lebowski],pedestrian,1.8,0.3968253968253968,0.31746031746031744,0.19047619047619047
ba,M-C pair qwen [lebowski],pedestrian,2.0,0.47619047619047616,0.3968253968253968,0.19047619047619047
ba,M-C pair qwen [lebowski],pedestrian,2.2,0.5079365079365079,0.42857142857142855,0.21428571428571427
ba,M-C pair qwen [lebowski],pedestrian,2.4,0.5079365079365079,0.42857142857142855,0.21428571428571427
ba,M-C pair qwen [lebowski],pedestrian,2.6,0.5555555555555556,0.47619047619047616,0.21428571428571427
ba,M-C pair qwen [lebowski],pedestrian,2.8,0.6507936507936508,0.5714285714285714,0.23809523809523808
ba,M-C pair qwen [lebowski],pedestrian,3.0,0.7142857142857143,0.6190476190476191,0.23809523809523808
ba,M-C pair qwen [lebowski],pedestrian,3.2,0.7619047619047619,0.6666666666666666,0.2857142857142857
ba,M-C pair qwen [lebowski],pedestrian,3.4,0.7619047619047619,0.6666666666666666,0.2857142857142857
ba,M-C pair qwen [lebowski],pedestrian,3.6,0.7619047619047619,0.6666666666666666,0.30952380952380953
ba,M-C pair qwen [lebowski],pedestrian,3.8,0.7619047619047619,0.6666666666666666,0.30952380952380953
ba,M-C pair qwen [lebowski],pedestrian,4.0,0.7936507936507936,0.6984126984126984,0.30952380952380953
ba,M-C pair qwen [lebowski],pedestrian,4.2,0.7936507936507936,0.6984126984126984,0.30952380952380953
ba,M-C pair qwen [lebowski],pedestrian,4.4,0.7936507936507936,0.6984126984126984,0.30952380952380953
ba,M-C pair qwen [lebowski],pedestrian,4.6,0.7936507936507936,0.6984126984126984,0.30952380952380953
ba,M-C pair qwen [lebowski],pedestrian,4.8,0.7936507936507936,0.7142857142857143,0.30952380952380953
ba,M-C pair qwen [lebowski],pedestrian,5.0,0.7936507936507936,0.7142857142857143,0.30952380952380953
ba,M-C pair qwen [lebowski],pedestrian,5.2,0.8095238095238095,0.7301587301587301,0.30952380952380953
ba,M-C pair qwen [lebowski],pedestrian,5.4,0.8095238095238095,0.7301587301587301,0.30952380952380953
ba,M-C pair qwen [lebowski],pedestrian,5.6,0.8095238095238095,0.7301587301587301,0.30952380952380953
ba,M-C pair qwen [lebowski],pedestrian,5.8,0.8095238095238095,0.7301587301587301,0.30952380952380953
ba,M-C pair qwen [lebowski],pedestrian,6.0,0.8095238095238095,0.7301587301587301,0.30952380952380953
ba,M-C pair qwen [lebowski],pedestrian,6.2,0.8095238095238095,0.7301587301587301,0.30952380952380953
ba,M-C pair qwen [lebowski],pedestrian,6.4,0.8095238095238095,0.7301587301587301,0.30952380952380953
ba,M-C pair qwen [lebowski],pedestrian,6.6,0.8095238095238095,0.7301587301587301,0.30952380952380953
ba,M-C pair qwen [lebowski],pedestrian,6.8,0.8095238095238095,0.7301587301587301,0.30952380952380953
ba,M-C pair qwen [lebowski],pedestrian,7.0,0.8095238095238095,0.7301587301587301,0.30952380952380953
ba,M-C pair qwen [lebowski],pedestrian,7.2,0.8095238095238095,0.7301587301587301,0.30952380952380953
ba,M-C pair qwen [lebowski],pedestrian,7.4,0.8095238095238095,0.7301587301587301,0.30952380952380953
ba,M-C pair qwen [lebowski],pedestrian,7.6,0.8095238095238095,0.7301587301587301,0.30952380952380953
ba,M-C pair qwen [lebowski],pedestrian,7.8,0.8095238095238095,0.7301587301587301,0.30952380952380953
ba,M-C pair qwen [lebowski],pedestrian,8.0,0.8095238095238095,0.7301587301587301,0.30952380952380953
ba,M-C pair qwen [lebowski],pedestrian,8.2,0.8095238095238095,0.7301587301587301,0.30952380952380953
ba,M-C pair qwen [lebowski],pedestrian,8.4,0.8095238095238095,0.7301587301587301,0.30952380952380953
ba,M-C pair qwen [lebowski],pedestrian,8.6,0.8095238095238095,0.7301587301587301,0.30952380952380953
ba,M-C pair qwen [lebowski],pedestrian,8.8,0.8095238095238095,0.7301587301587301,0.30952380952380953
ba,M-C pair qwen [lebowski],pedestrian,9.0,0.8095238095238095,0.7301587301587301,0.30952380952380953
ba,M-C pair qwen [lebowski],pedestrian,9.2,0.8095238095238095,0.7301587301587301,0.30952380952380953
ba,M-C pair qwen [lebowski],pedestrian,9.4,0.8095238095238095,0.7301587301587301,0.30952380952380953
ba,M-C pair qwen [lebowski],pedestrian,9.6,0.8095238095238095,0.7301587301587301,0.30952380952380953
ba,M-C pair qwen [lebowski],pedestrian,9.8,0.8095238095238095,0.7301587301587301,0.30952380952380953
ba,M-C pair qwen [lebowski],pedestrian,10.0,0.8095238095238095,0.7301587301587301,0.30952380952380953
ba,M-C pair op [lebowski],pedestrian,0.0,0.0,0.0,0.0
ba,M-C pair op [lebowski],pedestrian,0.2,0.0,0.0,0.023809523809523808
ba,M-C pair op [lebowski],pedestrian,0.4,0.0,0.0,0.023809523809523808
ba,M-C pair op [lebowski],pedestrian,0.6,0.015873015873015872,0.015873015873015872,0.047619047619047616
ba,M-C pair op [lebowski],pedestrian,0.8,0.06349206349206349,0.06349206349206349,0.07142857142857142
ba,M-C pair op [lebowski],pedestrian,1.0,0.07936507936507936,0.07936507936507936,0.09523809523809523
ba,M-C pair op [lebowski],pedestrian,1.2,0.12698412698412698,0.12698412698412698,0.09523809523809523
ba,M-C pair op [lebowski],pedestrian,1.4,0.12698412698412698,0.12698412698412698,0.14285714285714285
ba,M-C pair op [lebowski],pedestrian,1.6,0.12698412698412698,0.12698412698412698,0.14285714285714285
ba,M-C pair op [lebowski],pedestrian,1.8,0.20634920634920634,0.15873015873015872,0.14285714285714285
ba,M-C pair op [lebowski],pedestrian,2.0,0.2698412698412698,0.2222222222222222,0.14285714285714285
ba,M-C pair op [lebowski],pedestrian,2.2,0.2857142857142857,0.23809523809523808,0.14285714285714285
ba,M-C pair op [lebowski],pedestrian,2.4,0.3333333333333333,0.2857142857142857,0.14285714285714285
ba,M-C pair op [lebowski],pedestrian,2.6,0.3492063492063492,0.30158730158730157,0.14285714285714285
ba,M-C pair op [lebowski],pedestrian,2.8,0.36507936507936506,0.31746031746031744,0.16666666666666666
ba,M-C pair op [lebowski],pedestrian,3.0,0.36507936507936506,0.31746031746031744,0.16666666666666666
ba,M-C pair op [lebowski],pedestrian,3.2,0.36507936507936506,0.31746031746031744,0.16666666666666666
ba,M-C pair op [lebowski],pedestrian,3.4,0.5079365079365079,0.4603174603174603,0.19047619047619047
ba,M-C pair op [lebowski],pedestrian,3.6,0.5079365079365079,0.4603174603174603,0.19047619047619047
ba,M-C pair op [lebowski],pedestrian,3.8,0.5238095238095238,0.47619047619047616,0.19047619047619047
ba,M-C pair op [lebowski],pedestrian,4.0,0.5238095238095238,0.47619047619047616,0.19047619047619047
ba,M-C pair op [lebowski],pedestrian,4.2,0.5238095238095238,0.47619047619047616,0.19047619047619047
ba,M-C pair op [lebowski],pedestrian,4.4,0.5238095238095238,0.47619047619047616,0.19047619047619047
ba,M-C pair op [lebowski],pedestrian,4.6,0.5238095238095238,0.47619047619047616,0.19047619047619047
ba,M-C pair op [lebowski],pedestrian,4.8,0.5238095238095238,0.47619047619047616,0.19047619047619047
ba,M-C pair op [lebowski],pedestrian,5.0,0.5238095238095238,0.47619047619047616,0.19047619047619047
ba,M-C pair op [lebowski],pedestrian,5.2,0.5238095238095238,0.47619047619047616,0.19047619047619047
ba,M-C pair op [lebowski],pedestrian,5.4,0.5396825396825397,0.49206349206349204,0.19047619047619047
ba,M-C pair op [lebowski],pedestrian,5.6,0.5396825396825397,0.49206349206349204,0.19047619047619047
ba,M-C pair op [lebowski],pedestrian,5.8,0.5396825396825397,0.49206349206349204,0.19047619047619047
ba,M-C pair op [lebowski],pedestrian,6.0,0.5396825396825397,0.49206349206349204,0.19047619047619047
ba,M-C pair op [lebowski],pedestrian,6.2,0.5396825396825397,0.49206349206349204,0.19047619047619047
ba,M-C pair op [lebowski],pedestrian,6.4,0.5396825396825397,0.49206349206349204,0.19047619047619047
ba,M-C pair op [lebowski],pedestrian,6.6,0.5396825396825397,0.49206349206349204,0.19047619047619047
ba,M-C pair op [lebowski],pedestrian,6.8,0.5396825396825397,0.49206349206349204,0.19047619047619047
ba,M-C pair op [lebowski],pedestrian,7.0,0.5396825396825397,0.49206349206349204,0.19047619047619047
ba,M-C pair op [lebowski],pedestrian,7.2,0.5396825396825397,0.49206349206349204,0.19047619047619047
ba,M-C pair op [lebowski],pedestrian,7.4,0.5396825396825397,0.49206349206349204,0.19047619047619047
ba,M-C pair op [lebowski],pedestrian,7.6,0.5396825396825397,0.49206349206349204,0.19047619047619047
ba,M-C pair op [lebowski],pedestrian,7.8,0.5396825396825397,0.49206349206349204,0.19047619047619047
ba,M-C pair op [lebowski],pedestrian,8.0,0.5396825396825397,0.49206349206349204,0.19047619047619047
ba,M-C pair op [lebowski],pedestrian,8.2,0.5396825396825397,0.49206349206349204,0.19047619047619047
ba,M-C pair op [lebowski],pedestrian,8.4,0.5396825396825397,0.49206349206349204,0.19047619047619047
ba,M-C pair op [lebowski],pedestrian,8.6,0.5396825396825397,0.49206349206349204,0.19047619047619047
ba,M-C pair op [lebowski],pedestrian,8.8,0.5396825396825397,0.49206349206349204,0.19047619047619047
ba,M-C pair op [lebowski],pedestrian,9.0,0.5396825396825397,0.49206349206349204,0.19047619047619047
ba,M-C pair op [lebowski],pedestrian,9.2,0.5396825396825397,0.49206349206349204,0.19047619047619047
ba,M-C pair op [lebowski],pedestrian,9.4,0.5396825396825397,0.49206349206349204,0.19047619047619047
ba,M-C pair op [lebowski],pedestrian,9.6,0.5396825396825397,0.49206349206349204,0.19047619047619047
ba,M-C pair op [lebowski],pedestrian,9.8,0.5396825396825397,0.49206349206349204,0.19047619047619047
ba,M-C pair op [lebowski],pedestrian,10.0,0.5396825396825397,0.49206349206349204,0.19047619047619047
ba,M-C hard [lebowski],pedestrian,0.0,0.0,0.0,0.0
ba,M-C hard [lebowski],pedestrian,0.2,0.0,0.0,0.047619047619047616
ba,M-C hard [lebowski],pedestrian,0.4,0.0,0.0,0.047619047619047616
ba,M-C hard [lebowski],pedestrian,0.6,0.0,0.0,0.07142857142857142
ba,M-C hard [lebowski],pedestrian,0.8,0.0,0.0,0.11904761904761904
ba,M-C hard [lebowski],pedestrian,1.0,0.0,0.0,0.14285714285714285
ba,M-C hard [lebowski],pedestrian,1.2,0.0,0.0,0.14285714285714285
ba,M-C hard [lebowski],pedestrian,1.4,0.0,0.0,0.19047619047619047
ba,M-C hard [lebowski],pedestrian,1.6,0.0,0.0,0.19047619047619047
ba,M-C hard [lebowski],pedestrian,1.8,0.031746031746031744,0.031746031746031744,0.19047619047619047
ba,M-C hard [lebowski],pedestrian,2.0,0.06349206349206349,0.06349206349206349,0.19047619047619047
ba,M-C hard [lebowski],pedestrian,2.2,0.1111111111111111,0.1111111111111111,0.19047619047619047
ba,M-C hard [lebowski],pedestrian,2.4,0.1111111111111111,0.1111111111111111,0.19047619047619047
ba,M-C hard [lebowski],pedestrian,2.6,0.1111111111111111,0.1111111111111111,0.19047619047619047
ba,M-C hard [lebowski],pedestrian,2.8,0.1111111111111111,0.1111111111111111,0.19047619047619047
ba,M-C hard [lebowski],pedestrian,3.0,0.12698412698412698,0.1111111111111111,0.19047619047619047
ba,M-C hard [lebowski],pedestrian,3.2,0.12698412698412698,0.1111111111111111,0.19047619047619047
ba,M-C hard [lebowski],pedestrian,3.4,0.12698412698412698,0.1111111111111111,0.19047619047619047
ba,M-C hard [lebowski],pedestrian,3.6,0.1746031746031746,0.15873015873015872,0.19047619047619047
ba,M-C hard [lebowski],pedestrian,3.8,0.1746031746031746,0.15873015873015872,0.19047619047619047
ba,M-C hard [lebowski],pedestrian,4.0,0.1746031746031746,0.15873015873015872,0.19047619047619047
ba,M-C hard [lebowski],pedestrian,4.2,0.1746031746031746,0.15873015873015872,0.19047619047619047
ba,M-C hard [lebowski],pedestrian,4.4,0.1746031746031746,0.15873015873015872,0.19047619047619047
ba,M-C hard [lebowski],pedestrian,4.6,0.1746031746031746,0.15873015873015872,0.19047619047619047
ba,M-C hard [lebowski],pedestrian,4.8,0.1746031746031746,0.15873015873015872,0.21428571428571427
ba,M-C hard [lebowski],pedestrian,5.0,0.1746031746031746,0.1746031746031746,0.23809523809523808
ba,M-C hard [lebowski],pedestrian,5.2,0.1746031746031746,0.1746031746031746,0.23809523809523808
ba,M-C hard [lebowski],pedestrian,5.4,0.1746031746031746,0.1746031746031746,0.23809523809523808
ba,M-C hard [lebowski],pedestrian,5.6,0.1746031746031746,0.1746031746031746,0.23809523809523808
ba,M-C hard [lebowski],pedestrian,5.8,0.1746031746031746,0.1746031746031746,0.23809523809523808
ba,M-C hard [lebowski],pedestrian,6.0,0.1746031746031746,0.1746031746031746,0.23809523809523808
ba,M-C hard [lebowski],pedestrian,6.2,0.1746031746031746,0.1746031746031746,0.23809523809523808
ba,M-C hard [lebowski],pedestrian,6.4,0.1746031746031746,0.1746031746031746,0.23809523809523808
ba,M-C hard [lebowski],pedestrian,6.6,0.1746031746031746,0.1746031746031746,0.23809523809523808
ba,M-C hard [lebowski],pedestrian,6.8,0.1746031746031746,0.1746031746031746,0.23809523809523808
ba,M-C hard [lebowski],pedestrian,7.0,0.1746031746031746,0.1746031746031746,0.23809523809523808
ba,M-C hard [lebowski],pedestrian,7.2,0.1746031746031746,0.1746031746031746,0.23809523809523808
ba,M-C hard [lebowski],pedestrian,7.4,0.1746031746031746,0.1746031746031746,0.23809523809523808
ba,M-C hard [lebowski],pedestrian,7.6,0.1746031746031746,0.1746031746031746,0.23809523809523808
ba,M-C hard [lebowski],pedestrian,7.8,0.1746031746031746,0.1746031746031746,0.23809523809523808
ba,M-C hard [lebowski],pedestrian,8.0,0.1746031746031746,0.1746031746031746,0.23809523809523808
ba,M-C hard [lebowski],pedestrian,8.2,0.1746031746031746,0.1746031746031746,0.23809523809523808
ba,M-C hard [lebowski],pedestrian,8.4,0.1746031746031746,0.1746031746031746,0.23809523809523808
ba,M-C hard [lebowski],pedestrian,8.6,0.1746031746031746,0.1746031746031746,0.23809523809523808
ba,M-C hard [lebowski],pedestrian,8.8,0.1746031746031746,0.1746031746031746,0.23809523809523808
ba,M-C hard [lebowski],pedestrian,9.0,0.1746031746031746,0.1746031746031746,0.23809523809523808
ba,M-C hard [lebowski],pedestrian,9.2,0.1746031746031746,0.1746031746031746,0.23809523809523808
ba,M-C hard [lebowski],pedestrian,9.4,0.1746031746031746,0.1746031746031746,0.23809523809523808
ba,M-C hard [lebowski],pedestrian,9.6,0.1746031746031746,0.1746031746031746,0.23809523809523808
ba,M-C hard [lebowski],pedestrian,9.8,0.1746031746031746,0.1746031746031746,0.23809523809523808
ba,M-C hard [lebowski],pedestrian,10.0,0.1746031746031746,0.1746031746031746,0.23809523809523808
ba,M-C uniform [lebowski],pedestrian,0.0,0.0,0.0,0.0
ba,M-C uniform [lebowski],pedestrian,0.2,0.0,0.0,0.047619047619047616
ba,M-C uniform [lebowski],pedestrian,0.4,0.0,0.0,0.047619047619047616
ba,M-C uniform [lebowski],pedestrian,0.6,0.0,0.0,0.07142857142857142
ba,M-C uniform [lebowski],pedestrian,0.8,0.0,0.0,0.09523809523809523
ba,M-C uniform [lebowski],pedestrian,1.0,0.0,0.0,0.11904761904761904
ba,M-C uniform [lebowski],pedestrian,1.2,0.0,0.0,0.11904761904761904
ba,M-C uniform [lebowski],pedestrian,1.4,0.0,0.0,0.16666666666666666
ba,M-C uniform [lebowski],pedestrian,1.6,0.0,0.0,0.19047619047619047
ba,M-C uniform [lebowski],pedestrian,1.8,0.015873015873015872,0.015873015873015872,0.19047619047619047
ba,M-C uniform [lebowski],pedestrian,2.0,0.047619047619047616,0.047619047619047616,0.19047619047619047
ba,M-C uniform [lebowski],pedestrian,2.2,0.09523809523809523,0.09523809523809523,0.19047619047619047
ba,M-C uniform [lebowski],pedestrian,2.4,0.09523809523809523,0.09523809523809523,0.19047619047619047
ba,M-C uniform [lebowski],pedestrian,2.6,0.1111111111111111,0.09523809523809523,0.19047619047619047
ba,M-C uniform [lebowski],pedestrian,2.8,0.1111111111111111,0.09523809523809523,0.19047619047619047
ba,M-C uniform [lebowski],pedestrian,3.0,0.1111111111111111,0.09523809523809523,0.19047619047619047
ba,M-C uniform [lebowski],pedestrian,3.2,0.1111111111111111,0.09523809523809523,0.19047619047619047
ba,M-C uniform [lebowski],pedestrian,3.4,0.1111111111111111,0.09523809523809523,0.19047619047619047
ba,M-C uniform [lebowski],pedestrian,3.6,0.15873015873015872,0.14285714285714285,0.19047619047619047
ba,M-C uniform [lebowski],pedestrian,3.8,0.15873015873015872,0.14285714285714285,0.19047619047619047
ba,M-C uniform [lebowski],pedestrian,4.0,0.15873015873015872,0.14285714285714285,0.19047619047619047
ba,M-C uniform [lebowski],pedestrian,4.2,0.15873015873015872,0.14285714285714285,0.19047619047619047
ba,M-C uniform [lebowski],pedestrian,4.4,0.15873015873015872,0.14285714285714285,0.19047619047619047
ba,M-C uniform [lebowski],pedestrian,4.6,0.15873015873015872,0.14285714285714285,0.19047619047619047
ba,M-C uniform [lebowski],pedestrian,4.8,0.15873015873015872,0.14285714285714285,0.19047619047619047
ba,M-C uniform [lebowski],pedestrian,5.0,0.15873015873015872,0.15873015873015872,0.21428571428571427
ba,M-C uniform [lebowski],pedestrian,5.2,0.15873015873015872,0.15873015873015872,0.21428571428571427
ba,M-C uniform [lebowski],pedestrian,5.4,0.15873015873015872,0.15873015873015872,0.21428571428571427
ba,M-C uniform [lebowski],pedestrian,5.6,0.15873015873015872,0.15873015873015872,0.21428571428571427
ba,M-C uniform [lebowski],pedestrian,5.8,0.15873015873015872,0.15873015873015872,0.21428571428571427
ba,M-C uniform [lebowski],pedestrian,6.0,0.15873015873015872,0.15873015873015872,0.21428571428571427
ba,M-C uniform [lebowski],pedestrian,6.2,0.15873015873015872,0.15873015873015872,0.21428571428571427
ba,M-C uniform [lebowski],pedestrian,6.4,0.15873015873015872,0.15873015873015872,0.21428571428571427
ba,M-C uniform [lebowski],pedestrian,6.6,0.15873015873015872,0.15873015873015872,0.21428571428571427
ba,M-C uniform [lebowski],pedestrian,6.8,0.15873015873015872,0.15873015873015872,0.21428571428571427
ba,M-C uniform [lebowski],pedestrian,7.0,0.15873015873015872,0.15873015873015872,0.21428571428571427
ba,M-C uniform [lebowski],pedestrian,7.2,0.15873015873015872,0.15873015873015872,0.21428571428571427
ba,M-C uniform [lebowski],pedestrian,7.4,0.15873015873015872,0.15873015873015872,0.21428571428571427
ba,M-C uniform [lebowski],pedestrian,7.6,0.15873015873015872,0.15873015873015872,0.21428571428571427
ba,M-C uniform [lebowski],pedestrian,7.8,0.15873015873015872,0.15873015873015872,0.21428571428571427
ba,M-C uniform [lebowski],pedestrian,8.0,0.15873015873015872,0.15873015873015872,0.21428571428571427
ba,M-C uniform [lebowski],pedestrian,8.2,0.15873015873015872,0.15873015873015872,0.21428571428571427
ba,M-C uniform [lebowski],pedestrian,8.4,0.15873015873015872,0.15873015873015872,0.21428571428571427
ba,M-C uniform [lebowski],pedestrian,8.6,0.15873015873015872,0.15873015873015872,0.21428571428571427
ba,M-C uniform [lebowski],pedestrian,8.8,0.15873015873015872,0.15873015873015872,0.21428571428571427
ba,M-C uniform [lebowski],pedestrian,9.0,0.15873015873015872,0.15873015873015872,0.21428571428571427
ba,M-C uniform [lebowski],pedestrian,9.2,0.15873015873015872,0.15873015873015872,0.21428571428571427
ba,M-C uniform [lebowski],pedestrian,9.4,0.15873015873015872,0.15873015873015872,0.21428571428571427
ba,M-C uniform [lebowski],pedestrian,9.6,0.15873015873015872,0.15873015873015872,0.21428571428571427
ba,M-C uniform [lebowski],pedestrian,9.8,0.15873015873015872,0.15873015873015872,0.21428571428571427
ba,M-C uniform [lebowski],pedestrian,10.0,0.15873015873015872,0.15873015873015872,0.21428571428571427
ba,gate any,pedestrian,0.0,0.23809523809523808,0.23809523809523808,0.0
ba,gate any,pedestrian,0.2,0.3333333333333333,0.3333333333333333,0.0
ba,gate any,pedestrian,0.4,0.3333333333333333,0.3333333333333333,0.0
ba,gate any,pedestrian,0.6,0.3333333333333333,0.3333333333333333,0.0
ba,gate any,pedestrian,0.8,0.38095238095238093,0.38095238095238093,0.0
ba,gate any,pedestrian,1.0,0.42857142857142855,0.38095238095238093,0.0
ba,gate any,pedestrian,1.2,0.47619047619047616,0.47619047619047616,0.0
ba,gate any,pedestrian,1.4,0.5396825396825397,0.49206349206349204,0.0
ba,gate any,pedestrian,1.6,0.6190476190476191,0.5714285714285714,0.0
ba,gate any,pedestrian,1.8,0.6190476190476191,0.6190476190476191,0.0
ba,gate any,pedestrian,2.0,0.6190476190476191,0.6190476190476191,0.0
ba,gate any,pedestrian,2.2,0.6666666666666666,0.6666666666666666,0.0
ba,gate any,pedestrian,2.4,0.7142857142857143,0.7142857142857143,0.0
ba,gate any,pedestrian,2.6,0.8095238095238095,0.8095238095238095,0.0
ba,gate any,pedestrian,2.8,0.8571428571428571,0.8571428571428571,0.0
ba,gate any,pedestrian,3.0,0.8571428571428571,0.8571428571428571,0.0
ba,gate any,pedestrian,3.2,0.8571428571428571,0.8571428571428571,0.0
ba,gate any,pedestrian,3.4,0.8571428571428571,0.8571428571428571,0.0
ba,gate any,pedestrian,3.6,0.9047619047619048,0.9047619047619048,0.0
ba,gate any,pedestrian,3.8,0.9047619047619048,0.9047619047619048,0.0
ba,gate any,pedestrian,4.0,0.9047619047619048,0.9047619047619048,0.0
ba,gate any,pedestrian,4.2,0.9047619047619048,0.9047619047619048,0.0
ba,gate any,pedestrian,4.4,0.9047619047619048,0.9047619047619048,0.0
ba,gate any,pedestrian,4.6,0.9523809523809523,0.9523809523809523,0.0
ba,gate any,pedestrian,4.8,0.9523809523809523,0.9523809523809523,0.0
ba,gate any,pedestrian,5.0,0.9523809523809523,0.9523809523809523,0.0
ba,gate any,pedestrian,5.2,0.9523809523809523,0.9523809523809523,0.0
ba,gate any,pedestrian,5.4,0.9523809523809523,0.9523809523809523,0.0
ba,gate any,pedestrian,5.6,0.9523809523809523,0.9523809523809523,0.0
ba,gate any,pedestrian,5.8,0.9523809523809523,0.9523809523809523,0.0
ba,gate any,pedestrian,6.0,0.9523809523809523,0.9523809523809523,0.0
ba,gate any,pedestrian,6.2,0.9523809523809523,0.9523809523809523,0.0
ba,gate any,pedestrian,6.4,0.9523809523809523,0.9523809523809523,0.0
ba,gate any,pedestrian,6.6,0.9523809523809523,0.9523809523809523,0.0
ba,gate any,pedestrian,6.8,0.9523809523809523,0.9523809523809523,0.0
ba,gate any,pedestrian,7.0,0.9523809523809523,0.9523809523809523,0.0
ba,gate any,pedestrian,7.2,0.9523809523809523,0.9523809523809523,0.0
ba,gate any,pedestrian,7.4,0.9523809523809523,0.9523809523809523,0.0
ba,gate any,pedestrian,7.6,0.9523809523809523,0.9523809523809523,0.0
ba,gate any,pedestrian,7.8,0.9523809523809523,0.9523809523809523,0.0
ba,gate any,pedestrian,8.0,0.9523809523809523,0.9523809523809523,0.0
ba,gate any,pedestrian,8.2,0.9523809523809523,0.9523809523809523,0.0
ba,gate any,pedestrian,8.4,0.9841269841269841,0.9841269841269841,0.0
ba,gate any,pedestrian,8.6,1.0,1.0,0.0
ba,gate any,pedestrian,8.8,1.0,1.0,0.0
ba,gate any,pedestrian,9.0,1.0,1.0,0.0
ba,gate any,pedestrian,9.2,1.0,1.0,0.0
ba,gate any,pedestrian,9.4,1.0,1.0,0.0
ba,gate any,pedestrian,9.6,1.0,1.0,0.0
ba,gate any,pedestrian,9.8,1.0,1.0,0.0
ba,gate any,pedestrian,10.0,1.0,1.0,0.0
ba,gate pedestrian,pedestrian,0.0,0.23809523809523808,0.23809523809523808,0.0
ba,gate pedestrian,pedestrian,0.2,0.3333333333333333,0.3333333333333333,0.0
ba,gate pedestrian,pedestrian,0.4,0.3333333333333333,0.3333333333333333,0.0
ba,gate pedestrian,pedestrian,0.6,0.3333333333333333,0.3333333333333333,0.0
ba,gate pedestrian,pedestrian,0.8,0.38095238095238093,0.38095238095238093,0.0
ba,gate pedestrian,pedestrian,1.0,0.42857142857142855,0.38095238095238093,0.0
ba,gate pedestrian,pedestrian,1.2,0.47619047619047616,0.47619047619047616,0.0
ba,gate pedestrian,pedestrian,1.4,0.5396825396825397,0.49206349206349204,0.0
ba,gate pedestrian,pedestrian,1.6,0.6190476190476191,0.5714285714285714,0.0
ba,gate pedestrian,pedestrian,1.8,0.6190476190476191,0.6190476190476191,0.0
ba,gate pedestrian,pedestrian,2.0,0.6190476190476191,0.6190476190476191,0.0
ba,gate pedestrian,pedestrian,2.2,0.6666666666666666,0.6666666666666666,0.0
ba,gate pedestrian,pedestrian,2.4,0.7142857142857143,0.7142857142857143,0.0
ba,gate pedestrian,pedestrian,2.6,0.8095238095238095,0.8095238095238095,0.0
ba,gate pedestrian,pedestrian,2.8,0.8571428571428571,0.8571428571428571,0.0
ba,gate pedestrian,pedestrian,3.0,0.8571428571428571,0.8571428571428571,0.0
ba,gate pedestrian,pedestrian,3.2,0.8571428571428571,0.8571428571428571,0.0
ba,gate pedestrian,pedestrian,3.4,0.8571428571428571,0.8571428571428571,0.0
ba,gate pedestrian,pedestrian,3.6,0.9047619047619048,0.9047619047619048,0.0
ba,gate pedestrian,pedestrian,3.8,0.9047619047619048,0.9047619047619048,0.0
ba,gate pedestrian,pedestrian,4.0,0.9047619047619048,0.9047619047619048,0.0
ba,gate pedestrian,pedestrian,4.2,0.9047619047619048,0.9047619047619048,0.0
ba,gate pedestrian,pedestrian,4.4,0.9047619047619048,0.9047619047619048,0.0
ba,gate pedestrian,pedestrian,4.6,0.9523809523809523,0.9523809523809523,0.0
ba,gate pedestrian,pedestrian,4.8,0.9523809523809523,0.9523809523809523,0.0
ba,gate pedestrian,pedestrian,5.0,0.9523809523809523,0.9523809523809523,0.0
ba,gate pedestrian,pedestrian,5.2,0.9523809523809523,0.9523809523809523,0.0
ba,gate pedestrian,pedestrian,5.4,0.9523809523809523,0.9523809523809523,0.0
ba,gate pedestrian,pedestrian,5.6,0.9523809523809523,0.9523809523809523,0.0
ba,gate pedestrian,pedestrian,5.8,0.9523809523809523,0.9523809523809523,0.0
ba,gate pedestrian,pedestrian,6.0,0.9523809523809523,0.9523809523809523,0.0
ba,gate pedestrian,pedestrian,6.2,0.9523809523809523,0.9523809523809523,0.0
ba,gate pedestrian,pedestrian,6.4,0.9523809523809523,0.9523809523809523,0.0
ba,gate pedestrian,pedestrian,6.6,0.9523809523809523,0.9523809523809523,0.0
ba,gate pedestrian,pedestrian,6.8,0.9523809523809523,0.9523809523809523,0.0
ba,gate pedestrian,pedestrian,7.0,0.9523809523809523,0.9523809523809523,0.0
ba,gate pedestrian,pedestrian,7.2,0.9523809523809523,0.9523809523809523,0.0
ba,gate pedestrian,pedestrian,7.4,0.9523809523809523,0.9523809523809523,0.0
ba,gate pedestrian,pedestrian,7.6,0.9523809523809523,0.9523809523809523,0.0
ba,gate pedestrian,pedestrian,7.8,0.9523809523809523,0.9523809523809523,0.0
ba,gate pedestrian,pedestrian,8.0,0.9682539682539683,0.9682539682539683,0.0
ba,gate pedestrian,pedestrian,8.2,0.9682539682539683,0.9682539682539683,0.0
ba,gate pedestrian,pedestrian,8.4,1.0,1.0,0.0
ba,gate pedestrian,pedestrian,8.6,1.0,1.0,0.0
ba,gate pedestrian,pedestrian,8.8,1.0,1.0,0.0
ba,gate pedestrian,pedestrian,9.0,1.0,1.0,0.0
ba,gate pedestrian,pedestrian,9.2,1.0,1.0,0.0
ba,gate pedestrian,pedestrian,9.4,1.0,1.0,0.0
ba,gate pedestrian,pedestrian,9.6,1.0,1.0,0.0
ba,gate pedestrian,pedestrian,9.8,1.0,1.0,0.0
ba,gate pedestrian,pedestrian,10.0,1.0,1.0,0.0
ba,gate ttc,pedestrian,0.0,0.0,0.0,0.0
ba,gate ttc,pedestrian,0.2,0.0,0.0,0.0
ba,gate ttc,pedestrian,0.4,0.031746031746031744,0.031746031746031744,0.0
ba,gate ttc,pedestrian,0.6,0.031746031746031744,0.031746031746031744,0.0
ba,gate ttc,pedestrian,0.8,0.14285714285714285,0.14285714285714285,0.0
ba,gate ttc,pedestrian,1.0,0.1746031746031746,0.14285714285714285,0.0
ba,gate ttc,pedestrian,1.2,0.1746031746031746,0.14285714285714285,0.0
ba,gate ttc,pedestrian,1.4,0.2222222222222222,0.19047619047619047,0.0
ba,gate ttc,pedestrian,1.6,0.2222222222222222,0.19047619047619047,0.0
ba,gate ttc,pedestrian,1.8,0.2222222222222222,0.19047619047619047,0.0
ba,gate ttc,pedestrian,2.0,0.2698412698412698,0.23809523809523808,0.0
ba,gate ttc,pedestrian,2.2,0.31746031746031744,0.2857142857142857,0.0
ba,gate ttc,pedestrian,2.4,0.3333333333333333,0.30158730158730157,0.0
ba,gate ttc,pedestrian,2.6,0.4603174603174603,0.38095238095238093,0.0
ba,gate ttc,pedestrian,2.8,0.4603174603174603,0.38095238095238093,0.0
ba,gate ttc,pedestrian,3.0,0.5079365079365079,0.42857142857142855,0.0
ba,gate ttc,pedestrian,3.2,0.5079365079365079,0.42857142857142855,0.0
ba,gate ttc,pedestrian,3.4,0.5555555555555556,0.42857142857142855,0.0
ba,gate ttc,pedestrian,3.6,0.6984126984126984,0.5714285714285714,0.0
ba,gate ttc,pedestrian,3.8,0.746031746031746,0.6190476190476191,0.0
ba,gate ttc,pedestrian,4.0,0.746031746031746,0.6190476190476191,0.0
ba,gate ttc,pedestrian,4.2,0.746031746031746,0.6190476190476191,0.0
ba,gate ttc,pedestrian,4.4,0.7936507936507936,0.6666666666666666,0.0
ba,gate ttc,pedestrian,4.6,0.7936507936507936,0.6666666666666666,0.0
ba,gate ttc,pedestrian,4.8,0.7936507936507936,0.6666666666666666,0.0
ba,gate ttc,pedestrian,5.0,0.7936507936507936,0.6666666666666666,0.0
ba,gate ttc,pedestrian,5.2,0.7936507936507936,0.6666666666666666,0.0
ba,gate ttc,pedestrian,5.4,0.7936507936507936,0.6666666666666666,0.0
ba,gate ttc,pedestrian,5.6,0.7936507936507936,0.6666666666666666,0.0
ba,gate ttc,pedestrian,5.8,0.7936507936507936,0.6666666666666666,0.0
ba,gate ttc,pedestrian,6.0,0.7936507936507936,0.6666666666666666,0.0
ba,gate ttc,pedestrian,6.2,0.7936507936507936,0.6666666666666666,0.0
ba,gate ttc,pedestrian,6.4,0.7936507936507936,0.6666666666666666,0.0
ba,gate ttc,pedestrian,6.6,0.7936507936507936,0.6666666666666666,0.0
ba,gate ttc,pedestrian,6.8,0.7936507936507936,0.6666666666666666,0.0
ba,gate ttc,pedestrian,7.0,0.7936507936507936,0.6666666666666666,0.0
ba,gate ttc,pedestrian,7.2,0.7936507936507936,0.6666666666666666,0.0
ba,gate ttc,pedestrian,7.4,0.7936507936507936,0.6666666666666666,0.0
ba,gate ttc,pedestrian,7.6,0.7936507936507936,0.6666666666666666,0.0
ba,gate ttc,pedestrian,7.8,0.7936507936507936,0.6666666666666666,0.0
ba,gate ttc,pedestrian,8.0,0.7936507936507936,0.6666666666666666,0.0
ba,gate ttc,pedestrian,8.2,0.7936507936507936,0.6666666666666666,0.0
ba,gate ttc,pedestrian,8.4,0.7936507936507936,0.6666666666666666,0.0
ba,gate ttc,pedestrian,8.6,0.7936507936507936,0.6666666666666666,0.0
ba,gate ttc,pedestrian,8.8,0.7936507936507936,0.6666666666666666,0.0
ba,gate ttc,pedestrian,9.0,0.7936507936507936,0.6666666666666666,0.0
ba,gate ttc,pedestrian,9.2,0.8095238095238095,0.6666666666666666,0.0
ba,gate ttc,pedestrian,9.4,0.8095238095238095,0.6666666666666666,0.0
ba,gate ttc,pedestrian,9.6,0.8412698412698413,0.6666666666666666,0.0
ba,gate ttc,pedestrian,9.8,0.8412698412698413,0.6666666666666666,0.0
ba,gate ttc,pedestrian,10.0,0.8412698412698413,0.6666666666666666,0.0
ba,gate intrusion,pedestrian,0.0,0.0,0.0,0.0
ba,gate intrusion,pedestrian,0.2,0.0,0.0,0.0
ba,gate intrusion,pedestrian,0.4,0.031746031746031744,0.031746031746031744,0.0
ba,gate intrusion,pedestrian,0.6,0.031746031746031744,0.031746031746031744,0.0
ba,gate intrusion,pedestrian,0.8,0.14285714285714285,0.14285714285714285,0.0
ba,gate intrusion,pedestrian,1.0,0.1746031746031746,0.14285714285714285,0.0
ba,gate intrusion,pedestrian,1.2,0.1746031746031746,0.14285714285714285,0.0
ba,gate intrusion,pedestrian,1.4,0.2222222222222222,0.19047619047619047,0.0
ba,gate intrusion,pedestrian,1.6,0.2222222222222222,0.19047619047619047,0.0
ba,gate intrusion,pedestrian,1.8,0.2222222222222222,0.19047619047619047,0.0
ba,gate intrusion,pedestrian,2.0,0.2698412698412698,0.23809523809523808,0.0
ba,gate intrusion,pedestrian,2.2,0.31746031746031744,0.2857142857142857,0.0
ba,gate intrusion,pedestrian,2.4,0.3333333333333333,0.30158730158730157,0.0
ba,gate intrusion,pedestrian,2.6,0.4603174603174603,0.38095238095238093,0.0
ba,gate intrusion,pedestrian,2.8,0.4603174603174603,0.38095238095238093,0.0
ba,gate intrusion,pedestrian,3.0,0.5079365079365079,0.42857142857142855,0.0
ba,gate intrusion,pedestrian,3.2,0.5079365079365079,0.42857142857142855,0.0
ba,gate intrusion,pedestrian,3.4,0.5555555555555556,0.42857142857142855,0.0
ba,gate intrusion,pedestrian,3.6,0.6984126984126984,0.5714285714285714,0.0
ba,gate intrusion,pedestrian,3.8,0.746031746031746,0.6190476190476191,0.0
ba,gate intrusion,pedestrian,4.0,0.746031746031746,0.6190476190476191,0.0
ba,gate intrusion,pedestrian,4.2,0.746031746031746,0.6190476190476191,0.0
ba,gate intrusion,pedestrian,4.4,0.7936507936507936,0.6666666666666666,0.0
ba,gate intrusion,pedestrian,4.6,0.7936507936507936,0.6666666666666666,0.0
ba,gate intrusion,pedestrian,4.8,0.7936507936507936,0.6666666666666666,0.0
ba,gate intrusion,pedestrian,5.0,0.7936507936507936,0.6666666666666666,0.0
ba,gate intrusion,pedestrian,5.2,0.7936507936507936,0.6666666666666666,0.0
ba,gate intrusion,pedestrian,5.4,0.7936507936507936,0.6666666666666666,0.0
ba,gate intrusion,pedestrian,5.6,0.7936507936507936,0.6666666666666666,0.0
ba,gate intrusion,pedestrian,5.8,0.7936507936507936,0.6666666666666666,0.0
ba,gate intrusion,pedestrian,6.0,0.7936507936507936,0.6666666666666666,0.0
ba,gate intrusion,pedestrian,6.2,0.7936507936507936,0.6666666666666666,0.0
ba,gate intrusion,pedestrian,6.4,0.7936507936507936,0.6666666666666666,0.0
ba,gate intrusion,pedestrian,6.6,0.7936507936507936,0.6666666666666666,0.0
ba,gate intrusion,pedestrian,6.8,0.7936507936507936,0.6666666666666666,0.0
ba,gate intrusion,pedestrian,7.0,0.7936507936507936,0.6666666666666666,0.0
ba,gate intrusion,pedestrian,7.2,0.7936507936507936,0.6666666666666666,0.0
ba,gate intrusion,pedestrian,7.4,0.7936507936507936,0.6666666666666666,0.0
ba,gate intrusion,pedestrian,7.6,0.7936507936507936,0.6666666666666666,0.0
ba,gate intrusion,pedestrian,7.8,0.7936507936507936,0.6666666666666666,0.0
ba,gate intrusion,pedestrian,8.0,0.7936507936507936,0.6666666666666666,0.0
ba,gate intrusion,pedestrian,8.2,0.7936507936507936,0.6666666666666666,0.0
ba,gate intrusion,pedestrian,8.4,0.7936507936507936,0.6666666666666666,0.0
ba,gate intrusion,pedestrian,8.6,0.7936507936507936,0.6666666666666666,0.0
ba,gate intrusion,pedestrian,8.8,0.7936507936507936,0.6666666666666666,0.0
ba,gate intrusion,pedestrian,9.0,0.7936507936507936,0.6666666666666666,0.0
ba,gate intrusion,pedestrian,9.2,0.7936507936507936,0.6666666666666666,0.0
ba,gate intrusion,pedestrian,9.4,0.7936507936507936,0.6666666666666666,0.0
ba,gate intrusion,pedestrian,9.6,0.8253968253968254,0.6666666666666666,0.0
ba,gate intrusion,pedestrian,9.8,0.8253968253968254,0.6666666666666666,0.0
ba,gate intrusion,pedestrian,10.0,0.8253968253968254,0.6666666666666666,0.0
ba,gate any (L = 0.6 s),pedestrian,0.0,0.23809523809523808,0.23809523809523808,0.0
ba,gate any (L = 0.6 s),pedestrian,0.2,0.3333333333333333,0.3333333333333333,0.0
ba,gate any (L = 0.6 s),pedestrian,0.4,0.3333333333333333,0.3333333333333333,0.0
ba,gate any (L = 0.6 s),pedestrian,0.6,0.3333333333333333,0.3333333333333333,0.0
ba,gate any (L = 0.6 s),pedestrian,0.8,0.38095238095238093,0.38095238095238093,0.0
ba,gate any (L = 0.6 s),pedestrian,1.0,0.42857142857142855,0.38095238095238093,0.0
ba,gate any (L = 0.6 s),pedestrian,1.2,0.47619047619047616,0.47619047619047616,0.0
ba,gate any (L = 0.6 s),pedestrian,1.4,0.5396825396825397,0.49206349206349204,0.0
ba,gate any (L = 0.6 s),pedestrian,1.6,0.6190476190476191,0.5714285714285714,0.0
ba,gate any (L = 0.6 s),pedestrian,1.8,0.6190476190476191,0.6190476190476191,0.0
ba,gate any (L = 0.6 s),pedestrian,2.0,0.6190476190476191,0.6190476190476191,0.0
ba,gate any (L = 0.6 s),pedestrian,2.2,0.6666666666666666,0.6666666666666666,0.0
ba,gate any (L = 0.6 s),pedestrian,2.4,0.7142857142857143,0.7142857142857143,0.0
ba,gate any (L = 0.6 s),pedestrian,2.6,0.8095238095238095,0.8095238095238095,0.0
ba,gate any (L = 0.6 s),pedestrian,2.8,0.8571428571428571,0.8571428571428571,0.0
ba,gate any (L = 0.6 s),pedestrian,3.0,0.8571428571428571,0.8571428571428571,0.0
ba,gate any (L = 0.6 s),pedestrian,3.2,0.8571428571428571,0.8571428571428571,0.0
ba,gate any (L = 0.6 s),pedestrian,3.4,0.8571428571428571,0.8571428571428571,0.0
ba,gate any (L = 0.6 s),pedestrian,3.6,0.9047619047619048,0.9047619047619048,0.0
ba,gate any (L = 0.6 s),pedestrian,3.8,0.9047619047619048,0.9047619047619048,0.0
ba,gate any (L = 0.6 s),pedestrian,4.0,0.9047619047619048,0.9047619047619048,0.0
ba,gate any (L = 0.6 s),pedestrian,4.2,0.9047619047619048,0.9047619047619048,0.0
ba,gate any (L = 0.6 s),pedestrian,4.4,0.9047619047619048,0.9047619047619048,0.0
ba,gate any (L = 0.6 s),pedestrian,4.6,0.9523809523809523,0.9523809523809523,0.0
ba,gate any (L = 0.6 s),pedestrian,4.8,0.9523809523809523,0.9523809523809523,0.0
ba,gate any (L = 0.6 s),pedestrian,5.0,0.9523809523809523,0.9523809523809523,0.0
ba,gate any (L = 0.6 s),pedestrian,5.2,0.9523809523809523,0.9523809523809523,0.0
ba,gate any (L = 0.6 s),pedestrian,5.4,0.9523809523809523,0.9523809523809523,0.0
ba,gate any (L = 0.6 s),pedestrian,5.6,0.9523809523809523,0.9523809523809523,0.0
ba,gate any (L = 0.6 s),pedestrian,5.8,0.9523809523809523,0.9523809523809523,0.0
ba,gate any (L = 0.6 s),pedestrian,6.0,0.9523809523809523,0.9523809523809523,0.0
ba,gate any (L = 0.6 s),pedestrian,6.2,0.9523809523809523,0.9523809523809523,0.0
ba,gate any (L = 0.6 s),pedestrian,6.4,0.9523809523809523,0.9523809523809523,0.0
ba,gate any (L = 0.6 s),pedestrian,6.6,0.9523809523809523,0.9523809523809523,0.0
ba,gate any (L = 0.6 s),pedestrian,6.8,0.9523809523809523,0.9523809523809523,0.0
ba,gate any (L = 0.6 s),pedestrian,7.0,0.9523809523809523,0.9523809523809523,0.0
ba,gate any (L = 0.6 s),pedestrian,7.2,0.9523809523809523,0.9523809523809523,0.0
ba,gate any (L = 0.6 s),pedestrian,7.4,0.9523809523809523,0.9523809523809523,0.0
ba,gate any (L = 0.6 s),pedestrian,7.6,0.9523809523809523,0.9523809523809523,0.0
ba,gate any (L = 0.6 s),pedestrian,7.8,0.9523809523809523,0.9523809523809523,0.0
ba,gate any (L = 0.6 s),pedestrian,8.0,0.9523809523809523,0.9523809523809523,0.0
ba,gate any (L = 0.6 s),pedestrian,8.2,0.9523809523809523,0.9523809523809523,0.0
ba,gate any (L = 0.6 s),pedestrian,8.4,0.9841269841269841,0.9841269841269841,0.0
ba,gate any (L = 0.6 s),pedestrian,8.6,1.0,1.0,0.0
ba,gate any (L = 0.6 s),pedestrian,8.8,1.0,1.0,0.0
ba,gate any (L = 0.6 s),pedestrian,9.0,1.0,1.0,0.0
ba,gate any (L = 0.6 s),pedestrian,9.2,1.0,1.0,0.0
ba,gate any (L = 0.6 s),pedestrian,9.4,1.0,1.0,0.0
ba,gate any (L = 0.6 s),pedestrian,9.6,1.0,1.0,0.0
ba,gate any (L = 0.6 s),pedestrian,9.8,1.0,1.0,0.0
ba,gate any (L = 0.6 s),pedestrian,10.0,1.0,1.0,0.0
ba,TFv6 target speed,cut-in,0.0,0.0,0.0,0.07407407407407407
ba,TFv6 target speed,cut-in,0.2,0.0,0.0,0.07407407407407407
ba,TFv6 target speed,cut-in,0.4,0.0,0.0,0.07407407407407407
ba,TFv6 target speed,cut-in,0.6,0.0,0.0,0.07407407407407407
ba,TFv6 target speed,cut-in,0.8,0.0,0.0,0.07407407407407407
ba,TFv6 target speed,cut-in,1.0,0.0,0.0,0.07407407407407407
ba,TFv6 target speed,cut-in,1.2,0.0,0.0,0.07407407407407407
ba,TFv6 target speed,cut-in,1.4,0.0,0.0,0.07407407407407407
ba,TFv6 target speed,cut-in,1.6,0.0,0.0,0.07407407407407407
ba,TFv6 target speed,cut-in,1.8,0.0,0.0,0.07407407407407407
ba,TFv6 target speed,cut-in,2.0,0.0,0.0,0.07407407407407407
ba,TFv6 target speed,cut-in,2.2,0.0,0.0,0.07407407407407407
ba,TFv6 target speed,cut-in,2.4,0.0,0.0,0.1111111111111111
ba,TFv6 target speed,cut-in,2.6,0.0,0.0,0.1111111111111111
ba,TFv6 target speed,cut-in,2.8,0.0,0.0,0.1111111111111111
ba,TFv6 target speed,cut-in,3.0,0.0,0.0,0.1111111111111111
ba,TFv6 target speed,cut-in,3.2,0.0,0.0,0.1111111111111111
ba,TFv6 target speed,cut-in,3.4,0.0,0.0,0.1111111111111111
ba,TFv6 target speed,cut-in,3.6,0.0,0.0,0.1111111111111111
ba,TFv6 target speed,cut-in,3.8,0.0,0.0,0.1111111111111111
ba,TFv6 target speed,cut-in,4.0,0.0,0.0,0.1111111111111111
ba,TFv6 target speed,cut-in,4.2,0.0,0.0,0.1111111111111111
ba,TFv6 target speed,cut-in,4.4,0.0,0.0,0.1111111111111111
ba,TFv6 target speed,cut-in,4.6,0.02564102564102564,0.0,0.1111111111111111
ba,TFv6 target speed,cut-in,4.8,0.02564102564102564,0.0,0.1111111111111111
ba,TFv6 target speed,cut-in,5.0,0.02564102564102564,0.0,0.1111111111111111
ba,TFv6 target speed,cut-in,5.2,0.02564102564102564,0.0,0.1111111111111111
ba,TFv6 target speed,cut-in,5.4,0.038461538461538464,0.0,0.1111111111111111
ba,TFv6 target speed,cut-in,5.6,0.038461538461538464,0.0,0.1111111111111111
ba,TFv6 target speed,cut-in,5.8,0.038461538461538464,0.0,0.1111111111111111
ba,TFv6 target speed,cut-in,6.0,0.038461538461538464,0.0,0.1111111111111111
ba,TFv6 target speed,cut-in,6.2,0.038461538461538464,0.0,0.1111111111111111
ba,TFv6 target speed,cut-in,6.4,0.05128205128205128,0.0,0.1111111111111111
ba,TFv6 target speed,cut-in,6.6,0.0641025641025641,0.0,0.1111111111111111
ba,TFv6 target speed,cut-in,6.8,0.0641025641025641,0.0,0.1111111111111111
ba,TFv6 target speed,cut-in,7.0,0.0641025641025641,0.0,0.1111111111111111
ba,TFv6 target speed,cut-in,7.2,0.0641025641025641,0.0,0.14814814814814814
ba,TFv6 target speed,cut-in,7.4,0.07692307692307693,0.0,0.14814814814814814
ba,TFv6 target speed,cut-in,7.6,0.07692307692307693,0.0,0.14814814814814814
ba,TFv6 target speed,cut-in,7.8,0.07692307692307693,0.0,0.14814814814814814
ba,TFv6 target speed,cut-in,8.0,0.07692307692307693,0.0,0.14814814814814814
ba,TFv6 target speed,cut-in,8.2,0.07692307692307693,0.0,0.14814814814814814
ba,TFv6 target speed,cut-in,8.4,0.07692307692307693,0.0,0.14814814814814814
ba,TFv6 target speed,cut-in,8.6,0.07692307692307693,0.0,0.14814814814814814
ba,TFv6 target speed,cut-in,8.8,0.07692307692307693,0.0,0.14814814814814814
ba,TFv6 target speed,cut-in,9.0,0.07692307692307693,0.0,0.14814814814814814
ba,TFv6 target speed,cut-in,9.2,0.07692307692307693,0.0,0.14814814814814814
ba,TFv6 target speed,cut-in,9.4,0.07692307692307693,0.0,0.14814814814814814
ba,TFv6 target speed,cut-in,9.6,0.07692307692307693,0.0,0.14814814814814814
ba,TFv6 target speed,cut-in,9.8,0.07692307692307693,0.0,0.14814814814814814
ba,TFv6 target speed,cut-in,10.0,0.07692307692307693,0.0,0.14814814814814814
ba,TFv6 waypoint speed 2 s,cut-in,0.0,0.0,0.0,0.0
ba,TFv6 waypoint speed 2 s,cut-in,0.2,0.0,0.0,0.0
ba,TFv6 waypoint speed 2 s,cut-in,0.4,0.02564102564102564,0.0,0.0
ba,TFv6 waypoint speed 2 s,cut-in,0.6,0.038461538461538464,0.0,0.0
ba,TFv6 waypoint speed 2 s,cut-in,0.8,0.038461538461538464,0.0,0.0
ba,TFv6 waypoint speed 2 s,cut-in,1.0,0.038461538461538464,0.0,0.0
ba,TFv6 waypoint speed 2 s,cut-in,1.2,0.038461538461538464,0.0,0.0
ba,TFv6 waypoint speed 2 s,cut-in,1.4,0.038461538461538464,0.0,0.0
ba,TFv6 waypoint speed 2 s,cut-in,1.6,0.07692307692307693,0.0,0.0
ba,TFv6 waypoint speed 2 s,cut-in,1.8,0.07692307692307693,0.01282051282051282,0.037037037037037035
ba,TFv6 waypoint speed 2 s,cut-in,2.0,0.07692307692307693,0.05128205128205128,0.037037037037037035
ba,TFv6 waypoint speed 2 s,cut-in,2.2,0.07692307692307693,0.0641025641025641,0.037037037037037035
ba,TFv6 waypoint speed 2 s,cut-in,2.4,0.08974358974358974,0.0641025641025641,0.07407407407407407
ba,TFv6 waypoint speed 2 s,cut-in,2.6,0.08974358974358974,0.0641025641025641,0.07407407407407407
ba,TFv6 waypoint speed 2 s,cut-in,2.8,0.08974358974358974,0.0641025641025641,0.07407407407407407
ba,TFv6 waypoint speed 2 s,cut-in,3.0,0.10256410256410256,0.0641025641025641,0.07407407407407407
ba,TFv6 waypoint speed 2 s,cut-in,3.2,0.11538461538461539,0.0641025641025641,0.07407407407407407
ba,TFv6 waypoint speed 2 s,cut-in,3.4,0.11538461538461539,0.0641025641025641,0.07407407407407407
ba,TFv6 waypoint speed 2 s,cut-in,3.6,0.1282051282051282,0.0641025641025641,0.07407407407407407
ba,TFv6 waypoint speed 2 s,cut-in,3.8,0.15384615384615385,0.0641025641025641,0.1111111111111111
ba,TFv6 waypoint speed 2 s,cut-in,4.0,0.20512820512820512,0.0641025641025641,0.2222222222222222
ba,TFv6 waypoint speed 2 s,cut-in,4.2,0.3076923076923077,0.0641025641025641,0.25925925925925924
ba,TFv6 waypoint speed 2 s,cut-in,4.4,0.3974358974358974,0.0641025641025641,0.2962962962962963
ba,TFv6 waypoint speed 2 s,cut-in,4.6,0.4358974358974359,0.0641025641025641,0.37037037037037035
ba,TFv6 waypoint speed 2 s,cut-in,4.8,0.4358974358974359,0.0641025641025641,0.37037037037037035
ba,TFv6 waypoint speed 2 s,cut-in,5.0,0.4358974358974359,0.0641025641025641,0.37037037037037035
ba,TFv6 waypoint speed 2 s,cut-in,5.2,0.46153846153846156,0.08974358974358974,0.37037037037037035
ba,TFv6 waypoint speed 2 s,cut-in,5.4,0.47435897435897434,0.10256410256410256,0.37037037037037035
ba,TFv6 waypoint speed 2 s,cut-in,5.6,0.5128205128205128,0.1282051282051282,0.37037037037037035
ba,TFv6 waypoint speed 2 s,cut-in,5.8,0.5641025641025641,0.2564102564102564,0.37037037037037035
ba,TFv6 waypoint speed 2 s,cut-in,6.0,0.5769230769230769,0.3333333333333333,0.37037037037037035
ba,TFv6 waypoint speed 2 s,cut-in,6.2,0.6282051282051282,0.41025641025641024,0.37037037037037035
ba,TFv6 waypoint speed 2 s,cut-in,6.4,0.7435897435897436,0.5512820512820513,0.4074074074074074
ba,TFv6 waypoint speed 2 s,cut-in,6.6,0.7564102564102564,0.5641025641025641,0.4074074074074074
ba,TFv6 waypoint speed 2 s,cut-in,6.8,0.7692307692307693,0.5641025641025641,0.4444444444444444
ba,TFv6 waypoint speed 2 s,cut-in,7.0,0.7692307692307693,0.5641025641025641,0.4444444444444444
ba,TFv6 waypoint speed 2 s,cut-in,7.2,0.7692307692307693,0.5641025641025641,0.4444444444444444
ba,TFv6 waypoint speed 2 s,cut-in,7.4,0.7692307692307693,0.5769230769230769,0.4444444444444444
ba,TFv6 waypoint speed 2 s,cut-in,7.6,0.7692307692307693,0.5769230769230769,0.4444444444444444
ba,TFv6 waypoint speed 2 s,cut-in,7.8,0.7692307692307693,0.5769230769230769,0.4444444444444444
ba,TFv6 waypoint speed 2 s,cut-in,8.0,0.7692307692307693,0.5769230769230769,0.4444444444444444
ba,TFv6 waypoint speed 2 s,cut-in,8.2,0.7692307692307693,0.6282051282051282,0.4444444444444444
ba,TFv6 waypoint speed 2 s,cut-in,8.4,0.782051282051282,0.6666666666666666,0.4444444444444444
ba,TFv6 waypoint speed 2 s,cut-in,8.6,0.782051282051282,0.6666666666666666,0.4444444444444444
ba,TFv6 waypoint speed 2 s,cut-in,8.8,0.782051282051282,0.6794871794871795,0.4444444444444444
ba,TFv6 waypoint speed 2 s,cut-in,9.0,0.782051282051282,0.6794871794871795,0.4444444444444444
ba,TFv6 waypoint speed 2 s,cut-in,9.2,0.782051282051282,0.6794871794871795,0.4444444444444444
ba,TFv6 waypoint speed 2 s,cut-in,9.4,0.782051282051282,0.6794871794871795,0.4444444444444444
ba,TFv6 waypoint speed 2 s,cut-in,9.6,0.782051282051282,0.6794871794871795,0.4444444444444444
ba,TFv6 waypoint speed 2 s,cut-in,9.8,0.782051282051282,0.6794871794871795,0.4444444444444444
ba,TFv6 waypoint speed 2 s,cut-in,10.0,0.782051282051282,0.6794871794871795,0.4444444444444444
ba,TFv6 target speed (decoded scalar),cut-in,0.0,0.0,0.0,0.07407407407407407
ba,TFv6 target speed (decoded scalar),cut-in,0.2,0.0,0.0,0.07407407407407407
ba,TFv6 target speed (decoded scalar),cut-in,0.4,0.0,0.0,0.07407407407407407
ba,TFv6 target speed (decoded scalar),cut-in,0.6,0.0,0.0,0.07407407407407407
ba,TFv6 target speed (decoded scalar),cut-in,0.8,0.0,0.0,0.07407407407407407
ba,TFv6 target speed (decoded scalar),cut-in,1.0,0.0,0.0,0.07407407407407407
ba,TFv6 target speed (decoded scalar),cut-in,1.2,0.0,0.0,0.07407407407407407
ba,TFv6 target speed (decoded scalar),cut-in,1.4,0.0,0.0,0.07407407407407407
ba,TFv6 target speed (decoded scalar),cut-in,1.6,0.0,0.0,0.07407407407407407
ba,TFv6 target speed (decoded scalar),cut-in,1.8,0.0,0.0,0.07407407407407407
ba,TFv6 target speed (decoded scalar),cut-in,2.0,0.0,0.0,0.07407407407407407
ba,TFv6 target speed (decoded scalar),cut-in,2.2,0.01282051282051282,0.0,0.07407407407407407
ba,TFv6 target speed (decoded scalar),cut-in,2.4,0.01282051282051282,0.0,0.1111111111111111
ba,TFv6 target speed (decoded scalar),cut-in,2.6,0.01282051282051282,0.0,0.1111111111111111
ba,TFv6 target speed (decoded scalar),cut-in,2.8,0.01282051282051282,0.0,0.1111111111111111
ba,TFv6 target speed (decoded scalar),cut-in,3.0,0.01282051282051282,0.0,0.1111111111111111
ba,TFv6 target speed (decoded scalar),cut-in,3.2,0.01282051282051282,0.0,0.1111111111111111
ba,TFv6 target speed (decoded scalar),cut-in,3.4,0.01282051282051282,0.0,0.1111111111111111
ba,TFv6 target speed (decoded scalar),cut-in,3.6,0.01282051282051282,0.0,0.1111111111111111
ba,TFv6 target speed (decoded scalar),cut-in,3.8,0.01282051282051282,0.0,0.1111111111111111
ba,TFv6 target speed (decoded scalar),cut-in,4.0,0.01282051282051282,0.0,0.1111111111111111
ba,TFv6 target speed (decoded scalar),cut-in,4.2,0.01282051282051282,0.0,0.1111111111111111
ba,TFv6 target speed (decoded scalar),cut-in,4.4,0.01282051282051282,0.0,0.1111111111111111
ba,TFv6 target speed (decoded scalar),cut-in,4.6,0.038461538461538464,0.0,0.1111111111111111
ba,TFv6 target speed (decoded scalar),cut-in,4.8,0.038461538461538464,0.0,0.1111111111111111
ba,TFv6 target speed (decoded scalar),cut-in,5.0,0.038461538461538464,0.0,0.1111111111111111
ba,TFv6 target speed (decoded scalar),cut-in,5.2,0.038461538461538464,0.0,0.1111111111111111
ba,TFv6 target speed (decoded scalar),cut-in,5.4,0.05128205128205128,0.0,0.1111111111111111
ba,TFv6 target speed (decoded scalar),cut-in,5.6,0.05128205128205128,0.0,0.1111111111111111
ba,TFv6 target speed (decoded scalar),cut-in,5.8,0.05128205128205128,0.0,0.1111111111111111
ba,TFv6 target speed (decoded scalar),cut-in,6.0,0.05128205128205128,0.0,0.1111111111111111
ba,TFv6 target speed (decoded scalar),cut-in,6.2,0.05128205128205128,0.0,0.1111111111111111
ba,TFv6 target speed (decoded scalar),cut-in,6.4,0.0641025641025641,0.0,0.1111111111111111
ba,TFv6 target speed (decoded scalar),cut-in,6.6,0.07692307692307693,0.0,0.1111111111111111
ba,TFv6 target speed (decoded scalar),cut-in,6.8,0.07692307692307693,0.0,0.1111111111111111
ba,TFv6 target speed (decoded scalar),cut-in,7.0,0.07692307692307693,0.0,0.1111111111111111
ba,TFv6 target speed (decoded scalar),cut-in,7.2,0.07692307692307693,0.0,0.14814814814814814
ba,TFv6 target speed (decoded scalar),cut-in,7.4,0.08974358974358974,0.0,0.14814814814814814
ba,TFv6 target speed (decoded scalar),cut-in,7.6,0.08974358974358974,0.0,0.14814814814814814
ba,TFv6 target speed (decoded scalar),cut-in,7.8,0.08974358974358974,0.0,0.14814814814814814
ba,TFv6 target speed (decoded scalar),cut-in,8.0,0.08974358974358974,0.0,0.14814814814814814
ba,TFv6 target speed (decoded scalar),cut-in,8.2,0.08974358974358974,0.0,0.14814814814814814
ba,TFv6 target speed (decoded scalar),cut-in,8.4,0.08974358974358974,0.0,0.14814814814814814
ba,TFv6 target speed (decoded scalar),cut-in,8.6,0.08974358974358974,0.0,0.14814814814814814
ba,TFv6 target speed (decoded scalar),cut-in,8.8,0.08974358974358974,0.0,0.14814814814814814
ba,TFv6 target speed (decoded scalar),cut-in,9.0,0.08974358974358974,0.0,0.14814814814814814
ba,TFv6 target speed (decoded scalar),cut-in,9.2,0.08974358974358974,0.0,0.14814814814814814
ba,TFv6 target speed (decoded scalar),cut-in,9.4,0.08974358974358974,0.0,0.14814814814814814
ba,TFv6 target speed (decoded scalar),cut-in,9.6,0.08974358974358974,0.0,0.14814814814814814
ba,TFv6 target speed (decoded scalar),cut-in,9.8,0.08974358974358974,0.0,0.14814814814814814
ba,TFv6 target speed (decoded scalar),cut-in,10.0,0.08974358974358974,0.0,0.14814814814814814
ba,ridge ego,cut-in,0.0,0.0,0.0,0.0
ba,ridge ego,cut-in,0.2,0.0,0.0,0.0
ba,ridge ego,cut-in,0.4,0.0,0.0,0.0
ba,ridge ego,cut-in,0.6,0.0,0.0,0.0
ba,ridge ego,cut-in,0.8,0.0,0.0,0.0
ba,ridge ego,cut-in,1.0,0.0,0.0,0.0
ba,ridge ego,cut-in,1.2,0.0,0.0,0.0
ba,ridge ego,cut-in,1.4,0.0,0.0,0.0
ba,ridge ego,cut-in,1.6,0.0,0.0,0.0
ba,ridge ego,cut-in,1.8,0.0,0.0,0.0
ba,ridge ego,cut-in,2.0,0.0,0.0,0.0
ba,ridge ego,cut-in,2.2,0.0,0.0,0.0
ba,ridge ego,cut-in,2.4,0.0,0.0,0.0
ba,ridge ego,cut-in,2.6,0.0,0.0,0.0
ba,ridge ego,cut-in,2.8,0.0,0.0,0.0
ba,ridge ego,cut-in,3.0,0.0,0.0,0.0
ba,ridge ego,cut-in,3.2,0.0,0.0,0.0
ba,ridge ego,cut-in,3.4,0.0,0.0,0.0
ba,ridge ego,cut-in,3.6,0.0,0.0,0.0
ba,ridge ego,cut-in,3.8,0.0,0.0,0.0
ba,ridge ego,cut-in,4.0,0.0,0.0,0.0
ba,ridge ego,cut-in,4.2,0.0,0.0,0.0
ba,ridge ego,cut-in,4.4,0.0,0.0,0.0
ba,ridge ego,cut-in,4.6,0.0,0.0,0.0
ba,ridge ego,cut-in,4.8,0.0,0.0,0.0
ba,ridge ego,cut-in,5.0,0.0,0.0,0.0
ba,ridge ego,cut-in,5.2,0.0,0.0,0.0
ba,ridge ego,cut-in,5.4,0.0,0.0,0.0
ba,ridge ego,cut-in,5.6,0.0,0.0,0.0
ba,ridge ego,cut-in,5.8,0.0,0.0,0.0
ba,ridge ego,cut-in,6.0,0.0,0.0,0.0
ba,ridge ego,cut-in,6.2,0.0,0.0,0.0
ba,ridge ego,cut-in,6.4,0.0,0.0,0.0
ba,ridge ego,cut-in,6.6,0.0,0.0,0.0
ba,ridge ego,cut-in,6.8,0.02564102564102564,0.02564102564102564,0.0
ba,ridge ego,cut-in,7.0,0.02564102564102564,0.02564102564102564,0.0
ba,ridge ego,cut-in,7.2,0.038461538461538464,0.038461538461538464,0.0
ba,ridge ego,cut-in,7.4,0.14102564102564102,0.14102564102564102,0.0
ba,ridge ego,cut-in,7.6,0.1794871794871795,0.1794871794871795,0.0
ba,ridge ego,cut-in,7.8,0.1794871794871795,0.1794871794871795,0.0
ba,ridge ego,cut-in,8.0,0.1794871794871795,0.1794871794871795,0.0
ba,ridge ego,cut-in,8.2,0.1794871794871795,0.1794871794871795,0.0
ba,ridge ego,cut-in,8.4,0.1794871794871795,0.1794871794871795,0.0
ba,ridge ego,cut-in,8.6,0.21794871794871795,0.21794871794871795,0.0
ba,ridge ego,cut-in,8.8,0.21794871794871795,0.21794871794871795,0.0
ba,ridge ego,cut-in,9.0,0.21794871794871795,0.21794871794871795,0.0
ba,ridge ego,cut-in,9.2,0.21794871794871795,0.21794871794871795,0.0
ba,ridge ego,cut-in,9.4,0.2564102564102564,0.2564102564102564,0.0
ba,ridge ego,cut-in,9.6,0.2564102564102564,0.2564102564102564,0.0
ba,ridge ego,cut-in,9.8,0.2564102564102564,0.2564102564102564,0.0
ba,ridge ego,cut-in,10.0,0.28205128205128205,0.28205128205128205,0.0
ba,ridge_late L18_last,cut-in,0.0,0.0,0.0,0.037037037037037035
ba,ridge_late L18_last,cut-in,0.2,0.0,0.0,0.037037037037037035
ba,ridge_late L18_last,cut-in,0.4,0.0,0.0,0.037037037037037035
ba,ridge_late L18_last,cut-in,0.6,0.0,0.0,0.1111111111111111
ba,ridge_late L18_last,cut-in,0.8,0.0,0.0,0.1111111111111111
ba,ridge_late L18_last,cut-in,1.0,0.0,0.0,0.14814814814814814
ba,ridge_late L18_last,cut-in,1.2,0.0,0.0,0.18518518518518517
ba,ridge_late L18_last,cut-in,1.4,0.0,0.0,0.2222222222222222
ba,ridge_late L18_last,cut-in,1.6,0.0,0.0,0.25925925925925924
ba,ridge_late L18_last,cut-in,1.8,0.0,0.0,0.2962962962962963
ba,ridge_late L18_last,cut-in,2.0,0.0,0.0,0.37037037037037035
ba,ridge_late L18_last,cut-in,2.2,0.0,0.0,0.37037037037037035
ba,ridge_late L18_last,cut-in,2.4,0.0,0.0,0.37037037037037035
ba,ridge_late L18_last,cut-in,2.6,0.0,0.0,0.37037037037037035
ba,ridge_late L18_last,cut-in,2.8,0.0,0.0,0.37037037037037035
ba,ridge_late L18_last,cut-in,3.0,0.0,0.0,0.37037037037037035
ba,ridge_late L18_last,cut-in,3.2,0.0,0.0,0.4074074074074074
ba,ridge_late L18_last,cut-in,3.4,0.0,0.0,0.4074074074074074
ba,ridge_late L18_last,cut-in,3.6,0.0,0.0,0.4074074074074074
ba,ridge_late L18_last,cut-in,3.8,0.0,0.0,0.4074074074074074
ba,ridge_late L18_last,cut-in,4.0,0.0,0.0,0.4074074074074074
ba,ridge_late L18_last,cut-in,4.2,0.0,0.0,0.4074074074074074
ba,ridge_late L18_last,cut-in,4.4,0.0,0.0,0.4074074074074074
ba,ridge_late L18_last,cut-in,4.6,0.0,0.0,0.4074074074074074
ba,ridge_late L18_last,cut-in,4.8,0.0,0.0,0.4074074074074074
ba,ridge_late L18_last,cut-in,5.0,0.0,0.0,0.4074074074074074
ba,ridge_late L18_last,cut-in,5.2,0.0,0.0,0.4074074074074074
ba,ridge_late L18_last,cut-in,5.4,0.0,0.0,0.4074074074074074
ba,ridge_late L18_last,cut-in,5.6,0.0,0.0,0.4074074074074074
ba,ridge_late L18_last,cut-in,5.8,0.0,0.0,0.4074074074074074
ba,ridge_late L18_last,cut-in,6.0,0.0,0.0,0.4074074074074074
ba,ridge_late L18_last,cut-in,6.2,0.0,0.0,0.4074074074074074
ba,ridge_late L18_last,cut-in,6.4,0.0,0.0,0.4074074074074074
ba,ridge_late L18_last,cut-in,6.6,0.0,0.0,0.4074074074074074
ba,ridge_late L18_last,cut-in,6.8,0.0,0.0,0.4074074074074074
ba,ridge_late L18_last,cut-in,7.0,0.0,0.0,0.4074074074074074
ba,ridge_late L18_last,cut-in,7.2,0.0,0.0,0.4074074074074074
ba,ridge_late L18_last,cut-in,7.4,0.0,0.0,0.4074074074074074
ba,ridge_late L18_last,cut-in,7.6,0.0,0.0,0.4074074074074074
ba,ridge_late L18_last,cut-in,7.8,0.0,0.0,0.4074074074074074
ba,ridge_late L18_last,cut-in,8.0,0.0,0.0,0.4074074074074074
ba,ridge_late L18_last,cut-in,8.2,0.0,0.0,0.4074074074074074
ba,ridge_late L18_last,cut-in,8.4,0.0,0.0,0.4074074074074074
ba,ridge_late L18_last,cut-in,8.6,0.0,0.0,0.4074074074074074
ba,ridge_late L18_last,cut-in,8.8,0.0,0.0,0.4074074074074074
ba,ridge_late L18_last,cut-in,9.0,0.0,0.0,0.4074074074074074
ba,ridge_late L18_last,cut-in,9.2,0.0,0.0,0.4074074074074074
ba,ridge_late L18_last,cut-in,9.4,0.0,0.0,0.4074074074074074
ba,ridge_late L18_last,cut-in,9.6,0.0,0.0,0.4074074074074074
ba,ridge_late L18_last,cut-in,9.8,0.0,0.0,0.4074074074074074
ba,ridge_late L18_last,cut-in,10.0,0.0,0.0,0.4074074074074074
ba,ridge_late L18_mean,cut-in,0.0,0.0,0.0,0.037037037037037035
ba,ridge_late L18_mean,cut-in,0.2,0.0,0.0,0.037037037037037035
ba,ridge_late L18_mean,cut-in,0.4,0.0,0.0,0.037037037037037035
ba,ridge_late L18_mean,cut-in,0.6,0.0,0.0,0.037037037037037035
ba,ridge_late L18_mean,cut-in,0.8,0.0,0.0,0.07407407407407407
ba,ridge_late L18_mean,cut-in,1.0,0.0,0.0,0.14814814814814814
ba,ridge_late L18_mean,cut-in,1.2,0.0,0.0,0.14814814814814814
ba,ridge_late L18_mean,cut-in,1.4,0.0,0.0,0.14814814814814814
ba,ridge_late L18_mean,cut-in,1.6,0.0,0.0,0.14814814814814814
ba,ridge_late L18_mean,cut-in,1.8,0.0,0.0,0.18518518518518517
ba,ridge_late L18_mean,cut-in,2.0,0.0,0.0,0.18518518518518517
ba,ridge_late L18_mean,cut-in,2.2,0.0,0.0,0.18518518518518517
ba,ridge_late L18_mean,cut-in,2.4,0.0,0.0,0.18518518518518517
ba,ridge_late L18_mean,cut-in,2.6,0.0,0.0,0.18518518518518517
ba,ridge_late L18_mean,cut-in,2.8,0.0,0.0,0.18518518518518517
ba,ridge_late L18_mean,cut-in,3.0,0.0,0.0,0.18518518518518517
ba,ridge_late L18_mean,cut-in,3.2,0.0,0.0,0.18518518518518517
ba,ridge_late L18_mean,cut-in,3.4,0.0,0.0,0.18518518518518517
ba,ridge_late L18_mean,cut-in,3.6,0.0,0.0,0.2222222222222222
ba,ridge_late L18_mean,cut-in,3.8,0.0,0.0,0.2222222222222222
ba,ridge_late L18_mean,cut-in,4.0,0.0,0.0,0.2222222222222222
ba,ridge_late L18_mean,cut-in,4.2,0.0,0.0,0.2222222222222222
ba,ridge_late L18_mean,cut-in,4.4,0.0,0.0,0.2222222222222222
ba,ridge_late L18_mean,cut-in,4.6,0.0,0.0,0.2222222222222222
ba,ridge_late L18_mean,cut-in,4.8,0.0,0.0,0.2222222222222222
ba,ridge_late L18_mean,cut-in,5.0,0.0,0.0,0.2222222222222222
ba,ridge_late L18_mean,cut-in,5.2,0.0,0.0,0.2222222222222222
ba,ridge_late L18_mean,cut-in,5.4,0.0,0.0,0.2222222222222222
ba,ridge_late L18_mean,cut-in,5.6,0.0,0.0,0.25925925925925924
ba,ridge_late L18_mean,cut-in,5.8,0.0,0.0,0.25925925925925924
ba,ridge_late L18_mean,cut-in,6.0,0.0,0.0,0.25925925925925924
ba,ridge_late L18_mean,cut-in,6.2,0.0,0.0,0.25925925925925924
ba,ridge_late L18_mean,cut-in,6.4,0.0,0.0,0.25925925925925924
ba,ridge_late L18_mean,cut-in,6.6,0.0,0.0,0.25925925925925924
ba,ridge_late L18_mean,cut-in,6.8,0.0,0.0,0.25925925925925924
ba,ridge_late L18_mean,cut-in,7.0,0.0,0.0,0.25925925925925924
ba,ridge_late L18_mean,cut-in,7.2,0.0,0.0,0.25925925925925924
ba,ridge_late L18_mean,cut-in,7.4,0.0,0.0,0.25925925925925924
ba,ridge_late L18_mean,cut-in,7.6,0.0,0.0,0.25925925925925924
ba,ridge_late L18_mean,cut-in,7.8,0.0,0.0,0.25925925925925924
ba,ridge_late L18_mean,cut-in,8.0,0.0,0.0,0.25925925925925924
ba,ridge_late L18_mean,cut-in,8.2,0.0,0.0,0.25925925925925924
ba,ridge_late L18_mean,cut-in,8.4,0.0,0.0,0.25925925925925924
ba,ridge_late L18_mean,cut-in,8.6,0.0,0.0,0.25925925925925924
ba,ridge_late L18_mean,cut-in,8.8,0.0,0.0,0.25925925925925924
ba,ridge_late L18_mean,cut-in,9.0,0.0,0.0,0.25925925925925924
ba,ridge_late L18_mean,cut-in,9.2,0.0,0.0,0.25925925925925924
ba,ridge_late L18_mean,cut-in,9.4,0.0,0.0,0.25925925925925924
ba,ridge_late L18_mean,cut-in,9.6,0.0,0.0,0.25925925925925924
ba,ridge_late L18_mean,cut-in,9.8,0.0,0.0,0.25925925925925924
ba,ridge_late L18_mean,cut-in,10.0,0.0,0.0,0.25925925925925924
ba,ridge_late op-cinque temporal,cut-in,0.0,0.0,0.0,0.0
ba,ridge_late op-cinque temporal,cut-in,0.2,0.0,0.0,0.0
ba,ridge_late op-cinque temporal,cut-in,0.4,0.0,0.0,0.0
ba,ridge_late op-cinque temporal,cut-in,0.6,0.0,0.0,0.037037037037037035
ba,ridge_late op-cinque temporal,cut-in,0.8,0.0,0.0,0.037037037037037035
ba,ridge_late op-cinque temporal,cut-in,1.0,0.0,0.0,0.07407407407407407
ba,ridge_late op-cinque temporal,cut-in,1.2,0.0,0.0,0.07407407407407407
ba,ridge_late op-cinque temporal,cut-in,1.4,0.0,0.0,0.07407407407407407
ba,ridge_late op-cinque temporal,cut-in,1.6,0.0,0.0,0.07407407407407407
ba,ridge_late op-cinque temporal,cut-in,1.8,0.0,0.0,0.07407407407407407
ba,ridge_late op-cinque temporal,cut-in,2.0,0.0,0.0,0.07407407407407407
ba,ridge_late op-cinque temporal,cut-in,2.2,0.038461538461538464,0.038461538461538464,0.1111111111111111
ba,ridge_late op-cinque temporal,cut-in,2.4,0.038461538461538464,0.038461538461538464,0.14814814814814814
ba,ridge_late op-cinque temporal,cut-in,2.6,0.038461538461538464,0.038461538461538464,0.14814814814814814
ba,ridge_late op-cinque temporal,cut-in,2.8,0.038461538461538464,0.038461538461538464,0.14814814814814814
ba,ridge_late op-cinque temporal,cut-in,3.0,0.038461538461538464,0.038461538461538464,0.14814814814814814
ba,ridge_late op-cinque temporal,cut-in,3.2,0.038461538461538464,0.038461538461538464,0.14814814814814814
ba,ridge_late op-cinque temporal,cut-in,3.4,0.038461538461538464,0.038461538461538464,0.14814814814814814
ba,ridge_late op-cinque temporal,cut-in,3.6,0.0641025641025641,0.0641025641025641,0.14814814814814814
ba,ridge_late op-cinque temporal,cut-in,3.8,0.0641025641025641,0.0641025641025641,0.14814814814814814
ba,ridge_late op-cinque temporal,cut-in,4.0,0.0641025641025641,0.0641025641025641,0.14814814814814814
ba,ridge_late op-cinque temporal,cut-in,4.2,0.0641025641025641,0.0641025641025641,0.14814814814814814
ba,ridge_late op-cinque temporal,cut-in,4.4,0.0641025641025641,0.0641025641025641,0.14814814814814814
ba,ridge_late op-cinque temporal,cut-in,4.6,0.0641025641025641,0.0641025641025641,0.14814814814814814
ba,ridge_late op-cinque temporal,cut-in,4.8,0.10256410256410256,0.0641025641025641,0.14814814814814814
ba,ridge_late op-cinque temporal,cut-in,5.0,0.10256410256410256,0.0641025641025641,0.14814814814814814
ba,ridge_late op-cinque temporal,cut-in,5.2,0.14102564102564102,0.0641025641025641,0.14814814814814814
ba,ridge_late op-cinque temporal,cut-in,5.4,0.20512820512820512,0.0641025641025641,0.14814814814814814
ba,ridge_late op-cinque temporal,cut-in,5.6,0.20512820512820512,0.0641025641025641,0.14814814814814814
ba,ridge_late op-cinque temporal,cut-in,5.8,0.24358974358974358,0.08974358974358974,0.18518518518518517
ba,ridge_late op-cinque temporal,cut-in,6.0,0.5384615384615384,0.358974358974359,0.18518518518518517
ba,ridge_late op-cinque temporal,cut-in,6.2,0.6153846153846154,0.4358974358974359,0.18518518518518517
ba,ridge_late op-cinque temporal,cut-in,6.4,0.6666666666666666,0.48717948717948717,0.18518518518518517
ba,ridge_late op-cinque temporal,cut-in,6.6,0.8589743589743589,0.6410256410256411,0.25925925925925924
ba,ridge_late op-cinque temporal,cut-in,6.8,0.9102564102564102,0.6923076923076923,0.25925925925925924
ba,ridge_late op-cinque temporal,cut-in,7.0,0.9358974358974359,0.717948717948718,0.2962962962962963
ba,ridge_late op-cinque temporal,cut-in,7.2,0.9358974358974359,0.7564102564102564,0.2962962962962963
ba,ridge_late op-cinque temporal,cut-in,7.4,0.9487179487179487,0.7692307692307693,0.2962962962962963
ba,ridge_late op-cinque temporal,cut-in,7.6,0.9487179487179487,0.7692307692307693,0.2962962962962963
ba,ridge_late op-cinque temporal,cut-in,7.8,0.9487179487179487,0.8333333333333334,0.2962962962962963
ba,ridge_late op-cinque temporal,cut-in,8.0,0.9487179487179487,0.8333333333333334,0.2962962962962963
ba,ridge_late op-cinque temporal,cut-in,8.2,0.9487179487179487,0.8333333333333334,0.2962962962962963
ba,ridge_late op-cinque temporal,cut-in,8.4,0.9487179487179487,0.8589743589743589,0.2962962962962963
ba,ridge_late op-cinque temporal,cut-in,8.6,0.9487179487179487,0.9102564102564102,0.2962962962962963
ba,ridge_late op-cinque temporal,cut-in,8.8,0.9487179487179487,0.9102564102564102,0.2962962962962963
ba,ridge_late op-cinque temporal,cut-in,9.0,0.9487179487179487,0.9102564102564102,0.2962962962962963
ba,ridge_late op-cinque temporal,cut-in,9.2,0.9487179487179487,0.9102564102564102,0.2962962962962963
ba,ridge_late op-cinque temporal,cut-in,9.4,0.9487179487179487,0.9102564102564102,0.2962962962962963
ba,ridge_late op-cinque temporal,cut-in,9.6,0.9487179487179487,0.9358974358974359,0.2962962962962963
ba,ridge_late op-cinque temporal,cut-in,9.8,0.9615384615384616,0.9358974358974359,0.2962962962962963
ba,ridge_late op-cinque temporal,cut-in,10.0,0.9615384615384616,0.9358974358974359,0.2962962962962963
ba,ridge_late op-cinque vision,cut-in,0.0,0.0,0.0,0.037037037037037035
ba,ridge_late op-cinque vision,cut-in,0.2,0.0,0.0,0.037037037037037035
ba,ridge_late op-cinque vision,cut-in,0.4,0.0,0.0,0.037037037037037035
ba,ridge_late op-cinque vision,cut-in,0.6,0.0,0.0,0.037037037037037035
ba,ridge_late op-cinque vision,cut-in,0.8,0.0,0.0,0.037037037037037035
ba,ridge_late op-cinque vision,cut-in,1.0,0.0,0.0,0.037037037037037035
ba,ridge_late op-cinque vision,cut-in,1.2,0.0,0.0,0.07407407407407407
ba,ridge_late op-cinque vision,cut-in,1.4,0.0,0.0,0.07407407407407407
ba,ridge_late op-cinque vision,cut-in,1.6,0.0,0.0,0.07407407407407407
ba,ridge_late op-cinque vision,cut-in,1.8,0.0,0.0,0.07407407407407407
ba,ridge_late op-cinque vision,cut-in,2.0,0.02564102564102564,0.02564102564102564,0.07407407407407407
ba,ridge_late op-cinque vision,cut-in,2.2,0.038461538461538464,0.038461538461538464,0.07407407407407407
ba,ridge_late op-cinque vision,cut-in,2.4,0.038461538461538464,0.038461538461538464,0.07407407407407407
ba,ridge_late op-cinque vision,cut-in,2.6,0.038461538461538464,0.038461538461538464,0.07407407407407407
ba,ridge_late op-cinque vision,cut-in,2.8,0.038461538461538464,0.038461538461538464,0.1111111111111111
ba,ridge_late op-cinque vision,cut-in,3.0,0.038461538461538464,0.038461538461538464,0.14814814814814814
ba,ridge_late op-cinque vision,cut-in,3.2,0.05128205128205128,0.05128205128205128,0.14814814814814814
ba,ridge_late op-cinque vision,cut-in,3.4,0.05128205128205128,0.05128205128205128,0.14814814814814814
ba,ridge_late op-cinque vision,cut-in,3.6,0.07692307692307693,0.07692307692307693,0.14814814814814814
ba,ridge_late op-cinque vision,cut-in,3.8,0.07692307692307693,0.07692307692307693,0.14814814814814814
ba,ridge_late op-cinque vision,cut-in,4.0,0.15384615384615385,0.07692307692307693,0.14814814814814814
ba,ridge_late op-cinque vision,cut-in,4.2,0.19230769230769232,0.07692307692307693,0.14814814814814814
ba,ridge_late op-cinque vision,cut-in,4.4,0.19230769230769232,0.07692307692307693,0.18518518518518517
ba,ridge_late op-cinque vision,cut-in,4.6,0.19230769230769232,0.07692307692307693,0.18518518518518517
ba,ridge_late op-cinque vision,cut-in,4.8,0.19230769230769232,0.07692307692307693,0.18518518518518517
ba,ridge_late op-cinque vision,cut-in,5.0,0.20512820512820512,0.07692307692307693,0.18518518518518517
ba,ridge_late op-cinque vision,cut-in,5.2,0.20512820512820512,0.07692307692307693,0.2222222222222222
ba,ridge_late op-cinque vision,cut-in,5.4,0.24358974358974358,0.07692307692307693,0.2222222222222222
ba,ridge_late op-cinque vision,cut-in,5.6,0.2564102564102564,0.07692307692307693,0.2222222222222222
ba,ridge_late op-cinque vision,cut-in,5.8,0.3974358974358974,0.19230769230769232,0.2222222222222222
ba,ridge_late op-cinque vision,cut-in,6.0,0.6282051282051282,0.3974358974358974,0.2222222222222222
ba,ridge_late op-cinque vision,cut-in,6.2,0.7051282051282052,0.5,0.2222222222222222
ba,ridge_late op-cinque vision,cut-in,6.4,0.7435897435897436,0.5512820512820513,0.2222222222222222
ba,ridge_late op-cinque vision,cut-in,6.6,0.9102564102564102,0.717948717948718,0.25925925925925924
ba,ridge_late op-cinque vision,cut-in,6.8,0.9230769230769231,0.7307692307692307,0.25925925925925924
ba,ridge_late op-cinque vision,cut-in,7.0,0.9230769230769231,0.7307692307692307,0.25925925925925924
ba,ridge_late op-cinque vision,cut-in,7.2,0.9358974358974359,0.7692307692307693,0.2962962962962963
ba,ridge_late op-cinque vision,cut-in,7.4,0.9358974358974359,0.782051282051282,0.3333333333333333
ba,ridge_late op-cinque vision,cut-in,7.6,0.9358974358974359,0.782051282051282,0.3333333333333333
ba,ridge_late op-cinque vision,cut-in,7.8,0.9358974358974359,0.8461538461538461,0.37037037037037035
ba,ridge_late op-cinque vision,cut-in,8.0,0.9358974358974359,0.8461538461538461,0.37037037037037035
ba,ridge_late op-cinque vision,cut-in,8.2,0.9358974358974359,0.8461538461538461,0.37037037037037035
ba,ridge_late op-cinque vision,cut-in,8.4,0.9615384615384616,0.8717948717948718,0.37037037037037035
ba,ridge_late op-cinque vision,cut-in,8.6,0.9615384615384616,0.9230769230769231,0.37037037037037035
ba,ridge_late op-cinque vision,cut-in,8.8,0.9743589743589743,0.9230769230769231,0.37037037037037035
ba,ridge_late op-cinque vision,cut-in,9.0,0.9743589743589743,0.9230769230769231,0.37037037037037035
ba,ridge_late op-cinque vision,cut-in,9.2,0.9743589743589743,0.9230769230769231,0.37037037037037035
ba,ridge_late op-cinque vision,cut-in,9.4,0.9743589743589743,0.9230769230769231,0.37037037037037035
ba,ridge_late op-cinque vision,cut-in,9.6,0.9743589743589743,0.9230769230769231,0.37037037037037035
ba,ridge_late op-cinque vision,cut-in,9.8,0.9743589743589743,0.9230769230769231,0.37037037037037035
ba,ridge_late op-cinque vision,cut-in,10.0,0.9743589743589743,0.9230769230769231,0.37037037037037035
ba,ridge_late op-lebowski temporal,cut-in,0.0,0.0,0.0,0.037037037037037035
ba,ridge_late op-lebowski temporal,cut-in,0.2,0.0,0.0,0.037037037037037035
ba,ridge_late op-lebowski temporal,cut-in,0.4,0.0,0.0,0.037037037037037035
ba,ridge_late op-lebowski temporal,cut-in,0.6,0.0,0.0,0.037037037037037035
ba,ridge_late op-lebowski temporal,cut-in,0.8,0.0,0.0,0.037037037037037035
ba,ridge_late op-lebowski temporal,cut-in,1.0,0.0,0.0,0.037037037037037035
ba,ridge_late op-lebowski temporal,cut-in,1.2,0.0,0.0,0.037037037037037035
ba,ridge_late op-lebowski temporal,cut-in,1.4,0.0,0.0,0.037037037037037035
ba,ridge_late op-lebowski temporal,cut-in,1.6,0.0,0.0,0.037037037037037035
ba,ridge_late op-lebowski temporal,cut-in,1.8,0.0,0.0,0.037037037037037035
ba,ridge_late op-lebowski temporal,cut-in,2.0,0.0,0.0,0.037037037037037035
ba,ridge_late op-lebowski temporal,cut-in,2.2,0.01282051282051282,0.01282051282051282,0.037037037037037035
ba,ridge_late op-lebowski temporal,cut-in,2.4,0.038461538461538464,0.038461538461538464,0.07407407407407407
ba,ridge_late op-lebowski temporal,cut-in,2.6,0.0641025641025641,0.038461538461538464,0.07407407407407407
ba,ridge_late op-lebowski temporal,cut-in,2.8,0.07692307692307693,0.038461538461538464,0.07407407407407407
ba,ridge_late op-lebowski temporal,cut-in,3.0,0.07692307692307693,0.038461538461538464,0.07407407407407407
ba,ridge_late op-lebowski temporal,cut-in,3.2,0.1282051282051282,0.0641025641025641,0.07407407407407407
ba,ridge_late op-lebowski temporal,cut-in,3.4,0.1282051282051282,0.0641025641025641,0.2222222222222222
ba,ridge_late op-lebowski temporal,cut-in,3.6,0.1282051282051282,0.0641025641025641,0.25925925925925924
ba,ridge_late op-lebowski temporal,cut-in,3.8,0.16666666666666666,0.0641025641025641,0.25925925925925924
ba,ridge_late op-lebowski temporal,cut-in,4.0,0.1794871794871795,0.0641025641025641,0.2962962962962963
ba,ridge_late op-lebowski temporal,cut-in,4.2,0.1794871794871795,0.0641025641025641,0.2962962962962963
ba,ridge_late op-lebowski temporal,cut-in,4.4,0.1794871794871795,0.0641025641025641,0.2962962962962963
ba,ridge_late op-lebowski temporal,cut-in,4.6,0.1794871794871795,0.0641025641025641,0.2962962962962963
ba,ridge_late op-lebowski temporal,cut-in,4.8,0.1794871794871795,0.0641025641025641,0.3333333333333333
ba,ridge_late op-lebowski temporal,cut-in,5.0,0.21794871794871795,0.0641025641025641,0.3333333333333333
ba,ridge_late op-lebowski temporal,cut-in,5.2,0.23076923076923078,0.0641025641025641,0.3333333333333333
ba,ridge_late op-lebowski temporal,cut-in,5.4,0.28205128205128205,0.0641025641025641,0.3333333333333333
ba,ridge_late op-lebowski temporal,cut-in,5.6,0.2948717948717949,0.0641025641025641,0.3333333333333333
ba,ridge_late op-lebowski temporal,cut-in,5.8,0.34615384615384615,0.07692307692307693,0.3333333333333333
ba,ridge_late op-lebowski temporal,cut-in,6.0,0.4358974358974359,0.21794871794871795,0.3333333333333333
ba,ridge_late op-lebowski temporal,cut-in,6.2,0.6923076923076923,0.47435897435897434,0.37037037037037035
ba,ridge_late op-lebowski temporal,cut-in,6.4,0.717948717948718,0.5,0.37037037037037035
ba,ridge_late op-lebowski temporal,cut-in,6.6,0.782051282051282,0.5641025641025641,0.37037037037037035
ba,ridge_late op-lebowski temporal,cut-in,6.8,0.8205128205128205,0.6025641025641025,0.4444444444444444
ba,ridge_late op-lebowski temporal,cut-in,7.0,0.8717948717948718,0.6538461538461539,0.4444444444444444
ba,ridge_late op-lebowski temporal,cut-in,7.2,0.9102564102564102,0.7307692307692307,0.5185185185185185
ba,ridge_late op-lebowski temporal,cut-in,7.4,0.9358974358974359,0.7692307692307693,0.5555555555555556
ba,ridge_late op-lebowski temporal,cut-in,7.6,0.9487179487179487,0.7692307692307693,0.5925925925925926
ba,ridge_late op-lebowski temporal,cut-in,7.8,0.9487179487179487,0.8333333333333334,0.5925925925925926
ba,ridge_late op-lebowski temporal,cut-in,8.0,0.9487179487179487,0.8333333333333334,0.5925925925925926
ba,ridge_late op-lebowski temporal,cut-in,8.2,0.9487179487179487,0.8333333333333334,0.5925925925925926
ba,ridge_late op-lebowski temporal,cut-in,8.4,0.9487179487179487,0.8589743589743589,0.5925925925925926
ba,ridge_late op-lebowski temporal,cut-in,8.6,0.9487179487179487,0.9102564102564102,0.5925925925925926
ba,ridge_late op-lebowski temporal,cut-in,8.8,0.9487179487179487,0.9102564102564102,0.5925925925925926
ba,ridge_late op-lebowski temporal,cut-in,9.0,0.9487179487179487,0.9102564102564102,0.5925925925925926
ba,ridge_late op-lebowski temporal,cut-in,9.2,0.9615384615384616,0.9102564102564102,0.5925925925925926
ba,ridge_late op-lebowski temporal,cut-in,9.4,0.9615384615384616,0.9102564102564102,0.5925925925925926
ba,ridge_late op-lebowski temporal,cut-in,9.6,0.9615384615384616,0.9358974358974359,0.5925925925925926
ba,ridge_late op-lebowski temporal,cut-in,9.8,0.9615384615384616,0.9358974358974359,0.5925925925925926
ba,ridge_late op-lebowski temporal,cut-in,10.0,0.9743589743589743,0.9358974358974359,0.5925925925925926
ba,ridge_late op-lebowski vision,cut-in,0.0,0.0,0.0,0.07407407407407407
ba,ridge_late op-lebowski vision,cut-in,0.2,0.0,0.0,0.07407407407407407
ba,ridge_late op-lebowski vision,cut-in,0.4,0.0,0.0,0.07407407407407407
ba,ridge_late op-lebowski vision,cut-in,0.6,0.0,0.0,0.07407407407407407
ba,ridge_late op-lebowski vision,cut-in,0.8,0.0,0.0,0.07407407407407407
ba,ridge_late op-lebowski vision,cut-in,1.0,0.0,0.0,0.07407407407407407
ba,ridge_late op-lebowski vision,cut-in,1.2,0.0,0.0,0.07407407407407407
ba,ridge_late op-lebowski vision,cut-in,1.4,0.0,0.0,0.1111111111111111
ba,ridge_late op-lebowski vision,cut-in,1.6,0.0,0.0,0.1111111111111111
ba,ridge_late op-lebowski vision,cut-in,1.8,0.0,0.0,0.1111111111111111
ba,ridge_late op-lebowski vision,cut-in,2.0,0.0,0.0,0.1111111111111111
ba,ridge_late op-lebowski vision,cut-in,2.2,0.02564102564102564,0.01282051282051282,0.1111111111111111
ba,ridge_late op-lebowski vision,cut-in,2.4,0.05128205128205128,0.038461538461538464,0.14814814814814814
ba,ridge_late op-lebowski vision,cut-in,2.6,0.05128205128205128,0.038461538461538464,0.18518518518518517
ba,ridge_late op-lebowski vision,cut-in,2.8,0.05128205128205128,0.038461538461538464,0.18518518518518517
ba,ridge_late op-lebowski vision,cut-in,3.0,0.07692307692307693,0.038461538461538464,0.18518518518518517
ba,ridge_late op-lebowski vision,cut-in,3.2,0.08974358974358974,0.038461538461538464,0.2222222222222222
ba,ridge_late op-lebowski vision,cut-in,3.4,0.08974358974358974,0.038461538461538464,0.25925925925925924
ba,ridge_late op-lebowski vision,cut-in,3.6,0.08974358974358974,0.038461538461538464,0.25925925925925924
ba,ridge_late op-lebowski vision,cut-in,3.8,0.08974358974358974,0.038461538461538464,0.25925925925925924
ba,ridge_late op-lebowski vision,cut-in,4.0,0.1282051282051282,0.038461538461538464,0.25925925925925924
ba,ridge_late op-lebowski vision,cut-in,4.2,0.16666666666666666,0.038461538461538464,0.25925925925925924
ba,ridge_late op-lebowski vision,cut-in,4.4,0.16666666666666666,0.038461538461538464,0.25925925925925924
ba,ridge_late op-lebowski vision,cut-in,4.6,0.16666666666666666,0.038461538461538464,0.25925925925925924
ba,ridge_late op-lebowski vision,cut-in,4.8,0.16666666666666666,0.038461538461538464,0.25925925925925924
ba,ridge_late op-lebowski vision,cut-in,5.0,0.19230769230769232,0.038461538461538464,0.25925925925925924
ba,ridge_late op-lebowski vision,cut-in,5.2,0.20512820512820512,0.038461538461538464,0.25925925925925924
ba,ridge_late op-lebowski vision,cut-in,5.4,0.21794871794871795,0.038461538461538464,0.25925925925925924
ba,ridge_late op-lebowski vision,cut-in,5.6,0.21794871794871795,0.038461538461538464,0.25925925925925924
ba,ridge_late op-lebowski vision,cut-in,5.8,0.28205128205128205,0.08974358974358974,0.2962962962962963
ba,ridge_late op-lebowski vision,cut-in,6.0,0.44871794871794873,0.32051282051282054,0.3333333333333333
ba,ridge_late op-lebowski vision,cut-in,6.2,0.6282051282051282,0.46153846153846156,0.37037037037037035
ba,ridge_late op-lebowski vision,cut-in,6.4,0.6410256410256411,0.46153846153846156,0.37037037037037035
ba,ridge_late op-lebowski vision,cut-in,6.6,0.7692307692307693,0.6025641025641025,0.37037037037037035
ba,ridge_late op-lebowski vision,cut-in,6.8,0.7692307692307693,0.6025641025641025,0.4074074074074074
ba,ridge_late op-lebowski vision,cut-in,7.0,0.8461538461538461,0.6538461538461539,0.4074074074074074
ba,ridge_late op-lebowski vision,cut-in,7.2,0.8974358974358975,0.7307692307692307,0.48148148148148145
ba,ridge_late op-lebowski vision,cut-in,7.4,0.9102564102564102,0.7435897435897436,0.48148148148148145
ba,ridge_late op-lebowski vision,cut-in,7.6,0.9102564102564102,0.7435897435897436,0.5185185185185185
ba,ridge_late op-lebowski vision,cut-in,7.8,0.9230769230769231,0.8076923076923077,0.5185185185185185
ba,ridge_late op-lebowski vision,cut-in,8.0,0.9230769230769231,0.8076923076923077,0.5185185185185185
ba,ridge_late op-lebowski vision,cut-in,8.2,0.9230769230769231,0.8076923076923077,0.5185185185185185
ba,ridge_late op-lebowski vision,cut-in,8.4,0.9230769230769231,0.8333333333333334,0.5185185185185185
ba,ridge_late op-lebowski vision,cut-in,8.6,0.9230769230769231,0.8846153846153846,0.5185185185185185
ba,ridge_late op-lebowski vision,cut-in,8.8,0.9230769230769231,0.8846153846153846,0.5185185185185185
ba,ridge_late op-lebowski vision,cut-in,9.0,0.9230769230769231,0.8846153846153846,0.5185185185185185
ba,ridge_late op-lebowski vision,cut-in,9.2,0.9230769230769231,0.8846153846153846,0.5185185185185185
ba,ridge_late op-lebowski vision,cut-in,9.4,0.9230769230769231,0.8846153846153846,0.5185185185185185
ba,ridge_late op-lebowski vision,cut-in,9.6,0.9230769230769231,0.9102564102564102,0.5185185185185185
ba,ridge_late op-lebowski vision,cut-in,9.8,0.9230769230769231,0.9102564102564102,0.5185185185185185
ba,ridge_late op-lebowski vision,cut-in,10.0,0.9230769230769231,0.9102564102564102,0.5185185185185185
ba,ridge_late op-lebowski hidden,cut-in,0.0,0.0,0.0,0.0
ba,ridge_late op-lebowski hidden,cut-in,0.2,0.0,0.0,0.0
ba,ridge_late op-lebowski hidden,cut-in,0.4,0.0,0.0,0.0
ba,ridge_late op-lebowski hidden,cut-in,0.6,0.0,0.0,0.0
ba,ridge_late op-lebowski hidden,cut-in,0.8,0.0,0.0,0.037037037037037035
ba,ridge_late op-lebowski hidden,cut-in,1.0,0.0,0.0,0.07407407407407407
ba,ridge_late op-lebowski hidden,cut-in,1.2,0.0,0.0,0.07407407407407407
ba,ridge_late op-lebowski hidden,cut-in,1.4,0.0,0.0,0.1111111111111111
ba,ridge_late op-lebowski hidden,cut-in,1.6,0.0,0.0,0.1111111111111111
ba,ridge_late op-lebowski hidden,cut-in,1.8,0.0,0.0,0.1111111111111111
ba,ridge_late op-lebowski hidden,cut-in,2.0,0.038461538461538464,0.01282051282051282,0.1111111111111111
ba,ridge_late op-lebowski hidden,cut-in,2.2,0.07692307692307693,0.038461538461538464,0.1111111111111111
ba,ridge_late op-lebowski hidden,cut-in,2.4,0.08974358974358974,0.038461538461538464,0.14814814814814814
ba,ridge_late op-lebowski hidden,cut-in,2.6,0.1282051282051282,0.05128205128205128,0.2222222222222222
ba,ridge_late op-lebowski hidden,cut-in,2.8,0.15384615384615385,0.05128205128205128,0.25925925925925924
ba,ridge_late op-lebowski hidden,cut-in,3.0,0.16666666666666666,0.05128205128205128,0.25925925925925924
ba,ridge_late op-lebowski hidden,cut-in,3.2,0.16666666666666666,0.05128205128205128,0.25925925925925924
ba,ridge_late op-lebowski hidden,cut-in,3.4,0.23076923076923078,0.07692307692307693,0.25925925925925924
ba,ridge_late op-lebowski hidden,cut-in,3.6,0.23076923076923078,0.07692307692307693,0.2962962962962963
ba,ridge_late op-lebowski hidden,cut-in,3.8,0.24358974358974358,0.07692307692307693,0.2962962962962963
ba,ridge_late op-lebowski hidden,cut-in,4.0,0.24358974358974358,0.07692307692307693,0.2962962962962963
ba,ridge_late op-lebowski hidden,cut-in,4.2,0.24358974358974358,0.07692307692307693,0.2962962962962963
ba,ridge_late op-lebowski hidden,cut-in,4.4,0.24358974358974358,0.07692307692307693,0.2962962962962963
ba,ridge_late op-lebowski hidden,cut-in,4.6,0.24358974358974358,0.07692307692307693,0.2962962962962963
ba,ridge_late op-lebowski hidden,cut-in,4.8,0.24358974358974358,0.07692307692307693,0.2962962962962963
ba,ridge_late op-lebowski hidden,cut-in,5.0,0.24358974358974358,0.07692307692307693,0.2962962962962963
ba,ridge_late op-lebowski hidden,cut-in,5.2,0.2564102564102564,0.07692307692307693,0.2962962962962963
ba,ridge_late op-lebowski hidden,cut-in,5.4,0.28205128205128205,0.07692307692307693,0.2962962962962963
ba,ridge_late op-lebowski hidden,cut-in,5.6,0.2948717948717949,0.07692307692307693,0.2962962962962963
ba,ridge_late op-lebowski hidden,cut-in,5.8,0.34615384615384615,0.1282051282051282,0.2962962962962963
ba,ridge_late op-lebowski hidden,cut-in,6.0,0.5384615384615384,0.3717948717948718,0.3333333333333333
ba,ridge_late op-lebowski hidden,cut-in,6.2,0.6923076923076923,0.5,0.3333333333333333
ba,ridge_late op-lebowski hidden,cut-in,6.4,0.7307692307692307,0.5128205128205128,0.3333333333333333
ba,ridge_late op-lebowski hidden,cut-in,6.6,0.8205128205128205,0.6153846153846154,0.3333333333333333
ba,ridge_late op-lebowski hidden,cut-in,6.8,0.8205128205128205,0.6153846153846154,0.4074074074074074
ba,ridge_late op-lebowski hidden,cut-in,7.0,0.8589743589743589,0.6538461538461539,0.4074074074074074
ba,ridge_late op-lebowski hidden,cut-in,7.2,0.9743589743589743,0.7692307692307693,0.48148148148148145
ba,ridge_late op-lebowski hidden,cut-in,7.4,0.9743589743589743,0.782051282051282,0.48148148148148145
ba,ridge_late op-lebowski hidden,cut-in,7.6,0.9743589743589743,0.782051282051282,0.5185185185185185
ba,ridge_late op-lebowski hidden,cut-in,7.8,0.9871794871794872,0.8461538461538461,0.5185185185185185
ba,ridge_late op-lebowski hidden,cut-in,8.0,0.9871794871794872,0.8461538461538461,0.5185185185185185
ba,ridge_late op-lebowski hidden,cut-in,8.2,0.9871794871794872,0.8461538461538461,0.5185185185185185
ba,ridge_late op-lebowski hidden,cut-in,8.4,0.9871794871794872,0.8717948717948718,0.5185185185185185
ba,ridge_late op-lebowski hidden,cut-in,8.6,0.9871794871794872,0.9230769230769231,0.5185185185185185
ba,ridge_late op-lebowski hidden,cut-in,8.8,0.9871794871794872,0.9230769230769231,0.5185185185185185
ba,ridge_late op-lebowski hidden,cut-in,9.0,0.9871794871794872,0.9230769230769231,0.5185185185185185
ba,ridge_late op-lebowski hidden,cut-in,9.2,0.9871794871794872,0.9230769230769231,0.5185185185185185
ba,ridge_late op-lebowski hidden,cut-in,9.4,1.0,0.9230769230769231,0.5185185185185185
ba,ridge_late op-lebowski hidden,cut-in,9.6,1.0,0.9487179487179487,0.5185185185185185
ba,ridge_late op-lebowski hidden,cut-in,9.8,1.0,0.9487179487179487,0.5185185185185185
ba,ridge_late op-lebowski hidden,cut-in,10.0,1.0,0.9487179487179487,0.5185185185185185
ba,prior [cinque],cut-in,0.0,0.0,0.0,0.0
ba,prior [cinque],cut-in,0.2,0.0,0.0,0.0
ba,prior [cinque],cut-in,0.4,0.0,0.0,0.0
ba,prior [cinque],cut-in,0.6,0.0,0.0,0.037037037037037035
ba,prior [cinque],cut-in,0.8,0.0,0.0,0.037037037037037035
ba,prior [cinque],cut-in,1.0,0.0,0.0,0.07407407407407407
ba,prior [cinque],cut-in,1.2,0.0,0.0,0.07407407407407407
ba,prior [cinque],cut-in,1.4,0.0,0.0,0.07407407407407407
ba,prior [cinque],cut-in,1.6,0.0,0.0,0.07407407407407407
ba,prior [cinque],cut-in,1.8,0.0,0.0,0.07407407407407407
ba,prior [cinque],cut-in,2.0,0.0,0.0,0.07407407407407407
ba,prior [cinque],cut-in,2.2,0.038461538461538464,0.038461538461538464,0.1111111111111111
ba,prior [cinque],cut-in,2.4,0.038461538461538464,0.038461538461538464,0.14814814814814814
ba,prior [cinque],cut-in,2.6,0.038461538461538464,0.038461538461538464,0.14814814814814814
ba,prior [cinque],cut-in,2.8,0.038461538461538464,0.038461538461538464,0.14814814814814814
ba,prior [cinque],cut-in,3.0,0.038461538461538464,0.038461538461538464,0.14814814814814814
ba,prior [cinque],cut-in,3.2,0.038461538461538464,0.038461538461538464,0.14814814814814814
ba,prior [cinque],cut-in,3.4,0.038461538461538464,0.038461538461538464,0.14814814814814814
ba,prior [cinque],cut-in,3.6,0.0641025641025641,0.0641025641025641,0.14814814814814814
ba,prior [cinque],cut-in,3.8,0.0641025641025641,0.0641025641025641,0.14814814814814814
ba,prior [cinque],cut-in,4.0,0.0641025641025641,0.0641025641025641,0.14814814814814814
ba,prior [cinque],cut-in,4.2,0.0641025641025641,0.0641025641025641,0.14814814814814814
ba,prior [cinque],cut-in,4.4,0.0641025641025641,0.0641025641025641,0.14814814814814814
ba,prior [cinque],cut-in,4.6,0.0641025641025641,0.0641025641025641,0.14814814814814814
ba,prior [cinque],cut-in,4.8,0.10256410256410256,0.0641025641025641,0.14814814814814814
ba,prior [cinque],cut-in,5.0,0.10256410256410256,0.0641025641025641,0.14814814814814814
ba,prior [cinque],cut-in,5.2,0.14102564102564102,0.0641025641025641,0.14814814814814814
ba,prior [cinque],cut-in,5.4,0.20512820512820512,0.0641025641025641,0.14814814814814814
ba,prior [cinque],cut-in,5.6,0.20512820512820512,0.0641025641025641,0.14814814814814814
ba,prior [cinque],cut-in,5.8,0.24358974358974358,0.08974358974358974,0.18518518518518517
ba,prior [cinque],cut-in,6.0,0.5384615384615384,0.358974358974359,0.18518518518518517
ba,prior [cinque],cut-in,6.2,0.6153846153846154,0.4358974358974359,0.18518518518518517
ba,prior [cinque],cut-in,6.4,0.6666666666666666,0.48717948717948717,0.18518518518518517
ba,prior [cinque],cut-in,6.6,0.8589743589743589,0.6410256410256411,0.25925925925925924
ba,prior [cinque],cut-in,6.8,0.9102564102564102,0.6923076923076923,0.25925925925925924
ba,prior [cinque],cut-in,7.0,0.9358974358974359,0.717948717948718,0.2962962962962963
ba,prior [cinque],cut-in,7.2,0.9358974358974359,0.7564102564102564,0.2962962962962963
ba,prior [cinque],cut-in,7.4,0.9487179487179487,0.7692307692307693,0.2962962962962963
ba,prior [cinque],cut-in,7.6,0.9487179487179487,0.7692307692307693,0.2962962962962963
ba,prior [cinque],cut-in,7.8,0.9487179487179487,0.8333333333333334,0.2962962962962963
ba,prior [cinque],cut-in,8.0,0.9487179487179487,0.8333333333333334,0.2962962962962963
ba,prior [cinque],cut-in,8.2,0.9487179487179487,0.8333333333333334,0.2962962962962963
ba,prior [cinque],cut-in,8.4,0.9487179487179487,0.8589743589743589,0.2962962962962963
ba,prior [cinque],cut-in,8.6,0.9487179487179487,0.9102564102564102,0.2962962962962963
ba,prior [cinque],cut-in,8.8,0.9487179487179487,0.9102564102564102,0.2962962962962963
ba,prior [cinque],cut-in,9.0,0.9487179487179487,0.9102564102564102,0.2962962962962963
ba,prior [cinque],cut-in,9.2,0.9487179487179487,0.9102564102564102,0.2962962962962963
ba,prior [cinque],cut-in,9.4,0.9487179487179487,0.9102564102564102,0.2962962962962963
ba,prior [cinque],cut-in,9.6,0.9487179487179487,0.9358974358974359,0.2962962962962963
ba,prior [cinque],cut-in,9.8,0.9615384615384616,0.9358974358974359,0.2962962962962963
ba,prior [cinque],cut-in,10.0,0.9615384615384616,0.9358974358974359,0.2962962962962963
ba,M-C pair [cinque],cut-in,0.0,0.0,0.0,0.0
ba,M-C pair [cinque],cut-in,0.2,0.0,0.0,0.037037037037037035
ba,M-C pair [cinque],cut-in,0.4,0.0,0.0,0.037037037037037035
ba,M-C pair [cinque],cut-in,0.6,0.0,0.0,0.037037037037037035
ba,M-C pair [cinque],cut-in,0.8,0.0,0.0,0.07407407407407407
ba,M-C pair [cinque],cut-in,1.0,0.0,0.0,0.1111111111111111
ba,M-C pair [cinque],cut-in,1.2,0.0,0.0,0.1111111111111111
ba,M-C pair [cinque],cut-in,1.4,0.0,0.0,0.1111111111111111
ba,M-C pair [cinque],cut-in,1.6,0.0,0.0,0.1111111111111111
ba,M-C pair [cinque],cut-in,1.8,0.0,0.0,0.1111111111111111
ba,M-C pair [cinque],cut-in,2.0,0.01282051282051282,0.01282051282051282,0.1111111111111111
ba,M-C pair [cinque],cut-in,2.2,0.038461538461538464,0.038461538461538464,0.1111111111111111
ba,M-C pair [cinque],cut-in,2.4,0.038461538461538464,0.038461538461538464,0.14814814814814814
ba,M-C pair [cinque],cut-in,2.6,0.05128205128205128,0.05128205128205128,0.18518518518518517
ba,M-C pair [cinque],cut-in,2.8,0.05128205128205128,0.05128205128205128,0.18518518518518517
ba,M-C pair [cinque],cut-in,3.0,0.07692307692307693,0.05128205128205128,0.18518518518518517
ba,M-C pair [cinque],cut-in,3.2,0.07692307692307693,0.05128205128205128,0.18518518518518517
ba,M-C pair [cinque],cut-in,3.4,0.07692307692307693,0.05128205128205128,0.18518518518518517
ba,M-C pair [cinque],cut-in,3.6,0.07692307692307693,0.05128205128205128,0.18518518518518517
ba,M-C pair [cinque],cut-in,3.8,0.07692307692307693,0.05128205128205128,0.18518518518518517
ba,M-C pair [cinque],cut-in,4.0,0.07692307692307693,0.05128205128205128,0.18518518518518517
ba,M-C pair [cinque],cut-in,4.2,0.07692307692307693,0.05128205128205128,0.18518518518518517
ba,M-C pair [cinque],cut-in,4.4,0.07692307692307693,0.05128205128205128,0.2222222222222222
ba,M-C pair [cinque],cut-in,4.6,0.07692307692307693,0.05128205128205128,0.2222222222222222
ba,M-C pair [cinque],cut-in,4.8,0.08974358974358974,0.05128205128205128,0.2222222222222222
ba,M-C pair [cinque],cut-in,5.0,0.08974358974358974,0.05128205128205128,0.2222222222222222
ba,M-C pair [cinque],cut-in,5.2,0.10256410256410256,0.05128205128205128,0.2222222222222222
ba,M-C pair [cinque],cut-in,5.4,0.1282051282051282,0.05128205128205128,0.2222222222222222
ba,M-C pair [cinque],cut-in,5.6,0.15384615384615385,0.05128205128205128,0.2222222222222222
ba,M-C pair [cinque],cut-in,5.8,0.2564102564102564,0.1282051282051282,0.2222222222222222
ba,M-C pair [cinque],cut-in,6.0,0.5256410256410257,0.3974358974358974,0.2222222222222222
ba,M-C pair [cinque],cut-in,6.2,0.5897435897435898,0.47435897435897434,0.25925925925925924
ba,M-C pair [cinque],cut-in,6.4,0.6666666666666666,0.5256410256410257,0.2962962962962963
ba,M-C pair [cinque],cut-in,6.6,0.8333333333333334,0.6666666666666666,0.37037037037037035
ba,M-C pair [cinque],cut-in,6.8,0.8717948717948718,0.7051282051282052,0.4074074074074074
ba,M-C pair [cinque],cut-in,7.0,0.9102564102564102,0.7051282051282052,0.4074074074074074
ba,M-C pair [cinque],cut-in,7.2,0.9230769230769231,0.7435897435897436,0.4074074074074074
ba,M-C pair [cinque],cut-in,7.4,0.9230769230769231,0.7564102564102564,0.4074074074074074
ba,M-C pair [cinque],cut-in,7.6,0.9230769230769231,0.7564102564102564,0.4074074074074074
ba,M-C pair [cinque],cut-in,7.8,0.9358974358974359,0.8205128205128205,0.4074074074074074
ba,M-C pair [cinque],cut-in,8.0,0.9358974358974359,0.8205128205128205,0.4074074074074074
ba,M-C pair [cinque],cut-in,8.2,0.9358974358974359,0.8205128205128205,0.4074074074074074
ba,M-C pair [cinque],cut-in,8.4,0.9358974358974359,0.8461538461538461,0.4074074074074074
ba,M-C pair [cinque],cut-in,8.6,0.9358974358974359,0.8974358974358975,0.4074074074074074
ba,M-C pair [cinque],cut-in,8.8,0.9358974358974359,0.8974358974358975,0.4074074074074074
ba,M-C pair [cinque],cut-in,9.0,0.9358974358974359,0.8974358974358975,0.4074074074074074
ba,M-C pair [cinque],cut-in,9.2,0.9358974358974359,0.8974358974358975,0.4074074074074074
ba,M-C pair [cinque],cut-in,9.4,0.9358974358974359,0.8974358974358975,0.4074074074074074
ba,M-C pair [cinque],cut-in,9.6,0.9358974358974359,0.9230769230769231,0.4074074074074074
ba,M-C pair [cinque],cut-in,9.8,0.9358974358974359,0.9230769230769231,0.4074074074074074
ba,M-C pair [cinque],cut-in,10.0,0.9358974358974359,0.9230769230769231,0.4074074074074074
ba,M-C pair (mu=0) [cinque],cut-in,0.0,0.0,0.0,0.07407407407407407
ba,M-C pair (mu=0) [cinque],cut-in,0.2,0.0,0.0,0.07407407407407407
ba,M-C pair (mu=0) [cinque],cut-in,0.4,0.0,0.0,0.1111111111111111
ba,M-C pair (mu=0) [cinque],cut-in,0.6,0.0,0.0,0.1111111111111111
ba,M-C pair (mu=0) [cinque],cut-in,0.8,0.0,0.0,0.1111111111111111
ba,M-C pair (mu=0) [cinque],cut-in,1.0,0.0,0.0,0.1111111111111111
ba,M-C pair (mu=0) [cinque],cut-in,1.2,0.0,0.0,0.1111111111111111
ba,M-C pair (mu=0) [cinque],cut-in,1.4,0.0,0.0,0.14814814814814814
ba,M-C pair (mu=0) [cinque],cut-in,1.6,0.0,0.0,0.14814814814814814
ba,M-C pair (mu=0) [cinque],cut-in,1.8,0.0,0.0,0.14814814814814814
ba,M-C pair (mu=0) [cinque],cut-in,2.0,0.0,0.0,0.14814814814814814
ba,M-C pair (mu=0) [cinque],cut-in,2.2,0.0,0.0,0.14814814814814814
ba,M-C pair (mu=0) [cinque],cut-in,2.4,0.0,0.0,0.14814814814814814
ba,M-C pair (mu=0) [cinque],cut-in,2.6,0.01282051282051282,0.01282051282051282,0.14814814814814814
ba,M-C pair (mu=0) [cinque],cut-in,2.8,0.01282051282051282,0.01282051282051282,0.14814814814814814
ba,M-C pair (mu=0) [cinque],cut-in,3.0,0.038461538461538464,0.02564102564102564,0.14814814814814814
ba,M-C pair (mu=0) [cinque],cut-in,3.2,0.05128205128205128,0.02564102564102564,0.14814814814814814
ba,M-C pair (mu=0) [cinque],cut-in,3.4,0.05128205128205128,0.02564102564102564,0.18518518518518517
ba,M-C pair (mu=0) [cinque],cut-in,3.6,0.05128205128205128,0.02564102564102564,0.18518518518518517
ba,M-C pair (mu=0) [cinque],cut-in,3.8,0.05128205128205128,0.02564102564102564,0.18518518518518517
ba,M-C pair (mu=0) [cinque],cut-in,4.0,0.05128205128205128,0.02564102564102564,0.18518518518518517
ba,M-C pair (mu=0) [cinque],cut-in,4.2,0.05128205128205128,0.02564102564102564,0.2222222222222222
ba,M-C pair (mu=0) [cinque],cut-in,4.4,0.05128205128205128,0.02564102564102564,0.2222222222222222
ba,M-C pair (mu=0) [cinque],cut-in,4.6,0.05128205128205128,0.02564102564102564,0.2222222222222222
ba,M-C pair (mu=0) [cinque],cut-in,4.8,0.05128205128205128,0.02564102564102564,0.2222222222222222
ba,M-C pair (mu=0) [cinque],cut-in,5.0,0.05128205128205128,0.02564102564102564,0.2222222222222222
ba,M-C pair (mu=0) [cinque],cut-in,5.2,0.0641025641025641,0.02564102564102564,0.2222222222222222
ba,M-C pair (mu=0) [cinque],cut-in,5.4,0.0641025641025641,0.02564102564102564,0.2222222222222222
ba,M-C pair (mu=0) [cinque],cut-in,5.6,0.07692307692307693,0.02564102564102564,0.2222222222222222
ba,M-C pair (mu=0) [cinque],cut-in,5.8,0.1282051282051282,0.0641025641025641,0.2222222222222222
ba,M-C pair (mu=0) [cinque],cut-in,6.0,0.3333333333333333,0.2692307692307692,0.2222222222222222
ba,M-C pair (mu=0) [cinque],cut-in,6.2,0.3974358974358974,0.3333333333333333,0.2222222222222222
ba,M-C pair (mu=0) [cinque],cut-in,6.4,0.44871794871794873,0.38461538461538464,0.2222222222222222
ba,M-C pair (mu=0) [cinque],cut-in,6.6,0.5897435897435898,0.5128205128205128,0.2222222222222222
ba,M-C pair (mu=0) [cinque],cut-in,6.8,0.7307692307692307,0.6153846153846154,0.2222222222222222
ba,M-C pair (mu=0) [cinque],cut-in,7.0,0.7948717948717948,0.6666666666666666,0.2222222222222222
ba,M-C pair (mu=0) [cinque],cut-in,7.2,0.8205128205128205,0.7051282051282052,0.25925925925925924
ba,M-C pair (mu=0) [cinque],cut-in,7.4,0.8333333333333334,0.717948717948718,0.2962962962962963
ba,M-C pair (mu=0) [cinque],cut-in,7.6,0.8333333333333334,0.717948717948718,0.2962962962962963
ba,M-C pair (mu=0) [cinque],cut-in,7.8,0.8461538461538461,0.782051282051282,0.2962962962962963
ba,M-C pair (mu=0) [cinque],cut-in,8.0,0.8461538461538461,0.782051282051282,0.2962962962962963
ba,M-C pair (mu=0) [cinque],cut-in,8.2,0.8589743589743589,0.782051282051282,0.2962962962962963
ba,M-C pair (mu=0) [cinque],cut-in,8.4,0.8589743589743589,0.8076923076923077,0.2962962962962963
ba,M-C pair (mu=0) [cinque],cut-in,8.6,0.8717948717948718,0.8589743589743589,0.2962962962962963
ba,M-C pair (mu=0) [cinque],cut-in,8.8,0.8846153846153846,0.8589743589743589,0.2962962962962963
ba,M-C pair (mu=0) [cinque],cut-in,9.0,0.8846153846153846,0.8589743589743589,0.2962962962962963
ba,M-C pair (mu=0) [cinque],cut-in,9.2,0.8974358974358975,0.8589743589743589,0.2962962962962963
ba,M-C pair (mu=0) [cinque],cut-in,9.4,0.8974358974358975,0.8589743589743589,0.2962962962962963
ba,M-C pair (mu=0) [cinque],cut-in,9.6,0.8974358974358975,0.8846153846153846,0.2962962962962963
ba,M-C pair (mu=0) [cinque],cut-in,9.8,0.8974358974358975,0.8846153846153846,0.2962962962962963
ba,M-C pair (mu=0) [cinque],cut-in,10.0,0.8974358974358975,0.8846153846153846,0.2962962962962963
ba,M-C pair qwen [cinque],cut-in,0.0,0.0,0.0,0.0
ba,M-C pair qwen [cinque],cut-in,0.2,0.0,0.0,0.037037037037037035
ba,M-C pair qwen [cinque],cut-in,0.4,0.0,0.0,0.037037037037037035
ba,M-C pair qwen [cinque],cut-in,0.6,0.0,0.0,0.037037037037037035
ba,M-C pair qwen [cinque],cut-in,0.8,0.0,0.0,0.1111111111111111
ba,M-C pair qwen [cinque],cut-in,1.0,0.0,0.0,0.1111111111111111
ba,M-C pair qwen [cinque],cut-in,1.2,0.0,0.0,0.1111111111111111
ba,M-C pair qwen [cinque],cut-in,1.4,0.0,0.0,0.1111111111111111
ba,M-C pair qwen [cinque],cut-in,1.6,0.0,0.0,0.1111111111111111
ba,M-C pair qwen [cinque],cut-in,1.8,0.0,0.0,0.1111111111111111
ba,M-C pair qwen [cinque],cut-in,2.0,0.01282051282051282,0.01282051282051282,0.1111111111111111
ba,M-C pair qwen [cinque],cut-in,2.2,0.038461538461538464,0.038461538461538464,0.14814814814814814
ba,M-C pair qwen [cinque],cut-in,2.4,0.038461538461538464,0.038461538461538464,0.18518518518518517
ba,M-C pair qwen [cinque],cut-in,2.6,0.038461538461538464,0.038461538461538464,0.2222222222222222
ba,M-C pair qwen [cinque],cut-in,2.8,0.038461538461538464,0.038461538461538464,0.2222222222222222
ba,M-C pair qwen [cinque],cut-in,3.0,0.038461538461538464,0.038461538461538464,0.2222222222222222
ba,M-C pair qwen [cinque],cut-in,3.2,0.038461538461538464,0.038461538461538464,0.2222222222222222
ba,M-C pair qwen [cinque],cut-in,3.4,0.038461538461538464,0.038461538461538464,0.2222222222222222
ba,M-C pair qwen [cinque],cut-in,3.6,0.038461538461538464,0.038461538461538464,0.2222222222222222
ba,M-C pair qwen [cinque],cut-in,3.8,0.038461538461538464,0.038461538461538464,0.2222222222222222
ba,M-C pair qwen [cinque],cut-in,4.0,0.038461538461538464,0.038461538461538464,0.2222222222222222
ba,M-C pair qwen [cinque],cut-in,4.2,0.038461538461538464,0.038461538461538464,0.2222222222222222
ba,M-C pair qwen [cinque],cut-in,4.4,0.038461538461538464,0.038461538461538464,0.25925925925925924
ba,M-C pair qwen [cinque],cut-in,4.6,0.038461538461538464,0.038461538461538464,0.25925925925925924
ba,M-C pair qwen [cinque],cut-in,4.8,0.05128205128205128,0.038461538461538464,0.25925925925925924
ba,M-C pair qwen [cinque],cut-in,5.0,0.05128205128205128,0.038461538461538464,0.2962962962962963
ba,M-C pair qwen [cinque],cut-in,5.2,0.08974358974358974,0.038461538461538464,0.2962962962962963
ba,M-C pair qwen [cinque],cut-in,5.4,0.14102564102564102,0.038461538461538464,0.2962962962962963
ba,M-C pair qwen [cinque],cut-in,5.6,0.15384615384615385,0.038461538461538464,0.2962962962962963
ba,M-C pair qwen [cinque],cut-in,5.8,0.19230769230769232,0.05128205128205128,0.2962962962962963
ba,M-C pair qwen [cinque],cut-in,6.0,0.3717948717948718,0.2692307692307692,0.2962962962962963
ba,M-C pair qwen [cinque],cut-in,6.2,0.5256410256410257,0.41025641025641024,0.2962962962962963
ba,M-C pair qwen [cinque],cut-in,6.4,0.5897435897435898,0.46153846153846156,0.2962962962962963
ba,M-C pair qwen [cinque],cut-in,6.6,0.7435897435897436,0.5769230769230769,0.3333333333333333
ba,M-C pair qwen [cinque],cut-in,6.8,0.7948717948717948,0.6282051282051282,0.3333333333333333
ba,M-C pair qwen [cinque],cut-in,7.0,0.8589743589743589,0.6666666666666666,0.3333333333333333
ba,M-C pair qwen [cinque],cut-in,7.2,0.8974358974358975,0.717948717948718,0.3333333333333333
ba,M-C pair qwen [cinque],cut-in,7.4,0.8974358974358975,0.7307692307692307,0.37037037037037035
ba,M-C pair qwen [cinque],cut-in,7.6,0.8974358974358975,0.7307692307692307,0.37037037037037035
ba,M-C pair qwen [cinque],cut-in,7.8,0.9102564102564102,0.7948717948717948,0.37037037037037035
ba,M-C pair qwen [cinque],cut-in,8.0,0.9102564102564102,0.7948717948717948,0.37037037037037035
ba,M-C pair qwen [cinque],cut-in,8.2,0.9102564102564102,0.7948717948717948,0.37037037037037035
ba,M-C pair qwen [cinque],cut-in,8.4,0.9102564102564102,0.8205128205128205,0.37037037037037035
ba,M-C pair qwen [cinque],cut-in,8.6,0.9102564102564102,0.8717948717948718,0.37037037037037035
ba,M-C pair qwen [cinque],cut-in,8.8,0.9102564102564102,0.8717948717948718,0.37037037037037035
ba,M-C pair qwen [cinque],cut-in,9.0,0.9102564102564102,0.8717948717948718,0.37037037037037035
ba,M-C pair qwen [cinque],cut-in,9.2,0.9102564102564102,0.8717948717948718,0.37037037037037035
ba,M-C pair qwen [cinque],cut-in,9.4,0.9102564102564102,0.8717948717948718,0.37037037037037035
ba,M-C pair qwen [cinque],cut-in,9.6,0.9102564102564102,0.8974358974358975,0.37037037037037035
ba,M-C pair qwen [cinque],cut-in,9.8,0.9102564102564102,0.8974358974358975,0.37037037037037035
ba,M-C pair qwen [cinque],cut-in,10.0,0.9102564102564102,0.8974358974358975,0.37037037037037035
ba,M-C pair op [cinque],cut-in,0.0,0.0,0.0,0.0
ba,M-C pair op [cinque],cut-in,0.2,0.0,0.0,0.0
ba,M-C pair op [cinque],cut-in,0.4,0.0,0.0,0.0
ba,M-C pair op [cinque],cut-in,0.6,0.0,0.0,0.0
ba,M-C pair op [cinque],cut-in,0.8,0.0,0.0,0.07407407407407407
ba,M-C pair op [cinque],cut-in,1.0,0.0,0.0,0.07407407407407407
ba,M-C pair op [cinque],cut-in,1.2,0.0,0.0,0.07407407407407407
ba,M-C pair op [cinque],cut-in,1.4,0.0,0.0,0.07407407407407407
ba,M-C pair op [cinque],cut-in,1.6,0.0,0.0,0.07407407407407407
ba,M-C pair op [cinque],cut-in,1.8,0.0,0.0,0.07407407407407407
ba,M-C pair op [cinque],cut-in,2.0,0.038461538461538464,0.02564102564102564,0.07407407407407407
ba,M-C pair op [cinque],cut-in,2.2,0.05128205128205128,0.038461538461538464,0.07407407407407407
ba,M-C pair op [cinque],cut-in,2.4,0.05128205128205128,0.038461538461538464,0.1111111111111111
ba,M-C pair op [cinque],cut-in,2.6,0.07692307692307693,0.0641025641025641,0.14814814814814814
ba,M-C pair op [cinque],cut-in,2.8,0.07692307692307693,0.0641025641025641,0.14814814814814814
ba,M-C pair op [cinque],cut-in,3.0,0.11538461538461539,0.0641025641025641,0.14814814814814814
ba,M-C pair op [cinque],cut-in,3.2,0.11538461538461539,0.0641025641025641,0.2222222222222222
ba,M-C pair op [cinque],cut-in,3.4,0.11538461538461539,0.0641025641025641,0.2222222222222222
ba,M-C pair op [cinque],cut-in,3.6,0.1282051282051282,0.07692307692307693,0.2222222222222222
ba,M-C pair op [cinque],cut-in,3.8,0.1282051282051282,0.07692307692307693,0.2222222222222222
ba,M-C pair op [cinque],cut-in,4.0,0.1282051282051282,0.07692307692307693,0.2222222222222222
ba,M-C pair op [cinque],cut-in,4.2,0.1282051282051282,0.07692307692307693,0.2222222222222222
ba,M-C pair op [cinque],cut-in,4.4,0.16666666666666666,0.07692307692307693,0.2222222222222222
ba,M-C pair op [cinque],cut-in,4.6,0.1794871794871795,0.07692307692307693,0.2222222222222222
ba,M-C pair op [cinque],cut-in,4.8,0.1794871794871795,0.07692307692307693,0.2222222222222222
ba,M-C pair op [cinque],cut-in,5.0,0.1794871794871795,0.07692307692307693,0.2222222222222222
ba,M-C pair op [cinque],cut-in,5.2,0.1794871794871795,0.07692307692307693,0.2222222222222222
ba,M-C pair op [cinque],cut-in,5.4,0.2564102564102564,0.07692307692307693,0.2222222222222222
ba,M-C pair op [cinque],cut-in,5.6,0.2564102564102564,0.07692307692307693,0.2222222222222222
ba,M-C pair op [cinque],cut-in,5.8,0.38461538461538464,0.20512820512820512,0.2222222222222222
ba,M-C pair op [cinque],cut-in,6.0,0.6794871794871795,0.46153846153846156,0.2222222222222222
ba,M-C pair op [cinque],cut-in,6.2,0.6794871794871795,0.5,0.25925925925925924
ba,M-C pair op [cinque],cut-in,6.4,0.7564102564102564,0.5769230769230769,0.25925925925925924
ba,M-C pair op [cinque],cut-in,6.6,0.9230769230769231,0.7307692307692307,0.2962962962962963
ba,M-C pair op [cinque],cut-in,6.8,0.9487179487179487,0.7307692307692307,0.3333333333333333
ba,M-C pair op [cinque],cut-in,7.0,0.9487179487179487,0.7307692307692307,0.3333333333333333
ba,M-C pair op [cinque],cut-in,7.2,0.9487179487179487,0.7692307692307693,0.3333333333333333
ba,M-C pair op [cinque],cut-in,7.4,0.9615384615384616,0.782051282051282,0.3333333333333333
ba,M-C pair op [cinque],cut-in,7.6,0.9615384615384616,0.782051282051282,0.37037037037037035
ba,M-C pair op [cinque],cut-in,7.8,0.9615384615384616,0.8461538461538461,0.37037037037037035
ba,M-C pair op [cinque],cut-in,8.0,0.9615384615384616,0.8461538461538461,0.37037037037037035
ba,M-C pair op [cinque],cut-in,8.2,0.9615384615384616,0.8461538461538461,0.4074074074074074
ba,M-C pair op [cinque],cut-in,8.4,0.9615384615384616,0.8717948717948718,0.4074074074074074
ba,M-C pair op [cinque],cut-in,8.6,0.9615384615384616,0.9230769230769231,0.4074074074074074
ba,M-C pair op [cinque],cut-in,8.8,0.9615384615384616,0.9230769230769231,0.4074074074074074
ba,M-C pair op [cinque],cut-in,9.0,0.9615384615384616,0.9230769230769231,0.4074074074074074
ba,M-C pair op [cinque],cut-in,9.2,0.9615384615384616,0.9230769230769231,0.4074074074074074
ba,M-C pair op [cinque],cut-in,9.4,0.9615384615384616,0.9230769230769231,0.4074074074074074
ba,M-C pair op [cinque],cut-in,9.6,0.9615384615384616,0.9487179487179487,0.4074074074074074
ba,M-C pair op [cinque],cut-in,9.8,0.9615384615384616,0.9487179487179487,0.4074074074074074
ba,M-C pair op [cinque],cut-in,10.0,0.9743589743589743,0.9487179487179487,0.4074074074074074
ba,M-C hard [cinque],cut-in,0.0,0.0,0.0,0.0
ba,M-C hard [cinque],cut-in,0.2,0.0,0.0,0.0
ba,M-C hard [cinque],cut-in,0.4,0.0,0.0,0.0
ba,M-C hard [cinque],cut-in,0.6,0.0,0.0,0.0
ba,M-C hard [cinque],cut-in,0.8,0.0,0.0,0.0
ba,M-C hard [cinque],cut-in,1.0,0.0,0.0,0.07407407407407407
ba,M-C hard [cinque],cut-in,1.2,0.0,0.0,0.07407407407407407
ba,M-C hard [cinque],cut-in,1.4,0.0,0.0,0.07407407407407407
ba,M-C hard [cinque],cut-in,1.6,0.0,0.0,0.07407407407407407
ba,M-C hard [cinque],cut-in,1.8,0.0,0.0,0.07407407407407407
ba,M-C hard [cinque],cut-in,2.0,0.02564102564102564,0.02564102564102564,0.07407407407407407
ba,M-C hard [cinque],cut-in,2.2,0.038461538461538464,0.038461538461538464,0.07407407407407407
ba,M-C hard [cinque],cut-in,2.4,0.038461538461538464,0.038461538461538464,0.1111111111111111
ba,M-C hard [cinque],cut-in,2.6,0.038461538461538464,0.038461538461538464,0.1111111111111111
ba,M-C hard [cinque],cut-in,2.8,0.038461538461538464,0.038461538461538464,0.1111111111111111
ba,M-C hard [cinque],cut-in,3.0,0.038461538461538464,0.038461538461538464,0.1111111111111111
ba,M-C hard [cinque],cut-in,3.2,0.038461538461538464,0.038461538461538464,0.1111111111111111
ba,M-C hard [cinque],cut-in,3.4,0.038461538461538464,0.038461538461538464,0.1111111111111111
ba,M-C hard [cinque],cut-in,3.6,0.0641025641025641,0.0641025641025641,0.1111111111111111
ba,M-C hard [cinque],cut-in,3.8,0.0641025641025641,0.0641025641025641,0.1111111111111111
ba,M-C hard [cinque],cut-in,4.0,0.0641025641025641,0.0641025641025641,0.1111111111111111
ba,M-C hard [cinque],cut-in,4.2,0.0641025641025641,0.0641025641025641,0.1111111111111111
ba,M-C hard [cinque],cut-in,4.4,0.0641025641025641,0.0641025641025641,0.1111111111111111
ba,M-C hard [cinque],cut-in,4.6,0.0641025641025641,0.0641025641025641,0.1111111111111111
ba,M-C hard [cinque],cut-in,4.8,0.11538461538461539,0.0641025641025641,0.1111111111111111
ba,M-C hard [cinque],cut-in,5.0,0.11538461538461539,0.0641025641025641,0.1111111111111111
ba,M-C hard [cinque],cut-in,5.2,0.16666666666666666,0.0641025641025641,0.1111111111111111
ba,M-C hard [cinque],cut-in,5.4,0.20512820512820512,0.0641025641025641,0.1111111111111111
ba,M-C hard [cinque],cut-in,5.6,0.20512820512820512,0.0641025641025641,0.1111111111111111
ba,M-C hard [cinque],cut-in,5.8,0.2564102564102564,0.10256410256410256,0.1111111111111111
ba,M-C hard [cinque],cut-in,6.0,0.5641025641025641,0.3717948717948718,0.1111111111111111
ba,M-C hard [cinque],cut-in,6.2,0.6410256410256411,0.44871794871794873,0.1111111111111111
ba,M-C hard [cinque],cut-in,6.4,0.6923076923076923,0.5,0.1111111111111111
ba,M-C hard [cinque],cut-in,6.6,0.8846153846153846,0.6666666666666666,0.18518518518518517
ba,M-C hard [cinque],cut-in,6.8,0.9358974358974359,0.717948717948718,0.2222222222222222
ba,M-C hard [cinque],cut-in,7.0,0.9358974358974359,0.717948717948718,0.2222222222222222
ba,M-C hard [cinque],cut-in,7.2,0.9487179487179487,0.7564102564102564,0.2222222222222222
ba,M-C hard [cinque],cut-in,7.4,0.9487179487179487,0.7692307692307693,0.2222222222222222
ba,M-C hard [cinque],cut-in,7.6,0.9487179487179487,0.7692307692307693,0.2222222222222222
ba,M-C hard [cinque],cut-in,7.8,0.9487179487179487,0.8333333333333334,0.2222222222222222
ba,M-C hard [cinque],cut-in,8.0,0.9487179487179487,0.8333333333333334,0.2222222222222222
ba,M-C hard [cinque],cut-in,8.2,0.9487179487179487,0.8333333333333334,0.2222222222222222
ba,M-C hard [cinque],cut-in,8.4,0.9487179487179487,0.8589743589743589,0.2222222222222222
ba,M-C hard [cinque],cut-in,8.6,0.9487179487179487,0.9102564102564102,0.2222222222222222
ba,M-C hard [cinque],cut-in,8.8,0.9487179487179487,0.9102564102564102,0.2222222222222222
ba,M-C hard [cinque],cut-in,9.0,0.9487179487179487,0.9102564102564102,0.2222222222222222
ba,M-C hard [cinque],cut-in,9.2,0.9487179487179487,0.9102564102564102,0.2222222222222222
ba,M-C hard [cinque],cut-in,9.4,0.9487179487179487,0.9102564102564102,0.2222222222222222
ba,M-C hard [cinque],cut-in,9.6,0.9615384615384616,0.9358974358974359,0.2222222222222222
ba,M-C hard [cinque],cut-in,9.8,0.9615384615384616,0.9358974358974359,0.2222222222222222
ba,M-C hard [cinque],cut-in,10.0,0.9615384615384616,0.9358974358974359,0.2222222222222222
ba,M-C uniform [cinque],cut-in,0.0,0.0,0.0,0.0
ba,M-C uniform [cinque],cut-in,0.2,0.0,0.0,0.0
ba,M-C uniform [cinque],cut-in,0.4,0.0,0.0,0.0
ba,M-C uniform [cinque],cut-in,0.6,0.0,0.0,0.0
ba,M-C uniform [cinque],cut-in,0.8,0.0,0.0,0.037037037037037035
ba,M-C uniform [cinque],cut-in,1.0,0.0,0.0,0.07407407407407407
ba,M-C uniform [cinque],cut-in,1.2,0.0,0.0,0.07407407407407407
ba,M-C uniform [cinque],cut-in,1.4,0.0,0.0,0.07407407407407407
ba,M-C uniform [cinque],cut-in,1.6,0.0,0.0,0.07407407407407407
ba,M-C uniform [cinque],cut-in,1.8,0.0,0.0,0.07407407407407407
ba,M-C uniform [cinque],cut-in,2.0,0.0,0.0,0.07407407407407407
ba,M-C uniform [cinque],cut-in,2.2,0.038461538461538464,0.038461538461538464,0.07407407407407407
ba,M-C uniform [cinque],cut-in,2.4,0.038461538461538464,0.038461538461538464,0.1111111111111111
ba,M-C uniform [cinque],cut-in,2.6,0.038461538461538464,0.038461538461538464,0.1111111111111111
ba,M-C uniform [cinque],cut-in,2.8,0.038461538461538464,0.038461538461538464,0.1111111111111111
ba,M-C uniform [cinque],cut-in,3.0,0.038461538461538464,0.038461538461538464,0.1111111111111111
ba,M-C uniform [cinque],cut-in,3.2,0.038461538461538464,0.038461538461538464,0.1111111111111111
ba,M-C uniform [cinque],cut-in,3.4,0.038461538461538464,0.038461538461538464,0.1111111111111111
ba,M-C uniform [cinque],cut-in,3.6,0.0641025641025641,0.0641025641025641,0.1111111111111111
ba,M-C uniform [cinque],cut-in,3.8,0.0641025641025641,0.0641025641025641,0.1111111111111111
ba,M-C uniform [cinque],cut-in,4.0,0.0641025641025641,0.0641025641025641,0.1111111111111111
ba,M-C uniform [cinque],cut-in,4.2,0.0641025641025641,0.0641025641025641,0.1111111111111111
ba,M-C uniform [cinque],cut-in,4.4,0.0641025641025641,0.0641025641025641,0.1111111111111111
ba,M-C uniform [cinque],cut-in,4.6,0.0641025641025641,0.0641025641025641,0.1111111111111111
ba,M-C uniform [cinque],cut-in,4.8,0.10256410256410256,0.0641025641025641,0.1111111111111111
ba,M-C uniform [cinque],cut-in,5.0,0.10256410256410256,0.0641025641025641,0.1111111111111111
ba,M-C uniform [cinque],cut-in,5.2,0.14102564102564102,0.0641025641025641,0.1111111111111111
ba,M-C uniform [cinque],cut-in,5.4,0.20512820512820512,0.0641025641025641,0.1111111111111111
ba,M-C uniform [cinque],cut-in,5.6,0.20512820512820512,0.0641025641025641,0.1111111111111111
ba,M-C uniform [cinque],cut-in,5.8,0.24358974358974358,0.08974358974358974,0.1111111111111111
ba,M-C uniform [cinque],cut-in,6.0,0.5641025641025641,0.3717948717948718,0.1111111111111111
ba,M-C uniform [cinque],cut-in,6.2,0.6538461538461539,0.46153846153846156,0.1111111111111111
ba,M-C uniform [cinque],cut-in,6.4,0.6794871794871795,0.48717948717948717,0.1111111111111111
ba,M-C uniform [cinque],cut-in,6.6,0.8974358974358975,0.6794871794871795,0.18518518518518517
ba,M-C uniform [cinque],cut-in,6.8,0.9358974358974359,0.717948717948718,0.18518518518518517
ba,M-C uniform [cinque],cut-in,7.0,0.9358974358974359,0.717948717948718,0.2222222222222222
ba,M-C uniform [cinque],cut-in,7.2,0.9358974358974359,0.7564102564102564,0.2222222222222222
ba,M-C uniform [cinque],cut-in,7.4,0.9487179487179487,0.7692307692307693,0.2222222222222222
ba,M-C uniform [cinque],cut-in,7.6,0.9487179487179487,0.7692307692307693,0.2222222222222222
ba,M-C uniform [cinque],cut-in,7.8,0.9487179487179487,0.8333333333333334,0.2222222222222222
ba,M-C uniform [cinque],cut-in,8.0,0.9487179487179487,0.8333333333333334,0.2222222222222222
ba,M-C uniform [cinque],cut-in,8.2,0.9487179487179487,0.8333333333333334,0.2222222222222222
ba,M-C uniform [cinque],cut-in,8.4,0.9487179487179487,0.8589743589743589,0.2222222222222222
ba,M-C uniform [cinque],cut-in,8.6,0.9487179487179487,0.9102564102564102,0.2222222222222222
ba,M-C uniform [cinque],cut-in,8.8,0.9487179487179487,0.9102564102564102,0.2222222222222222
ba,M-C uniform [cinque],cut-in,9.0,0.9487179487179487,0.9102564102564102,0.2222222222222222
ba,M-C uniform [cinque],cut-in,9.2,0.9487179487179487,0.9102564102564102,0.2222222222222222
ba,M-C uniform [cinque],cut-in,9.4,0.9487179487179487,0.9102564102564102,0.2222222222222222
ba,M-C uniform [cinque],cut-in,9.6,0.9615384615384616,0.9358974358974359,0.2222222222222222
ba,M-C uniform [cinque],cut-in,9.8,0.9615384615384616,0.9358974358974359,0.2222222222222222
ba,M-C uniform [cinque],cut-in,10.0,0.9615384615384616,0.9358974358974359,0.2222222222222222
ba,prior [lebowski],cut-in,0.0,0.0,0.0,0.037037037037037035
ba,prior [lebowski],cut-in,0.2,0.0,0.0,0.037037037037037035
ba,prior [lebowski],cut-in,0.4,0.0,0.0,0.037037037037037035
ba,prior [lebowski],cut-in,0.6,0.0,0.0,0.037037037037037035
ba,prior [lebowski],cut-in,0.8,0.0,0.0,0.037037037037037035
ba,prior [lebowski],cut-in,1.0,0.0,0.0,0.037037037037037035
ba,prior [lebowski],cut-in,1.2,0.0,0.0,0.037037037037037035
ba,prior [lebowski],cut-in,1.4,0.0,0.0,0.037037037037037035
ba,prior [lebowski],cut-in,1.6,0.0,0.0,0.037037037037037035
ba,prior [lebowski],cut-in,1.8,0.0,0.0,0.037037037037037035
ba,prior [lebowski],cut-in,2.0,0.0,0.0,0.037037037037037035
ba,prior [lebowski],cut-in,2.2,0.01282051282051282,0.01282051282051282,0.037037037037037035
ba,prior [lebowski],cut-in,2.4,0.038461538461538464,0.038461538461538464,0.07407407407407407
ba,prior [lebowski],cut-in,2.6,0.0641025641025641,0.038461538461538464,0.07407407407407407
ba,prior [lebowski],cut-in,2.8,0.07692307692307693,0.038461538461538464,0.07407407407407407
ba,prior [lebowski],cut-in,3.0,0.07692307692307693,0.038461538461538464,0.07407407407407407
ba,prior [lebowski],cut-in,3.2,0.1282051282051282,0.0641025641025641,0.07407407407407407
ba,prior [lebowski],cut-in,3.4,0.1282051282051282,0.0641025641025641,0.2222222222222222
ba,prior [lebowski],cut-in,3.6,0.1282051282051282,0.0641025641025641,0.25925925925925924
ba,prior [lebowski],cut-in,3.8,0.16666666666666666,0.0641025641025641,0.25925925925925924
ba,prior [lebowski],cut-in,4.0,0.1794871794871795,0.0641025641025641,0.2962962962962963
ba,prior [lebowski],cut-in,4.2,0.1794871794871795,0.0641025641025641,0.2962962962962963
ba,prior [lebowski],cut-in,4.4,0.1794871794871795,0.0641025641025641,0.2962962962962963
ba,prior [lebowski],cut-in,4.6,0.1794871794871795,0.0641025641025641,0.2962962962962963
ba,prior [lebowski],cut-in,4.8,0.1794871794871795,0.0641025641025641,0.3333333333333333
ba,prior [lebowski],cut-in,5.0,0.21794871794871795,0.0641025641025641,0.3333333333333333
ba,prior [lebowski],cut-in,5.2,0.23076923076923078,0.0641025641025641,0.3333333333333333
ba,prior [lebowski],cut-in,5.4,0.28205128205128205,0.0641025641025641,0.3333333333333333
ba,prior [lebowski],cut-in,5.6,0.2948717948717949,0.0641025641025641,0.3333333333333333
ba,prior [lebowski],cut-in,5.8,0.34615384615384615,0.07692307692307693,0.3333333333333333
ba,prior [lebowski],cut-in,6.0,0.4358974358974359,0.21794871794871795,0.3333333333333333
ba,prior [lebowski],cut-in,6.2,0.6923076923076923,0.47435897435897434,0.37037037037037035
ba,prior [lebowski],cut-in,6.4,0.717948717948718,0.5,0.37037037037037035
ba,prior [lebowski],cut-in,6.6,0.782051282051282,0.5641025641025641,0.37037037037037035
ba,prior [lebowski],cut-in,6.8,0.8205128205128205,0.6025641025641025,0.4444444444444444
ba,prior [lebowski],cut-in,7.0,0.8717948717948718,0.6538461538461539,0.4444444444444444
ba,prior [lebowski],cut-in,7.2,0.9102564102564102,0.7307692307692307,0.5185185185185185
ba,prior [lebowski],cut-in,7.4,0.9358974358974359,0.7692307692307693,0.5555555555555556
ba,prior [lebowski],cut-in,7.6,0.9487179487179487,0.7692307692307693,0.5925925925925926
ba,prior [lebowski],cut-in,7.8,0.9487179487179487,0.8333333333333334,0.5925925925925926
ba,prior [lebowski],cut-in,8.0,0.9487179487179487,0.8333333333333334,0.5925925925925926
ba,prior [lebowski],cut-in,8.2,0.9487179487179487,0.8333333333333334,0.5925925925925926
ba,prior [lebowski],cut-in,8.4,0.9487179487179487,0.8589743589743589,0.5925925925925926
ba,prior [lebowski],cut-in,8.6,0.9487179487179487,0.9102564102564102,0.5925925925925926
ba,prior [lebowski],cut-in,8.8,0.9487179487179487,0.9102564102564102,0.5925925925925926
ba,prior [lebowski],cut-in,9.0,0.9487179487179487,0.9102564102564102,0.5925925925925926
ba,prior [lebowski],cut-in,9.2,0.9615384615384616,0.9102564102564102,0.5925925925925926
ba,prior [lebowski],cut-in,9.4,0.9615384615384616,0.9102564102564102,0.5925925925925926
ba,prior [lebowski],cut-in,9.6,0.9615384615384616,0.9358974358974359,0.5925925925925926
ba,prior [lebowski],cut-in,9.8,0.9615384615384616,0.9358974358974359,0.5925925925925926
ba,prior [lebowski],cut-in,10.0,0.9743589743589743,0.9358974358974359,0.5925925925925926
ba,M-C pair [lebowski],cut-in,0.0,0.0,0.0,0.0
ba,M-C pair [lebowski],cut-in,0.2,0.0,0.0,0.0
ba,M-C pair [lebowski],cut-in,0.4,0.0,0.0,0.07407407407407407
ba,M-C pair [lebowski],cut-in,0.6,0.0,0.0,0.07407407407407407
ba,M-C pair [lebowski],cut-in,0.8,0.0,0.0,0.07407407407407407
ba,M-C pair [lebowski],cut-in,1.0,0.0,0.0,0.1111111111111111
ba,M-C pair [lebowski],cut-in,1.2,0.0,0.0,0.1111111111111111
ba,M-C pair [lebowski],cut-in,1.4,0.0,0.0,0.14814814814814814
ba,M-C pair [lebowski],cut-in,1.6,0.0,0.0,0.14814814814814814
ba,M-C pair [lebowski],cut-in,1.8,0.0,0.0,0.14814814814814814
ba,M-C pair [lebowski],cut-in,2.0,0.0,0.0,0.14814814814814814
ba,M-C pair [lebowski],cut-in,2.2,0.038461538461538464,0.038461538461538464,0.14814814814814814
ba,M-C pair [lebowski],cut-in,2.4,0.038461538461538464,0.038461538461538464,0.18518518518518517
ba,M-C pair [lebowski],cut-in,2.6,0.0641025641025641,0.0641025641025641,0.18518518518518517
ba,M-C pair [lebowski],cut-in,2.8,0.0641025641025641,0.0641025641025641,0.18518518518518517
ba,M-C pair [lebowski],cut-in,3.0,0.0641025641025641,0.0641025641025641,0.18518518518518517
ba,M-C pair [lebowski],cut-in,3.2,0.10256410256410256,0.07692307692307693,0.18518518518518517
ba,M-C pair [lebowski],cut-in,3.4,0.10256410256410256,0.07692307692307693,0.18518518518518517
ba,M-C pair [lebowski],cut-in,3.6,0.10256410256410256,0.07692307692307693,0.2222222222222222
ba,M-C pair [lebowski],cut-in,3.8,0.10256410256410256,0.07692307692307693,0.2222222222222222
ba,M-C pair [lebowski],cut-in,4.0,0.11538461538461539,0.07692307692307693,0.25925925925925924
ba,M-C pair [lebowski],cut-in,4.2,0.11538461538461539,0.07692307692307693,0.25925925925925924
ba,M-C pair [lebowski],cut-in,4.4,0.1282051282051282,0.07692307692307693,0.3333333333333333
ba,M-C pair [lebowski],cut-in,4.6,0.14102564102564102,0.07692307692307693,0.3333333333333333
ba,M-C pair [lebowski],cut-in,4.8,0.15384615384615385,0.07692307692307693,0.3333333333333333
ba,M-C pair [lebowski],cut-in,5.0,0.16666666666666666,0.07692307692307693,0.3333333333333333
ba,M-C pair [lebowski],cut-in,5.2,0.19230769230769232,0.07692307692307693,0.3333333333333333
ba,M-C pair [lebowski],cut-in,5.4,0.19230769230769232,0.07692307692307693,0.3333333333333333
ba,M-C pair [lebowski],cut-in,5.6,0.20512820512820512,0.07692307692307693,0.3333333333333333
ba,M-C pair [lebowski],cut-in,5.8,0.23076923076923078,0.10256410256410256,0.3333333333333333
ba,M-C pair [lebowski],cut-in,6.0,0.47435897435897434,0.3717948717948718,0.3333333333333333
ba,M-C pair [lebowski],cut-in,6.2,0.5897435897435898,0.5,0.3333333333333333
ba,M-C pair [lebowski],cut-in,6.4,0.6410256410256411,0.5641025641025641,0.4074074074074074
ba,M-C pair [lebowski],cut-in,6.6,0.7564102564102564,0.6794871794871795,0.4074074074074074
ba,M-C pair [lebowski],cut-in,6.8,0.782051282051282,0.7051282051282052,0.4444444444444444
ba,M-C pair [lebowski],cut-in,7.0,0.8589743589743589,0.7307692307692307,0.4444444444444444
ba,M-C pair [lebowski],cut-in,7.2,0.9102564102564102,0.7692307692307693,0.5555555555555556
ba,M-C pair [lebowski],cut-in,7.4,0.9358974358974359,0.782051282051282,0.5555555555555556
ba,M-C pair [lebowski],cut-in,7.6,0.9358974358974359,0.782051282051282,0.5555555555555556
ba,M-C pair [lebowski],cut-in,7.8,0.9487179487179487,0.8333333333333334,0.6296296296296297
ba,M-C pair [lebowski],cut-in,8.0,0.9487179487179487,0.8461538461538461,0.6296296296296297
ba,M-C pair [lebowski],cut-in,8.2,0.9487179487179487,0.8461538461538461,0.6296296296296297
ba,M-C pair [lebowski],cut-in,8.4,0.9615384615384616,0.8717948717948718,0.6296296296296297
ba,M-C pair [lebowski],cut-in,8.6,0.9615384615384616,0.9230769230769231,0.6296296296296297
ba,M-C pair [lebowski],cut-in,8.8,0.9615384615384616,0.9230769230769231,0.6296296296296297
ba,M-C pair [lebowski],cut-in,9.0,0.9743589743589743,0.9230769230769231,0.6296296296296297
ba,M-C pair [lebowski],cut-in,9.2,0.9743589743589743,0.9230769230769231,0.6296296296296297
ba,M-C pair [lebowski],cut-in,9.4,0.9743589743589743,0.9230769230769231,0.6296296296296297
ba,M-C pair [lebowski],cut-in,9.6,0.9743589743589743,0.9487179487179487,0.6296296296296297
ba,M-C pair [lebowski],cut-in,9.8,0.9743589743589743,0.9487179487179487,0.6296296296296297
ba,M-C pair [lebowski],cut-in,10.0,0.9743589743589743,0.9487179487179487,0.6296296296296297
ba,M-C pair (mu=0) [lebowski],cut-in,0.0,0.0,0.0,0.0
ba,M-C pair (mu=0) [lebowski],cut-in,0.2,0.0,0.0,0.037037037037037035
ba,M-C pair (mu=0) [lebowski],cut-in,0.4,0.0,0.0,0.037037037037037035
ba,M-C pair (mu=0) [lebowski],cut-in,0.6,0.0,0.0,0.037037037037037035
ba,M-C pair (mu=0) [lebowski],cut-in,0.8,0.0,0.0,0.1111111111111111
ba,M-C pair (mu=0) [lebowski],cut-in,1.0,0.0,0.0,0.1111111111111111
ba,M-C pair (mu=0) [lebowski],cut-in,1.2,0.0,0.0,0.18518518518518517
ba,M-C pair (mu=0) [lebowski],cut-in,1.4,0.0,0.0,0.18518518518518517
ba,M-C pair (mu=0) [lebowski],cut-in,1.6,0.0,0.0,0.18518518518518517
ba,M-C pair (mu=0) [lebowski],cut-in,1.8,0.0,0.0,0.18518518518518517
ba,M-C pair (mu=0) [lebowski],cut-in,2.0,0.0,0.0,0.18518518518518517
ba,M-C pair (mu=0) [lebowski],cut-in,2.2,0.038461538461538464,0.038461538461538464,0.18518518518518517
ba,M-C pair (mu=0) [lebowski],cut-in,2.4,0.038461538461538464,0.038461538461538464,0.18518518518518517
ba,M-C pair (mu=0) [lebowski],cut-in,2.6,0.07692307692307693,0.07692307692307693,0.18518518518518517
ba,M-C pair (mu=0) [lebowski],cut-in,2.8,0.07692307692307693,0.07692307692307693,0.18518518518518517
ba,M-C pair (mu=0) [lebowski],cut-in,3.0,0.07692307692307693,0.07692307692307693,0.18518518518518517
ba,M-C pair (mu=0) [lebowski],cut-in,3.2,0.07692307692307693,0.07692307692307693,0.2222222222222222
ba,M-C pair (mu=0) [lebowski],cut-in,3.4,0.07692307692307693,0.07692307692307693,0.2222222222222222
ba,M-C pair (mu=0) [lebowski],cut-in,3.6,0.07692307692307693,0.07692307692307693,0.2222222222222222
ba,M-C pair (mu=0) [lebowski],cut-in,3.8,0.07692307692307693,0.07692307692307693,0.2222222222222222
ba,M-C pair (mu=0) [lebowski],cut-in,4.0,0.07692307692307693,0.07692307692307693,0.2222222222222222
ba,M-C pair (mu=0) [lebowski],cut-in,4.2,0.07692307692307693,0.07692307692307693,0.2222222222222222
ba,M-C pair (mu=0) [lebowski],cut-in,4.4,0.07692307692307693,0.07692307692307693,0.2222222222222222
ba,M-C pair (mu=0) [lebowski],cut-in,4.6,0.07692307692307693,0.07692307692307693,0.2222222222222222
ba,M-C pair (mu=0) [lebowski],cut-in,4.8,0.08974358974358974,0.07692307692307693,0.2222222222222222
ba,M-C pair (mu=0) [lebowski],cut-in,5.0,0.08974358974358974,0.07692307692307693,0.2222222222222222
ba,M-C pair (mu=0) [lebowski],cut-in,5.2,0.08974358974358974,0.07692307692307693,0.2222222222222222
ba,M-C pair (mu=0) [lebowski],cut-in,5.4,0.08974358974358974,0.07692307692307693,0.2222222222222222
ba,M-C pair (mu=0) [lebowski],cut-in,5.6,0.08974358974358974,0.07692307692307693,0.2222222222222222
ba,M-C pair (mu=0) [lebowski],cut-in,5.8,0.11538461538461539,0.10256410256410256,0.2222222222222222
ba,M-C pair (mu=0) [lebowski],cut-in,6.0,0.358974358974359,0.32051282051282054,0.2222222222222222
ba,M-C pair (mu=0) [lebowski],cut-in,6.2,0.5512820512820513,0.47435897435897434,0.2222222222222222
ba,M-C pair (mu=0) [lebowski],cut-in,6.4,0.6025641025641025,0.5256410256410257,0.25925925925925924
ba,M-C pair (mu=0) [lebowski],cut-in,6.6,0.717948717948718,0.6410256410256411,0.25925925925925924
ba,M-C pair (mu=0) [lebowski],cut-in,6.8,0.7307692307692307,0.6538461538461539,0.3333333333333333
ba,M-C pair (mu=0) [lebowski],cut-in,7.0,0.782051282051282,0.6923076923076923,0.3333333333333333
ba,M-C pair (mu=0) [lebowski],cut-in,7.2,0.782051282051282,0.7307692307692307,0.3333333333333333
ba,M-C pair (mu=0) [lebowski],cut-in,7.4,0.7948717948717948,0.7307692307692307,0.3333333333333333
ba,M-C pair (mu=0) [lebowski],cut-in,7.6,0.8076923076923077,0.7307692307692307,0.3333333333333333
ba,M-C pair (mu=0) [lebowski],cut-in,7.8,0.8076923076923077,0.7692307692307693,0.37037037037037035
ba,M-C pair (mu=0) [lebowski],cut-in,8.0,0.8461538461538461,0.782051282051282,0.37037037037037035
ba,M-C pair (mu=0) [lebowski],cut-in,8.2,0.8717948717948718,0.782051282051282,0.37037037037037035
ba,M-C pair (mu=0) [lebowski],cut-in,8.4,0.8846153846153846,0.8076923076923077,0.37037037037037035
ba,M-C pair (mu=0) [lebowski],cut-in,8.6,0.8974358974358975,0.8589743589743589,0.37037037037037035
ba,M-C pair (mu=0) [lebowski],cut-in,8.8,0.9102564102564102,0.8846153846153846,0.37037037037037035
ba,M-C pair (mu=0) [lebowski],cut-in,9.0,0.9358974358974359,0.8846153846153846,0.37037037037037035
ba,M-C pair (mu=0) [lebowski],cut-in,9.2,0.9358974358974359,0.8846153846153846,0.37037037037037035
ba,M-C pair (mu=0) [lebowski],cut-in,9.4,0.9358974358974359,0.8846153846153846,0.37037037037037035
ba,M-C pair (mu=0) [lebowski],cut-in,9.6,0.9358974358974359,0.9102564102564102,0.37037037037037035
ba,M-C pair (mu=0) [lebowski],cut-in,9.8,0.9358974358974359,0.9102564102564102,0.37037037037037035
ba,M-C pair (mu=0) [lebowski],cut-in,10.0,0.9358974358974359,0.9102564102564102,0.37037037037037035
ba,M-C pair qwen [lebowski],cut-in,0.0,0.0,0.0,0.0
ba,M-C pair qwen [lebowski],cut-in,0.2,0.0,0.0,0.037037037037037035
ba,M-C pair qwen [lebowski],cut-in,0.4,0.0,0.0,0.1111111111111111
ba,M-C pair qwen [lebowski],cut-in,0.6,0.0,0.0,0.1111111111111111
ba,M-C pair qwen [lebowski],cut-in,0.8,0.0,0.0,0.1111111111111111
ba,M-C pair qwen [lebowski],cut-in,1.0,0.0,0.0,0.14814814814814814
ba,M-C pair qwen [lebowski],cut-in,1.2,0.0,0.0,0.14814814814814814
ba,M-C pair qwen [lebowski],cut-in,1.4,0.0,0.0,0.14814814814814814
ba,M-C pair qwen [lebowski],cut-in,1.6,0.0,0.0,0.14814814814814814
ba,M-C pair qwen [lebowski],cut-in,1.8,0.0,0.0,0.18518518518518517
ba,M-C pair qwen [lebowski],cut-in,2.0,0.0,0.0,0.18518518518518517
ba,M-C pair qwen [lebowski],cut-in,2.2,0.02564102564102564,0.02564102564102564,0.18518518518518517
ba,M-C pair qwen [lebowski],cut-in,2.4,0.038461538461538464,0.038461538461538464,0.2222222222222222
ba,M-C pair qwen [lebowski],cut-in,2.6,0.05128205128205128,0.05128205128205128,0.2222222222222222
ba,M-C pair qwen [lebowski],cut-in,2.8,0.05128205128205128,0.05128205128205128,0.2222222222222222
ba,M-C pair qwen [lebowski],cut-in,3.0,0.05128205128205128,0.05128205128205128,0.2222222222222222
ba,M-C pair qwen [lebowski],cut-in,3.2,0.07692307692307693,0.0641025641025641,0.2222222222222222
ba,M-C pair qwen [lebowski],cut-in,3.4,0.07692307692307693,0.0641025641025641,0.2222222222222222
ba,M-C pair qwen [lebowski],cut-in,3.6,0.08974358974358974,0.0641025641025641,0.2222222222222222
ba,M-C pair qwen [lebowski],cut-in,3.8,0.10256410256410256,0.0641025641025641,0.2222222222222222
ba,M-C pair qwen [lebowski],cut-in,4.0,0.10256410256410256,0.0641025641025641,0.25925925925925924
ba,M-C pair qwen [lebowski],cut-in,4.2,0.11538461538461539,0.0641025641025641,0.25925925925925924
ba,M-C pair qwen [lebowski],cut-in,4.4,0.1282051282051282,0.0641025641025641,0.2962962962962963
ba,M-C pair qwen [lebowski],cut-in,4.6,0.14102564102564102,0.0641025641025641,0.2962962962962963
ba,M-C pair qwen [lebowski],cut-in,4.8,0.14102564102564102,0.0641025641025641,0.2962962962962963
ba,M-C pair qwen [lebowski],cut-in,5.0,0.15384615384615385,0.0641025641025641,0.2962962962962963
ba,M-C pair qwen [lebowski],cut-in,5.2,0.1794871794871795,0.0641025641025641,0.2962962962962963
ba,M-C pair qwen [lebowski],cut-in,5.4,0.1794871794871795,0.0641025641025641,0.3333333333333333
ba,M-C pair qwen [lebowski],cut-in,5.6,0.1794871794871795,0.0641025641025641,0.3333333333333333
ba,M-C pair qwen [lebowski],cut-in,5.8,0.19230769230769232,0.07692307692307693,0.3333333333333333
ba,M-C pair qwen [lebowski],cut-in,6.0,0.2948717948717949,0.20512820512820512,0.3333333333333333
ba,M-C pair qwen [lebowski],cut-in,6.2,0.5256410256410257,0.4230769230769231,0.3333333333333333
ba,M-C pair qwen [lebowski],cut-in,6.4,0.5897435897435898,0.48717948717948717,0.4074074074074074
ba,M-C pair qwen [lebowski],cut-in,6.6,0.6923076923076923,0.5512820512820513,0.4074074074074074
ba,M-C pair qwen [lebowski],cut-in,6.8,0.717948717948718,0.5641025641025641,0.48148148148148145
ba,M-C pair qwen [lebowski],cut-in,7.0,0.782051282051282,0.5897435897435898,0.5185185185185185
ba,M-C pair qwen [lebowski],cut-in,7.2,0.8076923076923077,0.6538461538461539,0.5925925925925926
ba,M-C pair qwen [lebowski],cut-in,7.4,0.8846153846153846,0.7307692307692307,0.5925925925925926
ba,M-C pair qwen [lebowski],cut-in,7.6,0.8846153846153846,0.7307692307692307,0.5925925925925926
ba,M-C pair qwen [lebowski],cut-in,7.8,0.8846153846153846,0.7692307692307693,0.5925925925925926
ba,M-C pair qwen [lebowski],cut-in,8.0,0.8846153846153846,0.7948717948717948,0.5925925925925926
ba,M-C pair qwen [lebowski],cut-in,8.2,0.8974358974358975,0.7948717948717948,0.5925925925925926
ba,M-C pair qwen [lebowski],cut-in,8.4,0.9102564102564102,0.8205128205128205,0.5925925925925926
ba,M-C pair qwen [lebowski],cut-in,8.6,0.9102564102564102,0.8717948717948718,0.5925925925925926
ba,M-C pair qwen [lebowski],cut-in,8.8,0.9102564102564102,0.8717948717948718,0.5925925925925926
ba,M-C pair qwen [lebowski],cut-in,9.0,0.9102564102564102,0.8717948717948718,0.5925925925925926
ba,M-C pair qwen [lebowski],cut-in,9.2,0.9102564102564102,0.8717948717948718,0.5925925925925926
ba,M-C pair qwen [lebowski],cut-in,9.4,0.9230769230769231,0.8717948717948718,0.5925925925925926
ba,M-C pair qwen [lebowski],cut-in,9.6,0.9230769230769231,0.8974358974358975,0.5925925925925926
ba,M-C pair qwen [lebowski],cut-in,9.8,0.9230769230769231,0.8974358974358975,0.5925925925925926
ba,M-C pair qwen [lebowski],cut-in,10.0,0.9230769230769231,0.8974358974358975,0.5925925925925926
ba,M-C pair op [lebowski],cut-in,0.0,0.0,0.0,0.037037037037037035
ba,M-C pair op [lebowski],cut-in,0.2,0.0,0.0,0.037037037037037035
ba,M-C pair op [lebowski],cut-in,0.4,0.0,0.0,0.037037037037037035
ba,M-C pair op [lebowski],cut-in,0.6,0.0,0.0,0.037037037037037035
ba,M-C pair op [lebowski],cut-in,0.8,0.0,0.0,0.1111111111111111
ba,M-C pair op [lebowski],cut-in,1.0,0.0,0.0,0.14814814814814814
ba,M-C pair op [lebowski],cut-in,1.2,0.0,0.0,0.18518518518518517
ba,M-C pair op [lebowski],cut-in,1.4,0.0,0.0,0.2222222222222222
ba,M-C pair op [lebowski],cut-in,1.6,0.0,0.0,0.2222222222222222
ba,M-C pair op [lebowski],cut-in,1.8,0.0,0.0,0.25925925925925924
ba,M-C pair op [lebowski],cut-in,2.0,0.0,0.0,0.25925925925925924
ba,M-C pair op [lebowski],cut-in,2.2,0.07692307692307693,0.07692307692307693,0.2962962962962963
ba,M-C pair op [lebowski],cut-in,2.4,0.07692307692307693,0.07692307692307693,0.3333333333333333
ba,M-C pair op [lebowski],cut-in,2.6,0.11538461538461539,0.07692307692307693,0.3333333333333333
ba,M-C pair op [lebowski],cut-in,2.8,0.11538461538461539,0.07692307692307693,0.37037037037037035
ba,M-C pair op [lebowski],cut-in,3.0,0.11538461538461539,0.07692307692307693,0.37037037037037035
ba,M-C pair op [lebowski],cut-in,3.2,0.15384615384615385,0.07692307692307693,0.37037037037037035
ba,M-C pair op [lebowski],cut-in,3.4,0.15384615384615385,0.07692307692307693,0.37037037037037035
ba,M-C pair op [lebowski],cut-in,3.6,0.1794871794871795,0.07692307692307693,0.37037037037037035
ba,M-C pair op [lebowski],cut-in,3.8,0.20512820512820512,0.07692307692307693,0.37037037037037035
ba,M-C pair op [lebowski],cut-in,4.0,0.23076923076923078,0.07692307692307693,0.37037037037037035
ba,M-C pair op [lebowski],cut-in,4.2,0.23076923076923078,0.07692307692307693,0.4074074074074074
ba,M-C pair op [lebowski],cut-in,4.4,0.23076923076923078,0.07692307692307693,0.4074074074074074
ba,M-C pair op [lebowski],cut-in,4.6,0.23076923076923078,0.07692307692307693,0.4074074074074074
ba,M-C pair op [lebowski],cut-in,4.8,0.23076923076923078,0.07692307692307693,0.4074074074074074
ba,M-C pair op [lebowski],cut-in,5.0,0.23076923076923078,0.07692307692307693,0.4074074074074074
ba,M-C pair op [lebowski],cut-in,5.2,0.23076923076923078,0.07692307692307693,0.4074074074074074
ba,M-C pair op [lebowski],cut-in,5.4,0.2564102564102564,0.07692307692307693,0.4074074074074074
ba,M-C pair op [lebowski],cut-in,5.6,0.2692307692307692,0.07692307692307693,0.4074074074074074
ba,M-C pair op [lebowski],cut-in,5.8,0.3076923076923077,0.1282051282051282,0.4074074074074074
ba,M-C pair op [lebowski],cut-in,6.0,0.5641025641025641,0.3974358974358974,0.4444444444444444
ba,M-C pair op [lebowski],cut-in,6.2,0.6538461538461539,0.5,0.48148148148148145
ba,M-C pair op [lebowski],cut-in,6.4,0.7435897435897436,0.5897435897435898,0.48148148148148145
ba,M-C pair op [lebowski],cut-in,6.6,0.8974358974358975,0.717948717948718,0.5185185185185185
ba,M-C pair op [lebowski],cut-in,6.8,0.9102564102564102,0.7307692307692307,0.5925925925925926
ba,M-C pair op [lebowski],cut-in,7.0,0.9230769230769231,0.7307692307692307,0.6296296296296297
ba,M-C pair op [lebowski],cut-in,7.2,0.9487179487179487,0.7692307692307693,0.7037037037037037
ba,M-C pair op [lebowski],cut-in,7.4,0.9487179487179487,0.782051282051282,0.7037037037037037
ba,M-C pair op [lebowski],cut-in,7.6,0.9487179487179487,0.782051282051282,0.7037037037037037
ba,M-C pair op [lebowski],cut-in,7.8,0.9615384615384616,0.8461538461538461,0.7037037037037037
ba,M-C pair op [lebowski],cut-in,8.0,0.9615384615384616,0.8461538461538461,0.7037037037037037
ba,M-C pair op [lebowski],cut-in,8.2,0.9615384615384616,0.8461538461538461,0.7037037037037037
ba,M-C pair op [lebowski],cut-in,8.4,0.9615384615384616,0.8717948717948718,0.7037037037037037
ba,M-C pair op [lebowski],cut-in,8.6,0.9615384615384616,0.9230769230769231,0.7407407407407407
ba,M-C pair op [lebowski],cut-in,8.8,0.9615384615384616,0.9230769230769231,0.7407407407407407
ba,M-C pair op [lebowski],cut-in,9.0,0.9743589743589743,0.9230769230769231,0.7407407407407407
ba,M-C pair op [lebowski],cut-in,9.2,0.9743589743589743,0.9230769230769231,0.7407407407407407
ba,M-C pair op [lebowski],cut-in,9.4,0.9743589743589743,0.9230769230769231,0.7407407407407407
ba,M-C pair op [lebowski],cut-in,9.6,0.9743589743589743,0.9487179487179487,0.7407407407407407
ba,M-C pair op [lebowski],cut-in,9.8,0.9743589743589743,0.9487179487179487,0.7407407407407407
ba,M-C pair op [lebowski],cut-in,10.0,0.9743589743589743,0.9487179487179487,0.7407407407407407
ba,M-C hard [lebowski],cut-in,0.0,0.0,0.0,0.037037037037037035
ba,M-C hard [lebowski],cut-in,0.2,0.0,0.0,0.037037037037037035
ba,M-C hard [lebowski],cut-in,0.4,0.0,0.0,0.037037037037037035
ba,M-C hard [lebowski],cut-in,0.6,0.0,0.0,0.037037037037037035
ba,M-C hard [lebowski],cut-in,0.8,0.0,0.0,0.037037037037037035
ba,M-C hard [lebowski],cut-in,1.0,0.0,0.0,0.037037037037037035
ba,M-C hard [lebowski],cut-in,1.2,0.0,0.0,0.037037037037037035
ba,M-C hard [lebowski],cut-in,1.4,0.0,0.0,0.037037037037037035
ba,M-C hard [lebowski],cut-in,1.6,0.0,0.0,0.037037037037037035
ba,M-C hard [lebowski],cut-in,1.8,0.0,0.0,0.037037037037037035
ba,M-C hard [lebowski],cut-in,2.0,0.0,0.0,0.037037037037037035
ba,M-C hard [lebowski],cut-in,2.2,0.02564102564102564,0.02564102564102564,0.037037037037037035
ba,M-C hard [lebowski],cut-in,2.4,0.038461538461538464,0.038461538461538464,0.07407407407407407
ba,M-C hard [lebowski],cut-in,2.6,0.05128205128205128,0.038461538461538464,0.07407407407407407
ba,M-C hard [lebowski],cut-in,2.8,0.0641025641025641,0.038461538461538464,0.07407407407407407
ba,M-C hard [lebowski],cut-in,3.0,0.0641025641025641,0.038461538461538464,0.07407407407407407
ba,M-C hard [lebowski],cut-in,3.2,0.11538461538461539,0.0641025641025641,0.07407407407407407
ba,M-C hard [lebowski],cut-in,3.4,0.11538461538461539,0.0641025641025641,0.07407407407407407
ba,M-C hard [lebowski],cut-in,3.6,0.15384615384615385,0.0641025641025641,0.18518518518518517
ba,M-C hard [lebowski],cut-in,3.8,0.15384615384615385,0.0641025641025641,0.18518518518518517
ba,M-C hard [lebowski],cut-in,4.0,0.15384615384615385,0.0641025641025641,0.2222222222222222
ba,M-C hard [lebowski],cut-in,4.2,0.15384615384615385,0.0641025641025641,0.2222222222222222
ba,M-C hard [lebowski],cut-in,4.4,0.15384615384615385,0.0641025641025641,0.2222222222222222
ba,M-C hard [lebowski],cut-in,4.6,0.15384615384615385,0.0641025641025641,0.2222222222222222
ba,M-C hard [lebowski],cut-in,4.8,0.15384615384615385,0.0641025641025641,0.25925925925925924
ba,M-C hard [lebowski],cut-in,5.0,0.20512820512820512,0.0641025641025641,0.25925925925925924
ba,M-C hard [lebowski],cut-in,5.2,0.20512820512820512,0.0641025641025641,0.2962962962962963
ba,M-C hard [lebowski],cut-in,5.4,0.2692307692307692,0.0641025641025641,0.2962962962962963
ba,M-C hard [lebowski],cut-in,5.6,0.28205128205128205,0.0641025641025641,0.2962962962962963
ba,M-C hard [lebowski],cut-in,5.8,0.34615384615384615,0.08974358974358974,0.2962962962962963
ba,M-C hard [lebowski],cut-in,6.0,0.3974358974358974,0.1794871794871795,0.2962962962962963
ba,M-C hard [lebowski],cut-in,6.2,0.7051282051282052,0.47435897435897434,0.3333333333333333
ba,M-C hard [lebowski],cut-in,6.4,0.717948717948718,0.5,0.37037037037037035
ba,M-C hard [lebowski],cut-in,6.6,0.8076923076923077,0.5897435897435898,0.37037037037037035
ba,M-C hard [lebowski],cut-in,6.8,0.8333333333333334,0.6153846153846154,0.4444444444444444
ba,M-C hard [lebowski],cut-in,7.0,0.8589743589743589,0.6410256410256411,0.4444444444444444
ba,M-C hard [lebowski],cut-in,7.2,0.9230769230769231,0.7435897435897436,0.5555555555555556
ba,M-C hard [lebowski],cut-in,7.4,0.9358974358974359,0.7692307692307693,0.5555555555555556
ba,M-C hard [lebowski],cut-in,7.6,0.9358974358974359,0.7692307692307693,0.5555555555555556
ba,M-C hard [lebowski],cut-in,7.8,0.9487179487179487,0.8333333333333334,0.5925925925925926
ba,M-C hard [lebowski],cut-in,8.0,0.9487179487179487,0.8333333333333334,0.5925925925925926
ba,M-C hard [lebowski],cut-in,8.2,0.9487179487179487,0.8333333333333334,0.5925925925925926
ba,M-C hard [lebowski],cut-in,8.4,0.9487179487179487,0.8589743589743589,0.5925925925925926
ba,M-C hard [lebowski],cut-in,8.6,0.9487179487179487,0.9102564102564102,0.5925925925925926
ba,M-C hard [lebowski],cut-in,8.8,0.9487179487179487,0.9102564102564102,0.5925925925925926
ba,M-C hard [lebowski],cut-in,9.0,0.9487179487179487,0.9102564102564102,0.5925925925925926
ba,M-C hard [lebowski],cut-in,9.2,0.9743589743589743,0.9102564102564102,0.5925925925925926
ba,M-C hard [lebowski],cut-in,9.4,0.9743589743589743,0.9102564102564102,0.5925925925925926
ba,M-C hard [lebowski],cut-in,9.6,0.9743589743589743,0.9358974358974359,0.5925925925925926
ba,M-C hard [lebowski],cut-in,9.8,0.9743589743589743,0.9358974358974359,0.5925925925925926
ba,M-C hard [lebowski],cut-in,10.0,0.9871794871794872,0.9358974358974359,0.5925925925925926
ba,M-C uniform [lebowski],cut-in,0.0,0.0,0.0,0.037037037037037035
ba,M-C uniform [lebowski],cut-in,0.2,0.0,0.0,0.037037037037037035
ba,M-C uniform [lebowski],cut-in,0.4,0.0,0.0,0.037037037037037035
ba,M-C uniform [lebowski],cut-in,0.6,0.0,0.0,0.037037037037037035
ba,M-C uniform [lebowski],cut-in,0.8,0.0,0.0,0.037037037037037035
ba,M-C uniform [lebowski],cut-in,1.0,0.0,0.0,0.037037037037037035
ba,M-C uniform [lebowski],cut-in,1.2,0.0,0.0,0.037037037037037035
ba,M-C uniform [lebowski],cut-in,1.4,0.0,0.0,0.037037037037037035
ba,M-C uniform [lebowski],cut-in,1.6,0.0,0.0,0.037037037037037035
ba,M-C uniform [lebowski],cut-in,1.8,0.0,0.0,0.037037037037037035
ba,M-C uniform [lebowski],cut-in,2.0,0.0,0.0,0.037037037037037035
ba,M-C uniform [lebowski],cut-in,2.2,0.01282051282051282,0.01282051282051282,0.037037037037037035
ba,M-C uniform [lebowski],cut-in,2.4,0.038461538461538464,0.038461538461538464,0.07407407407407407
ba,M-C uniform [lebowski],cut-in,2.6,0.0641025641025641,0.038461538461538464,0.07407407407407407
ba,M-C uniform [lebowski],cut-in,2.8,0.07692307692307693,0.038461538461538464,0.07407407407407407
ba,M-C uniform [lebowski],cut-in,3.0,0.08974358974358974,0.05128205128205128,0.07407407407407407
ba,M-C uniform [lebowski],cut-in,3.2,0.1282051282051282,0.0641025641025641,0.07407407407407407
ba,M-C uniform [lebowski],cut-in,3.4,0.1282051282051282,0.0641025641025641,0.14814814814814814
ba,M-C uniform [lebowski],cut-in,3.6,0.16666666666666666,0.0641025641025641,0.18518518518518517
ba,M-C uniform [lebowski],cut-in,3.8,0.16666666666666666,0.0641025641025641,0.18518518518518517
ba,M-C uniform [lebowski],cut-in,4.0,0.16666666666666666,0.0641025641025641,0.2222222222222222
ba,M-C uniform [lebowski],cut-in,4.2,0.16666666666666666,0.0641025641025641,0.2222222222222222
ba,M-C uniform [lebowski],cut-in,4.4,0.16666666666666666,0.0641025641025641,0.2222222222222222
ba,M-C uniform [lebowski],cut-in,4.6,0.1794871794871795,0.0641025641025641,0.2222222222222222
ba,M-C uniform [lebowski],cut-in,4.8,0.1794871794871795,0.0641025641025641,0.25925925925925924
ba,M-C uniform [lebowski],cut-in,5.0,0.21794871794871795,0.0641025641025641,0.25925925925925924
ba,M-C uniform [lebowski],cut-in,5.2,0.23076923076923078,0.0641025641025641,0.2962962962962963
ba,M-C uniform [lebowski],cut-in,5.4,0.28205128205128205,0.0641025641025641,0.2962962962962963
ba,M-C uniform [lebowski],cut-in,5.6,0.32051282051282054,0.0641025641025641,0.2962962962962963
ba,M-C uniform [lebowski],cut-in,5.8,0.358974358974359,0.08974358974358974,0.2962962962962963
ba,M-C uniform [lebowski],cut-in,6.0,0.46153846153846156,0.24358974358974358,0.2962962962962963
ba,M-C uniform [lebowski],cut-in,6.2,0.6923076923076923,0.47435897435897434,0.3333333333333333
ba,M-C uniform [lebowski],cut-in,6.4,0.717948717948718,0.5,0.3333333333333333
ba,M-C uniform [lebowski],cut-in,6.6,0.8333333333333334,0.6153846153846154,0.3333333333333333
ba,M-C uniform [lebowski],cut-in,6.8,0.8589743589743589,0.6410256410256411,0.4074074074074074
ba,M-C uniform [lebowski],cut-in,7.0,0.9102564102564102,0.6923076923076923,0.4074074074074074
ba,M-C uniform [lebowski],cut-in,7.2,0.9230769230769231,0.7435897435897436,0.48148148148148145
ba,M-C uniform [lebowski],cut-in,7.4,0.9358974358974359,0.7692307692307693,0.5185185185185185
ba,M-C uniform [lebowski],cut-in,7.6,0.9487179487179487,0.7692307692307693,0.5555555555555556
ba,M-C uniform [lebowski],cut-in,7.8,0.9487179487179487,0.8333333333333334,0.5555555555555556
ba,M-C uniform [lebowski],cut-in,8.0,0.9487179487179487,0.8333333333333334,0.5555555555555556
ba,M-C uniform [lebowski],cut-in,8.2,0.9487179487179487,0.8333333333333334,0.5555555555555556
ba,M-C uniform [lebowski],cut-in,8.4,0.9487179487179487,0.8589743589743589,0.5555555555555556
ba,M-C uniform [lebowski],cut-in,8.6,0.9487179487179487,0.9102564102564102,0.5555555555555556
ba,M-C uniform [lebowski],cut-in,8.8,0.9487179487179487,0.9102564102564102,0.5555555555555556
ba,M-C uniform [lebowski],cut-in,9.0,0.9615384615384616,0.9102564102564102,0.5555555555555556
ba,M-C uniform [lebowski],cut-in,9.2,0.9743589743589743,0.9102564102564102,0.5555555555555556
ba,M-C uniform [lebowski],cut-in,9.4,0.9743589743589743,0.9102564102564102,0.5555555555555556
ba,M-C uniform [lebowski],cut-in,9.6,0.9743589743589743,0.9358974358974359,0.5555555555555556
ba,M-C uniform [lebowski],cut-in,9.8,0.9743589743589743,0.9358974358974359,0.5555555555555556
ba,M-C uniform [lebowski],cut-in,10.0,0.9871794871794872,0.9358974358974359,0.5555555555555556
ba,gate any,cut-in,0.0,0.0,0.0,0.0
ba,gate any,cut-in,0.2,0.0,0.0,0.0
ba,gate any,cut-in,0.4,0.0,0.0,0.0
ba,gate any,cut-in,0.6,0.0,0.0,0.0
ba,gate any,cut-in,0.8,0.0,0.0,0.0
ba,gate any,cut-in,1.0,0.0,0.0,0.0
ba,gate any,cut-in,1.2,0.0,0.0,0.0
ba,gate any,cut-in,1.4,0.0,0.0,0.0
ba,gate any,cut-in,1.6,0.0,0.0,0.0
ba,gate any,cut-in,1.8,0.0,0.0,0.0
ba,gate any,cut-in,2.0,0.0,0.0,0.0
ba,gate any,cut-in,2.2,0.0,0.0,0.0
ba,gate any,cut-in,2.4,0.0,0.0,0.0
ba,gate any,cut-in,2.6,0.0,0.0,0.0
ba,gate any,cut-in,2.8,0.0,0.0,0.0
ba,gate any,cut-in,3.0,0.0,0.0,0.0
ba,gate any,cut-in,3.2,0.0,0.0,0.0
ba,gate any,cut-in,3.4,0.038461538461538464,0.038461538461538464,0.0
ba,gate any,cut-in,3.6,0.038461538461538464,0.038461538461538464,0.0
ba,gate any,cut-in,3.8,0.038461538461538464,0.038461538461538464,0.0
ba,gate any,cut-in,4.0,0.038461538461538464,0.038461538461538464,0.0
ba,gate any,cut-in,4.2,0.038461538461538464,0.038461538461538464,0.0
ba,gate any,cut-in,4.4,0.038461538461538464,0.038461538461538464,0.0
ba,gate any,cut-in,4.6,0.038461538461538464,0.038461538461538464,0.0
ba,gate any,cut-in,4.8,0.038461538461538464,0.038461538461538464,0.0
ba,gate any,cut-in,5.0,0.038461538461538464,0.038461538461538464,0.0
ba,gate any,cut-in,5.2,0.038461538461538464,0.038461538461538464,0.0
ba,gate any,cut-in,5.4,0.07692307692307693,0.038461538461538464,0.0
ba,gate any,cut-in,5.6,0.11538461538461539,0.038461538461538464,0.0
ba,gate any,cut-in,5.8,0.11538461538461539,0.038461538461538464,0.0
ba,gate any,cut-in,6.0,0.15384615384615385,0.07692307692307693,0.0
ba,gate any,cut-in,6.2,0.15384615384615385,0.07692307692307693,0.0
ba,gate any,cut-in,6.4,0.15384615384615385,0.07692307692307693,0.0
ba,gate any,cut-in,6.6,0.15384615384615385,0.07692307692307693,0.0
ba,gate any,cut-in,6.8,0.21794871794871795,0.07692307692307693,0.0
ba,gate any,cut-in,7.0,0.2564102564102564,0.07692307692307693,0.0
ba,gate any,cut-in,7.2,0.2692307692307692,0.11538461538461539,0.0
ba,gate any,cut-in,7.4,0.3333333333333333,0.16666666666666666,0.0
ba,gate any,cut-in,7.6,0.3333333333333333,0.16666666666666666,0.0
ba,gate any,cut-in,7.8,0.41025641025641024,0.3076923076923077,0.0
ba,gate any,cut-in,8.0,0.5128205128205128,0.41025641025641024,0.0
ba,gate any,cut-in,8.2,0.5256410256410257,0.41025641025641024,0.0
ba,gate any,cut-in,8.4,0.5256410256410257,0.4358974358974359,0.0
ba,gate any,cut-in,8.6,0.5256410256410257,0.48717948717948717,0.0
ba,gate any,cut-in,8.8,0.5256410256410257,0.48717948717948717,0.0
ba,gate any,cut-in,9.0,0.5256410256410257,0.48717948717948717,0.0
ba,gate any,cut-in,9.2,0.5256410256410257,0.48717948717948717,0.0
ba,gate any,cut-in,9.4,0.5256410256410257,0.48717948717948717,0.0
ba,gate any,cut-in,9.6,0.5256410256410257,0.5128205128205128,0.0
ba,gate any,cut-in,9.8,0.5256410256410257,0.5128205128205128,0.0
ba,gate any,cut-in,10.0,0.5256410256410257,0.5128205128205128,0.0
ba,gate pedestrian,cut-in,0.0,0.0,0.0,0.0
ba,gate pedestrian,cut-in,0.2,0.0,0.0,0.0
ba,gate pedestrian,cut-in,0.4,0.0,0.0,0.0
ba,gate pedestrian,cut-in,0.6,0.0,0.0,0.0
ba,gate pedestrian,cut-in,0.8,0.0,0.0,0.0
ba,gate pedestrian,cut-in,1.0,0.0,0.0,0.0
ba,gate pedestrian,cut-in,1.2,0.0,0.0,0.0
ba,gate pedestrian,cut-in,1.4,0.0,0.0,0.0
ba,gate pedestrian,cut-in,1.6,0.0,0.0,0.0
ba,gate pedestrian,cut-in,1.8,0.0,0.0,0.0
ba,gate pedestrian,cut-in,2.0,0.0,0.0,0.0
ba,gate pedestrian,cut-in,2.2,0.0,0.0,0.0
ba,gate pedestrian,cut-in,2.4,0.0,0.0,0.0
ba,gate pedestrian,cut-in,2.6,0.0,0.0,0.0
ba,gate pedestrian,cut-in,2.8,0.0,0.0,0.0
ba,gate pedestrian,cut-in,3.0,0.0,0.0,0.0
ba,gate pedestrian,cut-in,3.2,0.0,0.0,0.0
ba,gate pedestrian,cut-in,3.4,0.0,0.0,0.0
ba,gate pedestrian,cut-in,3.6,0.0,0.0,0.0
ba,gate pedestrian,cut-in,3.8,0.0,0.0,0.0
ba,gate pedestrian,cut-in,4.0,0.0,0.0,0.0
ba,gate pedestrian,cut-in,4.2,0.0,0.0,0.0
ba,gate pedestrian,cut-in,4.4,0.0,0.0,0.0
ba,gate pedestrian,cut-in,4.6,0.0,0.0,0.0
ba,gate pedestrian,cut-in,4.8,0.0,0.0,0.0
ba,gate pedestrian,cut-in,5.0,0.0,0.0,0.0
ba,gate pedestrian,cut-in,5.2,0.0,0.0,0.0
ba,gate pedestrian,cut-in,5.4,0.0,0.0,0.0
ba,gate pedestrian,cut-in,5.6,0.0,0.0,0.0
ba,gate pedestrian,cut-in,5.8,0.0,0.0,0.0
ba,gate pedestrian,cut-in,6.0,0.0,0.0,0.0
ba,gate pedestrian,cut-in,6.2,0.0,0.0,0.0
ba,gate pedestrian,cut-in,6.4,0.0,0.0,0.0
ba,gate pedestrian,cut-in,6.6,0.0,0.0,0.0
ba,gate pedestrian,cut-in,6.8,0.0,0.0,0.0
ba,gate pedestrian,cut-in,7.0,0.0,0.0,0.0
ba,gate pedestrian,cut-in,7.2,0.0,0.0,0.0
ba,gate pedestrian,cut-in,7.4,0.0,0.0,0.0
ba,gate pedestrian,cut-in,7.6,0.0,0.0,0.0
ba,gate pedestrian,cut-in,7.8,0.0,0.0,0.0
ba,gate pedestrian,cut-in,8.0,0.0,0.0,0.0
ba,gate pedestrian,cut-in,8.2,0.0,0.0,0.0
ba,gate pedestrian,cut-in,8.4,0.0,0.0,0.0
ba,gate pedestrian,cut-in,8.6,0.0,0.0,0.0
ba,gate pedestrian,cut-in,8.8,0.0,0.0,0.0
ba,gate pedestrian,cut-in,9.0,0.0,0.0,0.0
ba,gate pedestrian,cut-in,9.2,0.0,0.0,0.0
ba,gate pedestrian,cut-in,9.4,0.0,0.0,0.0
ba,gate pedestrian,cut-in,9.6,0.0,0.0,0.0
ba,gate pedestrian,cut-in,9.8,0.0,0.0,0.0
ba,gate pedestrian,cut-in,10.0,0.0,0.0,0.0
ba,gate ttc,cut-in,0.0,0.0,0.0,0.0
ba,gate ttc,cut-in,0.2,0.0,0.0,0.0
ba,gate ttc,cut-in,0.4,0.0,0.0,0.0
ba,gate ttc,cut-in,0.6,0.0,0.0,0.0
ba,gate ttc,cut-in,0.8,0.0,0.0,0.0
ba,gate ttc,cut-in,1.0,0.0,0.0,0.0
ba,gate ttc,cut-in,1.2,0.0,0.0,0.0
ba,gate ttc,cut-in,1.4,0.0,0.0,0.0
ba,gate ttc,cut-in,1.6,0.0,0.0,0.0
ba,gate ttc,cut-in,1.8,0.0,0.0,0.0
ba,gate ttc,cut-in,2.0,0.0,0.0,0.0
ba,gate ttc,cut-in,2.2,0.0,0.0,0.0
ba,gate ttc,cut-in,2.4,0.0,0.0,0.0
ba,gate ttc,cut-in,2.6,0.0,0.0,0.0
ba,gate ttc,cut-in,2.8,0.0,0.0,0.0
ba,gate ttc,cut-in,3.0,0.0,0.0,0.0
ba,gate ttc,cut-in,3.2,0.0,0.0,0.0
ba,gate ttc,cut-in,3.4,0.0,0.0,0.0
ba,gate ttc,cut-in,3.6,0.038461538461538464,0.038461538461538464,0.0
ba,gate ttc,cut-in,3.8,0.038461538461538464,0.038461538461538464,0.0
ba,gate ttc,cut-in,4.0,0.038461538461538464,0.038461538461538464,0.0
ba,gate ttc,cut-in,4.2,0.038461538461538464,0.038461538461538464,0.0
ba,gate ttc,cut-in,4.4,0.038461538461538464,0.038461538461538464,0.0
ba,gate ttc,cut-in,4.6,0.038461538461538464,0.038461538461538464,0.0
ba,gate ttc,cut-in,4.8,0.038461538461538464,0.038461538461538464,0.0
ba,gate ttc,cut-in,5.0,0.038461538461538464,0.038461538461538464,0.0
ba,gate ttc,cut-in,5.2,0.038461538461538464,0.038461538461538464,0.0
ba,gate ttc,cut-in,5.4,0.038461538461538464,0.038461538461538464,0.0
ba,gate ttc,cut-in,5.6,0.038461538461538464,0.038461538461538464,0.0
ba,gate ttc,cut-in,5.8,0.038461538461538464,0.038461538461538464,0.0
ba,gate ttc,cut-in,6.0,0.038461538461538464,0.038461538461538464,0.0
ba,gate ttc,cut-in,6.2,0.038461538461538464,0.038461538461538464,0.0
ba,gate ttc,cut-in,6.4,0.038461538461538464,0.038461538461538464,0.0
ba,gate ttc,cut-in,6.6,0.038461538461538464,0.038461538461538464,0.0
ba,gate ttc,cut-in,6.8,0.038461538461538464,0.038461538461538464,0.0
ba,gate ttc,cut-in,7.0,0.038461538461538464,0.038461538461538464,0.0
ba,gate ttc,cut-in,7.2,0.038461538461538464,0.038461538461538464,0.0
ba,gate ttc,cut-in,7.4,0.07692307692307693,0.07692307692307693,0.0
ba,gate ttc,cut-in,7.6,0.07692307692307693,0.07692307692307693,0.0
ba,gate ttc,cut-in,7.8,0.15384615384615385,0.15384615384615385,0.0
ba,gate ttc,cut-in,8.0,0.2564102564102564,0.2564102564102564,0.0
ba,gate ttc,cut-in,8.2,0.2564102564102564,0.2564102564102564,0.0
ba,gate ttc,cut-in,8.4,0.2564102564102564,0.2564102564102564,0.0
ba,gate ttc,cut-in,8.6,0.2564102564102564,0.2564102564102564,0.0
ba,gate ttc,cut-in,8.8,0.2564102564102564,0.2564102564102564,0.0
ba,gate ttc,cut-in,9.0,0.2564102564102564,0.2564102564102564,0.0
ba,gate ttc,cut-in,9.2,0.2564102564102564,0.2564102564102564,0.0
ba,gate ttc,cut-in,9.4,0.2564102564102564,0.2564102564102564,0.0
ba,gate ttc,cut-in,9.6,0.2564102564102564,0.2564102564102564,0.0
ba,gate ttc,cut-in,9.8,0.2564102564102564,0.2564102564102564,0.0
ba,gate ttc,cut-in,10.0,0.2564102564102564,0.2564102564102564,0.0
ba,gate intrusion,cut-in,0.0,0.0,0.0,0.0
ba,gate intrusion,cut-in,0.2,0.0,0.0,0.0
ba,gate intrusion,cut-in,0.4,0.0,0.0,0.0
ba,gate intrusion,cut-in,0.6,0.0,0.0,0.0
ba,gate intrusion,cut-in,0.8,0.0,0.0,0.0
ba,gate intrusion,cut-in,1.0,0.0,0.0,0.0
ba,gate intrusion,cut-in,1.2,0.0,0.0,0.0
ba,gate intrusion,cut-in,1.4,0.0,0.0,0.0
ba,gate intrusion,cut-in,1.6,0.0,0.0,0.0
ba,gate intrusion,cut-in,1.8,0.0,0.0,0.0
ba,gate intrusion,cut-in,2.0,0.0,0.0,0.0
ba,gate intrusion,cut-in,2.2,0.0,0.0,0.0
ba,gate intrusion,cut-in,2.4,0.0,0.0,0.0
ba,gate intrusion,cut-in,2.6,0.0,0.0,0.0
ba,gate intrusion,cut-in,2.8,0.0,0.0,0.0
ba,gate intrusion,cut-in,3.0,0.0,0.0,0.0
ba,gate intrusion,cut-in,3.2,0.0,0.0,0.0
ba,gate intrusion,cut-in,3.4,0.038461538461538464,0.038461538461538464,0.0
ba,gate intrusion,cut-in,3.6,0.038461538461538464,0.038461538461538464,0.0
ba,gate intrusion,cut-in,3.8,0.038461538461538464,0.038461538461538464,0.0
ba,gate intrusion,cut-in,4.0,0.038461538461538464,0.038461538461538464,0.0
ba,gate intrusion,cut-in,4.2,0.038461538461538464,0.038461538461538464,0.0
ba,gate intrusion,cut-in,4.4,0.038461538461538464,0.038461538461538464,0.0
ba,gate intrusion,cut-in,4.6,0.038461538461538464,0.038461538461538464,0.0
ba,gate intrusion,cut-in,4.8,0.038461538461538464,0.038461538461538464,0.0
ba,gate intrusion,cut-in,5.0,0.038461538461538464,0.038461538461538464,0.0
ba,gate intrusion,cut-in,5.2,0.038461538461538464,0.038461538461538464,0.0
ba,gate intrusion,cut-in,5.4,0.07692307692307693,0.038461538461538464,0.0
ba,gate intrusion,cut-in,5.6,0.11538461538461539,0.038461538461538464,0.0
ba,gate intrusion,cut-in,5.8,0.11538461538461539,0.038461538461538464,0.0
ba,gate intrusion,cut-in,6.0,0.15384615384615385,0.07692307692307693,0.0
ba,gate intrusion,cut-in,6.2,0.15384615384615385,0.07692307692307693,0.0
ba,gate intrusion,cut-in,6.4,0.15384615384615385,0.07692307692307693,0.0
ba,gate intrusion,cut-in,6.6,0.15384615384615385,0.07692307692307693,0.0
ba,gate intrusion,cut-in,6.8,0.21794871794871795,0.07692307692307693,0.0
ba,gate intrusion,cut-in,7.0,0.2564102564102564,0.07692307692307693,0.0
ba,gate intrusion,cut-in,7.2,0.2692307692307692,0.11538461538461539,0.0
ba,gate intrusion,cut-in,7.4,0.3333333333333333,0.16666666666666666,0.0
ba,gate intrusion,cut-in,7.6,0.3333333333333333,0.16666666666666666,0.0
ba,gate intrusion,cut-in,7.8,0.41025641025641024,0.3076923076923077,0.0
ba,gate intrusion,cut-in,8.0,0.5128205128205128,0.41025641025641024,0.0
ba,gate intrusion,cut-in,8.2,0.5256410256410257,0.41025641025641024,0.0
ba,gate intrusion,cut-in,8.4,0.5256410256410257,0.4358974358974359,0.0
ba,gate intrusion,cut-in,8.6,0.5256410256410257,0.48717948717948717,0.0
ba,gate intrusion,cut-in,8.8,0.5256410256410257,0.48717948717948717,0.0
ba,gate intrusion,cut-in,9.0,0.5256410256410257,0.48717948717948717,0.0
ba,gate intrusion,cut-in,9.2,0.5256410256410257,0.48717948717948717,0.0
ba,gate intrusion,cut-in,9.4,0.5256410256410257,0.48717948717948717,0.0
ba,gate intrusion,cut-in,9.6,0.5256410256410257,0.5128205128205128,0.0
ba,gate intrusion,cut-in,9.8,0.5256410256410257,0.5128205128205128,0.0
ba,gate intrusion,cut-in,10.0,0.5256410256410257,0.5128205128205128,0.0
ba,gate any (L = 0.6 s),cut-in,0.0,0.0,0.0,0.0
ba,gate any (L = 0.6 s),cut-in,0.2,0.0,0.0,0.0
ba,gate any (L = 0.6 s),cut-in,0.4,0.0,0.0,0.0
ba,gate any (L = 0.6 s),cut-in,0.6,0.0,0.0,0.0
ba,gate any (L = 0.6 s),cut-in,0.8,0.0,0.0,0.0
ba,gate any (L = 0.6 s),cut-in,1.0,0.0,0.0,0.0
ba,gate any (L = 0.6 s),cut-in,1.2,0.0,0.0,0.0
ba,gate any (L = 0.6 s),cut-in,1.4,0.0,0.0,0.0
ba,gate any (L = 0.6 s),cut-in,1.6,0.0,0.0,0.0
ba,gate any (L = 0.6 s),cut-in,1.8,0.0,0.0,0.0
ba,gate any (L = 0.6 s),cut-in,2.0,0.0,0.0,0.0
ba,gate any (L = 0.6 s),cut-in,2.2,0.0,0.0,0.0
ba,gate any (L = 0.6 s),cut-in,2.4,0.0,0.0,0.0
ba,gate any (L = 0.6 s),cut-in,2.6,0.0,0.0,0.0
ba,gate any (L = 0.6 s),cut-in,2.8,0.0,0.0,0.0
ba,gate any (L = 0.6 s),cut-in,3.0,0.0,0.0,0.0
ba,gate any (L = 0.6 s),cut-in,3.2,0.0,0.0,0.0
ba,gate any (L = 0.6 s),cut-in,3.4,0.038461538461538464,0.038461538461538464,0.0
ba,gate any (L = 0.6 s),cut-in,3.6,0.038461538461538464,0.038461538461538464,0.0
ba,gate any (L = 0.6 s),cut-in,3.8,0.038461538461538464,0.038461538461538464,0.0
ba,gate any (L = 0.6 s),cut-in,4.0,0.038461538461538464,0.038461538461538464,0.0
ba,gate any (L = 0.6 s),cut-in,4.2,0.038461538461538464,0.038461538461538464,0.0
ba,gate any (L = 0.6 s),cut-in,4.4,0.038461538461538464,0.038461538461538464,0.0
ba,gate any (L = 0.6 s),cut-in,4.6,0.038461538461538464,0.038461538461538464,0.0
ba,gate any (L = 0.6 s),cut-in,4.8,0.038461538461538464,0.038461538461538464,0.0
ba,gate any (L = 0.6 s),cut-in,5.0,0.038461538461538464,0.038461538461538464,0.0
ba,gate any (L = 0.6 s),cut-in,5.2,0.038461538461538464,0.038461538461538464,0.0
ba,gate any (L = 0.6 s),cut-in,5.4,0.07692307692307693,0.038461538461538464,0.0
ba,gate any (L = 0.6 s),cut-in,5.6,0.11538461538461539,0.038461538461538464,0.0
ba,gate any (L = 0.6 s),cut-in,5.8,0.11538461538461539,0.038461538461538464,0.0
ba,gate any (L = 0.6 s),cut-in,6.0,0.15384615384615385,0.07692307692307693,0.0
ba,gate any (L = 0.6 s),cut-in,6.2,0.15384615384615385,0.07692307692307693,0.0
ba,gate any (L = 0.6 s),cut-in,6.4,0.15384615384615385,0.07692307692307693,0.0
ba,gate any (L = 0.6 s),cut-in,6.6,0.15384615384615385,0.07692307692307693,0.0
ba,gate any (L = 0.6 s),cut-in,6.8,0.21794871794871795,0.07692307692307693,0.0
ba,gate any (L = 0.6 s),cut-in,7.0,0.2564102564102564,0.07692307692307693,0.0
ba,gate any (L = 0.6 s),cut-in,7.2,0.2692307692307692,0.11538461538461539,0.0
ba,gate any (L = 0.6 s),cut-in,7.4,0.3333333333333333,0.16666666666666666,0.0
ba,gate any (L = 0.6 s),cut-in,7.6,0.3333333333333333,0.16666666666666666,0.0
ba,gate any (L = 0.6 s),cut-in,7.8,0.41025641025641024,0.3076923076923077,0.0
ba,gate any (L = 0.6 s),cut-in,8.0,0.5128205128205128,0.41025641025641024,0.0
ba,gate any (L = 0.6 s),cut-in,8.2,0.5256410256410257,0.41025641025641024,0.0
ba,gate any (L = 0.6 s),cut-in,8.4,0.5256410256410257,0.4358974358974359,0.0
ba,gate any (L = 0.6 s),cut-in,8.6,0.5256410256410257,0.48717948717948717,0.0
ba,gate any (L = 0.6 s),cut-in,8.8,0.5256410256410257,0.48717948717948717,0.0
ba,gate any (L = 0.6 s),cut-in,9.0,0.5256410256410257,0.48717948717948717,0.0
ba,gate any (L = 0.6 s),cut-in,9.2,0.5256410256410257,0.48717948717948717,0.0
ba,gate any (L = 0.6 s),cut-in,9.4,0.5256410256410257,0.48717948717948717,0.0
ba,gate any (L = 0.6 s),cut-in,9.6,0.5256410256410257,0.5128205128205128,0.0
ba,gate any (L = 0.6 s),cut-in,9.8,0.5256410256410257,0.5128205128205128,0.0
ba,gate any (L = 0.6 s),cut-in,10.0,0.5256410256410257,0.5128205128205128,0.0
pdm,TFv6 target speed,pooled,0.0,0.014285714285714285,0.007142857142857143,0.028985507246376812
pdm,TFv6 target speed,pooled,0.2,0.02857142857142857,0.02142857142857143,0.043478260869565216
pdm,TFv6 target speed,pooled,0.4,0.07142857142857142,0.06428571428571428,0.10144927536231885
pdm,TFv6 target speed,pooled,0.6,0.08571428571428572,0.06428571428571428,0.10144927536231885
pdm,TFv6 target speed,pooled,0.8,0.12857142857142856,0.07857142857142857,0.11594202898550725
pdm,TFv6 target speed,pooled,1.0,0.12857142857142856,0.07857142857142857,0.11594202898550725
pdm,TFv6 target speed,pooled,1.2,0.15714285714285714,0.07857142857142857,0.13043478260869565
pdm,TFv6 target speed,pooled,1.4,0.17142857142857143,0.09285714285714286,0.2028985507246377
pdm,TFv6 target speed,pooled,1.6,0.17857142857142858,0.1,0.2028985507246377
pdm,TFv6 target speed,pooled,1.8,0.17857142857142858,0.1,0.21739130434782608
pdm,TFv6 target speed,pooled,2.0,0.18571428571428572,0.11428571428571428,0.2318840579710145
pdm,TFv6 target speed,pooled,2.2,0.19285714285714287,0.11428571428571428,0.2608695652173913
pdm,TFv6 target speed,pooled,2.4,0.19285714285714287,0.12142857142857143,0.2608695652173913
pdm,TFv6 target speed,pooled,2.6,0.21428571428571427,0.14285714285714285,0.2608695652173913
pdm,TFv6 target speed,pooled,2.8,0.22857142857142856,0.15714285714285714,0.2608695652173913
pdm,TFv6 target speed,pooled,3.0,0.2642857142857143,0.2,0.2608695652173913
pdm,TFv6 target speed,pooled,3.2,0.2714285714285714,0.20714285714285716,0.2608695652173913
pdm,TFv6 target speed,pooled,3.4,0.2857142857142857,0.22142857142857142,0.2753623188405797
pdm,TFv6 target speed,pooled,3.6,0.2857142857142857,0.22857142857142856,0.2898550724637681
pdm,TFv6 target speed,pooled,3.8,0.2857142857142857,0.22857142857142856,0.30434782608695654
pdm,TFv6 target speed,pooled,4.0,0.29285714285714287,0.22857142857142856,0.3188405797101449
pdm,TFv6 target speed,pooled,4.2,0.29285714285714287,0.22857142857142856,0.3188405797101449
pdm,TFv6 target speed,pooled,4.4,0.29285714285714287,0.22857142857142856,0.3188405797101449
pdm,TFv6 target speed,pooled,4.6,0.29285714285714287,0.22857142857142856,0.3188405797101449
pdm,TFv6 target speed,pooled,4.8,0.29285714285714287,0.22857142857142856,0.3188405797101449
pdm,TFv6 target speed,pooled,5.0,0.29285714285714287,0.22857142857142856,0.34782608695652173
pdm,TFv6 target speed,pooled,5.2,0.29285714285714287,0.22857142857142856,0.34782608695652173
pdm,TFv6 target speed,pooled,5.4,0.29285714285714287,0.22857142857142856,0.34782608695652173
pdm,TFv6 target speed,pooled,5.6,0.29285714285714287,0.22857142857142856,0.34782608695652173
pdm,TFv6 target speed,pooled,5.8,0.29285714285714287,0.22857142857142856,0.34782608695652173
pdm,TFv6 target speed,pooled,6.0,0.29285714285714287,0.22857142857142856,0.34782608695652173
pdm,TFv6 target speed,pooled,6.2,0.29285714285714287,0.22857142857142856,0.34782608695652173
pdm,TFv6 target speed,pooled,6.4,0.29285714285714287,0.22857142857142856,0.34782608695652173
pdm,TFv6 target speed,pooled,6.6,0.29285714285714287,0.22857142857142856,0.34782608695652173
pdm,TFv6 target speed,pooled,6.8,0.29285714285714287,0.22857142857142856,0.34782608695652173
pdm,TFv6 target speed,pooled,7.0,0.29285714285714287,0.22857142857142856,0.34782608695652173
pdm,TFv6 target speed,pooled,7.2,0.29285714285714287,0.22857142857142856,0.34782608695652173
pdm,TFv6 target speed,pooled,7.4,0.29285714285714287,0.22857142857142856,0.34782608695652173
pdm,TFv6 target speed,pooled,7.6,0.29285714285714287,0.22857142857142856,0.34782608695652173
pdm,TFv6 target speed,pooled,7.8,0.29285714285714287,0.22857142857142856,0.34782608695652173
pdm,TFv6 target speed,pooled,8.0,0.29285714285714287,0.22857142857142856,0.34782608695652173
pdm,TFv6 target speed,pooled,8.2,0.29285714285714287,0.22857142857142856,0.34782608695652173
pdm,TFv6 target speed,pooled,8.4,0.29285714285714287,0.22857142857142856,0.34782608695652173
pdm,TFv6 target speed,pooled,8.6,0.29285714285714287,0.22857142857142856,0.34782608695652173
pdm,TFv6 target speed,pooled,8.8,0.29285714285714287,0.22857142857142856,0.34782608695652173
pdm,TFv6 target speed,pooled,9.0,0.29285714285714287,0.22857142857142856,0.34782608695652173
pdm,TFv6 target speed,pooled,9.2,0.29285714285714287,0.22857142857142856,0.34782608695652173
pdm,TFv6 target speed,pooled,9.4,0.29285714285714287,0.22857142857142856,0.34782608695652173
pdm,TFv6 target speed,pooled,9.6,0.29285714285714287,0.22857142857142856,0.34782608695652173
pdm,TFv6 target speed,pooled,9.8,0.29285714285714287,0.22857142857142856,0.34782608695652173
pdm,TFv6 target speed,pooled,10.0,0.29285714285714287,0.22857142857142856,0.34782608695652173
pdm,TFv6 waypoint speed 2 s,pooled,0.0,0.014285714285714285,0.007142857142857143,0.07246376811594203
pdm,TFv6 waypoint speed 2 s,pooled,0.2,0.014285714285714285,0.007142857142857143,0.08695652173913043
pdm,TFv6 waypoint speed 2 s,pooled,0.4,0.03571428571428571,0.02857142857142857,0.13043478260869565
pdm,TFv6 waypoint speed 2 s,pooled,0.6,0.05,0.04285714285714286,0.15942028985507245
pdm,TFv6 waypoint speed 2 s,pooled,0.8,0.06428571428571428,0.05,0.18840579710144928
pdm,TFv6 waypoint speed 2 s,pooled,1.0,0.06428571428571428,0.05,0.2028985507246377
pdm,TFv6 waypoint speed 2 s,pooled,1.2,0.07142857142857142,0.05714285714285714,0.2028985507246377
pdm,TFv6 waypoint speed 2 s,pooled,1.4,0.07142857142857142,0.05714285714285714,0.2028985507246377
pdm,TFv6 waypoint speed 2 s,pooled,1.6,0.07857142857142857,0.06428571428571428,0.2028985507246377
pdm,TFv6 waypoint speed 2 s,pooled,1.8,0.07857142857142857,0.06428571428571428,0.2028985507246377
pdm,TFv6 waypoint speed 2 s,pooled,2.0,0.08571428571428572,0.06428571428571428,0.2028985507246377
pdm,TFv6 waypoint speed 2 s,pooled,2.2,0.1,0.07857142857142857,0.21739130434782608
pdm,TFv6 waypoint speed 2 s,pooled,2.4,0.1357142857142857,0.11428571428571428,0.21739130434782608
pdm,TFv6 waypoint speed 2 s,pooled,2.6,0.17857142857142858,0.15714285714285714,0.2318840579710145
pdm,TFv6 waypoint speed 2 s,pooled,2.8,0.2,0.17857142857142858,0.2753623188405797
pdm,TFv6 waypoint speed 2 s,pooled,3.0,0.21428571428571427,0.2,0.30434782608695654
pdm,TFv6 waypoint speed 2 s,pooled,3.2,0.22142857142857142,0.20714285714285716,0.30434782608695654
pdm,TFv6 waypoint speed 2 s,pooled,3.4,0.22142857142857142,0.20714285714285716,0.30434782608695654
pdm,TFv6 waypoint speed 2 s,pooled,3.6,0.22142857142857142,0.20714285714285716,0.30434782608695654
pdm,TFv6 waypoint speed 2 s,pooled,3.8,0.22142857142857142,0.20714285714285716,0.30434782608695654
pdm,TFv6 waypoint speed 2 s,pooled,4.0,0.22142857142857142,0.20714285714285716,0.3188405797101449
pdm,TFv6 waypoint speed 2 s,pooled,4.2,0.22142857142857142,0.20714285714285716,0.3188405797101449
pdm,TFv6 waypoint speed 2 s,pooled,4.4,0.22142857142857142,0.20714285714285716,0.3188405797101449
pdm,TFv6 waypoint speed 2 s,pooled,4.6,0.22142857142857142,0.20714285714285716,0.3188405797101449
pdm,TFv6 waypoint speed 2 s,pooled,4.8,0.22142857142857142,0.20714285714285716,0.3188405797101449
pdm,TFv6 waypoint speed 2 s,pooled,5.0,0.22142857142857142,0.20714285714285716,0.3188405797101449
pdm,TFv6 waypoint speed 2 s,pooled,5.2,0.22857142857142856,0.21428571428571427,0.3333333333333333
pdm,TFv6 waypoint speed 2 s,pooled,5.4,0.22857142857142856,0.21428571428571427,0.3333333333333333
pdm,TFv6 waypoint speed 2 s,pooled,5.6,0.22857142857142856,0.21428571428571427,0.3333333333333333
pdm,TFv6 waypoint speed 2 s,pooled,5.8,0.22857142857142856,0.21428571428571427,0.3333333333333333
pdm,TFv6 waypoint speed 2 s,pooled,6.0,0.22857142857142856,0.21428571428571427,0.3333333333333333
pdm,TFv6 waypoint speed 2 s,pooled,6.2,0.22857142857142856,0.21428571428571427,0.3333333333333333
pdm,TFv6 waypoint speed 2 s,pooled,6.4,0.22857142857142856,0.21428571428571427,0.3333333333333333
pdm,TFv6 waypoint speed 2 s,pooled,6.6,0.22857142857142856,0.21428571428571427,0.3333333333333333
pdm,TFv6 waypoint speed 2 s,pooled,6.8,0.22857142857142856,0.21428571428571427,0.3333333333333333
pdm,TFv6 waypoint speed 2 s,pooled,7.0,0.2357142857142857,0.21428571428571427,0.3333333333333333
pdm,TFv6 waypoint speed 2 s,pooled,7.2,0.2357142857142857,0.21428571428571427,0.3333333333333333
pdm,TFv6 waypoint speed 2 s,pooled,7.4,0.2357142857142857,0.21428571428571427,0.3333333333333333
pdm,TFv6 waypoint speed 2 s,pooled,7.6,0.2357142857142857,0.21428571428571427,0.3333333333333333
pdm,TFv6 waypoint speed 2 s,pooled,7.8,0.2357142857142857,0.21428571428571427,0.3333333333333333
pdm,TFv6 waypoint speed 2 s,pooled,8.0,0.2357142857142857,0.21428571428571427,0.3333333333333333
pdm,TFv6 waypoint speed 2 s,pooled,8.2,0.2357142857142857,0.21428571428571427,0.3333333333333333
pdm,TFv6 waypoint speed 2 s,pooled,8.4,0.2357142857142857,0.21428571428571427,0.3333333333333333
pdm,TFv6 waypoint speed 2 s,pooled,8.6,0.2357142857142857,0.21428571428571427,0.3333333333333333
pdm,TFv6 waypoint speed 2 s,pooled,8.8,0.24285714285714285,0.21428571428571427,0.3333333333333333
pdm,TFv6 waypoint speed 2 s,pooled,9.0,0.24285714285714285,0.21428571428571427,0.3333333333333333
pdm,TFv6 waypoint speed 2 s,pooled,9.2,0.24285714285714285,0.21428571428571427,0.3333333333333333
pdm,TFv6 waypoint speed 2 s,pooled,9.4,0.24285714285714285,0.21428571428571427,0.3333333333333333
pdm,TFv6 waypoint speed 2 s,pooled,9.6,0.24285714285714285,0.21428571428571427,0.3333333333333333
pdm,TFv6 waypoint speed 2 s,pooled,9.8,0.24285714285714285,0.21428571428571427,0.3333333333333333
pdm,TFv6 waypoint speed 2 s,pooled,10.0,0.24285714285714285,0.21428571428571427,0.3333333333333333
pdm,TFv6 target speed (decoded scalar),pooled,0.0,0.014285714285714285,0.007142857142857143,0.028985507246376812
pdm,TFv6 target speed (decoded scalar),pooled,0.2,0.02857142857142857,0.02142857142857143,0.043478260869565216
pdm,TFv6 target speed (decoded scalar),pooled,0.4,0.06428571428571428,0.05714285714285714,0.10144927536231885
pdm,TFv6 target speed (decoded scalar),pooled,0.6,0.07857142857142857,0.05714285714285714,0.11594202898550725
pdm,TFv6 target speed (decoded scalar),pooled,0.8,0.12142857142857143,0.07142857142857142,0.11594202898550725
pdm,TFv6 target speed (decoded scalar),pooled,1.0,0.12142857142857143,0.07142857142857142,0.11594202898550725
pdm,TFv6 target speed (decoded scalar),pooled,1.2,0.15,0.07142857142857142,0.13043478260869565
pdm,TFv6 target speed (decoded scalar),pooled,1.4,0.16428571428571428,0.08571428571428572,0.2028985507246377
pdm,TFv6 target speed (decoded scalar),pooled,1.6,0.17142857142857143,0.09285714285714286,0.2028985507246377
pdm,TFv6 target speed (decoded scalar),pooled,1.8,0.17142857142857143,0.09285714285714286,0.21739130434782608
pdm,TFv6 target speed (decoded scalar),pooled,2.0,0.17857142857142858,0.10714285714285714,0.2318840579710145
pdm,TFv6 target speed (decoded scalar),pooled,2.2,0.18571428571428572,0.10714285714285714,0.2608695652173913
pdm,TFv6 target speed (decoded scalar),pooled,2.4,0.18571428571428572,0.11428571428571428,0.2608695652173913
pdm,TFv6 target speed (decoded scalar),pooled,2.6,0.20714285714285716,0.1357142857142857,0.2608695652173913
pdm,TFv6 target speed (decoded scalar),pooled,2.8,0.22142857142857142,0.15,0.2608695652173913
pdm,TFv6 target speed (decoded scalar),pooled,3.0,0.2571428571428571,0.19285714285714287,0.2608695652173913
pdm,TFv6 target speed (decoded scalar),pooled,3.2,0.2642857142857143,0.2,0.2608695652173913
pdm,TFv6 target speed (decoded scalar),pooled,3.4,0.2785714285714286,0.21428571428571427,0.2753623188405797
pdm,TFv6 target speed (decoded scalar),pooled,3.6,0.2785714285714286,0.22142857142857142,0.2898550724637681
pdm,TFv6 target speed (decoded scalar),pooled,3.8,0.2785714285714286,0.22142857142857142,0.30434782608695654
pdm,TFv6 target speed (decoded scalar),pooled,4.0,0.2857142857142857,0.22142857142857142,0.3188405797101449
pdm,TFv6 target speed (decoded scalar),pooled,4.2,0.2857142857142857,0.22142857142857142,0.3188405797101449
pdm,TFv6 target speed (decoded scalar),pooled,4.4,0.2857142857142857,0.22142857142857142,0.3188405797101449
pdm,TFv6 target speed (decoded scalar),pooled,4.6,0.2857142857142857,0.22142857142857142,0.3188405797101449
pdm,TFv6 target speed (decoded scalar),pooled,4.8,0.2857142857142857,0.22142857142857142,0.3188405797101449
pdm,TFv6 target speed (decoded scalar),pooled,5.0,0.2857142857142857,0.22142857142857142,0.34782608695652173
pdm,TFv6 target speed (decoded scalar),pooled,5.2,0.2857142857142857,0.22142857142857142,0.34782608695652173
pdm,TFv6 target speed (decoded scalar),pooled,5.4,0.2857142857142857,0.22142857142857142,0.34782608695652173
pdm,TFv6 target speed (decoded scalar),pooled,5.6,0.2857142857142857,0.22142857142857142,0.34782608695652173
pdm,TFv6 target speed (decoded scalar),pooled,5.8,0.2857142857142857,0.22142857142857142,0.34782608695652173
pdm,TFv6 target speed (decoded scalar),pooled,6.0,0.2857142857142857,0.22142857142857142,0.34782608695652173
pdm,TFv6 target speed (decoded scalar),pooled,6.2,0.2857142857142857,0.22142857142857142,0.34782608695652173
pdm,TFv6 target speed (decoded scalar),pooled,6.4,0.2857142857142857,0.22142857142857142,0.34782608695652173
pdm,TFv6 target speed (decoded scalar),pooled,6.6,0.2857142857142857,0.22142857142857142,0.34782608695652173
pdm,TFv6 target speed (decoded scalar),pooled,6.8,0.2857142857142857,0.22142857142857142,0.34782608695652173
pdm,TFv6 target speed (decoded scalar),pooled,7.0,0.2857142857142857,0.22142857142857142,0.34782608695652173
pdm,TFv6 target speed (decoded scalar),pooled,7.2,0.2857142857142857,0.22142857142857142,0.34782608695652173
pdm,TFv6 target speed (decoded scalar),pooled,7.4,0.2857142857142857,0.22142857142857142,0.34782608695652173
pdm,TFv6 target speed (decoded scalar),pooled,7.6,0.2857142857142857,0.22142857142857142,0.34782608695652173
pdm,TFv6 target speed (decoded scalar),pooled,7.8,0.2857142857142857,0.22142857142857142,0.34782608695652173
pdm,TFv6 target speed (decoded scalar),pooled,8.0,0.2857142857142857,0.22142857142857142,0.34782608695652173
pdm,TFv6 target speed (decoded scalar),pooled,8.2,0.2857142857142857,0.22142857142857142,0.34782608695652173
pdm,TFv6 target speed (decoded scalar),pooled,8.4,0.2857142857142857,0.22142857142857142,0.34782608695652173
pdm,TFv6 target speed (decoded scalar),pooled,8.6,0.2857142857142857,0.22142857142857142,0.34782608695652173
pdm,TFv6 target speed (decoded scalar),pooled,8.8,0.2857142857142857,0.22142857142857142,0.34782608695652173
pdm,TFv6 target speed (decoded scalar),pooled,9.0,0.2857142857142857,0.22142857142857142,0.34782608695652173
pdm,TFv6 target speed (decoded scalar),pooled,9.2,0.2857142857142857,0.22142857142857142,0.34782608695652173
pdm,TFv6 target speed (decoded scalar),pooled,9.4,0.2857142857142857,0.22142857142857142,0.34782608695652173
pdm,TFv6 target speed (decoded scalar),pooled,9.6,0.2857142857142857,0.22142857142857142,0.34782608695652173
pdm,TFv6 target speed (decoded scalar),pooled,9.8,0.2857142857142857,0.22142857142857142,0.34782608695652173
pdm,TFv6 target speed (decoded scalar),pooled,10.0,0.2857142857142857,0.22142857142857142,0.34782608695652173
pdm,ridge ego,pooled,0.0,0.007142857142857143,0.007142857142857143,0.014492753623188406
pdm,ridge ego,pooled,0.2,0.02142857142857143,0.02142857142857143,0.014492753623188406
pdm,ridge ego,pooled,0.4,0.03571428571428571,0.03571428571428571,0.014492753623188406
pdm,ridge ego,pooled,0.6,0.09285714285714286,0.09285714285714286,0.014492753623188406
pdm,ridge ego,pooled,0.8,0.14285714285714285,0.14285714285714285,0.014492753623188406
pdm,ridge ego,pooled,1.0,0.16428571428571428,0.16428571428571428,0.014492753623188406
pdm,ridge ego,pooled,1.2,0.17857142857142858,0.17857142857142858,0.014492753623188406
pdm,ridge ego,pooled,1.4,0.2,0.2,0.014492753623188406
pdm,ridge ego,pooled,1.6,0.20714285714285716,0.20714285714285716,0.014492753623188406
pdm,ridge ego,pooled,1.8,0.21428571428571427,0.21428571428571427,0.014492753623188406
pdm,ridge ego,pooled,2.0,0.22857142857142856,0.22857142857142856,0.014492753623188406
pdm,ridge ego,pooled,2.2,0.2357142857142857,0.2357142857142857,0.014492753623188406
pdm,ridge ego,pooled,2.4,0.2357142857142857,0.2357142857142857,0.028985507246376812
pdm,ridge ego,pooled,2.6,0.2357142857142857,0.2357142857142857,0.028985507246376812
pdm,ridge ego,pooled,2.8,0.2357142857142857,0.2357142857142857,0.028985507246376812
pdm,ridge ego,pooled,3.0,0.2357142857142857,0.2357142857142857,0.028985507246376812
pdm,ridge ego,pooled,3.2,0.2357142857142857,0.2357142857142857,0.028985507246376812
pdm,ridge ego,pooled,3.4,0.24285714285714285,0.24285714285714285,0.028985507246376812
pdm,ridge ego,pooled,3.6,0.2571428571428571,0.2571428571428571,0.028985507246376812
pdm,ridge ego,pooled,3.8,0.32142857142857145,0.32142857142857145,0.028985507246376812
pdm,ridge ego,pooled,4.0,0.32857142857142857,0.32857142857142857,0.028985507246376812
pdm,ridge ego,pooled,4.2,0.3357142857142857,0.3357142857142857,0.028985507246376812
pdm,ridge ego,pooled,4.4,0.3357142857142857,0.3357142857142857,0.028985507246376812
pdm,ridge ego,pooled,4.6,0.36428571428571427,0.36428571428571427,0.028985507246376812
pdm,ridge ego,pooled,4.8,0.36428571428571427,0.36428571428571427,0.028985507246376812
pdm,ridge ego,pooled,5.0,0.37857142857142856,0.37857142857142856,0.028985507246376812
pdm,ridge ego,pooled,5.2,0.39285714285714285,0.39285714285714285,0.028985507246376812
pdm,ridge ego,pooled,5.4,0.39285714285714285,0.39285714285714285,0.028985507246376812
pdm,ridge ego,pooled,5.6,0.39285714285714285,0.39285714285714285,0.028985507246376812
pdm,ridge ego,pooled,5.8,0.40714285714285714,0.4,0.028985507246376812
pdm,ridge ego,pooled,6.0,0.40714285714285714,0.4,0.028985507246376812
pdm,ridge ego,pooled,6.2,0.40714285714285714,0.4,0.028985507246376812
pdm,ridge ego,pooled,6.4,0.40714285714285714,0.4,0.028985507246376812
pdm,ridge ego,pooled,6.6,0.40714285714285714,0.4,0.028985507246376812
pdm,ridge ego,pooled,6.8,0.40714285714285714,0.4,0.028985507246376812
pdm,ridge ego,pooled,7.0,0.40714285714285714,0.4,0.028985507246376812
pdm,ridge ego,pooled,7.2,0.40714285714285714,0.4,0.028985507246376812
pdm,ridge ego,pooled,7.4,0.40714285714285714,0.4,0.028985507246376812
pdm,ridge ego,pooled,7.6,0.40714285714285714,0.4,0.028985507246376812
pdm,ridge ego,pooled,7.8,0.40714285714285714,0.4,0.028985507246376812
pdm,ridge ego,pooled,8.0,0.40714285714285714,0.4,0.028985507246376812
pdm,ridge ego,pooled,8.2,0.40714285714285714,0.4,0.028985507246376812
pdm,ridge ego,pooled,8.4,0.40714285714285714,0.4,0.028985507246376812
pdm,ridge ego,pooled,8.6,0.40714285714285714,0.40714285714285714,0.028985507246376812
pdm,ridge ego,pooled,8.8,0.40714285714285714,0.40714285714285714,0.028985507246376812
pdm,ridge ego,pooled,9.0,0.40714285714285714,0.40714285714285714,0.028985507246376812
pdm,ridge ego,pooled,9.2,0.40714285714285714,0.40714285714285714,0.028985507246376812
pdm,ridge ego,pooled,9.4,0.40714285714285714,0.40714285714285714,0.028985507246376812
pdm,ridge ego,pooled,9.6,0.40714285714285714,0.40714285714285714,0.028985507246376812
pdm,ridge ego,pooled,9.8,0.40714285714285714,0.40714285714285714,0.028985507246376812
pdm,ridge ego,pooled,10.0,0.40714285714285714,0.40714285714285714,0.028985507246376812
pdm,ridge_late L18_last,pooled,0.0,0.0,0.0,0.10144927536231885
pdm,ridge_late L18_last,pooled,0.2,0.0,0.0,0.10144927536231885
pdm,ridge_late L18_last,pooled,0.4,0.0,0.0,0.11594202898550725
pdm,ridge_late L18_last,pooled,0.6,0.0,0.0,0.14492753623188406
pdm,ridge_late L18_last,pooled,0.8,0.0,0.0,0.14492753623188406
pdm,ridge_late L18_last,pooled,1.0,0.0,0.0,0.15942028985507245
pdm,ridge_late L18_last,pooled,1.2,0.0,0.0,0.17391304347826086
pdm,ridge_late L18_last,pooled,1.4,0.0,0.0,0.17391304347826086
pdm,ridge_late L18_last,pooled,1.6,0.0,0.0,0.17391304347826086
pdm,ridge_late L18_last,pooled,1.8,0.0,0.0,0.17391304347826086
pdm,ridge_late L18_last,pooled,2.0,0.0,0.0,0.17391304347826086
pdm,ridge_late L18_last,pooled,2.2,0.0,0.0,0.18840579710144928
pdm,ridge_late L18_last,pooled,2.4,0.0,0.0,0.18840579710144928
pdm,ridge_late L18_last,pooled,2.6,0.0,0.0,0.2028985507246377
pdm,ridge_late L18_last,pooled,2.8,0.0,0.0,0.2028985507246377
pdm,ridge_late L18_last,pooled,3.0,0.0,0.0,0.2028985507246377
pdm,ridge_late L18_last,pooled,3.2,0.0,0.0,0.2028985507246377
pdm,ridge_late L18_last,pooled,3.4,0.0,0.0,0.2028985507246377
pdm,ridge_late L18_last,pooled,3.6,0.0,0.0,0.2028985507246377
pdm,ridge_late L18_last,pooled,3.8,0.0,0.0,0.2028985507246377
pdm,ridge_late L18_last,pooled,4.0,0.0,0.0,0.2028985507246377
pdm,ridge_late L18_last,pooled,4.2,0.0,0.0,0.2028985507246377
pdm,ridge_late L18_last,pooled,4.4,0.0,0.0,0.2028985507246377
pdm,ridge_late L18_last,pooled,4.6,0.0,0.0,0.2028985507246377
pdm,ridge_late L18_last,pooled,4.8,0.0,0.0,0.21739130434782608
pdm,ridge_late L18_last,pooled,5.0,0.0,0.0,0.2318840579710145
pdm,ridge_late L18_last,pooled,5.2,0.0,0.0,0.2318840579710145
pdm,ridge_late L18_last,pooled,5.4,0.0,0.0,0.2318840579710145
pdm,ridge_late L18_last,pooled,5.6,0.0,0.0,0.2318840579710145
pdm,ridge_late L18_last,pooled,5.8,0.0,0.0,0.2318840579710145
pdm,ridge_late L18_last,pooled,6.0,0.0,0.0,0.2318840579710145
pdm,ridge_late L18_last,pooled,6.2,0.0,0.0,0.2318840579710145
pdm,ridge_late L18_last,pooled,6.4,0.0,0.0,0.2318840579710145
pdm,ridge_late L18_last,pooled,6.6,0.0,0.0,0.2318840579710145
pdm,ridge_late L18_last,pooled,6.8,0.0,0.0,0.2318840579710145
pdm,ridge_late L18_last,pooled,7.0,0.0,0.0,0.2318840579710145
pdm,ridge_late L18_last,pooled,7.2,0.0,0.0,0.2318840579710145
pdm,ridge_late L18_last,pooled,7.4,0.0,0.0,0.2318840579710145
pdm,ridge_late L18_last,pooled,7.6,0.0,0.0,0.2318840579710145
pdm,ridge_late L18_last,pooled,7.8,0.0,0.0,0.2318840579710145
pdm,ridge_late L18_last,pooled,8.0,0.0,0.0,0.2318840579710145
pdm,ridge_late L18_last,pooled,8.2,0.0,0.0,0.2318840579710145
pdm,ridge_late L18_last,pooled,8.4,0.0,0.0,0.2318840579710145
pdm,ridge_late L18_last,pooled,8.6,0.0,0.0,0.2318840579710145
pdm,ridge_late L18_last,pooled,8.8,0.0,0.0,0.2318840579710145
pdm,ridge_late L18_last,pooled,9.0,0.0,0.0,0.2318840579710145
pdm,ridge_late L18_last,pooled,9.2,0.0,0.0,0.2318840579710145
pdm,ridge_late L18_last,pooled,9.4,0.0,0.0,0.2318840579710145
pdm,ridge_late L18_last,pooled,9.6,0.0,0.0,0.2318840579710145
pdm,ridge_late L18_last,pooled,9.8,0.0,0.0,0.2318840579710145
pdm,ridge_late L18_last,pooled,10.0,0.0,0.0,0.2318840579710145
pdm,ridge_late L18_mean,pooled,0.0,0.0,0.0,0.057971014492753624
pdm,ridge_late L18_mean,pooled,0.2,0.0,0.0,0.08695652173913043
pdm,ridge_late L18_mean,pooled,0.4,0.0,0.0,0.13043478260869565
pdm,ridge_late L18_mean,pooled,0.6,0.0,0.0,0.17391304347826086
pdm,ridge_late L18_mean,pooled,0.8,0.0,0.0,0.21739130434782608
pdm,ridge_late L18_mean,pooled,1.0,0.007142857142857143,0.0,0.21739130434782608
pdm,ridge_late L18_mean,pooled,1.2,0.007142857142857143,0.0,0.21739130434782608
pdm,ridge_late L18_mean,pooled,1.4,0.007142857142857143,0.0,0.21739130434782608
pdm,ridge_late L18_mean,pooled,1.6,0.007142857142857143,0.0,0.21739130434782608
pdm,ridge_late L18_mean,pooled,1.8,0.007142857142857143,0.0,0.2463768115942029
pdm,ridge_late L18_mean,pooled,2.0,0.014285714285714285,0.007142857142857143,0.2463768115942029
pdm,ridge_late L18_mean,pooled,2.2,0.014285714285714285,0.014285714285714285,0.2463768115942029
pdm,ridge_late L18_mean,pooled,2.4,0.014285714285714285,0.014285714285714285,0.2463768115942029
pdm,ridge_late L18_mean,pooled,2.6,0.014285714285714285,0.014285714285714285,0.2463768115942029
pdm,ridge_late L18_mean,pooled,2.8,0.014285714285714285,0.014285714285714285,0.2463768115942029
pdm,ridge_late L18_mean,pooled,3.0,0.014285714285714285,0.014285714285714285,0.2463768115942029
pdm,ridge_late L18_mean,pooled,3.2,0.014285714285714285,0.014285714285714285,0.2463768115942029
pdm,ridge_late L18_mean,pooled,3.4,0.014285714285714285,0.014285714285714285,0.2463768115942029
pdm,ridge_late L18_mean,pooled,3.6,0.014285714285714285,0.014285714285714285,0.2463768115942029
pdm,ridge_late L18_mean,pooled,3.8,0.014285714285714285,0.014285714285714285,0.2463768115942029
pdm,ridge_late L18_mean,pooled,4.0,0.014285714285714285,0.014285714285714285,0.2463768115942029
pdm,ridge_late L18_mean,pooled,4.2,0.014285714285714285,0.014285714285714285,0.2463768115942029
pdm,ridge_late L18_mean,pooled,4.4,0.014285714285714285,0.014285714285714285,0.2463768115942029
pdm,ridge_late L18_mean,pooled,4.6,0.014285714285714285,0.014285714285714285,0.2463768115942029
pdm,ridge_late L18_mean,pooled,4.8,0.014285714285714285,0.014285714285714285,0.2463768115942029
pdm,ridge_late L18_mean,pooled,5.0,0.014285714285714285,0.014285714285714285,0.2463768115942029
pdm,ridge_late L18_mean,pooled,5.2,0.014285714285714285,0.014285714285714285,0.2608695652173913
pdm,ridge_late L18_mean,pooled,5.4,0.014285714285714285,0.014285714285714285,0.2608695652173913
pdm,ridge_late L18_mean,pooled,5.6,0.014285714285714285,0.014285714285714285,0.2608695652173913
pdm,ridge_late L18_mean,pooled,5.8,0.014285714285714285,0.014285714285714285,0.2608695652173913
pdm,ridge_late L18_mean,pooled,6.0,0.014285714285714285,0.014285714285714285,0.2608695652173913
pdm,ridge_late L18_mean,pooled,6.2,0.014285714285714285,0.014285714285714285,0.2608695652173913
pdm,ridge_late L18_mean,pooled,6.4,0.014285714285714285,0.014285714285714285,0.2608695652173913
pdm,ridge_late L18_mean,pooled,6.6,0.014285714285714285,0.014285714285714285,0.2608695652173913
pdm,ridge_late L18_mean,pooled,6.8,0.014285714285714285,0.014285714285714285,0.2608695652173913
pdm,ridge_late L18_mean,pooled,7.0,0.014285714285714285,0.014285714285714285,0.2608695652173913
pdm,ridge_late L18_mean,pooled,7.2,0.014285714285714285,0.014285714285714285,0.2608695652173913
pdm,ridge_late L18_mean,pooled,7.4,0.014285714285714285,0.014285714285714285,0.2608695652173913
pdm,ridge_late L18_mean,pooled,7.6,0.014285714285714285,0.014285714285714285,0.2608695652173913
pdm,ridge_late L18_mean,pooled,7.8,0.014285714285714285,0.014285714285714285,0.2608695652173913
pdm,ridge_late L18_mean,pooled,8.0,0.014285714285714285,0.014285714285714285,0.2608695652173913
pdm,ridge_late L18_mean,pooled,8.2,0.014285714285714285,0.014285714285714285,0.2608695652173913
pdm,ridge_late L18_mean,pooled,8.4,0.014285714285714285,0.014285714285714285,0.2608695652173913
pdm,ridge_late L18_mean,pooled,8.6,0.014285714285714285,0.014285714285714285,0.2608695652173913
pdm,ridge_late L18_mean,pooled,8.8,0.014285714285714285,0.014285714285714285,0.2608695652173913
pdm,ridge_late L18_mean,pooled,9.0,0.014285714285714285,0.014285714285714285,0.2608695652173913
pdm,ridge_late L18_mean,pooled,9.2,0.014285714285714285,0.014285714285714285,0.2608695652173913
pdm,ridge_late L18_mean,pooled,9.4,0.014285714285714285,0.014285714285714285,0.2608695652173913
pdm,ridge_late L18_mean,pooled,9.6,0.014285714285714285,0.014285714285714285,0.2608695652173913
pdm,ridge_late L18_mean,pooled,9.8,0.014285714285714285,0.014285714285714285,0.2608695652173913
pdm,ridge_late L18_mean,pooled,10.0,0.014285714285714285,0.014285714285714285,0.2608695652173913
pdm,ridge_late op-cinque temporal,pooled,0.0,0.0,0.0,0.057971014492753624
pdm,ridge_late op-cinque temporal,pooled,0.2,0.0,0.0,0.08695652173913043
pdm,ridge_late op-cinque temporal,pooled,0.4,0.0,0.0,0.10144927536231885
pdm,ridge_late op-cinque temporal,pooled,0.6,0.0,0.0,0.14492753623188406
pdm,ridge_late op-cinque temporal,pooled,0.8,0.0,0.0,0.15942028985507245
pdm,ridge_late op-cinque temporal,pooled,1.0,0.014285714285714285,0.014285714285714285,0.15942028985507245
pdm,ridge_late op-cinque temporal,pooled,1.2,0.014285714285714285,0.014285714285714285,0.17391304347826086
pdm,ridge_late op-cinque temporal,pooled,1.4,0.014285714285714285,0.014285714285714285,0.17391304347826086
pdm,ridge_late op-cinque temporal,pooled,1.6,0.014285714285714285,0.014285714285714285,0.17391304347826086
pdm,ridge_late op-cinque temporal,pooled,1.8,0.014285714285714285,0.014285714285714285,0.18840579710144928
pdm,ridge_late op-cinque temporal,pooled,2.0,0.014285714285714285,0.014285714285714285,0.21739130434782608
pdm,ridge_late op-cinque temporal,pooled,2.2,0.014285714285714285,0.014285714285714285,0.2608695652173913
pdm,ridge_late op-cinque temporal,pooled,2.4,0.02142857142857143,0.014285714285714285,0.2753623188405797
pdm,ridge_late op-cinque temporal,pooled,2.6,0.02142857142857143,0.014285714285714285,0.2753623188405797
pdm,ridge_late op-cinque temporal,pooled,2.8,0.02142857142857143,0.014285714285714285,0.2753623188405797
pdm,ridge_late op-cinque temporal,pooled,3.0,0.02857142857142857,0.02142857142857143,0.2753623188405797
pdm,ridge_late op-cinque temporal,pooled,3.2,0.02857142857142857,0.02142857142857143,0.2753623188405797
pdm,ridge_late op-cinque temporal,pooled,3.4,0.02857142857142857,0.02142857142857143,0.2898550724637681
pdm,ridge_late op-cinque temporal,pooled,3.6,0.02857142857142857,0.02142857142857143,0.2898550724637681
pdm,ridge_late op-cinque temporal,pooled,3.8,0.03571428571428571,0.02857142857142857,0.2898550724637681
pdm,ridge_late op-cinque temporal,pooled,4.0,0.03571428571428571,0.02857142857142857,0.2898550724637681
pdm,ridge_late op-cinque temporal,pooled,4.2,0.03571428571428571,0.02857142857142857,0.2898550724637681
pdm,ridge_late op-cinque temporal,pooled,4.4,0.03571428571428571,0.02857142857142857,0.2898550724637681
pdm,ridge_late op-cinque temporal,pooled,4.6,0.03571428571428571,0.02857142857142857,0.2898550724637681
pdm,ridge_late op-cinque temporal,pooled,4.8,0.03571428571428571,0.02857142857142857,0.2898550724637681
pdm,ridge_late op-cinque temporal,pooled,5.0,0.03571428571428571,0.02857142857142857,0.2898550724637681
pdm,ridge_late op-cinque temporal,pooled,5.2,0.03571428571428571,0.02857142857142857,0.2898550724637681
pdm,ridge_late op-cinque temporal,pooled,5.4,0.03571428571428571,0.02857142857142857,0.30434782608695654
pdm,ridge_late op-cinque temporal,pooled,5.6,0.03571428571428571,0.02857142857142857,0.30434782608695654
pdm,ridge_late op-cinque temporal,pooled,5.8,0.03571428571428571,0.02857142857142857,0.30434782608695654
pdm,ridge_late op-cinque temporal,pooled,6.0,0.03571428571428571,0.02857142857142857,0.30434782608695654
pdm,ridge_late op-cinque temporal,pooled,6.2,0.03571428571428571,0.02857142857142857,0.30434782608695654
pdm,ridge_late op-cinque temporal,pooled,6.4,0.03571428571428571,0.02857142857142857,0.30434782608695654
pdm,ridge_late op-cinque temporal,pooled,6.6,0.03571428571428571,0.02857142857142857,0.30434782608695654
pdm,ridge_late op-cinque temporal,pooled,6.8,0.03571428571428571,0.02857142857142857,0.30434782608695654
pdm,ridge_late op-cinque temporal,pooled,7.0,0.03571428571428571,0.02857142857142857,0.30434782608695654
pdm,ridge_late op-cinque temporal,pooled,7.2,0.03571428571428571,0.02857142857142857,0.30434782608695654
pdm,ridge_late op-cinque temporal,pooled,7.4,0.03571428571428571,0.02857142857142857,0.30434782608695654
pdm,ridge_late op-cinque temporal,pooled,7.6,0.03571428571428571,0.02857142857142857,0.30434782608695654
pdm,ridge_late op-cinque temporal,pooled,7.8,0.03571428571428571,0.02857142857142857,0.30434782608695654
pdm,ridge_late op-cinque temporal,pooled,8.0,0.03571428571428571,0.02857142857142857,0.30434782608695654
pdm,ridge_late op-cinque temporal,pooled,8.2,0.03571428571428571,0.02857142857142857,0.30434782608695654
pdm,ridge_late op-cinque temporal,pooled,8.4,0.03571428571428571,0.02857142857142857,0.30434782608695654
pdm,ridge_late op-cinque temporal,pooled,8.6,0.03571428571428571,0.02857142857142857,0.30434782608695654
pdm,ridge_late op-cinque temporal,pooled,8.8,0.03571428571428571,0.02857142857142857,0.30434782608695654
pdm,ridge_late op-cinque temporal,pooled,9.0,0.03571428571428571,0.02857142857142857,0.30434782608695654
pdm,ridge_late op-cinque temporal,pooled,9.2,0.03571428571428571,0.02857142857142857,0.30434782608695654
pdm,ridge_late op-cinque temporal,pooled,9.4,0.03571428571428571,0.02857142857142857,0.30434782608695654
pdm,ridge_late op-cinque temporal,pooled,9.6,0.03571428571428571,0.02857142857142857,0.30434782608695654
pdm,ridge_late op-cinque temporal,pooled,9.8,0.03571428571428571,0.02857142857142857,0.30434782608695654
pdm,ridge_late op-cinque temporal,pooled,10.0,0.03571428571428571,0.02857142857142857,0.30434782608695654
pdm,ridge_late op-cinque vision,pooled,0.0,0.0,0.0,0.014492753623188406
pdm,ridge_late op-cinque vision,pooled,0.2,0.0,0.0,0.028985507246376812
pdm,ridge_late op-cinque vision,pooled,0.4,0.0,0.0,0.043478260869565216
pdm,ridge_late op-cinque vision,pooled,0.6,0.0,0.0,0.043478260869565216
pdm,ridge_late op-cinque vision,pooled,0.8,0.0,0.0,0.057971014492753624
pdm,ridge_late op-cinque vision,pooled,1.0,0.0,0.0,0.07246376811594203
pdm,ridge_late op-cinque vision,pooled,1.2,0.0,0.0,0.10144927536231885
pdm,ridge_late op-cinque vision,pooled,1.4,0.0,0.0,0.11594202898550725
pdm,ridge_late op-cinque vision,pooled,1.6,0.0,0.0,0.11594202898550725
pdm,ridge_late op-cinque vision,pooled,1.8,0.0,0.0,0.11594202898550725
pdm,ridge_late op-cinque vision,pooled,2.0,0.0,0.0,0.13043478260869565
pdm,ridge_late op-cinque vision,pooled,2.2,0.0,0.0,0.13043478260869565
pdm,ridge_late op-cinque vision,pooled,2.4,0.0,0.0,0.17391304347826086
pdm,ridge_late op-cinque vision,pooled,2.6,0.0,0.0,0.17391304347826086
pdm,ridge_late op-cinque vision,pooled,2.8,0.0,0.0,0.17391304347826086
pdm,ridge_late op-cinque vision,pooled,3.0,0.0,0.0,0.17391304347826086
pdm,ridge_late op-cinque vision,pooled,3.2,0.0,0.0,0.17391304347826086
pdm,ridge_late op-cinque vision,pooled,3.4,0.0,0.0,0.18840579710144928
pdm,ridge_late op-cinque vision,pooled,3.6,0.0,0.0,0.18840579710144928
pdm,ridge_late op-cinque vision,pooled,3.8,0.007142857142857143,0.007142857142857143,0.18840579710144928
pdm,ridge_late op-cinque vision,pooled,4.0,0.007142857142857143,0.007142857142857143,0.18840579710144928
pdm,ridge_late op-cinque vision,pooled,4.2,0.007142857142857143,0.007142857142857143,0.18840579710144928
pdm,ridge_late op-cinque vision,pooled,4.4,0.007142857142857143,0.007142857142857143,0.18840579710144928
pdm,ridge_late op-cinque vision,pooled,4.6,0.007142857142857143,0.007142857142857143,0.18840579710144928
pdm,ridge_late op-cinque vision,pooled,4.8,0.007142857142857143,0.007142857142857143,0.18840579710144928
pdm,ridge_late op-cinque vision,pooled,5.0,0.007142857142857143,0.007142857142857143,0.18840579710144928
pdm,ridge_late op-cinque vision,pooled,5.2,0.007142857142857143,0.007142857142857143,0.18840579710144928
pdm,ridge_late op-cinque vision,pooled,5.4,0.007142857142857143,0.007142857142857143,0.18840579710144928
pdm,ridge_late op-cinque vision,pooled,5.6,0.007142857142857143,0.007142857142857143,0.18840579710144928
pdm,ridge_late op-cinque vision,pooled,5.8,0.007142857142857143,0.007142857142857143,0.18840579710144928
pdm,ridge_late op-cinque vision,pooled,6.0,0.007142857142857143,0.007142857142857143,0.18840579710144928
pdm,ridge_late op-cinque vision,pooled,6.2,0.007142857142857143,0.007142857142857143,0.18840579710144928
pdm,ridge_late op-cinque vision,pooled,6.4,0.007142857142857143,0.007142857142857143,0.18840579710144928
pdm,ridge_late op-cinque vision,pooled,6.6,0.007142857142857143,0.007142857142857143,0.18840579710144928
pdm,ridge_late op-cinque vision,pooled,6.8,0.007142857142857143,0.007142857142857143,0.18840579710144928
pdm,ridge_late op-cinque vision,pooled,7.0,0.007142857142857143,0.007142857142857143,0.18840579710144928
pdm,ridge_late op-cinque vision,pooled,7.2,0.007142857142857143,0.007142857142857143,0.18840579710144928
pdm,ridge_late op-cinque vision,pooled,7.4,0.007142857142857143,0.007142857142857143,0.18840579710144928
pdm,ridge_late op-cinque vision,pooled,7.6,0.007142857142857143,0.007142857142857143,0.18840579710144928
pdm,ridge_late op-cinque vision,pooled,7.8,0.007142857142857143,0.007142857142857143,0.18840579710144928
pdm,ridge_late op-cinque vision,pooled,8.0,0.007142857142857143,0.007142857142857143,0.18840579710144928
pdm,ridge_late op-cinque vision,pooled,8.2,0.007142857142857143,0.007142857142857143,0.18840579710144928
pdm,ridge_late op-cinque vision,pooled,8.4,0.007142857142857143,0.007142857142857143,0.18840579710144928
pdm,ridge_late op-cinque vision,pooled,8.6,0.007142857142857143,0.007142857142857143,0.18840579710144928
pdm,ridge_late op-cinque vision,pooled,8.8,0.007142857142857143,0.007142857142857143,0.18840579710144928
pdm,ridge_late op-cinque vision,pooled,9.0,0.007142857142857143,0.007142857142857143,0.18840579710144928
pdm,ridge_late op-cinque vision,pooled,9.2,0.007142857142857143,0.007142857142857143,0.18840579710144928
pdm,ridge_late op-cinque vision,pooled,9.4,0.007142857142857143,0.007142857142857143,0.18840579710144928
pdm,ridge_late op-cinque vision,pooled,9.6,0.007142857142857143,0.007142857142857143,0.18840579710144928
pdm,ridge_late op-cinque vision,pooled,9.8,0.007142857142857143,0.007142857142857143,0.18840579710144928
pdm,ridge_late op-cinque vision,pooled,10.0,0.007142857142857143,0.007142857142857143,0.18840579710144928
pdm,ridge_late op-lebowski temporal,pooled,0.0,0.0,0.0,0.07246376811594203
pdm,ridge_late op-lebowski temporal,pooled,0.2,0.0,0.0,0.08695652173913043
pdm,ridge_late op-lebowski temporal,pooled,0.4,0.007142857142857143,0.007142857142857143,0.10144927536231885
pdm,ridge_late op-lebowski temporal,pooled,0.6,0.007142857142857143,0.007142857142857143,0.13043478260869565
pdm,ridge_late op-lebowski temporal,pooled,0.8,0.007142857142857143,0.007142857142857143,0.17391304347826086
pdm,ridge_late op-lebowski temporal,pooled,1.0,0.007142857142857143,0.007142857142857143,0.18840579710144928
pdm,ridge_late op-lebowski temporal,pooled,1.2,0.007142857142857143,0.007142857142857143,0.2608695652173913
pdm,ridge_late op-lebowski temporal,pooled,1.4,0.007142857142857143,0.007142857142857143,0.2753623188405797
pdm,ridge_late op-lebowski temporal,pooled,1.6,0.007142857142857143,0.007142857142857143,0.2753623188405797
pdm,ridge_late op-lebowski temporal,pooled,1.8,0.007142857142857143,0.007142857142857143,0.2898550724637681
pdm,ridge_late op-lebowski temporal,pooled,2.0,0.02857142857142857,0.02857142857142857,0.2898550724637681
pdm,ridge_late op-lebowski temporal,pooled,2.2,0.02857142857142857,0.02857142857142857,0.2898550724637681
pdm,ridge_late op-lebowski temporal,pooled,2.4,0.02857142857142857,0.02857142857142857,0.2898550724637681
pdm,ridge_late op-lebowski temporal,pooled,2.6,0.02857142857142857,0.02857142857142857,0.2898550724637681
pdm,ridge_late op-lebowski temporal,pooled,2.8,0.03571428571428571,0.03571428571428571,0.30434782608695654
pdm,ridge_late op-lebowski temporal,pooled,3.0,0.03571428571428571,0.03571428571428571,0.3188405797101449
pdm,ridge_late op-lebowski temporal,pooled,3.2,0.03571428571428571,0.03571428571428571,0.3188405797101449
pdm,ridge_late op-lebowski temporal,pooled,3.4,0.03571428571428571,0.03571428571428571,0.3333333333333333
pdm,ridge_late op-lebowski temporal,pooled,3.6,0.04285714285714286,0.03571428571428571,0.3333333333333333
pdm,ridge_late op-lebowski temporal,pooled,3.8,0.05,0.04285714285714286,0.34782608695652173
pdm,ridge_late op-lebowski temporal,pooled,4.0,0.06428571428571428,0.05,0.34782608695652173
pdm,ridge_late op-lebowski temporal,pooled,4.2,0.06428571428571428,0.05,0.34782608695652173
pdm,ridge_late op-lebowski temporal,pooled,4.4,0.06428571428571428,0.05,0.34782608695652173
pdm,ridge_late op-lebowski temporal,pooled,4.6,0.06428571428571428,0.05,0.34782608695652173
pdm,ridge_late op-lebowski temporal,pooled,4.8,0.06428571428571428,0.05,0.34782608695652173
pdm,ridge_late op-lebowski temporal,pooled,5.0,0.06428571428571428,0.05,0.34782608695652173
pdm,ridge_late op-lebowski temporal,pooled,5.2,0.06428571428571428,0.05,0.34782608695652173
pdm,ridge_late op-lebowski temporal,pooled,5.4,0.06428571428571428,0.05,0.34782608695652173
pdm,ridge_late op-lebowski temporal,pooled,5.6,0.06428571428571428,0.05,0.34782608695652173
pdm,ridge_late op-lebowski temporal,pooled,5.8,0.06428571428571428,0.05,0.34782608695652173
pdm,ridge_late op-lebowski temporal,pooled,6.0,0.06428571428571428,0.05,0.34782608695652173
pdm,ridge_late op-lebowski temporal,pooled,6.2,0.06428571428571428,0.05,0.34782608695652173
pdm,ridge_late op-lebowski temporal,pooled,6.4,0.06428571428571428,0.05,0.34782608695652173
pdm,ridge_late op-lebowski temporal,pooled,6.6,0.06428571428571428,0.05,0.34782608695652173
pdm,ridge_late op-lebowski temporal,pooled,6.8,0.06428571428571428,0.05,0.34782608695652173
pdm,ridge_late op-lebowski temporal,pooled,7.0,0.06428571428571428,0.05,0.34782608695652173
pdm,ridge_late op-lebowski temporal,pooled,7.2,0.06428571428571428,0.05,0.34782608695652173
pdm,ridge_late op-lebowski temporal,pooled,7.4,0.06428571428571428,0.05,0.34782608695652173
pdm,ridge_late op-lebowski temporal,pooled,7.6,0.06428571428571428,0.05,0.34782608695652173
pdm,ridge_late op-lebowski temporal,pooled,7.8,0.06428571428571428,0.05,0.34782608695652173
pdm,ridge_late op-lebowski temporal,pooled,8.0,0.06428571428571428,0.05,0.34782608695652173
pdm,ridge_late op-lebowski temporal,pooled,8.2,0.06428571428571428,0.05,0.34782608695652173
pdm,ridge_late op-lebowski temporal,pooled,8.4,0.06428571428571428,0.05,0.34782608695652173
pdm,ridge_late op-lebowski temporal,pooled,8.6,0.06428571428571428,0.05,0.34782608695652173
pdm,ridge_late op-lebowski temporal,pooled,8.8,0.06428571428571428,0.05,0.34782608695652173
pdm,ridge_late op-lebowski temporal,pooled,9.0,0.06428571428571428,0.05,0.34782608695652173
pdm,ridge_late op-lebowski temporal,pooled,9.2,0.06428571428571428,0.05,0.34782608695652173
pdm,ridge_late op-lebowski temporal,pooled,9.4,0.06428571428571428,0.05,0.34782608695652173
pdm,ridge_late op-lebowski temporal,pooled,9.6,0.06428571428571428,0.05,0.34782608695652173
pdm,ridge_late op-lebowski temporal,pooled,9.8,0.06428571428571428,0.05,0.34782608695652173
pdm,ridge_late op-lebowski temporal,pooled,10.0,0.06428571428571428,0.05,0.34782608695652173
pdm,ridge_late op-lebowski vision,pooled,0.0,0.0,0.0,0.08695652173913043
pdm,ridge_late op-lebowski vision,pooled,0.2,0.0,0.0,0.11594202898550725
pdm,ridge_late op-lebowski vision,pooled,0.4,0.0,0.0,0.11594202898550725
pdm,ridge_late op-lebowski vision,pooled,0.6,0.0,0.0,0.15942028985507245
pdm,ridge_late op-lebowski vision,pooled,0.8,0.0,0.0,0.17391304347826086
pdm,ridge_late op-lebowski vision,pooled,1.0,0.0,0.0,0.18840579710144928
pdm,ridge_late op-lebowski vision,pooled,1.2,0.0,0.0,0.2028985507246377
pdm,ridge_late op-lebowski vision,pooled,1.4,0.0,0.0,0.21739130434782608
pdm,ridge_late op-lebowski vision,pooled,1.6,0.0,0.0,0.21739130434782608
pdm,ridge_late op-lebowski vision,pooled,1.8,0.0,0.0,0.2463768115942029
pdm,ridge_late op-lebowski vision,pooled,2.0,0.0,0.0,0.2463768115942029
pdm,ridge_late op-lebowski vision,pooled,2.2,0.0,0.0,0.2463768115942029
pdm,ridge_late op-lebowski vision,pooled,2.4,0.0,0.0,0.2608695652173913
pdm,ridge_late op-lebowski vision,pooled,2.6,0.0,0.0,0.2608695652173913
pdm,ridge_late op-lebowski vision,pooled,2.8,0.0,0.0,0.2898550724637681
pdm,ridge_late op-lebowski vision,pooled,3.0,0.007142857142857143,0.007142857142857143,0.2898550724637681
pdm,ridge_late op-lebowski vision,pooled,3.2,0.007142857142857143,0.007142857142857143,0.2898550724637681
pdm,ridge_late op-lebowski vision,pooled,3.4,0.007142857142857143,0.007142857142857143,0.2898550724637681
pdm,ridge_late op-lebowski vision,pooled,3.6,0.007142857142857143,0.007142857142857143,0.2898550724637681
pdm,ridge_late op-lebowski vision,pooled,3.8,0.02142857142857143,0.02142857142857143,0.30434782608695654
pdm,ridge_late op-lebowski vision,pooled,4.0,0.02142857142857143,0.02142857142857143,0.30434782608695654
pdm,ridge_late op-lebowski vision,pooled,4.2,0.02142857142857143,0.02142857142857143,0.30434782608695654
pdm,ridge_late op-lebowski vision,pooled,4.4,0.02142857142857143,0.02142857142857143,0.30434782608695654
pdm,ridge_late op-lebowski vision,pooled,4.6,0.02142857142857143,0.02142857142857143,0.30434782608695654
pdm,ridge_late op-lebowski vision,pooled,4.8,0.02142857142857143,0.02142857142857143,0.30434782608695654
pdm,ridge_late op-lebowski vision,pooled,5.0,0.02857142857142857,0.02857142857142857,0.30434782608695654
pdm,ridge_late op-lebowski vision,pooled,5.2,0.02857142857142857,0.02857142857142857,0.30434782608695654
pdm,ridge_late op-lebowski vision,pooled,5.4,0.03571428571428571,0.03571428571428571,0.30434782608695654
pdm,ridge_late op-lebowski vision,pooled,5.6,0.03571428571428571,0.03571428571428571,0.30434782608695654
pdm,ridge_late op-lebowski vision,pooled,5.8,0.03571428571428571,0.03571428571428571,0.30434782608695654
pdm,ridge_late op-lebowski vision,pooled,6.0,0.03571428571428571,0.03571428571428571,0.30434782608695654
pdm,ridge_late op-lebowski vision,pooled,6.2,0.03571428571428571,0.03571428571428571,0.30434782608695654
pdm,ridge_late op-lebowski vision,pooled,6.4,0.03571428571428571,0.03571428571428571,0.30434782608695654
pdm,ridge_late op-lebowski vision,pooled,6.6,0.03571428571428571,0.03571428571428571,0.30434782608695654
pdm,ridge_late op-lebowski vision,pooled,6.8,0.03571428571428571,0.03571428571428571,0.30434782608695654
pdm,ridge_late op-lebowski vision,pooled,7.0,0.03571428571428571,0.03571428571428571,0.30434782608695654
pdm,ridge_late op-lebowski vision,pooled,7.2,0.03571428571428571,0.03571428571428571,0.30434782608695654
pdm,ridge_late op-lebowski vision,pooled,7.4,0.03571428571428571,0.03571428571428571,0.30434782608695654
pdm,ridge_late op-lebowski vision,pooled,7.6,0.03571428571428571,0.03571428571428571,0.30434782608695654
pdm,ridge_late op-lebowski vision,pooled,7.8,0.03571428571428571,0.03571428571428571,0.30434782608695654
pdm,ridge_late op-lebowski vision,pooled,8.0,0.03571428571428571,0.03571428571428571,0.30434782608695654
pdm,ridge_late op-lebowski vision,pooled,8.2,0.03571428571428571,0.03571428571428571,0.30434782608695654
pdm,ridge_late op-lebowski vision,pooled,8.4,0.03571428571428571,0.03571428571428571,0.30434782608695654
pdm,ridge_late op-lebowski vision,pooled,8.6,0.03571428571428571,0.03571428571428571,0.30434782608695654
pdm,ridge_late op-lebowski vision,pooled,8.8,0.03571428571428571,0.03571428571428571,0.30434782608695654
pdm,ridge_late op-lebowski vision,pooled,9.0,0.03571428571428571,0.03571428571428571,0.30434782608695654
pdm,ridge_late op-lebowski vision,pooled,9.2,0.03571428571428571,0.03571428571428571,0.30434782608695654
pdm,ridge_late op-lebowski vision,pooled,9.4,0.03571428571428571,0.03571428571428571,0.30434782608695654
pdm,ridge_late op-lebowski vision,pooled,9.6,0.03571428571428571,0.03571428571428571,0.30434782608695654
pdm,ridge_late op-lebowski vision,pooled,9.8,0.03571428571428571,0.03571428571428571,0.30434782608695654
pdm,ridge_late op-lebowski vision,pooled,10.0,0.03571428571428571,0.03571428571428571,0.30434782608695654
pdm,ridge_late op-lebowski hidden,pooled,0.0,0.0,0.0,0.043478260869565216
pdm,ridge_late op-lebowski hidden,pooled,0.2,0.0,0.0,0.057971014492753624
pdm,ridge_late op-lebowski hidden,pooled,0.4,0.0,0.0,0.08695652173913043
pdm,ridge_late op-lebowski hidden,pooled,0.6,0.0,0.0,0.10144927536231885
pdm,ridge_late op-lebowski hidden,pooled,0.8,0.0,0.0,0.15942028985507245
pdm,ridge_late op-lebowski hidden,pooled,1.0,0.0,0.0,0.18840579710144928
pdm,ridge_late op-lebowski hidden,pooled,1.2,0.0,0.0,0.21739130434782608
pdm,ridge_late op-lebowski hidden,pooled,1.4,0.0,0.0,0.21739130434782608
pdm,ridge_late op-lebowski hidden,pooled,1.6,0.0,0.0,0.2463768115942029
pdm,ridge_late op-lebowski hidden,pooled,1.8,0.0,0.0,0.2608695652173913
pdm,ridge_late op-lebowski hidden,pooled,2.0,0.0,0.0,0.2753623188405797
pdm,ridge_late op-lebowski hidden,pooled,2.2,0.007142857142857143,0.007142857142857143,0.2753623188405797
pdm,ridge_late op-lebowski hidden,pooled,2.4,0.014285714285714285,0.014285714285714285,0.30434782608695654
pdm,ridge_late op-lebowski hidden,pooled,2.6,0.014285714285714285,0.014285714285714285,0.30434782608695654
pdm,ridge_late op-lebowski hidden,pooled,2.8,0.02142857142857143,0.02142857142857143,0.3188405797101449
pdm,ridge_late op-lebowski hidden,pooled,3.0,0.02857142857142857,0.02857142857142857,0.3188405797101449
pdm,ridge_late op-lebowski hidden,pooled,3.2,0.02857142857142857,0.02857142857142857,0.3188405797101449
pdm,ridge_late op-lebowski hidden,pooled,3.4,0.03571428571428571,0.03571428571428571,0.3188405797101449
pdm,ridge_late op-lebowski hidden,pooled,3.6,0.05,0.05,0.3188405797101449
pdm,ridge_late op-lebowski hidden,pooled,3.8,0.05714285714285714,0.05714285714285714,0.3188405797101449
pdm,ridge_late op-lebowski hidden,pooled,4.0,0.05714285714285714,0.05714285714285714,0.3188405797101449
pdm,ridge_late op-lebowski hidden,pooled,4.2,0.05714285714285714,0.05714285714285714,0.3188405797101449
pdm,ridge_late op-lebowski hidden,pooled,4.4,0.05714285714285714,0.05714285714285714,0.3188405797101449
pdm,ridge_late op-lebowski hidden,pooled,4.6,0.05714285714285714,0.05714285714285714,0.3188405797101449
pdm,ridge_late op-lebowski hidden,pooled,4.8,0.05714285714285714,0.05714285714285714,0.3188405797101449
pdm,ridge_late op-lebowski hidden,pooled,5.0,0.06428571428571428,0.06428571428571428,0.3188405797101449
pdm,ridge_late op-lebowski hidden,pooled,5.2,0.06428571428571428,0.06428571428571428,0.3188405797101449
pdm,ridge_late op-lebowski hidden,pooled,5.4,0.07142857142857142,0.07142857142857142,0.3188405797101449
pdm,ridge_late op-lebowski hidden,pooled,5.6,0.07142857142857142,0.07142857142857142,0.3188405797101449
pdm,ridge_late op-lebowski hidden,pooled,5.8,0.07857142857142857,0.07857142857142857,0.3188405797101449
pdm,ridge_late op-lebowski hidden,pooled,6.0,0.07857142857142857,0.07857142857142857,0.3188405797101449
pdm,ridge_late op-lebowski hidden,pooled,6.2,0.07857142857142857,0.07857142857142857,0.3188405797101449
pdm,ridge_late op-lebowski hidden,pooled,6.4,0.07857142857142857,0.07857142857142857,0.3188405797101449
pdm,ridge_late op-lebowski hidden,pooled,6.6,0.07857142857142857,0.07857142857142857,0.3188405797101449
pdm,ridge_late op-lebowski hidden,pooled,6.8,0.07857142857142857,0.07857142857142857,0.3188405797101449
pdm,ridge_late op-lebowski hidden,pooled,7.0,0.07857142857142857,0.07857142857142857,0.3188405797101449
pdm,ridge_late op-lebowski hidden,pooled,7.2,0.07857142857142857,0.07857142857142857,0.3188405797101449
pdm,ridge_late op-lebowski hidden,pooled,7.4,0.07857142857142857,0.07857142857142857,0.3188405797101449
pdm,ridge_late op-lebowski hidden,pooled,7.6,0.07857142857142857,0.07857142857142857,0.3188405797101449
pdm,ridge_late op-lebowski hidden,pooled,7.8,0.07857142857142857,0.07857142857142857,0.3188405797101449
pdm,ridge_late op-lebowski hidden,pooled,8.0,0.07857142857142857,0.07857142857142857,0.3188405797101449
pdm,ridge_late op-lebowski hidden,pooled,8.2,0.07857142857142857,0.07857142857142857,0.3188405797101449
pdm,ridge_late op-lebowski hidden,pooled,8.4,0.07857142857142857,0.07857142857142857,0.3188405797101449
pdm,ridge_late op-lebowski hidden,pooled,8.6,0.07857142857142857,0.07857142857142857,0.3188405797101449
pdm,ridge_late op-lebowski hidden,pooled,8.8,0.07857142857142857,0.07857142857142857,0.3188405797101449
pdm,ridge_late op-lebowski hidden,pooled,9.0,0.07857142857142857,0.07857142857142857,0.3188405797101449
pdm,ridge_late op-lebowski hidden,pooled,9.2,0.07857142857142857,0.07857142857142857,0.3188405797101449
pdm,ridge_late op-lebowski hidden,pooled,9.4,0.07857142857142857,0.07857142857142857,0.3188405797101449
pdm,ridge_late op-lebowski hidden,pooled,9.6,0.07857142857142857,0.07857142857142857,0.3188405797101449
pdm,ridge_late op-lebowski hidden,pooled,9.8,0.07857142857142857,0.07857142857142857,0.3188405797101449
pdm,ridge_late op-lebowski hidden,pooled,10.0,0.07857142857142857,0.07857142857142857,0.3188405797101449
pdm,prior [cinque],pooled,0.0,0.0,0.0,0.057971014492753624
pdm,prior [cinque],pooled,0.2,0.0,0.0,0.08695652173913043
pdm,prior [cinque],pooled,0.4,0.0,0.0,0.10144927536231885
pdm,prior [cinque],pooled,0.6,0.0,0.0,0.14492753623188406
pdm,prior [cinque],pooled,0.8,0.0,0.0,0.15942028985507245
pdm,prior [cinque],pooled,1.0,0.014285714285714285,0.014285714285714285,0.15942028985507245
pdm,prior [cinque],pooled,1.2,0.014285714285714285,0.014285714285714285,0.17391304347826086
pdm,prior [cinque],pooled,1.4,0.014285714285714285,0.014285714285714285,0.17391304347826086
pdm,prior [cinque],pooled,1.6,0.014285714285714285,0.014285714285714285,0.17391304347826086
pdm,prior [cinque],pooled,1.8,0.014285714285714285,0.014285714285714285,0.18840579710144928
pdm,prior [cinque],pooled,2.0,0.014285714285714285,0.014285714285714285,0.21739130434782608
pdm,prior [cinque],pooled,2.2,0.014285714285714285,0.014285714285714285,0.2608695652173913
pdm,prior [cinque],pooled,2.4,0.02142857142857143,0.014285714285714285,0.2753623188405797
pdm,prior [cinque],pooled,2.6,0.02142857142857143,0.014285714285714285,0.2753623188405797
pdm,prior [cinque],pooled,2.8,0.02142857142857143,0.014285714285714285,0.2753623188405797
pdm,prior [cinque],pooled,3.0,0.02857142857142857,0.02142857142857143,0.2753623188405797
pdm,prior [cinque],pooled,3.2,0.02857142857142857,0.02142857142857143,0.2753623188405797
pdm,prior [cinque],pooled,3.4,0.02857142857142857,0.02142857142857143,0.2898550724637681
pdm,prior [cinque],pooled,3.6,0.02857142857142857,0.02142857142857143,0.2898550724637681
pdm,prior [cinque],pooled,3.8,0.03571428571428571,0.02857142857142857,0.2898550724637681
pdm,prior [cinque],pooled,4.0,0.03571428571428571,0.02857142857142857,0.2898550724637681
pdm,prior [cinque],pooled,4.2,0.03571428571428571,0.02857142857142857,0.2898550724637681
pdm,prior [cinque],pooled,4.4,0.03571428571428571,0.02857142857142857,0.2898550724637681
pdm,prior [cinque],pooled,4.6,0.03571428571428571,0.02857142857142857,0.2898550724637681
pdm,prior [cinque],pooled,4.8,0.03571428571428571,0.02857142857142857,0.2898550724637681
pdm,prior [cinque],pooled,5.0,0.03571428571428571,0.02857142857142857,0.2898550724637681
pdm,prior [cinque],pooled,5.2,0.03571428571428571,0.02857142857142857,0.2898550724637681
pdm,prior [cinque],pooled,5.4,0.03571428571428571,0.02857142857142857,0.30434782608695654
pdm,prior [cinque],pooled,5.6,0.03571428571428571,0.02857142857142857,0.30434782608695654
pdm,prior [cinque],pooled,5.8,0.03571428571428571,0.02857142857142857,0.30434782608695654
pdm,prior [cinque],pooled,6.0,0.03571428571428571,0.02857142857142857,0.30434782608695654
pdm,prior [cinque],pooled,6.2,0.03571428571428571,0.02857142857142857,0.30434782608695654
pdm,prior [cinque],pooled,6.4,0.03571428571428571,0.02857142857142857,0.30434782608695654
pdm,prior [cinque],pooled,6.6,0.03571428571428571,0.02857142857142857,0.30434782608695654
pdm,prior [cinque],pooled,6.8,0.03571428571428571,0.02857142857142857,0.30434782608695654
pdm,prior [cinque],pooled,7.0,0.03571428571428571,0.02857142857142857,0.30434782608695654
pdm,prior [cinque],pooled,7.2,0.03571428571428571,0.02857142857142857,0.30434782608695654
pdm,prior [cinque],pooled,7.4,0.03571428571428571,0.02857142857142857,0.30434782608695654
pdm,prior [cinque],pooled,7.6,0.03571428571428571,0.02857142857142857,0.30434782608695654
pdm,prior [cinque],pooled,7.8,0.03571428571428571,0.02857142857142857,0.30434782608695654
pdm,prior [cinque],pooled,8.0,0.03571428571428571,0.02857142857142857,0.30434782608695654
pdm,prior [cinque],pooled,8.2,0.03571428571428571,0.02857142857142857,0.30434782608695654
pdm,prior [cinque],pooled,8.4,0.03571428571428571,0.02857142857142857,0.30434782608695654
pdm,prior [cinque],pooled,8.6,0.03571428571428571,0.02857142857142857,0.30434782608695654
pdm,prior [cinque],pooled,8.8,0.03571428571428571,0.02857142857142857,0.30434782608695654
pdm,prior [cinque],pooled,9.0,0.03571428571428571,0.02857142857142857,0.30434782608695654
pdm,prior [cinque],pooled,9.2,0.03571428571428571,0.02857142857142857,0.30434782608695654
pdm,prior [cinque],pooled,9.4,0.03571428571428571,0.02857142857142857,0.30434782608695654
pdm,prior [cinque],pooled,9.6,0.03571428571428571,0.02857142857142857,0.30434782608695654
pdm,prior [cinque],pooled,9.8,0.03571428571428571,0.02857142857142857,0.30434782608695654
pdm,prior [cinque],pooled,10.0,0.03571428571428571,0.02857142857142857,0.30434782608695654
pdm,M-C pair [cinque],pooled,0.0,0.0,0.0,0.043478260869565216
pdm,M-C pair [cinque],pooled,0.2,0.007142857142857143,0.007142857142857143,0.15942028985507245
pdm,M-C pair [cinque],pooled,0.4,0.007142857142857143,0.007142857142857143,0.15942028985507245
pdm,M-C pair [cinque],pooled,0.6,0.007142857142857143,0.007142857142857143,0.17391304347826086
pdm,M-C pair [cinque],pooled,0.8,0.007142857142857143,0.007142857142857143,0.18840579710144928
pdm,M-C pair [cinque],pooled,1.0,0.02142857142857143,0.02142857142857143,0.18840579710144928
pdm,M-C pair [cinque],pooled,1.2,0.02142857142857143,0.02142857142857143,0.21739130434782608
pdm,M-C pair [cinque],pooled,1.4,0.02142857142857143,0.02142857142857143,0.21739130434782608
pdm,M-C pair [cinque],pooled,1.6,0.02142857142857143,0.02142857142857143,0.21739130434782608
pdm,M-C pair [cinque],pooled,1.8,0.02857142857142857,0.02857142857142857,0.2318840579710145
pdm,M-C pair [cinque],pooled,2.0,0.02857142857142857,0.02857142857142857,0.2463768115942029
pdm,M-C pair [cinque],pooled,2.2,0.02857142857142857,0.02857142857142857,0.2608695652173913
pdm,M-C pair [cinque],pooled,2.4,0.04285714285714286,0.03571428571428571,0.2753623188405797
pdm,M-C pair [cinque],pooled,2.6,0.05,0.04285714285714286,0.2898550724637681
pdm,M-C pair [cinque],pooled,2.8,0.05,0.04285714285714286,0.2898550724637681
pdm,M-C pair [cinque],pooled,3.0,0.05,0.04285714285714286,0.2898550724637681
pdm,M-C pair [cinque],pooled,3.2,0.05,0.04285714285714286,0.2898550724637681
pdm,M-C pair [cinque],pooled,3.4,0.05714285714285714,0.05,0.3188405797101449
pdm,M-C pair [cinque],pooled,3.6,0.05714285714285714,0.05,0.3188405797101449
pdm,M-C pair [cinque],pooled,3.8,0.06428571428571428,0.05714285714285714,0.3188405797101449
pdm,M-C pair [cinque],pooled,4.0,0.06428571428571428,0.06428571428571428,0.3188405797101449
pdm,M-C pair [cinque],pooled,4.2,0.06428571428571428,0.06428571428571428,0.3188405797101449
pdm,M-C pair [cinque],pooled,4.4,0.06428571428571428,0.06428571428571428,0.3188405797101449
pdm,M-C pair [cinque],pooled,4.6,0.06428571428571428,0.06428571428571428,0.3333333333333333
pdm,M-C pair [cinque],pooled,4.8,0.06428571428571428,0.06428571428571428,0.3333333333333333
pdm,M-C pair [cinque],pooled,5.0,0.06428571428571428,0.06428571428571428,0.3333333333333333
pdm,M-C pair [cinque],pooled,5.2,0.06428571428571428,0.06428571428571428,0.3333333333333333
pdm,M-C pair [cinque],pooled,5.4,0.06428571428571428,0.06428571428571428,0.34782608695652173
pdm,M-C pair [cinque],pooled,5.6,0.06428571428571428,0.06428571428571428,0.34782608695652173
pdm,M-C pair [cinque],pooled,5.8,0.06428571428571428,0.06428571428571428,0.34782608695652173
pdm,M-C pair [cinque],pooled,6.0,0.06428571428571428,0.06428571428571428,0.34782608695652173
pdm,M-C pair [cinque],pooled,6.2,0.06428571428571428,0.06428571428571428,0.34782608695652173
pdm,M-C pair [cinque],pooled,6.4,0.06428571428571428,0.06428571428571428,0.34782608695652173
pdm,M-C pair [cinque],pooled,6.6,0.06428571428571428,0.06428571428571428,0.34782608695652173
pdm,M-C pair [cinque],pooled,6.8,0.06428571428571428,0.06428571428571428,0.34782608695652173
pdm,M-C pair [cinque],pooled,7.0,0.06428571428571428,0.06428571428571428,0.34782608695652173
pdm,M-C pair [cinque],pooled,7.2,0.06428571428571428,0.06428571428571428,0.34782608695652173
pdm,M-C pair [cinque],pooled,7.4,0.06428571428571428,0.06428571428571428,0.34782608695652173
pdm,M-C pair [cinque],pooled,7.6,0.06428571428571428,0.06428571428571428,0.34782608695652173
pdm,M-C pair [cinque],pooled,7.8,0.06428571428571428,0.06428571428571428,0.34782608695652173
pdm,M-C pair [cinque],pooled,8.0,0.06428571428571428,0.06428571428571428,0.34782608695652173
pdm,M-C pair [cinque],pooled,8.2,0.06428571428571428,0.06428571428571428,0.34782608695652173
pdm,M-C pair [cinque],pooled,8.4,0.06428571428571428,0.06428571428571428,0.34782608695652173
pdm,M-C pair [cinque],pooled,8.6,0.06428571428571428,0.06428571428571428,0.34782608695652173
pdm,M-C pair [cinque],pooled,8.8,0.06428571428571428,0.06428571428571428,0.34782608695652173
pdm,M-C pair [cinque],pooled,9.0,0.06428571428571428,0.06428571428571428,0.34782608695652173
pdm,M-C pair [cinque],pooled,9.2,0.06428571428571428,0.06428571428571428,0.34782608695652173
pdm,M-C pair [cinque],pooled,9.4,0.06428571428571428,0.06428571428571428,0.34782608695652173
pdm,M-C pair [cinque],pooled,9.6,0.06428571428571428,0.06428571428571428,0.34782608695652173
pdm,M-C pair [cinque],pooled,9.8,0.06428571428571428,0.06428571428571428,0.34782608695652173
pdm,M-C pair [cinque],pooled,10.0,0.06428571428571428,0.06428571428571428,0.34782608695652173
pdm,M-C pair (mu=0) [cinque],pooled,0.0,0.0,0.0,0.07246376811594203
pdm,M-C pair (mu=0) [cinque],pooled,0.2,0.007142857142857143,0.007142857142857143,0.10144927536231885
pdm,M-C pair (mu=0) [cinque],pooled,0.4,0.007142857142857143,0.007142857142857143,0.11594202898550725
pdm,M-C pair (mu=0) [cinque],pooled,0.6,0.007142857142857143,0.007142857142857143,0.13043478260869565
pdm,M-C pair (mu=0) [cinque],pooled,0.8,0.007142857142857143,0.007142857142857143,0.13043478260869565
pdm,M-C pair (mu=0) [cinque],pooled,1.0,0.02142857142857143,0.02142857142857143,0.14492753623188406
pdm,M-C pair (mu=0) [cinque],pooled,1.2,0.02142857142857143,0.02142857142857143,0.14492753623188406
pdm,M-C pair (mu=0) [cinque],pooled,1.4,0.02142857142857143,0.02142857142857143,0.14492753623188406
pdm,M-C pair (mu=0) [cinque],pooled,1.6,0.02142857142857143,0.02142857142857143,0.18840579710144928
pdm,M-C pair (mu=0) [cinque],pooled,1.8,0.02142857142857143,0.02142857142857143,0.18840579710144928
pdm,M-C pair (mu=0) [cinque],pooled,2.0,0.03571428571428571,0.03571428571428571,0.2028985507246377
pdm,M-C pair (mu=0) [cinque],pooled,2.2,0.04285714285714286,0.04285714285714286,0.21739130434782608
pdm,M-C pair (mu=0) [cinque],pooled,2.4,0.06428571428571428,0.05714285714285714,0.21739130434782608
pdm,M-C pair (mu=0) [cinque],pooled,2.6,0.07142857142857142,0.06428571428571428,0.21739130434782608
pdm,M-C pair (mu=0) [cinque],pooled,2.8,0.07142857142857142,0.06428571428571428,0.2318840579710145
pdm,M-C pair (mu=0) [cinque],pooled,3.0,0.07142857142857142,0.06428571428571428,0.2318840579710145
pdm,M-C pair (mu=0) [cinque],pooled,3.2,0.07857142857142857,0.07142857142857142,0.2318840579710145
pdm,M-C pair (mu=0) [cinque],pooled,3.4,0.08571428571428572,0.07857142857142857,0.2608695652173913
pdm,M-C pair (mu=0) [cinque],pooled,3.6,0.08571428571428572,0.08571428571428572,0.2608695652173913
pdm,M-C pair (mu=0) [cinque],pooled,3.8,0.09285714285714286,0.09285714285714286,0.2608695652173913
pdm,M-C pair (mu=0) [cinque],pooled,4.0,0.09285714285714286,0.09285714285714286,0.2608695652173913
pdm,M-C pair (mu=0) [cinque],pooled,4.2,0.09285714285714286,0.09285714285714286,0.2608695652173913
pdm,M-C pair (mu=0) [cinque],pooled,4.4,0.09285714285714286,0.09285714285714286,0.2753623188405797
pdm,M-C pair (mu=0) [cinque],pooled,4.6,0.09285714285714286,0.09285714285714286,0.2753623188405797
pdm,M-C pair (mu=0) [cinque],pooled,4.8,0.09285714285714286,0.09285714285714286,0.2753623188405797
pdm,M-C pair (mu=0) [cinque],pooled,5.0,0.09285714285714286,0.09285714285714286,0.2753623188405797
pdm,M-C pair (mu=0) [cinque],pooled,5.2,0.09285714285714286,0.09285714285714286,0.2753623188405797
pdm,M-C pair (mu=0) [cinque],pooled,5.4,0.09285714285714286,0.09285714285714286,0.2753623188405797
pdm,M-C pair (mu=0) [cinque],pooled,5.6,0.09285714285714286,0.09285714285714286,0.2753623188405797
pdm,M-C pair (mu=0) [cinque],pooled,5.8,0.09285714285714286,0.09285714285714286,0.2753623188405797
pdm,M-C pair (mu=0) [cinque],pooled,6.0,0.09285714285714286,0.09285714285714286,0.2753623188405797
pdm,M-C pair (mu=0) [cinque],pooled,6.2,0.09285714285714286,0.09285714285714286,0.2753623188405797
pdm,M-C pair (mu=0) [cinque],pooled,6.4,0.09285714285714286,0.09285714285714286,0.2753623188405797
pdm,M-C pair (mu=0) [cinque],pooled,6.6,0.09285714285714286,0.09285714285714286,0.2753623188405797
pdm,M-C pair (mu=0) [cinque],pooled,6.8,0.09285714285714286,0.09285714285714286,0.2753623188405797
pdm,M-C pair (mu=0) [cinque],pooled,7.0,0.09285714285714286,0.09285714285714286,0.2753623188405797
pdm,M-C pair (mu=0) [cinque],pooled,7.2,0.09285714285714286,0.09285714285714286,0.2753623188405797
pdm,M-C pair (mu=0) [cinque],pooled,7.4,0.09285714285714286,0.09285714285714286,0.2753623188405797
pdm,M-C pair (mu=0) [cinque],pooled,7.6,0.09285714285714286,0.09285714285714286,0.2753623188405797
pdm,M-C pair (mu=0) [cinque],pooled,7.8,0.09285714285714286,0.09285714285714286,0.2753623188405797
pdm,M-C pair (mu=0) [cinque],pooled,8.0,0.09285714285714286,0.09285714285714286,0.2753623188405797
pdm,M-C pair (mu=0) [cinque],pooled,8.2,0.09285714285714286,0.09285714285714286,0.2753623188405797
pdm,M-C pair (mu=0) [cinque],pooled,8.4,0.09285714285714286,0.09285714285714286,0.2753623188405797
pdm,M-C pair (mu=0) [cinque],pooled,8.6,0.09285714285714286,0.09285714285714286,0.2753623188405797
pdm,M-C pair (mu=0) [cinque],pooled,8.8,0.09285714285714286,0.09285714285714286,0.2753623188405797
pdm,M-C pair (mu=0) [cinque],pooled,9.0,0.09285714285714286,0.09285714285714286,0.2753623188405797
pdm,M-C pair (mu=0) [cinque],pooled,9.2,0.09285714285714286,0.09285714285714286,0.2753623188405797
pdm,M-C pair (mu=0) [cinque],pooled,9.4,0.09285714285714286,0.09285714285714286,0.2753623188405797
pdm,M-C pair (mu=0) [cinque],pooled,9.6,0.09285714285714286,0.09285714285714286,0.2753623188405797
pdm,M-C pair (mu=0) [cinque],pooled,9.8,0.09285714285714286,0.09285714285714286,0.2753623188405797
pdm,M-C pair (mu=0) [cinque],pooled,10.0,0.09285714285714286,0.09285714285714286,0.2753623188405797
pdm,M-C pair qwen [cinque],pooled,0.0,0.0,0.0,0.028985507246376812
pdm,M-C pair qwen [cinque],pooled,0.2,0.0,0.0,0.13043478260869565
pdm,M-C pair qwen [cinque],pooled,0.4,0.0,0.0,0.13043478260869565
pdm,M-C pair qwen [cinque],pooled,0.6,0.0,0.0,0.14492753623188406
pdm,M-C pair qwen [cinque],pooled,0.8,0.0,0.0,0.17391304347826086
pdm,M-C pair qwen [cinque],pooled,1.0,0.014285714285714285,0.014285714285714285,0.18840579710144928
pdm,M-C pair qwen [cinque],pooled,1.2,0.014285714285714285,0.014285714285714285,0.2028985507246377
pdm,M-C pair qwen [cinque],pooled,1.4,0.014285714285714285,0.014285714285714285,0.2028985507246377
pdm,M-C pair qwen [cinque],pooled,1.6,0.014285714285714285,0.014285714285714285,0.2028985507246377
pdm,M-C pair qwen [cinque],pooled,1.8,0.02142857142857143,0.02142857142857143,0.21739130434782608
pdm,M-C pair qwen [cinque],pooled,2.0,0.02142857142857143,0.02142857142857143,0.2318840579710145
pdm,M-C pair qwen [cinque],pooled,2.2,0.02142857142857143,0.02142857142857143,0.2608695652173913
pdm,M-C pair qwen [cinque],pooled,2.4,0.02857142857142857,0.02142857142857143,0.2753623188405797
pdm,M-C pair qwen [cinque],pooled,2.6,0.02857142857142857,0.02142857142857143,0.2753623188405797
pdm,M-C pair qwen [cinque],pooled,2.8,0.02857142857142857,0.02142857142857143,0.2753623188405797
pdm,M-C pair qwen [cinque],pooled,3.0,0.02857142857142857,0.02142857142857143,0.2753623188405797
pdm,M-C pair qwen [cinque],pooled,3.2,0.02857142857142857,0.02142857142857143,0.2753623188405797
pdm,M-C pair qwen [cinque],pooled,3.4,0.02857142857142857,0.02142857142857143,0.2898550724637681
pdm,M-C pair qwen [cinque],pooled,3.6,0.02857142857142857,0.02142857142857143,0.2898550724637681
pdm,M-C pair qwen [cinque],pooled,3.8,0.03571428571428571,0.02857142857142857,0.2898550724637681
pdm,M-C pair qwen [cinque],pooled,4.0,0.03571428571428571,0.02857142857142857,0.2898550724637681
pdm,M-C pair qwen [cinque],pooled,4.2,0.03571428571428571,0.02857142857142857,0.2898550724637681
pdm,M-C pair qwen [cinque],pooled,4.4,0.03571428571428571,0.02857142857142857,0.2898550724637681
pdm,M-C pair qwen [cinque],pooled,4.6,0.03571428571428571,0.02857142857142857,0.30434782608695654
pdm,M-C pair qwen [cinque],pooled,4.8,0.03571428571428571,0.02857142857142857,0.30434782608695654
pdm,M-C pair qwen [cinque],pooled,5.0,0.03571428571428571,0.02857142857142857,0.30434782608695654
pdm,M-C pair qwen [cinque],pooled,5.2,0.03571428571428571,0.02857142857142857,0.30434782608695654
pdm,M-C pair qwen [cinque],pooled,5.4,0.03571428571428571,0.02857142857142857,0.3188405797101449
pdm,M-C pair qwen [cinque],pooled,5.6,0.03571428571428571,0.02857142857142857,0.3188405797101449
pdm,M-C pair qwen [cinque],pooled,5.8,0.03571428571428571,0.02857142857142857,0.3188405797101449
pdm,M-C pair qwen [cinque],pooled,6.0,0.03571428571428571,0.02857142857142857,0.3188405797101449
pdm,M-C pair qwen [cinque],pooled,6.2,0.03571428571428571,0.02857142857142857,0.3188405797101449
pdm,M-C pair qwen [cinque],pooled,6.4,0.03571428571428571,0.02857142857142857,0.3188405797101449
pdm,M-C pair qwen [cinque],pooled,6.6,0.03571428571428571,0.02857142857142857,0.3188405797101449
pdm,M-C pair qwen [cinque],pooled,6.8,0.03571428571428571,0.02857142857142857,0.3188405797101449
pdm,M-C pair qwen [cinque],pooled,7.0,0.03571428571428571,0.02857142857142857,0.3188405797101449
pdm,M-C pair qwen [cinque],pooled,7.2,0.03571428571428571,0.02857142857142857,0.3188405797101449
pdm,M-C pair qwen [cinque],pooled,7.4,0.03571428571428571,0.02857142857142857,0.3188405797101449
pdm,M-C pair qwen [cinque],pooled,7.6,0.03571428571428571,0.02857142857142857,0.3188405797101449
pdm,M-C pair qwen [cinque],pooled,7.8,0.03571428571428571,0.02857142857142857,0.3188405797101449
pdm,M-C pair qwen [cinque],pooled,8.0,0.03571428571428571,0.02857142857142857,0.3188405797101449
pdm,M-C pair qwen [cinque],pooled,8.2,0.03571428571428571,0.02857142857142857,0.3188405797101449
pdm,M-C pair qwen [cinque],pooled,8.4,0.03571428571428571,0.02857142857142857,0.3188405797101449
pdm,M-C pair qwen [cinque],pooled,8.6,0.03571428571428571,0.02857142857142857,0.3188405797101449
pdm,M-C pair qwen [cinque],pooled,8.8,0.03571428571428571,0.02857142857142857,0.3188405797101449
pdm,M-C pair qwen [cinque],pooled,9.0,0.03571428571428571,0.02857142857142857,0.3188405797101449
pdm,M-C pair qwen [cinque],pooled,9.2,0.03571428571428571,0.02857142857142857,0.3188405797101449
pdm,M-C pair qwen [cinque],pooled,9.4,0.03571428571428571,0.02857142857142857,0.3188405797101449
pdm,M-C pair qwen [cinque],pooled,9.6,0.03571428571428571,0.02857142857142857,0.3188405797101449
pdm,M-C pair qwen [cinque],pooled,9.8,0.03571428571428571,0.02857142857142857,0.3188405797101449
pdm,M-C pair qwen [cinque],pooled,10.0,0.03571428571428571,0.02857142857142857,0.3188405797101449
pdm,M-C pair op [cinque],pooled,0.0,0.0,0.0,0.057971014492753624
pdm,M-C pair op [cinque],pooled,0.2,0.0,0.0,0.08695652173913043
pdm,M-C pair op [cinque],pooled,0.4,0.0,0.0,0.11594202898550725
pdm,M-C pair op [cinque],pooled,0.6,0.0,0.0,0.14492753623188406
pdm,M-C pair op [cinque],pooled,0.8,0.0,0.0,0.14492753623188406
pdm,M-C pair op [cinque],pooled,1.0,0.014285714285714285,0.014285714285714285,0.14492753623188406
pdm,M-C pair op [cinque],pooled,1.2,0.014285714285714285,0.014285714285714285,0.15942028985507245
pdm,M-C pair op [cinque],pooled,1.4,0.014285714285714285,0.014285714285714285,0.15942028985507245
pdm,M-C pair op [cinque],pooled,1.6,0.014285714285714285,0.014285714285714285,0.15942028985507245
pdm,M-C pair op [cinque],pooled,1.8,0.014285714285714285,0.014285714285714285,0.17391304347826086
pdm,M-C pair op [cinque],pooled,2.0,0.014285714285714285,0.014285714285714285,0.18840579710144928
pdm,M-C pair op [cinque],pooled,2.2,0.014285714285714285,0.014285714285714285,0.2028985507246377
pdm,M-C pair op [cinque],pooled,2.4,0.02857142857142857,0.02142857142857143,0.21739130434782608
pdm,M-C pair op [cinque],pooled,2.6,0.02857142857142857,0.02142857142857143,0.21739130434782608
pdm,M-C pair op [cinque],pooled,2.8,0.02857142857142857,0.02142857142857143,0.21739130434782608
pdm,M-C pair op [cinque],pooled,3.0,0.03571428571428571,0.02857142857142857,0.21739130434782608
pdm,M-C pair op [cinque],pooled,3.2,0.03571428571428571,0.02857142857142857,0.21739130434782608
pdm,M-C pair op [cinque],pooled,3.4,0.04285714285714286,0.03571428571428571,0.2463768115942029
pdm,M-C pair op [cinque],pooled,3.6,0.04285714285714286,0.03571428571428571,0.2463768115942029
pdm,M-C pair op [cinque],pooled,3.8,0.05,0.04285714285714286,0.2463768115942029
pdm,M-C pair op [cinque],pooled,4.0,0.05,0.05,0.2463768115942029
pdm,M-C pair op [cinque],pooled,4.2,0.05,0.05,0.2463768115942029
pdm,M-C pair op [cinque],pooled,4.4,0.05,0.05,0.2463768115942029
pdm,M-C pair op [cinque],pooled,4.6,0.05,0.05,0.2608695652173913
pdm,M-C pair op [cinque],pooled,4.8,0.05,0.05,0.2608695652173913
pdm,M-C pair op [cinque],pooled,5.0,0.05,0.05,0.2608695652173913
pdm,M-C pair op [cinque],pooled,5.2,0.05,0.05,0.2608695652173913
pdm,M-C pair op [cinque],pooled,5.4,0.05,0.05,0.2753623188405797
pdm,M-C pair op [cinque],pooled,5.6,0.05,0.05,0.2753623188405797
pdm,M-C pair op [cinque],pooled,5.8,0.05,0.05,0.2753623188405797
pdm,M-C pair op [cinque],pooled,6.0,0.05,0.05,0.2753623188405797
pdm,M-C pair op [cinque],pooled,6.2,0.05,0.05,0.2753623188405797
pdm,M-C pair op [cinque],pooled,6.4,0.05,0.05,0.2753623188405797
pdm,M-C pair op [cinque],pooled,6.6,0.05,0.05,0.2753623188405797
pdm,M-C pair op [cinque],pooled,6.8,0.05,0.05,0.2753623188405797
pdm,M-C pair op [cinque],pooled,7.0,0.05,0.05,0.2753623188405797
pdm,M-C pair op [cinque],pooled,7.2,0.05,0.05,0.2753623188405797
pdm,M-C pair op [cinque],pooled,7.4,0.05,0.05,0.2753623188405797
pdm,M-C pair op [cinque],pooled,7.6,0.05,0.05,0.2753623188405797
pdm,M-C pair op [cinque],pooled,7.8,0.05,0.05,0.2753623188405797
pdm,M-C pair op [cinque],pooled,8.0,0.05,0.05,0.2753623188405797
pdm,M-C pair op [cinque],pooled,8.2,0.05,0.05,0.2753623188405797
pdm,M-C pair op [cinque],pooled,8.4,0.05,0.05,0.2753623188405797
pdm,M-C pair op [cinque],pooled,8.6,0.05,0.05,0.2753623188405797
pdm,M-C pair op [cinque],pooled,8.8,0.05,0.05,0.2753623188405797
pdm,M-C pair op [cinque],pooled,9.0,0.05,0.05,0.2753623188405797
pdm,M-C pair op [cinque],pooled,9.2,0.05,0.05,0.2753623188405797
pdm,M-C pair op [cinque],pooled,9.4,0.05,0.05,0.2753623188405797
pdm,M-C pair op [cinque],pooled,9.6,0.05,0.05,0.2753623188405797
pdm,M-C pair op [cinque],pooled,9.8,0.05,0.05,0.2753623188405797
pdm,M-C pair op [cinque],pooled,10.0,0.05,0.05,0.2753623188405797
pdm,M-C hard [cinque],pooled,0.0,0.0,0.0,0.028985507246376812
pdm,M-C hard [cinque],pooled,0.2,0.0,0.0,0.07246376811594203
pdm,M-C hard [cinque],pooled,0.4,0.0,0.0,0.08695652173913043
pdm,M-C hard [cinque],pooled,0.6,0.0,0.0,0.10144927536231885
pdm,M-C hard [cinque],pooled,0.8,0.0,0.0,0.10144927536231885
pdm,M-C hard [cinque],pooled,1.0,0.007142857142857143,0.007142857142857143,0.11594202898550725
pdm,M-C hard [cinque],pooled,1.2,0.007142857142857143,0.007142857142857143,0.13043478260869565
pdm,M-C hard [cinque],pooled,1.4,0.007142857142857143,0.007142857142857143,0.14492753623188406
pdm,M-C hard [cinque],pooled,1.6,0.007142857142857143,0.007142857142857143,0.14492753623188406
pdm,M-C hard [cinque],pooled,1.8,0.007142857142857143,0.007142857142857143,0.15942028985507245
pdm,M-C hard [cinque],pooled,2.0,0.007142857142857143,0.007142857142857143,0.15942028985507245
pdm,M-C hard [cinque],pooled,2.2,0.007142857142857143,0.007142857142857143,0.17391304347826086
pdm,M-C hard [cinque],pooled,2.4,0.014285714285714285,0.014285714285714285,0.17391304347826086
pdm,M-C hard [cinque],pooled,2.6,0.014285714285714285,0.014285714285714285,0.18840579710144928
pdm,M-C hard [cinque],pooled,2.8,0.014285714285714285,0.014285714285714285,0.18840579710144928
pdm,M-C hard [cinque],pooled,3.0,0.02142857142857143,0.02142857142857143,0.18840579710144928
pdm,M-C hard [cinque],pooled,3.2,0.02142857142857143,0.02142857142857143,0.18840579710144928
pdm,M-C hard [cinque],pooled,3.4,0.02142857142857143,0.02142857142857143,0.18840579710144928
pdm,M-C hard [cinque],pooled,3.6,0.02142857142857143,0.02142857142857143,0.18840579710144928
pdm,M-C hard [cinque],pooled,3.8,0.02142857142857143,0.02142857142857143,0.18840579710144928
pdm,M-C hard [cinque],pooled,4.0,0.02142857142857143,0.02142857142857143,0.18840579710144928
pdm,M-C hard [cinque],pooled,4.2,0.02142857142857143,0.02142857142857143,0.18840579710144928
pdm,M-C hard [cinque],pooled,4.4,0.02142857142857143,0.02142857142857143,0.18840579710144928
pdm,M-C hard [cinque],pooled,4.6,0.02142857142857143,0.02142857142857143,0.18840579710144928
pdm,M-C hard [cinque],pooled,4.8,0.02142857142857143,0.02142857142857143,0.18840579710144928
pdm,M-C hard [cinque],pooled,5.0,0.02142857142857143,0.02142857142857143,0.18840579710144928
pdm,M-C hard [cinque],pooled,5.2,0.02142857142857143,0.02142857142857143,0.18840579710144928
pdm,M-C hard [cinque],pooled,5.4,0.02142857142857143,0.02142857142857143,0.18840579710144928
pdm,M-C hard [cinque],pooled,5.6,0.02142857142857143,0.02142857142857143,0.18840579710144928
pdm,M-C hard [cinque],pooled,5.8,0.02142857142857143,0.02142857142857143,0.18840579710144928
pdm,M-C hard [cinque],pooled,6.0,0.02142857142857143,0.02142857142857143,0.18840579710144928
pdm,M-C hard [cinque],pooled,6.2,0.02142857142857143,0.02142857142857143,0.18840579710144928
pdm,M-C hard [cinque],pooled,6.4,0.02142857142857143,0.02142857142857143,0.18840579710144928
pdm,M-C hard [cinque],pooled,6.6,0.02142857142857143,0.02142857142857143,0.18840579710144928
pdm,M-C hard [cinque],pooled,6.8,0.02142857142857143,0.02142857142857143,0.18840579710144928
pdm,M-C hard [cinque],pooled,7.0,0.02142857142857143,0.02142857142857143,0.18840579710144928
pdm,M-C hard [cinque],pooled,7.2,0.02142857142857143,0.02142857142857143,0.18840579710144928
pdm,M-C hard [cinque],pooled,7.4,0.02142857142857143,0.02142857142857143,0.18840579710144928
pdm,M-C hard [cinque],pooled,7.6,0.02142857142857143,0.02142857142857143,0.18840579710144928
pdm,M-C hard [cinque],pooled,7.8,0.02142857142857143,0.02142857142857143,0.18840579710144928
pdm,M-C hard [cinque],pooled,8.0,0.02142857142857143,0.02142857142857143,0.18840579710144928
pdm,M-C hard [cinque],pooled,8.2,0.02142857142857143,0.02142857142857143,0.18840579710144928
pdm,M-C hard [cinque],pooled,8.4,0.02142857142857143,0.02142857142857143,0.18840579710144928
pdm,M-C hard [cinque],pooled,8.6,0.02142857142857143,0.02142857142857143,0.18840579710144928
pdm,M-C hard [cinque],pooled,8.8,0.02142857142857143,0.02142857142857143,0.18840579710144928
pdm,M-C hard [cinque],pooled,9.0,0.02142857142857143,0.02142857142857143,0.18840579710144928
pdm,M-C hard [cinque],pooled,9.2,0.02142857142857143,0.02142857142857143,0.18840579710144928
pdm,M-C hard [cinque],pooled,9.4,0.02142857142857143,0.02142857142857143,0.18840579710144928
pdm,M-C hard [cinque],pooled,9.6,0.02142857142857143,0.02142857142857143,0.18840579710144928
pdm,M-C hard [cinque],pooled,9.8,0.02142857142857143,0.02142857142857143,0.18840579710144928
pdm,M-C hard [cinque],pooled,10.0,0.02142857142857143,0.02142857142857143,0.18840579710144928
pdm,M-C uniform [cinque],pooled,0.0,0.0,0.0,0.043478260869565216
pdm,M-C uniform [cinque],pooled,0.2,0.0,0.0,0.07246376811594203
pdm,M-C uniform [cinque],pooled,0.4,0.0,0.0,0.08695652173913043
pdm,M-C uniform [cinque],pooled,0.6,0.0,0.0,0.10144927536231885
pdm,M-C uniform [cinque],pooled,0.8,0.0,0.0,0.11594202898550725
pdm,M-C uniform [cinque],pooled,1.0,0.014285714285714285,0.014285714285714285,0.11594202898550725
pdm,M-C uniform [cinque],pooled,1.2,0.014285714285714285,0.014285714285714285,0.13043478260869565
pdm,M-C uniform [cinque],pooled,1.4,0.014285714285714285,0.014285714285714285,0.14492753623188406
pdm,M-C uniform [cinque],pooled,1.6,0.014285714285714285,0.014285714285714285,0.14492753623188406
pdm,M-C uniform [cinque],pooled,1.8,0.014285714285714285,0.014285714285714285,0.15942028985507245
pdm,M-C uniform [cinque],pooled,2.0,0.014285714285714285,0.014285714285714285,0.18840579710144928
pdm,M-C uniform [cinque],pooled,2.2,0.014285714285714285,0.014285714285714285,0.2028985507246377
pdm,M-C uniform [cinque],pooled,2.4,0.014285714285714285,0.014285714285714285,0.21739130434782608
pdm,M-C uniform [cinque],pooled,2.6,0.014285714285714285,0.014285714285714285,0.2318840579710145
pdm,M-C uniform [cinque],pooled,2.8,0.014285714285714285,0.014285714285714285,0.2318840579710145
pdm,M-C uniform [cinque],pooled,3.0,0.02142857142857143,0.02142857142857143,0.2318840579710145
pdm,M-C uniform [cinque],pooled,3.2,0.02142857142857143,0.02142857142857143,0.2318840579710145
pdm,M-C uniform [cinque],pooled,3.4,0.02142857142857143,0.02142857142857143,0.2463768115942029
pdm,M-C uniform [cinque],pooled,3.6,0.02142857142857143,0.02142857142857143,0.2463768115942029
pdm,M-C uniform [cinque],pooled,3.8,0.02857142857142857,0.02857142857142857,0.2463768115942029
pdm,M-C uniform [cinque],pooled,4.0,0.02857142857142857,0.02857142857142857,0.2463768115942029
pdm,M-C uniform [cinque],pooled,4.2,0.02857142857142857,0.02857142857142857,0.2463768115942029
pdm,M-C uniform [cinque],pooled,4.4,0.02857142857142857,0.02857142857142857,0.2463768115942029
pdm,M-C uniform [cinque],pooled,4.6,0.02857142857142857,0.02857142857142857,0.2463768115942029
pdm,M-C uniform [cinque],pooled,4.8,0.02857142857142857,0.02857142857142857,0.2463768115942029
pdm,M-C uniform [cinque],pooled,5.0,0.02857142857142857,0.02857142857142857,0.2463768115942029
pdm,M-C uniform [cinque],pooled,5.2,0.02857142857142857,0.02857142857142857,0.2463768115942029
pdm,M-C uniform [cinque],pooled,5.4,0.02857142857142857,0.02857142857142857,0.2608695652173913
pdm,M-C uniform [cinque],pooled,5.6,0.02857142857142857,0.02857142857142857,0.2608695652173913
pdm,M-C uniform [cinque],pooled,5.8,0.02857142857142857,0.02857142857142857,0.2608695652173913
pdm,M-C uniform [cinque],pooled,6.0,0.02857142857142857,0.02857142857142857,0.2608695652173913
pdm,M-C uniform [cinque],pooled,6.2,0.02857142857142857,0.02857142857142857,0.2608695652173913
pdm,M-C uniform [cinque],pooled,6.4,0.02857142857142857,0.02857142857142857,0.2608695652173913
pdm,M-C uniform [cinque],pooled,6.6,0.02857142857142857,0.02857142857142857,0.2608695652173913
pdm,M-C uniform [cinque],pooled,6.8,0.02857142857142857,0.02857142857142857,0.2608695652173913
pdm,M-C uniform [cinque],pooled,7.0,0.02857142857142857,0.02857142857142857,0.2608695652173913
pdm,M-C uniform [cinque],pooled,7.2,0.02857142857142857,0.02857142857142857,0.2608695652173913
pdm,M-C uniform [cinque],pooled,7.4,0.02857142857142857,0.02857142857142857,0.2608695652173913
pdm,M-C uniform [cinque],pooled,7.6,0.02857142857142857,0.02857142857142857,0.2608695652173913
pdm,M-C uniform [cinque],pooled,7.8,0.02857142857142857,0.02857142857142857,0.2608695652173913
pdm,M-C uniform [cinque],pooled,8.0,0.02857142857142857,0.02857142857142857,0.2608695652173913
pdm,M-C uniform [cinque],pooled,8.2,0.02857142857142857,0.02857142857142857,0.2608695652173913
pdm,M-C uniform [cinque],pooled,8.4,0.02857142857142857,0.02857142857142857,0.2608695652173913
pdm,M-C uniform [cinque],pooled,8.6,0.02857142857142857,0.02857142857142857,0.2608695652173913
pdm,M-C uniform [cinque],pooled,8.8,0.02857142857142857,0.02857142857142857,0.2608695652173913
pdm,M-C uniform [cinque],pooled,9.0,0.02857142857142857,0.02857142857142857,0.2608695652173913
pdm,M-C uniform [cinque],pooled,9.2,0.02857142857142857,0.02857142857142857,0.2608695652173913
pdm,M-C uniform [cinque],pooled,9.4,0.02857142857142857,0.02857142857142857,0.2608695652173913
pdm,M-C uniform [cinque],pooled,9.6,0.02857142857142857,0.02857142857142857,0.2608695652173913
pdm,M-C uniform [cinque],pooled,9.8,0.02857142857142857,0.02857142857142857,0.2608695652173913
pdm,M-C uniform [cinque],pooled,10.0,0.02857142857142857,0.02857142857142857,0.2608695652173913
pdm,prior [lebowski],pooled,0.0,0.0,0.0,0.07246376811594203
pdm,prior [lebowski],pooled,0.2,0.0,0.0,0.08695652173913043
pdm,prior [lebowski],pooled,0.4,0.007142857142857143,0.007142857142857143,0.10144927536231885
pdm,prior [lebowski],pooled,0.6,0.007142857142857143,0.007142857142857143,0.13043478260869565
pdm,prior [lebowski],pooled,0.8,0.007142857142857143,0.007142857142857143,0.17391304347826086
pdm,prior [lebowski],pooled,1.0,0.007142857142857143,0.007142857142857143,0.18840579710144928
pdm,prior [lebowski],pooled,1.2,0.007142857142857143,0.007142857142857143,0.2608695652173913
pdm,prior [lebowski],pooled,1.4,0.007142857142857143,0.007142857142857143,0.2753623188405797
pdm,prior [lebowski],pooled,1.6,0.007142857142857143,0.007142857142857143,0.2753623188405797
pdm,prior [lebowski],pooled,1.8,0.007142857142857143,0.007142857142857143,0.2898550724637681
pdm,prior [lebowski],pooled,2.0,0.02857142857142857,0.02857142857142857,0.2898550724637681
pdm,prior [lebowski],pooled,2.2,0.02857142857142857,0.02857142857142857,0.2898550724637681
pdm,prior [lebowski],pooled,2.4,0.02857142857142857,0.02857142857142857,0.2898550724637681
pdm,prior [lebowski],pooled,2.6,0.02857142857142857,0.02857142857142857,0.2898550724637681
pdm,prior [lebowski],pooled,2.8,0.03571428571428571,0.03571428571428571,0.30434782608695654
pdm,prior [lebowski],pooled,3.0,0.03571428571428571,0.03571428571428571,0.3188405797101449
pdm,prior [lebowski],pooled,3.2,0.03571428571428571,0.03571428571428571,0.3188405797101449
pdm,prior [lebowski],pooled,3.4,0.03571428571428571,0.03571428571428571,0.3333333333333333
pdm,prior [lebowski],pooled,3.6,0.04285714285714286,0.03571428571428571,0.3333333333333333
pdm,prior [lebowski],pooled,3.8,0.05,0.04285714285714286,0.34782608695652173
pdm,prior [lebowski],pooled,4.0,0.06428571428571428,0.05,0.34782608695652173
pdm,prior [lebowski],pooled,4.2,0.06428571428571428,0.05,0.34782608695652173
pdm,prior [lebowski],pooled,4.4,0.06428571428571428,0.05,0.34782608695652173
pdm,prior [lebowski],pooled,4.6,0.06428571428571428,0.05,0.34782608695652173
pdm,prior [lebowski],pooled,4.8,0.06428571428571428,0.05,0.34782608695652173
pdm,prior [lebowski],pooled,5.0,0.06428571428571428,0.05,0.34782608695652173
pdm,prior [lebowski],pooled,5.2,0.06428571428571428,0.05,0.34782608695652173
pdm,prior [lebowski],pooled,5.4,0.06428571428571428,0.05,0.34782608695652173
pdm,prior [lebowski],pooled,5.6,0.06428571428571428,0.05,0.34782608695652173
pdm,prior [lebowski],pooled,5.8,0.06428571428571428,0.05,0.34782608695652173
pdm,prior [lebowski],pooled,6.0,0.06428571428571428,0.05,0.34782608695652173
pdm,prior [lebowski],pooled,6.2,0.06428571428571428,0.05,0.34782608695652173
pdm,prior [lebowski],pooled,6.4,0.06428571428571428,0.05,0.34782608695652173
pdm,prior [lebowski],pooled,6.6,0.06428571428571428,0.05,0.34782608695652173
pdm,prior [lebowski],pooled,6.8,0.06428571428571428,0.05,0.34782608695652173
pdm,prior [lebowski],pooled,7.0,0.06428571428571428,0.05,0.34782608695652173
pdm,prior [lebowski],pooled,7.2,0.06428571428571428,0.05,0.34782608695652173
pdm,prior [lebowski],pooled,7.4,0.06428571428571428,0.05,0.34782608695652173
pdm,prior [lebowski],pooled,7.6,0.06428571428571428,0.05,0.34782608695652173
pdm,prior [lebowski],pooled,7.8,0.06428571428571428,0.05,0.34782608695652173
pdm,prior [lebowski],pooled,8.0,0.06428571428571428,0.05,0.34782608695652173
pdm,prior [lebowski],pooled,8.2,0.06428571428571428,0.05,0.34782608695652173
pdm,prior [lebowski],pooled,8.4,0.06428571428571428,0.05,0.34782608695652173
pdm,prior [lebowski],pooled,8.6,0.06428571428571428,0.05,0.34782608695652173
pdm,prior [lebowski],pooled,8.8,0.06428571428571428,0.05,0.34782608695652173
pdm,prior [lebowski],pooled,9.0,0.06428571428571428,0.05,0.34782608695652173
pdm,prior [lebowski],pooled,9.2,0.06428571428571428,0.05,0.34782608695652173
pdm,prior [lebowski],pooled,9.4,0.06428571428571428,0.05,0.34782608695652173
pdm,prior [lebowski],pooled,9.6,0.06428571428571428,0.05,0.34782608695652173
pdm,prior [lebowski],pooled,9.8,0.06428571428571428,0.05,0.34782608695652173
pdm,prior [lebowski],pooled,10.0,0.06428571428571428,0.05,0.34782608695652173
pdm,M-C pair [lebowski],pooled,0.0,0.0,0.0,0.07246376811594203
pdm,M-C pair [lebowski],pooled,0.2,0.0,0.0,0.08695652173913043
pdm,M-C pair [lebowski],pooled,0.4,0.007142857142857143,0.007142857142857143,0.11594202898550725
pdm,M-C pair [lebowski],pooled,0.6,0.014285714285714285,0.014285714285714285,0.14492753623188406
pdm,M-C pair [lebowski],pooled,0.8,0.014285714285714285,0.014285714285714285,0.17391304347826086
pdm,M-C pair [lebowski],pooled,1.0,0.014285714285714285,0.014285714285714285,0.2028985507246377
pdm,M-C pair [lebowski],pooled,1.2,0.014285714285714285,0.014285714285714285,0.2898550724637681
pdm,M-C pair [lebowski],pooled,1.4,0.014285714285714285,0.014285714285714285,0.3188405797101449
pdm,M-C pair [lebowski],pooled,1.6,0.014285714285714285,0.014285714285714285,0.3333333333333333
pdm,M-C pair [lebowski],pooled,1.8,0.014285714285714285,0.014285714285714285,0.3333333333333333
pdm,M-C pair [lebowski],pooled,2.0,0.02857142857142857,0.02857142857142857,0.3333333333333333
pdm,M-C pair [lebowski],pooled,2.2,0.04285714285714286,0.04285714285714286,0.3333333333333333
pdm,M-C pair [lebowski],pooled,2.4,0.05,0.04285714285714286,0.3333333333333333
pdm,M-C pair [lebowski],pooled,2.6,0.05,0.04285714285714286,0.34782608695652173
pdm,M-C pair [lebowski],pooled,2.8,0.05,0.04285714285714286,0.34782608695652173
pdm,M-C pair [lebowski],pooled,3.0,0.05,0.04285714285714286,0.34782608695652173
pdm,M-C pair [lebowski],pooled,3.2,0.05,0.04285714285714286,0.34782608695652173
pdm,M-C pair [lebowski],pooled,3.4,0.05714285714285714,0.05,0.36231884057971014
pdm,M-C pair [lebowski],pooled,3.6,0.06428571428571428,0.05714285714285714,0.36231884057971014
pdm,M-C pair [lebowski],pooled,3.8,0.09285714285714286,0.08571428571428572,0.391304347826087
pdm,M-C pair [lebowski],pooled,4.0,0.1,0.08571428571428572,0.391304347826087
pdm,M-C pair [lebowski],pooled,4.2,0.1,0.08571428571428572,0.391304347826087
pdm,M-C pair [lebowski],pooled,4.4,0.1,0.08571428571428572,0.391304347826087
pdm,M-C pair [lebowski],pooled,4.6,0.1,0.08571428571428572,0.391304347826087
pdm,M-C pair [lebowski],pooled,4.8,0.1,0.08571428571428572,0.391304347826087
pdm,M-C pair [lebowski],pooled,5.0,0.1,0.08571428571428572,0.391304347826087
pdm,M-C pair [lebowski],pooled,5.2,0.1,0.08571428571428572,0.391304347826087
pdm,M-C pair [lebowski],pooled,5.4,0.1,0.08571428571428572,0.391304347826087
pdm,M-C pair [lebowski],pooled,5.6,0.1,0.08571428571428572,0.391304347826087
pdm,M-C pair [lebowski],pooled,5.8,0.10714285714285714,0.09285714285714286,0.391304347826087
pdm,M-C pair [lebowski],pooled,6.0,0.10714285714285714,0.09285714285714286,0.391304347826087
pdm,M-C pair [lebowski],pooled,6.2,0.10714285714285714,0.09285714285714286,0.391304347826087
pdm,M-C pair [lebowski],pooled,6.4,0.10714285714285714,0.09285714285714286,0.391304347826087
pdm,M-C pair [lebowski],pooled,6.6,0.10714285714285714,0.09285714285714286,0.391304347826087
pdm,M-C pair [lebowski],pooled,6.8,0.10714285714285714,0.09285714285714286,0.391304347826087
pdm,M-C pair [lebowski],pooled,7.0,0.10714285714285714,0.09285714285714286,0.391304347826087
pdm,M-C pair [lebowski],pooled,7.2,0.10714285714285714,0.09285714285714286,0.391304347826087
pdm,M-C pair [lebowski],pooled,7.4,0.10714285714285714,0.09285714285714286,0.391304347826087
pdm,M-C pair [lebowski],pooled,7.6,0.10714285714285714,0.09285714285714286,0.391304347826087
pdm,M-C pair [lebowski],pooled,7.8,0.10714285714285714,0.09285714285714286,0.391304347826087
pdm,M-C pair [lebowski],pooled,8.0,0.10714285714285714,0.09285714285714286,0.391304347826087
pdm,M-C pair [lebowski],pooled,8.2,0.10714285714285714,0.09285714285714286,0.391304347826087
pdm,M-C pair [lebowski],pooled,8.4,0.10714285714285714,0.09285714285714286,0.391304347826087
pdm,M-C pair [lebowski],pooled,8.6,0.10714285714285714,0.09285714285714286,0.391304347826087
pdm,M-C pair [lebowski],pooled,8.8,0.10714285714285714,0.09285714285714286,0.391304347826087
pdm,M-C pair [lebowski],pooled,9.0,0.10714285714285714,0.09285714285714286,0.391304347826087
pdm,M-C pair [lebowski],pooled,9.2,0.10714285714285714,0.09285714285714286,0.391304347826087
pdm,M-C pair [lebowski],pooled,9.4,0.10714285714285714,0.09285714285714286,0.391304347826087
pdm,M-C pair [lebowski],pooled,9.6,0.10714285714285714,0.09285714285714286,0.391304347826087
pdm,M-C pair [lebowski],pooled,9.8,0.10714285714285714,0.09285714285714286,0.391304347826087
pdm,M-C pair [lebowski],pooled,10.0,0.10714285714285714,0.09285714285714286,0.391304347826087
pdm,M-C pair (mu=0) [lebowski],pooled,0.0,0.0,0.0,0.11594202898550725
pdm,M-C pair (mu=0) [lebowski],pooled,0.2,0.0,0.0,0.14492753623188406
pdm,M-C pair (mu=0) [lebowski],pooled,0.4,0.0,0.0,0.17391304347826086
pdm,M-C pair (mu=0) [lebowski],pooled,0.6,0.014285714285714285,0.014285714285714285,0.18840579710144928
pdm,M-C pair (mu=0) [lebowski],pooled,0.8,0.014285714285714285,0.014285714285714285,0.2028985507246377
pdm,M-C pair (mu=0) [lebowski],pooled,1.0,0.014285714285714285,0.014285714285714285,0.21739130434782608
pdm,M-C pair (mu=0) [lebowski],pooled,1.2,0.014285714285714285,0.014285714285714285,0.21739130434782608
pdm,M-C pair (mu=0) [lebowski],pooled,1.4,0.02142857142857143,0.02142857142857143,0.2318840579710145
pdm,M-C pair (mu=0) [lebowski],pooled,1.6,0.02142857142857143,0.02142857142857143,0.2608695652173913
pdm,M-C pair (mu=0) [lebowski],pooled,1.8,0.02857142857142857,0.02857142857142857,0.2753623188405797
pdm,M-C pair (mu=0) [lebowski],pooled,2.0,0.05714285714285714,0.05714285714285714,0.2753623188405797
pdm,M-C pair (mu=0) [lebowski],pooled,2.2,0.06428571428571428,0.06428571428571428,0.2753623188405797
pdm,M-C pair (mu=0) [lebowski],pooled,2.4,0.07857142857142857,0.07857142857142857,0.2753623188405797
pdm,M-C pair (mu=0) [lebowski],pooled,2.6,0.09285714285714286,0.09285714285714286,0.2753623188405797
pdm,M-C pair (mu=0) [lebowski],pooled,2.8,0.09285714285714286,0.09285714285714286,0.30434782608695654
pdm,M-C pair (mu=0) [lebowski],pooled,3.0,0.09285714285714286,0.09285714285714286,0.3188405797101449
pdm,M-C pair (mu=0) [lebowski],pooled,3.2,0.1,0.1,0.3333333333333333
pdm,M-C pair (mu=0) [lebowski],pooled,3.4,0.11428571428571428,0.11428571428571428,0.3333333333333333
pdm,M-C pair (mu=0) [lebowski],pooled,3.6,0.12857142857142856,0.12857142857142856,0.3333333333333333
pdm,M-C pair (mu=0) [lebowski],pooled,3.8,0.15,0.15,0.3333333333333333
pdm,M-C pair (mu=0) [lebowski],pooled,4.0,0.15714285714285714,0.15714285714285714,0.3333333333333333
pdm,M-C pair (mu=0) [lebowski],pooled,4.2,0.15714285714285714,0.15714285714285714,0.34782608695652173
pdm,M-C pair (mu=0) [lebowski],pooled,4.4,0.15714285714285714,0.15714285714285714,0.34782608695652173
pdm,M-C pair (mu=0) [lebowski],pooled,4.6,0.15714285714285714,0.15714285714285714,0.34782608695652173
pdm,M-C pair (mu=0) [lebowski],pooled,4.8,0.16428571428571428,0.16428571428571428,0.36231884057971014
pdm,M-C pair (mu=0) [lebowski],pooled,5.0,0.16428571428571428,0.16428571428571428,0.36231884057971014
pdm,M-C pair (mu=0) [lebowski],pooled,5.2,0.17142857142857143,0.17142857142857143,0.36231884057971014
pdm,M-C pair (mu=0) [lebowski],pooled,5.4,0.17142857142857143,0.17142857142857143,0.36231884057971014
pdm,M-C pair (mu=0) [lebowski],pooled,5.6,0.17142857142857143,0.17142857142857143,0.36231884057971014
pdm,M-C pair (mu=0) [lebowski],pooled,5.8,0.17857142857142858,0.17857142857142858,0.36231884057971014
pdm,M-C pair (mu=0) [lebowski],pooled,6.0,0.17857142857142858,0.17857142857142858,0.36231884057971014
pdm,M-C pair (mu=0) [lebowski],pooled,6.2,0.17857142857142858,0.17857142857142858,0.36231884057971014
pdm,M-C pair (mu=0) [lebowski],pooled,6.4,0.17857142857142858,0.17857142857142858,0.36231884057971014
pdm,M-C pair (mu=0) [lebowski],pooled,6.6,0.17857142857142858,0.17857142857142858,0.36231884057971014
pdm,M-C pair (mu=0) [lebowski],pooled,6.8,0.17857142857142858,0.17857142857142858,0.36231884057971014
pdm,M-C pair (mu=0) [lebowski],pooled,7.0,0.17857142857142858,0.17857142857142858,0.36231884057971014
pdm,M-C pair (mu=0) [lebowski],pooled,7.2,0.17857142857142858,0.17857142857142858,0.36231884057971014
pdm,M-C pair (mu=0) [lebowski],pooled,7.4,0.17857142857142858,0.17857142857142858,0.36231884057971014
pdm,M-C pair (mu=0) [lebowski],pooled,7.6,0.17857142857142858,0.17857142857142858,0.36231884057971014
pdm,M-C pair (mu=0) [lebowski],pooled,7.8,0.17857142857142858,0.17857142857142858,0.36231884057971014
pdm,M-C pair (mu=0) [lebowski],pooled,8.0,0.17857142857142858,0.17857142857142858,0.36231884057971014
pdm,M-C pair (mu=0) [lebowski],pooled,8.2,0.17857142857142858,0.17857142857142858,0.36231884057971014
pdm,M-C pair (mu=0) [lebowski],pooled,8.4,0.17857142857142858,0.17857142857142858,0.36231884057971014
pdm,M-C pair (mu=0) [lebowski],pooled,8.6,0.17857142857142858,0.17857142857142858,0.36231884057971014
pdm,M-C pair (mu=0) [lebowski],pooled,8.8,0.17857142857142858,0.17857142857142858,0.36231884057971014
pdm,M-C pair (mu=0) [lebowski],pooled,9.0,0.17857142857142858,0.17857142857142858,0.36231884057971014
pdm,M-C pair (mu=0) [lebowski],pooled,9.2,0.17857142857142858,0.17857142857142858,0.36231884057971014
pdm,M-C pair (mu=0) [lebowski],pooled,9.4,0.17857142857142858,0.17857142857142858,0.36231884057971014
pdm,M-C pair (mu=0) [lebowski],pooled,9.6,0.17857142857142858,0.17857142857142858,0.36231884057971014
pdm,M-C pair (mu=0) [lebowski],pooled,9.8,0.17857142857142858,0.17857142857142858,0.36231884057971014
pdm,M-C pair (mu=0) [lebowski],pooled,10.0,0.17857142857142858,0.17857142857142858,0.36231884057971014
pdm,M-C pair qwen [lebowski],pooled,0.0,0.0,0.0,0.057971014492753624
pdm,M-C pair qwen [lebowski],pooled,0.2,0.0,0.0,0.057971014492753624
pdm,M-C pair qwen [lebowski],pooled,0.4,0.007142857142857143,0.007142857142857143,0.10144927536231885
pdm,M-C pair qwen [lebowski],pooled,0.6,0.007142857142857143,0.007142857142857143,0.14492753623188406
pdm,M-C pair qwen [lebowski],pooled,0.8,0.007142857142857143,0.007142857142857143,0.18840579710144928
pdm,M-C pair qwen [lebowski],pooled,1.0,0.007142857142857143,0.007142857142857143,0.21739130434782608
pdm,M-C pair qwen [lebowski],pooled,1.2,0.007142857142857143,0.007142857142857143,0.30434782608695654
pdm,M-C pair qwen [lebowski],pooled,1.4,0.007142857142857143,0.007142857142857143,0.3188405797101449
pdm,M-C pair qwen [lebowski],pooled,1.6,0.007142857142857143,0.007142857142857143,0.3188405797101449
pdm,M-C pair qwen [lebowski],pooled,1.8,0.007142857142857143,0.007142857142857143,0.3333333333333333
pdm,M-C pair qwen [lebowski],pooled,2.0,0.02142857142857143,0.02142857142857143,0.3333333333333333
pdm,M-C pair qwen [lebowski],pooled,2.2,0.03571428571428571,0.03571428571428571,0.3333333333333333
pdm,M-C pair qwen [lebowski],pooled,2.4,0.04285714285714286,0.03571428571428571,0.3333333333333333
pdm,M-C pair qwen [lebowski],pooled,2.6,0.04285714285714286,0.03571428571428571,0.34782608695652173
pdm,M-C pair qwen [lebowski],pooled,2.8,0.04285714285714286,0.03571428571428571,0.36231884057971014
pdm,M-C pair qwen [lebowski],pooled,3.0,0.04285714285714286,0.03571428571428571,0.37681159420289856
pdm,M-C pair qwen [lebowski],pooled,3.2,0.04285714285714286,0.03571428571428571,0.37681159420289856
pdm,M-C pair qwen [lebowski],pooled,3.4,0.05,0.04285714285714286,0.391304347826087
pdm,M-C pair qwen [lebowski],pooled,3.6,0.05714285714285714,0.04285714285714286,0.391304347826087
pdm,M-C pair qwen [lebowski],pooled,3.8,0.06428571428571428,0.05,0.42028985507246375
pdm,M-C pair qwen [lebowski],pooled,4.0,0.07142857142857142,0.05714285714285714,0.42028985507246375
pdm,M-C pair qwen [lebowski],pooled,4.2,0.07142857142857142,0.05714285714285714,0.42028985507246375
pdm,M-C pair qwen [lebowski],pooled,4.4,0.07857142857142857,0.05714285714285714,0.42028985507246375
pdm,M-C pair qwen [lebowski],pooled,4.6,0.07857142857142857,0.05714285714285714,0.42028985507246375
pdm,M-C pair qwen [lebowski],pooled,4.8,0.07857142857142857,0.05714285714285714,0.42028985507246375
pdm,M-C pair qwen [lebowski],pooled,5.0,0.07857142857142857,0.05714285714285714,0.42028985507246375
pdm,M-C pair qwen [lebowski],pooled,5.2,0.07857142857142857,0.05714285714285714,0.42028985507246375
pdm,M-C pair qwen [lebowski],pooled,5.4,0.07857142857142857,0.05714285714285714,0.42028985507246375
pdm,M-C pair qwen [lebowski],pooled,5.6,0.07857142857142857,0.05714285714285714,0.42028985507246375
pdm,M-C pair qwen [lebowski],pooled,5.8,0.07857142857142857,0.06428571428571428,0.42028985507246375
pdm,M-C pair qwen [lebowski],pooled,6.0,0.07857142857142857,0.06428571428571428,0.42028985507246375
pdm,M-C pair qwen [lebowski],pooled,6.2,0.07857142857142857,0.06428571428571428,0.42028985507246375
pdm,M-C pair qwen [lebowski],pooled,6.4,0.07857142857142857,0.06428571428571428,0.42028985507246375
pdm,M-C pair qwen [lebowski],pooled,6.6,0.07857142857142857,0.06428571428571428,0.42028985507246375
pdm,M-C pair qwen [lebowski],pooled,6.8,0.07857142857142857,0.06428571428571428,0.42028985507246375
pdm,M-C pair qwen [lebowski],pooled,7.0,0.07857142857142857,0.06428571428571428,0.42028985507246375
pdm,M-C pair qwen [lebowski],pooled,7.2,0.07857142857142857,0.06428571428571428,0.42028985507246375
pdm,M-C pair qwen [lebowski],pooled,7.4,0.07857142857142857,0.06428571428571428,0.42028985507246375
pdm,M-C pair qwen [lebowski],pooled,7.6,0.07857142857142857,0.06428571428571428,0.42028985507246375
pdm,M-C pair qwen [lebowski],pooled,7.8,0.07857142857142857,0.06428571428571428,0.42028985507246375
pdm,M-C pair qwen [lebowski],pooled,8.0,0.07857142857142857,0.06428571428571428,0.42028985507246375
pdm,M-C pair qwen [lebowski],pooled,8.2,0.07857142857142857,0.06428571428571428,0.42028985507246375
pdm,M-C pair qwen [lebowski],pooled,8.4,0.07857142857142857,0.06428571428571428,0.42028985507246375
pdm,M-C pair qwen [lebowski],pooled,8.6,0.07857142857142857,0.06428571428571428,0.42028985507246375
pdm,M-C pair qwen [lebowski],pooled,8.8,0.07857142857142857,0.06428571428571428,0.42028985507246375
pdm,M-C pair qwen [lebowski],pooled,9.0,0.07857142857142857,0.06428571428571428,0.42028985507246375
pdm,M-C pair qwen [lebowski],pooled,9.2,0.07857142857142857,0.06428571428571428,0.42028985507246375
pdm,M-C pair qwen [lebowski],pooled,9.4,0.07857142857142857,0.06428571428571428,0.42028985507246375
pdm,M-C pair qwen [lebowski],pooled,9.6,0.07857142857142857,0.06428571428571428,0.42028985507246375
pdm,M-C pair qwen [lebowski],pooled,9.8,0.07857142857142857,0.06428571428571428,0.42028985507246375
pdm,M-C pair qwen [lebowski],pooled,10.0,0.07857142857142857,0.06428571428571428,0.42028985507246375
pdm,M-C pair op [lebowski],pooled,0.0,0.0,0.0,0.057971014492753624
pdm,M-C pair op [lebowski],pooled,0.2,0.0,0.0,0.057971014492753624
pdm,M-C pair op [lebowski],pooled,0.4,0.0,0.0,0.07246376811594203
pdm,M-C pair op [lebowski],pooled,0.6,0.007142857142857143,0.007142857142857143,0.08695652173913043
pdm,M-C pair op [lebowski],pooled,0.8,0.007142857142857143,0.007142857142857143,0.14492753623188406
pdm,M-C pair op [lebowski],pooled,1.0,0.007142857142857143,0.007142857142857143,0.17391304347826086
pdm,M-C pair op [lebowski],pooled,1.2,0.007142857142857143,0.007142857142857143,0.2463768115942029
pdm,M-C pair op [lebowski],pooled,1.4,0.007142857142857143,0.007142857142857143,0.2608695652173913
pdm,M-C pair op [lebowski],pooled,1.6,0.007142857142857143,0.007142857142857143,0.2898550724637681
pdm,M-C pair op [lebowski],pooled,1.8,0.007142857142857143,0.007142857142857143,0.30434782608695654
pdm,M-C pair op [lebowski],pooled,2.0,0.02857142857142857,0.02857142857142857,0.3188405797101449
pdm,M-C pair op [lebowski],pooled,2.2,0.03571428571428571,0.03571428571428571,0.3188405797101449
pdm,M-C pair op [lebowski],pooled,2.4,0.03571428571428571,0.03571428571428571,0.3188405797101449
pdm,M-C pair op [lebowski],pooled,2.6,0.03571428571428571,0.03571428571428571,0.3188405797101449
pdm,M-C pair op [lebowski],pooled,2.8,0.03571428571428571,0.03571428571428571,0.3188405797101449
pdm,M-C pair op [lebowski],pooled,3.0,0.03571428571428571,0.03571428571428571,0.3188405797101449
pdm,M-C pair op [lebowski],pooled,3.2,0.03571428571428571,0.03571428571428571,0.3188405797101449
pdm,M-C pair op [lebowski],pooled,3.4,0.04285714285714286,0.04285714285714286,0.3333333333333333
pdm,M-C pair op [lebowski],pooled,3.6,0.05714285714285714,0.05,0.3333333333333333
pdm,M-C pair op [lebowski],pooled,3.8,0.08571428571428572,0.07857142857142857,0.34782608695652173
pdm,M-C pair op [lebowski],pooled,4.0,0.1,0.08571428571428572,0.34782608695652173
pdm,M-C pair op [lebowski],pooled,4.2,0.1,0.08571428571428572,0.34782608695652173
pdm,M-C pair op [lebowski],pooled,4.4,0.1,0.08571428571428572,0.34782608695652173
pdm,M-C pair op [lebowski],pooled,4.6,0.1,0.08571428571428572,0.34782608695652173
pdm,M-C pair op [lebowski],pooled,4.8,0.1,0.08571428571428572,0.34782608695652173
pdm,M-C pair op [lebowski],pooled,5.0,0.1,0.08571428571428572,0.34782608695652173
pdm,M-C pair op [lebowski],pooled,5.2,0.1,0.08571428571428572,0.34782608695652173
pdm,M-C pair op [lebowski],pooled,5.4,0.1,0.08571428571428572,0.34782608695652173
pdm,M-C pair op [lebowski],pooled,5.6,0.1,0.08571428571428572,0.34782608695652173
pdm,M-C pair op [lebowski],pooled,5.8,0.10714285714285714,0.09285714285714286,0.34782608695652173
pdm,M-C pair op [lebowski],pooled,6.0,0.10714285714285714,0.09285714285714286,0.34782608695652173
pdm,M-C pair op [lebowski],pooled,6.2,0.10714285714285714,0.09285714285714286,0.34782608695652173
pdm,M-C pair op [lebowski],pooled,6.4,0.10714285714285714,0.09285714285714286,0.34782608695652173
pdm,M-C pair op [lebowski],pooled,6.6,0.10714285714285714,0.09285714285714286,0.34782608695652173
pdm,M-C pair op [lebowski],pooled,6.8,0.10714285714285714,0.09285714285714286,0.34782608695652173
pdm,M-C pair op [lebowski],pooled,7.0,0.10714285714285714,0.09285714285714286,0.34782608695652173
pdm,M-C pair op [lebowski],pooled,7.2,0.10714285714285714,0.09285714285714286,0.34782608695652173
pdm,M-C pair op [lebowski],pooled,7.4,0.10714285714285714,0.09285714285714286,0.34782608695652173
pdm,M-C pair op [lebowski],pooled,7.6,0.10714285714285714,0.09285714285714286,0.34782608695652173
pdm,M-C pair op [lebowski],pooled,7.8,0.10714285714285714,0.09285714285714286,0.34782608695652173
pdm,M-C pair op [lebowski],pooled,8.0,0.10714285714285714,0.09285714285714286,0.34782608695652173
pdm,M-C pair op [lebowski],pooled,8.2,0.10714285714285714,0.09285714285714286,0.34782608695652173
pdm,M-C pair op [lebowski],pooled,8.4,0.10714285714285714,0.09285714285714286,0.34782608695652173
pdm,M-C pair op [lebowski],pooled,8.6,0.10714285714285714,0.09285714285714286,0.34782608695652173
pdm,M-C pair op [lebowski],pooled,8.8,0.10714285714285714,0.09285714285714286,0.34782608695652173
pdm,M-C pair op [lebowski],pooled,9.0,0.10714285714285714,0.09285714285714286,0.34782608695652173
pdm,M-C pair op [lebowski],pooled,9.2,0.10714285714285714,0.09285714285714286,0.34782608695652173
pdm,M-C pair op [lebowski],pooled,9.4,0.10714285714285714,0.09285714285714286,0.34782608695652173
pdm,M-C pair op [lebowski],pooled,9.6,0.10714285714285714,0.09285714285714286,0.34782608695652173
pdm,M-C pair op [lebowski],pooled,9.8,0.10714285714285714,0.09285714285714286,0.34782608695652173
pdm,M-C pair op [lebowski],pooled,10.0,0.10714285714285714,0.09285714285714286,0.34782608695652173
pdm,M-C hard [lebowski],pooled,0.0,0.0,0.0,0.07246376811594203
pdm,M-C hard [lebowski],pooled,0.2,0.0,0.0,0.14492753623188406
pdm,M-C hard [lebowski],pooled,0.4,0.0,0.0,0.15942028985507245
pdm,M-C hard [lebowski],pooled,0.6,0.0,0.0,0.18840579710144928
pdm,M-C hard [lebowski],pooled,0.8,0.0,0.0,0.21739130434782608
pdm,M-C hard [lebowski],pooled,1.0,0.0,0.0,0.21739130434782608
pdm,M-C hard [lebowski],pooled,1.2,0.0,0.0,0.2318840579710145
pdm,M-C hard [lebowski],pooled,1.4,0.0,0.0,0.2318840579710145
pdm,M-C hard [lebowski],pooled,1.6,0.0,0.0,0.2463768115942029
pdm,M-C hard [lebowski],pooled,1.8,0.0,0.0,0.2608695652173913
pdm,M-C hard [lebowski],pooled,2.0,0.014285714285714285,0.014285714285714285,0.2608695652173913
pdm,M-C hard [lebowski],pooled,2.2,0.02142857142857143,0.02142857142857143,0.2608695652173913
pdm,M-C hard [lebowski],pooled,2.4,0.03571428571428571,0.02857142857142857,0.2753623188405797
pdm,M-C hard [lebowski],pooled,2.6,0.03571428571428571,0.02857142857142857,0.2753623188405797
pdm,M-C hard [lebowski],pooled,2.8,0.03571428571428571,0.02857142857142857,0.2753623188405797
pdm,M-C hard [lebowski],pooled,3.0,0.03571428571428571,0.02857142857142857,0.2898550724637681
pdm,M-C hard [lebowski],pooled,3.2,0.03571428571428571,0.02857142857142857,0.3188405797101449
pdm,M-C hard [lebowski],pooled,3.4,0.04285714285714286,0.03571428571428571,0.3333333333333333
pdm,M-C hard [lebowski],pooled,3.6,0.05,0.03571428571428571,0.3333333333333333
pdm,M-C hard [lebowski],pooled,3.8,0.05,0.03571428571428571,0.34782608695652173
pdm,M-C hard [lebowski],pooled,4.0,0.05714285714285714,0.04285714285714286,0.34782608695652173
pdm,M-C hard [lebowski],pooled,4.2,0.05714285714285714,0.04285714285714286,0.34782608695652173
pdm,M-C hard [lebowski],pooled,4.4,0.06428571428571428,0.04285714285714286,0.34782608695652173
pdm,M-C hard [lebowski],pooled,4.6,0.06428571428571428,0.04285714285714286,0.34782608695652173
pdm,M-C hard [lebowski],pooled,4.8,0.06428571428571428,0.04285714285714286,0.36231884057971014
pdm,M-C hard [lebowski],pooled,5.0,0.06428571428571428,0.04285714285714286,0.36231884057971014
pdm,M-C hard [lebowski],pooled,5.2,0.06428571428571428,0.04285714285714286,0.36231884057971014
pdm,M-C hard [lebowski],pooled,5.4,0.06428571428571428,0.04285714285714286,0.36231884057971014
pdm,M-C hard [lebowski],pooled,5.6,0.06428571428571428,0.04285714285714286,0.36231884057971014
pdm,M-C hard [lebowski],pooled,5.8,0.06428571428571428,0.05,0.36231884057971014
pdm,M-C hard [lebowski],pooled,6.0,0.06428571428571428,0.05,0.36231884057971014
pdm,M-C hard [lebowski],pooled,6.2,0.06428571428571428,0.05,0.36231884057971014
pdm,M-C hard [lebowski],pooled,6.4,0.06428571428571428,0.05,0.36231884057971014
pdm,M-C hard [lebowski],pooled,6.6,0.06428571428571428,0.05,0.36231884057971014
pdm,M-C hard [lebowski],pooled,6.8,0.06428571428571428,0.05,0.36231884057971014
pdm,M-C hard [lebowski],pooled,7.0,0.06428571428571428,0.05,0.36231884057971014
pdm,M-C hard [lebowski],pooled,7.2,0.06428571428571428,0.05,0.36231884057971014
pdm,M-C hard [lebowski],pooled,7.4,0.06428571428571428,0.05,0.36231884057971014
pdm,M-C hard [lebowski],pooled,7.6,0.06428571428571428,0.05,0.36231884057971014
pdm,M-C hard [lebowski],pooled,7.8,0.06428571428571428,0.05,0.36231884057971014
pdm,M-C hard [lebowski],pooled,8.0,0.06428571428571428,0.05,0.36231884057971014
pdm,M-C hard [lebowski],pooled,8.2,0.06428571428571428,0.05,0.36231884057971014
pdm,M-C hard [lebowski],pooled,8.4,0.06428571428571428,0.05,0.36231884057971014
pdm,M-C hard [lebowski],pooled,8.6,0.06428571428571428,0.05,0.36231884057971014
pdm,M-C hard [lebowski],pooled,8.8,0.06428571428571428,0.05,0.36231884057971014
pdm,M-C hard [lebowski],pooled,9.0,0.06428571428571428,0.05,0.36231884057971014
pdm,M-C hard [lebowski],pooled,9.2,0.06428571428571428,0.05,0.36231884057971014
pdm,M-C hard [lebowski],pooled,9.4,0.06428571428571428,0.05,0.36231884057971014
pdm,M-C hard [lebowski],pooled,9.6,0.06428571428571428,0.05,0.36231884057971014
pdm,M-C hard [lebowski],pooled,9.8,0.06428571428571428,0.05,0.36231884057971014
pdm,M-C hard [lebowski],pooled,10.0,0.06428571428571428,0.05,0.36231884057971014
pdm,M-C uniform [lebowski],pooled,0.0,0.0,0.0,0.07246376811594203
pdm,M-C uniform [lebowski],pooled,0.2,0.0,0.0,0.11594202898550725
pdm,M-C uniform [lebowski],pooled,0.4,0.0,0.0,0.13043478260869565
pdm,M-C uniform [lebowski],pooled,0.6,0.0,0.0,0.15942028985507245
pdm,M-C uniform [lebowski],pooled,0.8,0.0,0.0,0.2028985507246377
pdm,M-C uniform [lebowski],pooled,1.0,0.0,0.0,0.21739130434782608
pdm,M-C uniform [lebowski],pooled,1.2,0.0,0.0,0.2318840579710145
pdm,M-C uniform [lebowski],pooled,1.4,0.0,0.0,0.2318840579710145
pdm,M-C uniform [lebowski],pooled,1.6,0.0,0.0,0.2608695652173913
pdm,M-C uniform [lebowski],pooled,1.8,0.0,0.0,0.2753623188405797
pdm,M-C uniform [lebowski],pooled,2.0,0.014285714285714285,0.014285714285714285,0.2753623188405797
pdm,M-C uniform [lebowski],pooled,2.2,0.02857142857142857,0.02857142857142857,0.2753623188405797
pdm,M-C uniform [lebowski],pooled,2.4,0.02857142857142857,0.02857142857142857,0.2753623188405797
pdm,M-C uniform [lebowski],pooled,2.6,0.02857142857142857,0.02857142857142857,0.2753623188405797
pdm,M-C uniform [lebowski],pooled,2.8,0.02857142857142857,0.02857142857142857,0.2898550724637681
pdm,M-C uniform [lebowski],pooled,3.0,0.02857142857142857,0.02857142857142857,0.3188405797101449
pdm,M-C uniform [lebowski],pooled,3.2,0.02857142857142857,0.02857142857142857,0.3188405797101449
pdm,M-C uniform [lebowski],pooled,3.4,0.03571428571428571,0.03571428571428571,0.3188405797101449
pdm,M-C uniform [lebowski],pooled,3.6,0.04285714285714286,0.03571428571428571,0.3188405797101449
pdm,M-C uniform [lebowski],pooled,3.8,0.05,0.04285714285714286,0.34782608695652173
pdm,M-C uniform [lebowski],pooled,4.0,0.06428571428571428,0.05,0.34782608695652173
pdm,M-C uniform [lebowski],pooled,4.2,0.06428571428571428,0.05,0.34782608695652173
pdm,M-C uniform [lebowski],pooled,4.4,0.06428571428571428,0.05,0.34782608695652173
pdm,M-C uniform [lebowski],pooled,4.6,0.06428571428571428,0.05,0.34782608695652173
pdm,M-C uniform [lebowski],pooled,4.8,0.06428571428571428,0.05,0.34782608695652173
pdm,M-C uniform [lebowski],pooled,5.0,0.06428571428571428,0.05,0.36231884057971014
pdm,M-C uniform [lebowski],pooled,5.2,0.06428571428571428,0.05,0.36231884057971014
pdm,M-C uniform [lebowski],pooled,5.4,0.06428571428571428,0.05,0.36231884057971014
pdm,M-C uniform [lebowski],pooled,5.6,0.06428571428571428,0.05,0.36231884057971014
pdm,M-C uniform [lebowski],pooled,5.8,0.07142857142857142,0.05714285714285714,0.36231884057971014
pdm,M-C uniform [lebowski],pooled,6.0,0.07142857142857142,0.05714285714285714,0.36231884057971014
pdm,M-C uniform [lebowski],pooled,6.2,0.07142857142857142,0.05714285714285714,0.36231884057971014
pdm,M-C uniform [lebowski],pooled,6.4,0.07142857142857142,0.05714285714285714,0.36231884057971014
pdm,M-C uniform [lebowski],pooled,6.6,0.07142857142857142,0.05714285714285714,0.36231884057971014
pdm,M-C uniform [lebowski],pooled,6.8,0.07142857142857142,0.05714285714285714,0.36231884057971014
pdm,M-C uniform [lebowski],pooled,7.0,0.07142857142857142,0.05714285714285714,0.36231884057971014
pdm,M-C uniform [lebowski],pooled,7.2,0.07142857142857142,0.05714285714285714,0.36231884057971014
pdm,M-C uniform [lebowski],pooled,7.4,0.07142857142857142,0.05714285714285714,0.36231884057971014
pdm,M-C uniform [lebowski],pooled,7.6,0.07142857142857142,0.05714285714285714,0.36231884057971014
pdm,M-C uniform [lebowski],pooled,7.8,0.07142857142857142,0.05714285714285714,0.36231884057971014
pdm,M-C uniform [lebowski],pooled,8.0,0.07142857142857142,0.05714285714285714,0.36231884057971014
pdm,M-C uniform [lebowski],pooled,8.2,0.07142857142857142,0.05714285714285714,0.36231884057971014
pdm,M-C uniform [lebowski],pooled,8.4,0.07142857142857142,0.05714285714285714,0.36231884057971014
pdm,M-C uniform [lebowski],pooled,8.6,0.07142857142857142,0.05714285714285714,0.36231884057971014
pdm,M-C uniform [lebowski],pooled,8.8,0.07142857142857142,0.05714285714285714,0.36231884057971014
pdm,M-C uniform [lebowski],pooled,9.0,0.07142857142857142,0.05714285714285714,0.36231884057971014
pdm,M-C uniform [lebowski],pooled,9.2,0.07142857142857142,0.05714285714285714,0.36231884057971014
pdm,M-C uniform [lebowski],pooled,9.4,0.07142857142857142,0.05714285714285714,0.36231884057971014
pdm,M-C uniform [lebowski],pooled,9.6,0.07142857142857142,0.05714285714285714,0.36231884057971014
pdm,M-C uniform [lebowski],pooled,9.8,0.07142857142857142,0.05714285714285714,0.36231884057971014
pdm,M-C uniform [lebowski],pooled,10.0,0.07142857142857142,0.05714285714285714,0.36231884057971014
pdm,gate any,pooled,0.0,0.007142857142857143,0.007142857142857143,0.0
pdm,gate any,pooled,0.2,0.02142857142857143,0.02142857142857143,0.0
pdm,gate any,pooled,0.4,0.04285714285714286,0.04285714285714286,0.0
pdm,gate any,pooled,0.6,0.06428571428571428,0.06428571428571428,0.0
pdm,gate any,pooled,0.8,0.11428571428571428,0.11428571428571428,0.0
pdm,gate any,pooled,1.0,0.11428571428571428,0.11428571428571428,0.0
pdm,gate any,pooled,1.2,0.12857142857142856,0.12857142857142856,0.0
pdm,gate any,pooled,1.4,0.14285714285714285,0.14285714285714285,0.0
pdm,gate any,pooled,1.6,0.14285714285714285,0.14285714285714285,0.0
pdm,gate any,pooled,1.8,0.14285714285714285,0.14285714285714285,0.0
pdm,gate any,pooled,2.0,0.15,0.15,0.0
pdm,gate any,pooled,2.2,0.15714285714285714,0.15714285714285714,0.0
pdm,gate any,pooled,2.4,0.15714285714285714,0.15714285714285714,0.0
pdm,gate any,pooled,2.6,0.15714285714285714,0.15714285714285714,0.0
pdm,gate any,pooled,2.8,0.15714285714285714,0.15714285714285714,0.0
pdm,gate any,pooled,3.0,0.15714285714285714,0.15714285714285714,0.0
pdm,gate any,pooled,3.2,0.15714285714285714,0.15714285714285714,0.0
pdm,gate any,pooled,3.4,0.15714285714285714,0.15714285714285714,0.0
pdm,gate any,pooled,3.6,0.15714285714285714,0.15714285714285714,0.0
pdm,gate any,pooled,3.8,0.15714285714285714,0.15714285714285714,0.0
pdm,gate any,pooled,4.0,0.16428571428571428,0.16428571428571428,0.0
pdm,gate any,pooled,4.2,0.16428571428571428,0.16428571428571428,0.0
pdm,gate any,pooled,4.4,0.16428571428571428,0.16428571428571428,0.0
pdm,gate any,pooled,4.6,0.16428571428571428,0.16428571428571428,0.0
pdm,gate any,pooled,4.8,0.16428571428571428,0.16428571428571428,0.0
pdm,gate any,pooled,5.0,0.16428571428571428,0.16428571428571428,0.0
pdm,gate any,pooled,5.2,0.16428571428571428,0.16428571428571428,0.0
pdm,gate any,pooled,5.4,0.16428571428571428,0.16428571428571428,0.0
pdm,gate any,pooled,5.6,0.16428571428571428,0.16428571428571428,0.0
pdm,gate any,pooled,5.8,0.16428571428571428,0.16428571428571428,0.0
pdm,gate any,pooled,6.0,0.16428571428571428,0.16428571428571428,0.0
pdm,gate any,pooled,6.2,0.16428571428571428,0.16428571428571428,0.0
pdm,gate any,pooled,6.4,0.16428571428571428,0.16428571428571428,0.0
pdm,gate any,pooled,6.6,0.16428571428571428,0.16428571428571428,0.0
pdm,gate any,pooled,6.8,0.16428571428571428,0.16428571428571428,0.0
pdm,gate any,pooled,7.0,0.16428571428571428,0.16428571428571428,0.0
pdm,gate any,pooled,7.2,0.16428571428571428,0.16428571428571428,0.0
pdm,gate any,pooled,7.4,0.16428571428571428,0.16428571428571428,0.0
pdm,gate any,pooled,7.6,0.16428571428571428,0.16428571428571428,0.0
pdm,gate any,pooled,7.8,0.16428571428571428,0.16428571428571428,0.0
pdm,gate any,pooled,8.0,0.16428571428571428,0.16428571428571428,0.0
pdm,gate any,pooled,8.2,0.16428571428571428,0.16428571428571428,0.0
pdm,gate any,pooled,8.4,0.16428571428571428,0.16428571428571428,0.0
pdm,gate any,pooled,8.6,0.16428571428571428,0.16428571428571428,0.0
pdm,gate any,pooled,8.8,0.16428571428571428,0.16428571428571428,0.0
pdm,gate any,pooled,9.0,0.16428571428571428,0.16428571428571428,0.0
pdm,gate any,pooled,9.2,0.16428571428571428,0.16428571428571428,0.0
pdm,gate any,pooled,9.4,0.16428571428571428,0.16428571428571428,0.0
pdm,gate any,pooled,9.6,0.16428571428571428,0.16428571428571428,0.0
pdm,gate any,pooled,9.8,0.16428571428571428,0.16428571428571428,0.0
pdm,gate any,pooled,10.0,0.16428571428571428,0.16428571428571428,0.0
pdm,gate pedestrian,pooled,0.0,0.007142857142857143,0.007142857142857143,0.0
pdm,gate pedestrian,pooled,0.2,0.02142857142857143,0.02142857142857143,0.0
pdm,gate pedestrian,pooled,0.4,0.05,0.05,0.0
pdm,gate pedestrian,pooled,0.6,0.07857142857142857,0.07857142857142857,0.0
pdm,gate pedestrian,pooled,0.8,0.1357142857142857,0.1357142857142857,0.0
pdm,gate pedestrian,pooled,1.0,0.1357142857142857,0.1357142857142857,0.0
pdm,gate pedestrian,pooled,1.2,0.15,0.15,0.0
pdm,gate pedestrian,pooled,1.4,0.16428571428571428,0.16428571428571428,0.0
pdm,gate pedestrian,pooled,1.6,0.16428571428571428,0.16428571428571428,0.0
pdm,gate pedestrian,pooled,1.8,0.16428571428571428,0.16428571428571428,0.0
pdm,gate pedestrian,pooled,2.0,0.17142857142857143,0.17142857142857143,0.0
pdm,gate pedestrian,pooled,2.2,0.17857142857142858,0.17857142857142858,0.0
pdm,gate pedestrian,pooled,2.4,0.17857142857142858,0.17857142857142858,0.0
pdm,gate pedestrian,pooled,2.6,0.17857142857142858,0.17857142857142858,0.0
pdm,gate pedestrian,pooled,2.8,0.17857142857142858,0.17857142857142858,0.0
pdm,gate pedestrian,pooled,3.0,0.17857142857142858,0.17857142857142858,0.0
pdm,gate pedestrian,pooled,3.2,0.19285714285714287,0.19285714285714287,0.0
pdm,gate pedestrian,pooled,3.4,0.19285714285714287,0.19285714285714287,0.0
pdm,gate pedestrian,pooled,3.6,0.19285714285714287,0.19285714285714287,0.0
pdm,gate pedestrian,pooled,3.8,0.2,0.2,0.0
pdm,gate pedestrian,pooled,4.0,0.20714285714285716,0.20714285714285716,0.0
pdm,gate pedestrian,pooled,4.2,0.20714285714285716,0.20714285714285716,0.0
pdm,gate pedestrian,pooled,4.4,0.20714285714285716,0.20714285714285716,0.0
pdm,gate pedestrian,pooled,4.6,0.20714285714285716,0.20714285714285716,0.0
pdm,gate pedestrian,pooled,4.8,0.20714285714285716,0.20714285714285716,0.0
pdm,gate pedestrian,pooled,5.0,0.20714285714285716,0.20714285714285716,0.0
pdm,gate pedestrian,pooled,5.2,0.20714285714285716,0.20714285714285716,0.0
pdm,gate pedestrian,pooled,5.4,0.20714285714285716,0.20714285714285716,0.0
pdm,gate pedestrian,pooled,5.6,0.20714285714285716,0.20714285714285716,0.0
pdm,gate pedestrian,pooled,5.8,0.20714285714285716,0.20714285714285716,0.0
pdm,gate pedestrian,pooled,6.0,0.20714285714285716,0.20714285714285716,0.0
pdm,gate pedestrian,pooled,6.2,0.20714285714285716,0.20714285714285716,0.0
pdm,gate pedestrian,pooled,6.4,0.20714285714285716,0.20714285714285716,0.0
pdm,gate pedestrian,pooled,6.6,0.20714285714285716,0.20714285714285716,0.0
pdm,gate pedestrian,pooled,6.8,0.20714285714285716,0.20714285714285716,0.0
pdm,gate pedestrian,pooled,7.0,0.20714285714285716,0.20714285714285716,0.0
pdm,gate pedestrian,pooled,7.2,0.20714285714285716,0.20714285714285716,0.0
pdm,gate pedestrian,pooled,7.4,0.20714285714285716,0.20714285714285716,0.0
pdm,gate pedestrian,pooled,7.6,0.20714285714285716,0.20714285714285716,0.0
pdm,gate pedestrian,pooled,7.8,0.20714285714285716,0.20714285714285716,0.0
pdm,gate pedestrian,pooled,8.0,0.20714285714285716,0.20714285714285716,0.0
pdm,gate pedestrian,pooled,8.2,0.20714285714285716,0.20714285714285716,0.0
pdm,gate pedestrian,pooled,8.4,0.20714285714285716,0.20714285714285716,0.0
pdm,gate pedestrian,pooled,8.6,0.20714285714285716,0.20714285714285716,0.0
pdm,gate pedestrian,pooled,8.8,0.20714285714285716,0.20714285714285716,0.0
pdm,gate pedestrian,pooled,9.0,0.20714285714285716,0.20714285714285716,0.0
pdm,gate pedestrian,pooled,9.2,0.20714285714285716,0.20714285714285716,0.0
pdm,gate pedestrian,pooled,9.4,0.20714285714285716,0.20714285714285716,0.0
pdm,gate pedestrian,pooled,9.6,0.20714285714285716,0.20714285714285716,0.0
pdm,gate pedestrian,pooled,9.8,0.20714285714285716,0.20714285714285716,0.0
pdm,gate pedestrian,pooled,10.0,0.20714285714285716,0.20714285714285716,0.0
pdm,gate ttc,pooled,0.0,0.0,0.0,0.0
pdm,gate ttc,pooled,0.2,0.0,0.0,0.0
pdm,gate ttc,pooled,0.4,0.0,0.0,0.0
pdm,gate ttc,pooled,0.6,0.0,0.0,0.0
pdm,gate ttc,pooled,0.8,0.0,0.0,0.0
pdm,gate ttc,pooled,1.0,0.0,0.0,0.0
pdm,gate ttc,pooled,1.2,0.0,0.0,0.0
pdm,gate ttc,pooled,1.4,0.0,0.0,0.0
pdm,gate ttc,pooled,1.6,0.0,0.0,0.0
pdm,gate ttc,pooled,1.8,0.0,0.0,0.0
pdm,gate ttc,pooled,2.0,0.0,0.0,0.0
pdm,gate ttc,pooled,2.2,0.0,0.0,0.0
pdm,gate ttc,pooled,2.4,0.0,0.0,0.0
pdm,gate ttc,pooled,2.6,0.0,0.0,0.0
pdm,gate ttc,pooled,2.8,0.0,0.0,0.0
pdm,gate ttc,pooled,3.0,0.0,0.0,0.0
pdm,gate ttc,pooled,3.2,0.0,0.0,0.0
pdm,gate ttc,pooled,3.4,0.0,0.0,0.0
pdm,gate ttc,pooled,3.6,0.0,0.0,0.0
pdm,gate ttc,pooled,3.8,0.0,0.0,0.0
pdm,gate ttc,pooled,4.0,0.0,0.0,0.0
pdm,gate ttc,pooled,4.2,0.0,0.0,0.0
pdm,gate ttc,pooled,4.4,0.0,0.0,0.0
pdm,gate ttc,pooled,4.6,0.0,0.0,0.0
pdm,gate ttc,pooled,4.8,0.0,0.0,0.0
pdm,gate ttc,pooled,5.0,0.0,0.0,0.0
pdm,gate ttc,pooled,5.2,0.0,0.0,0.0
pdm,gate ttc,pooled,5.4,0.0,0.0,0.0
pdm,gate ttc,pooled,5.6,0.0,0.0,0.0
pdm,gate ttc,pooled,5.8,0.0,0.0,0.0
pdm,gate ttc,pooled,6.0,0.0,0.0,0.0
pdm,gate ttc,pooled,6.2,0.0,0.0,0.0
pdm,gate ttc,pooled,6.4,0.0,0.0,0.0
pdm,gate ttc,pooled,6.6,0.0,0.0,0.0
pdm,gate ttc,pooled,6.8,0.0,0.0,0.0
pdm,gate ttc,pooled,7.0,0.0,0.0,0.0
pdm,gate ttc,pooled,7.2,0.0,0.0,0.0
pdm,gate ttc,pooled,7.4,0.0,0.0,0.0
pdm,gate ttc,pooled,7.6,0.0,0.0,0.0
pdm,gate ttc,pooled,7.8,0.0,0.0,0.0
pdm,gate ttc,pooled,8.0,0.0,0.0,0.0
pdm,gate ttc,pooled,8.2,0.0,0.0,0.0
pdm,gate ttc,pooled,8.4,0.0,0.0,0.0
pdm,gate ttc,pooled,8.6,0.0,0.0,0.0
pdm,gate ttc,pooled,8.8,0.0,0.0,0.0
pdm,gate ttc,pooled,9.0,0.0,0.0,0.0
pdm,gate ttc,pooled,9.2,0.0,0.0,0.0
pdm,gate ttc,pooled,9.4,0.0,0.0,0.0
pdm,gate ttc,pooled,9.6,0.0,0.0,0.0
pdm,gate ttc,pooled,9.8,0.0,0.0,0.0
pdm,gate ttc,pooled,10.0,0.0,0.0,0.0
pdm,gate intrusion,pooled,0.0,0.0,0.0,0.0
pdm,gate intrusion,pooled,0.2,0.0,0.0,0.0
pdm,gate intrusion,pooled,0.4,0.0,0.0,0.0
pdm,gate intrusion,pooled,0.6,0.0,0.0,0.0
pdm,gate intrusion,pooled,0.8,0.0,0.0,0.0
pdm,gate intrusion,pooled,1.0,0.0,0.0,0.0
pdm,gate intrusion,pooled,1.2,0.0,0.0,0.0
pdm,gate intrusion,pooled,1.4,0.0,0.0,0.0
pdm,gate intrusion,pooled,1.6,0.0,0.0,0.0
pdm,gate intrusion,pooled,1.8,0.0,0.0,0.0
pdm,gate intrusion,pooled,2.0,0.0,0.0,0.0
pdm,gate intrusion,pooled,2.2,0.0,0.0,0.0
pdm,gate intrusion,pooled,2.4,0.0,0.0,0.0
pdm,gate intrusion,pooled,2.6,0.0,0.0,0.0
pdm,gate intrusion,pooled,2.8,0.0,0.0,0.0
pdm,gate intrusion,pooled,3.0,0.0,0.0,0.0
pdm,gate intrusion,pooled,3.2,0.0,0.0,0.0
pdm,gate intrusion,pooled,3.4,0.0,0.0,0.0
pdm,gate intrusion,pooled,3.6,0.0,0.0,0.0
pdm,gate intrusion,pooled,3.8,0.0,0.0,0.0
pdm,gate intrusion,pooled,4.0,0.0,0.0,0.0
pdm,gate intrusion,pooled,4.2,0.0,0.0,0.0
pdm,gate intrusion,pooled,4.4,0.0,0.0,0.0
pdm,gate intrusion,pooled,4.6,0.0,0.0,0.0
pdm,gate intrusion,pooled,4.8,0.0,0.0,0.0
pdm,gate intrusion,pooled,5.0,0.0,0.0,0.0
pdm,gate intrusion,pooled,5.2,0.0,0.0,0.0
pdm,gate intrusion,pooled,5.4,0.0,0.0,0.0
pdm,gate intrusion,pooled,5.6,0.0,0.0,0.0
pdm,gate intrusion,pooled,5.8,0.0,0.0,0.0
pdm,gate intrusion,pooled,6.0,0.0,0.0,0.0
pdm,gate intrusion,pooled,6.2,0.0,0.0,0.0
pdm,gate intrusion,pooled,6.4,0.0,0.0,0.0
pdm,gate intrusion,pooled,6.6,0.0,0.0,0.0
pdm,gate intrusion,pooled,6.8,0.0,0.0,0.0
pdm,gate intrusion,pooled,7.0,0.0,0.0,0.0
pdm,gate intrusion,pooled,7.2,0.0,0.0,0.0
pdm,gate intrusion,pooled,7.4,0.0,0.0,0.0
pdm,gate intrusion,pooled,7.6,0.0,0.0,0.0
pdm,gate intrusion,pooled,7.8,0.0,0.0,0.0
pdm,gate intrusion,pooled,8.0,0.0,0.0,0.0
pdm,gate intrusion,pooled,8.2,0.0,0.0,0.0
pdm,gate intrusion,pooled,8.4,0.0,0.0,0.0
pdm,gate intrusion,pooled,8.6,0.0,0.0,0.0
pdm,gate intrusion,pooled,8.8,0.0,0.0,0.0
pdm,gate intrusion,pooled,9.0,0.0,0.0,0.0
pdm,gate intrusion,pooled,9.2,0.0,0.0,0.0
pdm,gate intrusion,pooled,9.4,0.0,0.0,0.0
pdm,gate intrusion,pooled,9.6,0.0,0.0,0.0
pdm,gate intrusion,pooled,9.8,0.0,0.0,0.0
pdm,gate intrusion,pooled,10.0,0.0,0.0,0.0
pdm,gate any (L = 0.6 s),pooled,0.0,0.007142857142857143,0.007142857142857143,0.0
pdm,gate any (L = 0.6 s),pooled,0.2,0.02142857142857143,0.02142857142857143,0.0
pdm,gate any (L = 0.6 s),pooled,0.4,0.04285714285714286,0.04285714285714286,0.0
pdm,gate any (L = 0.6 s),pooled,0.6,0.06428571428571428,0.06428571428571428,0.0
pdm,gate any (L = 0.6 s),pooled,0.8,0.11428571428571428,0.11428571428571428,0.0
pdm,gate any (L = 0.6 s),pooled,1.0,0.11428571428571428,0.11428571428571428,0.0
pdm,gate any (L = 0.6 s),pooled,1.2,0.12857142857142856,0.12857142857142856,0.0
pdm,gate any (L = 0.6 s),pooled,1.4,0.14285714285714285,0.14285714285714285,0.0
pdm,gate any (L = 0.6 s),pooled,1.6,0.14285714285714285,0.14285714285714285,0.0
pdm,gate any (L = 0.6 s),pooled,1.8,0.14285714285714285,0.14285714285714285,0.0
pdm,gate any (L = 0.6 s),pooled,2.0,0.15,0.15,0.0
pdm,gate any (L = 0.6 s),pooled,2.2,0.15714285714285714,0.15714285714285714,0.0
pdm,gate any (L = 0.6 s),pooled,2.4,0.15714285714285714,0.15714285714285714,0.0
pdm,gate any (L = 0.6 s),pooled,2.6,0.15714285714285714,0.15714285714285714,0.0
pdm,gate any (L = 0.6 s),pooled,2.8,0.15714285714285714,0.15714285714285714,0.0
pdm,gate any (L = 0.6 s),pooled,3.0,0.15714285714285714,0.15714285714285714,0.0
pdm,gate any (L = 0.6 s),pooled,3.2,0.15714285714285714,0.15714285714285714,0.0
pdm,gate any (L = 0.6 s),pooled,3.4,0.15714285714285714,0.15714285714285714,0.0
pdm,gate any (L = 0.6 s),pooled,3.6,0.15714285714285714,0.15714285714285714,0.0
pdm,gate any (L = 0.6 s),pooled,3.8,0.15714285714285714,0.15714285714285714,0.0
pdm,gate any (L = 0.6 s),pooled,4.0,0.16428571428571428,0.16428571428571428,0.0
pdm,gate any (L = 0.6 s),pooled,4.2,0.16428571428571428,0.16428571428571428,0.0
pdm,gate any (L = 0.6 s),pooled,4.4,0.16428571428571428,0.16428571428571428,0.0
pdm,gate any (L = 0.6 s),pooled,4.6,0.16428571428571428,0.16428571428571428,0.0
pdm,gate any (L = 0.6 s),pooled,4.8,0.16428571428571428,0.16428571428571428,0.0
pdm,gate any (L = 0.6 s),pooled,5.0,0.16428571428571428,0.16428571428571428,0.0
pdm,gate any (L = 0.6 s),pooled,5.2,0.16428571428571428,0.16428571428571428,0.0
pdm,gate any (L = 0.6 s),pooled,5.4,0.16428571428571428,0.16428571428571428,0.0
pdm,gate any (L = 0.6 s),pooled,5.6,0.16428571428571428,0.16428571428571428,0.0
pdm,gate any (L = 0.6 s),pooled,5.8,0.16428571428571428,0.16428571428571428,0.0
pdm,gate any (L = 0.6 s),pooled,6.0,0.16428571428571428,0.16428571428571428,0.0
pdm,gate any (L = 0.6 s),pooled,6.2,0.16428571428571428,0.16428571428571428,0.0
pdm,gate any (L = 0.6 s),pooled,6.4,0.16428571428571428,0.16428571428571428,0.0
pdm,gate any (L = 0.6 s),pooled,6.6,0.16428571428571428,0.16428571428571428,0.0
pdm,gate any (L = 0.6 s),pooled,6.8,0.16428571428571428,0.16428571428571428,0.0
pdm,gate any (L = 0.6 s),pooled,7.0,0.16428571428571428,0.16428571428571428,0.0
pdm,gate any (L = 0.6 s),pooled,7.2,0.16428571428571428,0.16428571428571428,0.0
pdm,gate any (L = 0.6 s),pooled,7.4,0.16428571428571428,0.16428571428571428,0.0
pdm,gate any (L = 0.6 s),pooled,7.6,0.16428571428571428,0.16428571428571428,0.0
pdm,gate any (L = 0.6 s),pooled,7.8,0.16428571428571428,0.16428571428571428,0.0
pdm,gate any (L = 0.6 s),pooled,8.0,0.16428571428571428,0.16428571428571428,0.0
pdm,gate any (L = 0.6 s),pooled,8.2,0.16428571428571428,0.16428571428571428,0.0
pdm,gate any (L = 0.6 s),pooled,8.4,0.16428571428571428,0.16428571428571428,0.0
pdm,gate any (L = 0.6 s),pooled,8.6,0.16428571428571428,0.16428571428571428,0.0
pdm,gate any (L = 0.6 s),pooled,8.8,0.16428571428571428,0.16428571428571428,0.0
pdm,gate any (L = 0.6 s),pooled,9.0,0.16428571428571428,0.16428571428571428,0.0
pdm,gate any (L = 0.6 s),pooled,9.2,0.16428571428571428,0.16428571428571428,0.0
pdm,gate any (L = 0.6 s),pooled,9.4,0.16428571428571428,0.16428571428571428,0.0
pdm,gate any (L = 0.6 s),pooled,9.6,0.16428571428571428,0.16428571428571428,0.0
pdm,gate any (L = 0.6 s),pooled,9.8,0.16428571428571428,0.16428571428571428,0.0
pdm,gate any (L = 0.6 s),pooled,10.0,0.16428571428571428,0.16428571428571428,0.0
pdm,TFv6 target speed,pedestrian,0.0,0.015873015873015872,0.015873015873015872,0.023809523809523808
pdm,TFv6 target speed,pedestrian,0.2,0.047619047619047616,0.047619047619047616,0.047619047619047616
pdm,TFv6 target speed,pedestrian,0.4,0.09523809523809523,0.09523809523809523,0.09523809523809523
pdm,TFv6 target speed,pedestrian,0.6,0.09523809523809523,0.09523809523809523,0.09523809523809523
pdm,TFv6 target speed,pedestrian,0.8,0.12698412698412698,0.12698412698412698,0.09523809523809523
pdm,TFv6 target speed,pedestrian,1.0,0.12698412698412698,0.12698412698412698,0.09523809523809523
pdm,TFv6 target speed,pedestrian,1.2,0.12698412698412698,0.12698412698412698,0.09523809523809523
pdm,TFv6 target speed,pedestrian,1.4,0.15873015873015872,0.15873015873015872,0.14285714285714285
pdm,TFv6 target speed,pedestrian,1.6,0.1746031746031746,0.1746031746031746,0.14285714285714285
pdm,TFv6 target speed,pedestrian,1.8,0.1746031746031746,0.1746031746031746,0.14285714285714285
pdm,TFv6 target speed,pedestrian,2.0,0.1746031746031746,0.1746031746031746,0.14285714285714285
pdm,TFv6 target speed,pedestrian,2.2,0.1746031746031746,0.1746031746031746,0.16666666666666666
pdm,TFv6 target speed,pedestrian,2.4,0.1746031746031746,0.1746031746031746,0.16666666666666666
pdm,TFv6 target speed,pedestrian,2.6,0.19047619047619047,0.19047619047619047,0.16666666666666666
pdm,TFv6 target speed,pedestrian,2.8,0.19047619047619047,0.19047619047619047,0.16666666666666666
pdm,TFv6 target speed,pedestrian,3.0,0.19047619047619047,0.19047619047619047,0.16666666666666666
pdm,TFv6 target speed,pedestrian,3.2,0.19047619047619047,0.19047619047619047,0.16666666666666666
pdm,TFv6 target speed,pedestrian,3.4,0.19047619047619047,0.19047619047619047,0.19047619047619047
pdm,TFv6 target speed,pedestrian,3.6,0.19047619047619047,0.19047619047619047,0.21428571428571427
pdm,TFv6 target speed,pedestrian,3.8,0.19047619047619047,0.19047619047619047,0.21428571428571427
pdm,TFv6 target speed,pedestrian,4.0,0.19047619047619047,0.19047619047619047,0.23809523809523808
pdm,TFv6 target speed,pedestrian,4.2,0.19047619047619047,0.19047619047619047,0.23809523809523808
pdm,TFv6 target speed,pedestrian,4.4,0.19047619047619047,0.19047619047619047,0.23809523809523808
pdm,TFv6 target speed,pedestrian,4.6,0.19047619047619047,0.19047619047619047,0.23809523809523808
pdm,TFv6 target speed,pedestrian,4.8,0.19047619047619047,0.19047619047619047,0.23809523809523808
pdm,TFv6 target speed,pedestrian,5.0,0.19047619047619047,0.19047619047619047,0.23809523809523808
pdm,TFv6 target speed,pedestrian,5.2,0.19047619047619047,0.19047619047619047,0.23809523809523808
pdm,TFv6 target speed,pedestrian,5.4,0.19047619047619047,0.19047619047619047,0.23809523809523808
pdm,TFv6 target speed,pedestrian,5.6,0.19047619047619047,0.19047619047619047,0.23809523809523808
pdm,TFv6 target speed,pedestrian,5.8,0.19047619047619047,0.19047619047619047,0.23809523809523808
pdm,TFv6 target speed,pedestrian,6.0,0.19047619047619047,0.19047619047619047,0.23809523809523808
pdm,TFv6 target speed,pedestrian,6.2,0.19047619047619047,0.19047619047619047,0.23809523809523808
pdm,TFv6 target speed,pedestrian,6.4,0.19047619047619047,0.19047619047619047,0.23809523809523808
pdm,TFv6 target speed,pedestrian,6.6,0.19047619047619047,0.19047619047619047,0.23809523809523808
pdm,TFv6 target speed,pedestrian,6.8,0.19047619047619047,0.19047619047619047,0.23809523809523808
pdm,TFv6 target speed,pedestrian,7.0,0.19047619047619047,0.19047619047619047,0.23809523809523808
pdm,TFv6 target speed,pedestrian,7.2,0.19047619047619047,0.19047619047619047,0.23809523809523808
pdm,TFv6 target speed,pedestrian,7.4,0.19047619047619047,0.19047619047619047,0.23809523809523808
pdm,TFv6 target speed,pedestrian,7.6,0.19047619047619047,0.19047619047619047,0.23809523809523808
pdm,TFv6 target speed,pedestrian,7.8,0.19047619047619047,0.19047619047619047,0.23809523809523808
pdm,TFv6 target speed,pedestrian,8.0,0.19047619047619047,0.19047619047619047,0.23809523809523808
pdm,TFv6 target speed,pedestrian,8.2,0.19047619047619047,0.19047619047619047,0.23809523809523808
pdm,TFv6 target speed,pedestrian,8.4,0.19047619047619047,0.19047619047619047,0.23809523809523808
pdm,TFv6 target speed,pedestrian,8.6,0.19047619047619047,0.19047619047619047,0.23809523809523808
pdm,TFv6 target speed,pedestrian,8.8,0.19047619047619047,0.19047619047619047,0.23809523809523808
pdm,TFv6 target speed,pedestrian,9.0,0.19047619047619047,0.19047619047619047,0.23809523809523808
pdm,TFv6 target speed,pedestrian,9.2,0.19047619047619047,0.19047619047619047,0.23809523809523808
pdm,TFv6 target speed,pedestrian,9.4,0.19047619047619047,0.19047619047619047,0.23809523809523808
pdm,TFv6 target speed,pedestrian,9.6,0.19047619047619047,0.19047619047619047,0.23809523809523808
pdm,TFv6 target speed,pedestrian,9.8,0.19047619047619047,0.19047619047619047,0.23809523809523808
pdm,TFv6 target speed,pedestrian,10.0,0.19047619047619047,0.19047619047619047,0.23809523809523808
pdm,TFv6 waypoint speed 2 s,pedestrian,0.0,0.015873015873015872,0.0,0.09523809523809523
pdm,TFv6 waypoint speed 2 s,pedestrian,0.2,0.015873015873015872,0.0,0.11904761904761904
pdm,TFv6 waypoint speed 2 s,pedestrian,0.4,0.06349206349206349,0.047619047619047616,0.19047619047619047
pdm,TFv6 waypoint speed 2 s,pedestrian,0.6,0.06349206349206349,0.06349206349206349,0.23809523809523808
pdm,TFv6 waypoint speed 2 s,pedestrian,0.8,0.07936507936507936,0.07936507936507936,0.2857142857142857
pdm,TFv6 waypoint speed 2 s,pedestrian,1.0,0.07936507936507936,0.07936507936507936,0.30952380952380953
pdm,TFv6 waypoint speed 2 s,pedestrian,1.2,0.09523809523809523,0.09523809523809523,0.30952380952380953
pdm,TFv6 waypoint speed 2 s,pedestrian,1.4,0.09523809523809523,0.09523809523809523,0.30952380952380953
pdm,TFv6 waypoint speed 2 s,pedestrian,1.6,0.1111111111111111,0.1111111111111111,0.30952380952380953
pdm,TFv6 waypoint speed 2 s,pedestrian,1.8,0.1111111111111111,0.1111111111111111,0.30952380952380953
pdm,TFv6 waypoint speed 2 s,pedestrian,2.0,0.1111111111111111,0.1111111111111111,0.30952380952380953
pdm,TFv6 waypoint speed 2 s,pedestrian,2.2,0.1111111111111111,0.1111111111111111,0.3333333333333333
pdm,TFv6 waypoint speed 2 s,pedestrian,2.4,0.12698412698412698,0.12698412698412698,0.3333333333333333
pdm,TFv6 waypoint speed 2 s,pedestrian,2.6,0.15873015873015872,0.14285714285714285,0.3333333333333333
pdm,TFv6 waypoint speed 2 s,pedestrian,2.8,0.15873015873015872,0.14285714285714285,0.38095238095238093
pdm,TFv6 waypoint speed 2 s,pedestrian,3.0,0.15873015873015872,0.15873015873015872,0.40476190476190477
pdm,TFv6 waypoint speed 2 s,pedestrian,3.2,0.15873015873015872,0.15873015873015872,0.40476190476190477
pdm,TFv6 waypoint speed 2 s,pedestrian,3.4,0.15873015873015872,0.15873015873015872,0.40476190476190477
pdm,TFv6 waypoint speed 2 s,pedestrian,3.6,0.15873015873015872,0.15873015873015872,0.40476190476190477
pdm,TFv6 waypoint speed 2 s,pedestrian,3.8,0.15873015873015872,0.15873015873015872,0.40476190476190477
pdm,TFv6 waypoint speed 2 s,pedestrian,4.0,0.15873015873015872,0.15873015873015872,0.40476190476190477
pdm,TFv6 waypoint speed 2 s,pedestrian,4.2,0.15873015873015872,0.15873015873015872,0.40476190476190477
pdm,TFv6 waypoint speed 2 s,pedestrian,4.4,0.15873015873015872,0.15873015873015872,0.40476190476190477
pdm,TFv6 waypoint speed 2 s,pedestrian,4.6,0.15873015873015872,0.15873015873015872,0.40476190476190477
pdm,TFv6 waypoint speed 2 s,pedestrian,4.8,0.15873015873015872,0.15873015873015872,0.40476190476190477
pdm,TFv6 waypoint speed 2 s,pedestrian,5.0,0.15873015873015872,0.15873015873015872,0.40476190476190477
pdm,TFv6 waypoint speed 2 s,pedestrian,5.2,0.15873015873015872,0.15873015873015872,0.40476190476190477
pdm,TFv6 waypoint speed 2 s,pedestrian,5.4,0.15873015873015872,0.15873015873015872,0.40476190476190477
pdm,TFv6 waypoint speed 2 s,pedestrian,5.6,0.15873015873015872,0.15873015873015872,0.40476190476190477
pdm,TFv6 waypoint speed 2 s,pedestrian,5.8,0.15873015873015872,0.15873015873015872,0.40476190476190477
pdm,TFv6 waypoint speed 2 s,pedestrian,6.0,0.15873015873015872,0.15873015873015872,0.40476190476190477
pdm,TFv6 waypoint speed 2 s,pedestrian,6.2,0.15873015873015872,0.15873015873015872,0.40476190476190477
pdm,TFv6 waypoint speed 2 s,pedestrian,6.4,0.15873015873015872,0.15873015873015872,0.40476190476190477
pdm,TFv6 waypoint speed 2 s,pedestrian,6.6,0.15873015873015872,0.15873015873015872,0.40476190476190477
pdm,TFv6 waypoint speed 2 s,pedestrian,6.8,0.15873015873015872,0.15873015873015872,0.40476190476190477
pdm,TFv6 waypoint speed 2 s,pedestrian,7.0,0.1746031746031746,0.15873015873015872,0.40476190476190477
pdm,TFv6 waypoint speed 2 s,pedestrian,7.2,0.1746031746031746,0.15873015873015872,0.40476190476190477
pdm,TFv6 waypoint speed 2 s,pedestrian,7.4,0.1746031746031746,0.15873015873015872,0.40476190476190477
pdm,TFv6 waypoint speed 2 s,pedestrian,7.6,0.1746031746031746,0.15873015873015872,0.40476190476190477
pdm,TFv6 waypoint speed 2 s,pedestrian,7.8,0.1746031746031746,0.15873015873015872,0.40476190476190477
pdm,TFv6 waypoint speed 2 s,pedestrian,8.0,0.1746031746031746,0.15873015873015872,0.40476190476190477
pdm,TFv6 waypoint speed 2 s,pedestrian,8.2,0.1746031746031746,0.15873015873015872,0.40476190476190477
pdm,TFv6 waypoint speed 2 s,pedestrian,8.4,0.1746031746031746,0.15873015873015872,0.40476190476190477
pdm,TFv6 waypoint speed 2 s,pedestrian,8.6,0.1746031746031746,0.15873015873015872,0.40476190476190477
pdm,TFv6 waypoint speed 2 s,pedestrian,8.8,0.19047619047619047,0.15873015873015872,0.40476190476190477
pdm,TFv6 waypoint speed 2 s,pedestrian,9.0,0.19047619047619047,0.15873015873015872,0.40476190476190477
pdm,TFv6 waypoint speed 2 s,pedestrian,9.2,0.19047619047619047,0.15873015873015872,0.40476190476190477
pdm,TFv6 waypoint speed 2 s,pedestrian,9.4,0.19047619047619047,0.15873015873015872,0.40476190476190477
pdm,TFv6 waypoint speed 2 s,pedestrian,9.6,0.19047619047619047,0.15873015873015872,0.40476190476190477
pdm,TFv6 waypoint speed 2 s,pedestrian,9.8,0.19047619047619047,0.15873015873015872,0.40476190476190477
pdm,TFv6 waypoint speed 2 s,pedestrian,10.0,0.19047619047619047,0.15873015873015872,0.40476190476190477
pdm,TFv6 target speed (decoded scalar),pedestrian,0.0,0.015873015873015872,0.015873015873015872,0.023809523809523808
pdm,TFv6 target speed (decoded scalar),pedestrian,0.2,0.047619047619047616,0.047619047619047616,0.047619047619047616
pdm,TFv6 target speed (decoded scalar),pedestrian,0.4,0.09523809523809523,0.09523809523809523,0.09523809523809523
pdm,TFv6 target speed (decoded scalar),pedestrian,0.6,0.09523809523809523,0.09523809523809523,0.09523809523809523
pdm,TFv6 target speed (decoded scalar),pedestrian,0.8,0.12698412698412698,0.12698412698412698,0.09523809523809523
pdm,TFv6 target speed (decoded scalar),pedestrian,1.0,0.12698412698412698,0.12698412698412698,0.09523809523809523
pdm,TFv6 target speed (decoded scalar),pedestrian,1.2,0.12698412698412698,0.12698412698412698,0.09523809523809523
pdm,TFv6 target speed (decoded scalar),pedestrian,1.4,0.15873015873015872,0.15873015873015872,0.14285714285714285
pdm,TFv6 target speed (decoded scalar),pedestrian,1.6,0.1746031746031746,0.1746031746031746,0.14285714285714285
pdm,TFv6 target speed (decoded scalar),pedestrian,1.8,0.1746031746031746,0.1746031746031746,0.14285714285714285
pdm,TFv6 target speed (decoded scalar),pedestrian,2.0,0.1746031746031746,0.1746031746031746,0.14285714285714285
pdm,TFv6 target speed (decoded scalar),pedestrian,2.2,0.1746031746031746,0.1746031746031746,0.16666666666666666
pdm,TFv6 target speed (decoded scalar),pedestrian,2.4,0.1746031746031746,0.1746031746031746,0.16666666666666666
pdm,TFv6 target speed (decoded scalar),pedestrian,2.6,0.19047619047619047,0.19047619047619047,0.16666666666666666
pdm,TFv6 target speed (decoded scalar),pedestrian,2.8,0.19047619047619047,0.19047619047619047,0.16666666666666666
pdm,TFv6 target speed (decoded scalar),pedestrian,3.0,0.19047619047619047,0.19047619047619047,0.16666666666666666
pdm,TFv6 target speed (decoded scalar),pedestrian,3.2,0.19047619047619047,0.19047619047619047,0.16666666666666666
pdm,TFv6 target speed (decoded scalar),pedestrian,3.4,0.19047619047619047,0.19047619047619047,0.19047619047619047
pdm,TFv6 target speed (decoded scalar),pedestrian,3.6,0.19047619047619047,0.19047619047619047,0.21428571428571427
pdm,TFv6 target speed (decoded scalar),pedestrian,3.8,0.19047619047619047,0.19047619047619047,0.21428571428571427
pdm,TFv6 target speed (decoded scalar),pedestrian,4.0,0.19047619047619047,0.19047619047619047,0.23809523809523808
pdm,TFv6 target speed (decoded scalar),pedestrian,4.2,0.19047619047619047,0.19047619047619047,0.23809523809523808
pdm,TFv6 target speed (decoded scalar),pedestrian,4.4,0.19047619047619047,0.19047619047619047,0.23809523809523808
pdm,TFv6 target speed (decoded scalar),pedestrian,4.6,0.19047619047619047,0.19047619047619047,0.23809523809523808
pdm,TFv6 target speed (decoded scalar),pedestrian,4.8,0.19047619047619047,0.19047619047619047,0.23809523809523808
pdm,TFv6 target speed (decoded scalar),pedestrian,5.0,0.19047619047619047,0.19047619047619047,0.23809523809523808
pdm,TFv6 target speed (decoded scalar),pedestrian,5.2,0.19047619047619047,0.19047619047619047,0.23809523809523808
pdm,TFv6 target speed (decoded scalar),pedestrian,5.4,0.19047619047619047,0.19047619047619047,0.23809523809523808
pdm,TFv6 target speed (decoded scalar),pedestrian,5.6,0.19047619047619047,0.19047619047619047,0.23809523809523808
pdm,TFv6 target speed (decoded scalar),pedestrian,5.8,0.19047619047619047,0.19047619047619047,0.23809523809523808
pdm,TFv6 target speed (decoded scalar),pedestrian,6.0,0.19047619047619047,0.19047619047619047,0.23809523809523808
pdm,TFv6 target speed (decoded scalar),pedestrian,6.2,0.19047619047619047,0.19047619047619047,0.23809523809523808
pdm,TFv6 target speed (decoded scalar),pedestrian,6.4,0.19047619047619047,0.19047619047619047,0.23809523809523808
pdm,TFv6 target speed (decoded scalar),pedestrian,6.6,0.19047619047619047,0.19047619047619047,0.23809523809523808
pdm,TFv6 target speed (decoded scalar),pedestrian,6.8,0.19047619047619047,0.19047619047619047,0.23809523809523808
pdm,TFv6 target speed (decoded scalar),pedestrian,7.0,0.19047619047619047,0.19047619047619047,0.23809523809523808
pdm,TFv6 target speed (decoded scalar),pedestrian,7.2,0.19047619047619047,0.19047619047619047,0.23809523809523808
pdm,TFv6 target speed (decoded scalar),pedestrian,7.4,0.19047619047619047,0.19047619047619047,0.23809523809523808
pdm,TFv6 target speed (decoded scalar),pedestrian,7.6,0.19047619047619047,0.19047619047619047,0.23809523809523808
pdm,TFv6 target speed (decoded scalar),pedestrian,7.8,0.19047619047619047,0.19047619047619047,0.23809523809523808
pdm,TFv6 target speed (decoded scalar),pedestrian,8.0,0.19047619047619047,0.19047619047619047,0.23809523809523808
pdm,TFv6 target speed (decoded scalar),pedestrian,8.2,0.19047619047619047,0.19047619047619047,0.23809523809523808
pdm,TFv6 target speed (decoded scalar),pedestrian,8.4,0.19047619047619047,0.19047619047619047,0.23809523809523808
pdm,TFv6 target speed (decoded scalar),pedestrian,8.6,0.19047619047619047,0.19047619047619047,0.23809523809523808
pdm,TFv6 target speed (decoded scalar),pedestrian,8.8,0.19047619047619047,0.19047619047619047,0.23809523809523808
pdm,TFv6 target speed (decoded scalar),pedestrian,9.0,0.19047619047619047,0.19047619047619047,0.23809523809523808
pdm,TFv6 target speed (decoded scalar),pedestrian,9.2,0.19047619047619047,0.19047619047619047,0.23809523809523808
pdm,TFv6 target speed (decoded scalar),pedestrian,9.4,0.19047619047619047,0.19047619047619047,0.23809523809523808
pdm,TFv6 target speed (decoded scalar),pedestrian,9.6,0.19047619047619047,0.19047619047619047,0.23809523809523808
pdm,TFv6 target speed (decoded scalar),pedestrian,9.8,0.19047619047619047,0.19047619047619047,0.23809523809523808
pdm,TFv6 target speed (decoded scalar),pedestrian,10.0,0.19047619047619047,0.19047619047619047,0.23809523809523808
pdm,ridge ego,pedestrian,0.0,0.015873015873015872,0.015873015873015872,0.023809523809523808
pdm,ridge ego,pedestrian,0.2,0.047619047619047616,0.047619047619047616,0.023809523809523808
pdm,ridge ego,pedestrian,0.4,0.07936507936507936,0.07936507936507936,0.023809523809523808
pdm,ridge ego,pedestrian,0.6,0.1746031746031746,0.1746031746031746,0.023809523809523808
pdm,ridge ego,pedestrian,0.8,0.2857142857142857,0.2857142857142857,0.023809523809523808
pdm,ridge ego,pedestrian,1.0,0.3333333333333333,0.3333333333333333,0.023809523809523808
pdm,ridge ego,pedestrian,1.2,0.36507936507936506,0.36507936507936506,0.023809523809523808
pdm,ridge ego,pedestrian,1.4,0.4126984126984127,0.4126984126984127,0.023809523809523808
pdm,ridge ego,pedestrian,1.6,0.42857142857142855,0.42857142857142855,0.023809523809523808
pdm,ridge ego,pedestrian,1.8,0.4444444444444444,0.4444444444444444,0.023809523809523808
pdm,ridge ego,pedestrian,2.0,0.47619047619047616,0.47619047619047616,0.023809523809523808
pdm,ridge ego,pedestrian,2.2,0.49206349206349204,0.49206349206349204,0.023809523809523808
pdm,ridge ego,pedestrian,2.4,0.49206349206349204,0.49206349206349204,0.047619047619047616
pdm,ridge ego,pedestrian,2.6,0.49206349206349204,0.49206349206349204,0.047619047619047616
pdm,ridge ego,pedestrian,2.8,0.49206349206349204,0.49206349206349204,0.047619047619047616
pdm,ridge ego,pedestrian,3.0,0.49206349206349204,0.49206349206349204,0.047619047619047616
pdm,ridge ego,pedestrian,3.2,0.49206349206349204,0.49206349206349204,0.047619047619047616
pdm,ridge ego,pedestrian,3.4,0.49206349206349204,0.49206349206349204,0.047619047619047616
pdm,ridge ego,pedestrian,3.6,0.49206349206349204,0.49206349206349204,0.047619047619047616
pdm,ridge ego,pedestrian,3.8,0.49206349206349204,0.49206349206349204,0.047619047619047616
pdm,ridge ego,pedestrian,4.0,0.49206349206349204,0.49206349206349204,0.047619047619047616
pdm,ridge ego,pedestrian,4.2,0.5079365079365079,0.5079365079365079,0.047619047619047616
pdm,ridge ego,pedestrian,4.4,0.5079365079365079,0.5079365079365079,0.047619047619047616
pdm,ridge ego,pedestrian,4.6,0.5079365079365079,0.5079365079365079,0.047619047619047616
pdm,ridge ego,pedestrian,4.8,0.5079365079365079,0.5079365079365079,0.047619047619047616
pdm,ridge ego,pedestrian,5.0,0.5079365079365079,0.5079365079365079,0.047619047619047616
pdm,ridge ego,pedestrian,5.2,0.5079365079365079,0.5079365079365079,0.047619047619047616
pdm,ridge ego,pedestrian,5.4,0.5079365079365079,0.5079365079365079,0.047619047619047616
pdm,ridge ego,pedestrian,5.6,0.5079365079365079,0.5079365079365079,0.047619047619047616
pdm,ridge ego,pedestrian,5.8,0.5396825396825397,0.5238095238095238,0.047619047619047616
pdm,ridge ego,pedestrian,6.0,0.5396825396825397,0.5238095238095238,0.047619047619047616
pdm,ridge ego,pedestrian,6.2,0.5396825396825397,0.5238095238095238,0.047619047619047616
pdm,ridge ego,pedestrian,6.4,0.5396825396825397,0.5238095238095238,0.047619047619047616
pdm,ridge ego,pedestrian,6.6,0.5396825396825397,0.5238095238095238,0.047619047619047616
pdm,ridge ego,pedestrian,6.8,0.5396825396825397,0.5238095238095238,0.047619047619047616
pdm,ridge ego,pedestrian,7.0,0.5396825396825397,0.5238095238095238,0.047619047619047616
pdm,ridge ego,pedestrian,7.2,0.5396825396825397,0.5238095238095238,0.047619047619047616
pdm,ridge ego,pedestrian,7.4,0.5396825396825397,0.5238095238095238,0.047619047619047616
pdm,ridge ego,pedestrian,7.6,0.5396825396825397,0.5238095238095238,0.047619047619047616
pdm,ridge ego,pedestrian,7.8,0.5396825396825397,0.5238095238095238,0.047619047619047616
pdm,ridge ego,pedestrian,8.0,0.5396825396825397,0.5238095238095238,0.047619047619047616
pdm,ridge ego,pedestrian,8.2,0.5396825396825397,0.5238095238095238,0.047619047619047616
pdm,ridge ego,pedestrian,8.4,0.5396825396825397,0.5238095238095238,0.047619047619047616
pdm,ridge ego,pedestrian,8.6,0.5396825396825397,0.5396825396825397,0.047619047619047616
pdm,ridge ego,pedestrian,8.8,0.5396825396825397,0.5396825396825397,0.047619047619047616
pdm,ridge ego,pedestrian,9.0,0.5396825396825397,0.5396825396825397,0.047619047619047616
pdm,ridge ego,pedestrian,9.2,0.5396825396825397,0.5396825396825397,0.047619047619047616
pdm,ridge ego,pedestrian,9.4,0.5396825396825397,0.5396825396825397,0.047619047619047616
pdm,ridge ego,pedestrian,9.6,0.5396825396825397,0.5396825396825397,0.047619047619047616
pdm,ridge ego,pedestrian,9.8,0.5396825396825397,0.5396825396825397,0.047619047619047616
pdm,ridge ego,pedestrian,10.0,0.5396825396825397,0.5396825396825397,0.047619047619047616
pdm,ridge_late L18_last,pedestrian,0.0,0.0,0.0,0.11904761904761904
pdm,ridge_late L18_last,pedestrian,0.2,0.0,0.0,0.11904761904761904
pdm,ridge_late L18_last,pedestrian,0.4,0.0,0.0,0.11904761904761904
pdm,ridge_late L18_last,pedestrian,0.6,0.0,0.0,0.14285714285714285
pdm,ridge_late L18_last,pedestrian,0.8,0.0,0.0,0.14285714285714285
pdm,ridge_late L18_last,pedestrian,1.0,0.0,0.0,0.16666666666666666
pdm,ridge_late L18_last,pedestrian,1.2,0.0,0.0,0.16666666666666666
pdm,ridge_late L18_last,pedestrian,1.4,0.0,0.0,0.16666666666666666
pdm,ridge_late L18_last,pedestrian,1.6,0.0,0.0,0.16666666666666666
pdm,ridge_late L18_last,pedestrian,1.8,0.0,0.0,0.16666666666666666
pdm,ridge_late L18_last,pedestrian,2.0,0.0,0.0,0.16666666666666666
pdm,ridge_late L18_last,pedestrian,2.2,0.0,0.0,0.16666666666666666
pdm,ridge_late L18_last,pedestrian,2.4,0.0,0.0,0.16666666666666666
pdm,ridge_late L18_last,pedestrian,2.6,0.0,0.0,0.16666666666666666
pdm,ridge_late L18_last,pedestrian,2.8,0.0,0.0,0.16666666666666666
pdm,ridge_late L18_last,pedestrian,3.0,0.0,0.0,0.16666666666666666
pdm,ridge_late L18_last,pedestrian,3.2,0.0,0.0,0.16666666666666666
pdm,ridge_late L18_last,pedestrian,3.4,0.0,0.0,0.16666666666666666
pdm,ridge_late L18_last,pedestrian,3.6,0.0,0.0,0.16666666666666666
pdm,ridge_late L18_last,pedestrian,3.8,0.0,0.0,0.16666666666666666
pdm,ridge_late L18_last,pedestrian,4.0,0.0,0.0,0.16666666666666666
pdm,ridge_late L18_last,pedestrian,4.2,0.0,0.0,0.16666666666666666
pdm,ridge_late L18_last,pedestrian,4.4,0.0,0.0,0.16666666666666666
pdm,ridge_late L18_last,pedestrian,4.6,0.0,0.0,0.16666666666666666
pdm,ridge_late L18_last,pedestrian,4.8,0.0,0.0,0.19047619047619047
pdm,ridge_late L18_last,pedestrian,5.0,0.0,0.0,0.19047619047619047
pdm,ridge_late L18_last,pedestrian,5.2,0.0,0.0,0.19047619047619047
pdm,ridge_late L18_last,pedestrian,5.4,0.0,0.0,0.19047619047619047
pdm,ridge_late L18_last,pedestrian,5.6,0.0,0.0,0.19047619047619047
pdm,ridge_late L18_last,pedestrian,5.8,0.0,0.0,0.19047619047619047
pdm,ridge_late L18_last,pedestrian,6.0,0.0,0.0,0.19047619047619047
pdm,ridge_late L18_last,pedestrian,6.2,0.0,0.0,0.19047619047619047
pdm,ridge_late L18_last,pedestrian,6.4,0.0,0.0,0.19047619047619047
pdm,ridge_late L18_last,pedestrian,6.6,0.0,0.0,0.19047619047619047
pdm,ridge_late L18_last,pedestrian,6.8,0.0,0.0,0.19047619047619047
pdm,ridge_late L18_last,pedestrian,7.0,0.0,0.0,0.19047619047619047
pdm,ridge_late L18_last,pedestrian,7.2,0.0,0.0,0.19047619047619047
pdm,ridge_late L18_last,pedestrian,7.4,0.0,0.0,0.19047619047619047
pdm,ridge_late L18_last,pedestrian,7.6,0.0,0.0,0.19047619047619047
pdm,ridge_late L18_last,pedestrian,7.8,0.0,0.0,0.19047619047619047
pdm,ridge_late L18_last,pedestrian,8.0,0.0,0.0,0.19047619047619047
pdm,ridge_late L18_last,pedestrian,8.2,0.0,0.0,0.19047619047619047
pdm,ridge_late L18_last,pedestrian,8.4,0.0,0.0,0.19047619047619047
pdm,ridge_late L18_last,pedestrian,8.6,0.0,0.0,0.19047619047619047
pdm,ridge_late L18_last,pedestrian,8.8,0.0,0.0,0.19047619047619047
pdm,ridge_late L18_last,pedestrian,9.0,0.0,0.0,0.19047619047619047
pdm,ridge_late L18_last,pedestrian,9.2,0.0,0.0,0.19047619047619047
pdm,ridge_late L18_last,pedestrian,9.4,0.0,0.0,0.19047619047619047
pdm,ridge_late L18_last,pedestrian,9.6,0.0,0.0,0.19047619047619047
pdm,ridge_late L18_last,pedestrian,9.8,0.0,0.0,0.19047619047619047
pdm,ridge_late L18_last,pedestrian,10.0,0.0,0.0,0.19047619047619047
pdm,ridge_late L18_mean,pedestrian,0.0,0.0,0.0,0.023809523809523808
pdm,ridge_late L18_mean,pedestrian,0.2,0.0,0.0,0.07142857142857142
pdm,ridge_late L18_mean,pedestrian,0.4,0.0,0.0,0.11904761904761904
pdm,ridge_late L18_mean,pedestrian,0.6,0.0,0.0,0.16666666666666666
pdm,ridge_late L18_mean,pedestrian,0.8,0.0,0.0,0.19047619047619047
pdm,ridge_late L18_mean,pedestrian,1.0,0.0,0.0,0.19047619047619047
pdm,ridge_late L18_mean,pedestrian,1.2,0.0,0.0,0.19047619047619047
pdm,ridge_late L18_mean,pedestrian,1.4,0.0,0.0,0.19047619047619047
pdm,ridge_late L18_mean,pedestrian,1.6,0.0,0.0,0.19047619047619047
pdm,ridge_late L18_mean,pedestrian,1.8,0.0,0.0,0.19047619047619047
pdm,ridge_late L18_mean,pedestrian,2.0,0.0,0.0,0.19047619047619047
pdm,ridge_late L18_mean,pedestrian,2.2,0.0,0.0,0.19047619047619047
pdm,ridge_late L18_mean,pedestrian,2.4,0.0,0.0,0.19047619047619047
pdm,ridge_late L18_mean,pedestrian,2.6,0.0,0.0,0.19047619047619047
pdm,ridge_late L18_mean,pedestrian,2.8,0.0,0.0,0.19047619047619047
pdm,ridge_late L18_mean,pedestrian,3.0,0.0,0.0,0.19047619047619047
pdm,ridge_late L18_mean,pedestrian,3.2,0.0,0.0,0.19047619047619047
pdm,ridge_late L18_mean,pedestrian,3.4,0.0,0.0,0.19047619047619047
pdm,ridge_late L18_mean,pedestrian,3.6,0.0,0.0,0.19047619047619047
pdm,ridge_late L18_mean,pedestrian,3.8,0.0,0.0,0.19047619047619047
pdm,ridge_late L18_mean,pedestrian,4.0,0.0,0.0,0.19047619047619047
pdm,ridge_late L18_mean,pedestrian,4.2,0.0,0.0,0.19047619047619047
pdm,ridge_late L18_mean,pedestrian,4.4,0.0,0.0,0.19047619047619047
pdm,ridge_late L18_mean,pedestrian,4.6,0.0,0.0,0.19047619047619047
pdm,ridge_late L18_mean,pedestrian,4.8,0.0,0.0,0.19047619047619047
pdm,ridge_late L18_mean,pedestrian,5.0,0.0,0.0,0.19047619047619047
pdm,ridge_late L18_mean,pedestrian,5.2,0.0,0.0,0.21428571428571427
pdm,ridge_late L18_mean,pedestrian,5.4,0.0,0.0,0.21428571428571427
pdm,ridge_late L18_mean,pedestrian,5.6,0.0,0.0,0.21428571428571427
pdm,ridge_late L18_mean,pedestrian,5.8,0.0,0.0,0.21428571428571427
pdm,ridge_late L18_mean,pedestrian,6.0,0.0,0.0,0.21428571428571427
pdm,ridge_late L18_mean,pedestrian,6.2,0.0,0.0,0.21428571428571427
pdm,ridge_late L18_mean,pedestrian,6.4,0.0,0.0,0.21428571428571427
pdm,ridge_late L18_mean,pedestrian,6.6,0.0,0.0,0.21428571428571427
pdm,ridge_late L18_mean,pedestrian,6.8,0.0,0.0,0.21428571428571427
pdm,ridge_late L18_mean,pedestrian,7.0,0.0,0.0,0.21428571428571427
pdm,ridge_late L18_mean,pedestrian,7.2,0.0,0.0,0.21428571428571427
pdm,ridge_late L18_mean,pedestrian,7.4,0.0,0.0,0.21428571428571427
pdm,ridge_late L18_mean,pedestrian,7.6,0.0,0.0,0.21428571428571427
pdm,ridge_late L18_mean,pedestrian,7.8,0.0,0.0,0.21428571428571427
pdm,ridge_late L18_mean,pedestrian,8.0,0.0,0.0,0.21428571428571427
pdm,ridge_late L18_mean,pedestrian,8.2,0.0,0.0,0.21428571428571427
pdm,ridge_late L18_mean,pedestrian,8.4,0.0,0.0,0.21428571428571427
pdm,ridge_late L18_mean,pedestrian,8.6,0.0,0.0,0.21428571428571427
pdm,ridge_late L18_mean,pedestrian,8.8,0.0,0.0,0.21428571428571427
pdm,ridge_late L18_mean,pedestrian,9.0,0.0,0.0,0.21428571428571427
pdm,ridge_late L18_mean,pedestrian,9.2,0.0,0.0,0.21428571428571427
pdm,ridge_late L18_mean,pedestrian,9.4,0.0,0.0,0.21428571428571427
pdm,ridge_late L18_mean,pedestrian,9.6,0.0,0.0,0.21428571428571427
pdm,ridge_late L18_mean,pedestrian,9.8,0.0,0.0,0.21428571428571427
pdm,ridge_late L18_mean,pedestrian,10.0,0.0,0.0,0.21428571428571427
pdm,ridge_late op-cinque temporal,pedestrian,0.0,0.0,0.0,0.07142857142857142
pdm,ridge_late op-cinque temporal,pedestrian,0.2,0.0,0.0,0.11904761904761904
pdm,ridge_late op-cinque temporal,pedestrian,0.4,0.0,0.0,0.14285714285714285
pdm,ridge_late op-cinque temporal,pedestrian,0.6,0.0,0.0,0.19047619047619047
pdm,ridge_late op-cinque temporal,pedestrian,0.8,0.0,0.0,0.21428571428571427
pdm,ridge_late op-cinque temporal,pedestrian,1.0,0.031746031746031744,0.031746031746031744,0.21428571428571427
pdm,ridge_late op-cinque temporal,pedestrian,1.2,0.031746031746031744,0.031746031746031744,0.23809523809523808
pdm,ridge_late op-cinque temporal,pedestrian,1.4,0.031746031746031744,0.031746031746031744,0.23809523809523808
pdm,ridge_late op-cinque temporal,pedestrian,1.6,0.031746031746031744,0.031746031746031744,0.23809523809523808
pdm,ridge_late op-cinque temporal,pedestrian,1.8,0.031746031746031744,0.031746031746031744,0.2619047619047619
pdm,ridge_late op-cinque temporal,pedestrian,2.0,0.031746031746031744,0.031746031746031744,0.2857142857142857
pdm,ridge_late op-cinque temporal,pedestrian,2.2,0.031746031746031744,0.031746031746031744,0.30952380952380953
pdm,ridge_late op-cinque temporal,pedestrian,2.4,0.031746031746031744,0.031746031746031744,0.30952380952380953
pdm,ridge_late op-cinque temporal,pedestrian,2.6,0.031746031746031744,0.031746031746031744,0.30952380952380953
pdm,ridge_late op-cinque temporal,pedestrian,2.8,0.031746031746031744,0.031746031746031744,0.30952380952380953
pdm,ridge_late op-cinque temporal,pedestrian,3.0,0.031746031746031744,0.031746031746031744,0.30952380952380953
pdm,ridge_late op-cinque temporal,pedestrian,3.2,0.031746031746031744,0.031746031746031744,0.30952380952380953
pdm,ridge_late op-cinque temporal,pedestrian,3.4,0.031746031746031744,0.031746031746031744,0.30952380952380953
pdm,ridge_late op-cinque temporal,pedestrian,3.6,0.031746031746031744,0.031746031746031744,0.30952380952380953
pdm,ridge_late op-cinque temporal,pedestrian,3.8,0.031746031746031744,0.031746031746031744,0.30952380952380953
pdm,ridge_late op-cinque temporal,pedestrian,4.0,0.031746031746031744,0.031746031746031744,0.30952380952380953
pdm,ridge_late op-cinque temporal,pedestrian,4.2,0.031746031746031744,0.031746031746031744,0.30952380952380953
pdm,ridge_late op-cinque temporal,pedestrian,4.4,0.031746031746031744,0.031746031746031744,0.30952380952380953
pdm,ridge_late op-cinque temporal,pedestrian,4.6,0.031746031746031744,0.031746031746031744,0.30952380952380953
pdm,ridge_late op-cinque temporal,pedestrian,4.8,0.031746031746031744,0.031746031746031744,0.30952380952380953
pdm,ridge_late op-cinque temporal,pedestrian,5.0,0.031746031746031744,0.031746031746031744,0.30952380952380953
pdm,ridge_late op-cinque temporal,pedestrian,5.2,0.031746031746031744,0.031746031746031744,0.30952380952380953
pdm,ridge_late op-cinque temporal,pedestrian,5.4,0.031746031746031744,0.031746031746031744,0.30952380952380953
pdm,ridge_late op-cinque temporal,pedestrian,5.6,0.031746031746031744,0.031746031746031744,0.30952380952380953
pdm,ridge_late op-cinque temporal,pedestrian,5.8,0.031746031746031744,0.031746031746031744,0.30952380952380953
pdm,ridge_late op-cinque temporal,pedestrian,6.0,0.031746031746031744,0.031746031746031744,0.30952380952380953
pdm,ridge_late op-cinque temporal,pedestrian,6.2,0.031746031746031744,0.031746031746031744,0.30952380952380953
pdm,ridge_late op-cinque temporal,pedestrian,6.4,0.031746031746031744,0.031746031746031744,0.30952380952380953
pdm,ridge_late op-cinque temporal,pedestrian,6.6,0.031746031746031744,0.031746031746031744,0.30952380952380953
pdm,ridge_late op-cinque temporal,pedestrian,6.8,0.031746031746031744,0.031746031746031744,0.30952380952380953
pdm,ridge_late op-cinque temporal,pedestrian,7.0,0.031746031746031744,0.031746031746031744,0.30952380952380953
pdm,ridge_late op-cinque temporal,pedestrian,7.2,0.031746031746031744,0.031746031746031744,0.30952380952380953
pdm,ridge_late op-cinque temporal,pedestrian,7.4,0.031746031746031744,0.031746031746031744,0.30952380952380953
pdm,ridge_late op-cinque temporal,pedestrian,7.6,0.031746031746031744,0.031746031746031744,0.30952380952380953
pdm,ridge_late op-cinque temporal,pedestrian,7.8,0.031746031746031744,0.031746031746031744,0.30952380952380953
pdm,ridge_late op-cinque temporal,pedestrian,8.0,0.031746031746031744,0.031746031746031744,0.30952380952380953
pdm,ridge_late op-cinque temporal,pedestrian,8.2,0.031746031746031744,0.031746031746031744,0.30952380952380953
pdm,ridge_late op-cinque temporal,pedestrian,8.4,0.031746031746031744,0.031746031746031744,0.30952380952380953
pdm,ridge_late op-cinque temporal,pedestrian,8.6,0.031746031746031744,0.031746031746031744,0.30952380952380953
pdm,ridge_late op-cinque temporal,pedestrian,8.8,0.031746031746031744,0.031746031746031744,0.30952380952380953
pdm,ridge_late op-cinque temporal,pedestrian,9.0,0.031746031746031744,0.031746031746031744,0.30952380952380953
pdm,ridge_late op-cinque temporal,pedestrian,9.2,0.031746031746031744,0.031746031746031744,0.30952380952380953
pdm,ridge_late op-cinque temporal,pedestrian,9.4,0.031746031746031744,0.031746031746031744,0.30952380952380953
pdm,ridge_late op-cinque temporal,pedestrian,9.6,0.031746031746031744,0.031746031746031744,0.30952380952380953
pdm,ridge_late op-cinque temporal,pedestrian,9.8,0.031746031746031744,0.031746031746031744,0.30952380952380953
pdm,ridge_late op-cinque temporal,pedestrian,10.0,0.031746031746031744,0.031746031746031744,0.30952380952380953
pdm,ridge_late op-cinque vision,pedestrian,0.0,0.0,0.0,0.023809523809523808
pdm,ridge_late op-cinque vision,pedestrian,0.2,0.0,0.0,0.047619047619047616
pdm,ridge_late op-cinque vision,pedestrian,0.4,0.0,0.0,0.07142857142857142
pdm,ridge_late op-cinque vision,pedestrian,0.6,0.0,0.0,0.07142857142857142
pdm,ridge_late op-cinque vision,pedestrian,0.8,0.0,0.0,0.09523809523809523
pdm,ridge_late op-cinque vision,pedestrian,1.0,0.0,0.0,0.11904761904761904
pdm,ridge_late op-cinque vision,pedestrian,1.2,0.0,0.0,0.16666666666666666
pdm,ridge_late op-cinque vision,pedestrian,1.4,0.0,0.0,0.16666666666666666
pdm,ridge_late op-cinque vision,pedestrian,1.6,0.0,0.0,0.16666666666666666
pdm,ridge_late op-cinque vision,pedestrian,1.8,0.0,0.0,0.16666666666666666
pdm,ridge_late op-cinque vision,pedestrian,2.0,0.0,0.0,0.16666666666666666
pdm,ridge_late op-cinque vision,pedestrian,2.2,0.0,0.0,0.16666666666666666
pdm,ridge_late op-cinque vision,pedestrian,2.4,0.0,0.0,0.21428571428571427
pdm,ridge_late op-cinque vision,pedestrian,2.6,0.0,0.0,0.21428571428571427
pdm,ridge_late op-cinque vision,pedestrian,2.8,0.0,0.0,0.21428571428571427
pdm,ridge_late op-cinque vision,pedestrian,3.0,0.0,0.0,0.21428571428571427
pdm,ridge_late op-cinque vision,pedestrian,3.2,0.0,0.0,0.21428571428571427
pdm,ridge_late op-cinque vision,pedestrian,3.4,0.0,0.0,0.21428571428571427
pdm,ridge_late op-cinque vision,pedestrian,3.6,0.0,0.0,0.21428571428571427
pdm,ridge_late op-cinque vision,pedestrian,3.8,0.0,0.0,0.21428571428571427
pdm,ridge_late op-cinque vision,pedestrian,4.0,0.0,0.0,0.21428571428571427
pdm,ridge_late op-cinque vision,pedestrian,4.2,0.0,0.0,0.21428571428571427
pdm,ridge_late op-cinque vision,pedestrian,4.4,0.0,0.0,0.21428571428571427
pdm,ridge_late op-cinque vision,pedestrian,4.6,0.0,0.0,0.21428571428571427
pdm,ridge_late op-cinque vision,pedestrian,4.8,0.0,0.0,0.21428571428571427
pdm,ridge_late op-cinque vision,pedestrian,5.0,0.0,0.0,0.21428571428571427
pdm,ridge_late op-cinque vision,pedestrian,5.2,0.0,0.0,0.21428571428571427
pdm,ridge_late op-cinque vision,pedestrian,5.4,0.0,0.0,0.21428571428571427
pdm,ridge_late op-cinque vision,pedestrian,5.6,0.0,0.0,0.21428571428571427
pdm,ridge_late op-cinque vision,pedestrian,5.8,0.0,0.0,0.21428571428571427
pdm,ridge_late op-cinque vision,pedestrian,6.0,0.0,0.0,0.21428571428571427
pdm,ridge_late op-cinque vision,pedestrian,6.2,0.0,0.0,0.21428571428571427
pdm,ridge_late op-cinque vision,pedestrian,6.4,0.0,0.0,0.21428571428571427
pdm,ridge_late op-cinque vision,pedestrian,6.6,0.0,0.0,0.21428571428571427
pdm,ridge_late op-cinque vision,pedestrian,6.8,0.0,0.0,0.21428571428571427
pdm,ridge_late op-cinque vision,pedestrian,7.0,0.0,0.0,0.21428571428571427
pdm,ridge_late op-cinque vision,pedestrian,7.2,0.0,0.0,0.21428571428571427
pdm,ridge_late op-cinque vision,pedestrian,7.4,0.0,0.0,0.21428571428571427
pdm,ridge_late op-cinque vision,pedestrian,7.6,0.0,0.0,0.21428571428571427
pdm,ridge_late op-cinque vision,pedestrian,7.8,0.0,0.0,0.21428571428571427
pdm,ridge_late op-cinque vision,pedestrian,8.0,0.0,0.0,0.21428571428571427
pdm,ridge_late op-cinque vision,pedestrian,8.2,0.0,0.0,0.21428571428571427
pdm,ridge_late op-cinque vision,pedestrian,8.4,0.0,0.0,0.21428571428571427
pdm,ridge_late op-cinque vision,pedestrian,8.6,0.0,0.0,0.21428571428571427
pdm,ridge_late op-cinque vision,pedestrian,8.8,0.0,0.0,0.21428571428571427
pdm,ridge_late op-cinque vision,pedestrian,9.0,0.0,0.0,0.21428571428571427
pdm,ridge_late op-cinque vision,pedestrian,9.2,0.0,0.0,0.21428571428571427
pdm,ridge_late op-cinque vision,pedestrian,9.4,0.0,0.0,0.21428571428571427
pdm,ridge_late op-cinque vision,pedestrian,9.6,0.0,0.0,0.21428571428571427
pdm,ridge_late op-cinque vision,pedestrian,9.8,0.0,0.0,0.21428571428571427
pdm,ridge_late op-cinque vision,pedestrian,10.0,0.0,0.0,0.21428571428571427
pdm,ridge_late op-lebowski temporal,pedestrian,0.0,0.0,0.0,0.07142857142857142
pdm,ridge_late op-lebowski temporal,pedestrian,0.2,0.0,0.0,0.09523809523809523
pdm,ridge_late op-lebowski temporal,pedestrian,0.4,0.015873015873015872,0.015873015873015872,0.11904761904761904
pdm,ridge_late op-lebowski temporal,pedestrian,0.6,0.015873015873015872,0.015873015873015872,0.16666666666666666
pdm,ridge_late op-lebowski temporal,pedestrian,0.8,0.015873015873015872,0.015873015873015872,0.19047619047619047
pdm,ridge_late op-lebowski temporal,pedestrian,1.0,0.015873015873015872,0.015873015873015872,0.21428571428571427
pdm,ridge_late op-lebowski temporal,pedestrian,1.2,0.015873015873015872,0.015873015873015872,0.2619047619047619
pdm,ridge_late op-lebowski temporal,pedestrian,1.4,0.015873015873015872,0.015873015873015872,0.2857142857142857
pdm,ridge_late op-lebowski temporal,pedestrian,1.6,0.015873015873015872,0.015873015873015872,0.2857142857142857
pdm,ridge_late op-lebowski temporal,pedestrian,1.8,0.015873015873015872,0.015873015873015872,0.30952380952380953
pdm,ridge_late op-lebowski temporal,pedestrian,2.0,0.015873015873015872,0.015873015873015872,0.30952380952380953
pdm,ridge_late op-lebowski temporal,pedestrian,2.2,0.015873015873015872,0.015873015873015872,0.30952380952380953
pdm,ridge_late op-lebowski temporal,pedestrian,2.4,0.015873015873015872,0.015873015873015872,0.30952380952380953
pdm,ridge_late op-lebowski temporal,pedestrian,2.6,0.015873015873015872,0.015873015873015872,0.30952380952380953
pdm,ridge_late op-lebowski temporal,pedestrian,2.8,0.015873015873015872,0.015873015873015872,0.3333333333333333
pdm,ridge_late op-lebowski temporal,pedestrian,3.0,0.015873015873015872,0.015873015873015872,0.3333333333333333
pdm,ridge_late op-lebowski temporal,pedestrian,3.2,0.015873015873015872,0.015873015873015872,0.3333333333333333
pdm,ridge_late op-lebowski temporal,pedestrian,3.4,0.015873015873015872,0.015873015873015872,0.35714285714285715
pdm,ridge_late op-lebowski temporal,pedestrian,3.6,0.015873015873015872,0.015873015873015872,0.35714285714285715
pdm,ridge_late op-lebowski temporal,pedestrian,3.8,0.015873015873015872,0.015873015873015872,0.35714285714285715
pdm,ridge_late op-lebowski temporal,pedestrian,4.0,0.015873015873015872,0.015873015873015872,0.35714285714285715
pdm,ridge_late op-lebowski temporal,pedestrian,4.2,0.015873015873015872,0.015873015873015872,0.35714285714285715
pdm,ridge_late op-lebowski temporal,pedestrian,4.4,0.015873015873015872,0.015873015873015872,0.35714285714285715
pdm,ridge_late op-lebowski temporal,pedestrian,4.6,0.015873015873015872,0.015873015873015872,0.35714285714285715
pdm,ridge_late op-lebowski temporal,pedestrian,4.8,0.015873015873015872,0.015873015873015872,0.35714285714285715
pdm,ridge_late op-lebowski temporal,pedestrian,5.0,0.015873015873015872,0.015873015873015872,0.35714285714285715
pdm,ridge_late op-lebowski temporal,pedestrian,5.2,0.015873015873015872,0.015873015873015872,0.35714285714285715
pdm,ridge_late op-lebowski temporal,pedestrian,5.4,0.015873015873015872,0.015873015873015872,0.35714285714285715
pdm,ridge_late op-lebowski temporal,pedestrian,5.6,0.015873015873015872,0.015873015873015872,0.35714285714285715
pdm,ridge_late op-lebowski temporal,pedestrian,5.8,0.015873015873015872,0.015873015873015872,0.35714285714285715
pdm,ridge_late op-lebowski temporal,pedestrian,6.0,0.015873015873015872,0.015873015873015872,0.35714285714285715
pdm,ridge_late op-lebowski temporal,pedestrian,6.2,0.015873015873015872,0.015873015873015872,0.35714285714285715
pdm,ridge_late op-lebowski temporal,pedestrian,6.4,0.015873015873015872,0.015873015873015872,0.35714285714285715
pdm,ridge_late op-lebowski temporal,pedestrian,6.6,0.015873015873015872,0.015873015873015872,0.35714285714285715
pdm,ridge_late op-lebowski temporal,pedestrian,6.8,0.015873015873015872,0.015873015873015872,0.35714285714285715
pdm,ridge_late op-lebowski temporal,pedestrian,7.0,0.015873015873015872,0.015873015873015872,0.35714285714285715
pdm,ridge_late op-lebowski temporal,pedestrian,7.2,0.015873015873015872,0.015873015873015872,0.35714285714285715
pdm,ridge_late op-lebowski temporal,pedestrian,7.4,0.015873015873015872,0.015873015873015872,0.35714285714285715
pdm,ridge_late op-lebowski temporal,pedestrian,7.6,0.015873015873015872,0.015873015873015872,0.35714285714285715
pdm,ridge_late op-lebowski temporal,pedestrian,7.8,0.015873015873015872,0.015873015873015872,0.35714285714285715
pdm,ridge_late op-lebowski temporal,pedestrian,8.0,0.015873015873015872,0.015873015873015872,0.35714285714285715
pdm,ridge_late op-lebowski temporal,pedestrian,8.2,0.015873015873015872,0.015873015873015872,0.35714285714285715
pdm,ridge_late op-lebowski temporal,pedestrian,8.4,0.015873015873015872,0.015873015873015872,0.35714285714285715
pdm,ridge_late op-lebowski temporal,pedestrian,8.6,0.015873015873015872,0.015873015873015872,0.35714285714285715
pdm,ridge_late op-lebowski temporal,pedestrian,8.8,0.015873015873015872,0.015873015873015872,0.35714285714285715
pdm,ridge_late op-lebowski temporal,pedestrian,9.0,0.015873015873015872,0.015873015873015872,0.35714285714285715
pdm,ridge_late op-lebowski temporal,pedestrian,9.2,0.015873015873015872,0.015873015873015872,0.35714285714285715
pdm,ridge_late op-lebowski temporal,pedestrian,9.4,0.015873015873015872,0.015873015873015872,0.35714285714285715
pdm,ridge_late op-lebowski temporal,pedestrian,9.6,0.015873015873015872,0.015873015873015872,0.35714285714285715
pdm,ridge_late op-lebowski temporal,pedestrian,9.8,0.015873015873015872,0.015873015873015872,0.35714285714285715
pdm,ridge_late op-lebowski temporal,pedestrian,10.0,0.015873015873015872,0.015873015873015872,0.35714285714285715
pdm,ridge_late op-lebowski vision,pedestrian,0.0,0.0,0.0,0.11904761904761904
pdm,ridge_late op-lebowski vision,pedestrian,0.2,0.0,0.0,0.16666666666666666
pdm,ridge_late op-lebowski vision,pedestrian,0.4,0.0,0.0,0.16666666666666666
pdm,ridge_late op-lebowski vision,pedestrian,0.6,0.0,0.0,0.21428571428571427
pdm,ridge_late op-lebowski vision,pedestrian,0.8,0.0,0.0,0.23809523809523808
pdm,ridge_late op-lebowski vision,pedestrian,1.0,0.0,0.0,0.2619047619047619
pdm,ridge_late op-lebowski vision,pedestrian,1.2,0.0,0.0,0.2857142857142857
pdm,ridge_late op-lebowski vision,pedestrian,1.4,0.0,0.0,0.30952380952380953
pdm,ridge_late op-lebowski vision,pedestrian,1.6,0.0,0.0,0.30952380952380953
pdm,ridge_late op-lebowski vision,pedestrian,1.8,0.0,0.0,0.3333333333333333
pdm,ridge_late op-lebowski vision,pedestrian,2.0,0.0,0.0,0.3333333333333333
pdm,ridge_late op-lebowski vision,pedestrian,2.2,0.0,0.0,0.3333333333333333
pdm,ridge_late op-lebowski vision,pedestrian,2.4,0.0,0.0,0.35714285714285715
pdm,ridge_late op-lebowski vision,pedestrian,2.6,0.0,0.0,0.35714285714285715
pdm,ridge_late op-lebowski vision,pedestrian,2.8,0.0,0.0,0.38095238095238093
pdm,ridge_late op-lebowski vision,pedestrian,3.0,0.0,0.0,0.38095238095238093
pdm,ridge_late op-lebowski vision,pedestrian,3.2,0.0,0.0,0.38095238095238093
pdm,ridge_late op-lebowski vision,pedestrian,3.4,0.0,0.0,0.38095238095238093
pdm,ridge_late op-lebowski vision,pedestrian,3.6,0.0,0.0,0.38095238095238093
pdm,ridge_late op-lebowski vision,pedestrian,3.8,0.0,0.0,0.40476190476190477
pdm,ridge_late op-lebowski vision,pedestrian,4.0,0.0,0.0,0.40476190476190477
pdm,ridge_late op-lebowski vision,pedestrian,4.2,0.0,0.0,0.40476190476190477
pdm,ridge_late op-lebowski vision,pedestrian,4.4,0.0,0.0,0.40476190476190477
pdm,ridge_late op-lebowski vision,pedestrian,4.6,0.0,0.0,0.40476190476190477
pdm,ridge_late op-lebowski vision,pedestrian,4.8,0.0,0.0,0.40476190476190477
pdm,ridge_late op-lebowski vision,pedestrian,5.0,0.0,0.0,0.40476190476190477
pdm,ridge_late op-lebowski vision,pedestrian,5.2,0.0,0.0,0.40476190476190477
pdm,ridge_late op-lebowski vision,pedestrian,5.4,0.0,0.0,0.40476190476190477
pdm,ridge_late op-lebowski vision,pedestrian,5.6,0.0,0.0,0.40476190476190477
pdm,ridge_late op-lebowski vision,pedestrian,5.8,0.0,0.0,0.40476190476190477
pdm,ridge_late op-lebowski vision,pedestrian,6.0,0.0,0.0,0.40476190476190477
pdm,ridge_late op-lebowski vision,pedestrian,6.2,0.0,0.0,0.40476190476190477
pdm,ridge_late op-lebowski vision,pedestrian,6.4,0.0,0.0,0.40476190476190477
pdm,ridge_late op-lebowski vision,pedestrian,6.6,0.0,0.0,0.40476190476190477
pdm,ridge_late op-lebowski vision,pedestrian,6.8,0.0,0.0,0.40476190476190477
pdm,ridge_late op-lebowski vision,pedestrian,7.0,0.0,0.0,0.40476190476190477
pdm,ridge_late op-lebowski vision,pedestrian,7.2,0.0,0.0,0.40476190476190477
pdm,ridge_late op-lebowski vision,pedestrian,7.4,0.0,0.0,0.40476190476190477
pdm,ridge_late op-lebowski vision,pedestrian,7.6,0.0,0.0,0.40476190476190477
pdm,ridge_late op-lebowski vision,pedestrian,7.8,0.0,0.0,0.40476190476190477
pdm,ridge_late op-lebowski vision,pedestrian,8.0,0.0,0.0,0.40476190476190477
pdm,ridge_late op-lebowski vision,pedestrian,8.2,0.0,0.0,0.40476190476190477
pdm,ridge_late op-lebowski vision,pedestrian,8.4,0.0,0.0,0.40476190476190477
pdm,ridge_late op-lebowski vision,pedestrian,8.6,0.0,0.0,0.40476190476190477
pdm,ridge_late op-lebowski vision,pedestrian,8.8,0.0,0.0,0.40476190476190477
pdm,ridge_late op-lebowski vision,pedestrian,9.0,0.0,0.0,0.40476190476190477
pdm,ridge_late op-lebowski vision,pedestrian,9.2,0.0,0.0,0.40476190476190477
pdm,ridge_late op-lebowski vision,pedestrian,9.4,0.0,0.0,0.40476190476190477
pdm,ridge_late op-lebowski vision,pedestrian,9.6,0.0,0.0,0.40476190476190477
pdm,ridge_late op-lebowski vision,pedestrian,9.8,0.0,0.0,0.40476190476190477
pdm,ridge_late op-lebowski vision,pedestrian,10.0,0.0,0.0,0.40476190476190477
pdm,ridge_late op-lebowski hidden,pedestrian,0.0,0.0,0.0,0.07142857142857142
pdm,ridge_late op-lebowski hidden,pedestrian,0.2,0.0,0.0,0.09523809523809523
pdm,ridge_late op-lebowski hidden,pedestrian,0.4,0.0,0.0,0.14285714285714285
pdm,ridge_late op-lebowski hidden,pedestrian,0.6,0.0,0.0,0.14285714285714285
pdm,ridge_late op-lebowski hidden,pedestrian,0.8,0.0,0.0,0.23809523809523808
pdm,ridge_late op-lebowski hidden,pedestrian,1.0,0.0,0.0,0.23809523809523808
pdm,ridge_late op-lebowski hidden,pedestrian,1.2,0.0,0.0,0.2857142857142857
pdm,ridge_late op-lebowski hidden,pedestrian,1.4,0.0,0.0,0.2857142857142857
pdm,ridge_late op-lebowski hidden,pedestrian,1.6,0.0,0.0,0.3333333333333333
pdm,ridge_late op-lebowski hidden,pedestrian,1.8,0.0,0.0,0.3333333333333333
pdm,ridge_late op-lebowski hidden,pedestrian,2.0,0.0,0.0,0.35714285714285715
pdm,ridge_late op-lebowski hidden,pedestrian,2.2,0.0,0.0,0.35714285714285715
pdm,ridge_late op-lebowski hidden,pedestrian,2.4,0.0,0.0,0.40476190476190477
pdm,ridge_late op-lebowski hidden,pedestrian,2.6,0.0,0.0,0.40476190476190477
pdm,ridge_late op-lebowski hidden,pedestrian,2.8,0.0,0.0,0.40476190476190477
pdm,ridge_late op-lebowski hidden,pedestrian,3.0,0.0,0.0,0.40476190476190477
pdm,ridge_late op-lebowski hidden,pedestrian,3.2,0.0,0.0,0.40476190476190477
pdm,ridge_late op-lebowski hidden,pedestrian,3.4,0.0,0.0,0.40476190476190477
pdm,ridge_late op-lebowski hidden,pedestrian,3.6,0.0,0.0,0.40476190476190477
pdm,ridge_late op-lebowski hidden,pedestrian,3.8,0.0,0.0,0.40476190476190477
pdm,ridge_late op-lebowski hidden,pedestrian,4.0,0.0,0.0,0.40476190476190477
pdm,ridge_late op-lebowski hidden,pedestrian,4.2,0.0,0.0,0.40476190476190477
pdm,ridge_late op-lebowski hidden,pedestrian,4.4,0.0,0.0,0.40476190476190477
pdm,ridge_late op-lebowski hidden,pedestrian,4.6,0.0,0.0,0.40476190476190477
pdm,ridge_late op-lebowski hidden,pedestrian,4.8,0.0,0.0,0.40476190476190477
pdm,ridge_late op-lebowski hidden,pedestrian,5.0,0.0,0.0,0.40476190476190477
pdm,ridge_late op-lebowski hidden,pedestrian,5.2,0.0,0.0,0.40476190476190477
pdm,ridge_late op-lebowski hidden,pedestrian,5.4,0.0,0.0,0.40476190476190477
pdm,ridge_late op-lebowski hidden,pedestrian,5.6,0.0,0.0,0.40476190476190477
pdm,ridge_late op-lebowski hidden,pedestrian,5.8,0.0,0.0,0.40476190476190477
pdm,ridge_late op-lebowski hidden,pedestrian,6.0,0.0,0.0,0.40476190476190477
pdm,ridge_late op-lebowski hidden,pedestrian,6.2,0.0,0.0,0.40476190476190477
pdm,ridge_late op-lebowski hidden,pedestrian,6.4,0.0,0.0,0.40476190476190477
pdm,ridge_late op-lebowski hidden,pedestrian,6.6,0.0,0.0,0.40476190476190477
pdm,ridge_late op-lebowski hidden,pedestrian,6.8,0.0,0.0,0.40476190476190477
pdm,ridge_late op-lebowski hidden,pedestrian,7.0,0.0,0.0,0.40476190476190477
pdm,ridge_late op-lebowski hidden,pedestrian,7.2,0.0,0.0,0.40476190476190477
pdm,ridge_late op-lebowski hidden,pedestrian,7.4,0.0,0.0,0.40476190476190477
pdm,ridge_late op-lebowski hidden,pedestrian,7.6,0.0,0.0,0.40476190476190477
pdm,ridge_late op-lebowski hidden,pedestrian,7.8,0.0,0.0,0.40476190476190477
pdm,ridge_late op-lebowski hidden,pedestrian,8.0,0.0,0.0,0.40476190476190477
pdm,ridge_late op-lebowski hidden,pedestrian,8.2,0.0,0.0,0.40476190476190477
pdm,ridge_late op-lebowski hidden,pedestrian,8.4,0.0,0.0,0.40476190476190477
pdm,ridge_late op-lebowski hidden,pedestrian,8.6,0.0,0.0,0.40476190476190477
pdm,ridge_late op-lebowski hidden,pedestrian,8.8,0.0,0.0,0.40476190476190477
pdm,ridge_late op-lebowski hidden,pedestrian,9.0,0.0,0.0,0.40476190476190477
pdm,ridge_late op-lebowski hidden,pedestrian,9.2,0.0,0.0,0.40476190476190477
pdm,ridge_late op-lebowski hidden,pedestrian,9.4,0.0,0.0,0.40476190476190477
pdm,ridge_late op-lebowski hidden,pedestrian,9.6,0.0,0.0,0.40476190476190477
pdm,ridge_late op-lebowski hidden,pedestrian,9.8,0.0,0.0,0.40476190476190477
pdm,ridge_late op-lebowski hidden,pedestrian,10.0,0.0,0.0,0.40476190476190477
pdm,prior [cinque],pedestrian,0.0,0.0,0.0,0.07142857142857142
pdm,prior [cinque],pedestrian,0.2,0.0,0.0,0.11904761904761904
pdm,prior [cinque],pedestrian,0.4,0.0,0.0,0.14285714285714285
pdm,prior [cinque],pedestrian,0.6,0.0,0.0,0.19047619047619047
pdm,prior [cinque],pedestrian,0.8,0.0,0.0,0.21428571428571427
pdm,prior [cinque],pedestrian,1.0,0.031746031746031744,0.031746031746031744,0.21428571428571427
pdm,prior [cinque],pedestrian,1.2,0.031746031746031744,0.031746031746031744,0.23809523809523808
pdm,prior [cinque],pedestrian,1.4,0.031746031746031744,0.031746031746031744,0.23809523809523808
pdm,prior [cinque],pedestrian,1.6,0.031746031746031744,0.031746031746031744,0.23809523809523808
pdm,prior [cinque],pedestrian,1.8,0.031746031746031744,0.031746031746031744,0.2619047619047619
pdm,prior [cinque],pedestrian,2.0,0.031746031746031744,0.031746031746031744,0.2857142857142857
pdm,prior [cinque],pedestrian,2.2,0.031746031746031744,0.031746031746031744,0.30952380952380953
pdm,prior [cinque],pedestrian,2.4,0.031746031746031744,0.031746031746031744,0.30952380952380953
pdm,prior [cinque],pedestrian,2.6,0.031746031746031744,0.031746031746031744,0.30952380952380953
pdm,prior [cinque],pedestrian,2.8,0.031746031746031744,0.031746031746031744,0.30952380952380953
pdm,prior [cinque],pedestrian,3.0,0.031746031746031744,0.031746031746031744,0.30952380952380953
pdm,prior [cinque],pedestrian,3.2,0.031746031746031744,0.031746031746031744,0.30952380952380953
pdm,prior [cinque],pedestrian,3.4,0.031746031746031744,0.031746031746031744,0.30952380952380953
pdm,prior [cinque],pedestrian,3.6,0.031746031746031744,0.031746031746031744,0.30952380952380953
pdm,prior [cinque],pedestrian,3.8,0.031746031746031744,0.031746031746031744,0.30952380952380953
pdm,prior [cinque],pedestrian,4.0,0.031746031746031744,0.031746031746031744,0.30952380952380953
pdm,prior [cinque],pedestrian,4.2,0.031746031746031744,0.031746031746031744,0.30952380952380953
pdm,prior [cinque],pedestrian,4.4,0.031746031746031744,0.031746031746031744,0.30952380952380953
pdm,prior [cinque],pedestrian,4.6,0.031746031746031744,0.031746031746031744,0.30952380952380953
pdm,prior [cinque],pedestrian,4.8,0.031746031746031744,0.031746031746031744,0.30952380952380953
pdm,prior [cinque],pedestrian,5.0,0.031746031746031744,0.031746031746031744,0.30952380952380953
pdm,prior [cinque],pedestrian,5.2,0.031746031746031744,0.031746031746031744,0.30952380952380953
pdm,prior [cinque],pedestrian,5.4,0.031746031746031744,0.031746031746031744,0.30952380952380953
pdm,prior [cinque],pedestrian,5.6,0.031746031746031744,0.031746031746031744,0.30952380952380953
pdm,prior [cinque],pedestrian,5.8,0.031746031746031744,0.031746031746031744,0.30952380952380953
pdm,prior [cinque],pedestrian,6.0,0.031746031746031744,0.031746031746031744,0.30952380952380953
pdm,prior [cinque],pedestrian,6.2,0.031746031746031744,0.031746031746031744,0.30952380952380953
pdm,prior [cinque],pedestrian,6.4,0.031746031746031744,0.031746031746031744,0.30952380952380953
pdm,prior [cinque],pedestrian,6.6,0.031746031746031744,0.031746031746031744,0.30952380952380953
pdm,prior [cinque],pedestrian,6.8,0.031746031746031744,0.031746031746031744,0.30952380952380953
pdm,prior [cinque],pedestrian,7.0,0.031746031746031744,0.031746031746031744,0.30952380952380953
pdm,prior [cinque],pedestrian,7.2,0.031746031746031744,0.031746031746031744,0.30952380952380953
pdm,prior [cinque],pedestrian,7.4,0.031746031746031744,0.031746031746031744,0.30952380952380953
pdm,prior [cinque],pedestrian,7.6,0.031746031746031744,0.031746031746031744,0.30952380952380953
pdm,prior [cinque],pedestrian,7.8,0.031746031746031744,0.031746031746031744,0.30952380952380953
pdm,prior [cinque],pedestrian,8.0,0.031746031746031744,0.031746031746031744,0.30952380952380953
pdm,prior [cinque],pedestrian,8.2,0.031746031746031744,0.031746031746031744,0.30952380952380953
pdm,prior [cinque],pedestrian,8.4,0.031746031746031744,0.031746031746031744,0.30952380952380953
pdm,prior [cinque],pedestrian,8.6,0.031746031746031744,0.031746031746031744,0.30952380952380953
pdm,prior [cinque],pedestrian,8.8,0.031746031746031744,0.031746031746031744,0.30952380952380953
pdm,prior [cinque],pedestrian,9.0,0.031746031746031744,0.031746031746031744,0.30952380952380953
pdm,prior [cinque],pedestrian,9.2,0.031746031746031744,0.031746031746031744,0.30952380952380953
pdm,prior [cinque],pedestrian,9.4,0.031746031746031744,0.031746031746031744,0.30952380952380953
pdm,prior [cinque],pedestrian,9.6,0.031746031746031744,0.031746031746031744,0.30952380952380953
pdm,prior [cinque],pedestrian,9.8,0.031746031746031744,0.031746031746031744,0.30952380952380953
pdm,prior [cinque],pedestrian,10.0,0.031746031746031744,0.031746031746031744,0.30952380952380953
pdm,M-C pair [cinque],pedestrian,0.0,0.0,0.0,0.047619047619047616
pdm,M-C pair [cinque],pedestrian,0.2,0.015873015873015872,0.015873015873015872,0.21428571428571427
pdm,M-C pair [cinque],pedestrian,0.4,0.015873015873015872,0.015873015873015872,0.21428571428571427
pdm,M-C pair [cinque],pedestrian,0.6,0.015873015873015872,0.015873015873015872,0.23809523809523808
pdm,M-C pair [cinque],pedestrian,0.8,0.015873015873015872,0.015873015873015872,0.2619047619047619
pdm,M-C pair [cinque],pedestrian,1.0,0.047619047619047616,0.047619047619047616,0.2619047619047619
pdm,M-C pair [cinque],pedestrian,1.2,0.047619047619047616,0.047619047619047616,0.30952380952380953
pdm,M-C pair [cinque],pedestrian,1.4,0.047619047619047616,0.047619047619047616,0.30952380952380953
pdm,M-C pair [cinque],pedestrian,1.6,0.047619047619047616,0.047619047619047616,0.30952380952380953
pdm,M-C pair [cinque],pedestrian,1.8,0.047619047619047616,0.047619047619047616,0.3333333333333333
pdm,M-C pair [cinque],pedestrian,2.0,0.047619047619047616,0.047619047619047616,0.3333333333333333
pdm,M-C pair [cinque],pedestrian,2.2,0.047619047619047616,0.047619047619047616,0.3333333333333333
pdm,M-C pair [cinque],pedestrian,2.4,0.047619047619047616,0.047619047619047616,0.3333333333333333
pdm,M-C pair [cinque],pedestrian,2.6,0.047619047619047616,0.047619047619047616,0.3333333333333333
pdm,M-C pair [cinque],pedestrian,2.8,0.047619047619047616,0.047619047619047616,0.3333333333333333
pdm,M-C pair [cinque],pedestrian,3.0,0.047619047619047616,0.047619047619047616,0.3333333333333333
pdm,M-C pair [cinque],pedestrian,3.2,0.047619047619047616,0.047619047619047616,0.3333333333333333
pdm,M-C pair [cinque],pedestrian,3.4,0.047619047619047616,0.047619047619047616,0.35714285714285715
pdm,M-C pair [cinque],pedestrian,3.6,0.047619047619047616,0.047619047619047616,0.35714285714285715
pdm,M-C pair [cinque],pedestrian,3.8,0.047619047619047616,0.047619047619047616,0.35714285714285715
pdm,M-C pair [cinque],pedestrian,4.0,0.047619047619047616,0.047619047619047616,0.35714285714285715
pdm,M-C pair [cinque],pedestrian,4.2,0.047619047619047616,0.047619047619047616,0.35714285714285715
pdm,M-C pair [cinque],pedestrian,4.4,0.047619047619047616,0.047619047619047616,0.35714285714285715
pdm,M-C pair [cinque],pedestrian,4.6,0.047619047619047616,0.047619047619047616,0.38095238095238093
pdm,M-C pair [cinque],pedestrian,4.8,0.047619047619047616,0.047619047619047616,0.38095238095238093
pdm,M-C pair [cinque],pedestrian,5.0,0.047619047619047616,0.047619047619047616,0.38095238095238093
pdm,M-C pair [cinque],pedestrian,5.2,0.047619047619047616,0.047619047619047616,0.38095238095238093
pdm,M-C pair [cinque],pedestrian,5.4,0.047619047619047616,0.047619047619047616,0.38095238095238093
pdm,M-C pair [cinque],pedestrian,5.6,0.047619047619047616,0.047619047619047616,0.38095238095238093
pdm,M-C pair [cinque],pedestrian,5.8,0.047619047619047616,0.047619047619047616,0.38095238095238093
pdm,M-C pair [cinque],pedestrian,6.0,0.047619047619047616,0.047619047619047616,0.38095238095238093
pdm,M-C pair [cinque],pedestrian,6.2,0.047619047619047616,0.047619047619047616,0.38095238095238093
pdm,M-C pair [cinque],pedestrian,6.4,0.047619047619047616,0.047619047619047616,0.38095238095238093
pdm,M-C pair [cinque],pedestrian,6.6,0.047619047619047616,0.047619047619047616,0.38095238095238093
pdm,M-C pair [cinque],pedestrian,6.8,0.047619047619047616,0.047619047619047616,0.38095238095238093
pdm,M-C pair [cinque],pedestrian,7.0,0.047619047619047616,0.047619047619047616,0.38095238095238093
pdm,M-C pair [cinque],pedestrian,7.2,0.047619047619047616,0.047619047619047616,0.38095238095238093
pdm,M-C pair [cinque],pedestrian,7.4,0.047619047619047616,0.047619047619047616,0.38095238095238093
pdm,M-C pair [cinque],pedestrian,7.6,0.047619047619047616,0.047619047619047616,0.38095238095238093
pdm,M-C pair [cinque],pedestrian,7.8,0.047619047619047616,0.047619047619047616,0.38095238095238093
pdm,M-C pair [cinque],pedestrian,8.0,0.047619047619047616,0.047619047619047616,0.38095238095238093
pdm,M-C pair [cinque],pedestrian,8.2,0.047619047619047616,0.047619047619047616,0.38095238095238093
pdm,M-C pair [cinque],pedestrian,8.4,0.047619047619047616,0.047619047619047616,0.38095238095238093
pdm,M-C pair [cinque],pedestrian,8.6,0.047619047619047616,0.047619047619047616,0.38095238095238093
pdm,M-C pair [cinque],pedestrian,8.8,0.047619047619047616,0.047619047619047616,0.38095238095238093
pdm,M-C pair [cinque],pedestrian,9.0,0.047619047619047616,0.047619047619047616,0.38095238095238093
pdm,M-C pair [cinque],pedestrian,9.2,0.047619047619047616,0.047619047619047616,0.38095238095238093
pdm,M-C pair [cinque],pedestrian,9.4,0.047619047619047616,0.047619047619047616,0.38095238095238093
pdm,M-C pair [cinque],pedestrian,9.6,0.047619047619047616,0.047619047619047616,0.38095238095238093
pdm,M-C pair [cinque],pedestrian,9.8,0.047619047619047616,0.047619047619047616,0.38095238095238093
pdm,M-C pair [cinque],pedestrian,10.0,0.047619047619047616,0.047619047619047616,0.38095238095238093
pdm,M-C pair (mu=0) [cinque],pedestrian,0.0,0.0,0.0,0.09523809523809523
pdm,M-C pair (mu=0) [cinque],pedestrian,0.2,0.015873015873015872,0.015873015873015872,0.11904761904761904
pdm,M-C pair (mu=0) [cinque],pedestrian,0.4,0.015873015873015872,0.015873015873015872,0.14285714285714285
pdm,M-C pair (mu=0) [cinque],pedestrian,0.6,0.015873015873015872,0.015873015873015872,0.14285714285714285
pdm,M-C pair (mu=0) [cinque],pedestrian,0.8,0.015873015873015872,0.015873015873015872,0.14285714285714285
pdm,M-C pair (mu=0) [cinque],pedestrian,1.0,0.031746031746031744,0.031746031746031744,0.16666666666666666
pdm,M-C pair (mu=0) [cinque],pedestrian,1.2,0.031746031746031744,0.031746031746031744,0.16666666666666666
pdm,M-C pair (mu=0) [cinque],pedestrian,1.4,0.031746031746031744,0.031746031746031744,0.16666666666666666
pdm,M-C pair (mu=0) [cinque],pedestrian,1.6,0.031746031746031744,0.031746031746031744,0.21428571428571427
pdm,M-C pair (mu=0) [cinque],pedestrian,1.8,0.031746031746031744,0.031746031746031744,0.21428571428571427
pdm,M-C pair (mu=0) [cinque],pedestrian,2.0,0.031746031746031744,0.031746031746031744,0.23809523809523808
pdm,M-C pair (mu=0) [cinque],pedestrian,2.2,0.031746031746031744,0.031746031746031744,0.23809523809523808
pdm,M-C pair (mu=0) [cinque],pedestrian,2.4,0.031746031746031744,0.031746031746031744,0.23809523809523808
pdm,M-C pair (mu=0) [cinque],pedestrian,2.6,0.031746031746031744,0.031746031746031744,0.23809523809523808
pdm,M-C pair (mu=0) [cinque],pedestrian,2.8,0.031746031746031744,0.031746031746031744,0.2619047619047619
pdm,M-C pair (mu=0) [cinque],pedestrian,3.0,0.031746031746031744,0.031746031746031744,0.2619047619047619
pdm,M-C pair (mu=0) [cinque],pedestrian,3.2,0.031746031746031744,0.031746031746031744,0.2619047619047619
pdm,M-C pair (mu=0) [cinque],pedestrian,3.4,0.031746031746031744,0.031746031746031744,0.30952380952380953
pdm,M-C pair (mu=0) [cinque],pedestrian,3.6,0.031746031746031744,0.031746031746031744,0.30952380952380953
pdm,M-C pair (mu=0) [cinque],pedestrian,3.8,0.031746031746031744,0.031746031746031744,0.30952380952380953
pdm,M-C pair (mu=0) [cinque],pedestrian,4.0,0.031746031746031744,0.031746031746031744,0.30952380952380953
pdm,M-C pair (mu=0) [cinque],pedestrian,4.2,0.031746031746031744,0.031746031746031744,0.30952380952380953
pdm,M-C pair (mu=0) [cinque],pedestrian,4.4,0.031746031746031744,0.031746031746031744,0.30952380952380953
pdm,M-C pair (mu=0) [cinque],pedestrian,4.6,0.031746031746031744,0.031746031746031744,0.30952380952380953
pdm,M-C pair (mu=0) [cinque],pedestrian,4.8,0.031746031746031744,0.031746031746031744,0.30952380952380953
pdm,M-C pair (mu=0) [cinque],pedestrian,5.0,0.031746031746031744,0.031746031746031744,0.30952380952380953
pdm,M-C pair (mu=0) [cinque],pedestrian,5.2,0.031746031746031744,0.031746031746031744,0.30952380952380953
pdm,M-C pair (mu=0) [cinque],pedestrian,5.4,0.031746031746031744,0.031746031746031744,0.30952380952380953
pdm,M-C pair (mu=0) [cinque],pedestrian,5.6,0.031746031746031744,0.031746031746031744,0.30952380952380953
pdm,M-C pair (mu=0) [cinque],pedestrian,5.8,0.031746031746031744,0.031746031746031744,0.30952380952380953
pdm,M-C pair (mu=0) [cinque],pedestrian,6.0,0.031746031746031744,0.031746031746031744,0.30952380952380953
pdm,M-C pair (mu=0) [cinque],pedestrian,6.2,0.031746031746031744,0.031746031746031744,0.30952380952380953
pdm,M-C pair (mu=0) [cinque],pedestrian,6.4,0.031746031746031744,0.031746031746031744,0.30952380952380953
pdm,M-C pair (mu=0) [cinque],pedestrian,6.6,0.031746031746031744,0.031746031746031744,0.30952380952380953
pdm,M-C pair (mu=0) [cinque],pedestrian,6.8,0.031746031746031744,0.031746031746031744,0.30952380952380953
pdm,M-C pair (mu=0) [cinque],pedestrian,7.0,0.031746031746031744,0.031746031746031744,0.30952380952380953
pdm,M-C pair (mu=0) [cinque],pedestrian,7.2,0.031746031746031744,0.031746031746031744,0.30952380952380953
pdm,M-C pair (mu=0) [cinque],pedestrian,7.4,0.031746031746031744,0.031746031746031744,0.30952380952380953
pdm,M-C pair (mu=0) [cinque],pedestrian,7.6,0.031746031746031744,0.031746031746031744,0.30952380952380953
pdm,M-C pair (mu=0) [cinque],pedestrian,7.8,0.031746031746031744,0.031746031746031744,0.30952380952380953
pdm,M-C pair (mu=0) [cinque],pedestrian,8.0,0.031746031746031744,0.031746031746031744,0.30952380952380953
pdm,M-C pair (mu=0) [cinque],pedestrian,8.2,0.031746031746031744,0.031746031746031744,0.30952380952380953
pdm,M-C pair (mu=0) [cinque],pedestrian,8.4,0.031746031746031744,0.031746031746031744,0.30952380952380953
pdm,M-C pair (mu=0) [cinque],pedestrian,8.6,0.031746031746031744,0.031746031746031744,0.30952380952380953
pdm,M-C pair (mu=0) [cinque],pedestrian,8.8,0.031746031746031744,0.031746031746031744,0.30952380952380953
pdm,M-C pair (mu=0) [cinque],pedestrian,9.0,0.031746031746031744,0.031746031746031744,0.30952380952380953
pdm,M-C pair (mu=0) [cinque],pedestrian,9.2,0.031746031746031744,0.031746031746031744,0.30952380952380953
pdm,M-C pair (mu=0) [cinque],pedestrian,9.4,0.031746031746031744,0.031746031746031744,0.30952380952380953
pdm,M-C pair (mu=0) [cinque],pedestrian,9.6,0.031746031746031744,0.031746031746031744,0.30952380952380953
pdm,M-C pair (mu=0) [cinque],pedestrian,9.8,0.031746031746031744,0.031746031746031744,0.30952380952380953
pdm,M-C pair (mu=0) [cinque],pedestrian,10.0,0.031746031746031744,0.031746031746031744,0.30952380952380953
pdm,M-C pair qwen [cinque],pedestrian,0.0,0.0,0.0,0.023809523809523808
pdm,M-C pair qwen [cinque],pedestrian,0.2,0.0,0.0,0.16666666666666666
pdm,M-C pair qwen [cinque],pedestrian,0.4,0.0,0.0,0.16666666666666666
pdm,M-C pair qwen [cinque],pedestrian,0.6,0.0,0.0,0.19047619047619047
pdm,M-C pair qwen [cinque],pedestrian,0.8,0.0,0.0,0.23809523809523808
pdm,M-C pair qwen [cinque],pedestrian,1.0,0.031746031746031744,0.031746031746031744,0.2619047619047619
pdm,M-C pair qwen [cinque],pedestrian,1.2,0.031746031746031744,0.031746031746031744,0.2857142857142857
pdm,M-C pair qwen [cinque],pedestrian,1.4,0.031746031746031744,0.031746031746031744,0.2857142857142857
pdm,M-C pair qwen [cinque],pedestrian,1.6,0.031746031746031744,0.031746031746031744,0.2857142857142857
pdm,M-C pair qwen [cinque],pedestrian,1.8,0.031746031746031744,0.031746031746031744,0.30952380952380953
pdm,M-C pair qwen [cinque],pedestrian,2.0,0.031746031746031744,0.031746031746031744,0.30952380952380953
pdm,M-C pair qwen [cinque],pedestrian,2.2,0.031746031746031744,0.031746031746031744,0.30952380952380953
pdm,M-C pair qwen [cinque],pedestrian,2.4,0.031746031746031744,0.031746031746031744,0.30952380952380953
pdm,M-C pair qwen [cinque],pedestrian,2.6,0.031746031746031744,0.031746031746031744,0.30952380952380953
pdm,M-C pair qwen [cinque],pedestrian,2.8,0.031746031746031744,0.031746031746031744,0.30952380952380953
pdm,M-C pair qwen [cinque],pedestrian,3.0,0.031746031746031744,0.031746031746031744,0.30952380952380953
pdm,M-C pair qwen [cinque],pedestrian,3.2,0.031746031746031744,0.031746031746031744,0.30952380952380953
pdm,M-C pair qwen [cinque],pedestrian,3.4,0.031746031746031744,0.031746031746031744,0.30952380952380953
pdm,M-C pair qwen [cinque],pedestrian,3.6,0.031746031746031744,0.031746031746031744,0.30952380952380953
pdm,M-C pair qwen [cinque],pedestrian,3.8,0.031746031746031744,0.031746031746031744,0.30952380952380953
pdm,M-C pair qwen [cinque],pedestrian,4.0,0.031746031746031744,0.031746031746031744,0.30952380952380953
pdm,M-C pair qwen [cinque],pedestrian,4.2,0.031746031746031744,0.031746031746031744,0.30952380952380953
pdm,M-C pair qwen [cinque],pedestrian,4.4,0.031746031746031744,0.031746031746031744,0.30952380952380953
pdm,M-C pair qwen [cinque],pedestrian,4.6,0.031746031746031744,0.031746031746031744,0.3333333333333333
pdm,M-C pair qwen [cinque],pedestrian,4.8,0.031746031746031744,0.031746031746031744,0.3333333333333333
pdm,M-C pair qwen [cinque],pedestrian,5.0,0.031746031746031744,0.031746031746031744,0.3333333333333333
pdm,M-C pair qwen [cinque],pedestrian,5.2,0.031746031746031744,0.031746031746031744,0.3333333333333333
pdm,M-C pair qwen [cinque],pedestrian,5.4,0.031746031746031744,0.031746031746031744,0.3333333333333333
pdm,M-C pair qwen [cinque],pedestrian,5.6,0.031746031746031744,0.031746031746031744,0.3333333333333333
pdm,M-C pair qwen [cinque],pedestrian,5.8,0.031746031746031744,0.031746031746031744,0.3333333333333333
pdm,M-C pair qwen [cinque],pedestrian,6.0,0.031746031746031744,0.031746031746031744,0.3333333333333333
pdm,M-C pair qwen [cinque],pedestrian,6.2,0.031746031746031744,0.031746031746031744,0.3333333333333333
pdm,M-C pair qwen [cinque],pedestrian,6.4,0.031746031746031744,0.031746031746031744,0.3333333333333333
pdm,M-C pair qwen [cinque],pedestrian,6.6,0.031746031746031744,0.031746031746031744,0.3333333333333333
pdm,M-C pair qwen [cinque],pedestrian,6.8,0.031746031746031744,0.031746031746031744,0.3333333333333333
pdm,M-C pair qwen [cinque],pedestrian,7.0,0.031746031746031744,0.031746031746031744,0.3333333333333333
pdm,M-C pair qwen [cinque],pedestrian,7.2,0.031746031746031744,0.031746031746031744,0.3333333333333333
pdm,M-C pair qwen [cinque],pedestrian,7.4,0.031746031746031744,0.031746031746031744,0.3333333333333333
pdm,M-C pair qwen [cinque],pedestrian,7.6,0.031746031746031744,0.031746031746031744,0.3333333333333333
pdm,M-C pair qwen [cinque],pedestrian,7.8,0.031746031746031744,0.031746031746031744,0.3333333333333333
pdm,M-C pair qwen [cinque],pedestrian,8.0,0.031746031746031744,0.031746031746031744,0.3333333333333333
pdm,M-C pair qwen [cinque],pedestrian,8.2,0.031746031746031744,0.031746031746031744,0.3333333333333333
pdm,M-C pair qwen [cinque],pedestrian,8.4,0.031746031746031744,0.031746031746031744,0.3333333333333333
pdm,M-C pair qwen [cinque],pedestrian,8.6,0.031746031746031744,0.031746031746031744,0.3333333333333333
pdm,M-C pair qwen [cinque],pedestrian,8.8,0.031746031746031744,0.031746031746031744,0.3333333333333333
pdm,M-C pair qwen [cinque],pedestrian,9.0,0.031746031746031744,0.031746031746031744,0.3333333333333333
pdm,M-C pair qwen [cinque],pedestrian,9.2,0.031746031746031744,0.031746031746031744,0.3333333333333333
pdm,M-C pair qwen [cinque],pedestrian,9.4,0.031746031746031744,0.031746031746031744,0.3333333333333333
pdm,M-C pair qwen [cinque],pedestrian,9.6,0.031746031746031744,0.031746031746031744,0.3333333333333333
pdm,M-C pair qwen [cinque],pedestrian,9.8,0.031746031746031744,0.031746031746031744,0.3333333333333333
pdm,M-C pair qwen [cinque],pedestrian,10.0,0.031746031746031744,0.031746031746031744,0.3333333333333333
pdm,M-C pair op [cinque],pedestrian,0.0,0.0,0.0,0.07142857142857142
pdm,M-C pair op [cinque],pedestrian,0.2,0.0,0.0,0.11904761904761904
pdm,M-C pair op [cinque],pedestrian,0.4,0.0,0.0,0.16666666666666666
pdm,M-C pair op [cinque],pedestrian,0.6,0.0,0.0,0.19047619047619047
pdm,M-C pair op [cinque],pedestrian,0.8,0.0,0.0,0.19047619047619047
pdm,M-C pair op [cinque],pedestrian,1.0,0.031746031746031744,0.031746031746031744,0.19047619047619047
pdm,M-C pair op [cinque],pedestrian,1.2,0.031746031746031744,0.031746031746031744,0.21428571428571427
pdm,M-C pair op [cinque],pedestrian,1.4,0.031746031746031744,0.031746031746031744,0.21428571428571427
pdm,M-C pair op [cinque],pedestrian,1.6,0.031746031746031744,0.031746031746031744,0.21428571428571427
pdm,M-C pair op [cinque],pedestrian,1.8,0.031746031746031744,0.031746031746031744,0.23809523809523808
pdm,M-C pair op [cinque],pedestrian,2.0,0.031746031746031744,0.031746031746031744,0.23809523809523808
pdm,M-C pair op [cinque],pedestrian,2.2,0.031746031746031744,0.031746031746031744,0.23809523809523808
pdm,M-C pair op [cinque],pedestrian,2.4,0.031746031746031744,0.031746031746031744,0.23809523809523808
pdm,M-C pair op [cinque],pedestrian,2.6,0.031746031746031744,0.031746031746031744,0.23809523809523808
pdm,M-C pair op [cinque],pedestrian,2.8,0.031746031746031744,0.031746031746031744,0.23809523809523808
pdm,M-C pair op [cinque],pedestrian,3.0,0.031746031746031744,0.031746031746031744,0.23809523809523808
pdm,M-C pair op [cinque],pedestrian,3.2,0.031746031746031744,0.031746031746031744,0.23809523809523808
pdm,M-C pair op [cinque],pedestrian,3.4,0.031746031746031744,0.031746031746031744,0.2619047619047619
pdm,M-C pair op [cinque],pedestrian,3.6,0.031746031746031744,0.031746031746031744,0.2619047619047619
pdm,M-C pair op [cinque],pedestrian,3.8,0.031746031746031744,0.031746031746031744,0.2619047619047619
pdm,M-C pair op [cinque],pedestrian,4.0,0.031746031746031744,0.031746031746031744,0.2619047619047619
pdm,M-C pair op [cinque],pedestrian,4.2,0.031746031746031744,0.031746031746031744,0.2619047619047619
pdm,M-C pair op [cinque],pedestrian,4.4,0.031746031746031744,0.031746031746031744,0.2619047619047619
pdm,M-C pair op [cinque],pedestrian,4.6,0.031746031746031744,0.031746031746031744,0.2857142857142857
pdm,M-C pair op [cinque],pedestrian,4.8,0.031746031746031744,0.031746031746031744,0.2857142857142857
pdm,M-C pair op [cinque],pedestrian,5.0,0.031746031746031744,0.031746031746031744,0.2857142857142857
pdm,M-C pair op [cinque],pedestrian,5.2,0.031746031746031744,0.031746031746031744,0.2857142857142857
pdm,M-C pair op [cinque],pedestrian,5.4,0.031746031746031744,0.031746031746031744,0.2857142857142857
pdm,M-C pair op [cinque],pedestrian,5.6,0.031746031746031744,0.031746031746031744,0.2857142857142857
pdm,M-C pair op [cinque],pedestrian,5.8,0.031746031746031744,0.031746031746031744,0.2857142857142857
pdm,M-C pair op [cinque],pedestrian,6.0,0.031746031746031744,0.031746031746031744,0.2857142857142857
pdm,M-C pair op [cinque],pedestrian,6.2,0.031746031746031744,0.031746031746031744,0.2857142857142857
pdm,M-C pair op [cinque],pedestrian,6.4,0.031746031746031744,0.031746031746031744,0.2857142857142857
pdm,M-C pair op [cinque],pedestrian,6.6,0.031746031746031744,0.031746031746031744,0.2857142857142857
pdm,M-C pair op [cinque],pedestrian,6.8,0.031746031746031744,0.031746031746031744,0.2857142857142857
pdm,M-C pair op [cinque],pedestrian,7.0,0.031746031746031744,0.031746031746031744,0.2857142857142857
pdm,M-C pair op [cinque],pedestrian,7.2,0.031746031746031744,0.031746031746031744,0.2857142857142857
pdm,M-C pair op [cinque],pedestrian,7.4,0.031746031746031744,0.031746031746031744,0.2857142857142857
pdm,M-C pair op [cinque],pedestrian,7.6,0.031746031746031744,0.031746031746031744,0.2857142857142857
pdm,M-C pair op [cinque],pedestrian,7.8,0.031746031746031744,0.031746031746031744,0.2857142857142857
pdm,M-C pair op [cinque],pedestrian,8.0,0.031746031746031744,0.031746031746031744,0.2857142857142857
pdm,M-C pair op [cinque],pedestrian,8.2,0.031746031746031744,0.031746031746031744,0.2857142857142857
pdm,M-C pair op [cinque],pedestrian,8.4,0.031746031746031744,0.031746031746031744,0.2857142857142857
pdm,M-C pair op [cinque],pedestrian,8.6,0.031746031746031744,0.031746031746031744,0.2857142857142857
pdm,M-C pair op [cinque],pedestrian,8.8,0.031746031746031744,0.031746031746031744,0.2857142857142857
pdm,M-C pair op [cinque],pedestrian,9.0,0.031746031746031744,0.031746031746031744,0.2857142857142857
pdm,M-C pair op [cinque],pedestrian,9.2,0.031746031746031744,0.031746031746031744,0.2857142857142857
pdm,M-C pair op [cinque],pedestrian,9.4,0.031746031746031744,0.031746031746031744,0.2857142857142857
pdm,M-C pair op [cinque],pedestrian,9.6,0.031746031746031744,0.031746031746031744,0.2857142857142857
pdm,M-C pair op [cinque],pedestrian,9.8,0.031746031746031744,0.031746031746031744,0.2857142857142857
pdm,M-C pair op [cinque],pedestrian,10.0,0.031746031746031744,0.031746031746031744,0.2857142857142857
pdm,M-C hard [cinque],pedestrian,0.0,0.0,0.0,0.047619047619047616
pdm,M-C hard [cinque],pedestrian,0.2,0.0,0.0,0.11904761904761904
pdm,M-C hard [cinque],pedestrian,0.4,0.0,0.0,0.14285714285714285
pdm,M-C hard [cinque],pedestrian,0.6,0.0,0.0,0.14285714285714285
pdm,M-C hard [cinque],pedestrian,0.8,0.0,0.0,0.14285714285714285
pdm,M-C hard [cinque],pedestrian,1.0,0.015873015873015872,0.015873015873015872,0.16666666666666666
pdm,M-C hard [cinque],pedestrian,1.2,0.015873015873015872,0.015873015873015872,0.19047619047619047
pdm,M-C hard [cinque],pedestrian,1.4,0.015873015873015872,0.015873015873015872,0.19047619047619047
pdm,M-C hard [cinque],pedestrian,1.6,0.015873015873015872,0.015873015873015872,0.19047619047619047
pdm,M-C hard [cinque],pedestrian,1.8,0.015873015873015872,0.015873015873015872,0.21428571428571427
pdm,M-C hard [cinque],pedestrian,2.0,0.015873015873015872,0.015873015873015872,0.21428571428571427
pdm,M-C hard [cinque],pedestrian,2.2,0.015873015873015872,0.015873015873015872,0.21428571428571427
pdm,M-C hard [cinque],pedestrian,2.4,0.015873015873015872,0.015873015873015872,0.21428571428571427
pdm,M-C hard [cinque],pedestrian,2.6,0.015873015873015872,0.015873015873015872,0.21428571428571427
pdm,M-C hard [cinque],pedestrian,2.8,0.015873015873015872,0.015873015873015872,0.21428571428571427
pdm,M-C hard [cinque],pedestrian,3.0,0.015873015873015872,0.015873015873015872,0.21428571428571427
pdm,M-C hard [cinque],pedestrian,3.2,0.015873015873015872,0.015873015873015872,0.21428571428571427
pdm,M-C hard [cinque],pedestrian,3.4,0.015873015873015872,0.015873015873015872,0.21428571428571427
pdm,M-C hard [cinque],pedestrian,3.6,0.015873015873015872,0.015873015873015872,0.21428571428571427
pdm,M-C hard [cinque],pedestrian,3.8,0.015873015873015872,0.015873015873015872,0.21428571428571427
pdm,M-C hard [cinque],pedestrian,4.0,0.015873015873015872,0.015873015873015872,0.21428571428571427
pdm,M-C hard [cinque],pedestrian,4.2,0.015873015873015872,0.015873015873015872,0.21428571428571427
pdm,M-C hard [cinque],pedestrian,4.4,0.015873015873015872,0.015873015873015872,0.21428571428571427
pdm,M-C hard [cinque],pedestrian,4.6,0.015873015873015872,0.015873015873015872,0.21428571428571427
pdm,M-C hard [cinque],pedestrian,4.8,0.015873015873015872,0.015873015873015872,0.21428571428571427
pdm,M-C hard [cinque],pedestrian,5.0,0.015873015873015872,0.015873015873015872,0.21428571428571427
pdm,M-C hard [cinque],pedestrian,5.2,0.015873015873015872,0.015873015873015872,0.21428571428571427
pdm,M-C hard [cinque],pedestrian,5.4,0.015873015873015872,0.015873015873015872,0.21428571428571427
pdm,M-C hard [cinque],pedestrian,5.6,0.015873015873015872,0.015873015873015872,0.21428571428571427
pdm,M-C hard [cinque],pedestrian,5.8,0.015873015873015872,0.015873015873015872,0.21428571428571427
pdm,M-C hard [cinque],pedestrian,6.0,0.015873015873015872,0.015873015873015872,0.21428571428571427
pdm,M-C hard [cinque],pedestrian,6.2,0.015873015873015872,0.015873015873015872,0.21428571428571427
pdm,M-C hard [cinque],pedestrian,6.4,0.015873015873015872,0.015873015873015872,0.21428571428571427
pdm,M-C hard [cinque],pedestrian,6.6,0.015873015873015872,0.015873015873015872,0.21428571428571427
pdm,M-C hard [cinque],pedestrian,6.8,0.015873015873015872,0.015873015873015872,0.21428571428571427
pdm,M-C hard [cinque],pedestrian,7.0,0.015873015873015872,0.015873015873015872,0.21428571428571427
pdm,M-C hard [cinque],pedestrian,7.2,0.015873015873015872,0.015873015873015872,0.21428571428571427
pdm,M-C hard [cinque],pedestrian,7.4,0.015873015873015872,0.015873015873015872,0.21428571428571427
pdm,M-C hard [cinque],pedestrian,7.6,0.015873015873015872,0.015873015873015872,0.21428571428571427
pdm,M-C hard [cinque],pedestrian,7.8,0.015873015873015872,0.015873015873015872,0.21428571428571427
pdm,M-C hard [cinque],pedestrian,8.0,0.015873015873015872,0.015873015873015872,0.21428571428571427
pdm,M-C hard [cinque],pedestrian,8.2,0.015873015873015872,0.015873015873015872,0.21428571428571427
pdm,M-C hard [cinque],pedestrian,8.4,0.015873015873015872,0.015873015873015872,0.21428571428571427
pdm,M-C hard [cinque],pedestrian,8.6,0.015873015873015872,0.015873015873015872,0.21428571428571427
pdm,M-C hard [cinque],pedestrian,8.8,0.015873015873015872,0.015873015873015872,0.21428571428571427
pdm,M-C hard [cinque],pedestrian,9.0,0.015873015873015872,0.015873015873015872,0.21428571428571427
pdm,M-C hard [cinque],pedestrian,9.2,0.015873015873015872,0.015873015873015872,0.21428571428571427
pdm,M-C hard [cinque],pedestrian,9.4,0.015873015873015872,0.015873015873015872,0.21428571428571427
pdm,M-C hard [cinque],pedestrian,9.6,0.015873015873015872,0.015873015873015872,0.21428571428571427
pdm,M-C hard [cinque],pedestrian,9.8,0.015873015873015872,0.015873015873015872,0.21428571428571427
pdm,M-C hard [cinque],pedestrian,10.0,0.015873015873015872,0.015873015873015872,0.21428571428571427
pdm,M-C uniform [cinque],pedestrian,0.0,0.0,0.0,0.047619047619047616
pdm,M-C uniform [cinque],pedestrian,0.2,0.0,0.0,0.09523809523809523
pdm,M-C uniform [cinque],pedestrian,0.4,0.0,0.0,0.11904761904761904
pdm,M-C uniform [cinque],pedestrian,0.6,0.0,0.0,0.11904761904761904
pdm,M-C uniform [cinque],pedestrian,0.8,0.0,0.0,0.14285714285714285
pdm,M-C uniform [cinque],pedestrian,1.0,0.031746031746031744,0.031746031746031744,0.14285714285714285
pdm,M-C uniform [cinque],pedestrian,1.2,0.031746031746031744,0.031746031746031744,0.16666666666666666
pdm,M-C uniform [cinque],pedestrian,1.4,0.031746031746031744,0.031746031746031744,0.16666666666666666
pdm,M-C uniform [cinque],pedestrian,1.6,0.031746031746031744,0.031746031746031744,0.16666666666666666
pdm,M-C uniform [cinque],pedestrian,1.8,0.031746031746031744,0.031746031746031744,0.19047619047619047
pdm,M-C uniform [cinque],pedestrian,2.0,0.031746031746031744,0.031746031746031744,0.21428571428571427
pdm,M-C uniform [cinque],pedestrian,2.2,0.031746031746031744,0.031746031746031744,0.21428571428571427
pdm,M-C uniform [cinque],pedestrian,2.4,0.031746031746031744,0.031746031746031744,0.21428571428571427
pdm,M-C uniform [cinque],pedestrian,2.6,0.031746031746031744,0.031746031746031744,0.23809523809523808
pdm,M-C uniform [cinque],pedestrian,2.8,0.031746031746031744,0.031746031746031744,0.23809523809523808
pdm,M-C uniform [cinque],pedestrian,3.0,0.031746031746031744,0.031746031746031744,0.23809523809523808
pdm,M-C uniform [cinque],pedestrian,3.2,0.031746031746031744,0.031746031746031744,0.23809523809523808
pdm,M-C uniform [cinque],pedestrian,3.4,0.031746031746031744,0.031746031746031744,0.23809523809523808
pdm,M-C uniform [cinque],pedestrian,3.6,0.031746031746031744,0.031746031746031744,0.23809523809523808
pdm,M-C uniform [cinque],pedestrian,3.8,0.031746031746031744,0.031746031746031744,0.23809523809523808
pdm,M-C uniform [cinque],pedestrian,4.0,0.031746031746031744,0.031746031746031744,0.23809523809523808
pdm,M-C uniform [cinque],pedestrian,4.2,0.031746031746031744,0.031746031746031744,0.23809523809523808
pdm,M-C uniform [cinque],pedestrian,4.4,0.031746031746031744,0.031746031746031744,0.23809523809523808
pdm,M-C uniform [cinque],pedestrian,4.6,0.031746031746031744,0.031746031746031744,0.23809523809523808
pdm,M-C uniform [cinque],pedestrian,4.8,0.031746031746031744,0.031746031746031744,0.23809523809523808
pdm,M-C uniform [cinque],pedestrian,5.0,0.031746031746031744,0.031746031746031744,0.23809523809523808
pdm,M-C uniform [cinque],pedestrian,5.2,0.031746031746031744,0.031746031746031744,0.23809523809523808
pdm,M-C uniform [cinque],pedestrian,5.4,0.031746031746031744,0.031746031746031744,0.23809523809523808
pdm,M-C uniform [cinque],pedestrian,5.6,0.031746031746031744,0.031746031746031744,0.23809523809523808
pdm,M-C uniform [cinque],pedestrian,5.8,0.031746031746031744,0.031746031746031744,0.23809523809523808
pdm,M-C uniform [cinque],pedestrian,6.0,0.031746031746031744,0.031746031746031744,0.23809523809523808
pdm,M-C uniform [cinque],pedestrian,6.2,0.031746031746031744,0.031746031746031744,0.23809523809523808
pdm,M-C uniform [cinque],pedestrian,6.4,0.031746031746031744,0.031746031746031744,0.23809523809523808
pdm,M-C uniform [cinque],pedestrian,6.6,0.031746031746031744,0.031746031746031744,0.23809523809523808
pdm,M-C uniform [cinque],pedestrian,6.8,0.031746031746031744,0.031746031746031744,0.23809523809523808
pdm,M-C uniform [cinque],pedestrian,7.0,0.031746031746031744,0.031746031746031744,0.23809523809523808
pdm,M-C uniform [cinque],pedestrian,7.2,0.031746031746031744,0.031746031746031744,0.23809523809523808
pdm,M-C uniform [cinque],pedestrian,7.4,0.031746031746031744,0.031746031746031744,0.23809523809523808
pdm,M-C uniform [cinque],pedestrian,7.6,0.031746031746031744,0.031746031746031744,0.23809523809523808
pdm,M-C uniform [cinque],pedestrian,7.8,0.031746031746031744,0.031746031746031744,0.23809523809523808
pdm,M-C uniform [cinque],pedestrian,8.0,0.031746031746031744,0.031746031746031744,0.23809523809523808
pdm,M-C uniform [cinque],pedestrian,8.2,0.031746031746031744,0.031746031746031744,0.23809523809523808
pdm,M-C uniform [cinque],pedestrian,8.4,0.031746031746031744,0.031746031746031744,0.23809523809523808
pdm,M-C uniform [cinque],pedestrian,8.6,0.031746031746031744,0.031746031746031744,0.23809523809523808
pdm,M-C uniform [cinque],pedestrian,8.8,0.031746031746031744,0.031746031746031744,0.23809523809523808
pdm,M-C uniform [cinque],pedestrian,9.0,0.031746031746031744,0.031746031746031744,0.23809523809523808
pdm,M-C uniform [cinque],pedestrian,9.2,0.031746031746031744,0.031746031746031744,0.23809523809523808
pdm,M-C uniform [cinque],pedestrian,9.4,0.031746031746031744,0.031746031746031744,0.23809523809523808
pdm,M-C uniform [cinque],pedestrian,9.6,0.031746031746031744,0.031746031746031744,0.23809523809523808
pdm,M-C uniform [cinque],pedestrian,9.8,0.031746031746031744,0.031746031746031744,0.23809523809523808
pdm,M-C uniform [cinque],pedestrian,10.0,0.031746031746031744,0.031746031746031744,0.23809523809523808
pdm,prior [lebowski],pedestrian,0.0,0.0,0.0,0.07142857142857142
pdm,prior [lebowski],pedestrian,0.2,0.0,0.0,0.09523809523809523
pdm,prior [lebowski],pedestrian,0.4,0.015873015873015872,0.015873015873015872,0.11904761904761904
pdm,prior [lebowski],pedestrian,0.6,0.015873015873015872,0.015873015873015872,0.16666666666666666
pdm,prior [lebowski],pedestrian,0.8,0.015873015873015872,0.015873015873015872,0.19047619047619047
pdm,prior [lebowski],pedestrian,1.0,0.015873015873015872,0.015873015873015872,0.21428571428571427
pdm,prior [lebowski],pedestrian,1.2,0.015873015873015872,0.015873015873015872,0.2619047619047619
pdm,prior [lebowski],pedestrian,1.4,0.015873015873015872,0.015873015873015872,0.2857142857142857
pdm,prior [lebowski],pedestrian,1.6,0.015873015873015872,0.015873015873015872,0.2857142857142857
pdm,prior [lebowski],pedestrian,1.8,0.015873015873015872,0.015873015873015872,0.30952380952380953
pdm,prior [lebowski],pedestrian,2.0,0.015873015873015872,0.015873015873015872,0.30952380952380953
pdm,prior [lebowski],pedestrian,2.2,0.015873015873015872,0.015873015873015872,0.30952380952380953
pdm,prior [lebowski],pedestrian,2.4,0.015873015873015872,0.015873015873015872,0.30952380952380953
pdm,prior [lebowski],pedestrian,2.6,0.015873015873015872,0.015873015873015872,0.30952380952380953
pdm,prior [lebowski],pedestrian,2.8,0.015873015873015872,0.015873015873015872,0.3333333333333333
pdm,prior [lebowski],pedestrian,3.0,0.015873015873015872,0.015873015873015872,0.3333333333333333
pdm,prior [lebowski],pedestrian,3.2,0.015873015873015872,0.015873015873015872,0.3333333333333333
pdm,prior [lebowski],pedestrian,3.4,0.015873015873015872,0.015873015873015872,0.35714285714285715
pdm,prior [lebowski],pedestrian,3.6,0.015873015873015872,0.015873015873015872,0.35714285714285715
pdm,prior [lebowski],pedestrian,3.8,0.015873015873015872,0.015873015873015872,0.35714285714285715
pdm,prior [lebowski],pedestrian,4.0,0.015873015873015872,0.015873015873015872,0.35714285714285715
pdm,prior [lebowski],pedestrian,4.2,0.015873015873015872,0.015873015873015872,0.35714285714285715
pdm,prior [lebowski],pedestrian,4.4,0.015873015873015872,0.015873015873015872,0.35714285714285715
pdm,prior [lebowski],pedestrian,4.6,0.015873015873015872,0.015873015873015872,0.35714285714285715
pdm,prior [lebowski],pedestrian,4.8,0.015873015873015872,0.015873015873015872,0.35714285714285715
pdm,prior [lebowski],pedestrian,5.0,0.015873015873015872,0.015873015873015872,0.35714285714285715
pdm,prior [lebowski],pedestrian,5.2,0.015873015873015872,0.015873015873015872,0.35714285714285715
pdm,prior [lebowski],pedestrian,5.4,0.015873015873015872,0.015873015873015872,0.35714285714285715
pdm,prior [lebowski],pedestrian,5.6,0.015873015873015872,0.015873015873015872,0.35714285714285715
pdm,prior [lebowski],pedestrian,5.8,0.015873015873015872,0.015873015873015872,0.35714285714285715
pdm,prior [lebowski],pedestrian,6.0,0.015873015873015872,0.015873015873015872,0.35714285714285715
pdm,prior [lebowski],pedestrian,6.2,0.015873015873015872,0.015873015873015872,0.35714285714285715
pdm,prior [lebowski],pedestrian,6.4,0.015873015873015872,0.015873015873015872,0.35714285714285715
pdm,prior [lebowski],pedestrian,6.6,0.015873015873015872,0.015873015873015872,0.35714285714285715
pdm,prior [lebowski],pedestrian,6.8,0.015873015873015872,0.015873015873015872,0.35714285714285715
pdm,prior [lebowski],pedestrian,7.0,0.015873015873015872,0.015873015873015872,0.35714285714285715
pdm,prior [lebowski],pedestrian,7.2,0.015873015873015872,0.015873015873015872,0.35714285714285715
pdm,prior [lebowski],pedestrian,7.4,0.015873015873015872,0.015873015873015872,0.35714285714285715
pdm,prior [lebowski],pedestrian,7.6,0.015873015873015872,0.015873015873015872,0.35714285714285715
pdm,prior [lebowski],pedestrian,7.8,0.015873015873015872,0.015873015873015872,0.35714285714285715
pdm,prior [lebowski],pedestrian,8.0,0.015873015873015872,0.015873015873015872,0.35714285714285715
pdm,prior [lebowski],pedestrian,8.2,0.015873015873015872,0.015873015873015872,0.35714285714285715
pdm,prior [lebowski],pedestrian,8.4,0.015873015873015872,0.015873015873015872,0.35714285714285715
pdm,prior [lebowski],pedestrian,8.6,0.015873015873015872,0.015873015873015872,0.35714285714285715
pdm,prior [lebowski],pedestrian,8.8,0.015873015873015872,0.015873015873015872,0.35714285714285715
pdm,prior [lebowski],pedestrian,9.0,0.015873015873015872,0.015873015873015872,0.35714285714285715
pdm,prior [lebowski],pedestrian,9.2,0.015873015873015872,0.015873015873015872,0.35714285714285715
pdm,prior [lebowski],pedestrian,9.4,0.015873015873015872,0.015873015873015872,0.35714285714285715
pdm,prior [lebowski],pedestrian,9.6,0.015873015873015872,0.015873015873015872,0.35714285714285715
pdm,prior [lebowski],pedestrian,9.8,0.015873015873015872,0.015873015873015872,0.35714285714285715
pdm,prior [lebowski],pedestrian,10.0,0.015873015873015872,0.015873015873015872,0.35714285714285715
pdm,M-C pair [lebowski],pedestrian,0.0,0.0,0.0,0.07142857142857142
pdm,M-C pair [lebowski],pedestrian,0.2,0.0,0.0,0.09523809523809523
pdm,M-C pair [lebowski],pedestrian,0.4,0.015873015873015872,0.015873015873015872,0.14285714285714285
pdm,M-C pair [lebowski],pedestrian,0.6,0.015873015873015872,0.015873015873015872,0.16666666666666666
pdm,M-C pair [lebowski],pedestrian,0.8,0.015873015873015872,0.015873015873015872,0.19047619047619047
pdm,M-C pair [lebowski],pedestrian,1.0,0.015873015873015872,0.015873015873015872,0.23809523809523808
pdm,M-C pair [lebowski],pedestrian,1.2,0.015873015873015872,0.015873015873015872,0.30952380952380953
pdm,M-C pair [lebowski],pedestrian,1.4,0.015873015873015872,0.015873015873015872,0.35714285714285715
pdm,M-C pair [lebowski],pedestrian,1.6,0.015873015873015872,0.015873015873015872,0.35714285714285715
pdm,M-C pair [lebowski],pedestrian,1.8,0.015873015873015872,0.015873015873015872,0.35714285714285715
pdm,M-C pair [lebowski],pedestrian,2.0,0.015873015873015872,0.015873015873015872,0.35714285714285715
pdm,M-C pair [lebowski],pedestrian,2.2,0.015873015873015872,0.015873015873015872,0.35714285714285715
pdm,M-C pair [lebowski],pedestrian,2.4,0.015873015873015872,0.015873015873015872,0.35714285714285715
pdm,M-C pair [lebowski],pedestrian,2.6,0.015873015873015872,0.015873015873015872,0.38095238095238093
pdm,M-C pair [lebowski],pedestrian,2.8,0.015873015873015872,0.015873015873015872,0.38095238095238093
pdm,M-C pair [lebowski],pedestrian,3.0,0.015873015873015872,0.015873015873015872,0.38095238095238093
pdm,M-C pair [lebowski],pedestrian,3.2,0.015873015873015872,0.015873015873015872,0.38095238095238093
pdm,M-C pair [lebowski],pedestrian,3.4,0.015873015873015872,0.015873015873015872,0.40476190476190477
pdm,M-C pair [lebowski],pedestrian,3.6,0.015873015873015872,0.015873015873015872,0.40476190476190477
pdm,M-C pair [lebowski],pedestrian,3.8,0.015873015873015872,0.015873015873015872,0.42857142857142855
pdm,M-C pair [lebowski],pedestrian,4.0,0.015873015873015872,0.015873015873015872,0.42857142857142855
pdm,M-C pair [lebowski],pedestrian,4.2,0.015873015873015872,0.015873015873015872,0.42857142857142855
pdm,M-C pair [lebowski],pedestrian,4.4,0.015873015873015872,0.015873015873015872,0.42857142857142855
pdm,M-C pair [lebowski],pedestrian,4.6,0.015873015873015872,0.015873015873015872,0.42857142857142855
pdm,M-C pair [lebowski],pedestrian,4.8,0.015873015873015872,0.015873015873015872,0.42857142857142855
pdm,M-C pair [lebowski],pedestrian,5.0,0.015873015873015872,0.015873015873015872,0.42857142857142855
pdm,M-C pair [lebowski],pedestrian,5.2,0.015873015873015872,0.015873015873015872,0.42857142857142855
pdm,M-C pair [lebowski],pedestrian,5.4,0.015873015873015872,0.015873015873015872,0.42857142857142855
pdm,M-C pair [lebowski],pedestrian,5.6,0.015873015873015872,0.015873015873015872,0.42857142857142855
pdm,M-C pair [lebowski],pedestrian,5.8,0.015873015873015872,0.015873015873015872,0.42857142857142855
pdm,M-C pair [lebowski],pedestrian,6.0,0.015873015873015872,0.015873015873015872,0.42857142857142855
pdm,M-C pair [lebowski],pedestrian,6.2,0.015873015873015872,0.015873015873015872,0.42857142857142855
pdm,M-C pair [lebowski],pedestrian,6.4,0.015873015873015872,0.015873015873015872,0.42857142857142855
pdm,M-C pair [lebowski],pedestrian,6.6,0.015873015873015872,0.015873015873015872,0.42857142857142855
pdm,M-C pair [lebowski],pedestrian,6.8,0.015873015873015872,0.015873015873015872,0.42857142857142855
pdm,M-C pair [lebowski],pedestrian,7.0,0.015873015873015872,0.015873015873015872,0.42857142857142855
pdm,M-C pair [lebowski],pedestrian,7.2,0.015873015873015872,0.015873015873015872,0.42857142857142855
pdm,M-C pair [lebowski],pedestrian,7.4,0.015873015873015872,0.015873015873015872,0.42857142857142855
pdm,M-C pair [lebowski],pedestrian,7.6,0.015873015873015872,0.015873015873015872,0.42857142857142855
pdm,M-C pair [lebowski],pedestrian,7.8,0.015873015873015872,0.015873015873015872,0.42857142857142855
pdm,M-C pair [lebowski],pedestrian,8.0,0.015873015873015872,0.015873015873015872,0.42857142857142855
pdm,M-C pair [lebowski],pedestrian,8.2,0.015873015873015872,0.015873015873015872,0.42857142857142855
pdm,M-C pair [lebowski],pedestrian,8.4,0.015873015873015872,0.015873015873015872,0.42857142857142855
pdm,M-C pair [lebowski],pedestrian,8.6,0.015873015873015872,0.015873015873015872,0.42857142857142855
pdm,M-C pair [lebowski],pedestrian,8.8,0.015873015873015872,0.015873015873015872,0.42857142857142855
pdm,M-C pair [lebowski],pedestrian,9.0,0.015873015873015872,0.015873015873015872,0.42857142857142855
pdm,M-C pair [lebowski],pedestrian,9.2,0.015873015873015872,0.015873015873015872,0.42857142857142855
pdm,M-C pair [lebowski],pedestrian,9.4,0.015873015873015872,0.015873015873015872,0.42857142857142855
pdm,M-C pair [lebowski],pedestrian,9.6,0.015873015873015872,0.015873015873015872,0.42857142857142855
pdm,M-C pair [lebowski],pedestrian,9.8,0.015873015873015872,0.015873015873015872,0.42857142857142855
pdm,M-C pair [lebowski],pedestrian,10.0,0.015873015873015872,0.015873015873015872,0.42857142857142855
pdm,M-C pair (mu=0) [lebowski],pedestrian,0.0,0.0,0.0,0.09523809523809523
pdm,M-C pair (mu=0) [lebowski],pedestrian,0.2,0.0,0.0,0.14285714285714285
pdm,M-C pair (mu=0) [lebowski],pedestrian,0.4,0.0,0.0,0.19047619047619047
pdm,M-C pair (mu=0) [lebowski],pedestrian,0.6,0.015873015873015872,0.015873015873015872,0.21428571428571427
pdm,M-C pair (mu=0) [lebowski],pedestrian,0.8,0.015873015873015872,0.015873015873015872,0.21428571428571427
pdm,M-C pair (mu=0) [lebowski],pedestrian,1.0,0.015873015873015872,0.015873015873015872,0.23809523809523808
pdm,M-C pair (mu=0) [lebowski],pedestrian,1.2,0.015873015873015872,0.015873015873015872,0.23809523809523808
pdm,M-C pair (mu=0) [lebowski],pedestrian,1.4,0.015873015873015872,0.015873015873015872,0.23809523809523808
pdm,M-C pair (mu=0) [lebowski],pedestrian,1.6,0.015873015873015872,0.015873015873015872,0.23809523809523808
pdm,M-C pair (mu=0) [lebowski],pedestrian,1.8,0.015873015873015872,0.015873015873015872,0.2619047619047619
pdm,M-C pair (mu=0) [lebowski],pedestrian,2.0,0.015873015873015872,0.015873015873015872,0.2619047619047619
pdm,M-C pair (mu=0) [lebowski],pedestrian,2.2,0.015873015873015872,0.015873015873015872,0.2619047619047619
pdm,M-C pair (mu=0) [lebowski],pedestrian,2.4,0.015873015873015872,0.015873015873015872,0.2619047619047619
pdm,M-C pair (mu=0) [lebowski],pedestrian,2.6,0.015873015873015872,0.015873015873015872,0.2619047619047619
pdm,M-C pair (mu=0) [lebowski],pedestrian,2.8,0.015873015873015872,0.015873015873015872,0.2619047619047619
pdm,M-C pair (mu=0) [lebowski],pedestrian,3.0,0.015873015873015872,0.015873015873015872,0.2857142857142857
pdm,M-C pair (mu=0) [lebowski],pedestrian,3.2,0.015873015873015872,0.015873015873015872,0.30952380952380953
pdm,M-C pair (mu=0) [lebowski],pedestrian,3.4,0.015873015873015872,0.015873015873015872,0.30952380952380953
pdm,M-C pair (mu=0) [lebowski],pedestrian,3.6,0.015873015873015872,0.015873015873015872,0.30952380952380953
pdm,M-C pair (mu=0) [lebowski],pedestrian,3.8,0.015873015873015872,0.015873015873015872,0.30952380952380953
pdm,M-C pair (mu=0) [lebowski],pedestrian,4.0,0.015873015873015872,0.015873015873015872,0.30952380952380953
pdm,M-C pair (mu=0) [lebowski],pedestrian,4.2,0.015873015873015872,0.015873015873015872,0.3333333333333333
pdm,M-C pair (mu=0) [lebowski],pedestrian,4.4,0.015873015873015872,0.015873015873015872,0.3333333333333333
pdm,M-C pair (mu=0) [lebowski],pedestrian,4.6,0.015873015873015872,0.015873015873015872,0.3333333333333333
pdm,M-C pair (mu=0) [lebowski],pedestrian,4.8,0.015873015873015872,0.015873015873015872,0.3333333333333333
pdm,M-C pair (mu=0) [lebowski],pedestrian,5.0,0.015873015873015872,0.015873015873015872,0.3333333333333333
pdm,M-C pair (mu=0) [lebowski],pedestrian,5.2,0.015873015873015872,0.015873015873015872,0.3333333333333333
pdm,M-C pair (mu=0) [lebowski],pedestrian,5.4,0.015873015873015872,0.015873015873015872,0.3333333333333333
pdm,M-C pair (mu=0) [lebowski],pedestrian,5.6,0.015873015873015872,0.015873015873015872,0.3333333333333333
pdm,M-C pair (mu=0) [lebowski],pedestrian,5.8,0.015873015873015872,0.015873015873015872,0.3333333333333333
pdm,M-C pair (mu=0) [lebowski],pedestrian,6.0,0.015873015873015872,0.015873015873015872,0.3333333333333333
pdm,M-C pair (mu=0) [lebowski],pedestrian,6.2,0.015873015873015872,0.015873015873015872,0.3333333333333333
pdm,M-C pair (mu=0) [lebowski],pedestrian,6.4,0.015873015873015872,0.015873015873015872,0.3333333333333333
pdm,M-C pair (mu=0) [lebowski],pedestrian,6.6,0.015873015873015872,0.015873015873015872,0.3333333333333333
pdm,M-C pair (mu=0) [lebowski],pedestrian,6.8,0.015873015873015872,0.015873015873015872,0.3333333333333333
pdm,M-C pair (mu=0) [lebowski],pedestrian,7.0,0.015873015873015872,0.015873015873015872,0.3333333333333333
pdm,M-C pair (mu=0) [lebowski],pedestrian,7.2,0.015873015873015872,0.015873015873015872,0.3333333333333333
pdm,M-C pair (mu=0) [lebowski],pedestrian,7.4,0.015873015873015872,0.015873015873015872,0.3333333333333333
pdm,M-C pair (mu=0) [lebowski],pedestrian,7.6,0.015873015873015872,0.015873015873015872,0.3333333333333333
pdm,M-C pair (mu=0) [lebowski],pedestrian,7.8,0.015873015873015872,0.015873015873015872,0.3333333333333333
pdm,M-C pair (mu=0) [lebowski],pedestrian,8.0,0.015873015873015872,0.015873015873015872,0.3333333333333333
pdm,M-C pair (mu=0) [lebowski],pedestrian,8.2,0.015873015873015872,0.015873015873015872,0.3333333333333333
pdm,M-C pair (mu=0) [lebowski],pedestrian,8.4,0.015873015873015872,0.015873015873015872,0.3333333333333333
pdm,M-C pair (mu=0) [lebowski],pedestrian,8.6,0.015873015873015872,0.015873015873015872,0.3333333333333333
pdm,M-C pair (mu=0) [lebowski],pedestrian,8.8,0.015873015873015872,0.015873015873015872,0.3333333333333333
pdm,M-C pair (mu=0) [lebowski],pedestrian,9.0,0.015873015873015872,0.015873015873015872,0.3333333333333333
pdm,M-C pair (mu=0) [lebowski],pedestrian,9.2,0.015873015873015872,0.015873015873015872,0.3333333333333333
pdm,M-C pair (mu=0) [lebowski],pedestrian,9.4,0.015873015873015872,0.015873015873015872,0.3333333333333333
pdm,M-C pair (mu=0) [lebowski],pedestrian,9.6,0.015873015873015872,0.015873015873015872,0.3333333333333333
pdm,M-C pair (mu=0) [lebowski],pedestrian,9.8,0.015873015873015872,0.015873015873015872,0.3333333333333333
pdm,M-C pair (mu=0) [lebowski],pedestrian,10.0,0.015873015873015872,0.015873015873015872,0.3333333333333333
pdm,M-C pair qwen [lebowski],pedestrian,0.0,0.0,0.0,0.047619047619047616
pdm,M-C pair qwen [lebowski],pedestrian,0.2,0.0,0.0,0.047619047619047616
pdm,M-C pair qwen [lebowski],pedestrian,0.4,0.015873015873015872,0.015873015873015872,0.09523809523809523
pdm,M-C pair qwen [lebowski],pedestrian,0.6,0.015873015873015872,0.015873015873015872,0.16666666666666666
pdm,M-C pair qwen [lebowski],pedestrian,0.8,0.015873015873015872,0.015873015873015872,0.21428571428571427
pdm,M-C pair qwen [lebowski],pedestrian,1.0,0.015873015873015872,0.015873015873015872,0.23809523809523808
pdm,M-C pair qwen [lebowski],pedestrian,1.2,0.015873015873015872,0.015873015873015872,0.30952380952380953
pdm,M-C pair qwen [lebowski],pedestrian,1.4,0.015873015873015872,0.015873015873015872,0.3333333333333333
pdm,M-C pair qwen [lebowski],pedestrian,1.6,0.015873015873015872,0.015873015873015872,0.3333333333333333
pdm,M-C pair qwen [lebowski],pedestrian,1.8,0.015873015873015872,0.015873015873015872,0.35714285714285715
pdm,M-C pair qwen [lebowski],pedestrian,2.0,0.015873015873015872,0.015873015873015872,0.35714285714285715
pdm,M-C pair qwen [lebowski],pedestrian,2.2,0.015873015873015872,0.015873015873015872,0.35714285714285715
pdm,M-C pair qwen [lebowski],pedestrian,2.4,0.015873015873015872,0.015873015873015872,0.35714285714285715
pdm,M-C pair qwen [lebowski],pedestrian,2.6,0.015873015873015872,0.015873015873015872,0.38095238095238093
pdm,M-C pair qwen [lebowski],pedestrian,2.8,0.015873015873015872,0.015873015873015872,0.40476190476190477
pdm,M-C pair qwen [lebowski],pedestrian,3.0,0.015873015873015872,0.015873015873015872,0.40476190476190477
pdm,M-C pair qwen [lebowski],pedestrian,3.2,0.015873015873015872,0.015873015873015872,0.40476190476190477
pdm,M-C pair qwen [lebowski],pedestrian,3.4,0.015873015873015872,0.015873015873015872,0.42857142857142855
pdm,M-C pair qwen [lebowski],pedestrian,3.6,0.015873015873015872,0.015873015873015872,0.42857142857142855
pdm,M-C pair qwen [lebowski],pedestrian,3.8,0.015873015873015872,0.015873015873015872,0.4523809523809524
pdm,M-C pair qwen [lebowski],pedestrian,4.0,0.015873015873015872,0.015873015873015872,0.4523809523809524
pdm,M-C pair qwen [lebowski],pedestrian,4.2,0.015873015873015872,0.015873015873015872,0.4523809523809524
pdm,M-C pair qwen [lebowski],pedestrian,4.4,0.015873015873015872,0.015873015873015872,0.4523809523809524
pdm,M-C pair qwen [lebowski],pedestrian,4.6,0.015873015873015872,0.015873015873015872,0.4523809523809524
pdm,M-C pair qwen [lebowski],pedestrian,4.8,0.015873015873015872,0.015873015873015872,0.4523809523809524
pdm,M-C pair qwen [lebowski],pedestrian,5.0,0.015873015873015872,0.015873015873015872,0.4523809523809524
pdm,M-C pair qwen [lebowski],pedestrian,5.2,0.015873015873015872,0.015873015873015872,0.4523809523809524
pdm,M-C pair qwen [lebowski],pedestrian,5.4,0.015873015873015872,0.015873015873015872,0.4523809523809524
pdm,M-C pair qwen [lebowski],pedestrian,5.6,0.015873015873015872,0.015873015873015872,0.4523809523809524
pdm,M-C pair qwen [lebowski],pedestrian,5.8,0.015873015873015872,0.015873015873015872,0.4523809523809524
pdm,M-C pair qwen [lebowski],pedestrian,6.0,0.015873015873015872,0.015873015873015872,0.4523809523809524
pdm,M-C pair qwen [lebowski],pedestrian,6.2,0.015873015873015872,0.015873015873015872,0.4523809523809524
pdm,M-C pair qwen [lebowski],pedestrian,6.4,0.015873015873015872,0.015873015873015872,0.4523809523809524
pdm,M-C pair qwen [lebowski],pedestrian,6.6,0.015873015873015872,0.015873015873015872,0.4523809523809524
pdm,M-C pair qwen [lebowski],pedestrian,6.8,0.015873015873015872,0.015873015873015872,0.4523809523809524
pdm,M-C pair qwen [lebowski],pedestrian,7.0,0.015873015873015872,0.015873015873015872,0.4523809523809524
pdm,M-C pair qwen [lebowski],pedestrian,7.2,0.015873015873015872,0.015873015873015872,0.4523809523809524
pdm,M-C pair qwen [lebowski],pedestrian,7.4,0.015873015873015872,0.015873015873015872,0.4523809523809524
pdm,M-C pair qwen [lebowski],pedestrian,7.6,0.015873015873015872,0.015873015873015872,0.4523809523809524
pdm,M-C pair qwen [lebowski],pedestrian,7.8,0.015873015873015872,0.015873015873015872,0.4523809523809524
pdm,M-C pair qwen [lebowski],pedestrian,8.0,0.015873015873015872,0.015873015873015872,0.4523809523809524
pdm,M-C pair qwen [lebowski],pedestrian,8.2,0.015873015873015872,0.015873015873015872,0.4523809523809524
pdm,M-C pair qwen [lebowski],pedestrian,8.4,0.015873015873015872,0.015873015873015872,0.4523809523809524
pdm,M-C pair qwen [lebowski],pedestrian,8.6,0.015873015873015872,0.015873015873015872,0.4523809523809524
pdm,M-C pair qwen [lebowski],pedestrian,8.8,0.015873015873015872,0.015873015873015872,0.4523809523809524
pdm,M-C pair qwen [lebowski],pedestrian,9.0,0.015873015873015872,0.015873015873015872,0.4523809523809524
pdm,M-C pair qwen [lebowski],pedestrian,9.2,0.015873015873015872,0.015873015873015872,0.4523809523809524
pdm,M-C pair qwen [lebowski],pedestrian,9.4,0.015873015873015872,0.015873015873015872,0.4523809523809524
pdm,M-C pair qwen [lebowski],pedestrian,9.6,0.015873015873015872,0.015873015873015872,0.4523809523809524
pdm,M-C pair qwen [lebowski],pedestrian,9.8,0.015873015873015872,0.015873015873015872,0.4523809523809524
pdm,M-C pair qwen [lebowski],pedestrian,10.0,0.015873015873015872,0.015873015873015872,0.4523809523809524
pdm,M-C pair op [lebowski],pedestrian,0.0,0.0,0.0,0.047619047619047616
pdm,M-C pair op [lebowski],pedestrian,0.2,0.0,0.0,0.047619047619047616
pdm,M-C pair op [lebowski],pedestrian,0.4,0.0,0.0,0.07142857142857142
pdm,M-C pair op [lebowski],pedestrian,0.6,0.0,0.0,0.07142857142857142
pdm,M-C pair op [lebowski],pedestrian,0.8,0.0,0.0,0.14285714285714285
pdm,M-C pair op [lebowski],pedestrian,1.0,0.0,0.0,0.19047619047619047
pdm,M-C pair op [lebowski],pedestrian,1.2,0.0,0.0,0.2619047619047619
pdm,M-C pair op [lebowski],pedestrian,1.4,0.0,0.0,0.2857142857142857
pdm,M-C pair op [lebowski],pedestrian,1.6,0.0,0.0,0.2857142857142857
pdm,M-C pair op [lebowski],pedestrian,1.8,0.0,0.0,0.30952380952380953
pdm,M-C pair op [lebowski],pedestrian,2.0,0.0,0.0,0.3333333333333333
pdm,M-C pair op [lebowski],pedestrian,2.2,0.0,0.0,0.3333333333333333
pdm,M-C pair op [lebowski],pedestrian,2.4,0.0,0.0,0.3333333333333333
pdm,M-C pair op [lebowski],pedestrian,2.6,0.0,0.0,0.3333333333333333
pdm,M-C pair op [lebowski],pedestrian,2.8,0.0,0.0,0.3333333333333333
pdm,M-C pair op [lebowski],pedestrian,3.0,0.0,0.0,0.3333333333333333
pdm,M-C pair op [lebowski],pedestrian,3.2,0.0,0.0,0.3333333333333333
pdm,M-C pair op [lebowski],pedestrian,3.4,0.0,0.0,0.35714285714285715
pdm,M-C pair op [lebowski],pedestrian,3.6,0.0,0.0,0.35714285714285715
pdm,M-C pair op [lebowski],pedestrian,3.8,0.0,0.0,0.35714285714285715
pdm,M-C pair op [lebowski],pedestrian,4.0,0.0,0.0,0.35714285714285715
pdm,M-C pair op [lebowski],pedestrian,4.2,0.0,0.0,0.35714285714285715
pdm,M-C pair op [lebowski],pedestrian,4.4,0.0,0.0,0.35714285714285715
pdm,M-C pair op [lebowski],pedestrian,4.6,0.0,0.0,0.35714285714285715
pdm,M-C pair op [lebowski],pedestrian,4.8,0.0,0.0,0.35714285714285715
pdm,M-C pair op [lebowski],pedestrian,5.0,0.0,0.0,0.35714285714285715
pdm,M-C pair op [lebowski],pedestrian,5.2,0.0,0.0,0.35714285714285715
pdm,M-C pair op [lebowski],pedestrian,5.4,0.0,0.0,0.35714285714285715
pdm,M-C pair op [lebowski],pedestrian,5.6,0.0,0.0,0.35714285714285715
pdm,M-C pair op [lebowski],pedestrian,5.8,0.0,0.0,0.35714285714285715
pdm,M-C pair op [lebowski],pedestrian,6.0,0.0,0.0,0.35714285714285715
pdm,M-C pair op [lebowski],pedestrian,6.2,0.0,0.0,0.35714285714285715
pdm,M-C pair op [lebowski],pedestrian,6.4,0.0,0.0,0.35714285714285715
pdm,M-C pair op [lebowski],pedestrian,6.6,0.0,0.0,0.35714285714285715
pdm,M-C pair op [lebowski],pedestrian,6.8,0.0,0.0,0.35714285714285715
pdm,M-C pair op [lebowski],pedestrian,7.0,0.0,0.0,0.35714285714285715
pdm,M-C pair op [lebowski],pedestrian,7.2,0.0,0.0,0.35714285714285715
pdm,M-C pair op [lebowski],pedestrian,7.4,0.0,0.0,0.35714285714285715
pdm,M-C pair op [lebowski],pedestrian,7.6,0.0,0.0,0.35714285714285715
pdm,M-C pair op [lebowski],pedestrian,7.8,0.0,0.0,0.35714285714285715
pdm,M-C pair op [lebowski],pedestrian,8.0,0.0,0.0,0.35714285714285715
pdm,M-C pair op [lebowski],pedestrian,8.2,0.0,0.0,0.35714285714285715
pdm,M-C pair op [lebowski],pedestrian,8.4,0.0,0.0,0.35714285714285715
pdm,M-C pair op [lebowski],pedestrian,8.6,0.0,0.0,0.35714285714285715
pdm,M-C pair op [lebowski],pedestrian,8.8,0.0,0.0,0.35714285714285715
pdm,M-C pair op [lebowski],pedestrian,9.0,0.0,0.0,0.35714285714285715
pdm,M-C pair op [lebowski],pedestrian,9.2,0.0,0.0,0.35714285714285715
pdm,M-C pair op [lebowski],pedestrian,9.4,0.0,0.0,0.35714285714285715
pdm,M-C pair op [lebowski],pedestrian,9.6,0.0,0.0,0.35714285714285715
pdm,M-C pair op [lebowski],pedestrian,9.8,0.0,0.0,0.35714285714285715
pdm,M-C pair op [lebowski],pedestrian,10.0,0.0,0.0,0.35714285714285715
pdm,M-C hard [lebowski],pedestrian,0.0,0.0,0.0,0.07142857142857142
pdm,M-C hard [lebowski],pedestrian,0.2,0.0,0.0,0.19047619047619047
pdm,M-C hard [lebowski],pedestrian,0.4,0.0,0.0,0.19047619047619047
pdm,M-C hard [lebowski],pedestrian,0.6,0.0,0.0,0.21428571428571427
pdm,M-C hard [lebowski],pedestrian,0.8,0.0,0.0,0.23809523809523808
pdm,M-C hard [lebowski],pedestrian,1.0,0.0,0.0,0.23809523809523808
pdm,M-C hard [lebowski],pedestrian,1.2,0.0,0.0,0.2619047619047619
pdm,M-C hard [lebowski],pedestrian,1.4,0.0,0.0,0.2619047619047619
pdm,M-C hard [lebowski],pedestrian,1.6,0.0,0.0,0.2619047619047619
pdm,M-C hard [lebowski],pedestrian,1.8,0.0,0.0,0.2857142857142857
pdm,M-C hard [lebowski],pedestrian,2.0,0.0,0.0,0.2857142857142857
pdm,M-C hard [lebowski],pedestrian,2.2,0.0,0.0,0.2857142857142857
pdm,M-C hard [lebowski],pedestrian,2.4,0.0,0.0,0.2857142857142857
pdm,M-C hard [lebowski],pedestrian,2.6,0.0,0.0,0.2857142857142857
pdm,M-C hard [lebowski],pedestrian,2.8,0.0,0.0,0.2857142857142857
pdm,M-C hard [lebowski],pedestrian,3.0,0.0,0.0,0.2857142857142857
pdm,M-C hard [lebowski],pedestrian,3.2,0.0,0.0,0.30952380952380953
pdm,M-C hard [lebowski],pedestrian,3.4,0.0,0.0,0.30952380952380953
pdm,M-C hard [lebowski],pedestrian,3.6,0.0,0.0,0.30952380952380953
pdm,M-C hard [lebowski],pedestrian,3.8,0.0,0.0,0.3333333333333333
pdm,M-C hard [lebowski],pedestrian,4.0,0.0,0.0,0.3333333333333333
pdm,M-C hard [lebowski],pedestrian,4.2,0.0,0.0,0.3333333333333333
pdm,M-C hard [lebowski],pedestrian,4.4,0.0,0.0,0.3333333333333333
pdm,M-C hard [lebowski],pedestrian,4.6,0.0,0.0,0.3333333333333333
pdm,M-C hard [lebowski],pedestrian,4.8,0.0,0.0,0.3333333333333333
pdm,M-C hard [lebowski],pedestrian,5.0,0.0,0.0,0.3333333333333333
pdm,M-C hard [lebowski],pedestrian,5.2,0.0,0.0,0.3333333333333333
pdm,M-C hard [lebowski],pedestrian,5.4,0.0,0.0,0.3333333333333333
pdm,M-C hard [lebowski],pedestrian,5.6,0.0,0.0,0.3333333333333333
pdm,M-C hard [lebowski],pedestrian,5.8,0.0,0.0,0.3333333333333333
pdm,M-C hard [lebowski],pedestrian,6.0,0.0,0.0,0.3333333333333333
pdm,M-C hard [lebowski],pedestrian,6.2,0.0,0.0,0.3333333333333333
pdm,M-C hard [lebowski],pedestrian,6.4,0.0,0.0,0.3333333333333333
pdm,M-C hard [lebowski],pedestrian,6.6,0.0,0.0,0.3333333333333333
pdm,M-C hard [lebowski],pedestrian,6.8,0.0,0.0,0.3333333333333333
pdm,M-C hard [lebowski],pedestrian,7.0,0.0,0.0,0.3333333333333333
pdm,M-C hard [lebowski],pedestrian,7.2,0.0,0.0,0.3333333333333333
pdm,M-C hard [lebowski],pedestrian,7.4,0.0,0.0,0.3333333333333333
pdm,M-C hard [lebowski],pedestrian,7.6,0.0,0.0,0.3333333333333333
pdm,M-C hard [lebowski],pedestrian,7.8,0.0,0.0,0.3333333333333333
pdm,M-C hard [lebowski],pedestrian,8.0,0.0,0.0,0.3333333333333333
pdm,M-C hard [lebowski],pedestrian,8.2,0.0,0.0,0.3333333333333333
pdm,M-C hard [lebowski],pedestrian,8.4,0.0,0.0,0.3333333333333333
pdm,M-C hard [lebowski],pedestrian,8.6,0.0,0.0,0.3333333333333333
pdm,M-C hard [lebowski],pedestrian,8.8,0.0,0.0,0.3333333333333333
pdm,M-C hard [lebowski],pedestrian,9.0,0.0,0.0,0.3333333333333333
pdm,M-C hard [lebowski],pedestrian,9.2,0.0,0.0,0.3333333333333333
pdm,M-C hard [lebowski],pedestrian,9.4,0.0,0.0,0.3333333333333333
pdm,M-C hard [lebowski],pedestrian,9.6,0.0,0.0,0.3333333333333333
pdm,M-C hard [lebowski],pedestrian,9.8,0.0,0.0,0.3333333333333333
pdm,M-C hard [lebowski],pedestrian,10.0,0.0,0.0,0.3333333333333333
pdm,M-C uniform [lebowski],pedestrian,0.0,0.0,0.0,0.07142857142857142
pdm,M-C uniform [lebowski],pedestrian,0.2,0.0,0.0,0.14285714285714285
pdm,M-C uniform [lebowski],pedestrian,0.4,0.0,0.0,0.16666666666666666
pdm,M-C uniform [lebowski],pedestrian,0.6,0.0,0.0,0.21428571428571427
pdm,M-C uniform [lebowski],pedestrian,0.8,0.0,0.0,0.2619047619047619
pdm,M-C uniform [lebowski],pedestrian,1.0,0.0,0.0,0.2857142857142857
pdm,M-C uniform [lebowski],pedestrian,1.2,0.0,0.0,0.30952380952380953
pdm,M-C uniform [lebowski],pedestrian,1.4,0.0,0.0,0.30952380952380953
pdm,M-C uniform [lebowski],pedestrian,1.6,0.0,0.0,0.3333333333333333
pdm,M-C uniform [lebowski],pedestrian,1.8,0.0,0.0,0.35714285714285715
pdm,M-C uniform [lebowski],pedestrian,2.0,0.0,0.0,0.35714285714285715
pdm,M-C uniform [lebowski],pedestrian,2.2,0.0,0.0,0.35714285714285715
pdm,M-C uniform [lebowski],pedestrian,2.4,0.0,0.0,0.35714285714285715
pdm,M-C uniform [lebowski],pedestrian,2.6,0.0,0.0,0.35714285714285715
pdm,M-C uniform [lebowski],pedestrian,2.8,0.0,0.0,0.38095238095238093
pdm,M-C uniform [lebowski],pedestrian,3.0,0.0,0.0,0.38095238095238093
pdm,M-C uniform [lebowski],pedestrian,3.2,0.0,0.0,0.38095238095238093
pdm,M-C uniform [lebowski],pedestrian,3.4,0.0,0.0,0.38095238095238093
pdm,M-C uniform [lebowski],pedestrian,3.6,0.0,0.0,0.38095238095238093
pdm,M-C uniform [lebowski],pedestrian,3.8,0.0,0.0,0.40476190476190477
pdm,M-C uniform [lebowski],pedestrian,4.0,0.0,0.0,0.40476190476190477
pdm,M-C uniform [lebowski],pedestrian,4.2,0.0,0.0,0.40476190476190477
pdm,M-C uniform [lebowski],pedestrian,4.4,0.0,0.0,0.40476190476190477
pdm,M-C uniform [lebowski],pedestrian,4.6,0.0,0.0,0.40476190476190477
pdm,M-C uniform [lebowski],pedestrian,4.8,0.0,0.0,0.40476190476190477
pdm,M-C uniform [lebowski],pedestrian,5.0,0.0,0.0,0.40476190476190477
pdm,M-C uniform [lebowski],pedestrian,5.2,0.0,0.0,0.40476190476190477
pdm,M-C uniform [lebowski],pedestrian,5.4,0.0,0.0,0.40476190476190477
pdm,M-C uniform [lebowski],pedestrian,5.6,0.0,0.0,0.40476190476190477
pdm,M-C uniform [lebowski],pedestrian,5.8,0.0,0.0,0.40476190476190477
pdm,M-C uniform [lebowski],pedestrian,6.0,0.0,0.0,0.40476190476190477
pdm,M-C uniform [lebowski],pedestrian,6.2,0.0,0.0,0.40476190476190477
pdm,M-C uniform [lebowski],pedestrian,6.4,0.0,0.0,0.40476190476190477
pdm,M-C uniform [lebowski],pedestrian,6.6,0.0,0.0,0.40476190476190477
pdm,M-C uniform [lebowski],pedestrian,6.8,0.0,0.0,0.40476190476190477
pdm,M-C uniform [lebowski],pedestrian,7.0,0.0,0.0,0.40476190476190477
pdm,M-C uniform [lebowski],pedestrian,7.2,0.0,0.0,0.40476190476190477
pdm,M-C uniform [lebowski],pedestrian,7.4,0.0,0.0,0.40476190476190477
pdm,M-C uniform [lebowski],pedestrian,7.6,0.0,0.0,0.40476190476190477
pdm,M-C uniform [lebowski],pedestrian,7.8,0.0,0.0,0.40476190476190477
pdm,M-C uniform [lebowski],pedestrian,8.0,0.0,0.0,0.40476190476190477
pdm,M-C uniform [lebowski],pedestrian,8.2,0.0,0.0,0.40476190476190477
pdm,M-C uniform [lebowski],pedestrian,8.4,0.0,0.0,0.40476190476190477
pdm,M-C uniform [lebowski],pedestrian,8.6,0.0,0.0,0.40476190476190477
pdm,M-C uniform [lebowski],pedestrian,8.8,0.0,0.0,0.40476190476190477
pdm,M-C uniform [lebowski],pedestrian,9.0,0.0,0.0,0.40476190476190477
pdm,M-C uniform [lebowski],pedestrian,9.2,0.0,0.0,0.40476190476190477
pdm,M-C uniform [lebowski],pedestrian,9.4,0.0,0.0,0.40476190476190477
pdm,M-C uniform [lebowski],pedestrian,9.6,0.0,0.0,0.40476190476190477
pdm,M-C uniform [lebowski],pedestrian,9.8,0.0,0.0,0.40476190476190477
pdm,M-C uniform [lebowski],pedestrian,10.0,0.0,0.0,0.40476190476190477
pdm,gate any,pedestrian,0.0,0.015873015873015872,0.015873015873015872,0.0
pdm,gate any,pedestrian,0.2,0.047619047619047616,0.047619047619047616,0.0
pdm,gate any,pedestrian,0.4,0.09523809523809523,0.09523809523809523,0.0
pdm,gate any,pedestrian,0.6,0.14285714285714285,0.14285714285714285,0.0
pdm,gate any,pedestrian,0.8,0.25396825396825395,0.25396825396825395,0.0
pdm,gate any,pedestrian,1.0,0.25396825396825395,0.25396825396825395,0.0
pdm,gate any,pedestrian,1.2,0.2857142857142857,0.2857142857142857,0.0
pdm,gate any,pedestrian,1.4,0.31746031746031744,0.31746031746031744,0.0
pdm,gate any,pedestrian,1.6,0.31746031746031744,0.31746031746031744,0.0
pdm,gate any,pedestrian,1.8,0.31746031746031744,0.31746031746031744,0.0
pdm,gate any,pedestrian,2.0,0.3333333333333333,0.3333333333333333,0.0
pdm,gate any,pedestrian,2.2,0.3492063492063492,0.3492063492063492,0.0
pdm,gate any,pedestrian,2.4,0.3492063492063492,0.3492063492063492,0.0
pdm,gate any,pedestrian,2.6,0.3492063492063492,0.3492063492063492,0.0
pdm,gate any,pedestrian,2.8,0.3492063492063492,0.3492063492063492,0.0
pdm,gate any,pedestrian,3.0,0.3492063492063492,0.3492063492063492,0.0
pdm,gate any,pedestrian,3.2,0.3492063492063492,0.3492063492063492,0.0
pdm,gate any,pedestrian,3.4,0.3492063492063492,0.3492063492063492,0.0
pdm,gate any,pedestrian,3.6,0.3492063492063492,0.3492063492063492,0.0
pdm,gate any,pedestrian,3.8,0.3492063492063492,0.3492063492063492,0.0
pdm,gate any,pedestrian,4.0,0.36507936507936506,0.36507936507936506,0.0
pdm,gate any,pedestrian,4.2,0.36507936507936506,0.36507936507936506,0.0
pdm,gate any,pedestrian,4.4,0.36507936507936506,0.36507936507936506,0.0
pdm,gate any,pedestrian,4.6,0.36507936507936506,0.36507936507936506,0.0
pdm,gate any,pedestrian,4.8,0.36507936507936506,0.36507936507936506,0.0
pdm,gate any,pedestrian,5.0,0.36507936507936506,0.36507936507936506,0.0
pdm,gate any,pedestrian,5.2,0.36507936507936506,0.36507936507936506,0.0
pdm,gate any,pedestrian,5.4,0.36507936507936506,0.36507936507936506,0.0
pdm,gate any,pedestrian,5.6,0.36507936507936506,0.36507936507936506,0.0
pdm,gate any,pedestrian,5.8,0.36507936507936506,0.36507936507936506,0.0
pdm,gate any,pedestrian,6.0,0.36507936507936506,0.36507936507936506,0.0
pdm,gate any,pedestrian,6.2,0.36507936507936506,0.36507936507936506,0.0
pdm,gate any,pedestrian,6.4,0.36507936507936506,0.36507936507936506,0.0
pdm,gate any,pedestrian,6.6,0.36507936507936506,0.36507936507936506,0.0
pdm,gate any,pedestrian,6.8,0.36507936507936506,0.36507936507936506,0.0
pdm,gate any,pedestrian,7.0,0.36507936507936506,0.36507936507936506,0.0
pdm,gate any,pedestrian,7.2,0.36507936507936506,0.36507936507936506,0.0
pdm,gate any,pedestrian,7.4,0.36507936507936506,0.36507936507936506,0.0
pdm,gate any,pedestrian,7.6,0.36507936507936506,0.36507936507936506,0.0
pdm,gate any,pedestrian,7.8,0.36507936507936506,0.36507936507936506,0.0
pdm,gate any,pedestrian,8.0,0.36507936507936506,0.36507936507936506,0.0
pdm,gate any,pedestrian,8.2,0.36507936507936506,0.36507936507936506,0.0
pdm,gate any,pedestrian,8.4,0.36507936507936506,0.36507936507936506,0.0
pdm,gate any,pedestrian,8.6,0.36507936507936506,0.36507936507936506,0.0
pdm,gate any,pedestrian,8.8,0.36507936507936506,0.36507936507936506,0.0
pdm,gate any,pedestrian,9.0,0.36507936507936506,0.36507936507936506,0.0
pdm,gate any,pedestrian,9.2,0.36507936507936506,0.36507936507936506,0.0
pdm,gate any,pedestrian,9.4,0.36507936507936506,0.36507936507936506,0.0
pdm,gate any,pedestrian,9.6,0.36507936507936506,0.36507936507936506,0.0
pdm,gate any,pedestrian,9.8,0.36507936507936506,0.36507936507936506,0.0
pdm,gate any,pedestrian,10.0,0.36507936507936506,0.36507936507936506,0.0
pdm,gate pedestrian,pedestrian,0.0,0.015873015873015872,0.015873015873015872,0.0
pdm,gate pedestrian,pedestrian,0.2,0.047619047619047616,0.047619047619047616,0.0
pdm,gate pedestrian,pedestrian,0.4,0.1111111111111111,0.1111111111111111,0.0
pdm,gate pedestrian,pedestrian,0.6,0.1746031746031746,0.1746031746031746,0.0
pdm,gate pedestrian,pedestrian,0.8,0.30158730158730157,0.30158730158730157,0.0
pdm,gate pedestrian,pedestrian,1.0,0.30158730158730157,0.30158730158730157,0.0
pdm,gate pedestrian,pedestrian,1.2,0.3333333333333333,0.3333333333333333,0.0
pdm,gate pedestrian,pedestrian,1.4,0.36507936507936506,0.36507936507936506,0.0
pdm,gate pedestrian,pedestrian,1.6,0.36507936507936506,0.36507936507936506,0.0
pdm,gate pedestrian,pedestrian,1.8,0.36507936507936506,0.36507936507936506,0.0
pdm,gate pedestrian,pedestrian,2.0,0.38095238095238093,0.38095238095238093,0.0
pdm,gate pedestrian,pedestrian,2.2,0.3968253968253968,0.3968253968253968,0.0
pdm,gate pedestrian,pedestrian,2.4,0.3968253968253968,0.3968253968253968,0.0
pdm,gate pedestrian,pedestrian,2.6,0.3968253968253968,0.3968253968253968,0.0
pdm,gate pedestrian,pedestrian,2.8,0.3968253968253968,0.3968253968253968,0.0
pdm,gate pedestrian,pedestrian,3.0,0.3968253968253968,0.3968253968253968,0.0
pdm,gate pedestrian,pedestrian,3.2,0.42857142857142855,0.42857142857142855,0.0
pdm,gate pedestrian,pedestrian,3.4,0.42857142857142855,0.42857142857142855,0.0
pdm,gate pedestrian,pedestrian,3.6,0.42857142857142855,0.42857142857142855,0.0
pdm,gate pedestrian,pedestrian,3.8,0.4444444444444444,0.4444444444444444,0.0
pdm,gate pedestrian,pedestrian,4.0,0.4603174603174603,0.4603174603174603,0.0
pdm,gate pedestrian,pedestrian,4.2,0.4603174603174603,0.4603174603174603,0.0
pdm,gate pedestrian,pedestrian,4.4,0.4603174603174603,0.4603174603174603,0.0
pdm,gate pedestrian,pedestrian,4.6,0.4603174603174603,0.4603174603174603,0.0
pdm,gate pedestrian,pedestrian,4.8,0.4603174603174603,0.4603174603174603,0.0
pdm,gate pedestrian,pedestrian,5.0,0.4603174603174603,0.4603174603174603,0.0
pdm,gate pedestrian,pedestrian,5.2,0.4603174603174603,0.4603174603174603,0.0
pdm,gate pedestrian,pedestrian,5.4,0.4603174603174603,0.4603174603174603,0.0
pdm,gate pedestrian,pedestrian,5.6,0.4603174603174603,0.4603174603174603,0.0
pdm,gate pedestrian,pedestrian,5.8,0.4603174603174603,0.4603174603174603,0.0
pdm,gate pedestrian,pedestrian,6.0,0.4603174603174603,0.4603174603174603,0.0
pdm,gate pedestrian,pedestrian,6.2,0.4603174603174603,0.4603174603174603,0.0
pdm,gate pedestrian,pedestrian,6.4,0.4603174603174603,0.4603174603174603,0.0
pdm,gate pedestrian,pedestrian,6.6,0.4603174603174603,0.4603174603174603,0.0
pdm,gate pedestrian,pedestrian,6.8,0.4603174603174603,0.4603174603174603,0.0
pdm,gate pedestrian,pedestrian,7.0,0.4603174603174603,0.4603174603174603,0.0
pdm,gate pedestrian,pedestrian,7.2,0.4603174603174603,0.4603174603174603,0.0
pdm,gate pedestrian,pedestrian,7.4,0.4603174603174603,0.4603174603174603,0.0
pdm,gate pedestrian,pedestrian,7.6,0.4603174603174603,0.4603174603174603,0.0
pdm,gate pedestrian,pedestrian,7.8,0.4603174603174603,0.4603174603174603,0.0
pdm,gate pedestrian,pedestrian,8.0,0.4603174603174603,0.4603174603174603,0.0
pdm,gate pedestrian,pedestrian,8.2,0.4603174603174603,0.4603174603174603,0.0
pdm,gate pedestrian,pedestrian,8.4,0.4603174603174603,0.4603174603174603,0.0
pdm,gate pedestrian,pedestrian,8.6,0.4603174603174603,0.4603174603174603,0.0
pdm,gate pedestrian,pedestrian,8.8,0.4603174603174603,0.4603174603174603,0.0
pdm,gate pedestrian,pedestrian,9.0,0.4603174603174603,0.4603174603174603,0.0
pdm,gate pedestrian,pedestrian,9.2,0.4603174603174603,0.4603174603174603,0.0
pdm,gate pedestrian,pedestrian,9.4,0.4603174603174603,0.4603174603174603,0.0
pdm,gate pedestrian,pedestrian,9.6,0.4603174603174603,0.4603174603174603,0.0
pdm,gate pedestrian,pedestrian,9.8,0.4603174603174603,0.4603174603174603,0.0
pdm,gate pedestrian,pedestrian,10.0,0.4603174603174603,0.4603174603174603,0.0
pdm,gate ttc,pedestrian,0.0,0.0,0.0,0.0
pdm,gate ttc,pedestrian,0.2,0.0,0.0,0.0
pdm,gate ttc,pedestrian,0.4,0.0,0.0,0.0
pdm,gate ttc,pedestrian,0.6,0.0,0.0,0.0
pdm,gate ttc,pedestrian,0.8,0.0,0.0,0.0
pdm,gate ttc,pedestrian,1.0,0.0,0.0,0.0
pdm,gate ttc,pedestrian,1.2,0.0,0.0,0.0
pdm,gate ttc,pedestrian,1.4,0.0,0.0,0.0
pdm,gate ttc,pedestrian,1.6,0.0,0.0,0.0
pdm,gate ttc,pedestrian,1.8,0.0,0.0,0.0
pdm,gate ttc,pedestrian,2.0,0.0,0.0,0.0
pdm,gate ttc,pedestrian,2.2,0.0,0.0,0.0
pdm,gate ttc,pedestrian,2.4,0.0,0.0,0.0
pdm,gate ttc,pedestrian,2.6,0.0,0.0,0.0
pdm,gate ttc,pedestrian,2.8,0.0,0.0,0.0
pdm,gate ttc,pedestrian,3.0,0.0,0.0,0.0
pdm,gate ttc,pedestrian,3.2,0.0,0.0,0.0
pdm,gate ttc,pedestrian,3.4,0.0,0.0,0.0
pdm,gate ttc,pedestrian,3.6,0.0,0.0,0.0
pdm,gate ttc,pedestrian,3.8,0.0,0.0,0.0
pdm,gate ttc,pedestrian,4.0,0.0,0.0,0.0
pdm,gate ttc,pedestrian,4.2,0.0,0.0,0.0
pdm,gate ttc,pedestrian,4.4,0.0,0.0,0.0
pdm,gate ttc,pedestrian,4.6,0.0,0.0,0.0
pdm,gate ttc,pedestrian,4.8,0.0,0.0,0.0
pdm,gate ttc,pedestrian,5.0,0.0,0.0,0.0
pdm,gate ttc,pedestrian,5.2,0.0,0.0,0.0
pdm,gate ttc,pedestrian,5.4,0.0,0.0,0.0
pdm,gate ttc,pedestrian,5.6,0.0,0.0,0.0
pdm,gate ttc,pedestrian,5.8,0.0,0.0,0.0
pdm,gate ttc,pedestrian,6.0,0.0,0.0,0.0
pdm,gate ttc,pedestrian,6.2,0.0,0.0,0.0
pdm,gate ttc,pedestrian,6.4,0.0,0.0,0.0
pdm,gate ttc,pedestrian,6.6,0.0,0.0,0.0
pdm,gate ttc,pedestrian,6.8,0.0,0.0,0.0
pdm,gate ttc,pedestrian,7.0,0.0,0.0,0.0
pdm,gate ttc,pedestrian,7.2,0.0,0.0,0.0
pdm,gate ttc,pedestrian,7.4,0.0,0.0,0.0
pdm,gate ttc,pedestrian,7.6,0.0,0.0,0.0
pdm,gate ttc,pedestrian,7.8,0.0,0.0,0.0
pdm,gate ttc,pedestrian,8.0,0.0,0.0,0.0
pdm,gate ttc,pedestrian,8.2,0.0,0.0,0.0
pdm,gate ttc,pedestrian,8.4,0.0,0.0,0.0
pdm,gate ttc,pedestrian,8.6,0.0,0.0,0.0
pdm,gate ttc,pedestrian,8.8,0.0,0.0,0.0
pdm,gate ttc,pedestrian,9.0,0.0,0.0,0.0
pdm,gate ttc,pedestrian,9.2,0.0,0.0,0.0
pdm,gate ttc,pedestrian,9.4,0.0,0.0,0.0
pdm,gate ttc,pedestrian,9.6,0.0,0.0,0.0
pdm,gate ttc,pedestrian,9.8,0.0,0.0,0.0
pdm,gate ttc,pedestrian,10.0,0.0,0.0,0.0
pdm,gate intrusion,pedestrian,0.0,0.0,0.0,0.0
pdm,gate intrusion,pedestrian,0.2,0.0,0.0,0.0
pdm,gate intrusion,pedestrian,0.4,0.0,0.0,0.0
pdm,gate intrusion,pedestrian,0.6,0.0,0.0,0.0
pdm,gate intrusion,pedestrian,0.8,0.0,0.0,0.0
pdm,gate intrusion,pedestrian,1.0,0.0,0.0,0.0
pdm,gate intrusion,pedestrian,1.2,0.0,0.0,0.0
pdm,gate intrusion,pedestrian,1.4,0.0,0.0,0.0
pdm,gate intrusion,pedestrian,1.6,0.0,0.0,0.0
pdm,gate intrusion,pedestrian,1.8,0.0,0.0,0.0
pdm,gate intrusion,pedestrian,2.0,0.0,0.0,0.0
pdm,gate intrusion,pedestrian,2.2,0.0,0.0,0.0
pdm,gate intrusion,pedestrian,2.4,0.0,0.0,0.0
pdm,gate intrusion,pedestrian,2.6,0.0,0.0,0.0
pdm,gate intrusion,pedestrian,2.8,0.0,0.0,0.0
pdm,gate intrusion,pedestrian,3.0,0.0,0.0,0.0
pdm,gate intrusion,pedestrian,3.2,0.0,0.0,0.0
pdm,gate intrusion,pedestrian,3.4,0.0,0.0,0.0
pdm,gate intrusion,pedestrian,3.6,0.0,0.0,0.0
pdm,gate intrusion,pedestrian,3.8,0.0,0.0,0.0
pdm,gate intrusion,pedestrian,4.0,0.0,0.0,0.0
pdm,gate intrusion,pedestrian,4.2,0.0,0.0,0.0
pdm,gate intrusion,pedestrian,4.4,0.0,0.0,0.0
pdm,gate intrusion,pedestrian,4.6,0.0,0.0,0.0
pdm,gate intrusion,pedestrian,4.8,0.0,0.0,0.0
pdm,gate intrusion,pedestrian,5.0,0.0,0.0,0.0
pdm,gate intrusion,pedestrian,5.2,0.0,0.0,0.0
pdm,gate intrusion,pedestrian,5.4,0.0,0.0,0.0
pdm,gate intrusion,pedestrian,5.6,0.0,0.0,0.0
pdm,gate intrusion,pedestrian,5.8,0.0,0.0,0.0
pdm,gate intrusion,pedestrian,6.0,0.0,0.0,0.0
pdm,gate intrusion,pedestrian,6.2,0.0,0.0,0.0
pdm,gate intrusion,pedestrian,6.4,0.0,0.0,0.0
pdm,gate intrusion,pedestrian,6.6,0.0,0.0,0.0
pdm,gate intrusion,pedestrian,6.8,0.0,0.0,0.0
pdm,gate intrusion,pedestrian,7.0,0.0,0.0,0.0
pdm,gate intrusion,pedestrian,7.2,0.0,0.0,0.0
pdm,gate intrusion,pedestrian,7.4,0.0,0.0,0.0
pdm,gate intrusion,pedestrian,7.6,0.0,0.0,0.0
pdm,gate intrusion,pedestrian,7.8,0.0,0.0,0.0
pdm,gate intrusion,pedestrian,8.0,0.0,0.0,0.0
pdm,gate intrusion,pedestrian,8.2,0.0,0.0,0.0
pdm,gate intrusion,pedestrian,8.4,0.0,0.0,0.0
pdm,gate intrusion,pedestrian,8.6,0.0,0.0,0.0
pdm,gate intrusion,pedestrian,8.8,0.0,0.0,0.0
pdm,gate intrusion,pedestrian,9.0,0.0,0.0,0.0
pdm,gate intrusion,pedestrian,9.2,0.0,0.0,0.0
pdm,gate intrusion,pedestrian,9.4,0.0,0.0,0.0
pdm,gate intrusion,pedestrian,9.6,0.0,0.0,0.0
pdm,gate intrusion,pedestrian,9.8,0.0,0.0,0.0
pdm,gate intrusion,pedestrian,10.0,0.0,0.0,0.0
pdm,gate any (L = 0.6 s),pedestrian,0.0,0.015873015873015872,0.015873015873015872,0.0
pdm,gate any (L = 0.6 s),pedestrian,0.2,0.047619047619047616,0.047619047619047616,0.0
pdm,gate any (L = 0.6 s),pedestrian,0.4,0.09523809523809523,0.09523809523809523,0.0
pdm,gate any (L = 0.6 s),pedestrian,0.6,0.14285714285714285,0.14285714285714285,0.0
pdm,gate any (L = 0.6 s),pedestrian,0.8,0.25396825396825395,0.25396825396825395,0.0
pdm,gate any (L = 0.6 s),pedestrian,1.0,0.25396825396825395,0.25396825396825395,0.0
pdm,gate any (L = 0.6 s),pedestrian,1.2,0.2857142857142857,0.2857142857142857,0.0
pdm,gate any (L = 0.6 s),pedestrian,1.4,0.31746031746031744,0.31746031746031744,0.0
pdm,gate any (L = 0.6 s),pedestrian,1.6,0.31746031746031744,0.31746031746031744,0.0
pdm,gate any (L = 0.6 s),pedestrian,1.8,0.31746031746031744,0.31746031746031744,0.0
pdm,gate any (L = 0.6 s),pedestrian,2.0,0.3333333333333333,0.3333333333333333,0.0
pdm,gate any (L = 0.6 s),pedestrian,2.2,0.3492063492063492,0.3492063492063492,0.0
pdm,gate any (L = 0.6 s),pedestrian,2.4,0.3492063492063492,0.3492063492063492,0.0
pdm,gate any (L = 0.6 s),pedestrian,2.6,0.3492063492063492,0.3492063492063492,0.0
pdm,gate any (L = 0.6 s),pedestrian,2.8,0.3492063492063492,0.3492063492063492,0.0
pdm,gate any (L = 0.6 s),pedestrian,3.0,0.3492063492063492,0.3492063492063492,0.0
pdm,gate any (L = 0.6 s),pedestrian,3.2,0.3492063492063492,0.3492063492063492,0.0
pdm,gate any (L = 0.6 s),pedestrian,3.4,0.3492063492063492,0.3492063492063492,0.0
pdm,gate any (L = 0.6 s),pedestrian,3.6,0.3492063492063492,0.3492063492063492,0.0
pdm,gate any (L = 0.6 s),pedestrian,3.8,0.3492063492063492,0.3492063492063492,0.0
pdm,gate any (L = 0.6 s),pedestrian,4.0,0.36507936507936506,0.36507936507936506,0.0
pdm,gate any (L = 0.6 s),pedestrian,4.2,0.36507936507936506,0.36507936507936506,0.0
pdm,gate any (L = 0.6 s),pedestrian,4.4,0.36507936507936506,0.36507936507936506,0.0
pdm,gate any (L = 0.6 s),pedestrian,4.6,0.36507936507936506,0.36507936507936506,0.0
pdm,gate any (L = 0.6 s),pedestrian,4.8,0.36507936507936506,0.36507936507936506,0.0
pdm,gate any (L = 0.6 s),pedestrian,5.0,0.36507936507936506,0.36507936507936506,0.0
pdm,gate any (L = 0.6 s),pedestrian,5.2,0.36507936507936506,0.36507936507936506,0.0
pdm,gate any (L = 0.6 s),pedestrian,5.4,0.36507936507936506,0.36507936507936506,0.0
pdm,gate any (L = 0.6 s),pedestrian,5.6,0.36507936507936506,0.36507936507936506,0.0
pdm,gate any (L = 0.6 s),pedestrian,5.8,0.36507936507936506,0.36507936507936506,0.0
pdm,gate any (L = 0.6 s),pedestrian,6.0,0.36507936507936506,0.36507936507936506,0.0
pdm,gate any (L = 0.6 s),pedestrian,6.2,0.36507936507936506,0.36507936507936506,0.0
pdm,gate any (L = 0.6 s),pedestrian,6.4,0.36507936507936506,0.36507936507936506,0.0
pdm,gate any (L = 0.6 s),pedestrian,6.6,0.36507936507936506,0.36507936507936506,0.0
pdm,gate any (L = 0.6 s),pedestrian,6.8,0.36507936507936506,0.36507936507936506,0.0
pdm,gate any (L = 0.6 s),pedestrian,7.0,0.36507936507936506,0.36507936507936506,0.0
pdm,gate any (L = 0.6 s),pedestrian,7.2,0.36507936507936506,0.36507936507936506,0.0
pdm,gate any (L = 0.6 s),pedestrian,7.4,0.36507936507936506,0.36507936507936506,0.0
pdm,gate any (L = 0.6 s),pedestrian,7.6,0.36507936507936506,0.36507936507936506,0.0
pdm,gate any (L = 0.6 s),pedestrian,7.8,0.36507936507936506,0.36507936507936506,0.0
pdm,gate any (L = 0.6 s),pedestrian,8.0,0.36507936507936506,0.36507936507936506,0.0
pdm,gate any (L = 0.6 s),pedestrian,8.2,0.36507936507936506,0.36507936507936506,0.0
pdm,gate any (L = 0.6 s),pedestrian,8.4,0.36507936507936506,0.36507936507936506,0.0
pdm,gate any (L = 0.6 s),pedestrian,8.6,0.36507936507936506,0.36507936507936506,0.0
pdm,gate any (L = 0.6 s),pedestrian,8.8,0.36507936507936506,0.36507936507936506,0.0
pdm,gate any (L = 0.6 s),pedestrian,9.0,0.36507936507936506,0.36507936507936506,0.0
pdm,gate any (L = 0.6 s),pedestrian,9.2,0.36507936507936506,0.36507936507936506,0.0
pdm,gate any (L = 0.6 s),pedestrian,9.4,0.36507936507936506,0.36507936507936506,0.0
pdm,gate any (L = 0.6 s),pedestrian,9.6,0.36507936507936506,0.36507936507936506,0.0
pdm,gate any (L = 0.6 s),pedestrian,9.8,0.36507936507936506,0.36507936507936506,0.0
pdm,gate any (L = 0.6 s),pedestrian,10.0,0.36507936507936506,0.36507936507936506,0.0
pdm,TFv6 target speed,cut-in,0.0,0.012987012987012988,0.0,0.037037037037037035
pdm,TFv6 target speed,cut-in,0.2,0.012987012987012988,0.0,0.037037037037037035
pdm,TFv6 target speed,cut-in,0.4,0.05194805194805195,0.03896103896103896,0.1111111111111111
pdm,TFv6 target speed,cut-in,0.6,0.07792207792207792,0.03896103896103896,0.1111111111111111
pdm,TFv6 target speed,cut-in,0.8,0.12987012987012986,0.03896103896103896,0.14814814814814814
pdm,TFv6 target speed,cut-in,1.0,0.12987012987012986,0.03896103896103896,0.14814814814814814
pdm,TFv6 target speed,cut-in,1.2,0.18181818181818182,0.03896103896103896,0.18518518518518517
pdm,TFv6 target speed,cut-in,1.4,0.18181818181818182,0.03896103896103896,0.2962962962962963
pdm,TFv6 target speed,cut-in,1.6,0.18181818181818182,0.03896103896103896,0.2962962962962963
pdm,TFv6 target speed,cut-in,1.8,0.18181818181818182,0.03896103896103896,0.3333333333333333
pdm,TFv6 target speed,cut-in,2.0,0.19480519480519481,0.06493506493506493,0.37037037037037035
pdm,TFv6 target speed,cut-in,2.2,0.2077922077922078,0.06493506493506493,0.4074074074074074
pdm,TFv6 target speed,cut-in,2.4,0.2077922077922078,0.07792207792207792,0.4074074074074074
pdm,TFv6 target speed,cut-in,2.6,0.23376623376623376,0.1038961038961039,0.4074074074074074
pdm,TFv6 target speed,cut-in,2.8,0.2597402597402597,0.12987012987012986,0.4074074074074074
pdm,TFv6 target speed,cut-in,3.0,0.3246753246753247,0.2077922077922078,0.4074074074074074
pdm,TFv6 target speed,cut-in,3.2,0.33766233766233766,0.22077922077922077,0.4074074074074074
pdm,TFv6 target speed,cut-in,3.4,0.36363636363636365,0.24675324675324675,0.4074074074074074
pdm,TFv6 target speed,cut-in,3.6,0.36363636363636365,0.2597402597402597,0.4074074074074074
pdm,TFv6 target speed,cut-in,3.8,0.36363636363636365,0.2597402597402597,0.4444444444444444
pdm,TFv6 target speed,cut-in,4.0,0.37662337662337664,0.2597402597402597,0.4444444444444444
pdm,TFv6 target speed,cut-in,4.2,0.37662337662337664,0.2597402597402597,0.4444444444444444
pdm,TFv6 target speed,cut-in,4.4,0.37662337662337664,0.2597402597402597,0.4444444444444444
pdm,TFv6 target speed,cut-in,4.6,0.37662337662337664,0.2597402597402597,0.4444444444444444
pdm,TFv6 target speed,cut-in,4.8,0.37662337662337664,0.2597402597402597,0.4444444444444444
pdm,TFv6 target speed,cut-in,5.0,0.37662337662337664,0.2597402597402597,0.5185185185185185
pdm,TFv6 target speed,cut-in,5.2,0.37662337662337664,0.2597402597402597,0.5185185185185185
pdm,TFv6 target speed,cut-in,5.4,0.37662337662337664,0.2597402597402597,0.5185185185185185
pdm,TFv6 target speed,cut-in,5.6,0.37662337662337664,0.2597402597402597,0.5185185185185185
pdm,TFv6 target speed,cut-in,5.8,0.37662337662337664,0.2597402597402597,0.5185185185185185
pdm,TFv6 target speed,cut-in,6.0,0.37662337662337664,0.2597402597402597,0.5185185185185185
pdm,TFv6 target speed,cut-in,6.2,0.37662337662337664,0.2597402597402597,0.5185185185185185
pdm,TFv6 target speed,cut-in,6.4,0.37662337662337664,0.2597402597402597,0.5185185185185185
pdm,TFv6 target speed,cut-in,6.6,0.37662337662337664,0.2597402597402597,0.5185185185185185
pdm,TFv6 target speed,cut-in,6.8,0.37662337662337664,0.2597402597402597,0.5185185185185185
pdm,TFv6 target speed,cut-in,7.0,0.37662337662337664,0.2597402597402597,0.5185185185185185
pdm,TFv6 target speed,cut-in,7.2,0.37662337662337664,0.2597402597402597,0.5185185185185185
pdm,TFv6 target speed,cut-in,7.4,0.37662337662337664,0.2597402597402597,0.5185185185185185
pdm,TFv6 target speed,cut-in,7.6,0.37662337662337664,0.2597402597402597,0.5185185185185185
pdm,TFv6 target speed,cut-in,7.8,0.37662337662337664,0.2597402597402597,0.5185185185185185
pdm,TFv6 target speed,cut-in,8.0,0.37662337662337664,0.2597402597402597,0.5185185185185185
pdm,TFv6 target speed,cut-in,8.2,0.37662337662337664,0.2597402597402597,0.5185185185185185
pdm,TFv6 target speed,cut-in,8.4,0.37662337662337664,0.2597402597402597,0.5185185185185185
pdm,TFv6 target speed,cut-in,8.6,0.37662337662337664,0.2597402597402597,0.5185185185185185
pdm,TFv6 target speed,cut-in,8.8,0.37662337662337664,0.2597402597402597,0.5185185185185185
pdm,TFv6 target speed,cut-in,9.0,0.37662337662337664,0.2597402597402597,0.5185185185185185
pdm,TFv6 target speed,cut-in,9.2,0.37662337662337664,0.2597402597402597,0.5185185185185185
pdm,TFv6 target speed,cut-in,9.4,0.37662337662337664,0.2597402597402597,0.5185185185185185
pdm,TFv6 target speed,cut-in,9.6,0.37662337662337664,0.2597402597402597,0.5185185185185185
pdm,TFv6 target speed,cut-in,9.8,0.37662337662337664,0.2597402597402597,0.5185185185185185
pdm,TFv6 target speed,cut-in,10.0,0.37662337662337664,0.2597402597402597,0.5185185185185185
pdm,TFv6 waypoint speed 2 s,cut-in,0.0,0.012987012987012988,0.012987012987012988,0.037037037037037035
pdm,TFv6 waypoint speed 2 s,cut-in,0.2,0.012987012987012988,0.012987012987012988,0.037037037037037035
pdm,TFv6 waypoint speed 2 s,cut-in,0.4,0.012987012987012988,0.012987012987012988,0.037037037037037035
pdm,TFv6 waypoint speed 2 s,cut-in,0.6,0.03896103896103896,0.025974025974025976,0.037037037037037035
pdm,TFv6 waypoint speed 2 s,cut-in,0.8,0.05194805194805195,0.025974025974025976,0.037037037037037035
pdm,TFv6 waypoint speed 2 s,cut-in,1.0,0.05194805194805195,0.025974025974025976,0.037037037037037035
pdm,TFv6 waypoint speed 2 s,cut-in,1.2,0.05194805194805195,0.025974025974025976,0.037037037037037035
pdm,TFv6 waypoint speed 2 s,cut-in,1.4,0.05194805194805195,0.025974025974025976,0.037037037037037035
pdm,TFv6 waypoint speed 2 s,cut-in,1.6,0.05194805194805195,0.025974025974025976,0.037037037037037035
pdm,TFv6 waypoint speed 2 s,cut-in,1.8,0.05194805194805195,0.025974025974025976,0.037037037037037035
pdm,TFv6 waypoint speed 2 s,cut-in,2.0,0.06493506493506493,0.025974025974025976,0.037037037037037035
pdm,TFv6 waypoint speed 2 s,cut-in,2.2,0.09090909090909091,0.05194805194805195,0.037037037037037035
pdm,TFv6 waypoint speed 2 s,cut-in,2.4,0.14285714285714285,0.1038961038961039,0.037037037037037035
pdm,TFv6 waypoint speed 2 s,cut-in,2.6,0.19480519480519481,0.16883116883116883,0.07407407407407407
pdm,TFv6 waypoint speed 2 s,cut-in,2.8,0.23376623376623376,0.2077922077922078,0.1111111111111111
pdm,TFv6 waypoint speed 2 s,cut-in,3.0,0.2597402597402597,0.23376623376623376,0.14814814814814814
pdm,TFv6 waypoint speed 2 s,cut-in,3.2,0.2727272727272727,0.24675324675324675,0.14814814814814814
pdm,TFv6 waypoint speed 2 s,cut-in,3.4,0.2727272727272727,0.24675324675324675,0.14814814814814814
pdm,TFv6 waypoint speed 2 s,cut-in,3.6,0.2727272727272727,0.24675324675324675,0.14814814814814814
pdm,TFv6 waypoint speed 2 s,cut-in,3.8,0.2727272727272727,0.24675324675324675,0.14814814814814814
pdm,TFv6 waypoint speed 2 s,cut-in,4.0,0.2727272727272727,0.24675324675324675,0.18518518518518517
pdm,TFv6 waypoint speed 2 s,cut-in,4.2,0.2727272727272727,0.24675324675324675,0.18518518518518517
pdm,TFv6 waypoint speed 2 s,cut-in,4.4,0.2727272727272727,0.24675324675324675,0.18518518518518517
pdm,TFv6 waypoint speed 2 s,cut-in,4.6,0.2727272727272727,0.24675324675324675,0.18518518518518517
pdm,TFv6 waypoint speed 2 s,cut-in,4.8,0.2727272727272727,0.24675324675324675,0.18518518518518517
pdm,TFv6 waypoint speed 2 s,cut-in,5.0,0.2727272727272727,0.24675324675324675,0.18518518518518517
pdm,TFv6 waypoint speed 2 s,cut-in,5.2,0.2857142857142857,0.2597402597402597,0.2222222222222222
pdm,TFv6 waypoint speed 2 s,cut-in,5.4,0.2857142857142857,0.2597402597402597,0.2222222222222222
pdm,TFv6 waypoint speed 2 s,cut-in,5.6,0.2857142857142857,0.2597402597402597,0.2222222222222222
pdm,TFv6 waypoint speed 2 s,cut-in,5.8,0.2857142857142857,0.2597402597402597,0.2222222222222222
pdm,TFv6 waypoint speed 2 s,cut-in,6.0,0.2857142857142857,0.2597402597402597,0.2222222222222222
pdm,TFv6 waypoint speed 2 s,cut-in,6.2,0.2857142857142857,0.2597402597402597,0.2222222222222222
pdm,TFv6 waypoint speed 2 s,cut-in,6.4,0.2857142857142857,0.2597402597402597,0.2222222222222222
pdm,TFv6 waypoint speed 2 s,cut-in,6.6,0.2857142857142857,0.2597402597402597,0.2222222222222222
pdm,TFv6 waypoint speed 2 s,cut-in,6.8,0.2857142857142857,0.2597402597402597,0.2222222222222222
pdm,TFv6 waypoint speed 2 s,cut-in,7.0,0.2857142857142857,0.2597402597402597,0.2222222222222222
pdm,TFv6 waypoint speed 2 s,cut-in,7.2,0.2857142857142857,0.2597402597402597,0.2222222222222222
pdm,TFv6 waypoint speed 2 s,cut-in,7.4,0.2857142857142857,0.2597402597402597,0.2222222222222222
pdm,TFv6 waypoint speed 2 s,cut-in,7.6,0.2857142857142857,0.2597402597402597,0.2222222222222222
pdm,TFv6 waypoint speed 2 s,cut-in,7.8,0.2857142857142857,0.2597402597402597,0.2222222222222222
pdm,TFv6 waypoint speed 2 s,cut-in,8.0,0.2857142857142857,0.2597402597402597,0.2222222222222222
pdm,TFv6 waypoint speed 2 s,cut-in,8.2,0.2857142857142857,0.2597402597402597,0.2222222222222222
pdm,TFv6 waypoint speed 2 s,cut-in,8.4,0.2857142857142857,0.2597402597402597,0.2222222222222222
pdm,TFv6 waypoint speed 2 s,cut-in,8.6,0.2857142857142857,0.2597402597402597,0.2222222222222222
pdm,TFv6 waypoint speed 2 s,cut-in,8.8,0.2857142857142857,0.2597402597402597,0.2222222222222222
pdm,TFv6 waypoint speed 2 s,cut-in,9.0,0.2857142857142857,0.2597402597402597,0.2222222222222222
pdm,TFv6 waypoint speed 2 s,cut-in,9.2,0.2857142857142857,0.2597402597402597,0.2222222222222222
pdm,TFv6 waypoint speed 2 s,cut-in,9.4,0.2857142857142857,0.2597402597402597,0.2222222222222222
pdm,TFv6 waypoint speed 2 s,cut-in,9.6,0.2857142857142857,0.2597402597402597,0.2222222222222222
pdm,TFv6 waypoint speed 2 s,cut-in,9.8,0.2857142857142857,0.2597402597402597,0.2222222222222222
pdm,TFv6 waypoint speed 2 s,cut-in,10.0,0.2857142857142857,0.2597402597402597,0.2222222222222222
pdm,TFv6 target speed (decoded scalar),cut-in,0.0,0.012987012987012988,0.0,0.037037037037037035
pdm,TFv6 target speed (decoded scalar),cut-in,0.2,0.012987012987012988,0.0,0.037037037037037035
pdm,TFv6 target speed (decoded scalar),cut-in,0.4,0.03896103896103896,0.025974025974025976,0.1111111111111111
pdm,TFv6 target speed (decoded scalar),cut-in,0.6,0.06493506493506493,0.025974025974025976,0.14814814814814814
pdm,TFv6 target speed (decoded scalar),cut-in,0.8,0.11688311688311688,0.025974025974025976,0.14814814814814814
pdm,TFv6 target speed (decoded scalar),cut-in,1.0,0.11688311688311688,0.025974025974025976,0.14814814814814814
pdm,TFv6 target speed (decoded scalar),cut-in,1.2,0.16883116883116883,0.025974025974025976,0.18518518518518517
pdm,TFv6 target speed (decoded scalar),cut-in,1.4,0.16883116883116883,0.025974025974025976,0.2962962962962963
pdm,TFv6 target speed (decoded scalar),cut-in,1.6,0.16883116883116883,0.025974025974025976,0.2962962962962963
pdm,TFv6 target speed (decoded scalar),cut-in,1.8,0.16883116883116883,0.025974025974025976,0.3333333333333333
pdm,TFv6 target speed (decoded scalar),cut-in,2.0,0.18181818181818182,0.05194805194805195,0.37037037037037035
pdm,TFv6 target speed (decoded scalar),cut-in,2.2,0.19480519480519481,0.05194805194805195,0.4074074074074074
pdm,TFv6 target speed (decoded scalar),cut-in,2.4,0.19480519480519481,0.06493506493506493,0.4074074074074074
pdm,TFv6 target speed (decoded scalar),cut-in,2.6,0.22077922077922077,0.09090909090909091,0.4074074074074074
pdm,TFv6 target speed (decoded scalar),cut-in,2.8,0.24675324675324675,0.11688311688311688,0.4074074074074074
pdm,TFv6 target speed (decoded scalar),cut-in,3.0,0.3116883116883117,0.19480519480519481,0.4074074074074074
pdm,TFv6 target speed (decoded scalar),cut-in,3.2,0.3246753246753247,0.2077922077922078,0.4074074074074074
pdm,TFv6 target speed (decoded scalar),cut-in,3.4,0.35064935064935066,0.23376623376623376,0.4074074074074074
pdm,TFv6 target speed (decoded scalar),cut-in,3.6,0.35064935064935066,0.24675324675324675,0.4074074074074074
pdm,TFv6 target speed (decoded scalar),cut-in,3.8,0.35064935064935066,0.24675324675324675,0.4444444444444444
pdm,TFv6 target speed (decoded scalar),cut-in,4.0,0.36363636363636365,0.24675324675324675,0.4444444444444444
pdm,TFv6 target speed (decoded scalar),cut-in,4.2,0.36363636363636365,0.24675324675324675,0.4444444444444444
pdm,TFv6 target speed (decoded scalar),cut-in,4.4,0.36363636363636365,0.24675324675324675,0.4444444444444444
pdm,TFv6 target speed (decoded scalar),cut-in,4.6,0.36363636363636365,0.24675324675324675,0.4444444444444444
pdm,TFv6 target speed (decoded scalar),cut-in,4.8,0.36363636363636365,0.24675324675324675,0.4444444444444444
pdm,TFv6 target speed (decoded scalar),cut-in,5.0,0.36363636363636365,0.24675324675324675,0.5185185185185185
pdm,TFv6 target speed (decoded scalar),cut-in,5.2,0.36363636363636365,0.24675324675324675,0.5185185185185185
pdm,TFv6 target speed (decoded scalar),cut-in,5.4,0.36363636363636365,0.24675324675324675,0.5185185185185185
pdm,TFv6 target speed (decoded scalar),cut-in,5.6,0.36363636363636365,0.24675324675324675,0.5185185185185185
pdm,TFv6 target speed (decoded scalar),cut-in,5.8,0.36363636363636365,0.24675324675324675,0.5185185185185185
pdm,TFv6 target speed (decoded scalar),cut-in,6.0,0.36363636363636365,0.24675324675324675,0.5185185185185185
pdm,TFv6 target speed (decoded scalar),cut-in,6.2,0.36363636363636365,0.24675324675324675,0.5185185185185185
pdm,TFv6 target speed (decoded scalar),cut-in,6.4,0.36363636363636365,0.24675324675324675,0.5185185185185185
pdm,TFv6 target speed (decoded scalar),cut-in,6.6,0.36363636363636365,0.24675324675324675,0.5185185185185185
pdm,TFv6 target speed (decoded scalar),cut-in,6.8,0.36363636363636365,0.24675324675324675,0.5185185185185185
pdm,TFv6 target speed (decoded scalar),cut-in,7.0,0.36363636363636365,0.24675324675324675,0.5185185185185185
pdm,TFv6 target speed (decoded scalar),cut-in,7.2,0.36363636363636365,0.24675324675324675,0.5185185185185185
pdm,TFv6 target speed (decoded scalar),cut-in,7.4,0.36363636363636365,0.24675324675324675,0.5185185185185185
pdm,TFv6 target speed (decoded scalar),cut-in,7.6,0.36363636363636365,0.24675324675324675,0.5185185185185185
pdm,TFv6 target speed (decoded scalar),cut-in,7.8,0.36363636363636365,0.24675324675324675,0.5185185185185185
pdm,TFv6 target speed (decoded scalar),cut-in,8.0,0.36363636363636365,0.24675324675324675,0.5185185185185185
pdm,TFv6 target speed (decoded scalar),cut-in,8.2,0.36363636363636365,0.24675324675324675,0.5185185185185185
pdm,TFv6 target speed (decoded scalar),cut-in,8.4,0.36363636363636365,0.24675324675324675,0.5185185185185185
pdm,TFv6 target speed (decoded scalar),cut-in,8.6,0.36363636363636365,0.24675324675324675,0.5185185185185185
pdm,TFv6 target speed (decoded scalar),cut-in,8.8,0.36363636363636365,0.24675324675324675,0.5185185185185185
pdm,TFv6 target speed (decoded scalar),cut-in,9.0,0.36363636363636365,0.24675324675324675,0.5185185185185185
pdm,TFv6 target speed (decoded scalar),cut-in,9.2,0.36363636363636365,0.24675324675324675,0.5185185185185185
pdm,TFv6 target speed (decoded scalar),cut-in,9.4,0.36363636363636365,0.24675324675324675,0.5185185185185185
pdm,TFv6 target speed (decoded scalar),cut-in,9.6,0.36363636363636365,0.24675324675324675,0.5185185185185185
pdm,TFv6 target speed (decoded scalar),cut-in,9.8,0.36363636363636365,0.24675324675324675,0.5185185185185185
pdm,TFv6 target speed (decoded scalar),cut-in,10.0,0.36363636363636365,0.24675324675324675,0.5185185185185185
pdm,ridge ego,cut-in,0.0,0.0,0.0,0.0
pdm,ridge ego,cut-in,0.2,0.0,0.0,0.0
pdm,ridge ego,cut-in,0.4,0.0,0.0,0.0
pdm,ridge ego,cut-in,0.6,0.025974025974025976,0.025974025974025976,0.0
pdm,ridge ego,cut-in,0.8,0.025974025974025976,0.025974025974025976,0.0
pdm,ridge ego,cut-in,1.0,0.025974025974025976,0.025974025974025976,0.0
pdm,ridge ego,cut-in,1.2,0.025974025974025976,0.025974025974025976,0.0
pdm,ridge ego,cut-in,1.4,0.025974025974025976,0.025974025974025976,0.0
pdm,ridge ego,cut-in,1.6,0.025974025974025976,0.025974025974025976,0.0
pdm,ridge ego,cut-in,1.8,0.025974025974025976,0.025974025974025976,0.0
pdm,ridge ego,cut-in,2.0,0.025974025974025976,0.025974025974025976,0.0
pdm,ridge ego,cut-in,2.2,0.025974025974025976,0.025974025974025976,0.0
pdm,ridge ego,cut-in,2.4,0.025974025974025976,0.025974025974025976,0.0
pdm,ridge ego,cut-in,2.6,0.025974025974025976,0.025974025974025976,0.0
pdm,ridge ego,cut-in,2.8,0.025974025974025976,0.025974025974025976,0.0
pdm,ridge ego,cut-in,3.0,0.025974025974025976,0.025974025974025976,0.0
pdm,ridge ego,cut-in,3.2,0.025974025974025976,0.025974025974025976,0.0
pdm,ridge ego,cut-in,3.4,0.03896103896103896,0.03896103896103896,0.0
pdm,ridge ego,cut-in,3.6,0.06493506493506493,0.06493506493506493,0.0
pdm,ridge ego,cut-in,3.8,0.18181818181818182,0.18181818181818182,0.0
pdm,ridge ego,cut-in,4.0,0.19480519480519481,0.19480519480519481,0.0
pdm,ridge ego,cut-in,4.2,0.19480519480519481,0.19480519480519481,0.0
pdm,ridge ego,cut-in,4.4,0.19480519480519481,0.19480519480519481,0.0
pdm,ridge ego,cut-in,4.6,0.24675324675324675,0.24675324675324675,0.0
pdm,ridge ego,cut-in,4.8,0.24675324675324675,0.24675324675324675,0.0
pdm,ridge ego,cut-in,5.0,0.2727272727272727,0.2727272727272727,0.0
pdm,ridge ego,cut-in,5.2,0.2987012987012987,0.2987012987012987,0.0
pdm,ridge ego,cut-in,5.4,0.2987012987012987,0.2987012987012987,0.0
pdm,ridge ego,cut-in,5.6,0.2987012987012987,0.2987012987012987,0.0
pdm,ridge ego,cut-in,5.8,0.2987012987012987,0.2987012987012987,0.0
pdm,ridge ego,cut-in,6.0,0.2987012987012987,0.2987012987012987,0.0
pdm,ridge ego,cut-in,6.2,0.2987012987012987,0.2987012987012987,0.0
pdm,ridge ego,cut-in,6.4,0.2987012987012987,0.2987012987012987,0.0
pdm,ridge ego,cut-in,6.6,0.2987012987012987,0.2987012987012987,0.0
pdm,ridge ego,cut-in,6.8,0.2987012987012987,0.2987012987012987,0.0
pdm,ridge ego,cut-in,7.0,0.2987012987012987,0.2987012987012987,0.0
pdm,ridge ego,cut-in,7.2,0.2987012987012987,0.2987012987012987,0.0
pdm,ridge ego,cut-in,7.4,0.2987012987012987,0.2987012987012987,0.0
pdm,ridge ego,cut-in,7.6,0.2987012987012987,0.2987012987012987,0.0
pdm,ridge ego,cut-in,7.8,0.2987012987012987,0.2987012987012987,0.0
pdm,ridge ego,cut-in,8.0,0.2987012987012987,0.2987012987012987,0.0
pdm,ridge ego,cut-in,8.2,0.2987012987012987,0.2987012987012987,0.0
pdm,ridge ego,cut-in,8.4,0.2987012987012987,0.2987012987012987,0.0
pdm,ridge ego,cut-in,8.6,0.2987012987012987,0.2987012987012987,0.0
pdm,ridge ego,cut-in,8.8,0.2987012987012987,0.2987012987012987,0.0
pdm,ridge ego,cut-in,9.0,0.2987012987012987,0.2987012987012987,0.0
pdm,ridge ego,cut-in,9.2,0.2987012987012987,0.2987012987012987,0.0
pdm,ridge ego,cut-in,9.4,0.2987012987012987,0.2987012987012987,0.0
pdm,ridge ego,cut-in,9.6,0.2987012987012987,0.2987012987012987,0.0
pdm,ridge ego,cut-in,9.8,0.2987012987012987,0.2987012987012987,0.0
pdm,ridge ego,cut-in,10.0,0.2987012987012987,0.2987012987012987,0.0
pdm,ridge_late L18_last,cut-in,0.0,0.0,0.0,0.07407407407407407
pdm,ridge_late L18_last,cut-in,0.2,0.0,0.0,0.07407407407407407
pdm,ridge_late L18_last,cut-in,0.4,0.0,0.0,0.1111111111111111
pdm,ridge_late L18_last,cut-in,0.6,0.0,0.0,0.14814814814814814
pdm,ridge_late L18_last,cut-in,0.8,0.0,0.0,0.14814814814814814
pdm,ridge_late L18_last,cut-in,1.0,0.0,0.0,0.14814814814814814
pdm,ridge_late L18_last,cut-in,1.2,0.0,0.0,0.18518518518518517
pdm,ridge_late L18_last,cut-in,1.4,0.0,0.0,0.18518518518518517
pdm,ridge_late L18_last,cut-in,1.6,0.0,0.0,0.18518518518518517
pdm,ridge_late L18_last,cut-in,1.8,0.0,0.0,0.18518518518518517
pdm,ridge_late L18_last,cut-in,2.0,0.0,0.0,0.18518518518518517
pdm,ridge_late L18_last,cut-in,2.2,0.0,0.0,0.2222222222222222
pdm,ridge_late L18_last,cut-in,2.4,0.0,0.0,0.2222222222222222
pdm,ridge_late L18_last,cut-in,2.6,0.0,0.0,0.25925925925925924
pdm,ridge_late L18_last,cut-in,2.8,0.0,0.0,0.25925925925925924
pdm,ridge_late L18_last,cut-in,3.0,0.0,0.0,0.25925925925925924
pdm,ridge_late L18_last,cut-in,3.2,0.0,0.0,0.25925925925925924
pdm,ridge_late L18_last,cut-in,3.4,0.0,0.0,0.25925925925925924
pdm,ridge_late L18_last,cut-in,3.6,0.0,0.0,0.25925925925925924
pdm,ridge_late L18_last,cut-in,3.8,0.0,0.0,0.25925925925925924
pdm,ridge_late L18_last,cut-in,4.0,0.0,0.0,0.25925925925925924
pdm,ridge_late L18_last,cut-in,4.2,0.0,0.0,0.25925925925925924
pdm,ridge_late L18_last,cut-in,4.4,0.0,0.0,0.25925925925925924
pdm,ridge_late L18_last,cut-in,4.6,0.0,0.0,0.25925925925925924
pdm,ridge_late L18_last,cut-in,4.8,0.0,0.0,0.25925925925925924
pdm,ridge_late L18_last,cut-in,5.0,0.0,0.0,0.2962962962962963
pdm,ridge_late L18_last,cut-in,5.2,0.0,0.0,0.2962962962962963
pdm,ridge_late L18_last,cut-in,5.4,0.0,0.0,0.2962962962962963
pdm,ridge_late L18_last,cut-in,5.6,0.0,0.0,0.2962962962962963
pdm,ridge_late L18_last,cut-in,5.8,0.0,0.0,0.2962962962962963
pdm,ridge_late L18_last,cut-in,6.0,0.0,0.0,0.2962962962962963
pdm,ridge_late L18_last,cut-in,6.2,0.0,0.0,0.2962962962962963
pdm,ridge_late L18_last,cut-in,6.4,0.0,0.0,0.2962962962962963
pdm,ridge_late L18_last,cut-in,6.6,0.0,0.0,0.2962962962962963
pdm,ridge_late L18_last,cut-in,6.8,0.0,0.0,0.2962962962962963
pdm,ridge_late L18_last,cut-in,7.0,0.0,0.0,0.2962962962962963
pdm,ridge_late L18_last,cut-in,7.2,0.0,0.0,0.2962962962962963
pdm,ridge_late L18_last,cut-in,7.4,0.0,0.0,0.2962962962962963
pdm,ridge_late L18_last,cut-in,7.6,0.0,0.0,0.2962962962962963
pdm,ridge_late L18_last,cut-in,7.8,0.0,0.0,0.2962962962962963
pdm,ridge_late L18_last,cut-in,8.0,0.0,0.0,0.2962962962962963
pdm,ridge_late L18_last,cut-in,8.2,0.0,0.0,0.2962962962962963
pdm,ridge_late L18_last,cut-in,8.4,0.0,0.0,0.2962962962962963
pdm,ridge_late L18_last,cut-in,8.6,0.0,0.0,0.2962962962962963
pdm,ridge_late L18_last,cut-in,8.8,0.0,0.0,0.2962962962962963
pdm,ridge_late L18_last,cut-in,9.0,0.0,0.0,0.2962962962962963
pdm,ridge_late L18_last,cut-in,9.2,0.0,0.0,0.2962962962962963
pdm,ridge_late L18_last,cut-in,9.4,0.0,0.0,0.2962962962962963
pdm,ridge_late L18_last,cut-in,9.6,0.0,0.0,0.2962962962962963
pdm,ridge_late L18_last,cut-in,9.8,0.0,0.0,0.2962962962962963
pdm,ridge_late L18_last,cut-in,10.0,0.0,0.0,0.2962962962962963
pdm,ridge_late L18_mean,cut-in,0.0,0.0,0.0,0.1111111111111111
pdm,ridge_late L18_mean,cut-in,0.2,0.0,0.0,0.1111111111111111
pdm,ridge_late L18_mean,cut-in,0.4,0.0,0.0,0.14814814814814814
pdm,ridge_late L18_mean,cut-in,0.6,0.0,0.0,0.18518518518518517
pdm,ridge_late L18_mean,cut-in,0.8,0.0,0.0,0.25925925925925924
pdm,ridge_late L18_mean,cut-in,1.0,0.012987012987012988,0.0,0.25925925925925924
pdm,ridge_late L18_mean,cut-in,1.2,0.012987012987012988,0.0,0.25925925925925924
pdm,ridge_late L18_mean,cut-in,1.4,0.012987012987012988,0.0,0.25925925925925924
pdm,ridge_late L18_mean,cut-in,1.6,0.012987012987012988,0.0,0.25925925925925924
pdm,ridge_late L18_mean,cut-in,1.8,0.012987012987012988,0.0,0.3333333333333333
pdm,ridge_late L18_mean,cut-in,2.0,0.025974025974025976,0.012987012987012988,0.3333333333333333
pdm,ridge_late L18_mean,cut-in,2.2,0.025974025974025976,0.025974025974025976,0.3333333333333333
pdm,ridge_late L18_mean,cut-in,2.4,0.025974025974025976,0.025974025974025976,0.3333333333333333
pdm,ridge_late L18_mean,cut-in,2.6,0.025974025974025976,0.025974025974025976,0.3333333333333333
pdm,ridge_late L18_mean,cut-in,2.8,0.025974025974025976,0.025974025974025976,0.3333333333333333
pdm,ridge_late L18_mean,cut-in,3.0,0.025974025974025976,0.025974025974025976,0.3333333333333333
pdm,ridge_late L18_mean,cut-in,3.2,0.025974025974025976,0.025974025974025976,0.3333333333333333
pdm,ridge_late L18_mean,cut-in,3.4,0.025974025974025976,0.025974025974025976,0.3333333333333333
pdm,ridge_late L18_mean,cut-in,3.6,0.025974025974025976,0.025974025974025976,0.3333333333333333
pdm,ridge_late L18_mean,cut-in,3.8,0.025974025974025976,0.025974025974025976,0.3333333333333333
pdm,ridge_late L18_mean,cut-in,4.0,0.025974025974025976,0.025974025974025976,0.3333333333333333
pdm,ridge_late L18_mean,cut-in,4.2,0.025974025974025976,0.025974025974025976,0.3333333333333333
pdm,ridge_late L18_mean,cut-in,4.4,0.025974025974025976,0.025974025974025976,0.3333333333333333
pdm,ridge_late L18_mean,cut-in,4.6,0.025974025974025976,0.025974025974025976,0.3333333333333333
pdm,ridge_late L18_mean,cut-in,4.8,0.025974025974025976,0.025974025974025976,0.3333333333333333
pdm,ridge_late L18_mean,cut-in,5.0,0.025974025974025976,0.025974025974025976,0.3333333333333333
pdm,ridge_late L18_mean,cut-in,5.2,0.025974025974025976,0.025974025974025976,0.3333333333333333
pdm,ridge_late L18_mean,cut-in,5.4,0.025974025974025976,0.025974025974025976,0.3333333333333333
pdm,ridge_late L18_mean,cut-in,5.6,0.025974025974025976,0.025974025974025976,0.3333333333333333
pdm,ridge_late L18_mean,cut-in,5.8,0.025974025974025976,0.025974025974025976,0.3333333333333333
pdm,ridge_late L18_mean,cut-in,6.0,0.025974025974025976,0.025974025974025976,0.3333333333333333
pdm,ridge_late L18_mean,cut-in,6.2,0.025974025974025976,0.025974025974025976,0.3333333333333333
pdm,ridge_late L18_mean,cut-in,6.4,0.025974025974025976,0.025974025974025976,0.3333333333333333
pdm,ridge_late L18_mean,cut-in,6.6,0.025974025974025976,0.025974025974025976,0.3333333333333333
pdm,ridge_late L18_mean,cut-in,6.8,0.025974025974025976,0.025974025974025976,0.3333333333333333
pdm,ridge_late L18_mean,cut-in,7.0,0.025974025974025976,0.025974025974025976,0.3333333333333333
pdm,ridge_late L18_mean,cut-in,7.2,0.025974025974025976,0.025974025974025976,0.3333333333333333
pdm,ridge_late L18_mean,cut-in,7.4,0.025974025974025976,0.025974025974025976,0.3333333333333333
pdm,ridge_late L18_mean,cut-in,7.6,0.025974025974025976,0.025974025974025976,0.3333333333333333
pdm,ridge_late L18_mean,cut-in,7.8,0.025974025974025976,0.025974025974025976,0.3333333333333333
pdm,ridge_late L18_mean,cut-in,8.0,0.025974025974025976,0.025974025974025976,0.3333333333333333
pdm,ridge_late L18_mean,cut-in,8.2,0.025974025974025976,0.025974025974025976,0.3333333333333333
pdm,ridge_late L18_mean,cut-in,8.4,0.025974025974025976,0.025974025974025976,0.3333333333333333
pdm,ridge_late L18_mean,cut-in,8.6,0.025974025974025976,0.025974025974025976,0.3333333333333333
pdm,ridge_late L18_mean,cut-in,8.8,0.025974025974025976,0.025974025974025976,0.3333333333333333
pdm,ridge_late L18_mean,cut-in,9.0,0.025974025974025976,0.025974025974025976,0.3333333333333333
pdm,ridge_late L18_mean,cut-in,9.2,0.025974025974025976,0.025974025974025976,0.3333333333333333
pdm,ridge_late L18_mean,cut-in,9.4,0.025974025974025976,0.025974025974025976,0.3333333333333333
pdm,ridge_late L18_mean,cut-in,9.6,0.025974025974025976,0.025974025974025976,0.3333333333333333
pdm,ridge_late L18_mean,cut-in,9.8,0.025974025974025976,0.025974025974025976,0.3333333333333333
pdm,ridge_late L18_mean,cut-in,10.0,0.025974025974025976,0.025974025974025976,0.3333333333333333
pdm,ridge_late op-cinque temporal,cut-in,0.0,0.0,0.0,0.037037037037037035
pdm,ridge_late op-cinque temporal,cut-in,0.2,0.0,0.0,0.037037037037037035
pdm,ridge_late op-cinque temporal,cut-in,0.4,0.0,0.0,0.037037037037037035
pdm,ridge_late op-cinque temporal,cut-in,0.6,0.0,0.0,0.07407407407407407
pdm,ridge_late op-cinque temporal,cut-in,0.8,0.0,0.0,0.07407407407407407
pdm,ridge_late op-cinque temporal,cut-in,1.0,0.0,0.0,0.07407407407407407
pdm,ridge_late op-cinque temporal,cut-in,1.2,0.0,0.0,0.07407407407407407
pdm,ridge_late op-cinque temporal,cut-in,1.4,0.0,0.0,0.07407407407407407
pdm,ridge_late op-cinque temporal,cut-in,1.6,0.0,0.0,0.07407407407407407
pdm,ridge_late op-cinque temporal,cut-in,1.8,0.0,0.0,0.07407407407407407
pdm,ridge_late op-cinque temporal,cut-in,2.0,0.0,0.0,0.1111111111111111
pdm,ridge_late op-cinque temporal,cut-in,2.2,0.0,0.0,0.18518518518518517
pdm,ridge_late op-cinque temporal,cut-in,2.4,0.012987012987012988,0.0,0.2222222222222222
pdm,ridge_late op-cinque temporal,cut-in,2.6,0.012987012987012988,0.0,0.2222222222222222
pdm,ridge_late op-cinque temporal,cut-in,2.8,0.012987012987012988,0.0,0.2222222222222222
pdm,ridge_late op-cinque temporal,cut-in,3.0,0.025974025974025976,0.012987012987012988,0.2222222222222222
pdm,ridge_late op-cinque temporal,cut-in,3.2,0.025974025974025976,0.012987012987012988,0.2222222222222222
pdm,ridge_late op-cinque temporal,cut-in,3.4,0.025974025974025976,0.012987012987012988,0.25925925925925924
pdm,ridge_late op-cinque temporal,cut-in,3.6,0.025974025974025976,0.012987012987012988,0.25925925925925924
pdm,ridge_late op-cinque temporal,cut-in,3.8,0.03896103896103896,0.025974025974025976,0.25925925925925924
pdm,ridge_late op-cinque temporal,cut-in,4.0,0.03896103896103896,0.025974025974025976,0.25925925925925924
pdm,ridge_late op-cinque temporal,cut-in,4.2,0.03896103896103896,0.025974025974025976,0.25925925925925924
pdm,ridge_late op-cinque temporal,cut-in,4.4,0.03896103896103896,0.025974025974025976,0.25925925925925924
pdm,ridge_late op-cinque temporal,cut-in,4.6,0.03896103896103896,0.025974025974025976,0.25925925925925924
pdm,ridge_late op-cinque temporal,cut-in,4.8,0.03896103896103896,0.025974025974025976,0.25925925925925924
pdm,ridge_late op-cinque temporal,cut-in,5.0,0.03896103896103896,0.025974025974025976,0.25925925925925924
pdm,ridge_late op-cinque temporal,cut-in,5.2,0.03896103896103896,0.025974025974025976,0.25925925925925924
pdm,ridge_late op-cinque temporal,cut-in,5.4,0.03896103896103896,0.025974025974025976,0.2962962962962963
pdm,ridge_late op-cinque temporal,cut-in,5.6,0.03896103896103896,0.025974025974025976,0.2962962962962963
pdm,ridge_late op-cinque temporal,cut-in,5.8,0.03896103896103896,0.025974025974025976,0.2962962962962963
pdm,ridge_late op-cinque temporal,cut-in,6.0,0.03896103896103896,0.025974025974025976,0.2962962962962963
pdm,ridge_late op-cinque temporal,cut-in,6.2,0.03896103896103896,0.025974025974025976,0.2962962962962963
pdm,ridge_late op-cinque temporal,cut-in,6.4,0.03896103896103896,0.025974025974025976,0.2962962962962963
pdm,ridge_late op-cinque temporal,cut-in,6.6,0.03896103896103896,0.025974025974025976,0.2962962962962963
pdm,ridge_late op-cinque temporal,cut-in,6.8,0.03896103896103896,0.025974025974025976,0.2962962962962963
pdm,ridge_late op-cinque temporal,cut-in,7.0,0.03896103896103896,0.025974025974025976,0.2962962962962963
pdm,ridge_late op-cinque temporal,cut-in,7.2,0.03896103896103896,0.025974025974025976,0.2962962962962963
pdm,ridge_late op-cinque temporal,cut-in,7.4,0.03896103896103896,0.025974025974025976,0.2962962962962963
pdm,ridge_late op-cinque temporal,cut-in,7.6,0.03896103896103896,0.025974025974025976,0.2962962962962963
pdm,ridge_late op-cinque temporal,cut-in,7.8,0.03896103896103896,0.025974025974025976,0.2962962962962963
pdm,ridge_late op-cinque temporal,cut-in,8.0,0.03896103896103896,0.025974025974025976,0.2962962962962963
pdm,ridge_late op-cinque temporal,cut-in,8.2,0.03896103896103896,0.025974025974025976,0.2962962962962963
pdm,ridge_late op-cinque temporal,cut-in,8.4,0.03896103896103896,0.025974025974025976,0.2962962962962963
pdm,ridge_late op-cinque temporal,cut-in,8.6,0.03896103896103896,0.025974025974025976,0.2962962962962963
pdm,ridge_late op-cinque temporal,cut-in,8.8,0.03896103896103896,0.025974025974025976,0.2962962962962963
pdm,ridge_late op-cinque temporal,cut-in,9.0,0.03896103896103896,0.025974025974025976,0.2962962962962963
pdm,ridge_late op-cinque temporal,cut-in,9.2,0.03896103896103896,0.025974025974025976,0.2962962962962963
pdm,ridge_late op-cinque temporal,cut-in,9.4,0.03896103896103896,0.025974025974025976,0.2962962962962963
pdm,ridge_late op-cinque temporal,cut-in,9.6,0.03896103896103896,0.025974025974025976,0.2962962962962963
pdm,ridge_late op-cinque temporal,cut-in,9.8,0.03896103896103896,0.025974025974025976,0.2962962962962963
pdm,ridge_late op-cinque temporal,cut-in,10.0,0.03896103896103896,0.025974025974025976,0.2962962962962963
pdm,ridge_late op-cinque vision,cut-in,0.0,0.0,0.0,0.0
pdm,ridge_late op-cinque vision,cut-in,0.2,0.0,0.0,0.0
pdm,ridge_late op-cinque vision,cut-in,0.4,0.0,0.0,0.0
pdm,ridge_late op-cinque vision,cut-in,0.6,0.0,0.0,0.0
pdm,ridge_late op-cinque vision,cut-in,0.8,0.0,0.0,0.0
pdm,ridge_late op-cinque vision,cut-in,1.0,0.0,0.0,0.0
pdm,ridge_late op-cinque vision,cut-in,1.2,0.0,0.0,0.0
pdm,ridge_late op-cinque vision,cut-in,1.4,0.0,0.0,0.037037037037037035
pdm,ridge_late op-cinque vision,cut-in,1.6,0.0,0.0,0.037037037037037035
pdm,ridge_late op-cinque vision,cut-in,1.8,0.0,0.0,0.037037037037037035
pdm,ridge_late op-cinque vision,cut-in,2.0,0.0,0.0,0.07407407407407407
pdm,ridge_late op-cinque vision,cut-in,2.2,0.0,0.0,0.07407407407407407
pdm,ridge_late op-cinque vision,cut-in,2.4,0.0,0.0,0.1111111111111111
pdm,ridge_late op-cinque vision,cut-in,2.6,0.0,0.0,0.1111111111111111
pdm,ridge_late op-cinque vision,cut-in,2.8,0.0,0.0,0.1111111111111111
pdm,ridge_late op-cinque vision,cut-in,3.0,0.0,0.0,0.1111111111111111
pdm,ridge_late op-cinque vision,cut-in,3.2,0.0,0.0,0.1111111111111111
pdm,ridge_late op-cinque vision,cut-in,3.4,0.0,0.0,0.14814814814814814
pdm,ridge_late op-cinque vision,cut-in,3.6,0.0,0.0,0.14814814814814814
pdm,ridge_late op-cinque vision,cut-in,3.8,0.012987012987012988,0.012987012987012988,0.14814814814814814
pdm,ridge_late op-cinque vision,cut-in,4.0,0.012987012987012988,0.012987012987012988,0.14814814814814814
pdm,ridge_late op-cinque vision,cut-in,4.2,0.012987012987012988,0.012987012987012988,0.14814814814814814
pdm,ridge_late op-cinque vision,cut-in,4.4,0.012987012987012988,0.012987012987012988,0.14814814814814814
pdm,ridge_late op-cinque vision,cut-in,4.6,0.012987012987012988,0.012987012987012988,0.14814814814814814
pdm,ridge_late op-cinque vision,cut-in,4.8,0.012987012987012988,0.012987012987012988,0.14814814814814814
pdm,ridge_late op-cinque vision,cut-in,5.0,0.012987012987012988,0.012987012987012988,0.14814814814814814
pdm,ridge_late op-cinque vision,cut-in,5.2,0.012987012987012988,0.012987012987012988,0.14814814814814814
pdm,ridge_late op-cinque vision,cut-in,5.4,0.012987012987012988,0.012987012987012988,0.14814814814814814
pdm,ridge_late op-cinque vision,cut-in,5.6,0.012987012987012988,0.012987012987012988,0.14814814814814814
pdm,ridge_late op-cinque vision,cut-in,5.8,0.012987012987012988,0.012987012987012988,0.14814814814814814
pdm,ridge_late op-cinque vision,cut-in,6.0,0.012987012987012988,0.012987012987012988,0.14814814814814814
pdm,ridge_late op-cinque vision,cut-in,6.2,0.012987012987012988,0.012987012987012988,0.14814814814814814
pdm,ridge_late op-cinque vision,cut-in,6.4,0.012987012987012988,0.012987012987012988,0.14814814814814814
pdm,ridge_late op-cinque vision,cut-in,6.6,0.012987012987012988,0.012987012987012988,0.14814814814814814
pdm,ridge_late op-cinque vision,cut-in,6.8,0.012987012987012988,0.012987012987012988,0.14814814814814814
pdm,ridge_late op-cinque vision,cut-in,7.0,0.012987012987012988,0.012987012987012988,0.14814814814814814
pdm,ridge_late op-cinque vision,cut-in,7.2,0.012987012987012988,0.012987012987012988,0.14814814814814814
pdm,ridge_late op-cinque vision,cut-in,7.4,0.012987012987012988,0.012987012987012988,0.14814814814814814
pdm,ridge_late op-cinque vision,cut-in,7.6,0.012987012987012988,0.012987012987012988,0.14814814814814814
pdm,ridge_late op-cinque vision,cut-in,7.8,0.012987012987012988,0.012987012987012988,0.14814814814814814
pdm,ridge_late op-cinque vision,cut-in,8.0,0.012987012987012988,0.012987012987012988,0.14814814814814814
pdm,ridge_late op-cinque vision,cut-in,8.2,0.012987012987012988,0.012987012987012988,0.14814814814814814
pdm,ridge_late op-cinque vision,cut-in,8.4,0.012987012987012988,0.012987012987012988,0.14814814814814814
pdm,ridge_late op-cinque vision,cut-in,8.6,0.012987012987012988,0.012987012987012988,0.14814814814814814
pdm,ridge_late op-cinque vision,cut-in,8.8,0.012987012987012988,0.012987012987012988,0.14814814814814814
pdm,ridge_late op-cinque vision,cut-in,9.0,0.012987012987012988,0.012987012987012988,0.14814814814814814
pdm,ridge_late op-cinque vision,cut-in,9.2,0.012987012987012988,0.012987012987012988,0.14814814814814814
pdm,ridge_late op-cinque vision,cut-in,9.4,0.012987012987012988,0.012987012987012988,0.14814814814814814
pdm,ridge_late op-cinque vision,cut-in,9.6,0.012987012987012988,0.012987012987012988,0.14814814814814814
pdm,ridge_late op-cinque vision,cut-in,9.8,0.012987012987012988,0.012987012987012988,0.14814814814814814
pdm,ridge_late op-cinque vision,cut-in,10.0,0.012987012987012988,0.012987012987012988,0.14814814814814814
pdm,ridge_late op-lebowski temporal,cut-in,0.0,0.0,0.0,0.07407407407407407
pdm,ridge_late op-lebowski temporal,cut-in,0.2,0.0,0.0,0.07407407407407407
pdm,ridge_late op-lebowski temporal,cut-in,0.4,0.0,0.0,0.07407407407407407
pdm,ridge_late op-lebowski temporal,cut-in,0.6,0.0,0.0,0.07407407407407407
pdm,ridge_late op-lebowski temporal,cut-in,0.8,0.0,0.0,0.14814814814814814
pdm,ridge_late op-lebowski temporal,cut-in,1.0,0.0,0.0,0.14814814814814814
pdm,ridge_late op-lebowski temporal,cut-in,1.2,0.0,0.0,0.25925925925925924
pdm,ridge_late op-lebowski temporal,cut-in,1.4,0.0,0.0,0.25925925925925924
pdm,ridge_late op-lebowski temporal,cut-in,1.6,0.0,0.0,0.25925925925925924
pdm,ridge_late op-lebowski temporal,cut-in,1.8,0.0,0.0,0.25925925925925924
pdm,ridge_late op-lebowski temporal,cut-in,2.0,0.03896103896103896,0.03896103896103896,0.25925925925925924
pdm,ridge_late op-lebowski temporal,cut-in,2.2,0.03896103896103896,0.03896103896103896,0.25925925925925924
pdm,ridge_late op-lebowski temporal,cut-in,2.4,0.03896103896103896,0.03896103896103896,0.25925925925925924
pdm,ridge_late op-lebowski temporal,cut-in,2.6,0.03896103896103896,0.03896103896103896,0.25925925925925924
pdm,ridge_late op-lebowski temporal,cut-in,2.8,0.05194805194805195,0.05194805194805195,0.25925925925925924
pdm,ridge_late op-lebowski temporal,cut-in,3.0,0.05194805194805195,0.05194805194805195,0.2962962962962963
pdm,ridge_late op-lebowski temporal,cut-in,3.2,0.05194805194805195,0.05194805194805195,0.2962962962962963
pdm,ridge_late op-lebowski temporal,cut-in,3.4,0.05194805194805195,0.05194805194805195,0.2962962962962963
pdm,ridge_late op-lebowski temporal,cut-in,3.6,0.06493506493506493,0.05194805194805195,0.2962962962962963
pdm,ridge_late op-lebowski temporal,cut-in,3.8,0.07792207792207792,0.06493506493506493,0.3333333333333333
pdm,ridge_late op-lebowski temporal,cut-in,4.0,0.1038961038961039,0.07792207792207792,0.3333333333333333
pdm,ridge_late op-lebowski temporal,cut-in,4.2,0.1038961038961039,0.07792207792207792,0.3333333333333333
pdm,ridge_late op-lebowski temporal,cut-in,4.4,0.1038961038961039,0.07792207792207792,0.3333333333333333
pdm,ridge_late op-lebowski temporal,cut-in,4.6,0.1038961038961039,0.07792207792207792,0.3333333333333333
pdm,ridge_late op-lebowski temporal,cut-in,4.8,0.1038961038961039,0.07792207792207792,0.3333333333333333
pdm,ridge_late op-lebowski temporal,cut-in,5.0,0.1038961038961039,0.07792207792207792,0.3333333333333333
pdm,ridge_late op-lebowski temporal,cut-in,5.2,0.1038961038961039,0.07792207792207792,0.3333333333333333
pdm,ridge_late op-lebowski temporal,cut-in,5.4,0.1038961038961039,0.07792207792207792,0.3333333333333333
pdm,ridge_late op-lebowski temporal,cut-in,5.6,0.1038961038961039,0.07792207792207792,0.3333333333333333
pdm,ridge_late op-lebowski temporal,cut-in,5.8,0.1038961038961039,0.07792207792207792,0.3333333333333333
pdm,ridge_late op-lebowski temporal,cut-in,6.0,0.1038961038961039,0.07792207792207792,0.3333333333333333
pdm,ridge_late op-lebowski temporal,cut-in,6.2,0.1038961038961039,0.07792207792207792,0.3333333333333333
pdm,ridge_late op-lebowski temporal,cut-in,6.4,0.1038961038961039,0.07792207792207792,0.3333333333333333
pdm,ridge_late op-lebowski temporal,cut-in,6.6,0.1038961038961039,0.07792207792207792,0.3333333333333333
pdm,ridge_late op-lebowski temporal,cut-in,6.8,0.1038961038961039,0.07792207792207792,0.3333333333333333
pdm,ridge_late op-lebowski temporal,cut-in,7.0,0.1038961038961039,0.07792207792207792,0.3333333333333333
pdm,ridge_late op-lebowski temporal,cut-in,7.2,0.1038961038961039,0.07792207792207792,0.3333333333333333
pdm,ridge_late op-lebowski temporal,cut-in,7.4,0.1038961038961039,0.07792207792207792,0.3333333333333333
pdm,ridge_late op-lebowski temporal,cut-in,7.6,0.1038961038961039,0.07792207792207792,0.3333333333333333
pdm,ridge_late op-lebowski temporal,cut-in,7.8,0.1038961038961039,0.07792207792207792,0.3333333333333333
pdm,ridge_late op-lebowski temporal,cut-in,8.0,0.1038961038961039,0.07792207792207792,0.3333333333333333
pdm,ridge_late op-lebowski temporal,cut-in,8.2,0.1038961038961039,0.07792207792207792,0.3333333333333333
pdm,ridge_late op-lebowski temporal,cut-in,8.4,0.1038961038961039,0.07792207792207792,0.3333333333333333
pdm,ridge_late op-lebowski temporal,cut-in,8.6,0.1038961038961039,0.07792207792207792,0.3333333333333333
pdm,ridge_late op-lebowski temporal,cut-in,8.8,0.1038961038961039,0.07792207792207792,0.3333333333333333
pdm,ridge_late op-lebowski temporal,cut-in,9.0,0.1038961038961039,0.07792207792207792,0.3333333333333333
pdm,ridge_late op-lebowski temporal,cut-in,9.2,0.1038961038961039,0.07792207792207792,0.3333333333333333
pdm,ridge_late op-lebowski temporal,cut-in,9.4,0.1038961038961039,0.07792207792207792,0.3333333333333333
pdm,ridge_late op-lebowski temporal,cut-in,9.6,0.1038961038961039,0.07792207792207792,0.3333333333333333
pdm,ridge_late op-lebowski temporal,cut-in,9.8,0.1038961038961039,0.07792207792207792,0.3333333333333333
pdm,ridge_late op-lebowski temporal,cut-in,10.0,0.1038961038961039,0.07792207792207792,0.3333333333333333
pdm,ridge_late op-lebowski vision,cut-in,0.0,0.0,0.0,0.037037037037037035
pdm,ridge_late op-lebowski vision,cut-in,0.2,0.0,0.0,0.037037037037037035
pdm,ridge_late op-lebowski vision,cut-in,0.4,0.0,0.0,0.037037037037037035
pdm,ridge_late op-lebowski vision,cut-in,0.6,0.0,0.0,0.07407407407407407
pdm,ridge_late op-lebowski vision,cut-in,0.8,0.0,0.0,0.07407407407407407
pdm,ridge_late op-lebowski vision,cut-in,1.0,0.0,0.0,0.07407407407407407
pdm,ridge_late op-lebowski vision,cut-in,1.2,0.0,0.0,0.07407407407407407
pdm,ridge_late op-lebowski vision,cut-in,1.4,0.0,0.0,0.07407407407407407
pdm,ridge_late op-lebowski vision,cut-in,1.6,0.0,0.0,0.07407407407407407
pdm,ridge_late op-lebowski vision,cut-in,1.8,0.0,0.0,0.1111111111111111
pdm,ridge_late op-lebowski vision,cut-in,2.0,0.0,0.0,0.1111111111111111
pdm,ridge_late op-lebowski vision,cut-in,2.2,0.0,0.0,0.1111111111111111
pdm,ridge_late op-lebowski vision,cut-in,2.4,0.0,0.0,0.1111111111111111
pdm,ridge_late op-lebowski vision,cut-in,2.6,0.0,0.0,0.1111111111111111
pdm,ridge_late op-lebowski vision,cut-in,2.8,0.0,0.0,0.14814814814814814
pdm,ridge_late op-lebowski vision,cut-in,3.0,0.012987012987012988,0.012987012987012988,0.14814814814814814
pdm,ridge_late op-lebowski vision,cut-in,3.2,0.012987012987012988,0.012987012987012988,0.14814814814814814
pdm,ridge_late op-lebowski vision,cut-in,3.4,0.012987012987012988,0.012987012987012988,0.14814814814814814
pdm,ridge_late op-lebowski vision,cut-in,3.6,0.012987012987012988,0.012987012987012988,0.14814814814814814
pdm,ridge_late op-lebowski vision,cut-in,3.8,0.03896103896103896,0.03896103896103896,0.14814814814814814
pdm,ridge_late op-lebowski vision,cut-in,4.0,0.03896103896103896,0.03896103896103896,0.14814814814814814
pdm,ridge_late op-lebowski vision,cut-in,4.2,0.03896103896103896,0.03896103896103896,0.14814814814814814
pdm,ridge_late op-lebowski vision,cut-in,4.4,0.03896103896103896,0.03896103896103896,0.14814814814814814
pdm,ridge_late op-lebowski vision,cut-in,4.6,0.03896103896103896,0.03896103896103896,0.14814814814814814
pdm,ridge_late op-lebowski vision,cut-in,4.8,0.03896103896103896,0.03896103896103896,0.14814814814814814
pdm,ridge_late op-lebowski vision,cut-in,5.0,0.05194805194805195,0.05194805194805195,0.14814814814814814
pdm,ridge_late op-lebowski vision,cut-in,5.2,0.05194805194805195,0.05194805194805195,0.14814814814814814
pdm,ridge_late op-lebowski vision,cut-in,5.4,0.06493506493506493,0.06493506493506493,0.14814814814814814
pdm,ridge_late op-lebowski vision,cut-in,5.6,0.06493506493506493,0.06493506493506493,0.14814814814814814
pdm,ridge_late op-lebowski vision,cut-in,5.8,0.06493506493506493,0.06493506493506493,0.14814814814814814
pdm,ridge_late op-lebowski vision,cut-in,6.0,0.06493506493506493,0.06493506493506493,0.14814814814814814
pdm,ridge_late op-lebowski vision,cut-in,6.2,0.06493506493506493,0.06493506493506493,0.14814814814814814
pdm,ridge_late op-lebowski vision,cut-in,6.4,0.06493506493506493,0.06493506493506493,0.14814814814814814
pdm,ridge_late op-lebowski vision,cut-in,6.6,0.06493506493506493,0.06493506493506493,0.14814814814814814
pdm,ridge_late op-lebowski vision,cut-in,6.8,0.06493506493506493,0.06493506493506493,0.14814814814814814
pdm,ridge_late op-lebowski vision,cut-in,7.0,0.06493506493506493,0.06493506493506493,0.14814814814814814
pdm,ridge_late op-lebowski vision,cut-in,7.2,0.06493506493506493,0.06493506493506493,0.14814814814814814
pdm,ridge_late op-lebowski vision,cut-in,7.4,0.06493506493506493,0.06493506493506493,0.14814814814814814
pdm,ridge_late op-lebowski vision,cut-in,7.6,0.06493506493506493,0.06493506493506493,0.14814814814814814
pdm,ridge_late op-lebowski vision,cut-in,7.8,0.06493506493506493,0.06493506493506493,0.14814814814814814
pdm,ridge_late op-lebowski vision,cut-in,8.0,0.06493506493506493,0.06493506493506493,0.14814814814814814
pdm,ridge_late op-lebowski vision,cut-in,8.2,0.06493506493506493,0.06493506493506493,0.14814814814814814
pdm,ridge_late op-lebowski vision,cut-in,8.4,0.06493506493506493,0.06493506493506493,0.14814814814814814
pdm,ridge_late op-lebowski vision,cut-in,8.6,0.06493506493506493,0.06493506493506493,0.14814814814814814
pdm,ridge_late op-lebowski vision,cut-in,8.8,0.06493506493506493,0.06493506493506493,0.14814814814814814
pdm,ridge_late op-lebowski vision,cut-in,9.0,0.06493506493506493,0.06493506493506493,0.14814814814814814
pdm,ridge_late op-lebowski vision,cut-in,9.2,0.06493506493506493,0.06493506493506493,0.14814814814814814
pdm,ridge_late op-lebowski vision,cut-in,9.4,0.06493506493506493,0.06493506493506493,0.14814814814814814
pdm,ridge_late op-lebowski vision,cut-in,9.6,0.06493506493506493,0.06493506493506493,0.14814814814814814
pdm,ridge_late op-lebowski vision,cut-in,9.8,0.06493506493506493,0.06493506493506493,0.14814814814814814
pdm,ridge_late op-lebowski vision,cut-in,10.0,0.06493506493506493,0.06493506493506493,0.14814814814814814
pdm,ridge_late op-lebowski hidden,cut-in,0.0,0.0,0.0,0.0
pdm,ridge_late op-lebowski hidden,cut-in,0.2,0.0,0.0,0.0
pdm,ridge_late op-lebowski hidden,cut-in,0.4,0.0,0.0,0.0
pdm,ridge_late op-lebowski hidden,cut-in,0.6,0.0,0.0,0.037037037037037035
pdm,ridge_late op-lebowski hidden,cut-in,0.8,0.0,0.0,0.037037037037037035
pdm,ridge_late op-lebowski hidden,cut-in,1.0,0.0,0.0,0.1111111111111111
pdm,ridge_late op-lebowski hidden,cut-in,1.2,0.0,0.0,0.1111111111111111
pdm,ridge_late op-lebowski hidden,cut-in,1.4,0.0,0.0,0.1111111111111111
pdm,ridge_late op-lebowski hidden,cut-in,1.6,0.0,0.0,0.1111111111111111
pdm,ridge_late op-lebowski hidden,cut-in,1.8,0.0,0.0,0.14814814814814814
pdm,ridge_late op-lebowski hidden,cut-in,2.0,0.0,0.0,0.14814814814814814
pdm,ridge_late op-lebowski hidden,cut-in,2.2,0.012987012987012988,0.012987012987012988,0.14814814814814814
pdm,ridge_late op-lebowski hidden,cut-in,2.4,0.025974025974025976,0.025974025974025976,0.14814814814814814
pdm,ridge_late op-lebowski hidden,cut-in,2.6,0.025974025974025976,0.025974025974025976,0.14814814814814814
pdm,ridge_late op-lebowski hidden,cut-in,2.8,0.03896103896103896,0.03896103896103896,0.18518518518518517
pdm,ridge_late op-lebowski hidden,cut-in,3.0,0.05194805194805195,0.05194805194805195,0.18518518518518517
pdm,ridge_late op-lebowski hidden,cut-in,3.2,0.05194805194805195,0.05194805194805195,0.18518518518518517
pdm,ridge_late op-lebowski hidden,cut-in,3.4,0.06493506493506493,0.06493506493506493,0.18518518518518517
pdm,ridge_late op-lebowski hidden,cut-in,3.6,0.09090909090909091,0.09090909090909091,0.18518518518518517
pdm,ridge_late op-lebowski hidden,cut-in,3.8,0.1038961038961039,0.1038961038961039,0.18518518518518517
pdm,ridge_late op-lebowski hidden,cut-in,4.0,0.1038961038961039,0.1038961038961039,0.18518518518518517
pdm,ridge_late op-lebowski hidden,cut-in,4.2,0.1038961038961039,0.1038961038961039,0.18518518518518517
pdm,ridge_late op-lebowski hidden,cut-in,4.4,0.1038961038961039,0.1038961038961039,0.18518518518518517
pdm,ridge_late op-lebowski hidden,cut-in,4.6,0.1038961038961039,0.1038961038961039,0.18518518518518517
pdm,ridge_late op-lebowski hidden,cut-in,4.8,0.1038961038961039,0.1038961038961039,0.18518518518518517
pdm,ridge_late op-lebowski hidden,cut-in,5.0,0.11688311688311688,0.11688311688311688,0.18518518518518517
pdm,ridge_late op-lebowski hidden,cut-in,5.2,0.11688311688311688,0.11688311688311688,0.18518518518518517
pdm,ridge_late op-lebowski hidden,cut-in,5.4,0.12987012987012986,0.12987012987012986,0.18518518518518517
pdm,ridge_late op-lebowski hidden,cut-in,5.6,0.12987012987012986,0.12987012987012986,0.18518518518518517
pdm,ridge_late op-lebowski hidden,cut-in,5.8,0.14285714285714285,0.14285714285714285,0.18518518518518517
pdm,ridge_late op-lebowski hidden,cut-in,6.0,0.14285714285714285,0.14285714285714285,0.18518518518518517
pdm,ridge_late op-lebowski hidden,cut-in,6.2,0.14285714285714285,0.14285714285714285,0.18518518518518517
pdm,ridge_late op-lebowski hidden,cut-in,6.4,0.14285714285714285,0.14285714285714285,0.18518518518518517
pdm,ridge_late op-lebowski hidden,cut-in,6.6,0.14285714285714285,0.14285714285714285,0.18518518518518517
pdm,ridge_late op-lebowski hidden,cut-in,6.8,0.14285714285714285,0.14285714285714285,0.18518518518518517
pdm,ridge_late op-lebowski hidden,cut-in,7.0,0.14285714285714285,0.14285714285714285,0.18518518518518517
pdm,ridge_late op-lebowski hidden,cut-in,7.2,0.14285714285714285,0.14285714285714285,0.18518518518518517
pdm,ridge_late op-lebowski hidden,cut-in,7.4,0.14285714285714285,0.14285714285714285,0.18518518518518517
pdm,ridge_late op-lebowski hidden,cut-in,7.6,0.14285714285714285,0.14285714285714285,0.18518518518518517
pdm,ridge_late op-lebowski hidden,cut-in,7.8,0.14285714285714285,0.14285714285714285,0.18518518518518517
pdm,ridge_late op-lebowski hidden,cut-in,8.0,0.14285714285714285,0.14285714285714285,0.18518518518518517
pdm,ridge_late op-lebowski hidden,cut-in,8.2,0.14285714285714285,0.14285714285714285,0.18518518518518517
pdm,ridge_late op-lebowski hidden,cut-in,8.4,0.14285714285714285,0.14285714285714285,0.18518518518518517
pdm,ridge_late op-lebowski hidden,cut-in,8.6,0.14285714285714285,0.14285714285714285,0.18518518518518517
pdm,ridge_late op-lebowski hidden,cut-in,8.8,0.14285714285714285,0.14285714285714285,0.18518518518518517
pdm,ridge_late op-lebowski hidden,cut-in,9.0,0.14285714285714285,0.14285714285714285,0.18518518518518517
pdm,ridge_late op-lebowski hidden,cut-in,9.2,0.14285714285714285,0.14285714285714285,0.18518518518518517
pdm,ridge_late op-lebowski hidden,cut-in,9.4,0.14285714285714285,0.14285714285714285,0.18518518518518517
pdm,ridge_late op-lebowski hidden,cut-in,9.6,0.14285714285714285,0.14285714285714285,0.18518518518518517
pdm,ridge_late op-lebowski hidden,cut-in,9.8,0.14285714285714285,0.14285714285714285,0.18518518518518517
pdm,ridge_late op-lebowski hidden,cut-in,10.0,0.14285714285714285,0.14285714285714285,0.18518518518518517
pdm,prior [cinque],cut-in,0.0,0.0,0.0,0.037037037037037035
pdm,prior [cinque],cut-in,0.2,0.0,0.0,0.037037037037037035
pdm,prior [cinque],cut-in,0.4,0.0,0.0,0.037037037037037035
pdm,prior [cinque],cut-in,0.6,0.0,0.0,0.07407407407407407
pdm,prior [cinque],cut-in,0.8,0.0,0.0,0.07407407407407407
pdm,prior [cinque],cut-in,1.0,0.0,0.0,0.07407407407407407
pdm,prior [cinque],cut-in,1.2,0.0,0.0,0.07407407407407407
pdm,prior [cinque],cut-in,1.4,0.0,0.0,0.07407407407407407
pdm,prior [cinque],cut-in,1.6,0.0,0.0,0.07407407407407407
pdm,prior [cinque],cut-in,1.8,0.0,0.0,0.07407407407407407
pdm,prior [cinque],cut-in,2.0,0.0,0.0,0.1111111111111111
pdm,prior [cinque],cut-in,2.2,0.0,0.0,0.18518518518518517
pdm,prior [cinque],cut-in,2.4,0.012987012987012988,0.0,0.2222222222222222
pdm,prior [cinque],cut-in,2.6,0.012987012987012988,0.0,0.2222222222222222
pdm,prior [cinque],cut-in,2.8,0.012987012987012988,0.0,0.2222222222222222
pdm,prior [cinque],cut-in,3.0,0.025974025974025976,0.012987012987012988,0.2222222222222222
pdm,prior [cinque],cut-in,3.2,0.025974025974025976,0.012987012987012988,0.2222222222222222
pdm,prior [cinque],cut-in,3.4,0.025974025974025976,0.012987012987012988,0.25925925925925924
pdm,prior [cinque],cut-in,3.6,0.025974025974025976,0.012987012987012988,0.25925925925925924
pdm,prior [cinque],cut-in,3.8,0.03896103896103896,0.025974025974025976,0.25925925925925924
pdm,prior [cinque],cut-in,4.0,0.03896103896103896,0.025974025974025976,0.25925925925925924
pdm,prior [cinque],cut-in,4.2,0.03896103896103896,0.025974025974025976,0.25925925925925924
pdm,prior [cinque],cut-in,4.4,0.03896103896103896,0.025974025974025976,0.25925925925925924
pdm,prior [cinque],cut-in,4.6,0.03896103896103896,0.025974025974025976,0.25925925925925924
pdm,prior [cinque],cut-in,4.8,0.03896103896103896,0.025974025974025976,0.25925925925925924
pdm,prior [cinque],cut-in,5.0,0.03896103896103896,0.025974025974025976,0.25925925925925924
pdm,prior [cinque],cut-in,5.2,0.03896103896103896,0.025974025974025976,0.25925925925925924
pdm,prior [cinque],cut-in,5.4,0.03896103896103896,0.025974025974025976,0.2962962962962963
pdm,prior [cinque],cut-in,5.6,0.03896103896103896,0.025974025974025976,0.2962962962962963
pdm,prior [cinque],cut-in,5.8,0.03896103896103896,0.025974025974025976,0.2962962962962963
pdm,prior [cinque],cut-in,6.0,0.03896103896103896,0.025974025974025976,0.2962962962962963
pdm,prior [cinque],cut-in,6.2,0.03896103896103896,0.025974025974025976,0.2962962962962963
pdm,prior [cinque],cut-in,6.4,0.03896103896103896,0.025974025974025976,0.2962962962962963
pdm,prior [cinque],cut-in,6.6,0.03896103896103896,0.025974025974025976,0.2962962962962963
pdm,prior [cinque],cut-in,6.8,0.03896103896103896,0.025974025974025976,0.2962962962962963
pdm,prior [cinque],cut-in,7.0,0.03896103896103896,0.025974025974025976,0.2962962962962963
pdm,prior [cinque],cut-in,7.2,0.03896103896103896,0.025974025974025976,0.2962962962962963
pdm,prior [cinque],cut-in,7.4,0.03896103896103896,0.025974025974025976,0.2962962962962963
pdm,prior [cinque],cut-in,7.6,0.03896103896103896,0.025974025974025976,0.2962962962962963
pdm,prior [cinque],cut-in,7.8,0.03896103896103896,0.025974025974025976,0.2962962962962963
pdm,prior [cinque],cut-in,8.0,0.03896103896103896,0.025974025974025976,0.2962962962962963
pdm,prior [cinque],cut-in,8.2,0.03896103896103896,0.025974025974025976,0.2962962962962963
pdm,prior [cinque],cut-in,8.4,0.03896103896103896,0.025974025974025976,0.2962962962962963
pdm,prior [cinque],cut-in,8.6,0.03896103896103896,0.025974025974025976,0.2962962962962963
pdm,prior [cinque],cut-in,8.8,0.03896103896103896,0.025974025974025976,0.2962962962962963
pdm,prior [cinque],cut-in,9.0,0.03896103896103896,0.025974025974025976,0.2962962962962963
pdm,prior [cinque],cut-in,9.2,0.03896103896103896,0.025974025974025976,0.2962962962962963
pdm,prior [cinque],cut-in,9.4,0.03896103896103896,0.025974025974025976,0.2962962962962963
pdm,prior [cinque],cut-in,9.6,0.03896103896103896,0.025974025974025976,0.2962962962962963
pdm,prior [cinque],cut-in,9.8,0.03896103896103896,0.025974025974025976,0.2962962962962963
pdm,prior [cinque],cut-in,10.0,0.03896103896103896,0.025974025974025976,0.2962962962962963
pdm,M-C pair [cinque],cut-in,0.0,0.0,0.0,0.037037037037037035
pdm,M-C pair [cinque],cut-in,0.2,0.0,0.0,0.07407407407407407
pdm,M-C pair [cinque],cut-in,0.4,0.0,0.0,0.07407407407407407
pdm,M-C pair [cinque],cut-in,0.6,0.0,0.0,0.07407407407407407
pdm,M-C pair [cinque],cut-in,0.8,0.0,0.0,0.07407407407407407
pdm,M-C pair [cinque],cut-in,1.0,0.0,0.0,0.07407407407407407
pdm,M-C pair [cinque],cut-in,1.2,0.0,0.0,0.07407407407407407
pdm,M-C pair [cinque],cut-in,1.4,0.0,0.0,0.07407407407407407
pdm,M-C pair [cinque],cut-in,1.6,0.0,0.0,0.07407407407407407
pdm,M-C pair [cinque],cut-in,1.8,0.012987012987012988,0.012987012987012988,0.07407407407407407
pdm,M-C pair [cinque],cut-in,2.0,0.012987012987012988,0.012987012987012988,0.1111111111111111
pdm,M-C pair [cinque],cut-in,2.2,0.012987012987012988,0.012987012987012988,0.14814814814814814
pdm,M-C pair [cinque],cut-in,2.4,0.03896103896103896,0.025974025974025976,0.18518518518518517
pdm,M-C pair [cinque],cut-in,2.6,0.05194805194805195,0.03896103896103896,0.2222222222222222
pdm,M-C pair [cinque],cut-in,2.8,0.05194805194805195,0.03896103896103896,0.2222222222222222
pdm,M-C pair [cinque],cut-in,3.0,0.05194805194805195,0.03896103896103896,0.2222222222222222
pdm,M-C pair [cinque],cut-in,3.2,0.05194805194805195,0.03896103896103896,0.2222222222222222
pdm,M-C pair [cinque],cut-in,3.4,0.06493506493506493,0.05194805194805195,0.25925925925925924
pdm,M-C pair [cinque],cut-in,3.6,0.06493506493506493,0.05194805194805195,0.25925925925925924
pdm,M-C pair [cinque],cut-in,3.8,0.07792207792207792,0.06493506493506493,0.25925925925925924
pdm,M-C pair [cinque],cut-in,4.0,0.07792207792207792,0.07792207792207792,0.25925925925925924
pdm,M-C pair [cinque],cut-in,4.2,0.07792207792207792,0.07792207792207792,0.25925925925925924
pdm,M-C pair [cinque],cut-in,4.4,0.07792207792207792,0.07792207792207792,0.25925925925925924
pdm,M-C pair [cinque],cut-in,4.6,0.07792207792207792,0.07792207792207792,0.25925925925925924
pdm,M-C pair [cinque],cut-in,4.8,0.07792207792207792,0.07792207792207792,0.25925925925925924
pdm,M-C pair [cinque],cut-in,5.0,0.07792207792207792,0.07792207792207792,0.25925925925925924
pdm,M-C pair [cinque],cut-in,5.2,0.07792207792207792,0.07792207792207792,0.25925925925925924
pdm,M-C pair [cinque],cut-in,5.4,0.07792207792207792,0.07792207792207792,0.2962962962962963
pdm,M-C pair [cinque],cut-in,5.6,0.07792207792207792,0.07792207792207792,0.2962962962962963
pdm,M-C pair [cinque],cut-in,5.8,0.07792207792207792,0.07792207792207792,0.2962962962962963
pdm,M-C pair [cinque],cut-in,6.0,0.07792207792207792,0.07792207792207792,0.2962962962962963
pdm,M-C pair [cinque],cut-in,6.2,0.07792207792207792,0.07792207792207792,0.2962962962962963
pdm,M-C pair [cinque],cut-in,6.4,0.07792207792207792,0.07792207792207792,0.2962962962962963
pdm,M-C pair [cinque],cut-in,6.6,0.07792207792207792,0.07792207792207792,0.2962962962962963
pdm,M-C pair [cinque],cut-in,6.8,0.07792207792207792,0.07792207792207792,0.2962962962962963
pdm,M-C pair [cinque],cut-in,7.0,0.07792207792207792,0.07792207792207792,0.2962962962962963
pdm,M-C pair [cinque],cut-in,7.2,0.07792207792207792,0.07792207792207792,0.2962962962962963
pdm,M-C pair [cinque],cut-in,7.4,0.07792207792207792,0.07792207792207792,0.2962962962962963
pdm,M-C pair [cinque],cut-in,7.6,0.07792207792207792,0.07792207792207792,0.2962962962962963
pdm,M-C pair [cinque],cut-in,7.8,0.07792207792207792,0.07792207792207792,0.2962962962962963
pdm,M-C pair [cinque],cut-in,8.0,0.07792207792207792,0.07792207792207792,0.2962962962962963
pdm,M-C pair [cinque],cut-in,8.2,0.07792207792207792,0.07792207792207792,0.2962962962962963
pdm,M-C pair [cinque],cut-in,8.4,0.07792207792207792,0.07792207792207792,0.2962962962962963
pdm,M-C pair [cinque],cut-in,8.6,0.07792207792207792,0.07792207792207792,0.2962962962962963
pdm,M-C pair [cinque],cut-in,8.8,0.07792207792207792,0.07792207792207792,0.2962962962962963
pdm,M-C pair [cinque],cut-in,9.0,0.07792207792207792,0.07792207792207792,0.2962962962962963
pdm,M-C pair [cinque],cut-in,9.2,0.07792207792207792,0.07792207792207792,0.2962962962962963
pdm,M-C pair [cinque],cut-in,9.4,0.07792207792207792,0.07792207792207792,0.2962962962962963
pdm,M-C pair [cinque],cut-in,9.6,0.07792207792207792,0.07792207792207792,0.2962962962962963
pdm,M-C pair [cinque],cut-in,9.8,0.07792207792207792,0.07792207792207792,0.2962962962962963
pdm,M-C pair [cinque],cut-in,10.0,0.07792207792207792,0.07792207792207792,0.2962962962962963
pdm,M-C pair (mu=0) [cinque],cut-in,0.0,0.0,0.0,0.037037037037037035
pdm,M-C pair (mu=0) [cinque],cut-in,0.2,0.0,0.0,0.07407407407407407
pdm,M-C pair (mu=0) [cinque],cut-in,0.4,0.0,0.0,0.07407407407407407
pdm,M-C pair (mu=0) [cinque],cut-in,0.6,0.0,0.0,0.1111111111111111
pdm,M-C pair (mu=0) [cinque],cut-in,0.8,0.0,0.0,0.1111111111111111
pdm,M-C pair (mu=0) [cinque],cut-in,1.0,0.012987012987012988,0.012987012987012988,0.1111111111111111
pdm,M-C pair (mu=0) [cinque],cut-in,1.2,0.012987012987012988,0.012987012987012988,0.1111111111111111
pdm,M-C pair (mu=0) [cinque],cut-in,1.4,0.012987012987012988,0.012987012987012988,0.1111111111111111
pdm,M-C pair (mu=0) [cinque],cut-in,1.6,0.012987012987012988,0.012987012987012988,0.14814814814814814
pdm,M-C pair (mu=0) [cinque],cut-in,1.8,0.012987012987012988,0.012987012987012988,0.14814814814814814
pdm,M-C pair (mu=0) [cinque],cut-in,2.0,0.03896103896103896,0.03896103896103896,0.14814814814814814
pdm,M-C pair (mu=0) [cinque],cut-in,2.2,0.05194805194805195,0.05194805194805195,0.18518518518518517
pdm,M-C pair (mu=0) [cinque],cut-in,2.4,0.09090909090909091,0.07792207792207792,0.18518518518518517
pdm,M-C pair (mu=0) [cinque],cut-in,2.6,0.1038961038961039,0.09090909090909091,0.18518518518518517
pdm,M-C pair (mu=0) [cinque],cut-in,2.8,0.1038961038961039,0.09090909090909091,0.18518518518518517
pdm,M-C pair (mu=0) [cinque],cut-in,3.0,0.1038961038961039,0.09090909090909091,0.18518518518518517
pdm,M-C pair (mu=0) [cinque],cut-in,3.2,0.11688311688311688,0.1038961038961039,0.18518518518518517
pdm,M-C pair (mu=0) [cinque],cut-in,3.4,0.12987012987012986,0.11688311688311688,0.18518518518518517
pdm,M-C pair (mu=0) [cinque],cut-in,3.6,0.12987012987012986,0.12987012987012986,0.18518518518518517
pdm,M-C pair (mu=0) [cinque],cut-in,3.8,0.14285714285714285,0.14285714285714285,0.18518518518518517
pdm,M-C pair (mu=0) [cinque],cut-in,4.0,0.14285714285714285,0.14285714285714285,0.18518518518518517
pdm,M-C pair (mu=0) [cinque],cut-in,4.2,0.14285714285714285,0.14285714285714285,0.18518518518518517
pdm,M-C pair (mu=0) [cinque],cut-in,4.4,0.14285714285714285,0.14285714285714285,0.2222222222222222
pdm,M-C pair (mu=0) [cinque],cut-in,4.6,0.14285714285714285,0.14285714285714285,0.2222222222222222
pdm,M-C pair (mu=0) [cinque],cut-in,4.8,0.14285714285714285,0.14285714285714285,0.2222222222222222
pdm,M-C pair (mu=0) [cinque],cut-in,5.0,0.14285714285714285,0.14285714285714285,0.2222222222222222
pdm,M-C pair (mu=0) [cinque],cut-in,5.2,0.14285714285714285,0.14285714285714285,0.2222222222222222
pdm,M-C pair (mu=0) [cinque],cut-in,5.4,0.14285714285714285,0.14285714285714285,0.2222222222222222
pdm,M-C pair (mu=0) [cinque],cut-in,5.6,0.14285714285714285,0.14285714285714285,0.2222222222222222
pdm,M-C pair (mu=0) [cinque],cut-in,5.8,0.14285714285714285,0.14285714285714285,0.2222222222222222
pdm,M-C pair (mu=0) [cinque],cut-in,6.0,0.14285714285714285,0.14285714285714285,0.2222222222222222
pdm,M-C pair (mu=0) [cinque],cut-in,6.2,0.14285714285714285,0.14285714285714285,0.2222222222222222
pdm,M-C pair (mu=0) [cinque],cut-in,6.4,0.14285714285714285,0.14285714285714285,0.2222222222222222
pdm,M-C pair (mu=0) [cinque],cut-in,6.6,0.14285714285714285,0.14285714285714285,0.2222222222222222
pdm,M-C pair (mu=0) [cinque],cut-in,6.8,0.14285714285714285,0.14285714285714285,0.2222222222222222
pdm,M-C pair (mu=0) [cinque],cut-in,7.0,0.14285714285714285,0.14285714285714285,0.2222222222222222
pdm,M-C pair (mu=0) [cinque],cut-in,7.2,0.14285714285714285,0.14285714285714285,0.2222222222222222
pdm,M-C pair (mu=0) [cinque],cut-in,7.4,0.14285714285714285,0.14285714285714285,0.2222222222222222
pdm,M-C pair (mu=0) [cinque],cut-in,7.6,0.14285714285714285,0.14285714285714285,0.2222222222222222
pdm,M-C pair (mu=0) [cinque],cut-in,7.8,0.14285714285714285,0.14285714285714285,0.2222222222222222
pdm,M-C pair (mu=0) [cinque],cut-in,8.0,0.14285714285714285,0.14285714285714285,0.2222222222222222
pdm,M-C pair (mu=0) [cinque],cut-in,8.2,0.14285714285714285,0.14285714285714285,0.2222222222222222
pdm,M-C pair (mu=0) [cinque],cut-in,8.4,0.14285714285714285,0.14285714285714285,0.2222222222222222
pdm,M-C pair (mu=0) [cinque],cut-in,8.6,0.14285714285714285,0.14285714285714285,0.2222222222222222
pdm,M-C pair (mu=0) [cinque],cut-in,8.8,0.14285714285714285,0.14285714285714285,0.2222222222222222
pdm,M-C pair (mu=0) [cinque],cut-in,9.0,0.14285714285714285,0.14285714285714285,0.2222222222222222
pdm,M-C pair (mu=0) [cinque],cut-in,9.2,0.14285714285714285,0.14285714285714285,0.2222222222222222
pdm,M-C pair (mu=0) [cinque],cut-in,9.4,0.14285714285714285,0.14285714285714285,0.2222222222222222
pdm,M-C pair (mu=0) [cinque],cut-in,9.6,0.14285714285714285,0.14285714285714285,0.2222222222222222
pdm,M-C pair (mu=0) [cinque],cut-in,9.8,0.14285714285714285,0.14285714285714285,0.2222222222222222
pdm,M-C pair (mu=0) [cinque],cut-in,10.0,0.14285714285714285,0.14285714285714285,0.2222222222222222
pdm,M-C pair qwen [cinque],cut-in,0.0,0.0,0.0,0.037037037037037035
pdm,M-C pair qwen [cinque],cut-in,0.2,0.0,0.0,0.07407407407407407
pdm,M-C pair qwen [cinque],cut-in,0.4,0.0,0.0,0.07407407407407407
pdm,M-C pair qwen [cinque],cut-in,0.6,0.0,0.0,0.07407407407407407
pdm,M-C pair qwen [cinque],cut-in,0.8,0.0,0.0,0.07407407407407407
pdm,M-C pair qwen [cinque],cut-in,1.0,0.0,0.0,0.07407407407407407
pdm,M-C pair qwen [cinque],cut-in,1.2,0.0,0.0,0.07407407407407407
pdm,M-C pair qwen [cinque],cut-in,1.4,0.0,0.0,0.07407407407407407
pdm,M-C pair qwen [cinque],cut-in,1.6,0.0,0.0,0.07407407407407407
pdm,M-C pair qwen [cinque],cut-in,1.8,0.012987012987012988,0.012987012987012988,0.07407407407407407
pdm,M-C pair qwen [cinque],cut-in,2.0,0.012987012987012988,0.012987012987012988,0.1111111111111111
pdm,M-C pair qwen [cinque],cut-in,2.2,0.012987012987012988,0.012987012987012988,0.18518518518518517
pdm,M-C pair qwen [cinque],cut-in,2.4,0.025974025974025976,0.012987012987012988,0.2222222222222222
pdm,M-C pair qwen [cinque],cut-in,2.6,0.025974025974025976,0.012987012987012988,0.2222222222222222
pdm,M-C pair qwen [cinque],cut-in,2.8,0.025974025974025976,0.012987012987012988,0.2222222222222222
pdm,M-C pair qwen [cinque],cut-in,3.0,0.025974025974025976,0.012987012987012988,0.2222222222222222
pdm,M-C pair qwen [cinque],cut-in,3.2,0.025974025974025976,0.012987012987012988,0.2222222222222222
pdm,M-C pair qwen [cinque],cut-in,3.4,0.025974025974025976,0.012987012987012988,0.25925925925925924
pdm,M-C pair qwen [cinque],cut-in,3.6,0.025974025974025976,0.012987012987012988,0.25925925925925924
pdm,M-C pair qwen [cinque],cut-in,3.8,0.03896103896103896,0.025974025974025976,0.25925925925925924
pdm,M-C pair qwen [cinque],cut-in,4.0,0.03896103896103896,0.025974025974025976,0.25925925925925924
pdm,M-C pair qwen [cinque],cut-in,4.2,0.03896103896103896,0.025974025974025976,0.25925925925925924
pdm,M-C pair qwen [cinque],cut-in,4.4,0.03896103896103896,0.025974025974025976,0.25925925925925924
pdm,M-C pair qwen [cinque],cut-in,4.6,0.03896103896103896,0.025974025974025976,0.25925925925925924
pdm,M-C pair qwen [cinque],cut-in,4.8,0.03896103896103896,0.025974025974025976,0.25925925925925924
pdm,M-C pair qwen [cinque],cut-in,5.0,0.03896103896103896,0.025974025974025976,0.25925925925925924
pdm,M-C pair qwen [cinque],cut-in,5.2,0.03896103896103896,0.025974025974025976,0.25925925925925924
pdm,M-C pair qwen [cinque],cut-in,5.4,0.03896103896103896,0.025974025974025976,0.2962962962962963
pdm,M-C pair qwen [cinque],cut-in,5.6,0.03896103896103896,0.025974025974025976,0.2962962962962963
pdm,M-C pair qwen [cinque],cut-in,5.8,0.03896103896103896,0.025974025974025976,0.2962962962962963
pdm,M-C pair qwen [cinque],cut-in,6.0,0.03896103896103896,0.025974025974025976,0.2962962962962963
pdm,M-C pair qwen [cinque],cut-in,6.2,0.03896103896103896,0.025974025974025976,0.2962962962962963
pdm,M-C pair qwen [cinque],cut-in,6.4,0.03896103896103896,0.025974025974025976,0.2962962962962963
pdm,M-C pair qwen [cinque],cut-in,6.6,0.03896103896103896,0.025974025974025976,0.2962962962962963
pdm,M-C pair qwen [cinque],cut-in,6.8,0.03896103896103896,0.025974025974025976,0.2962962962962963
pdm,M-C pair qwen [cinque],cut-in,7.0,0.03896103896103896,0.025974025974025976,0.2962962962962963
pdm,M-C pair qwen [cinque],cut-in,7.2,0.03896103896103896,0.025974025974025976,0.2962962962962963
pdm,M-C pair qwen [cinque],cut-in,7.4,0.03896103896103896,0.025974025974025976,0.2962962962962963
pdm,M-C pair qwen [cinque],cut-in,7.6,0.03896103896103896,0.025974025974025976,0.2962962962962963
pdm,M-C pair qwen [cinque],cut-in,7.8,0.03896103896103896,0.025974025974025976,0.2962962962962963
pdm,M-C pair qwen [cinque],cut-in,8.0,0.03896103896103896,0.025974025974025976,0.2962962962962963
pdm,M-C pair qwen [cinque],cut-in,8.2,0.03896103896103896,0.025974025974025976,0.2962962962962963
pdm,M-C pair qwen [cinque],cut-in,8.4,0.03896103896103896,0.025974025974025976,0.2962962962962963
pdm,M-C pair qwen [cinque],cut-in,8.6,0.03896103896103896,0.025974025974025976,0.2962962962962963
pdm,M-C pair qwen [cinque],cut-in,8.8,0.03896103896103896,0.025974025974025976,0.2962962962962963
pdm,M-C pair qwen [cinque],cut-in,9.0,0.03896103896103896,0.025974025974025976,0.2962962962962963
pdm,M-C pair qwen [cinque],cut-in,9.2,0.03896103896103896,0.025974025974025976,0.2962962962962963
pdm,M-C pair qwen [cinque],cut-in,9.4,0.03896103896103896,0.025974025974025976,0.2962962962962963
pdm,M-C pair qwen [cinque],cut-in,9.6,0.03896103896103896,0.025974025974025976,0.2962962962962963
pdm,M-C pair qwen [cinque],cut-in,9.8,0.03896103896103896,0.025974025974025976,0.2962962962962963
pdm,M-C pair qwen [cinque],cut-in,10.0,0.03896103896103896,0.025974025974025976,0.2962962962962963
pdm,M-C pair op [cinque],cut-in,0.0,0.0,0.0,0.037037037037037035
pdm,M-C pair op [cinque],cut-in,0.2,0.0,0.0,0.037037037037037035
pdm,M-C pair op [cinque],cut-in,0.4,0.0,0.0,0.037037037037037035
pdm,M-C pair op [cinque],cut-in,0.6,0.0,0.0,0.07407407407407407
pdm,M-C pair op [cinque],cut-in,0.8,0.0,0.0,0.07407407407407407
pdm,M-C pair op [cinque],cut-in,1.0,0.0,0.0,0.07407407407407407
pdm,M-C pair op [cinque],cut-in,1.2,0.0,0.0,0.07407407407407407
pdm,M-C pair op [cinque],cut-in,1.4,0.0,0.0,0.07407407407407407
pdm,M-C pair op [cinque],cut-in,1.6,0.0,0.0,0.07407407407407407
pdm,M-C pair op [cinque],cut-in,1.8,0.0,0.0,0.07407407407407407
pdm,M-C pair op [cinque],cut-in,2.0,0.0,0.0,0.1111111111111111
pdm,M-C pair op [cinque],cut-in,2.2,0.0,0.0,0.14814814814814814
pdm,M-C pair op [cinque],cut-in,2.4,0.025974025974025976,0.012987012987012988,0.18518518518518517
pdm,M-C pair op [cinque],cut-in,2.6,0.025974025974025976,0.012987012987012988,0.18518518518518517
pdm,M-C pair op [cinque],cut-in,2.8,0.025974025974025976,0.012987012987012988,0.18518518518518517
pdm,M-C pair op [cinque],cut-in,3.0,0.03896103896103896,0.025974025974025976,0.18518518518518517
pdm,M-C pair op [cinque],cut-in,3.2,0.03896103896103896,0.025974025974025976,0.18518518518518517
pdm,M-C pair op [cinque],cut-in,3.4,0.05194805194805195,0.03896103896103896,0.2222222222222222
pdm,M-C pair op [cinque],cut-in,3.6,0.05194805194805195,0.03896103896103896,0.2222222222222222
pdm,M-C pair op [cinque],cut-in,3.8,0.06493506493506493,0.05194805194805195,0.2222222222222222
pdm,M-C pair op [cinque],cut-in,4.0,0.06493506493506493,0.06493506493506493,0.2222222222222222
pdm,M-C pair op [cinque],cut-in,4.2,0.06493506493506493,0.06493506493506493,0.2222222222222222
pdm,M-C pair op [cinque],cut-in,4.4,0.06493506493506493,0.06493506493506493,0.2222222222222222
pdm,M-C pair op [cinque],cut-in,4.6,0.06493506493506493,0.06493506493506493,0.2222222222222222
pdm,M-C pair op [cinque],cut-in,4.8,0.06493506493506493,0.06493506493506493,0.2222222222222222
pdm,M-C pair op [cinque],cut-in,5.0,0.06493506493506493,0.06493506493506493,0.2222222222222222
pdm,M-C pair op [cinque],cut-in,5.2,0.06493506493506493,0.06493506493506493,0.2222222222222222
pdm,M-C pair op [cinque],cut-in,5.4,0.06493506493506493,0.06493506493506493,0.25925925925925924
pdm,M-C pair op [cinque],cut-in,5.6,0.06493506493506493,0.06493506493506493,0.25925925925925924
pdm,M-C pair op [cinque],cut-in,5.8,0.06493506493506493,0.06493506493506493,0.25925925925925924
pdm,M-C pair op [cinque],cut-in,6.0,0.06493506493506493,0.06493506493506493,0.25925925925925924
pdm,M-C pair op [cinque],cut-in,6.2,0.06493506493506493,0.06493506493506493,0.25925925925925924
pdm,M-C pair op [cinque],cut-in,6.4,0.06493506493506493,0.06493506493506493,0.25925925925925924
pdm,M-C pair op [cinque],cut-in,6.6,0.06493506493506493,0.06493506493506493,0.25925925925925924
pdm,M-C pair op [cinque],cut-in,6.8,0.06493506493506493,0.06493506493506493,0.25925925925925924
pdm,M-C pair op [cinque],cut-in,7.0,0.06493506493506493,0.06493506493506493,0.25925925925925924
pdm,M-C pair op [cinque],cut-in,7.2,0.06493506493506493,0.06493506493506493,0.25925925925925924
pdm,M-C pair op [cinque],cut-in,7.4,0.06493506493506493,0.06493506493506493,0.25925925925925924
pdm,M-C pair op [cinque],cut-in,7.6,0.06493506493506493,0.06493506493506493,0.25925925925925924
pdm,M-C pair op [cinque],cut-in,7.8,0.06493506493506493,0.06493506493506493,0.25925925925925924
pdm,M-C pair op [cinque],cut-in,8.0,0.06493506493506493,0.06493506493506493,0.25925925925925924
pdm,M-C pair op [cinque],cut-in,8.2,0.06493506493506493,0.06493506493506493,0.25925925925925924
pdm,M-C pair op [cinque],cut-in,8.4,0.06493506493506493,0.06493506493506493,0.25925925925925924
pdm,M-C pair op [cinque],cut-in,8.6,0.06493506493506493,0.06493506493506493,0.25925925925925924
pdm,M-C pair op [cinque],cut-in,8.8,0.06493506493506493,0.06493506493506493,0.25925925925925924
pdm,M-C pair op [cinque],cut-in,9.0,0.06493506493506493,0.06493506493506493,0.25925925925925924
pdm,M-C pair op [cinque],cut-in,9.2,0.06493506493506493,0.06493506493506493,0.25925925925925924
pdm,M-C pair op [cinque],cut-in,9.4,0.06493506493506493,0.06493506493506493,0.25925925925925924
pdm,M-C pair op [cinque],cut-in,9.6,0.06493506493506493,0.06493506493506493,0.25925925925925924
pdm,M-C pair op [cinque],cut-in,9.8,0.06493506493506493,0.06493506493506493,0.25925925925925924
pdm,M-C pair op [cinque],cut-in,10.0,0.06493506493506493,0.06493506493506493,0.25925925925925924
pdm,M-C hard [cinque],cut-in,0.0,0.0,0.0,0.0
pdm,M-C hard [cinque],cut-in,0.2,0.0,0.0,0.0
pdm,M-C hard [cinque],cut-in,0.4,0.0,0.0,0.0
pdm,M-C hard [cinque],cut-in,0.6,0.0,0.0,0.037037037037037035
pdm,M-C hard [cinque],cut-in,0.8,0.0,0.0,0.037037037037037035
pdm,M-C hard [cinque],cut-in,1.0,0.0,0.0,0.037037037037037035
pdm,M-C hard [cinque],cut-in,1.2,0.0,0.0,0.037037037037037035
pdm,M-C hard [cinque],cut-in,1.4,0.0,0.0,0.07407407407407407
pdm,M-C hard [cinque],cut-in,1.6,0.0,0.0,0.07407407407407407
pdm,M-C hard [cinque],cut-in,1.8,0.0,0.0,0.07407407407407407
pdm,M-C hard [cinque],cut-in,2.0,0.0,0.0,0.07407407407407407
pdm,M-C hard [cinque],cut-in,2.2,0.0,0.0,0.1111111111111111
pdm,M-C hard [cinque],cut-in,2.4,0.012987012987012988,0.012987012987012988,0.1111111111111111
pdm,M-C hard [cinque],cut-in,2.6,0.012987012987012988,0.012987012987012988,0.14814814814814814
pdm,M-C hard [cinque],cut-in,2.8,0.012987012987012988,0.012987012987012988,0.14814814814814814
pdm,M-C hard [cinque],cut-in,3.0,0.025974025974025976,0.025974025974025976,0.14814814814814814
pdm,M-C hard [cinque],cut-in,3.2,0.025974025974025976,0.025974025974025976,0.14814814814814814
pdm,M-C hard [cinque],cut-in,3.4,0.025974025974025976,0.025974025974025976,0.14814814814814814
pdm,M-C hard [cinque],cut-in,3.6,0.025974025974025976,0.025974025974025976,0.14814814814814814
pdm,M-C hard [cinque],cut-in,3.8,0.025974025974025976,0.025974025974025976,0.14814814814814814
pdm,M-C hard [cinque],cut-in,4.0,0.025974025974025976,0.025974025974025976,0.14814814814814814
pdm,M-C hard [cinque],cut-in,4.2,0.025974025974025976,0.025974025974025976,0.14814814814814814
pdm,M-C hard [cinque],cut-in,4.4,0.025974025974025976,0.025974025974025976,0.14814814814814814
pdm,M-C hard [cinque],cut-in,4.6,0.025974025974025976,0.025974025974025976,0.14814814814814814
pdm,M-C hard [cinque],cut-in,4.8,0.025974025974025976,0.025974025974025976,0.14814814814814814
pdm,M-C hard [cinque],cut-in,5.0,0.025974025974025976,0.025974025974025976,0.14814814814814814
pdm,M-C hard [cinque],cut-in,5.2,0.025974025974025976,0.025974025974025976,0.14814814814814814
pdm,M-C hard [cinque],cut-in,5.4,0.025974025974025976,0.025974025974025976,0.14814814814814814
pdm,M-C hard [cinque],cut-in,5.6,0.025974025974025976,0.025974025974025976,0.14814814814814814
pdm,M-C hard [cinque],cut-in,5.8,0.025974025974025976,0.025974025974025976,0.14814814814814814
pdm,M-C hard [cinque],cut-in,6.0,0.025974025974025976,0.025974025974025976,0.14814814814814814
pdm,M-C hard [cinque],cut-in,6.2,0.025974025974025976,0.025974025974025976,0.14814814814814814
pdm,M-C hard [cinque],cut-in,6.4,0.025974025974025976,0.025974025974025976,0.14814814814814814
pdm,M-C hard [cinque],cut-in,6.6,0.025974025974025976,0.025974025974025976,0.14814814814814814
pdm,M-C hard [cinque],cut-in,6.8,0.025974025974025976,0.025974025974025976,0.14814814814814814
pdm,M-C hard [cinque],cut-in,7.0,0.025974025974025976,0.025974025974025976,0.14814814814814814
pdm,M-C hard [cinque],cut-in,7.2,0.025974025974025976,0.025974025974025976,0.14814814814814814
pdm,M-C hard [cinque],cut-in,7.4,0.025974025974025976,0.025974025974025976,0.14814814814814814
pdm,M-C hard [cinque],cut-in,7.6,0.025974025974025976,0.025974025974025976,0.14814814814814814
pdm,M-C hard [cinque],cut-in,7.8,0.025974025974025976,0.025974025974025976,0.14814814814814814
pdm,M-C hard [cinque],cut-in,8.0,0.025974025974025976,0.025974025974025976,0.14814814814814814
pdm,M-C hard [cinque],cut-in,8.2,0.025974025974025976,0.025974025974025976,0.14814814814814814
pdm,M-C hard [cinque],cut-in,8.4,0.025974025974025976,0.025974025974025976,0.14814814814814814
pdm,M-C hard [cinque],cut-in,8.6,0.025974025974025976,0.025974025974025976,0.14814814814814814
pdm,M-C hard [cinque],cut-in,8.8,0.025974025974025976,0.025974025974025976,0.14814814814814814
pdm,M-C hard [cinque],cut-in,9.0,0.025974025974025976,0.025974025974025976,0.14814814814814814
pdm,M-C hard [cinque],cut-in,9.2,0.025974025974025976,0.025974025974025976,0.14814814814814814
pdm,M-C hard [cinque],cut-in,9.4,0.025974025974025976,0.025974025974025976,0.14814814814814814
pdm,M-C hard [cinque],cut-in,9.6,0.025974025974025976,0.025974025974025976,0.14814814814814814
pdm,M-C hard [cinque],cut-in,9.8,0.025974025974025976,0.025974025974025976,0.14814814814814814
pdm,M-C hard [cinque],cut-in,10.0,0.025974025974025976,0.025974025974025976,0.14814814814814814
pdm,M-C uniform [cinque],cut-in,0.0,0.0,0.0,0.037037037037037035
pdm,M-C uniform [cinque],cut-in,0.2,0.0,0.0,0.037037037037037035
pdm,M-C uniform [cinque],cut-in,0.4,0.0,0.0,0.037037037037037035
pdm,M-C uniform [cinque],cut-in,0.6,0.0,0.0,0.07407407407407407
pdm,M-C uniform [cinque],cut-in,0.8,0.0,0.0,0.07407407407407407
pdm,M-C uniform [cinque],cut-in,1.0,0.0,0.0,0.07407407407407407
pdm,M-C uniform [cinque],cut-in,1.2,0.0,0.0,0.07407407407407407
pdm,M-C uniform [cinque],cut-in,1.4,0.0,0.0,0.1111111111111111
pdm,M-C uniform [cinque],cut-in,1.6,0.0,0.0,0.1111111111111111
pdm,M-C uniform [cinque],cut-in,1.8,0.0,0.0,0.1111111111111111
pdm,M-C uniform [cinque],cut-in,2.0,0.0,0.0,0.14814814814814814
pdm,M-C uniform [cinque],cut-in,2.2,0.0,0.0,0.18518518518518517
pdm,M-C uniform [cinque],cut-in,2.4,0.0,0.0,0.2222222222222222
pdm,M-C uniform [cinque],cut-in,2.6,0.0,0.0,0.2222222222222222
pdm,M-C uniform [cinque],cut-in,2.8,0.0,0.0,0.2222222222222222
pdm,M-C uniform [cinque],cut-in,3.0,0.012987012987012988,0.012987012987012988,0.2222222222222222
pdm,M-C uniform [cinque],cut-in,3.2,0.012987012987012988,0.012987012987012988,0.2222222222222222
pdm,M-C uniform [cinque],cut-in,3.4,0.012987012987012988,0.012987012987012988,0.25925925925925924
pdm,M-C uniform [cinque],cut-in,3.6,0.012987012987012988,0.012987012987012988,0.25925925925925924
pdm,M-C uniform [cinque],cut-in,3.8,0.025974025974025976,0.025974025974025976,0.25925925925925924
pdm,M-C uniform [cinque],cut-in,4.0,0.025974025974025976,0.025974025974025976,0.25925925925925924
pdm,M-C uniform [cinque],cut-in,4.2,0.025974025974025976,0.025974025974025976,0.25925925925925924
pdm,M-C uniform [cinque],cut-in,4.4,0.025974025974025976,0.025974025974025976,0.25925925925925924
pdm,M-C uniform [cinque],cut-in,4.6,0.025974025974025976,0.025974025974025976,0.25925925925925924
pdm,M-C uniform [cinque],cut-in,4.8,0.025974025974025976,0.025974025974025976,0.25925925925925924
pdm,M-C uniform [cinque],cut-in,5.0,0.025974025974025976,0.025974025974025976,0.25925925925925924
pdm,M-C uniform [cinque],cut-in,5.2,0.025974025974025976,0.025974025974025976,0.25925925925925924
pdm,M-C uniform [cinque],cut-in,5.4,0.025974025974025976,0.025974025974025976,0.2962962962962963
pdm,M-C uniform [cinque],cut-in,5.6,0.025974025974025976,0.025974025974025976,0.2962962962962963
pdm,M-C uniform [cinque],cut-in,5.8,0.025974025974025976,0.025974025974025976,0.2962962962962963
pdm,M-C uniform [cinque],cut-in,6.0,0.025974025974025976,0.025974025974025976,0.2962962962962963
pdm,M-C uniform [cinque],cut-in,6.2,0.025974025974025976,0.025974025974025976,0.2962962962962963
pdm,M-C uniform [cinque],cut-in,6.4,0.025974025974025976,0.025974025974025976,0.2962962962962963
pdm,M-C uniform [cinque],cut-in,6.6,0.025974025974025976,0.025974025974025976,0.2962962962962963
pdm,M-C uniform [cinque],cut-in,6.8,0.025974025974025976,0.025974025974025976,0.2962962962962963
pdm,M-C uniform [cinque],cut-in,7.0,0.025974025974025976,0.025974025974025976,0.2962962962962963
pdm,M-C uniform [cinque],cut-in,7.2,0.025974025974025976,0.025974025974025976,0.2962962962962963
pdm,M-C uniform [cinque],cut-in,7.4,0.025974025974025976,0.025974025974025976,0.2962962962962963
pdm,M-C uniform [cinque],cut-in,7.6,0.025974025974025976,0.025974025974025976,0.2962962962962963
pdm,M-C uniform [cinque],cut-in,7.8,0.025974025974025976,0.025974025974025976,0.2962962962962963
pdm,M-C uniform [cinque],cut-in,8.0,0.025974025974025976,0.025974025974025976,0.2962962962962963
pdm,M-C uniform [cinque],cut-in,8.2,0.025974025974025976,0.025974025974025976,0.2962962962962963
pdm,M-C uniform [cinque],cut-in,8.4,0.025974025974025976,0.025974025974025976,0.2962962962962963
pdm,M-C uniform [cinque],cut-in,8.6,0.025974025974025976,0.025974025974025976,0.2962962962962963
pdm,M-C uniform [cinque],cut-in,8.8,0.025974025974025976,0.025974025974025976,0.2962962962962963
pdm,M-C uniform [cinque],cut-in,9.0,0.025974025974025976,0.025974025974025976,0.2962962962962963
pdm,M-C uniform [cinque],cut-in,9.2,0.025974025974025976,0.025974025974025976,0.2962962962962963
pdm,M-C uniform [cinque],cut-in,9.4,0.025974025974025976,0.025974025974025976,0.2962962962962963
pdm,M-C uniform [cinque],cut-in,9.6,0.025974025974025976,0.025974025974025976,0.2962962962962963
pdm,M-C uniform [cinque],cut-in,9.8,0.025974025974025976,0.025974025974025976,0.2962962962962963
pdm,M-C uniform [cinque],cut-in,10.0,0.025974025974025976,0.025974025974025976,0.2962962962962963
pdm,prior [lebowski],cut-in,0.0,0.0,0.0,0.07407407407407407
pdm,prior [lebowski],cut-in,0.2,0.0,0.0,0.07407407407407407
pdm,prior [lebowski],cut-in,0.4,0.0,0.0,0.07407407407407407
pdm,prior [lebowski],cut-in,0.6,0.0,0.0,0.07407407407407407
pdm,prior [lebowski],cut-in,0.8,0.0,0.0,0.14814814814814814
pdm,prior [lebowski],cut-in,1.0,0.0,0.0,0.14814814814814814
pdm,prior [lebowski],cut-in,1.2,0.0,0.0,0.25925925925925924
pdm,prior [lebowski],cut-in,1.4,0.0,0.0,0.25925925925925924
pdm,prior [lebowski],cut-in,1.6,0.0,0.0,0.25925925925925924
pdm,prior [lebowski],cut-in,1.8,0.0,0.0,0.25925925925925924
pdm,prior [lebowski],cut-in,2.0,0.03896103896103896,0.03896103896103896,0.25925925925925924
pdm,prior [lebowski],cut-in,2.2,0.03896103896103896,0.03896103896103896,0.25925925925925924
pdm,prior [lebowski],cut-in,2.4,0.03896103896103896,0.03896103896103896,0.25925925925925924
pdm,prior [lebowski],cut-in,2.6,0.03896103896103896,0.03896103896103896,0.25925925925925924
pdm,prior [lebowski],cut-in,2.8,0.05194805194805195,0.05194805194805195,0.25925925925925924
pdm,prior [lebowski],cut-in,3.0,0.05194805194805195,0.05194805194805195,0.2962962962962963
pdm,prior [lebowski],cut-in,3.2,0.05194805194805195,0.05194805194805195,0.2962962962962963
pdm,prior [lebowski],cut-in,3.4,0.05194805194805195,0.05194805194805195,0.2962962962962963
pdm,prior [lebowski],cut-in,3.6,0.06493506493506493,0.05194805194805195,0.2962962962962963
pdm,prior [lebowski],cut-in,3.8,0.07792207792207792,0.06493506493506493,0.3333333333333333
pdm,prior [lebowski],cut-in,4.0,0.1038961038961039,0.07792207792207792,0.3333333333333333
pdm,prior [lebowski],cut-in,4.2,0.1038961038961039,0.07792207792207792,0.3333333333333333
pdm,prior [lebowski],cut-in,4.4,0.1038961038961039,0.07792207792207792,0.3333333333333333
pdm,prior [lebowski],cut-in,4.6,0.1038961038961039,0.07792207792207792,0.3333333333333333
pdm,prior [lebowski],cut-in,4.8,0.1038961038961039,0.07792207792207792,0.3333333333333333
pdm,prior [lebowski],cut-in,5.0,0.1038961038961039,0.07792207792207792,0.3333333333333333
pdm,prior [lebowski],cut-in,5.2,0.1038961038961039,0.07792207792207792,0.3333333333333333
pdm,prior [lebowski],cut-in,5.4,0.1038961038961039,0.07792207792207792,0.3333333333333333
pdm,prior [lebowski],cut-in,5.6,0.1038961038961039,0.07792207792207792,0.3333333333333333
pdm,prior [lebowski],cut-in,5.8,0.1038961038961039,0.07792207792207792,0.3333333333333333
pdm,prior [lebowski],cut-in,6.0,0.1038961038961039,0.07792207792207792,0.3333333333333333
pdm,prior [lebowski],cut-in,6.2,0.1038961038961039,0.07792207792207792,0.3333333333333333
pdm,prior [lebowski],cut-in,6.4,0.1038961038961039,0.07792207792207792,0.3333333333333333
pdm,prior [lebowski],cut-in,6.6,0.1038961038961039,0.07792207792207792,0.3333333333333333
pdm,prior [lebowski],cut-in,6.8,0.1038961038961039,0.07792207792207792,0.3333333333333333
pdm,prior [lebowski],cut-in,7.0,0.1038961038961039,0.07792207792207792,0.3333333333333333
pdm,prior [lebowski],cut-in,7.2,0.1038961038961039,0.07792207792207792,0.3333333333333333
pdm,prior [lebowski],cut-in,7.4,0.1038961038961039,0.07792207792207792,0.3333333333333333
pdm,prior [lebowski],cut-in,7.6,0.1038961038961039,0.07792207792207792,0.3333333333333333
pdm,prior [lebowski],cut-in,7.8,0.1038961038961039,0.07792207792207792,0.3333333333333333
pdm,prior [lebowski],cut-in,8.0,0.1038961038961039,0.07792207792207792,0.3333333333333333
pdm,prior [lebowski],cut-in,8.2,0.1038961038961039,0.07792207792207792,0.3333333333333333
pdm,prior [lebowski],cut-in,8.4,0.1038961038961039,0.07792207792207792,0.3333333333333333
pdm,prior [lebowski],cut-in,8.6,0.1038961038961039,0.07792207792207792,0.3333333333333333
pdm,prior [lebowski],cut-in,8.8,0.1038961038961039,0.07792207792207792,0.3333333333333333
pdm,prior [lebowski],cut-in,9.0,0.1038961038961039,0.07792207792207792,0.3333333333333333
pdm,prior [lebowski],cut-in,9.2,0.1038961038961039,0.07792207792207792,0.3333333333333333
pdm,prior [lebowski],cut-in,9.4,0.1038961038961039,0.07792207792207792,0.3333333333333333
pdm,prior [lebowski],cut-in,9.6,0.1038961038961039,0.07792207792207792,0.3333333333333333
pdm,prior [lebowski],cut-in,9.8,0.1038961038961039,0.07792207792207792,0.3333333333333333
pdm,prior [lebowski],cut-in,10.0,0.1038961038961039,0.07792207792207792,0.3333333333333333
pdm,M-C pair [lebowski],cut-in,0.0,0.0,0.0,0.07407407407407407
pdm,M-C pair [lebowski],cut-in,0.2,0.0,0.0,0.07407407407407407
pdm,M-C pair [lebowski],cut-in,0.4,0.0,0.0,0.07407407407407407
pdm,M-C pair [lebowski],cut-in,0.6,0.012987012987012988,0.012987012987012988,0.1111111111111111
pdm,M-C pair [lebowski],cut-in,0.8,0.012987012987012988,0.012987012987012988,0.14814814814814814
pdm,M-C pair [lebowski],cut-in,1.0,0.012987012987012988,0.012987012987012988,0.14814814814814814
pdm,M-C pair [lebowski],cut-in,1.2,0.012987012987012988,0.012987012987012988,0.25925925925925924
pdm,M-C pair [lebowski],cut-in,1.4,0.012987012987012988,0.012987012987012988,0.25925925925925924
pdm,M-C pair [lebowski],cut-in,1.6,0.012987012987012988,0.012987012987012988,0.2962962962962963
pdm,M-C pair [lebowski],cut-in,1.8,0.012987012987012988,0.012987012987012988,0.2962962962962963
pdm,M-C pair [lebowski],cut-in,2.0,0.03896103896103896,0.03896103896103896,0.2962962962962963
pdm,M-C pair [lebowski],cut-in,2.2,0.06493506493506493,0.06493506493506493,0.2962962962962963
pdm,M-C pair [lebowski],cut-in,2.4,0.07792207792207792,0.06493506493506493,0.2962962962962963
pdm,M-C pair [lebowski],cut-in,2.6,0.07792207792207792,0.06493506493506493,0.2962962962962963
pdm,M-C pair [lebowski],cut-in,2.8,0.07792207792207792,0.06493506493506493,0.2962962962962963
pdm,M-C pair [lebowski],cut-in,3.0,0.07792207792207792,0.06493506493506493,0.2962962962962963
pdm,M-C pair [lebowski],cut-in,3.2,0.07792207792207792,0.06493506493506493,0.2962962962962963
pdm,M-C pair [lebowski],cut-in,3.4,0.09090909090909091,0.07792207792207792,0.2962962962962963
pdm,M-C pair [lebowski],cut-in,3.6,0.1038961038961039,0.09090909090909091,0.2962962962962963
pdm,M-C pair [lebowski],cut-in,3.8,0.15584415584415584,0.14285714285714285,0.3333333333333333
pdm,M-C pair [lebowski],cut-in,4.0,0.16883116883116883,0.14285714285714285,0.3333333333333333
pdm,M-C pair [lebowski],cut-in,4.2,0.16883116883116883,0.14285714285714285,0.3333333333333333
pdm,M-C pair [lebowski],cut-in,4.4,0.16883116883116883,0.14285714285714285,0.3333333333333333
pdm,M-C pair [lebowski],cut-in,4.6,0.16883116883116883,0.14285714285714285,0.3333333333333333
pdm,M-C pair [lebowski],cut-in,4.8,0.16883116883116883,0.14285714285714285,0.3333333333333333
pdm,M-C pair [lebowski],cut-in,5.0,0.16883116883116883,0.14285714285714285,0.3333333333333333
pdm,M-C pair [lebowski],cut-in,5.2,0.16883116883116883,0.14285714285714285,0.3333333333333333
pdm,M-C pair [lebowski],cut-in,5.4,0.16883116883116883,0.14285714285714285,0.3333333333333333
pdm,M-C pair [lebowski],cut-in,5.6,0.16883116883116883,0.14285714285714285,0.3333333333333333
pdm,M-C pair [lebowski],cut-in,5.8,0.18181818181818182,0.15584415584415584,0.3333333333333333
pdm,M-C pair [lebowski],cut-in,6.0,0.18181818181818182,0.15584415584415584,0.3333333333333333
pdm,M-C pair [lebowski],cut-in,6.2,0.18181818181818182,0.15584415584415584,0.3333333333333333
pdm,M-C pair [lebowski],cut-in,6.4,0.18181818181818182,0.15584415584415584,0.3333333333333333
pdm,M-C pair [lebowski],cut-in,6.6,0.18181818181818182,0.15584415584415584,0.3333333333333333
pdm,M-C pair [lebowski],cut-in,6.8,0.18181818181818182,0.15584415584415584,0.3333333333333333
pdm,M-C pair [lebowski],cut-in,7.0,0.18181818181818182,0.15584415584415584,0.3333333333333333
pdm,M-C pair [lebowski],cut-in,7.2,0.18181818181818182,0.15584415584415584,0.3333333333333333
pdm,M-C pair [lebowski],cut-in,7.4,0.18181818181818182,0.15584415584415584,0.3333333333333333
pdm,M-C pair [lebowski],cut-in,7.6,0.18181818181818182,0.15584415584415584,0.3333333333333333
pdm,M-C pair [lebowski],cut-in,7.8,0.18181818181818182,0.15584415584415584,0.3333333333333333
pdm,M-C pair [lebowski],cut-in,8.0,0.18181818181818182,0.15584415584415584,0.3333333333333333
pdm,M-C pair [lebowski],cut-in,8.2,0.18181818181818182,0.15584415584415584,0.3333333333333333
pdm,M-C pair [lebowski],cut-in,8.4,0.18181818181818182,0.15584415584415584,0.3333333333333333
pdm,M-C pair [lebowski],cut-in,8.6,0.18181818181818182,0.15584415584415584,0.3333333333333333
pdm,M-C pair [lebowski],cut-in,8.8,0.18181818181818182,0.15584415584415584,0.3333333333333333
pdm,M-C pair [lebowski],cut-in,9.0,0.18181818181818182,0.15584415584415584,0.3333333333333333
pdm,M-C pair [lebowski],cut-in,9.2,0.18181818181818182,0.15584415584415584,0.3333333333333333
pdm,M-C pair [lebowski],cut-in,9.4,0.18181818181818182,0.15584415584415584,0.3333333333333333
pdm,M-C pair [lebowski],cut-in,9.6,0.18181818181818182,0.15584415584415584,0.3333333333333333
pdm,M-C pair [lebowski],cut-in,9.8,0.18181818181818182,0.15584415584415584,0.3333333333333333
pdm,M-C pair [lebowski],cut-in,10.0,0.18181818181818182,0.15584415584415584,0.3333333333333333
pdm,M-C pair (mu=0) [lebowski],cut-in,0.0,0.0,0.0,0.14814814814814814
pdm,M-C pair (mu=0) [lebowski],cut-in,0.2,0.0,0.0,0.14814814814814814
pdm,M-C pair (mu=0) [lebowski],cut-in,0.4,0.0,0.0,0.14814814814814814
pdm,M-C pair (mu=0) [lebowski],cut-in,0.6,0.012987012987012988,0.012987012987012988,0.14814814814814814
pdm,M-C pair (mu=0) [lebowski],cut-in,0.8,0.012987012987012988,0.012987012987012988,0.18518518518518517
pdm,M-C pair (mu=0) [lebowski],cut-in,1.0,0.012987012987012988,0.012987012987012988,0.18518518518518517
pdm,M-C pair (mu=0) [lebowski],cut-in,1.2,0.012987012987012988,0.012987012987012988,0.18518518518518517
pdm,M-C pair (mu=0) [lebowski],cut-in,1.4,0.025974025974025976,0.025974025974025976,0.2222222222222222
pdm,M-C pair (mu=0) [lebowski],cut-in,1.6,0.025974025974025976,0.025974025974025976,0.2962962962962963
pdm,M-C pair (mu=0) [lebowski],cut-in,1.8,0.03896103896103896,0.03896103896103896,0.2962962962962963
pdm,M-C pair (mu=0) [lebowski],cut-in,2.0,0.09090909090909091,0.09090909090909091,0.2962962962962963
pdm,M-C pair (mu=0) [lebowski],cut-in,2.2,0.1038961038961039,0.1038961038961039,0.2962962962962963
pdm,M-C pair (mu=0) [lebowski],cut-in,2.4,0.12987012987012986,0.12987012987012986,0.2962962962962963
pdm,M-C pair (mu=0) [lebowski],cut-in,2.6,0.15584415584415584,0.15584415584415584,0.2962962962962963
pdm,M-C pair (mu=0) [lebowski],cut-in,2.8,0.15584415584415584,0.15584415584415584,0.37037037037037035
pdm,M-C pair (mu=0) [lebowski],cut-in,3.0,0.15584415584415584,0.15584415584415584,0.37037037037037035
pdm,M-C pair (mu=0) [lebowski],cut-in,3.2,0.16883116883116883,0.16883116883116883,0.37037037037037035
pdm,M-C pair (mu=0) [lebowski],cut-in,3.4,0.19480519480519481,0.19480519480519481,0.37037037037037035
pdm,M-C pair (mu=0) [lebowski],cut-in,3.6,0.22077922077922077,0.22077922077922077,0.37037037037037035
pdm,M-C pair (mu=0) [lebowski],cut-in,3.8,0.2597402597402597,0.2597402597402597,0.37037037037037035
pdm,M-C pair (mu=0) [lebowski],cut-in,4.0,0.2727272727272727,0.2727272727272727,0.37037037037037035
pdm,M-C pair (mu=0) [lebowski],cut-in,4.2,0.2727272727272727,0.2727272727272727,0.37037037037037035
pdm,M-C pair (mu=0) [lebowski],cut-in,4.4,0.2727272727272727,0.2727272727272727,0.37037037037037035
pdm,M-C pair (mu=0) [lebowski],cut-in,4.6,0.2727272727272727,0.2727272727272727,0.37037037037037035
pdm,M-C pair (mu=0) [lebowski],cut-in,4.8,0.2857142857142857,0.2857142857142857,0.4074074074074074
pdm,M-C pair (mu=0) [lebowski],cut-in,5.0,0.2857142857142857,0.2857142857142857,0.4074074074074074
pdm,M-C pair (mu=0) [lebowski],cut-in,5.2,0.2987012987012987,0.2987012987012987,0.4074074074074074
pdm,M-C pair (mu=0) [lebowski],cut-in,5.4,0.2987012987012987,0.2987012987012987,0.4074074074074074
pdm,M-C pair (mu=0) [lebowski],cut-in,5.6,0.2987012987012987,0.2987012987012987,0.4074074074074074
pdm,M-C pair (mu=0) [lebowski],cut-in,5.8,0.3116883116883117,0.3116883116883117,0.4074074074074074
pdm,M-C pair (mu=0) [lebowski],cut-in,6.0,0.3116883116883117,0.3116883116883117,0.4074074074074074
pdm,M-C pair (mu=0) [lebowski],cut-in,6.2,0.3116883116883117,0.3116883116883117,0.4074074074074074
pdm,M-C pair (mu=0) [lebowski],cut-in,6.4,0.3116883116883117,0.3116883116883117,0.4074074074074074
pdm,M-C pair (mu=0) [lebowski],cut-in,6.6,0.3116883116883117,0.3116883116883117,0.4074074074074074
pdm,M-C pair (mu=0) [lebowski],cut-in,6.8,0.3116883116883117,0.3116883116883117,0.4074074074074074
pdm,M-C pair (mu=0) [lebowski],cut-in,7.0,0.3116883116883117,0.3116883116883117,0.4074074074074074
pdm,M-C pair (mu=0) [lebowski],cut-in,7.2,0.3116883116883117,0.3116883116883117,0.4074074074074074
pdm,M-C pair (mu=0) [lebowski],cut-in,7.4,0.3116883116883117,0.3116883116883117,0.4074074074074074
pdm,M-C pair (mu=0) [lebowski],cut-in,7.6,0.3116883116883117,0.3116883116883117,0.4074074074074074
pdm,M-C pair (mu=0) [lebowski],cut-in,7.8,0.3116883116883117,0.3116883116883117,0.4074074074074074
pdm,M-C pair (mu=0) [lebowski],cut-in,8.0,0.3116883116883117,0.3116883116883117,0.4074074074074074
pdm,M-C pair (mu=0) [lebowski],cut-in,8.2,0.3116883116883117,0.3116883116883117,0.4074074074074074
pdm,M-C pair (mu=0) [lebowski],cut-in,8.4,0.3116883116883117,0.3116883116883117,0.4074074074074074
pdm,M-C pair (mu=0) [lebowski],cut-in,8.6,0.3116883116883117,0.3116883116883117,0.4074074074074074
pdm,M-C pair (mu=0) [lebowski],cut-in,8.8,0.3116883116883117,0.3116883116883117,0.4074074074074074
pdm,M-C pair (mu=0) [lebowski],cut-in,9.0,0.3116883116883117,0.3116883116883117,0.4074074074074074
pdm,M-C pair (mu=0) [lebowski],cut-in,9.2,0.3116883116883117,0.3116883116883117,0.4074074074074074
pdm,M-C pair (mu=0) [lebowski],cut-in,9.4,0.3116883116883117,0.3116883116883117,0.4074074074074074
pdm,M-C pair (mu=0) [lebowski],cut-in,9.6,0.3116883116883117,0.3116883116883117,0.4074074074074074
pdm,M-C pair (mu=0) [lebowski],cut-in,9.8,0.3116883116883117,0.3116883116883117,0.4074074074074074
pdm,M-C pair (mu=0) [lebowski],cut-in,10.0,0.3116883116883117,0.3116883116883117,0.4074074074074074
pdm,M-C pair qwen [lebowski],cut-in,0.0,0.0,0.0,0.07407407407407407
pdm,M-C pair qwen [lebowski],cut-in,0.2,0.0,0.0,0.07407407407407407
pdm,M-C pair qwen [lebowski],cut-in,0.4,0.0,0.0,0.1111111111111111
pdm,M-C pair qwen [lebowski],cut-in,0.6,0.0,0.0,0.1111111111111111
pdm,M-C pair qwen [lebowski],cut-in,0.8,0.0,0.0,0.14814814814814814
pdm,M-C pair qwen [lebowski],cut-in,1.0,0.0,0.0,0.18518518518518517
pdm,M-C pair qwen [lebowski],cut-in,1.2,0.0,0.0,0.2962962962962963
pdm,M-C pair qwen [lebowski],cut-in,1.4,0.0,0.0,0.2962962962962963
pdm,M-C pair qwen [lebowski],cut-in,1.6,0.0,0.0,0.2962962962962963
pdm,M-C pair qwen [lebowski],cut-in,1.8,0.0,0.0,0.2962962962962963
pdm,M-C pair qwen [lebowski],cut-in,2.0,0.025974025974025976,0.025974025974025976,0.2962962962962963
pdm,M-C pair qwen [lebowski],cut-in,2.2,0.05194805194805195,0.05194805194805195,0.2962962962962963
pdm,M-C pair qwen [lebowski],cut-in,2.4,0.06493506493506493,0.05194805194805195,0.2962962962962963
pdm,M-C pair qwen [lebowski],cut-in,2.6,0.06493506493506493,0.05194805194805195,0.2962962962962963
pdm,M-C pair qwen [lebowski],cut-in,2.8,0.06493506493506493,0.05194805194805195,0.2962962962962963
pdm,M-C pair qwen [lebowski],cut-in,3.0,0.06493506493506493,0.05194805194805195,0.3333333333333333
pdm,M-C pair qwen [lebowski],cut-in,3.2,0.06493506493506493,0.05194805194805195,0.3333333333333333
pdm,M-C pair qwen [lebowski],cut-in,3.4,0.07792207792207792,0.06493506493506493,0.3333333333333333
pdm,M-C pair qwen [lebowski],cut-in,3.6,0.09090909090909091,0.06493506493506493,0.3333333333333333
pdm,M-C pair qwen [lebowski],cut-in,3.8,0.1038961038961039,0.07792207792207792,0.37037037037037035
pdm,M-C pair qwen [lebowski],cut-in,4.0,0.11688311688311688,0.09090909090909091,0.37037037037037035
pdm,M-C pair qwen [lebowski],cut-in,4.2,0.11688311688311688,0.09090909090909091,0.37037037037037035
pdm,M-C pair qwen [lebowski],cut-in,4.4,0.12987012987012986,0.09090909090909091,0.37037037037037035
pdm,M-C pair qwen [lebowski],cut-in,4.6,0.12987012987012986,0.09090909090909091,0.37037037037037035
pdm,M-C pair qwen [lebowski],cut-in,4.8,0.12987012987012986,0.09090909090909091,0.37037037037037035
pdm,M-C pair qwen [lebowski],cut-in,5.0,0.12987012987012986,0.09090909090909091,0.37037037037037035
pdm,M-C pair qwen [lebowski],cut-in,5.2,0.12987012987012986,0.09090909090909091,0.37037037037037035
pdm,M-C pair qwen [lebowski],cut-in,5.4,0.12987012987012986,0.09090909090909091,0.37037037037037035
pdm,M-C pair qwen [lebowski],cut-in,5.6,0.12987012987012986,0.09090909090909091,0.37037037037037035
pdm,M-C pair qwen [lebowski],cut-in,5.8,0.12987012987012986,0.1038961038961039,0.37037037037037035
pdm,M-C pair qwen [lebowski],cut-in,6.0,0.12987012987012986,0.1038961038961039,0.37037037037037035
pdm,M-C pair qwen [lebowski],cut-in,6.2,0.12987012987012986,0.1038961038961039,0.37037037037037035
pdm,M-C pair qwen [lebowski],cut-in,6.4,0.12987012987012986,0.1038961038961039,0.37037037037037035
pdm,M-C pair qwen [lebowski],cut-in,6.6,0.12987012987012986,0.1038961038961039,0.37037037037037035
pdm,M-C pair qwen [lebowski],cut-in,6.8,0.12987012987012986,0.1038961038961039,0.37037037037037035
pdm,M-C pair qwen [lebowski],cut-in,7.0,0.12987012987012986,0.1038961038961039,0.37037037037037035
pdm,M-C pair qwen [lebowski],cut-in,7.2,0.12987012987012986,0.1038961038961039,0.37037037037037035
pdm,M-C pair qwen [lebowski],cut-in,7.4,0.12987012987012986,0.1038961038961039,0.37037037037037035
pdm,M-C pair qwen [lebowski],cut-in,7.6,0.12987012987012986,0.1038961038961039,0.37037037037037035
pdm,M-C pair qwen [lebowski],cut-in,7.8,0.12987012987012986,0.1038961038961039,0.37037037037037035
pdm,M-C pair qwen [lebowski],cut-in,8.0,0.12987012987012986,0.1038961038961039,0.37037037037037035
pdm,M-C pair qwen [lebowski],cut-in,8.2,0.12987012987012986,0.1038961038961039,0.37037037037037035
pdm,M-C pair qwen [lebowski],cut-in,8.4,0.12987012987012986,0.1038961038961039,0.37037037037037035
pdm,M-C pair qwen [lebowski],cut-in,8.6,0.12987012987012986,0.1038961038961039,0.37037037037037035
pdm,M-C pair qwen [lebowski],cut-in,8.8,0.12987012987012986,0.1038961038961039,0.37037037037037035
pdm,M-C pair qwen [lebowski],cut-in,9.0,0.12987012987012986,0.1038961038961039,0.37037037037037035
pdm,M-C pair qwen [lebowski],cut-in,9.2,0.12987012987012986,0.1038961038961039,0.37037037037037035
pdm,M-C pair qwen [lebowski],cut-in,9.4,0.12987012987012986,0.1038961038961039,0.37037037037037035
pdm,M-C pair qwen [lebowski],cut-in,9.6,0.12987012987012986,0.1038961038961039,0.37037037037037035
pdm,M-C pair qwen [lebowski],cut-in,9.8,0.12987012987012986,0.1038961038961039,0.37037037037037035
pdm,M-C pair qwen [lebowski],cut-in,10.0,0.12987012987012986,0.1038961038961039,0.37037037037037035
pdm,M-C pair op [lebowski],cut-in,0.0,0.0,0.0,0.07407407407407407
pdm,M-C pair op [lebowski],cut-in,0.2,0.0,0.0,0.07407407407407407
pdm,M-C pair op [lebowski],cut-in,0.4,0.0,0.0,0.07407407407407407
pdm,M-C pair op [lebowski],cut-in,0.6,0.012987012987012988,0.012987012987012988,0.1111111111111111
pdm,M-C pair op [lebowski],cut-in,0.8,0.012987012987012988,0.012987012987012988,0.14814814814814814
pdm,M-C pair op [lebowski],cut-in,1.0,0.012987012987012988,0.012987012987012988,0.14814814814814814
pdm,M-C pair op [lebowski],cut-in,1.2,0.012987012987012988,0.012987012987012988,0.2222222222222222
pdm,M-C pair op [lebowski],cut-in,1.4,0.012987012987012988,0.012987012987012988,0.2222222222222222
pdm,M-C pair op [lebowski],cut-in,1.6,0.012987012987012988,0.012987012987012988,0.2962962962962963
pdm,M-C pair op [lebowski],cut-in,1.8,0.012987012987012988,0.012987012987012988,0.2962962962962963
pdm,M-C pair op [lebowski],cut-in,2.0,0.05194805194805195,0.05194805194805195,0.2962962962962963
pdm,M-C pair op [lebowski],cut-in,2.2,0.06493506493506493,0.06493506493506493,0.2962962962962963
pdm,M-C pair op [lebowski],cut-in,2.4,0.06493506493506493,0.06493506493506493,0.2962962962962963
pdm,M-C pair op [lebowski],cut-in,2.6,0.06493506493506493,0.06493506493506493,0.2962962962962963
pdm,M-C pair op [lebowski],cut-in,2.8,0.06493506493506493,0.06493506493506493,0.2962962962962963
pdm,M-C pair op [lebowski],cut-in,3.0,0.06493506493506493,0.06493506493506493,0.2962962962962963
pdm,M-C pair op [lebowski],cut-in,3.2,0.06493506493506493,0.06493506493506493,0.2962962962962963
pdm,M-C pair op [lebowski],cut-in,3.4,0.07792207792207792,0.07792207792207792,0.2962962962962963
pdm,M-C pair op [lebowski],cut-in,3.6,0.1038961038961039,0.09090909090909091,0.2962962962962963
pdm,M-C pair op [lebowski],cut-in,3.8,0.15584415584415584,0.14285714285714285,0.3333333333333333
pdm,M-C pair op [lebowski],cut-in,4.0,0.18181818181818182,0.15584415584415584,0.3333333333333333
pdm,M-C pair op [lebowski],cut-in,4.2,0.18181818181818182,0.15584415584415584,0.3333333333333333
pdm,M-C pair op [lebowski],cut-in,4.4,0.18181818181818182,0.15584415584415584,0.3333333333333333
pdm,M-C pair op [lebowski],cut-in,4.6,0.18181818181818182,0.15584415584415584,0.3333333333333333
pdm,M-C pair op [lebowski],cut-in,4.8,0.18181818181818182,0.15584415584415584,0.3333333333333333
pdm,M-C pair op [lebowski],cut-in,5.0,0.18181818181818182,0.15584415584415584,0.3333333333333333
pdm,M-C pair op [lebowski],cut-in,5.2,0.18181818181818182,0.15584415584415584,0.3333333333333333
pdm,M-C pair op [lebowski],cut-in,5.4,0.18181818181818182,0.15584415584415584,0.3333333333333333
pdm,M-C pair op [lebowski],cut-in,5.6,0.18181818181818182,0.15584415584415584,0.3333333333333333
pdm,M-C pair op [lebowski],cut-in,5.8,0.19480519480519481,0.16883116883116883,0.3333333333333333
pdm,M-C pair op [lebowski],cut-in,6.0,0.19480519480519481,0.16883116883116883,0.3333333333333333
pdm,M-C pair op [lebowski],cut-in,6.2,0.19480519480519481,0.16883116883116883,0.3333333333333333
pdm,M-C pair op [lebowski],cut-in,6.4,0.19480519480519481,0.16883116883116883,0.3333333333333333
pdm,M-C pair op [lebowski],cut-in,6.6,0.19480519480519481,0.16883116883116883,0.3333333333333333
pdm,M-C pair op [lebowski],cut-in,6.8,0.19480519480519481,0.16883116883116883,0.3333333333333333
pdm,M-C pair op [lebowski],cut-in,7.0,0.19480519480519481,0.16883116883116883,0.3333333333333333
pdm,M-C pair op [lebowski],cut-in,7.2,0.19480519480519481,0.16883116883116883,0.3333333333333333
pdm,M-C pair op [lebowski],cut-in,7.4,0.19480519480519481,0.16883116883116883,0.3333333333333333
pdm,M-C pair op [lebowski],cut-in,7.6,0.19480519480519481,0.16883116883116883,0.3333333333333333
pdm,M-C pair op [lebowski],cut-in,7.8,0.19480519480519481,0.16883116883116883,0.3333333333333333
pdm,M-C pair op [lebowski],cut-in,8.0,0.19480519480519481,0.16883116883116883,0.3333333333333333
pdm,M-C pair op [lebowski],cut-in,8.2,0.19480519480519481,0.16883116883116883,0.3333333333333333
pdm,M-C pair op [lebowski],cut-in,8.4,0.19480519480519481,0.16883116883116883,0.3333333333333333
pdm,M-C pair op [lebowski],cut-in,8.6,0.19480519480519481,0.16883116883116883,0.3333333333333333
pdm,M-C pair op [lebowski],cut-in,8.8,0.19480519480519481,0.16883116883116883,0.3333333333333333
pdm,M-C pair op [lebowski],cut-in,9.0,0.19480519480519481,0.16883116883116883,0.3333333333333333
pdm,M-C pair op [lebowski],cut-in,9.2,0.19480519480519481,0.16883116883116883,0.3333333333333333
pdm,M-C pair op [lebowski],cut-in,9.4,0.19480519480519481,0.16883116883116883,0.3333333333333333
pdm,M-C pair op [lebowski],cut-in,9.6,0.19480519480519481,0.16883116883116883,0.3333333333333333
pdm,M-C pair op [lebowski],cut-in,9.8,0.19480519480519481,0.16883116883116883,0.3333333333333333
pdm,M-C pair op [lebowski],cut-in,10.0,0.19480519480519481,0.16883116883116883,0.3333333333333333
pdm,M-C hard [lebowski],cut-in,0.0,0.0,0.0,0.07407407407407407
pdm,M-C hard [lebowski],cut-in,0.2,0.0,0.0,0.07407407407407407
pdm,M-C hard [lebowski],cut-in,0.4,0.0,0.0,0.1111111111111111
pdm,M-C hard [lebowski],cut-in,0.6,0.0,0.0,0.14814814814814814
pdm,M-C hard [lebowski],cut-in,0.8,0.0,0.0,0.18518518518518517
pdm,M-C hard [lebowski],cut-in,1.0,0.0,0.0,0.18518518518518517
pdm,M-C hard [lebowski],cut-in,1.2,0.0,0.0,0.18518518518518517
pdm,M-C hard [lebowski],cut-in,1.4,0.0,0.0,0.18518518518518517
pdm,M-C hard [lebowski],cut-in,1.6,0.0,0.0,0.2222222222222222
pdm,M-C hard [lebowski],cut-in,1.8,0.0,0.0,0.2222222222222222
pdm,M-C hard [lebowski],cut-in,2.0,0.025974025974025976,0.025974025974025976,0.2222222222222222
pdm,M-C hard [lebowski],cut-in,2.2,0.03896103896103896,0.03896103896103896,0.2222222222222222
pdm,M-C hard [lebowski],cut-in,2.4,0.06493506493506493,0.05194805194805195,0.25925925925925924
pdm,M-C hard [lebowski],cut-in,2.6,0.06493506493506493,0.05194805194805195,0.25925925925925924
pdm,M-C hard [lebowski],cut-in,2.8,0.06493506493506493,0.05194805194805195,0.25925925925925924
pdm,M-C hard [lebowski],cut-in,3.0,0.06493506493506493,0.05194805194805195,0.2962962962962963
pdm,M-C hard [lebowski],cut-in,3.2,0.06493506493506493,0.05194805194805195,0.3333333333333333
pdm,M-C hard [lebowski],cut-in,3.4,0.07792207792207792,0.06493506493506493,0.37037037037037035
pdm,M-C hard [lebowski],cut-in,3.6,0.09090909090909091,0.06493506493506493,0.37037037037037035
pdm,M-C hard [lebowski],cut-in,3.8,0.09090909090909091,0.06493506493506493,0.37037037037037035
pdm,M-C hard [lebowski],cut-in,4.0,0.1038961038961039,0.07792207792207792,0.37037037037037035
pdm,M-C hard [lebowski],cut-in,4.2,0.1038961038961039,0.07792207792207792,0.37037037037037035
pdm,M-C hard [lebowski],cut-in,4.4,0.11688311688311688,0.07792207792207792,0.37037037037037035
pdm,M-C hard [lebowski],cut-in,4.6,0.11688311688311688,0.07792207792207792,0.37037037037037035
pdm,M-C hard [lebowski],cut-in,4.8,0.11688311688311688,0.07792207792207792,0.4074074074074074
pdm,M-C hard [lebowski],cut-in,5.0,0.11688311688311688,0.07792207792207792,0.4074074074074074
pdm,M-C hard [lebowski],cut-in,5.2,0.11688311688311688,0.07792207792207792,0.4074074074074074
pdm,M-C hard [lebowski],cut-in,5.4,0.11688311688311688,0.07792207792207792,0.4074074074074074
pdm,M-C hard [lebowski],cut-in,5.6,0.11688311688311688,0.07792207792207792,0.4074074074074074
pdm,M-C hard [lebowski],cut-in,5.8,0.11688311688311688,0.09090909090909091,0.4074074074074074
pdm,M-C hard [lebowski],cut-in,6.0,0.11688311688311688,0.09090909090909091,0.4074074074074074
pdm,M-C hard [lebowski],cut-in,6.2,0.11688311688311688,0.09090909090909091,0.4074074074074074
pdm,M-C hard [lebowski],cut-in,6.4,0.11688311688311688,0.09090909090909091,0.4074074074074074
pdm,M-C hard [lebowski],cut-in,6.6,0.11688311688311688,0.09090909090909091,0.4074074074074074
pdm,M-C hard [lebowski],cut-in,6.8,0.11688311688311688,0.09090909090909091,0.4074074074074074
pdm,M-C hard [lebowski],cut-in,7.0,0.11688311688311688,0.09090909090909091,0.4074074074074074
pdm,M-C hard [lebowski],cut-in,7.2,0.11688311688311688,0.09090909090909091,0.4074074074074074
pdm,M-C hard [lebowski],cut-in,7.4,0.11688311688311688,0.09090909090909091,0.4074074074074074
pdm,M-C hard [lebowski],cut-in,7.6,0.11688311688311688,0.09090909090909091,0.4074074074074074
pdm,M-C hard [lebowski],cut-in,7.8,0.11688311688311688,0.09090909090909091,0.4074074074074074
pdm,M-C hard [lebowski],cut-in,8.0,0.11688311688311688,0.09090909090909091,0.4074074074074074
pdm,M-C hard [lebowski],cut-in,8.2,0.11688311688311688,0.09090909090909091,0.4074074074074074
pdm,M-C hard [lebowski],cut-in,8.4,0.11688311688311688,0.09090909090909091,0.4074074074074074
pdm,M-C hard [lebowski],cut-in,8.6,0.11688311688311688,0.09090909090909091,0.4074074074074074
pdm,M-C hard [lebowski],cut-in,8.8,0.11688311688311688,0.09090909090909091,0.4074074074074074
pdm,M-C hard [lebowski],cut-in,9.0,0.11688311688311688,0.09090909090909091,0.4074074074074074
pdm,M-C hard [lebowski],cut-in,9.2,0.11688311688311688,0.09090909090909091,0.4074074074074074
pdm,M-C hard [lebowski],cut-in,9.4,0.11688311688311688,0.09090909090909091,0.4074074074074074
pdm,M-C hard [lebowski],cut-in,9.6,0.11688311688311688,0.09090909090909091,0.4074074074074074
pdm,M-C hard [lebowski],cut-in,9.8,0.11688311688311688,0.09090909090909091,0.4074074074074074
pdm,M-C hard [lebowski],cut-in,10.0,0.11688311688311688,0.09090909090909091,0.4074074074074074
pdm,M-C uniform [lebowski],cut-in,0.0,0.0,0.0,0.07407407407407407
pdm,M-C uniform [lebowski],cut-in,0.2,0.0,0.0,0.07407407407407407
pdm,M-C uniform [lebowski],cut-in,0.4,0.0,0.0,0.07407407407407407
pdm,M-C uniform [lebowski],cut-in,0.6,0.0,0.0,0.07407407407407407
pdm,M-C uniform [lebowski],cut-in,0.8,0.0,0.0,0.1111111111111111
pdm,M-C uniform [lebowski],cut-in,1.0,0.0,0.0,0.1111111111111111
pdm,M-C uniform [lebowski],cut-in,1.2,0.0,0.0,0.1111111111111111
pdm,M-C uniform [lebowski],cut-in,1.4,0.0,0.0,0.1111111111111111
pdm,M-C uniform [lebowski],cut-in,1.6,0.0,0.0,0.14814814814814814
pdm,M-C uniform [lebowski],cut-in,1.8,0.0,0.0,0.14814814814814814
pdm,M-C uniform [lebowski],cut-in,2.0,0.025974025974025976,0.025974025974025976,0.14814814814814814
pdm,M-C uniform [lebowski],cut-in,2.2,0.05194805194805195,0.05194805194805195,0.14814814814814814
pdm,M-C uniform [lebowski],cut-in,2.4,0.05194805194805195,0.05194805194805195,0.14814814814814814
pdm,M-C uniform [lebowski],cut-in,2.6,0.05194805194805195,0.05194805194805195,0.14814814814814814
pdm,M-C uniform [lebowski],cut-in,2.8,0.05194805194805195,0.05194805194805195,0.14814814814814814
pdm,M-C uniform [lebowski],cut-in,3.0,0.05194805194805195,0.05194805194805195,0.2222222222222222
pdm,M-C uniform [lebowski],cut-in,3.2,0.05194805194805195,0.05194805194805195,0.2222222222222222
pdm,M-C uniform [lebowski],cut-in,3.4,0.06493506493506493,0.06493506493506493,0.2222222222222222
pdm,M-C uniform [lebowski],cut-in,3.6,0.07792207792207792,0.06493506493506493,0.2222222222222222
pdm,M-C uniform [lebowski],cut-in,3.8,0.09090909090909091,0.07792207792207792,0.25925925925925924
pdm,M-C uniform [lebowski],cut-in,4.0,0.11688311688311688,0.09090909090909091,0.25925925925925924
pdm,M-C uniform [lebowski],cut-in,4.2,0.11688311688311688,0.09090909090909091,0.25925925925925924
pdm,M-C uniform [lebowski],cut-in,4.4,0.11688311688311688,0.09090909090909091,0.25925925925925924
pdm,M-C uniform [lebowski],cut-in,4.6,0.11688311688311688,0.09090909090909091,0.25925925925925924
pdm,M-C uniform [lebowski],cut-in,4.8,0.11688311688311688,0.09090909090909091,0.25925925925925924
pdm,M-C uniform [lebowski],cut-in,5.0,0.11688311688311688,0.09090909090909091,0.2962962962962963
pdm,M-C uniform [lebowski],cut-in,5.2,0.11688311688311688,0.09090909090909091,0.2962962962962963
pdm,M-C uniform [lebowski],cut-in,5.4,0.11688311688311688,0.09090909090909091,0.2962962962962963
pdm,M-C uniform [lebowski],cut-in,5.6,0.11688311688311688,0.09090909090909091,0.2962962962962963
pdm,M-C uniform [lebowski],cut-in,5.8,0.12987012987012986,0.1038961038961039,0.2962962962962963
pdm,M-C uniform [lebowski],cut-in,6.0,0.12987012987012986,0.1038961038961039,0.2962962962962963
pdm,M-C uniform [lebowski],cut-in,6.2,0.12987012987012986,0.1038961038961039,0.2962962962962963
pdm,M-C uniform [lebowski],cut-in,6.4,0.12987012987012986,0.1038961038961039,0.2962962962962963
pdm,M-C uniform [lebowski],cut-in,6.6,0.12987012987012986,0.1038961038961039,0.2962962962962963
pdm,M-C uniform [lebowski],cut-in,6.8,0.12987012987012986,0.1038961038961039,0.2962962962962963
pdm,M-C uniform [lebowski],cut-in,7.0,0.12987012987012986,0.1038961038961039,0.2962962962962963
pdm,M-C uniform [lebowski],cut-in,7.2,0.12987012987012986,0.1038961038961039,0.2962962962962963
pdm,M-C uniform [lebowski],cut-in,7.4,0.12987012987012986,0.1038961038961039,0.2962962962962963
pdm,M-C uniform [lebowski],cut-in,7.6,0.12987012987012986,0.1038961038961039,0.2962962962962963
pdm,M-C uniform [lebowski],cut-in,7.8,0.12987012987012986,0.1038961038961039,0.2962962962962963
pdm,M-C uniform [lebowski],cut-in,8.0,0.12987012987012986,0.1038961038961039,0.2962962962962963
pdm,M-C uniform [lebowski],cut-in,8.2,0.12987012987012986,0.1038961038961039,0.2962962962962963
pdm,M-C uniform [lebowski],cut-in,8.4,0.12987012987012986,0.1038961038961039,0.2962962962962963
pdm,M-C uniform [lebowski],cut-in,8.6,0.12987012987012986,0.1038961038961039,0.2962962962962963
pdm,M-C uniform [lebowski],cut-in,8.8,0.12987012987012986,0.1038961038961039,0.2962962962962963
pdm,M-C uniform [lebowski],cut-in,9.0,0.12987012987012986,0.1038961038961039,0.2962962962962963
pdm,M-C uniform [lebowski],cut-in,9.2,0.12987012987012986,0.1038961038961039,0.2962962962962963
pdm,M-C uniform [lebowski],cut-in,9.4,0.12987012987012986,0.1038961038961039,0.2962962962962963
pdm,M-C uniform [lebowski],cut-in,9.6,0.12987012987012986,0.1038961038961039,0.2962962962962963
pdm,M-C uniform [lebowski],cut-in,9.8,0.12987012987012986,0.1038961038961039,0.2962962962962963
pdm,M-C uniform [lebowski],cut-in,10.0,0.12987012987012986,0.1038961038961039,0.2962962962962963
pdm,gate any,cut-in,0.0,0.0,0.0,0.0
pdm,gate any,cut-in,0.2,0.0,0.0,0.0
pdm,gate any,cut-in,0.4,0.0,0.0,0.0
pdm,gate any,cut-in,0.6,0.0,0.0,0.0
pdm,gate any,cut-in,0.8,0.0,0.0,0.0
pdm,gate any,cut-in,1.0,0.0,0.0,0.0
pdm,gate any,cut-in,1.2,0.0,0.0,0.0
pdm,gate any,cut-in,1.4,0.0,0.0,0.0
pdm,gate any,cut-in,1.6,0.0,0.0,0.0
pdm,gate any,cut-in,1.8,0.0,0.0,0.0
pdm,gate any,cut-in,2.0,0.0,0.0,0.0
pdm,gate any,cut-in,2.2,0.0,0.0,0.0
pdm,gate any,cut-in,2.4,0.0,0.0,0.0
pdm,gate any,cut-in,2.6,0.0,0.0,0.0
pdm,gate any,cut-in,2.8,0.0,0.0,0.0
pdm,gate any,cut-in,3.0,0.0,0.0,0.0
pdm,gate any,cut-in,3.2,0.0,0.0,0.0
pdm,gate any,cut-in,3.4,0.0,0.0,0.0
pdm,gate any,cut-in,3.6,0.0,0.0,0.0
pdm,gate any,cut-in,3.8,0.0,0.0,0.0
pdm,gate any,cut-in,4.0,0.0,0.0,0.0
pdm,gate any,cut-in,4.2,0.0,0.0,0.0
pdm,gate any,cut-in,4.4,0.0,0.0,0.0
pdm,gate any,cut-in,4.6,0.0,0.0,0.0
pdm,gate any,cut-in,4.8,0.0,0.0,0.0
pdm,gate any,cut-in,5.0,0.0,0.0,0.0
pdm,gate any,cut-in,5.2,0.0,0.0,0.0
pdm,gate any,cut-in,5.4,0.0,0.0,0.0
pdm,gate any,cut-in,5.6,0.0,0.0,0.0
pdm,gate any,cut-in,5.8,0.0,0.0,0.0
pdm,gate any,cut-in,6.0,0.0,0.0,0.0
pdm,gate any,cut-in,6.2,0.0,0.0,0.0
pdm,gate any,cut-in,6.4,0.0,0.0,0.0
pdm,gate any,cut-in,6.6,0.0,0.0,0.0
pdm,gate any,cut-in,6.8,0.0,0.0,0.0
pdm,gate any,cut-in,7.0,0.0,0.0,0.0
pdm,gate any,cut-in,7.2,0.0,0.0,0.0
pdm,gate any,cut-in,7.4,0.0,0.0,0.0
pdm,gate any,cut-in,7.6,0.0,0.0,0.0
pdm,gate any,cut-in,7.8,0.0,0.0,0.0
pdm,gate any,cut-in,8.0,0.0,0.0,0.0
pdm,gate any,cut-in,8.2,0.0,0.0,0.0
pdm,gate any,cut-in,8.4,0.0,0.0,0.0
pdm,gate any,cut-in,8.6,0.0,0.0,0.0
pdm,gate any,cut-in,8.8,0.0,0.0,0.0
pdm,gate any,cut-in,9.0,0.0,0.0,0.0
pdm,gate any,cut-in,9.2,0.0,0.0,0.0
pdm,gate any,cut-in,9.4,0.0,0.0,0.0
pdm,gate any,cut-in,9.6,0.0,0.0,0.0
pdm,gate any,cut-in,9.8,0.0,0.0,0.0
pdm,gate any,cut-in,10.0,0.0,0.0,0.0
pdm,gate pedestrian,cut-in,0.0,0.0,0.0,0.0
pdm,gate pedestrian,cut-in,0.2,0.0,0.0,0.0
pdm,gate pedestrian,cut-in,0.4,0.0,0.0,0.0
pdm,gate pedestrian,cut-in,0.6,0.0,0.0,0.0
pdm,gate pedestrian,cut-in,0.8,0.0,0.0,0.0
pdm,gate pedestrian,cut-in,1.0,0.0,0.0,0.0
pdm,gate pedestrian,cut-in,1.2,0.0,0.0,0.0
pdm,gate pedestrian,cut-in,1.4,0.0,0.0,0.0
pdm,gate pedestrian,cut-in,1.6,0.0,0.0,0.0
pdm,gate pedestrian,cut-in,1.8,0.0,0.0,0.0
pdm,gate pedestrian,cut-in,2.0,0.0,0.0,0.0
pdm,gate pedestrian,cut-in,2.2,0.0,0.0,0.0
pdm,gate pedestrian,cut-in,2.4,0.0,0.0,0.0
pdm,gate pedestrian,cut-in,2.6,0.0,0.0,0.0
pdm,gate pedestrian,cut-in,2.8,0.0,0.0,0.0
pdm,gate pedestrian,cut-in,3.0,0.0,0.0,0.0
pdm,gate pedestrian,cut-in,3.2,0.0,0.0,0.0
pdm,gate pedestrian,cut-in,3.4,0.0,0.0,0.0
pdm,gate pedestrian,cut-in,3.6,0.0,0.0,0.0
pdm,gate pedestrian,cut-in,3.8,0.0,0.0,0.0
pdm,gate pedestrian,cut-in,4.0,0.0,0.0,0.0
pdm,gate pedestrian,cut-in,4.2,0.0,0.0,0.0
pdm,gate pedestrian,cut-in,4.4,0.0,0.0,0.0
pdm,gate pedestrian,cut-in,4.6,0.0,0.0,0.0
pdm,gate pedestrian,cut-in,4.8,0.0,0.0,0.0
pdm,gate pedestrian,cut-in,5.0,0.0,0.0,0.0
pdm,gate pedestrian,cut-in,5.2,0.0,0.0,0.0
pdm,gate pedestrian,cut-in,5.4,0.0,0.0,0.0
pdm,gate pedestrian,cut-in,5.6,0.0,0.0,0.0
pdm,gate pedestrian,cut-in,5.8,0.0,0.0,0.0
pdm,gate pedestrian,cut-in,6.0,0.0,0.0,0.0
pdm,gate pedestrian,cut-in,6.2,0.0,0.0,0.0
pdm,gate pedestrian,cut-in,6.4,0.0,0.0,0.0
pdm,gate pedestrian,cut-in,6.6,0.0,0.0,0.0
pdm,gate pedestrian,cut-in,6.8,0.0,0.0,0.0
pdm,gate pedestrian,cut-in,7.0,0.0,0.0,0.0
pdm,gate pedestrian,cut-in,7.2,0.0,0.0,0.0
pdm,gate pedestrian,cut-in,7.4,0.0,0.0,0.0
pdm,gate pedestrian,cut-in,7.6,0.0,0.0,0.0
pdm,gate pedestrian,cut-in,7.8,0.0,0.0,0.0
pdm,gate pedestrian,cut-in,8.0,0.0,0.0,0.0
pdm,gate pedestrian,cut-in,8.2,0.0,0.0,0.0
pdm,gate pedestrian,cut-in,8.4,0.0,0.0,0.0
pdm,gate pedestrian,cut-in,8.6,0.0,0.0,0.0
pdm,gate pedestrian,cut-in,8.8,0.0,0.0,0.0
pdm,gate pedestrian,cut-in,9.0,0.0,0.0,0.0
pdm,gate pedestrian,cut-in,9.2,0.0,0.0,0.0
pdm,gate pedestrian,cut-in,9.4,0.0,0.0,0.0
pdm,gate pedestrian,cut-in,9.6,0.0,0.0,0.0
pdm,gate pedestrian,cut-in,9.8,0.0,0.0,0.0
pdm,gate pedestrian,cut-in,10.0,0.0,0.0,0.0
pdm,gate ttc,cut-in,0.0,0.0,0.0,0.0
pdm,gate ttc,cut-in,0.2,0.0,0.0,0.0
pdm,gate ttc,cut-in,0.4,0.0,0.0,0.0
pdm,gate ttc,cut-in,0.6,0.0,0.0,0.0
pdm,gate ttc,cut-in,0.8,0.0,0.0,0.0
pdm,gate ttc,cut-in,1.0,0.0,0.0,0.0
pdm,gate ttc,cut-in,1.2,0.0,0.0,0.0
pdm,gate ttc,cut-in,1.4,0.0,0.0,0.0
pdm,gate ttc,cut-in,1.6,0.0,0.0,0.0
pdm,gate ttc,cut-in,1.8,0.0,0.0,0.0
pdm,gate ttc,cut-in,2.0,0.0,0.0,0.0
pdm,gate ttc,cut-in,2.2,0.0,0.0,0.0
pdm,gate ttc,cut-in,2.4,0.0,0.0,0.0
pdm,gate ttc,cut-in,2.6,0.0,0.0,0.0
pdm,gate ttc,cut-in,2.8,0.0,0.0,0.0
pdm,gate ttc,cut-in,3.0,0.0,0.0,0.0
pdm,gate ttc,cut-in,3.2,0.0,0.0,0.0
pdm,gate ttc,cut-in,3.4,0.0,0.0,0.0
pdm,gate ttc,cut-in,3.6,0.0,0.0,0.0
pdm,gate ttc,cut-in,3.8,0.0,0.0,0.0
pdm,gate ttc,cut-in,4.0,0.0,0.0,0.0
pdm,gate ttc,cut-in,4.2,0.0,0.0,0.0
pdm,gate ttc,cut-in,4.4,0.0,0.0,0.0
pdm,gate ttc,cut-in,4.6,0.0,0.0,0.0
pdm,gate ttc,cut-in,4.8,0.0,0.0,0.0
pdm,gate ttc,cut-in,5.0,0.0,0.0,0.0
pdm,gate ttc,cut-in,5.2,0.0,0.0,0.0
pdm,gate ttc,cut-in,5.4,0.0,0.0,0.0
pdm,gate ttc,cut-in,5.6,0.0,0.0,0.0
pdm,gate ttc,cut-in,5.8,0.0,0.0,0.0
pdm,gate ttc,cut-in,6.0,0.0,0.0,0.0
pdm,gate ttc,cut-in,6.2,0.0,0.0,0.0
pdm,gate ttc,cut-in,6.4,0.0,0.0,0.0
pdm,gate ttc,cut-in,6.6,0.0,0.0,0.0
pdm,gate ttc,cut-in,6.8,0.0,0.0,0.0
pdm,gate ttc,cut-in,7.0,0.0,0.0,0.0
pdm,gate ttc,cut-in,7.2,0.0,0.0,0.0
pdm,gate ttc,cut-in,7.4,0.0,0.0,0.0
pdm,gate ttc,cut-in,7.6,0.0,0.0,0.0
pdm,gate ttc,cut-in,7.8,0.0,0.0,0.0
pdm,gate ttc,cut-in,8.0,0.0,0.0,0.0
pdm,gate ttc,cut-in,8.2,0.0,0.0,0.0
pdm,gate ttc,cut-in,8.4,0.0,0.0,0.0
pdm,gate ttc,cut-in,8.6,0.0,0.0,0.0
pdm,gate ttc,cut-in,8.8,0.0,0.0,0.0
pdm,gate ttc,cut-in,9.0,0.0,0.0,0.0
pdm,gate ttc,cut-in,9.2,0.0,0.0,0.0
pdm,gate ttc,cut-in,9.4,0.0,0.0,0.0
pdm,gate ttc,cut-in,9.6,0.0,0.0,0.0
pdm,gate ttc,cut-in,9.8,0.0,0.0,0.0
pdm,gate ttc,cut-in,10.0,0.0,0.0,0.0
pdm,gate intrusion,cut-in,0.0,0.0,0.0,0.0
pdm,gate intrusion,cut-in,0.2,0.0,0.0,0.0
pdm,gate intrusion,cut-in,0.4,0.0,0.0,0.0
pdm,gate intrusion,cut-in,0.6,0.0,0.0,0.0
pdm,gate intrusion,cut-in,0.8,0.0,0.0,0.0
pdm,gate intrusion,cut-in,1.0,0.0,0.0,0.0
pdm,gate intrusion,cut-in,1.2,0.0,0.0,0.0
pdm,gate intrusion,cut-in,1.4,0.0,0.0,0.0
pdm,gate intrusion,cut-in,1.6,0.0,0.0,0.0
pdm,gate intrusion,cut-in,1.8,0.0,0.0,0.0
pdm,gate intrusion,cut-in,2.0,0.0,0.0,0.0
pdm,gate intrusion,cut-in,2.2,0.0,0.0,0.0
pdm,gate intrusion,cut-in,2.4,0.0,0.0,0.0
pdm,gate intrusion,cut-in,2.6,0.0,0.0,0.0
pdm,gate intrusion,cut-in,2.8,0.0,0.0,0.0
pdm,gate intrusion,cut-in,3.0,0.0,0.0,0.0
pdm,gate intrusion,cut-in,3.2,0.0,0.0,0.0
pdm,gate intrusion,cut-in,3.4,0.0,0.0,0.0
pdm,gate intrusion,cut-in,3.6,0.0,0.0,0.0
pdm,gate intrusion,cut-in,3.8,0.0,0.0,0.0
pdm,gate intrusion,cut-in,4.0,0.0,0.0,0.0
pdm,gate intrusion,cut-in,4.2,0.0,0.0,0.0
pdm,gate intrusion,cut-in,4.4,0.0,0.0,0.0
pdm,gate intrusion,cut-in,4.6,0.0,0.0,0.0
pdm,gate intrusion,cut-in,4.8,0.0,0.0,0.0
pdm,gate intrusion,cut-in,5.0,0.0,0.0,0.0
pdm,gate intrusion,cut-in,5.2,0.0,0.0,0.0
pdm,gate intrusion,cut-in,5.4,0.0,0.0,0.0
pdm,gate intrusion,cut-in,5.6,0.0,0.0,0.0
pdm,gate intrusion,cut-in,5.8,0.0,0.0,0.0
pdm,gate intrusion,cut-in,6.0,0.0,0.0,0.0
pdm,gate intrusion,cut-in,6.2,0.0,0.0,0.0
pdm,gate intrusion,cut-in,6.4,0.0,0.0,0.0
pdm,gate intrusion,cut-in,6.6,0.0,0.0,0.0
pdm,gate intrusion,cut-in,6.8,0.0,0.0,0.0
pdm,gate intrusion,cut-in,7.0,0.0,0.0,0.0
pdm,gate intrusion,cut-in,7.2,0.0,0.0,0.0
pdm,gate intrusion,cut-in,7.4,0.0,0.0,0.0
pdm,gate intrusion,cut-in,7.6,0.0,0.0,0.0
pdm,gate intrusion,cut-in,7.8,0.0,0.0,0.0
pdm,gate intrusion,cut-in,8.0,0.0,0.0,0.0
pdm,gate intrusion,cut-in,8.2,0.0,0.0,0.0
pdm,gate intrusion,cut-in,8.4,0.0,0.0,0.0
pdm,gate intrusion,cut-in,8.6,0.0,0.0,0.0
pdm,gate intrusion,cut-in,8.8,0.0,0.0,0.0
pdm,gate intrusion,cut-in,9.0,0.0,0.0,0.0
pdm,gate intrusion,cut-in,9.2,0.0,0.0,0.0
pdm,gate intrusion,cut-in,9.4,0.0,0.0,0.0
pdm,gate intrusion,cut-in,9.6,0.0,0.0,0.0
pdm,gate intrusion,cut-in,9.8,0.0,0.0,0.0
pdm,gate intrusion,cut-in,10.0,0.0,0.0,0.0
pdm,gate any (L = 0.6 s),cut-in,0.0,0.0,0.0,0.0
pdm,gate any (L = 0.6 s),cut-in,0.2,0.0,0.0,0.0
pdm,gate any (L = 0.6 s),cut-in,0.4,0.0,0.0,0.0
pdm,gate any (L = 0.6 s),cut-in,0.6,0.0,0.0,0.0
pdm,gate any (L = 0.6 s),cut-in,0.8,0.0,0.0,0.0
pdm,gate any (L = 0.6 s),cut-in,1.0,0.0,0.0,0.0
pdm,gate any (L = 0.6 s),cut-in,1.2,0.0,0.0,0.0
pdm,gate any (L = 0.6 s),cut-in,1.4,0.0,0.0,0.0
pdm,gate any (L = 0.6 s),cut-in,1.6,0.0,0.0,0.0
pdm,gate any (L = 0.6 s),cut-in,1.8,0.0,0.0,0.0
pdm,gate any (L = 0.6 s),cut-in,2.0,0.0,0.0,0.0
pdm,gate any (L = 0.6 s),cut-in,2.2,0.0,0.0,0.0
pdm,gate any (L = 0.6 s),cut-in,2.4,0.0,0.0,0.0
pdm,gate any (L = 0.6 s),cut-in,2.6,0.0,0.0,0.0
pdm,gate any (L = 0.6 s),cut-in,2.8,0.0,0.0,0.0
pdm,gate any (L = 0.6 s),cut-in,3.0,0.0,0.0,0.0
pdm,gate any (L = 0.6 s),cut-in,3.2,0.0,0.0,0.0
pdm,gate any (L = 0.6 s),cut-in,3.4,0.0,0.0,0.0
pdm,gate any (L = 0.6 s),cut-in,3.6,0.0,0.0,0.0
pdm,gate any (L = 0.6 s),cut-in,3.8,0.0,0.0,0.0
pdm,gate any (L = 0.6 s),cut-in,4.0,0.0,0.0,0.0
pdm,gate any (L = 0.6 s),cut-in,4.2,0.0,0.0,0.0
pdm,gate any (L = 0.6 s),cut-in,4.4,0.0,0.0,0.0
pdm,gate any (L = 0.6 s),cut-in,4.6,0.0,0.0,0.0
pdm,gate any (L = 0.6 s),cut-in,4.8,0.0,0.0,0.0
pdm,gate any (L = 0.6 s),cut-in,5.0,0.0,0.0,0.0
pdm,gate any (L = 0.6 s),cut-in,5.2,0.0,0.0,0.0
pdm,gate any (L = 0.6 s),cut-in,5.4,0.0,0.0,0.0
pdm,gate any (L = 0.6 s),cut-in,5.6,0.0,0.0,0.0
pdm,gate any (L = 0.6 s),cut-in,5.8,0.0,0.0,0.0
pdm,gate any (L = 0.6 s),cut-in,6.0,0.0,0.0,0.0
pdm,gate any (L = 0.6 s),cut-in,6.2,0.0,0.0,0.0
pdm,gate any (L = 0.6 s),cut-in,6.4,0.0,0.0,0.0
pdm,gate any (L = 0.6 s),cut-in,6.6,0.0,0.0,0.0
pdm,gate any (L = 0.6 s),cut-in,6.8,0.0,0.0,0.0
pdm,gate any (L = 0.6 s),cut-in,7.0,0.0,0.0,0.0
pdm,gate any (L = 0.6 s),cut-in,7.2,0.0,0.0,0.0
pdm,gate any (L = 0.6 s),cut-in,7.4,0.0,0.0,0.0
pdm,gate any (L = 0.6 s),cut-in,7.6,0.0,0.0,0.0
pdm,gate any (L = 0.6 s),cut-in,7.8,0.0,0.0,0.0
pdm,gate any (L = 0.6 s),cut-in,8.0,0.0,0.0,0.0
pdm,gate any (L = 0.6 s),cut-in,8.2,0.0,0.0,0.0
pdm,gate any (L = 0.6 s),cut-in,8.4,0.0,0.0,0.0
pdm,gate any (L = 0.6 s),cut-in,8.6,0.0,0.0,0.0
pdm,gate any (L = 0.6 s),cut-in,8.8,0.0,0.0,0.0
pdm,gate any (L = 0.6 s),cut-in,9.0,0.0,0.0,0.0
pdm,gate any (L = 0.6 s),cut-in,9.2,0.0,0.0,0.0
pdm,gate any (L = 0.6 s),cut-in,9.4,0.0,0.0,0.0
pdm,gate any (L = 0.6 s),cut-in,9.6,0.0,0.0,0.0
pdm,gate any (L = 0.6 s),cut-in,9.8,0.0,0.0,0.0
pdm,gate any (L = 0.6 s),cut-in,10.0,0.0,0.0,0.0
