frame,timestamp,arm,desired_speed_mps,desired_recomputed_mps,desired_recompute_error_mps,input_speed_mps,forward_count,native_pid_calls,reason,truth_aligned,speed_truth_mps,speed_3d_mps,speed_error_mps,input_speed_error_mps,accel_lon_mps2,accel_lat_mps2,jerk_lon_mps3,jerk_lat_mps3,jerk_world_norm_mps3,body_accel_lon_derivative_mps3,target_change_rate_mps2,throttle,steer,brake,steer_rate_per_s,steer_saturated,gear,applied_pedals_previous_command_max_diff,native_steer_difference,selected_branch_max_diff,nominal_interval,prediction_present,prediction_fault,raw_speed_finite,raw_waypoints_finite,raw_target_finite,raw_imu_finite,sensor_frames_aligned,model_rgb_hash_present,official_tail_throttle_difference,official_tail_steer_difference,official_tail_brake_difference
2515,0.05000000074505806,pi_common,,,,9.30318851449577e-05,0,,initialization_or_missing,True,9.303188514495734e-05,0.14288834596459743,,,-0.0011559981509352557,-0.005244868913261419,,,,,,0.0,0.0,0.0,,False,0,,,,,False,,True,,,True,True,True,0.0,0.0,0.0
2516,0.10000000149011612,pi_common,5.698349475860596,5.698349525259368,-4.93987721839062e-08,0.00012689719743686043,1,1,tracking,True,0.00012689719743686024,0.11494525115119593,-5.698222578663159,-5.698222578663159,0.0007594063602284272,0.005158802125287665,0.03795016220220204,0.20806676205889993,1.2993388244503283,0.03830808965243864,,0.75,-0.009349892847239971,0.0,-0.18699785415831424,False,0,0.0,-7.625835553304317e-11,7.625835553304317e-11,True,True,,True,True,True,True,True,True,0.25,0.0,0.0
2517,0.15000000223517418,pi_common,5.216787894566854,5.216787856019241,3.854761310151389e-08,8.035755794073406e-05,1,1,tracking,True,8.035755794073391e-05,0.09133502273494902,-5.216707537008913,-5.216707537008913,-0.0008768007543020353,-0.000738735133424385,-0.032986540759875435,-0.11798037874220334,1.737544911120205,-0.03272414180298154,-9.631231482358293,0.75,0.0040069641545414925,0.0,0.26713713605497574,False,0,0.0,9.685046948454401e-11,9.685046948454401e-11,True,True,,True,True,True,True,True,True,0.25,0.0,0.0
2518,0.20000000298023224,pi_common,4.0926289558410645,4.092628956512609,-6.715445977079071e-10,6.447531224628377e-05,1,1,tracking,True,6.44753122462837e-05,0.0716980054963429,-4.092564480528818,-4.092564480528818,-0.00028759565817150197,0.003053037086576337,0.011628746690118803,0.07574992719168144,1.5909285137888596,0.011784101747013867,-22.483178439490334,0.75,-0.0031384360045194626,0.0,-0.14290800105172394,False,0,0.0,1.385248469751299e-11,1.385248469751299e-11,True,True,,True,True,True,True,True,True,0.25,0.0,0.0
2519,0.2500000037252903,pi_common,5.279671112696329,5.279671159340924,-4.6644594853262333e-08,3.865417324327514e-05,1,1,tracking,True,3.865417324327508e-05,0.05568405411994121,-5.279632458523086,-5.279632458523086,-0.0004988156240296706,-0.010689222562932284,-0.004320847705527871,-0.27474897031789874,1.4752119324548845,-0.004224399254214918,23.74084278333917,0.75,0.0071179065853357315,0.0,0.20512684874047565,False,0,0.0,1.5582372545064338e-10,1.5582372545064338e-10,True,True,,True,True,True,True,True,True,0.25,0.0,0.0
2520,0.30000000447034836,pi_common,5.05950649579366,5.059506604719124,-1.0892546420393501e-07,4.8653431424739964e-05,1,1,tracking,True,4.8653431424739754e-05,0.04270641773284867,-5.059457842362235,-5.059457842362235,0.00021126714935099523,0.005142919567796358,0.01413660168546626,0.31660537734810407,1.25542864549831,0.014201655255992162,-4.403292272439211,0.75,0.0031539187766611576,0.0,-0.07927975499213107,False,0,0.0,-4.5946962380638556e-11,4.5946962380638556e-11,True,True,,True,True,True,True,True,True,0.25,0.0,0.0
2521,0.3500000052154064,pi_common,4.354329268137613,4.354329148987471,1.1915014219709974e-07,5.449527781814544e-05,1,1,tracking,True,5.4495277818145434e-05,0.03299591225787535,-4.354274772859795,-4.354274772859795,0.0001264074575976958,-0.0010653465372224857,-0.0017554394421341584,-0.12422067496862509,1.3124908811009917,-0.00169719380977583,-14.103544342961749,0.75,-0.009859646670520306,0.0,-0.2602713050652846,False,0,0.0,1.4608746157218633e-10,1.4608746157218633e-10,True,True,,True,True,True,True,True,True,0.25,0.0,0.0
2522,0.4000000059604645,pi_common,4.8288179238637285,4.828817960132113,-3.626838473991256e-08,5.315983543493949e-05,1,1,tracking,True,5.315983543493941e-05,0.025637162930640032,-4.828764764028294,-4.828764764028294,-2.2853862450054108e-05,0.0028506864665542382,-0.0030079151671604854,0.07833100616947161,0.9439356391773713,-0.002985226356471659,9.489772973113668,0.75,-0.0006142350030131638,0.0,0.1849082305947955,False,0,0.0,-2.7060071197682056e-11,2.7060071197682056e-11,True,True,,True,True,True,True,True,True,0.25,0.0,0.0
2523,0.45000000670552254,pi_common,4.938462416330974,4.938462376703433,3.9627540360243074e-08,5.2357606198440566e-05,1,1,tracking,True,5.235760619844047e-05,0.018733856551907097,-4.9384100587247755,-4.9384100587247755,-9.50467114792308e-06,-0.0030459566709420596,0.00022943858752370877,-0.11793285824436564,0.2170729989079196,0.00026698382206425157,2.1928898166682966,0.75,0.009350529871881008,0.0,0.19929529452815212,False,0,0.0,3.29705837284755e-10,3.29705837284755e-10,True,True,,True,True,True,True,True,True,0.25,0.0,0.0
2524,0.5000000074505806,pi_common,4.2033224900563555,4.2033225105260055,-2.0469649975041193e-08,4.282079386249779e-05,1,1,tracking,True,4.282079386249779e-05,0.01443861281178156,-4.203279669262493,-4.203279669262493,-0.00018894963923529355,0.0016688403455260442,-0.0036020753302892367,0.09429153382115568,1.0475078910331432,-0.0035888993082686424,-14.702798306403595,0.75,-0.011460554786026478,0.0,-0.4162216869559633,False,0,0.0,2.910982774273485e-10,2.910982774273485e-10,True,True,,True,True,True,True,True,True,0.25,0.0,0.0
2525,0.5500000081956387,pi_common,4.329526821772258,4.32952685256183,-3.078957178104247e-08,5.017622239134929e-05,1,1,tracking,True,5.017622239134929e-05,0.010760532549871912,-4.3294766455498666,-4.3294766455498666,0.00014759036484975288,-0.0023184626202198168,0.006727933165610697,-0.07975973242191448,0.25930729450168927,0.006730799981404192,2.5240865967062245,0.75,-0.003943142481148243,0.0,0.15034824385720127,False,0,0.0,1.955209813497838e-10,1.955209813497838e-10,True,True,,True,True,True,True,True,True,0.25,0.0,0.0
2526,0.6000000089406967,pi_common,4.301422993342082,4.301423107003537,-1.1366145535873784e-07,1.3858503564267787e-05,1,1,tracking,True,1.3858503564267784e-05,0.008289368241199855,-4.301409134838518,-4.301409134838518,-0.000725661464270406,0.0005600323221366292,-0.017469766159438963,0.05757376839916596,0.4867823851241503,-0.01746503632215386,-0.5620765602279222,0.75,0.0004894105368293822,0.0,0.08865105903854878,False,0,0.0,2.054756668631863e-11,2.054756668631863e-11,True,True,,True,True,True,True,True,True,0.25,0.0,0.0
2527,0.6500000096857548,pi_common,4.041319290796916,4.041319230988571,5.980834494323517e-08,6.642570012653056e-05,1,1,tracking,True,6.642570012653054e-05,0.005852858832508788,-4.04125286509679,-4.04125286509679,0.0010518768186074722,0.002773403306759705,0.03554758986563067,0.04426543926186352,0.05836552070375111,0.03555076512780988,-5.202073973386377,0.75,-0.004700304474681616,0.0,-0.10379429868356438,False,0,0.0,-1.3403805843026362e-10,1.3403805843026362e-10,True,True,,True,True,True,True,True,True,0.25,0.0,0.0
2528,0.7000000104308128,pi_common,4.388974587122599,4.38897453579096,5.133163849535549e-08,0.10238353901679749,1,1,tracking,True,0.10238353901679749,0.10251775998773768,-4.286591048105802,-4.286591048105802,2.0463304628681,-0.009559324275168335,40.905671193653575,-0.24665313826454713,40.91284624566803,40.90557111144934,6.953105822904304,0.75,0.005347408354282379,0.0,0.20095425358482819,False,0,0.0,-2.0180389997959125e-10,2.0180389997959125e-10,True,True,,True,True,True,True,True,True,0.25,0.0,0.0
2529,0.7500000111758709,pi_common,4.248830397923787,4.248830444299213,-4.637542616592327e-08,0.454866698621721,1,1,tracking,True,0.454866698621721,0.4548945513253807,-3.7939636993020662,-3.7939636993020662,7.049527569637371,0.08651984297990334,100.06430646153157,1.9220446891370235,100.08387040969761,100.0639406443165,-2.8028837422100086,0.75,-0.008741376921534538,0.0,-0.2817757013175532,False,1,0.0,-7.561290482627214e-11,7.561290482627214e-11,True,True,,True,True,True,True,True,True,0.25,0.0,0.0
2530,0.800000011920929,pi_common,4.7209523518880205,4.72095234972869,2.1593304921907475e-09,0.7650667581091429,1,1,tracking,True,0.7650667581091428,0.7650760410889098,-3.955885593778878,-3.9558855937788775,6.20392381481813,-0.15447649151665252,-16.91046267761957,-4.8386168291491565,17.59005494370593,-16.912074844375276,9.442438938581363,0.75,-0.005631482694298029,0.0,0.0621978836179095,False,1,0.0,-2.333485314698347e-11,2.333485314698347e-11,True,True,,True,True,True,True,True,True,0.25,0.0,0.0
2531,0.850000012665987,pi_common,4.829257647196452,4.829257465273521,1.8192293094188017e-07,0.9721749890652219,1,1,tracking,True,0.9721749890652218,0.9721856218897316,-3.8570826581312305,-3.85708265813123,4.1421545369533,-0.008798694856086248,-41.23472393888143,2.893955553176314,41.33788911211826,-41.23538494284148,2.166105873891139,0.75,-0.00025704639847390354,0.0,0.1074887243147757,False,1,0.0,-7.00652621858644e-12,7.00652621858644e-12,True,True,,True,True,True,True,True,True,0.25,0.0,0.0
2532,0.9000000134110451,pi_common,4.808655579884848,4.808655570383765,9.50108258734872e-09,1.1300576030336986,1,1,tracking,True,1.1300576030336982,1.130064679049654,-3.678597976851149,-3.678597976851149,3.1576480864277596,0.0633712212045482,-19.689731975351396,1.3982206467096603,19.74011015684203,-19.69012871710503,-0.412041340092196,0.75,0.007446350529789925,0.0,0.15406793626948542,False,1,0.0,-1.0734159915093411e-10,1.0734159915093411e-10,True,True,,True,True,True,True,True,True,0.25,0.0,0.0
2533,0.9500000141561031,pi_common,4.672821442286174,4.672821686241012,-2.439548385524404e-07,1.2761091778568396,1,1,tracking,True,1.2761091778568394,1.2761345515821594,-3.3967122644293344,-3.3967122644293344,2.9210674582645266,0.1134451923934686,-4.731421758692695,1.0024055158645337,4.838361175044537,-4.731612492758139,-2.716682711491749,0.75,0.0009683482930995524,0.0,-0.12956004280321237,False,1,0.0,2.684397409219441e-11,2.684397409219441e-11,True,True,,True,True,True,True,True,True,0.25,0.0,0.0
2534,1.0000000149011612,pi_common,5.222820440928141,5.222820437190454,3.737686604665669e-09,1.3811147639409573,1,1,tracking,True,1.3811147639409571,1.3811319859177664,-3.841705676987184,-3.8417056769871833,2.1001008455779555,-0.07403172159893014,-16.419704894329907,-3.738816055018145,16.844716366880885,-16.41933200906431,10.999979808926865,0.75,-0.004824032541364431,0.0,-0.1158476149630157,False,1,0.0,5.958967000396775e-11,5.958967000396775e-11,True,True,,True,True,True,True,True,True,0.25,0.0,0.0
2535,1.0500000156462193,pi_common,5.645945707956949,5.645945781071924,-7.311497451922833e-08,1.5475992396621883,1,1,tracking,True,1.5475992396621878,1.5476211823686394,-4.0983464682947615,-4.098346468294761,3.329698019915883,-0.1104072508664558,24.591722380759975,-0.734015160426885,24.602790690788915,24.591943120310045,8.462505214475017,0.75,0.004501380492001772,0.0,0.18650825788813444,False,1,0.0,-1.8426473021027068e-10,1.8426473021027068e-10,True,True,,True,True,True,True,True,True,0.6999999992549419,0.0,0.0
2536,1.1000000163912773,pi_common,5.1864824295043945,5.186482429338226,1.6616841236327673e-10,1.7612530426239335,1,1,tracking,True,1.7612530426239332,1.761281242443753,-3.4252293868804613,-3.425229386880461,4.273132874045666,0.14948945421885532,18.869174311564045,5.210811874224853,19.582352512674014,18.868696801430172,-9.189265432120369,0.75,0.006656992249190807,0.0,0.04311223450135835,False,1,0.0,1.237663348543916e-10,1.237663348543916e-10,True,True,,True,True,True,True,True,True,0.6999999992549419,0.0,0.0
2537,1.1500000171363354,pi_common,5.956190903981527,5.956190794599881,1.0938164596296929e-07,1.8613696026255213,1,1,tracking,True,1.8613696026255209,1.8614066930132789,-4.094821301356006,-4.094821301356006,2.0023337204840947,0.06394916493634951,-45.416234362279035,-1.702627406479256,45.45132215677977,-45.41598239448056,15.394169260151658,0.75,-0.0008834632462821901,0.0,-0.15080910766222913,False,1,0.0,3.7690445382765336e-14,3.7690445382765336e-14,True,True,,True,True,True,True,True,True,0.6999999992549419,0.0,0.0
2538,1.2000000178813934,pi_common,5.265459219614664,5.26545912894984,9.066482409281207e-08,1.999971659452428,1,1,tracking,True,1.9999716594524275,1.999998385349889,-3.265487560162237,-3.265487560162236,2.7720277575231607,-0.1128192126452777,15.393873400523907,-3.5355354840397353,15.7946875695164,15.393880511394624,-13.814633481483183,0.75,-0.006659801583737135,0.0,-0.11552676502761595,False,1,0.0,1.2297935933491821e-10,1.2297935933491821e-10,True,True,,True,True,True,True,True,True,0.6999999992549419,0.0,0.0
2539,1.2500000186264515,pi_common,6.054819742838542,6.054819826106512,-8.326797029667432e-08,2.1413337428253807,1,1,tracking,True,2.1413337428253802,2.141370097245429,-3.9134860000131617,-3.9134860000131613,2.8272323078571735,-0.14043036184171714,1.1036973271150528,-0.5616521083631099,1.2411764471743814,1.104090990228019,15.787210229229792,0.75,-0.001418407540768385,0.0,0.10482787929731788,False,1,0.0,1.0791618033217931e-11,1.0791618033217931e-11,True,True,,True,True,True,True,True,True,0.6999999992549419,0.0,0.0
2540,1.3000000193715096,pi_common,5.105750242869059,5.10575016702447,7.584458838749697e-08,2.3044340627915756,1,1,tracking,True,2.304434062791575,2.304467869366879,-2.8013161800774835,-2.801316180077483,3.2619952163282178,0.06037168943323589,8.694954744784075,4.009881229541964,9.577420782606158,8.695258039851444,-18.981389716544918,0.75,-0.0021309845615178347,0.0,-0.014251540202624497,False,1,0.0,7.244295831612679e-11,7.244295831612679e-11,True,True,,True,True,True,True,True,True,0.6999999992549419,0.0,0.0
2541,1.3500000201165676,pi_common,5.33227014541626,5.3322700365950775,1.088211822874996e-07,2.473048276919742,1,1,tracking,True,2.473048276919742,2.473086648912241,-2.8592218684965176,-2.8592218684965176,3.3722980545377492,-0.013682588644929836,2.2062197186843724,-1.4877523893255145,2.6622891885494266,2.206056731317822,4.530397983435831,0.75,0.0006587174138985574,0.0,0.055794038676931876,False,1,0.0,2.6410706846329013e-11,2.6410706846329013e-11,True,True,,True,True,True,True,True,True,0.6999999992549419,0.0,0.0
2542,1.4000000208616257,pi_common,5.190622329711914,5.190622262249135,6.746277936287015e-08,2.6644587324483493,1,1,tracking,True,2.664458732448349,2.664502934325615,-2.526163597263565,-2.5261635972635648,3.828252186189114,0.06211288709335948,9.119146241129462,1.5146670133584283,9.246150047060754,9.119082497142376,-2.832956271872576,0.75,0.007436468731611967,0.0,0.1355550243343409,False,1,0.0,5.027434718529733e-11,5.027434718529733e-11,True,True,,True,True,True,True,True,True,0.6999999992549419,0.0,0.0
2543,1.4500000216066837,pi_common,4.880052407582601,4.880052265006628,1.425759723616693e-07,2.861247662231151,1,1,tracking,True,2.8612476622311505,2.8613123421104527,-2.01880474535145,-2.0188047453514497,3.935852555451682,0.2014895309966607,2.1518123123385697,2.808709448165446,3.548614322741704,2.152007353183956,-6.211398350029221,0.75,-0.01090232189744711,0.0,-0.3667758071157961,False,1,0.0,3.487232967669396e-10,3.487232967669396e-10,True,True,,True,True,True,True,True,True,0.6999999992549419,0.0,0.0
2544,1.5000000223517418,pi_common,5.4998386700948085,5.499838525223407,1.4487140109764596e-07,3.0760086797734445,1,1,tracking,True,3.0760086797734445,3.076096898947391,-2.423829990321364,-2.423829990321364,4.29537518026003,-0.4587639513482651,7.191700129800599,-13.227307024829736,15.058658822331585,7.190452389020867,12.395725065533462,0.75,0.010296240448951721,0.0,0.4239712406103128,False,1,0.0,-3.581722037016011e-10,3.581722037016011e-10,True,True,,True,True,True,True,True,True,0.6999999992549419,0.0,0.0
2545,1.5500000230967999,pi_common,5.43286927541097,5.432869215563941,5.984702866612679e-08,3.291965155543053,1,1,tracking,True,3.291965155543053,3.292061309842495,-2.140904119867917,-2.140904119867917,4.319312112754148,0.5190832924967858,0.48098949673494645,19.576135846299486,19.582206628881547,0.4787386427486048,-1.339387873718341,0.75,-0.011669467203319073,0.0,-0.439314146499125,False,1,0.0,1.6666250324259835e-10,1.6666250324259835e-10,True,True,,True,True,True,True,True,True,0.6999999992549419,0.0,0.0
2546,1.600000023841858,pi_common,5.5637753804524746,5.563775330546659,4.990581548014461e-08,3.5229166073437845,1,1,tracking,True,3.522916607343784,3.5230362250754927,-2.0408587731086905,-2.04085877310869,4.619262132837324,-0.5752463523269106,6.002503377619096,-21.9140809426228,22.7212895543829,5.999000312271448,2.618122061817037,0.75,0.006944360211491585,0.0,0.37227654274886035,False,1,0.0,2.0918206056208533e-10,2.0918206056208533e-10,True,True,,True,True,True,True,True,True,0.6999999992549419,0.0,0.0
2547,1.650000024586916,pi_common,5.835440158843994,5.835440218050966,-5.920697176975409e-08,3.75594614189159,1,1,tracking,True,3.75594614189159,3.75605438772303,-2.0794940169524043,-2.0794940169524043,4.660788576756949,0.475356458782499,0.8317930464446476,21.020525849304814,21.03710885875719,0.8305288660166513,5.43329548686798,0.75,-0.009709454141557217,0.0,-0.33307628209775264,False,1,0.0,4.204328378498712e-10,4.204328378498712e-10,True,True,,True,True,True,True,True,True,0.6999999992549419,0.0,0.0
2548,1.700000025331974,pi_common,4.9310221672058105,4.9310222195821956,-5.2376385006880355e-08,3.982602981612341,1,1,tracking,True,3.98260298161234,3.9827448911778953,-0.9484191855934707,-0.9484191855934694,4.533356469089782,-0.4879562599621268,-2.545264278625333,-19.297697437590347,19.464849996212568,-2.5486421153656207,-18.08835956322611,0.4860648214817047,-0.0027292193844914436,0.0,0.13960469306104342,False,1,0.0,7.979165808982835e-11,1.131160520806418e-08,True,True,,True,True,True,True,True,True,0.43606482073664665,0.0,0.0
2549,1.750000026077032,pi_common,5.751600901285808,5.751600739312349,1.619734586455479e-07,4.171487658788341,1,1,tracking,True,4.17148765878834,4.171618370525239,-1.5801132424974673,-1.5801132424974664,3.777680617241586,0.11365531926989308,-15.116972444615,11.999118962240843,19.300660210571543,-15.113516811754963,16.411574437048426,0.75,0.00605395482853055,0.0,0.17566348164285,False,1,0.0,-2.2689217952370777e-10,2.2689217952370777e-10,True,True,,True,True,True,True,True,True,0.6999999992549419,0.0,0.0
2550,1.8000000268220901,pi_common,4.554428259531657,4.554428435738764,-1.7620710668353468e-07,4.3185810586001345,1,1,tracking,True,4.3185810586001345,4.318710498895399,-0.23584720093152267,-0.23584720093152267,2.9418258886735313,0.3388279604299475,-16.717595559278795,4.518145390659541,17.31874471679812,-16.717094322256976,-23.94345247829776,0.13272693753242493,-0.005230247974395752,0.0,-0.2256840526955716,False,1,0.0,-2.2723586901030046e-11,7.014514386005644e-09,True,True,,True,True,True,True,True,True,0.08272693678736687,0.0,0.0
2551,1.8500000275671482,pi_common,4.6415120760599775,4.641512117868315,-4.1808337236659554e-08,4.453409768504473,1,1,tracking,True,4.453409768504473,4.453536302363073,-0.1881023075555044,-0.1881023075555044,2.6964274170691334,-0.3344544115778939,-4.907249750954668,-13.472655597864044,14.340223686939447,-4.907969358953517,1.741676304613407,0.11120576411485672,0.0024016285315155983,0.0,0.1526375278437506,False,1,0.0,7.293535914110194e-11,1.4054747365932485e-09,True,True,,True,True,True,True,True,True,0.06120576336979866,0.0,0.0
2552,1.9000000283122063,pi_common,5.655185858408609,5.655185818170101,4.0238508525192174e-08,4.488034443840921,1,1,tracking,True,4.48803444384092,4.488136246775444,-1.1671514145676891,-1.1671514145676882,0.6921329134544882,0.21165786082978422,-40.086166336173136,10.922463716709684,41.55028020047281,-40.0858894749666,20.273475344874313,0.6153197288513184,0.010605049319565296,0.0,0.16406841331618408,False,1,0.0,-8.718970684329364e-11,1.9736349443633117e-08,True,True,,True,True,True,True,True,True,0.5653197281062603,0.0,0.0
2553,1.9500000290572643,pi_common,5.048235575358072,5.04823545074867,1.2460940190806014e-07,4.456499502413047,1,1,tracking,True,4.456499502413047,4.456608325205584,-0.5917360729450252,-0.5917360729450252,-0.6312741194094662,0.3872117594669922,-26.470673866044383,3.519302396325114,26.70784257390893,-26.468140262873064,-12.139005480125466,0.33500874042510986,-0.0118072759360075,0.0,-0.4482464984320626,False,1,0.0,3.6643367160027474e-10,1.0994402610542409e-09,True,True,,True,True,True,True,True,True,0.2850087396800518,0.0,0.0
2554,2.0000000298023224,pi_common,4.805335998535156,4.805335805923817,1.926113393224682e-07,4.4273915444128855,1,1,tracking,True,4.427391544412885,4.427463900406943,-0.3779444541222716,-0.37794445412227073,-0.5825387959542655,-0.7414604069788879,0.9774581716976534,-22.569620533163302,22.59365051225207,0.9747064545797561,-4.857991464068608,0.2328372299671173,0.012660653330385685,0.0,0.48935857803585264,False,1,0.0,-2.2770732174826058e-10,5.694101135045315e-09,True,True,,True,True,True,True,True,True,0.18283722922205925,0.0,0.0
2555,2.0500000305473804,pi_common,4.611010471979776,4.611010491625744,-1.9645967519466012e-08,4.384327670082247,1,1,tracking,True,4.384327670082247,4.384396655861365,-0.2266828018975291,-0.2266828018975291,-0.8615230205550413,0.7459974373165862,-5.57440553382416,29.745055758282643,30.266304701810874,-5.5796844088717386,-3.8865104731940776,0.16003994643688202,0.0063341218046844006,0.0,-0.1265306286285724,False,1,0.0,-2.110263118762501e-10,1.8220923381218057e-09,True,True,,True,True,True,True,True,True,0.11003994569182396,0.0,0.0
2556,2.1000000312924385,pi_common,5.472452163696289,5.472452235195168,-7.149887881752193e-08,4.318094837221316,1,1,tracking,True,4.318094837221315,4.318134719830732,-1.1543573264749742,-1.1543573264749734,-1.3251574998477045,-0.029626197514185618,-9.282581185409954,-15.523368932206042,18.0893799745377,-9.272689447679424,17.228833577600625,0.6383066773414612,-0.0005242786719463766,0.0,-0.13716800748865296,False,1,0.0,9.539969075128552e-12,3.641996371150924e-09,True,True,,True,True,True,True,True,True,0.5883066765964031,0.0,0.0
2557,2.1500000320374966,pi_common,5.964943091074625,5.964942924314727,1.667598983345897e-07,4.243955007706838,1,1,tracking,True,4.243955007706838,4.243962124316154,-1.7209880833677866,-1.7209880833677866,-1.483031915510122,-0.21940895297796223,-3.157486901612179,-3.8010706821349975,4.941861960447384,-3.1574882661981074,9.849818400792989,0.75,0.009617294184863567,0.0,0.20283145411377468,False,1,0.0,-1.5794687779902006e-10,1.5794687779902006e-10,True,True,,True,True,True,True,True,True,0.6999999992549419,0.0,0.0
2558,2.2000000327825546,pi_common,5.952774524688721,5.952774544529475,-1.9840753928690447e-08,4.229493257963429,1,1,tracking,True,4.229493257963428,4.229533974923103,-1.7232812667252926,-1.7232812667252917,-0.2893377059852051,0.34041526111186143,23.875931430111084,11.181609869244678,26.364559794246603,23.873883834749744,-0.24337132409157178,0.75,-0.003155335783958435,0.0,-0.25545259556989974,False,1,0.0,6.770852194887267e-11,6.770852194887267e-11,True,True,,True,True,True,True,True,True,0.6999999992549419,0.0,0.0
2559,2.2500000335276127,pi_common,5.604633967081706,5.6046337554155485,2.116661574902423e-07,4.296721892308262,1,1,tracking,True,4.296721892308261,4.296723166286246,-1.3079120747734452,-1.3079120747734443,1.3445127972427446,-0.36791249314474533,32.676199667636,-14.167238026635198,35.6159798816773,32.67700957763361,-6.962811048386324,0.7314329743385315,0.0031176165211945772,0.0,0.12545904423357482,False,1,0.0,-8.258395703397703e-11,2.5311545526207624e-08,True,True,,True,True,True,True,True,True,0.6814329735934734,0.0,0.0
2560,2.3000000342726707,pi_common,5.399242401123047,5.39924261565091,-2.145278630294456e-07,4.424846369463405,1,1,tracking,True,4.424846369463404,4.42485197170604,-0.9743960316596425,-0.9743960316596416,2.562509483436934,0.15246883489101926,24.360826637742253,10.410932031879568,26.494351296015214,24.359933360892494,-4.1078312579617275,0.5768548846244812,0.010357294231653214,0.0,0.14479355205158068,False,1,0.0,1.1869066146585894e-10,6.577155708953342e-09,True,True,,True,True,True,True,True,True,0.5268548838794231,0.0,0.0
2561,2.350000035017729,pi_common,5.556344668070476,5.556344610846037,5.722443852107517e-08,4.5619067408654015,1,1,tracking,True,4.5619067408654015,4.561957482645732,-0.9944379272050741,-0.9944379272050741,2.7411920032379826,0.34109461982045514,3.571551709247538,3.8046591726292447,5.268372524217054,3.5736503427694335,3.1420452921284503,0.5993062853813171,0.003930483013391495,0.0,-0.1285362224498954,False,1,0.0,-9.533456662991213e-11,1.4714016449701717e-08,True,True,,True,True,True,True,True,True,0.5493062846362591,0.0,0.0
2562,2.400000035762787,pi_common,5.688577651977539,5.688577693625817,-4.1648277715466975e-08,4.6867860010894855,1,1,tracking,True,4.686786001089485,4.686810362584552,-1.0017916508880544,-1.0017916508880536,2.4974614240512683,-0.11280605122516661,-4.8780798243870995,-9.048380439753501,10.293797390474987,-4.874611511096916,2.6446596387327705,0.615505576133728,-0.009725088253617287,0.0,-0.2731114212704983,False,1,0.0,2.3205375815349427e-10,1.8374205712490266e-08,True,True,,True,True,True,True,True,True,0.56550557538867,0.0,0.0
2563,2.450000036507845,pi_common,6.337219715118408,6.337219857316751,-1.4219834287843014e-07,4.808933315123385,1,1,tracking,True,4.808933315123384,4.808965868317341,-1.5282863999950242,-1.5282863999950234,2.44312765892724,-0.5610777505010844,-1.0874761131496806,-8.981774091403214,9.04745777372243,-1.0866752862878428,12.972841069506988,0.75,0.0053955488838255405,0.0,0.3024127382425556,False,1,0.0,1.5882428532065784e-10,1.5882428532065784e-10,True,True,,True,True,True,True,True,True,0.6999999992549419,0.0,0.0
2564,2.500000037252903,pi_common,6.286033789316813,6.286033867958672,-7.864185924688627e-08,4.945837986098054,1,1,tracking,True,4.945837986098054,4.945862919351764,-1.3401958032187586,-1.3401958032187586,2.7382014995812747,0.4318318844225723,5.901643097323091,19.859037896121837,20.722814201442244,5.901476725141839,-1.0237185007773184,0.75,-0.0116736376658082,0.0,-0.3413837259056609,False,1,0.0,-8.572614493274067e-11,8.572614493274067e-11,True,True,,True,True,True,True,True,True,0.6999999992549419,0.0,0.0
2565,2.550000037997961,pi_common,5.817560990651449,5.817560987402082,3.2493669976929596e-09,5.109757083849599,1,1,tracking,True,5.1097570838495985,5.109816548322747,-0.7078039068018507,-0.7078039068018498,3.278629389396293,-0.61980867222636,10.813389582222992,-21.062154197237444,23.742996359494605,10.808557635240307,-9.369455833691497,0.47735923528671265,0.005329386796802282,0.0,0.3400604841849136,False,1,0.0,-1.6243878291077873e-10,6.034303612345582e-10,True,True,,True,True,True,True,True,True,0.4273592345416546,0.0,0.0
2566,2.600000038743019,pi_common,6.365586280822754,6.3655860750733595,2.0574939441075912e-07,5.227102895917506,1,1,tracking,True,5.227102895917506,5.227135267874427,-1.138483384905248,-1.138483384905248,2.3469813600757687,0.5158423742599295,-18.635132340970596,22.70418048415992,29.460517666514605,-18.632960308757742,10.960505640101834,0.7069300413131714,0.00040169147541746497,0.0,-0.09855390495912872,False,1,0.0,-1.1830895041854e-11,2.5054815333547253e-08,True,True,,True,True,True,True,True,True,0.6569300405681133,0.0,0.0
2567,2.650000039488077,pi_common,5.423388322194417,5.423388166165964,1.560284532686751e-07,5.1207233449901715,1,1,tracking,True,5.120723344990171,5.120748632159018,-0.30266497720424645,-0.30266497720424557,-2.1277667569392507,-0.05548290636176223,-89.49779972534624,-11.415518655296225,90.22467882706299,-89.49496100672155,-18.84395889176987,0.29280412197113037,-0.013856914825737476,0.0,-0.28517212177370305,False,1,0.0,-1.6268046111600487e-10,2.708153257202639e-09,True,True,,True,True,True,True,True,True,0.2428041212260723,0.0,0.0
2568,2.7000000402331352,pi_common,6.504878520965576,6.504878318551131,2.0241444520507912e-07,5.086397888997093,1,1,tracking,True,5.086397888997092,5.086461200845262,-1.4184806319684844,-1.4184806319684835,-0.6867275645489384,-0.49338656824121374,28.820228505523424,-8.748993081782734,30.11910639337822,28.820783418343108,21.629803653113992,0.75,0.005936030298471451,0.0,0.39585889658542134,False,1,0.0,1.6671062447182194e-10,1.6671062447182194e-10,True,True,,True,True,True,True,True,True,0.6999999992549419,0.0,0.0
2569,2.7500000409781933,pi_common,7.707203070322672,7.707202828121581,2.42201091182892e-07,5.004482011926144,1,1,tracking,True,5.004482011926144,5.004491065165804,-2.702721058396528,-2.702721058396528,-1.6385472209046175,0.3974259288971703,-19.037829150033517,17.817932477047396,26.075637863051238,-19.036392843449224,24.04649062882128,0.75,-0.004809540696442127,0.0,-0.2149114166958419,False,1,0.0,9.326629572814493e-11,9.326629572814493e-11,True,True,,True,True,True,True,True,True,0.6999999992549419,0.0,0.0
2570,2.8000000417232513,pi_common,8.075228055318197,8.075228022780053,3.253814462311766e-08,5.190818997508431,1,1,tracking,True,5.190818997508431,5.190833619789473,-2.8844090578097665,-2.8844090578097665,3.7266895655557075,-0.18928148087375013,107.30597084153374,-11.728547881166344,107.94884740044135,107.30473413024136,7.360499590230515,0.75,-0.0003252028545830399,0.0,0.08968675550074495,False,1,0.0,2.8507444885597644e-12,2.8507444885597644e-12,True,True,,True,True,True,True,True,True,0.6999999992549419,0.0,0.0
2571,2.8500000424683094,pi_common,7.547300656636557,7.5473007556948914,-9.905833486811844e-08,5.27107124452489,1,1,tracking,True,5.271071244524889,5.271083218918684,-2.2762294121116673,-2.2762294121116664,1.605092868322949,0.10464844516445247,-42.432801316224186,5.86559774536142,42.84350418557322,-42.43193331237009,-10.558547816298189,0.75,-0.00106826052069664,0.0,-0.014861153100823565,False,1,0.0,3.9498908484258966e-11,3.9498908484258966e-11,True,True,,True,True,True,True,True,True,0.6999999992549419,0.0,0.0
2572,2.9000000432133675,pi_common,6.631067117055258,6.631067193844742,-7.67894841047223e-08,5.275013043163327,1,1,tracking,True,5.275013043163326,5.2750232355746425,-1.356054073891932,-1.356054073891931,0.07880903819954362,-0.003228808179786955,-30.525464491152537,-2.1612879638646043,30.605853030261184,-30.525676147600088,-18.324670518567107,0.75,-0.002869109623134136,0.0,-0.036016981512055075,False,1,0.0,3.65830516921295e-11,3.65830516921295e-11,True,True,,True,True,True,True,True,True,0.6999999992549419,0.0,0.0
2573,2.9500000439584255,pi_common,7.251628398895264,7.251628325580754,7.33145100184629e-08,5.278079812231146,1,1,tracking,True,5.278079812231145,5.2780891341744285,-1.9735485866641183,-1.9735485866641174,0.06128270143825055,-0.05945317386188121,-0.35051314148133805,-1.1247793459889541,1.1782570026953407,-0.35052673000260604,12.411225451858447,0.75,-0.011665058322250843,0.0,-0.17591897136093718,False,1,0.0,2.5564246032561133e-10,2.5564246032561133e-10,True,True,,True,True,True,True,True,True,0.6999999992549419,0.0,0.0
2574,3.0000000447034836,pi_common,6.230767250061035,6.23076726542629,-1.5365254846244625e-08,5.310913768839575,1,1,tracking,True,5.3109137688395744,5.310959736898391,-0.9198534812214607,-0.9198534812214598,0.6566034273624265,-0.3672474384616458,11.90569218723039,-6.15662454280227,13.409252733538548,11.906414341064119,-20.417222672444243,0.6128965616226196,0.013444253243505955,0.0,0.5021862238319781,False,1,0.0,-3.6013086783526216e-10,1.6248124623530202e-08,True,True,,True,True,True,True,True,True,0.5628965608775616,0.0,0.0
2575,3.0500000454485416,pi_common,6.861030578613281,6.861030640358443,-6.174516187229528e-08,5.296710995694665,1,1,tracking,True,5.296710995694665,5.296725262262638,-1.5643195829186158,-1.5643195829186158,-0.28409007285877413,0.6282965399170825,-18.813926366535213,19.91097889324854,27.40003092273792,-18.81386972407551,12.605266383211816,0.75,0.00852941907942295,0.0,-0.09829668181692539,False,0,0.0,2.7075413265575943e-10,2.7075413265575943e-10,True,True,,True,True,True,True,True,True,0.6999999992549419,0.0,0.0
2576,3.1000000461935997,pi_common,6.128075281778971,6.128075233880914,4.789805707616779e-08,5.673555393494522,1,1,tracking,True,5.673555393494522,5.673592347906984,-0.454519888284449,-0.454519888284449,7.53683190877952,0.21821947445453171,156.4101780540177,-8.20531091177006,156.6270050817013,156.41843730194955,-14.659105718248512,0.3859112560749054,-0.004175793379545212,0.0,-0.25410424539291493,False,0,0.0,-2.297128841310947e-10,8.480699198454289e-09,True,True,,True,True,True,True,True,True,0.33591125532984734,0.0,0.0
2577,3.1500000469386578,pi_common,6.032503604888916,6.032503709956863,-1.0506794723141866e-07,6.155984825413069,1,1,tracking,True,6.155984825413068,6.156033916955906,0.12348122052415178,0.12348122052415267,9.64927877111445,-0.39380737259414494,42.24961958713562,-12.216513716711095,43.98037731004623,42.248936617140366,-1.9114335093185162,0.0953671783208847,-0.0029675140976905823,0.0,0.02416558527699731,False,2,0.0,8.953748723353194e-11,4.105314144187133e-10,True,True,,True,True,True,True,True,True,0.0953671783208847,0.0,0.0
2578,3.200000047683716,pi_common,7.266105016072591,7.266104996527024,1.954556694272469e-08,6.292552345340036,1,1,tracking,True,6.2925523453400345,6.29264343353428,-0.9735526707325564,-0.9735526707325546,2.7320941941015677,-0.08502277940055225,-138.34408865777286,6.136783975586472,138.48179609819462,-138.343689478776,24.672027856031633,0.6560535430908203,0.005934248678386211,0.0,0.17803525286860386,False,2,0.0,8.763389493238183e-11,1.0986618170782947e-08,True,True,,True,True,True,True,True,True,0.6060535423457623,0.0,0.0
2579,3.250000048428774,pi_common,6.318236509958904,6.318236414617654,9.534125045007613e-08,6.347567592475663,1,1,tracking,True,6.347567592475663,6.347666908607591,0.029331082516758755,0.029331082516758755,1.1005028835454385,0.2708204350064329,-32.63154440899534,7.122877874720519,33.404186368932095,-32.63182572487049,-18.95736983978691,0.1542450189590454,0.017452219501137733,0.0,0.2303594130224077,False,2,0.0,-4.911111864402962e-10,2.0164227232388754e-09,True,True,,True,True,True,True,True,True,0.1542450189590454,0.0,0.0
2580,3.300000049173832,pi_common,6.338110605875651,6.338110638366146,-3.249049473907917e-08,6.396607136581894,1,1,tracking,True,6.396607136581893,6.396775304618157,0.0584965307062415,0.05849653070624239,0.9804811830600997,0.6245762970116979,-2.4058343328487397,7.097266810992901,7.506918975882715,-2.400433973937522,0.39748191241200115,0.13893108069896698,0.0015147647354751825,0.0,-0.31874909056351947,False,2,0.0,7.872156052024515e-12,5.504190020433342e-09,True,True,,True,True,True,True,True,True,0.08893107995390892,0.0,0.0
2581,3.35000004991889,pi_common,5.869625250498453,5.869625320741335,-7.024288173340665e-08,6.376016053650065,1,1,tracking,True,6.376016053650065,6.376093936108472,0.5063908031516116,0.5063908031516116,-0.41279959527512916,-0.250823895297468,-27.87742393939375,-17.489728367121003,32.912617858025314,-27.865615151474554,-9.369706967924449,0.0,0.002537662396207452,0.09134593605995178,0.02045795290979813,False,2,0.0,7.668544618755213e-13,9.067064044021578e-10,True,True,,True,True,True,True,True,True,-0.05000000074505806,0.0,0.09134593605995178
2582,3.400000050663948,pi_common,6.527134100596109,6.527134101674392,-1.0782823522959006e-09,6.349712984656717,1,1,tracking,True,6.3497129846567155,6.349759150842536,-0.17742111593939391,-0.17742111593939214,-0.5266555943579183,-0.007543729231960198,-2.274104189484671,4.8609477531803895,5.366603873674178,-2.2771199477240516,13.150176806000221,0.2527777850627899,-0.002882240805774927,0.0,-0.10839806242439058,False,2,0.0,-1.0737839003377436e-10,3.311756202606375e-09,True,True,,True,True,True,True,True,True,0.20277778431773186,0.0,0.0
2583,3.450000051409006,pi_common,6.308939615885416,6.308939588864953,2.702046320024465e-08,6.261057418603921,1,1,tracking,True,6.261057418603921,6.261077538015318,-0.047882197281494676,-0.047882197281494676,-1.7735396059696966,-0.17822588971531092,-24.937465586058156,-3.4156824223900157,25.1723167180556,-24.93767986063518,-4.363889629186844,0.188606858253479,0.018587272614240646,0.0,0.42939026200189795,False,2,0.0,4.0207038740081025e-10,1.7329441770463916e-09,True,True,,True,True,True,True,True,True,0.13860685750842094,0.0,0.0
2584,3.500000052154064,pi_common,6.4932176272074384,6.493217655665377,-2.8457938228143576e-08,6.211510754152204,1,1,tracking,True,6.211510754152204,6.211596665705377,-0.2817068730552341,-0.2817068730552341,-0.9911303366662254,0.7405273943633787,15.651192348855492,18.34345388219771,24.113235406937648,15.648185152893294,3.6855601715213213,0.30904051661491394,-0.030488569289445877,0.0,-0.9815168234479901,False,2,0.0,-2.788440277290416e-10,1.3758153061260714e-08,True,True,,True,True,True,True,True,True,0.2590405158698559,0.0,0.0
2585,3.5500000528991222,pi_common,6.98693068822225,6.986930809214161,-1.2099191071257565e-07,6.111753139290867,1,1,tracking,True,6.111753139290867,6.1118392145056095,-0.8751775489313829,-0.8751775489313829,-1.9950251099367955,-1.312913299613853,-20.072117621288143,-41.06102611303053,45.70482945360693,-20.07789516622745,9.874261073158275,0.6167156100273132,0.00965098012238741,0.0,0.802790976274148,False,2,0.0,1.4036410748985428e-10,2.2191515069991397e-08,True,True,,True,True,True,True,True,True,0.5667156092822552,0.0,0.0
2586,3.6000000536441803,pi_common,5.5192945798238116,5.519294467739122,1.120846899738126e-07,6.070303679008119,1,1,tracking,True,6.070303679008118,6.0703061364397195,0.5510090991843066,0.5510090991843075,-0.8292309664933912,0.7106266577849648,23.307125412022163,40.483796958431824,46.71626330179912,23.31588252143436,-29.35272173057913,0.0,0.0008681222680024803,0.10326535254716873,-0.175657154470203,False,2,0.0,8.246103561267148e-12,2.482684419158332e-09,True,True,,True,True,True,True,True,True,0.0,0.0,0.10326535254716873
2587,3.6500000543892384,pi_common,7.269468943277996,7.26946892059009,2.2687905776308526e-08,5.993606163119246,1,1,tracking,True,5.993606163119246,5.993608394513121,-1.27586278015875,-1.27586278015875,-1.5339429986721473,-0.03926414086136354,-14.095828222746292,-14.999805224583552,20.584643008152867,-14.094240433554573,35.00348674749109,0.75,-0.0001174811550299637,0.0,-0.019712068166916175,False,2,0.0,-2.7731151793289333e-12,2.7731151793289333e-12,True,True,,True,True,True,True,True,True,0.6999999992549419,0.0,0.0
2588,3.7000000551342964,pi_common,8.2678861618042,8.267886052425228,1.0937897165774757e-07,5.962614358886503,1,1,tracking,True,5.962614358886503,5.962616643075213,-2.305271802917696,-2.305271802917696,-0.6197948043436969,-0.032268074995877194,18.283158616649217,0.13801280417220368,18.310986668803913,18.28296361413162,19.968344072972553,0.75,-0.0002580663713160902,0.0,-0.0028117042838248715,False,2,0.0,-4.5553003101377054e-12,4.5553003101377054e-12,True,True,,True,True,True,True,True,True,0.6999999992549419,0.0,0.0
2589,3.7500000558793545,pi_common,7.289236545562744,7.289236388059692,1.5750305237816065e-07,5.898951137077504,1,1,tracking,True,5.898951137077505,5.8989543254337145,-1.390285408485239,-1.3902854084852398,-1.2732285240133143,-0.01452064007152821,-13.068859465174675,0.35480778794885887,13.077667759196546,-13.068674198653927,-19.57299203316879,0.75,0.013402783311903477,0.0,0.27321698959314095,False,2,0.0,3.401772509514789e-10,3.401772509514789e-10,True,True,,True,True,True,True,True,True,0.6999999992549419,0.0,0.0
2590,3.8000000566244125,pi_common,7.281742731730143,7.28174279765398,-6.592383705594784e-08,5.912391358215121,1,1,tracking,True,5.912391358215121,5.9124367099878326,-1.3693513735150216,-1.3693513735150216,0.2688359447121881,0.5173542750601827,30.84143922683413,10.621932078027534,32.620427503607054,30.841288914939028,-0.14987627441869955,0.75,-0.009176841005682945,0.0,-0.4515924796224761,False,2,0.0,-4.2104020790689756e-10,4.2104020790689756e-10,True,True,,True,True,True,True,True,True,0.6999999992549419,0.0,0.0
2591,3.8500000573694706,pi_common,7.377814769744873,7.377814923174371,-1.534294975513717e-07,5.9300238687491325,1,1,tracking,True,5.930023868749131,5.930029654719004,-1.4477909009957424,-1.4477909009957406,0.35255407130692734,-0.5472201212201432,1.672517356522191,-21.29053621534047,21.3561877548215,1.6743625069448396,1.92144073166291,0.75,0.006777358707040548,0.0,0.3190839894997479,False,2,0.0,1.0287832131333774e-10,1.0287832131333774e-10,True,True,,True,True,True,True,True,True,0.6999999992549419,0.0,0.0
2592,3.9000000581145287,pi_common,7.487445990244547,7.487445985436044,4.80850292916557e-09,6.0223614689788,1,1,tracking,True,6.022361468978799,6.022371364576328,-1.465084521265748,-1.465084521265747,1.8467431919802857,0.34798179615597274,29.885986481887834,17.90545731587131,34.84319931007764,29.883781968164115,2.1926243773208283,0.75,-0.003151538083329797,0.0,-0.1985779328483651,False,2,0.0,-1.0143258195177696e-10,1.0143258195177696e-10,True,True,,True,True,True,True,True,True,0.6999999992549419,0.0,0.0
2593,3.9500000588595867,pi_common,8.073541164398193,8.073541093305105,7.109308874930775e-08,6.113978234444167,1,1,tracking,True,6.113978234444167,6.113978630992341,-1.9595629299540267,-1.9595629299540267,1.8322854667856994,-0.21999240965995095,-0.2901665572892638,-11.355668523070555,11.360553880596276,-0.28915449958298867,11.721903308402958,0.75,2.4639432012918405e-05,0.0,0.06352354936027965,False,2,0.0,1.5864956917632789e-13,1.5864956917632789e-13,True,True,,True,True,True,True,True,True,0.6999999992549419,0.0,0.0
2594,4.000000059604645,pi_common,6.595322767893474,6.595322885674345,-1.17780871278228e-07,6.2663195316249665,1,1,tracking,True,6.266319531624965,6.266320797136081,-0.3290032362685089,-0.32900323626850714,3.0468365559825434,0.025478353899755012,24.290661181133917,4.908415904012092,24.790742476055083,24.291021421972456,-29.56436748955099,0.34085336327552795,-0.0020592641085386276,0.0,-0.04167807018997928,False,2,0.0,-1.8017312902046667e-11,5.09896697087342e-09,True,True,,True,True,True,True,True,True,0.2908533625304699,0.0,0.0
2595,4.050000060349703,pi_common,7.842966715494793,7.8429665564366315,1.5905816130867834e-07,6.395558890809134,1,1,tracking,True,6.395558890809134,6.395565345255731,-1.4474078246856585,-1.4474078246856585,2.584886917250741,-0.07812847209107332,-9.238634853874313,-2.0784753000909353,9.48731402284166,-9.238992636964326,24.95287858019952,0.75,0.0022681644186377525,0.0,0.08654856925385342,False,2,0.0,-5.649529802309594e-11,5.649529802309594e-11,True,True,,True,True,True,True,True,True,0.6999999992549419,0.0,0.0
2596,4.100000061094761,pi_common,8.157678922017416,8.157678870865714,5.1151701541130024e-08,6.51701156524717,1,1,tracking,True,6.51701156524717,6.517025127218304,-1.6406673567702459,-1.6406673567702459,2.4291806533587907,0.1262650397128145,-3.1141900883649596,4.0886906363152455,5.155463839142603,-3.1141252314349264,6.294244036660917,0.75,0.0007115942426025867,0.0,-0.03113140305680926,False,2,0.0,-2.762177097291596e-12,2.762177097291596e-12,True,True,,True,True,True,True,True,True,0.6999999992549419,0.0,0.0
2597,4.150000061839819,pi_common,7.390039443969727,7.390039400497268,4.347245852187598e-08,6.617234281901101,1,1,tracking,True,6.617234281901101,6.617252170495547,-0.7728051620686252,-0.7728051620686252,2.0045714704595405,-0.0022192148337702553,-8.492312850222586,-2.5648835265686762,8.885121848092817,-8.492183531441608,-15.3527893321794,0.5724143981933594,-0.0072191390208899975,0.0,-0.15861466290630902,False,2,0.0,1.5853911933261244e-11,1.2446935371279721e-08,True,True,,True,True,True,True,True,True,0.5224143974483013,0.0,0.0
2598,4.200000062584877,pi_common,7.624850432078044,7.624850429443953,2.6340911674083145e-09,6.761565467316941,1,1,tracking,True,6.761565467316941,6.76160353741846,-0.8632849647611032,-0.8632849647611032,2.8867789069892065,-0.32574397823182394,17.644055916890192,-6.48252263443119,18.80825551822655,17.64414846767502,4.696219692187221,0.6284453272819519,-0.013261229731142521,0.0,-0.12084181240436714,False,2,0.0,-5.5855627414946873e-11,2.203102422715375e-08,True,True,,True,True,True,True,True,True,0.5784453265368938,0.0,0.0
2599,4.250000063329935,pi_common,7.832602183024088,7.832602238083475,-5.5059387271683136e-08,6.872750660718252,1,1,tracking,True,6.872750660718252,6.872834975024362,-0.9598515223058364,-0.9598515223058364,2.223663152407376,-0.41138846695052084,-13.268386022547052,-1.7684402088806113,13.390562429764014,-13.262314894012713,4.155034957006035,0.6887267827987671,-0.010953683406114578,0.0,0.046150925812856465,False,2,0.0,-4.139267192893037e-10,1.0505815106753857e-08,True,True,,True,True,True,True,True,True,0.638726782053709,0.0,0.0
2600,4.300000064074993,pi_common,8.059911886850992,8.059911932506123,-4.5655131231114865e-08,7.018479872674466,1,1,tracking,True,7.018479872674466,7.018586101183644,-1.041432014176526,-1.041432014176526,2.91414726047628,-0.2400842471319042,13.799079059965255,3.3683412135101616,14.21145955983799,13.809681955597776,4.546194008794516,0.7425349354743958,0.012398334220051765,0.0,0.4670403455638834,False,2,0.0,2.906236883093438e-10,1.6874910580000346e-08,True,True,,True,True,True,True,True,True,0.6925349347293377,0.0,0.0
2601,4.350000064820051,pi_common,7.691571871439615,7.69157181871022,5.272939507250385e-08,7.151324722328869,1,1,tracking,True,7.1513247223288685,7.151383691717673,-0.5402471491107468,-0.5402471491107459,2.6569068266201112,0.7711601122146131,-5.145751659661246,20.211768460976334,20.864783651537188,-5.1448086004597515,-7.366800198453662,0.49869558215141296,0.004204127471894026,0.0,-0.1638841325210909,False,2,0.0,-5.1148209799511957e-11,6.620304637827701e-09,True,True,,True,True,True,True,True,True,0.4486955814063549,0.0,0.0
2602,4.400000065565109,pi_common,7.683830579121906,7.683830558932098,2.0189808047632596e-08,7.316363875465218,1,1,tracking,True,7.316363875465216,7.3164329632395875,-0.36746670365669054,-0.36746670365668876,3.30087760929603,0.062297682335290934,12.87268948332011,-14.154027587555,19.13396455139173,12.879415461600127,-0.15482584404709365,0.4168986976146698,0.0031561588402837515,0.0,-0.0209593723198865,False,2,0.0,4.820126546165038e-11,1.0946435424763479e-08,True,True,,True,True,True,True,True,True,0.36689869686961174,0.0,0.0
2603,4.450000066310167,pi_common,7.230930487314859,7.230930614529476,-1.2721461661868716e-07,7.42006084703512,1,1,tracking,True,7.42006084703512,7.420136428083577,0.18913035972026027,0.18913035972026027,2.0739610381794766,0.03226494120055472,-24.53885768275384,-0.5696255330644218,24.545827652115147,-24.53833105668144,-9.058001701166194,0.1362360268831253,-0.01865159161388874,0.0,-0.43615500258423384,False,2,0.0,-8.35881093508295e-10,1.435096985691331e-09,True,True,,True,True,True,True,True,True,0.1362360268831253,0.0,0.0
2604,4.500000067055225,pi_common,7.538668950398764,7.5386689624380985,-1.2039334862379292e-08,7.506554243007389,1,1,tracking,True,7.506554243007388,7.5066843760940305,-0.032114707391375674,-0.032114707391374786,1.7299881702252282,-0.9007844336888683,-6.879030425074168,-18.68964270709966,19.923532334381854,-6.879457256573067,6.154769169964876,0.2472599893808365,0.010567063465714455,0.0,0.5843730928842262,False,2,0.0,1.3780039609390116e-11,3.4713833751975898e-09,True,True,,True,True,True,True,True,True,0.19725998863577843,0.0,0.0
2605,4.550000067800283,pi_common,7.3741242090861,7.374124210339212,-1.253112280608093e-09,7.511424655456033,1,1,tracking,True,7.511424655456032,7.511480926006051,0.13730044636993277,0.13730044636993366,0.09700061643768709,0.7172198769438269,-32.665134274334726,32.34959989908045,45.97291025930078,-32.65975058908261,-3.2908947772151254,0.16083616018295288,0.008651631884276867,0.0,-0.03830863105790867,False,2,0.0,-3.5298463631205923e-10,3.5298463631205923e-10,True,True,,True,True,True,True,True,True,0.11083615943789482,0.0,0.0
2606,4.6000000685453415,pi_common,7.873678048451742,7.87367808386346,-3.541171800236498e-08,7.513927811746749,1,1,tracking,True,7.513927811746748,7.513986956217784,-0.3597502367049943,-0.3597502367049934,0.04969399634132168,0.2996493214918228,-0.9541441133359594,-8.350378579740246,8.409156418275572,-0.946132387828837,9.991076638434206,0.4138583838939667,0.009563364088535309,0.0,0.01823464381345147,False,2,0.0,-2.189535757562977e-10,3.964314765347865e-09,True,True,,True,True,True,True,True,True,0.3638583831489086,0.0,0.0
2607,4.6500000692903996,pi_common,7.886581103006998,7.8865811033600535,-3.530553627228983e-10,7.460419688023639,1,1,tracking,True,7.460419688023638,7.460474738300316,-0.42616141498336013,-0.42616141498335924,-1.0707493057606607,0.22074201653645778,-22.414661819435782,-1.5771685004558387,22.470253811268723,-22.408865708121528,0.25806108725970966,0.45239099860191345,0.00847338605672121,0.0,-0.021799560311443204,False,2,0.0,4.124558819484925e-10,1.176640784805727e-08,True,True,,True,True,True,True,True,True,0.4023909978568554,0.0,0.0
2608,4.700000070035458,pi_common,7.718513806660971,7.718513864624801,-5.796383018008555e-08,7.447616789137666,1,1,tracking,True,7.447616789137666,7.447664198577712,-0.2708970175233043,-0.2708970175233043,-0.25667923859651776,0.1892952807706961,16.276330442283967,-0.6527797171531868,16.28979805864189,16.281401100671076,-3.3613458768325923,0.3781450092792511,-0.012852620333433151,0.0,-0.42652012144744217,False,2,0.0,3.895381170404555e-10,8.404273166284781e-09,True,True,,True,True,True,True,True,True,0.32814500853419304,0.0,0.0
2609,4.750000070780516,pi_common,6.969725767771404,6.969725979199143,-2.114277384279717e-07,7.40690135387237,1,1,tracking,True,7.40690135387237,7.4069186507556015,0.43717558610096585,0.43717558610096585,-0.8145065796842038,-0.7025895757088507,-11.157096241712974,-17.838410070997803,21.040496937396124,-11.15654665550822,-14.975760554635107,0.018644005060195923,0.0007782924803905189,0.0,0.2726182522141449,False,2,0.0,1.482450360384968e-11,9.050454274905917e-10,True,True,,True,True,True,True,True,True,0.018644005060195923,0.0,0.0
2610,4.800000071525574,pi_common,7.782726923624674,7.782726730089153,1.935355209425893e-07,7.392175795608514,1,1,tracking,True,7.392175795608513,7.392178799384902,-0.39055112801616065,-0.39055112801615977,-0.2946321263094249,0.17623265550081144,10.394594555846128,17.57981359936416,20.42470709912899,10.39748891256092,16.260022874772172,0.4373892545700073,-0.036630239337682724,0.0,-0.7481706252128538,False,2,0.0,2.0069267081535003e-10,4.183346224984064e-09,True,True,,True,True,True,True,True,True,0.38738925382494926,0.0,0.0
2611,4.850000072270632,pi_common,7.869031747182211,7.869031438499616,3.086825950404659e-07,7.308653731631596,1,1,tracking,True,7.308653731631595,7.308898060317203,-0.560378015550616,-0.5603780155506151,-1.670355910109822,-1.3971667539117283,-27.508370923478886,-31.45776979433068,41.789202716694476,-27.51447526601031,1.7260964454298984,0.5293074250221252,0.0015708376886323094,0.0,0.7640215291414927,False,2,0.0,-4.614436697331081e-11,5.569475214350916e-09,True,True,,True,True,True,True,True,True,0.4793074242770672,0.0,0.0
2612,4.90000007301569,pi_common,7.97370417912801,7.973704100675405,7.845260530103815e-08,7.267536908015521,1,1,tracking,True,7.26753690801552,7.267557810922005,-0.7061672711124896,-0.7061672711124887,-0.8240587618714886,0.6138983807176501,16.88134536107188,40.27431867059149,43.67450212587667,16.925942712550466,2.093448607721165,0.6110291481018066,0.025882219895720482,0.0,0.4862276368964071,False,2,0.0,-2.8557996592515345e-10,9.847779813831892e-09,True,True,,True,True,True,True,True,True,0.5610291473567486,0.0,0.0
2613,4.950000073760748,pi_common,7.703078587849934,7.703078614817436,-2.696750200925635e-08,7.215375668037487,1,1,tracking,True,7.215375668037487,7.215462295145139,-0.4877029198124463,-0.4877029198124463,-1.043012118735,1.1224662968987407,-4.38513153530685,10.162896193624274,11.069040304497284,-4.379067072017045,-5.412511744908813,0.5078932642936707,-0.005781139247119427,0.0,-0.633267173420382,False,2,0.0,2.2089154203680517e-10,1.5101167649689273e-08,True,True,,True,True,True,True,True,True,0.4578932635486126,0.0,0.0
2614,5.000000074505806,pi_common,7.627776940663656,7.627776870168586,7.049507022571788e-08,7.227857111629473,1,1,tracking,True,7.227857111629471,7.227859707434103,-0.399919829034185,-0.3999198290341832,0.2492850817404333,-0.5998270076107135,25.833857455176776,-34.45710020663775,43.066323725261846,25.845943624374097,-1.5060329212839112,0.4690006971359253,-0.014615919440984726,0.0,-0.17669560124433634,False,2,0.0,-6.410042635573987e-12,4.604864267676589e-09,True,True,,True,True,True,True,True,True,0.41900069639086723,0.0,0.0
2615,5.050000075250864,pi_common,7.605326811472574,7.60532668606373,1.2540884419820486e-07,7.214731548837855,1,1,tracking,True,7.214731548837855,7.2147707320745145,-0.39059526263471955,-0.39059526263471955,-0.26247017629358765,-0.5706648332447112,-10.242233170327363,0.5804170904121817,10.26379711833072,-10.23510500816547,-0.44900257713097846,0.4692208468914032,0.0009931944077834487,0.0,0.3121822723234851,False,2,0.0,6.755221382270804e-13,1.2505342539270714e-08,True,True,,True,True,True,True,True,True,0.41922084614634514,0.0,0.0
2616,5.100000075995922,pi_common,7.511977036794027,7.511976857615006,1.7917902095376803e-07,7.24276065257389,1,1,tracking,True,7.242760652573888,7.2427652843751655,-0.2692163842201394,-0.2692163842201376,0.5603307800421458,0.25962745426081457,16.449513709515333,16.60883825062023,23.377448739023755,16.456018881500878,-1.8669954657505394,0.41189661622047424,-0.0016059557674452662,0.0,-0.0519830027299672,False,2,0.0,5.1510919661656995e-11,8.821877672815504e-09,True,True,,True,True,True,True,True,True,0.3618966154754162,0.0,0.0
2617,5.15000007674098,pi_common,7.716906865437826,7.71690687812497,-1.2687143779999133e-08,7.2375916246436445,1,1,tracking,True,7.2375916246436445,7.237594956397582,-0.47931524079418164,-0.47931524079418164,-0.10342347569434052,-0.027024280096909277,-13.273491495344894,-5.736542244137098,14.461182112204812,-13.275084916915546,4.098596511802129,0.5229374766349792,-0.01336683053523302,0.0,-0.23521749185074134,False,2,0.0,-4.4355341968782547e-10,1.7293601439760664e-08,True,True,,True,True,True,True,True,True,0.4729374758899212,0.0,0.0
2618,5.200000077486038,pi_common,8.003486315409342,8.00348636136671,-4.595736768919778e-08,7.2671300477150735,1,1,tracking,True,7.267130047715073,7.267177962344676,-0.7363562676942692,-0.7363562676942683,0.5907240435199683,-0.5477110115328433,13.882476895325153,-10.411930871234382,17.353170084872797,13.882950177414099,5.731588914022985,0.6606624722480774,-0.006223913747817278,0.0,0.1428583336195598,False,2,0.0,-1.520798469795137e-10,1.1386118048406502e-08,True,True,,True,True,True,True,True,True,0.6106624715030193,0.0,0.0
2619,5.250000078231096,pi_common,8.00589116414388,8.005890972028878,1.921150030170793e-07,7.2806890065022625,1,1,tracking,True,7.2806890065022625,7.280715301332928,-0.7252021576416183,-0.7252021576416183,0.2707007624787626,-0.017974848615390226,-6.411978294561176,10.582289376139384,12.373316356759656,-6.400465525449746,0.04809697397407813,0.6641504168510437,-0.016745489090681076,0.0,-0.21043150372160221,False,2,0.0,7.95651110968576e-10,1.609019029125136e-08,True,True,,True,True,True,True,True,True,0.6141504161059856,0.0,0.0
2620,5.300000078976154,pi_common,8.070950190226238,8.070950117173723,7.305251514821975e-08,7.353061304617134,1,1,tracking,True,7.353061304617131,7.353158481444487,-0.7178888856091072,-0.7178888856091046,1.4470189460331238,-0.5868727119010432,23.52582757031797,-11.386076915955156,26.13632168722717,23.526363320517092,1.301180502258047,0.6694673895835876,-0.014852358028292656,0.0,0.03786262068357139,False,2,0.0,-2.1194936257462604e-10,1.8545220470400636e-08,True,True,,True,True,True,True,True,True,0.6194673888385296,0.0,0.0
2621,5.350000079721212,pi_common,7.5890889167785645,7.589089036779323,-1.2000075866325233e-07,7.417945286890818,1,1,tracking,True,7.417945286890816,7.418046189573082,-0.1711436298877489,-0.17114362988774623,1.2965322636959444,-0.2893201349613201,-3.031522676705633,5.897186543688491,6.641240969182459,-3.009733601895061,-9.637225325347627,0.3982340693473816,-0.017379723489284515,0.0,-0.0505473084666236,False,2,0.0,-7.350539447947835e-10,6.326222212749144e-09,True,True,,True,True,True,True,True,True,0.34823406860232353,0.0,0.0
2622,5.4000000804662704,pi_common,7.711638927459717,7.711638882396588,4.506312922814004e-08,7.51954692875073,1,1,tracking,True,7.519546928750728,7.519690993613765,-0.19209199870898885,-0.19209199870898708,2.030763422967965,-0.46912378100373947,14.672486797581394,-3.651597742163836,15.130327541564059,14.684622966622477,2.451000177100298,0.41110941767692566,0.012878271751105785,0.0,0.6051598957902209,False,2,0.0,3.500859914462584e-10,7.573059179755148e-09,True,True,,True,True,True,True,True,True,0.3611094169318676,0.0,0.0
2623,5.4500000812113285,pi_common,7.2509373029073085,7.2509373497181,-4.681079168733504e-08,7.56734258636831,1,1,tracking,True,7.567342586368309,7.567349114787598,0.31640528346100005,0.31640528346100183,0.9552664349651296,0.91416420961278,-21.517521308417276,27.633009790899724,35.02292717262366,-21.509939439533632,-9.214032353748383,0.15290570259094238,-0.000690931046847254,0.0,-0.27138405191512327,False,2,0.0,-1.8480827762221153e-11,3.2573205244190717e-10,True,True,,True,True,True,True,True,True,0.15290570259094238,0.0,0.0
2624,5.500000081956387,pi_common,7.140131155649822,7.140131256429342,-1.0077951984044375e-07,7.616599192021369,1,1,tracking,True,7.6165991920213685,7.6166059427314785,0.47646803637154633,0.4764680363715472,0.9851717420646756,-0.1264934509743835,0.5996219750362249,-20.81474575225389,20.825092212469695,0.5981061330784436,-2.216122912126923,0.06691847741603851,0.01471890788525343,0.0,0.30819677404952384,False,2,0.0,1.098405984223394e-10,1.4980301998868129e-09,True,True,,True,True,True,True,True,True,0.016918476670980453,0.0,0.0
2625,5.550000082701445,pi_common,7.65348259607951,7.653482666234915,-7.015540504085038e-08,7.585950895556985,1,1,tracking,True,7.5859508955569845,7.585995431792837,-0.0675317005225251,-0.06753170052252422,-0.6129520295626856,0.5863238255372466,-31.960823386980742,14.269511357562038,35.00178886285887,-31.962474956269233,10.2670286556031,0.33976247906684875,-0.006042375694960356,0.0,-0.4152256654169311,False,2,0.0,1.0374596147444404e-11,1.1567305613358059e-08,True,True,,True,True,True,True,True,True,0.2897624783217907,0.0,0.0
2626,5.600000083446503,pi_common,7.850560983022055,7.850561028707417,-4.56853621599862e-08,7.554058838577575,1,1,tracking,True,7.554058838577571,7.554063355311065,-0.2965021444444833,-0.29650214444447975,-0.6380600945548386,-0.49210360424750405,-0.5063416082058376,-21.572881288393752,21.57915174470263,-0.5021612923602738,3.941567680116964,0.4579539895057678,0.0023991332855075598,0.0,0.16883017709359263,False,2,0.0,-6.696048576726454e-11,6.696048576726454e-11,True,True,,True,True,True,True,True,True,0.40795398876070976,0.0,0.0
2627,5.650000084191561,pi_common,7.154226144154865,7.154226105111917,3.904294842982381e-08,7.488703317675139,1,1,tracking,True,7.488703317675136,7.488704929736941,0.33447717352027073,0.3344771735202734,-1.3071576413836135,0.13809151959886895,-13.380932012260846,12.602418044510804,18.383644935260868,-13.381950737168893,-13.926696569819836,0.138283371925354,0.007939960807561874,0.0,0.11081654878979104,False,2,0.0,1.3086984967936033e-10,6.183119238833967e-09,True,True,,True,True,True,True,True,True,0.138283371925354,0.0,0.0
2628,5.700000084936619,pi_common,6.944034099578857,6.944034200361277,-1.0078241974298408e-07,7.465843657930459,1,1,tracking,True,7.465843657930458,7.465859007305795,0.5218095583516007,0.5218095583516016,-0.45722252736203345,0.32373468467577277,16.997255168464232,3.6991034747136364,17.396490610394245,16.998702027131202,-4.203840828878048,0.03809455409646034,-0.006261172238737345,0.0,-0.284022656693717,False,2,0.0,3.892250410864051e-11,3.4647928970343855e-10,True,True,,True,True,True,True,True,True,-0.011905446648597717,0.0,0.0
2629,5.750000085681677,pi_common,7.060536861419679,7.0605369101608835,-4.874120484998912e-08,7.379433133194971,1,1,tracking,True,7.3794331331949685,7.379435926910438,0.3188962717752899,0.31889627177529256,-1.7282476361451926,-0.38307952637657144,-25.421444336928385,-14.137719373109478,29.08872520892486,-25.42050179686819,2.330055202095896,0.13556499779224396,0.00580595200881362,0.0,0.24134248135473607,False,2,0.0,-1.6116469270244238e-11,4.2106986231083e-09,True,True,,True,True,True,True,True,True,0.0855649970471859,0.0,0.0
2630,5.800000086426735,pi_common,7.688551902770996,7.688552028090631,-1.2531963466955176e-07,7.308760671737189,1,1,tracking,True,7.308760671737187,7.308768628378379,-0.37979123103380896,-0.3797912310338072,-1.4133703620532923,0.3116834018947385,6.299497051574148,13.887239021750819,15.264782705667168,6.2975453879972685,12.560300639863286,0.48965615034103394,-0.00665600411593914,0.0,-0.24923911878110291,False,2,0.0,5.329799015324488e-11,1.4896274491693617e-08,True,True,,True,True,True,True,True,True,0.4396561495959759,0.0,0.0
2631,5.850000087171793,pi_common,5.399557908376058,5.399558014346081,-1.0597002297885183e-07,7.191844829050348,1,1,tracking,True,7.191844829050346,7.191856255546043,1.7922869206742886,1.7922869206742904,-2.3382251421760256,-0.3354367735154177,-18.49696105255756,-12.94114192415784,22.577138239544322,-18.497095326826468,-45.77987920572541,0.0,0.02594900317490101,0.6187865138053894,0.6521001360997537,False,2,0.0,-6.039653152600799e-10,1.3446167956843169e-08,True,True,,True,True,True,True,True,True,0.0,0.0,-0.3812134861946106
2632,5.900000087916851,pi_common,5.109664678573608,5.109664733846212,-5.527260338311635e-08,7.1127586286393685,1,1,tracking,True,7.112758628639368,7.112900225309418,2.003093950065759,2.00309395006576,-1.5813558815286968,1.174379997888894,15.144900177993328,30.143789399613667,33.7345189164805,15.137384987381964,-5.7978645096540715,0.0,0.007119451649487019,0.7492287158966064,-0.37659102489663626,False,2,0.0,1.7483254861200281e-10,7.996131534682149e-10,True,True,,True,True,True,True,True,True,0.0,0.0,-0.25077128410339355
2633,5.950000088661909,pi_common,5.852884292602539,5.852884310449454,-1.7846915056907164e-08,6.936539106679518,1,1,tracking,True,6.9365391066795175,6.936609271390751,1.0836548140769784,1.0836548140769793,-3.5253513050889516,-0.12650330319853673,-38.91547810809152,-26.065449521856404,46.83850305595039,-38.87990789184932,14.864392059081911,0.0,-0.012850630097091198,0.3030548393726349,-0.3994016289800163,False,2,0.0,-8.967177347884991e-11,5.292997040662328e-09,True,True,,True,True,True,True,True,True,0.0,0.0,-0.6969451606273651
2634,6.000000089406967,pi_common,4.610544363657633,4.61054447199673,-1.0833909680485476e-07,6.790427415071615,1,1,tracking,True,6.790427415071613,6.790471273534392,2.17988305141398,2.1798830514139818,-2.9221061233243852,-0.7352339769078083,12.065598188162236,-12.192580581671992,17.16193524267408,12.064903455510255,-24.84679820865198,0.0,-0.009962945245206356,0.8784174919128418,0.0577536961770997,False,2,0.0,3.094421524574287e-10,6.159930343585529e-10,True,True,,True,True,True,True,True,True,0.0,0.0,-0.1215825080871582
2635,6.050000090152025,pi_common,5.105382521947225,5.105382486408042,3.553918226373298e-08,6.61440670700885,1,1,tracking,True,6.61440670700885,6.614477077489349,1.5090241850616257,1.5090241850616257,-3.520255321598115,-0.19685994701065124,-11.972147653996254,10.802388042940517,16.12653503830963,-11.962983787212243,9.896763018318575,0.0,0.003704613074660301,0.5618508458137512,0.2733511623240834,False,2,0.0,5.291833074169694e-11,1.4901267442191113e-08,True,True,,True,True,True,True,True,True,0.0,0.0,-0.4381491541862488
2636,6.100000090897083,pi_common,4.698190410931905,4.698190392011371,1.892053358432122e-08,6.5013192620287965,1,1,tracking,True,6.501319262028795,6.501374757711591,1.80312885109689,1.8031288510968917,-2.261651030049616,0.3185062301958276,25.170723647546957,10.329193359212043,27.209684669912484,25.172085455876672,-8.143842098953693,0.0,0.0008970822673290968,0.7314423322677612,-0.05615061530991472,False,0,0.0,5.491865642803795e-12,2.756053951724624e-08,True,True,,True,True,True,True,True,True,0.0,0.0,-0.26855766773223877
2637,6.150000091642141,pi_common,6.50354258219401,6.503542596914009,-1.4719999441581422e-08,6.176888211842814,1,1,tracking,True,6.1768882118428134,6.1769568550907845,-0.3266543703511964,-0.3266543703511955,-6.488274496132479,0.020158828823635063,-84.5322936507078,-5.965543126153942,84.74473068920598,-84.53246806202533,36.10704288720523,0.33753249049186707,-0.016870541498064995,0.0,-0.3553524700127174,False,0,0.0,-8.08722411954621e-10,4.784811158398128e-09,True,True,,True,True,True,True,True,True,0.287532489746809,0.0,0.0
2638,6.200000092387199,pi_common,5.301074981689453,5.3010752441119875,-2.624225343694775e-07,5.669234884350167,1,1,tracking,True,5.669234884350166,5.669428440747268,0.36815990266071275,0.36815990266071363,-10.151625745444106,-0.7229396043241968,-73.26814715556384,-14.710668257979702,74.73217850145878,-73.2670238944688,-24.049351651727868,0.0,-0.00015413507935591042,0.014476649463176727,0.33432812339230444,False,1,0.0,-1.5094032794482626e-12,1.8755597075426067e-10,True,True,,True,True,True,True,True,True,0.0,0.0,0.014476649463176727
2639,6.2500000931322575,pi_common,4.75565505027771,4.7556549899243015,6.035340849308568e-08,4.95386949761245,1,1,tracking,True,4.953869497612448,4.954109426753426,0.19821444733473825,0.19821444733474003,-14.303708515399837,0.45057790039540246,-83.0197356603112,23.094764971964207,86.17394755450407,-83.04165416169755,-10.908398465687059,0.06801839917898178,0.020968621596693993,0.0,0.4224551272259261,False,1,0.0,-3.3846944344495533e-10,1.795332243981207e-09,True,True,,True,True,True,True,True,True,0.01801839843392372,0.0,0.0
2640,6.3000000938773155,pi_common,7.034306844075521,7.034306886773066,-4.269754416696969e-08,4.6350923738743806,1,1,tracking,True,4.635092373874379,4.635395324796803,-2.3992144702011426,-2.399214470201141,-6.372431433683328,1.040066032711887,158.59487496730756,11.014948838914188,158.9770818032108,158.62553927062544,45.573035196865085,0.75,0.0006717016804032028,0.0,-0.4059383922768624,False,1,0.0,8.659544435685174e-12,8.659544435685174e-12,True,True,,True,True,True,True,True,True,0.6999999992549419,0.0,0.0
2641,6.350000094622374,pi_common,5.263541062672933,5.263541140963286,-7.829035375550575e-08,4.439871096138138,1,1,tracking,True,4.439871096138136,4.4401575375741436,-0.8236699665347968,-0.8236699665347951,-3.9043377715244114,-0.3036989809449654,49.33900634690437,-27.005787085783755,56.32072585176414,49.361872507629116,-35.41531510032246,0.5892564654350281,0.012773875147104263,0.0,0.24204346572729252,False,1,0.0,3.416359643099165e-10,1.3618494443257134e-08,True,True,,True,True,True,True,True,True,0.53925646468997,0.0,0.0
2642,6.400000095367432,pi_common,5.228641986846924,5.228641955321227,3.152569671982519e-08,4.3333186554005,1,1,tracking,True,4.3333186554005,4.333652229523279,-0.8953233314464235,-0.8953233314464235,-2.131434858275958,0.48970392080549047,35.463301332194774,15.800215504767358,38.82392903139124,35.45805773660284,-0.6979815061194414,0.6362746953964233,0.0010201025288552046,0.0,-0.235075448862084,False,1,0.0,2.232958132633578e-11,7.922760669742956e-09,True,True,,True,True,True,True,True,True,0.5862746946513653,0.0,0.0
2643,6.45000009611249,pi_common,6.613323052724203,6.613323113291738,-6.056753498739909e-08,4.3246648685135405,1,1,tracking,True,4.3246648685135405,4.324907541915415,-2.2886581842106626,-2.2886581842106626,-0.174279119811514,-0.2742985196104287,39.13893079001746,-15.298340743287769,42.02612847787026,39.143114186011026,27.693620904878475,0.75,0.005281409248709679,0.0,0.08522613312712113,False,1,0.0,9.951972145677557e-11,9.951972145677557e-11,True,True,,True,True,True,True,True,True,0.6999999992549419,0.0,0.0
2644,6.500000096857548,pi_common,6.421950499216716,6.42195046058135,3.863536601755868e-08,4.389019216009433,1,1,tracking,True,4.389019216009432,4.389210585095911,-2.032931283207284,-2.032931283207283,1.285714635359006,0.13309039051416985,29.201146746624016,8.146443368234072,30.317506717494766,29.199874668298364,-3.827451013116281,0.75,-0.007974667474627495,0.0,-0.2651215305161248,False,1,0.0,5.193776138334716e-11,5.193776138334716e-11,True,True,,True,True,True,True,True,True,0.6999999992549419,0.0,0.0
2645,6.550000097602606,pi_common,3.994392851988475,3.9943928454943447,6.4941301225474035e-09,4.514461705663,1,1,tracking,True,4.514461705662999,4.514586266345009,0.5200688536745242,0.520068853674525,2.5076035026622603,-0.4815295240338999,24.43798947386147,-12.29890197498658,27.35896601049079,24.43777698191383,-48.551152221096274,0.0,-0.0008351703872904181,0.07792224735021591,0.14278993961900563,False,1,0.0,6.78590603847562e-12,2.6588762858104076e-09,True,True,,True,True,True,True,True,True,0.0,0.0,-0.9220777526497841
2646,6.600000098347664,pi_common,5.971377849578858,5.971377725111779,1.2446707930990897e-07,4.633854319125634,1,1,tracking,True,4.633854319125633,4.633914214120581,-1.3375235304532254,-1.3375235304532245,2.386754467081182,0.12495081135719176,-2.4200836513733712,12.117085486350497,12.359547829699897,-2.416980675605747,39.53969936262023,0.75,-0.005391767248511314,0.0,-0.09113193586644626,False,1,0.0,2.103901497463312e-10,2.103901497463312e-10,True,True,,True,True,True,True,True,True,0.6999999992549419,0.0,0.0
2647,6.650000099092722,pi_common,7.16930898030599,7.169308836260595,1.4404539516732484e-07,4.699889808762436,1,1,tracking,True,4.6998898087624355,4.699930895079795,-2.4694191715435547,-2.469419171543554,1.3200831936598976,-0.18397468452591123,-21.33253775882779,-6.195437489163331,22.214459249960857,-21.333425150532882,23.958622257531346,0.75,-0.02397521585226059,0.0,-0.3716689665366863,False,1,0.0,-6.115475244261592e-10,6.115475244261592e-10,True,True,,True,True,True,True,True,True,0.6999999992549419,0.0,0.0
2648,6.70000009983778,pi_common,6.388755957285563,6.388755984935751,-2.7650188805239395e-08,4.783790523847524,1,1,tracking,True,4.783790523847523,4.784031448310439,-1.6049654334380392,-1.6049654334380383,1.6774710853356587,-0.8583011456318375,7.14232099623093,-13.524865693836325,15.295181465016427,7.147757727005333,-15.611060227785627,0.75,-0.004214155953377485,0.0,0.3952211920884074,False,1,0.0,9.229308203101416e-11,9.229308203101416e-11,True,True,,True,True,True,True,True,True,0.6999999992549419,0.0,0.0
2649,6.750000100582838,pi_common,6.9652492205301915,6.96524932104683,-1.0051663856813775e-07,4.918423742251795,1,1,tracking,True,4.918423742251795,4.918467414859263,-2.0468254782783966,-2.0468254782783966,2.691562733463591,0.4375623115247745,20.264098723668706,25.882500783845973,32.87201971356889,20.281832660335787,11.529865093084199,0.75,0.0018789446912705898,0.0,0.12186201107707603,False,1,0.0,-3.105320709774484e-11,3.105320709774484e-11,True,True,,True,True,True,True,True,True,0.6999999992549419,0.0,0.0
2650,6.800000101327896,pi_common,7.17735989888509,7.1773599266266,-2.7741510422174542e-08,5.0819991774517606,1,1,tracking,True,5.08199917745176,5.08200131327672,-2.0953607214333303,-2.0953607214333294,3.2713636342307693,0.3125329712739537,11.597744194072625,-2.51194941903729,11.946640110209444,11.596017842549434,4.242213503884063,0.75,0.012232695706188679,0.0,0.20707501721270358,False,1,0.0,-4.44042280375867e-10,4.44042280375867e-10,True,True,,True,True,True,True,True,True,0.6999999992549419,0.0,0.0
2651,6.850000102072954,pi_common,7.907434940338135,7.9074349992674895,-5.892935472928684e-08,5.25688845305191,1,1,tracking,True,5.256888453051909,5.256933791191824,-2.650546487286226,-2.650546487286225,3.4978557932411847,0.5695547609418529,4.523538655314048,5.188737113099709,7.19966662656603,4.529843112708386,14.601500611481582,0.75,-0.026597239077091217,0.0,-0.7765986840933757,False,1,0.0,4.086251198520685e-10,4.086251198520685e-10,True,True,,True,True,True,True,True,True,0.6999999992549419,0.0,0.0
2652,6.900000102818012,pi_common,6.420273462931315,6.420273367834383,9.509693210674186e-08,5.214759138060719,1,1,tracking,True,5.2147591380607174,5.214857313329341,-1.205514324870598,-1.2055143248705962,-0.8422552389680797,-1.1136729111061734,-86.79482967831967,-33.70840010656275,93.1112716806989,-86.80221935073143,-29.743229104927735,0.75,-0.004361692350357771,0.0,0.4447109279079597,False,1,0.0,5.0253298918001565e-11,5.0253298918001565e-11,True,True,,True,True,True,True,True,True,0.6999999992549419,0.0,0.0
2653,6.95000010356307,pi_common,5.478918552398682,5.478918518184475,3.421420657900853e-08,5.176092835538741,1,1,tracking,True,5.17609283553874,5.176127096946556,-0.30282571685994153,-0.30282571685994064,-0.7738267366857832,0.18762449385157076,1.3506167662467223,26.039370901661183,26.075136947294073,1.368570025252649,-18.827097930107055,0.3373103439807892,0.033644434064626694,0.0,0.7601225169729812,False,1,0.0,-1.335292154625023e-10,1.2794506398794425e-08,True,True,,True,True,True,True,True,True,0.2873103432357311,0.0,0.0
2654,7.000000104308128,pi_common,6.047450542449951,6.047450579368532,-3.691858108112456e-08,5.160005912064184,1,1,tracking,True,5.160005912064184,5.160172516297278,-0.887444630385767,-0.887444630385767,-0.3214527024464207,1.2602554103468688,9.044231291641347,21.439844365269213,23.270955071797538,9.047480549969283,11.370639631589656,0.6407128572463989,0.0080643929541111,0.0,-0.5116008145868657,False,1,0.0,4.603022147470215e-10,1.4336931419833832e-08,True,True,,True,True,True,True,True,True,0.5907128565013409,0.0,0.0
2655,7.050000105053186,pi_common,6.261748472849528,6.261748449085822,2.3763706558099784e-08,5.143748954371743,1,1,tracking,True,5.143748954371743,5.143811753547401,-1.1179995184777853,-1.1179995184777853,-0.32621505519629873,-0.17564297510588336,-0.13038320450768628,-28.7269072137108,28.727352678066953,-0.09524705357826867,4.2859585441257835,0.75,-0.024759508669376373,0.0,-0.6564780226874646,False,1,0.0,1.1825633527973167e-10,1.1825633527973167e-10,True,True,,True,True,True,True,True,True,0.6999999992549419,0.0,0.0
2656,7.1000001057982445,pi_common,3.5572131673494978,3.5572132328220127,-6.547251496513695e-08,5.145842225889293,1,1,tracking,True,5.145842225889292,5.145907849857513,1.5886290585397944,1.5886290585397953,0.042022270051213985,-1.0553890848440597,7.363569311278195,-17.592845737940838,19.071718228794815,7.364746395206981,-54.09070530398629,0.0,0.03489743918180466,0.6171818375587463,1.193138939244465,False,1,0.0,1.0885856036035868e-09,1.151642781138662e-09,True,True,,True,True,True,True,True,True,0.0,0.0,-0.38281816244125366
2657,7.1500001065433025,pi_common,5.040843963623047,5.040843951435973,1.2187073572533791e-08,5.1549538908631165,1,1,tracking,True,5.154953890863116,5.155116989628519,0.11410992724006874,0.11410992724006963,0.18267590132593986,1.4195847402325035,2.8299594666924808,49.50019675135439,49.5810373218949,2.81307258357647,29.672615483314555,0.11865135282278061,0.006511050742119551,0.0,-0.5677277603338993,False,1,0.0,-2.092599565850506e-10,2.3082232236681932e-09,True,True,,True,True,True,True,True,True,0.06865135207772255,0.0,0.0
2658,7.200000107288361,pi_common,5.6236190001169835,5.623619193426662,-1.9330967848674163e-07,5.146224950482013,1,1,tracking,True,5.146224950482012,5.146279988711762,-0.4773940496349711,-0.47739404963497023,-0.1754792857381011,-0.22209969577469482,-7.19668414007334,-32.82933954984047,33.60889478051198,-7.1631036345422565,11.65550055619824,0.42037075757980347,0.020191261544823647,0.0,0.2736042119770615,False,1,0.0,-9.083837848589127e-10,1.1698079005473261e-08,True,True,,True,True,True,True,True,True,0.3703707568347454,0.0,0.0
2659,7.250000108033419,pi_common,7.307058493296305,7.307058587823733,-9.452742855131646e-08,5.117186066146238,1,1,tracking,True,5.117186066146238,5.117328224325896,-2.1898724271500667,-2.1898724271500667,-0.5813741886031952,0.44073206053750946,-8.111298404492407,13.251414646749975,15.537100192229252,-8.117897936335776,33.66878936188237,0.75,-0.035857439041137695,0.0,-1.1209739950154127,False,1,0.0,-1.2564033979867162e-09,1.2564033979867162e-09,True,True,,True,True,True,True,True,True,0.6999999992549419,0.0,0.0
2660,7.300000108778477,pi_common,6.054172992706298,6.054172930392192,6.231410587531627e-08,5.084596152403961,1,1,tracking,True,5.08459615240396,5.084719284472178,-0.9695768403023379,-0.969576840302337,-0.6514420512334773,-1.516502999736636,-1.3973759649423179,-39.13942150046627,39.164543978905186,-1.4013572317237917,-25.057709638411165,0.6785818934440613,0.010407427325844765,0.0,0.9252973135516448,False,1,0.0,-3.7562567986593187e-10,1.8148118452465667e-08,True,True,,True,True,True,True,True,True,0.6285818926990032,0.0,0.0
2661,7.350000109523535,pi_common,5.519415219624838,5.519415192681186,2.6943651754152143e-08,5.075839447947288,1,1,tracking,True,5.0758394479472875,5.075841414428643,-0.44357577167755036,-0.44357577167754947,-0.17538005685478208,0.7476265645431328,9.510213577760858,45.28732308466925,46.27616381175286,9.521239745696377,-10.69515530225897,0.42112603783607483,-0.012926621362566948,0.0,-0.46668096681414595,False,1,0.0,1.911931758746821e-10,3.760660671758842e-10,True,True,,True,True,True,True,True,True,0.37112603709101677,0.0,0.0
2662,7.400000110268593,pi_common,6.70412540435791,6.7041255117269145,-1.0736900435404095e-07,5.085429169170235,1,1,tracking,True,5.085429169170233,5.085460992376076,-1.6186962351876772,-1.6186962351876755,0.19185308388321648,-0.48764946180881474,7.352824100414907,-24.703561680294854,25.774687403785496,7.344662705315969,23.694203341590303,0.75,0.00011550940689630806,0.0,0.26084261150240734,False,1,0.0,-4.067232661775222e-14,4.067232661775222e-14,True,True,,True,True,True,True,True,True,0.6999999992549419,0.0,0.0
2663,7.450000111013651,pi_common,6.335902055104574,6.335901887110862,1.6799371227449456e-07,5.093878573868349,1,1,tracking,True,5.0938785738683485,5.093882828446613,-1.2420234812362256,-1.2420234812362247,0.16885350899955223,0.19069470207721612,-0.46385173408913644,13.565360951024148,13.578177745087023,-0.4599914908188776,-7.364466875327612,0.75,0.002165139652788639,0.0,0.04099260430700922,False,1,0.0,4.354876789042228e-11,4.354876789042228e-11,True,True,,True,True,True,True,True,True,0.6999999992549419,0.0,0.0
2664,7.500000111758709,pi_common,4.8825474580128985,4.8825475134809135,-5.546801506994825e-08,5.126645438671508,1,1,tracking,True,5.126645438671508,5.126645839289682,0.24409798065860944,0.24409798065860944,0.6553163125730778,0.1223360522049444,9.729815484463609,-1.3676163889500839,9.831921955171161,9.7292559264933,-29.0670915087001,0.07423793524503708,-0.006935810204595327,0.0,-0.18201899443538494,False,1,0.0,-2.212282388530662e-10,1.9953249330573186e-09,True,True,,True,True,True,True,True,True,0.07423793524503708,0.0,0.0
2665,7.550000112503767,pi_common,6.487863699595133,6.487863702297989,-2.7028557170183376e-09,5.132696333103198,1,1,tracking,True,5.132696333103198,5.132706832119563,-1.3551673664919353,-1.3551673664919353,0.12101898892043755,-0.2399063246027169,-10.685455577699033,-7.24755062406046,12.913786302475167,-10.685946313819796,32.10632435322317,0.75,0.0067933169193565845,0.0,0.27458253838743957,False,0,0.0,-1.3721016337009395e-10,1.3721016337009395e-10,True,True,,True,True,True,True,True,True,0.6999999992549419,0.0,0.0
2666,7.600000113248825,pi_common,7.846380392710367,7.84638051466282,-1.2195245258084242e-07,5.137765596724388,1,1,tracking,True,5.137765596724388,5.137769389439344,-2.708614795985979,-2.708614795985979,0.10137916753340631,0.3258770894819239,-0.39291159723002217,11.3156237063255,11.325303807450979,-0.392796421887502,27.17033345743517,0.75,0.025013001635670662,0.0,0.36439368889639245,False,0,0.0,-1.341174983571225e-10,1.341174983571225e-10,True,True,,True,True,True,True,True,True,0.6999999992549419,0.0,0.0
2667,7.650000113993883,pi_common,6.144794623057048,6.144794672190836,-4.913378859328077e-08,5.599738601590471,1,1,tracking,True,5.599738601590471,5.599916941939052,-0.5450560214665767,-0.5450560214665767,9.2394264002901,0.9264797380000479,182.75065969274465,12.015090288150589,183.14541316900602,182.76094193178363,-34.03171488595432,0.475628137588501,-0.017401061952114105,0.0,-0.8482812591153196,False,0,0.0,-5.485515548742104e-10,1.0843109188307665e-09,True,True,,True,True,True,True,True,True,0.4256281368434429,0.0,0.0
2668,7.700000114738941,pi_common,3.6325131754080457,3.632513177965628,-2.557582146067716e-09,6.063965164514455,1,1,tracking,True,6.063965164514455,6.064016836394263,2.4314519891064093,2.4314519891064093,9.2850757314233,-1.1735248509637173,0.9133962040444772,-41.99603473098521,42.00710388509963,0.9129866090594398,-50.245628204261834,0.0,-0.024980958551168442,1.0,-0.15159792972210154,False,2,0.0,-8.010831512028638e-10,8.010831512028638e-10,True,True,,True,True,True,True,True,True,0.0,0.0,0.0
2669,7.750000115483999,pi_common,4.636694590250651,4.63669451739717,7.285348146979231e-08,6.220331793481097,1,1,tracking,True,6.2203317934810975,6.22059186663367,1.5836372032304462,1.5836372032304453,3.1279704482905135,-0.7819542048152682,-123.16452521537097,7.638443936010149,123.40371099481985,-123.14210382769538,20.083627997582735,0.0,0.013093686662614346,0.6085139513015747,0.7614928929285274,False,2,0.0,-3.670911838393742e-10,1.2290519602053962e-08,True,True,,True,True,True,True,True,True,0.0,0.0,-0.3914860486984253
2670,7.800000116229057,pi_common,3.337724030017853,3.337724079838472,-4.9820619185680926e-08,6.21211920729044,1,1,tracking,True,6.21211920729044,6.212208982280625,2.8743951772725875,2.8743951772725875,-0.16519983447087364,0.8701382470071188,-65.8825444413456,32.964925975177415,73.67027743891113,-65.86340467378653,-25.97941081753258,0.0,-0.014689486473798752,1.0,-0.5556634544482313,False,2,0.0,-2.100387225256739e-10,2.100387225256739e-10,True,True,,True,True,True,True,True,True,0.0,0.0,0.0
2671,7.850000116974115,pi_common,1.9167593121528625,1.9167592813605399,3.0792322691652885e-08,6.1215180642267795,1,1,tracking,True,6.121518064226779,6.121622008592622,4.204758752073916,4.204758752073917,-1.8125140068388157,-0.5296714609920836,-32.945794153426846,-27.996094828323226,43.234758484060606,-32.946282956420966,-28.419293933819326,0.0,-0.023929186165332794,1.0,-0.18479399107703579,False,2,0.0,7.151547687378468e-10,7.151547687378468e-10,True,True,,True,True,True,True,True,True,0.0,0.0,0.0
2672,7.900000117719173,pi_common,2.816369911034902,2.8163698767649987,3.426990335952951e-08,5.985349004469705,1,1,tracking,True,5.985349004469703,5.9855021143517915,3.168979093434801,3.1689790934348028,-2.7246660646928076,-0.5754814491758709,-18.26487768454727,-0.8413320737174905,18.286657017443424,-18.243040885237345,17.992211709535944,0.0,0.061983440071344376,1.0,1.718252499129586,False,2,0.0,-1.1001523303466598e-09,1.1001523303466598e-09,True,True,,True,True,True,True,True,True,0.0,0.0,0.0
2673,7.9500001184642315,pi_common,3.010370949904124,3.0103709103032386,3.9600885237689454e-08,5.2423727017206065,1,1,tracking,True,5.2423727017206065,5.242414241670233,2.2320017518164827,2.2320017518164827,-14.856684822936483,1.600696577937151,-242.5995517738977,43.332095551526756,246.43952243797182,-242.6403715492502,3.88002071956762,0.0,-0.07591349631547928,0.9605962634086609,-2.757938686639984,False,2,0.0,-2.908898927289627e-09,2.7791138279553707e-08,True,True,,True,True,True,True,True,True,0.0,0.0,-0.03940373659133911
2674,8.00000011920929,pi_common,2.7498373587926226,2.749837418169839,-5.937721647697458e-08,4.100605463566413,1,1,tracking,True,4.100605463566412,4.100894776471084,1.3507681047737892,1.35076810477379,-22.834949019309807,-0.8390960495168432,-159.72288483307375,-50.176239592369164,167.42475968378324,-159.5652815497585,-5.210671744584965,0.0,-0.045467425137758255,0.5368640422821045,0.6089214144807843,False,2,0.0,5.859071977587504e-10,2.8624655756814832e-08,True,True,,True,True,True,True,True,True,0.0,0.0,-0.4631359577178955
2675,8.050000119954348,pi_common,4.917471885681152,4.917471957991631,-7.231047849387551e-08,2.9624095869720963,1,1,tracking,True,2.962409586972096,2.963250651246183,-1.9550622987090565,-1.955062298709056,-22.75592604101459,-0.030495710788380072,1.6162133177417108,14.317799513888092,14.467863147598294,1.5804595423536663,43.35268989176517,0.75,0.023840317502617836,0.0,1.3861548321522053,False,2,0.0,-5.50834371171316e-10,5.50834371171316e-10,True,True,,True,True,True,True,True,True,0.6999999992549419,0.0,0.0
2676,8.100000120699406,pi_common,2.1110266844431558,2.1110267009849157,-1.6541759961796743e-08,1.8608423726054313,1,1,tracking,True,1.860842372605431,1.8615540302248759,-0.2501843118377247,-0.2501843118377245,-22.02031428428923,0.7247406485672154,14.67389318164965,13.046296169436921,19.650843232605673,14.712234915277783,-56.128903188374096,0.26673948764801025,-0.04562428966164589,0.0,-1.3892921225832087,False,0,0.0,1.3170014454000345e-09,1.0944870232343362e-08,True,True,,True,True,True,True,True,True,0.2167394869029522,0.0,0.0
2677,8.150000121444464,pi_common,3.0660362243652344,3.066036163311106,6.105412841961311e-08,1.9105335618928296,1,1,tracking,True,1.9105335618928292,1.9117385235333382,-1.1555026624724052,-1.1555026624724047,0.9955826642602715,-0.30320345522600733,460.2969686543114,-20.71365995017032,460.839475798473,460.3179321117184,19.100190513826554,0.7338424324989319,0.03843197599053383,0.0,1.6811252879928755,False,0,0.0,3.7919780510042855e-10,2.4907422901954135e-08,True,True,,True,True,True,True,True,True,0.6838424317538738,0.0,0.0
2678,8.200000122189522,pi_common,3.4832290013631186,3.4832290037789178,-2.4157991163065162e-09,1.999148393897079,1,1,tracking,True,1.9991483938970784,1.9996047991088983,-1.4840806074660402,-1.4840806074660395,1.7719140773588287,1.5697846208141804,15.528528015605456,37.46845209536565,40.55996826769864,15.526628030606355,8.343855415624551,0.75,0.011068285442888737,0.0,-0.5472738027978867,False,1,0.0,-5.763844956874209e-11,5.763844956874209e-11,True,True,,True,True,True,True,True,True,0.6999999992549419,0.0,0.0
2679,8.25000012293458,pi_common,3.971853176752726,3.9718531643773933,1.2375332758551849e-08,2.075967461114064,1,1,tracking,True,2.0759674611140633,2.0762749886293372,-1.8958857156386628,-1.895885715638662,1.5343249130663683,-0.14290481993646167,-4.777206843291037,-34.22819104726394,34.56225769166143,-4.75178321504212,9.7724833621708,0.75,-0.03253134340047836,0.0,-0.8719925638736402,False,1,0.0,1.0046977139133162e-11,1.0046977139133162e-11,True,True,,True,True,True,True,True,True,0.6999999992549419,0.0,0.0
2680,8.300000123679638,pi_common,3.7076242367426553,3.7076243413858525,-1.0464319721847914e-07,2.192994271677283,1,1,tracking,True,2.192994271677282,2.1934005467136655,-1.5146299650653732,-1.5146299650653723,2.338939078070772,-0.8980132570878132,16.08868175387691,-15.12511543585626,22.082037713129136,16.09228306029437,-5.284578721455056,0.75,0.029954368248581886,0.0,1.249714214359012,False,1,0.0,-7.551876242406497e-10,7.551876242406497e-10,True,True,,True,True,True,True,True,True,0.6999999992549419,0.0,0.0
2681,8.350000124424696,pi_common,3.4907530148824057,3.490752948245902,6.663650387039866e-08,2.3296924138548714,1,1,tracking,True,2.3296924138548705,2.329957066340752,-1.1610606010275353,-1.1610606010275344,2.7327450724323943,1.1587695681402133,7.882496857129782,41.15471506240748,41.90427389167856,7.876119769869116,-4.337424372572331,0.7366214394569397,-0.028272243216633797,0.0,-1.1645322119514314,False,1,0.0,-8.668533044153826e-10,1.2773020086065401e-08,True,True,,True,True,True,True,True,True,0.6866214387118816,0.0,0.0
2682,8.400000125169754,pi_common,4.17734169960022,4.177341735464284,-3.586406460698299e-08,2.4953304521681865,1,1,tracking,True,2.495330452168186,2.495543925471121,-1.6820112474320337,-1.6820112474320332,3.311901042065771,-1.0819252033212383,11.592959683623365,-44.84040709260208,46.31495817409666,11.583119220065608,13.73177348973691,0.75,0.003959112800657749,0.0,0.6446271107401385,False,1,0.0,-1.84339282553736e-10,1.84339282553736e-10,True,True,,True,True,True,True,True,True,0.6999999992549419,0.0,0.0
2683,8.450000125914812,pi_common,2.891049106915792,2.8910490288597366,7.805605539701332e-08,2.6732057841833314,1,1,tracking,True,2.6732057841833305,2.6732357482564106,-0.21784332273246143,-0.21784332273246054,3.5566246480137313,0.5323152323187385,4.888120498362611,32.26745998355716,32.635608954407964,4.894472046025888,-25.725851470343496,0.2677358388900757,-0.03186553344130516,0.0,-0.7164929141626818,False,1,0.0,-1.1399408916812348e-09,9.77896075227136e-09,True,True,,True,True,True,True,True,True,0.21773583814501762,0.0,0.0
2684,8.50000012665987,pi_common,3.2372957468032837,3.237295686784447,6.001883656736595e-08,2.846749269870213,1,1,tracking,True,2.846749269870212,2.8470597900785157,-0.39054647693307176,-0.3905464769330709,3.4704934580741282,-0.8902107549520103,-1.7106545960662403,-28.531722301537226,28.586333897870652,-1.7226237731229677,6.924932694560296,0.35896924138069153,-0.058400075882673264,0.0,-0.5306908409194523,False,1,0.0,-1.4388816943489147e-09,4.134863063054439e-09,True,True,,True,True,True,True,True,True,0.30896924063563347,0.0,0.0
2685,8.550000127404928,pi_common,3.8454371293385825,3.8454372697475683,-1.4040898577150074e-07,2.9482388967411812,1,1,tracking,True,2.948238896741181,2.9494094570087985,-0.8971982325974017,-0.8971982325974013,2.027582410189846,-0.9899233190512612,-28.906816670201227,-2.181864876510562,28.997028187168485,-28.858220527664653,12.162827469465723,0.6235101222991943,0.012276112101972103,0.0,1.4135237386297623,False,1,0.0,1.3887317511229735e-10,2.9146616897790523e-08,True,True,,True,True,True,True,True,True,0.5735101215541363,0.0,0.0
2686,8.600000128149986,pi_common,5.226441383361816,5.22644137543159,7.930226253449746e-09,3.0317690625784794,1,1,tracking,True,3.0317690625784794,3.0317767027173113,-2.194672320783337,-2.194672320783337,1.669048997675868,1.4703526685180386,-7.188786744077036,49.16787484218063,49.69068823542066,-7.1706681434282755,27.620084668893345,0.75,0.04173068702220917,0.0,0.5890914896265941,False,1,0.0,1.8263677098451225e-09,1.8263677098451225e-09,True,True,,True,True,True,True,True,True,0.6999999992549419,0.0,0.0
2687,8.650000128895044,pi_common,2.7806869347890215,2.78068697213874,-3.734971842916934e-08,3.1324300466643824,1,1,tracking,True,3.1324300466643824,3.132829218094445,0.3517431118753609,0.3517431118753609,2.0135327672886643,1.2280816650590982,6.843913778303831,-4.7927809619435395,8.356513273253483,6.889675289591763,-48.91508824256428,0.0,-0.06722880899906158,0.005357367917895317,-2.179189887952955,False,1,0.0,2.1168343189437167e-09,2.1168343189437167e-09,True,True,,True,True,True,True,True,True,0.0,0.0,-0.9946426320821047
2688,8.700000129640102,pi_common,1.4276718695958455,1.427671843979196,2.5616649468318542e-08,3.2532852647530084,1,1,tracking,True,3.2532852647530084,3.2540551424876876,1.825613395157163,1.825613395157163,2.418083988921139,-2.4657543180823187,8.113239623743175,-73.91309275744084,74.35731684569781,8.091024312083837,-27.060300900633614,0.0,-0.01870240457355976,0.7651126980781555,0.9705280740480412,False,1,0.0,-3.403936854606826e-11,2.0609979944907764e-08,True,True,,True,True,True,True,True,True,0.0,0.0,-0.23488730192184448
2689,8.75000013038516,pi_common,1.2894121607144673,1.2894121346394336,2.6075033687789073e-08,3.27141294457156,1,1,tracking,True,3.271412944571559,3.2716549520856497,1.9820007838570917,1.9820007838570926,0.36010949370343964,0.5064269428088789,-41.249903585255446,59.35479185378917,72.28103354310876,-41.15948929102981,-2.7651941364229597,0.0,-0.01741941273212433,0.8680813908576965,0.02565983644634729,False,1,0.0,-8.869916745535278e-10,8.87216611289432e-09,True,True,,True,True,True,True,True,True,0.0,0.0,-0.13191860914230347
2690,8.800000131130219,pi_common,1.0418202877044678,1.0418203025076684,-1.4803200665269856e-08,3.176869296537661,1,1,tracking,True,3.17686929653766,3.1770616811103523,2.1350490088331924,2.1350490088331933,-1.8918530556057707,0.012492630542012273,-45.02641891375386,-9.887793110061024,46.09952081628781,-45.03925031504708,-4.951837386411864,0.0,0.013836072757840157,0.9712936282157898,0.6251097004844293,False,1,0.0,-3.393587529043618e-10,2.073411020653282e-08,True,True,,True,True,True,True,True,True,0.0,0.0,-0.028706371784210205
2691,8.850000131875277,pi_common,0.935141642888387,0.9351416176652507,2.5223136246310673e-08,2.991162322696491,1,1,tracking,True,2.9911623226964905,2.991170151108765,2.0560206798081033,2.056020679808104,-3.714208159601635,0.8217514100698795,-36.44722492162042,16.184878657897173,39.88100997624326,-36.44710153681316,-2.1335728645289027,0.0,-0.019763506948947906,0.95747971534729,-0.6719915841223063,False,1,0.0,2.061237361350443e-10,1.349759004565243e-08,True,True,,True,True,True,True,True,True,0.0,0.0,-0.04252028465270996
2692,8.900000132620335,pi_common,0.7756774922211965,0.7756774958150846,-3.5938880760255643e-09,2.7769613220065557,1,1,tracking,True,2.7769613220065548,2.777065430461842,2.001283829785358,2.001283829785359,-4.2839509409207395,-0.6387333238035557,-11.38650136278272,-29.17293790999434,31.316559877698154,-11.394855456585507,-3.1892829658197894,0.0,-0.021520091220736504,0.9551272988319397,-0.03513168491226904,False,1,0.0,-2.8378921435034954e-10,2.625147288437546e-08,True,True,,True,True,True,True,True,True,0.0,0.0,-0.0448727011680603
2693,8.950000133365393,pi_common,1.08971776564916,1.0897177649443917,7.047682437644198e-10,2.538702242849295,1,1,tracking,True,2.5387022428492947,2.5388646196288303,1.4489844772001348,1.4489844772001352,-4.765501444110995,-0.13940921950942242,-9.643244241498953,10.07012676836746,13.950000527014621,-9.631009920291872,6.280805374967974,0.0,-0.013095694594085217,0.6970899701118469,0.16848793002235993,False,1,0.0,-2.4515789051604564e-10,1.508615021794668e-08,True,True,,True,True,True,True,True,True,0.0,0.0,-0.3029100298881531
2694,9.00000013411045,pi_common,1.0777483781178794,1.07774838034024,-2.2223605178339767e-09,2.339878888197482,1,1,tracking,True,2.3398788881974815,2.3399857221640072,1.262130510079602,1.2621305100796025,-3.976715984670405,0.10770821237291359,15.773059002547443,5.016350401322949,16.553257663832564,15.775708953735407,-0.23938774705845495,0.0,-0.02490425668656826,0.6194396018981934,-0.23617123833043518,False,1,0.0,8.850499395862688e-10,1.1783222175765218e-09,True,True,,True,True,True,True,True,True,0.0,0.0,-0.38056039810180664
2695,9.050000134855509,pi_common,1.6371750235557556,1.6371749770622592,4.6493496386190714e-08,2.1380101885032006,1,1,tracking,True,2.1380101885032,2.138219222486832,0.5008351649474445,0.500835164947445,-4.03755157352971,-0.1980809502415011,-1.214998281576723,-6.042841609312474,6.1773572451140915,-1.21671175905567,11.188532742035395,0.0,-0.00238500302657485,0.24505236744880676,0.4503850664886077,False,1,0.0,-9.975524139366199e-11,2.7167608995792847e-09,True,True,,True,True,True,True,True,True,0.0,0.0,-0.7549476325511932
2696,9.100000135600567,pi_common,1.5785085360209146,1.5785085492517472,-1.3230832651700553e-08,1.985658644535284,1,1,tracking,True,1.9856586445352835,1.9857049374559363,0.40715010851436895,0.4071501085143694,-3.047139877578148,0.3611819346399738,19.80606056322568,11.219712482740306,22.767914542930786,19.80823362386555,-1.1733297332128456,0.0,0.015319268219172955,0.20329922437667847,0.3540854196386722,False,1,0.0,-3.7767930796683835e-10,5.995381358037122e-09,True,True,,True,True,True,True,True,True,0.0,0.0,-0.7967007756233215
2697,9.150000136345625,pi_common,1.1266797184944153,1.1266797173929943,1.1014209544413234e-09,1.8382110348080514,1,1,tracking,True,1.8382110348080516,1.838257792849492,0.7115313163136363,0.7115313163136361,-2.9488157370186,0.37573535420529136,1.9642840879427945,0.2735906752784378,1.986399286816074,1.9664827818880801,-9.036576215874506,0.0,0.060476403683423996,0.3643839657306671,0.9031426958271459,False,1,0.0,-3.593478084540358e-10,1.863283194403209e-09,True,True,,True,True,True,True,True,True,0.0,0.0,-0.6356160342693329
2698,9.200000137090683,pi_common,1.1679318348566692,1.1679318479235017,-1.3066832504904369e-08,0.7743019490510049,1,1,tracking,True,0.7743019490510048,0.7743574777257733,-0.3936298858056644,-0.39362988580566427,-21.277799986901854,0.03775103500989296,-366.58967420697934,-6.833021549216098,366.6713760786697,-366.5796795352022,0.8250423149509895,0.19311700761318207,-0.03349090367555618,0.0,-1.8793461191751641,False,1,0.0,-1.2180965194841242e-09,3.2249742598633446e-09,True,True,,True,True,True,True,True,True,-0.30688299238681793,0.0,0.0
2699,9.250000137835741,pi_common,1.0518606702486675,1.051860668643369,1.6052985607473147e-09,0.1520086389196932,1,1,tracking,True,0.15200863891969318,0.15215821907780833,-0.8998520313289743,-0.8998520313289743,-12.445542667917044,-0.28057036468484137,176.62405925019812,-6.82225893648722,176.78392610002874,176.64514374747844,-2.321423257568132,0.4574762284755707,-0.01999269612133503,0.0,0.2699641470616438,False,1,0.0,8.772485411701059e-10,5.683463311090264e-09,True,True,,True,True,True,True,True,True,-0.04252377152442932,0.0,0.0
2700,9.300000138580799,pi_common,1.9370683431625366,1.9370683399504334,3.212103250049836e-09,0.42682262429203166,1,1,tracking,True,0.42682262429203155,0.42688612484470406,-1.5102457188705052,-1.510245718870505,5.496308457092764,0.015053061041486559,358.83832135752573,5.857634847118391,358.90687695802615,358.8370171531079,17.704153194464944,0.75,-0.01110786572098732,0.0,0.17769660535906842,False,1,0.0,2.539771171150562e-10,2.539771171150562e-10,True,True,,True,True,True,True,True,True,0.25,0.0,0.0
2701,9.350000139325857,pi_common,1.6468690633773804,1.6468690516905324,1.1686847933845002e-08,0.5489073799500178,1,1,tracking,True,0.5489073799500177,0.5489554197721824,-1.0979616834273627,-1.0979616834273624,2.441561337999088,0.036954378830286974,-61.09700893638053,0.44053397686680107,61.09882308220641,-61.09494147148794,-5.803985509217001,0.5702555775642395,0.0014877328649163246,0.0,0.25191196796429205,False,1,0.0,3.3909702303047684e-11,3.891341915363e-09,True,True,,True,True,True,True,True,True,0.0702555775642395,0.0,0.0
2702,9.400000140070915,pi_common,2.040205717086792,2.040205706150843,1.0935949035228987e-08,0.6335424197959465,1,1,tracking,True,0.6335424197959465,0.6335590558247036,-1.4066632972908455,-1.4066632972908455,1.692487593074489,0.08145097654118415,-14.983429590987068,0.896628217875987,15.04055641195175,-14.981474675250611,7.866732956964777,0.7421897053718567,0.00619261059910059,0.0,0.0940975532815225,False,1,0.0,1.423000016431697e-10,2.5506386780449475e-08,True,True,,True,True,True,True,True,True,0.2421897053718567,0.0,0.0
2703,9.450000140815973,pi_common,2.479416251182556,2.4794163136676004,-6.248504424988255e-08,0.75257434443557,1,1,tracking,True,0.7525743444355698,0.752597771781307,-1.7268419067469862,-1.7268419067469862,2.3804791967601466,0.052241876632991346,13.760316021199232,-0.5882478340688663,13.808321045141447,13.75983186867568,8.784210551020346,0.75,-0.06509671360254288,0.0,-1.4257864627869954,False,1,0.0,-1.53135346070421e-09,1.53135346070421e-09,True,True,,True,True,True,True,True,True,0.25,0.0,0.0
2704,9.500000141561031,pi_common,2.199007987976074,2.1990079698009724,1.817510186796767e-08,0.8118136383741776,1,1,tracking,True,0.8118136383741775,0.8122461317954449,-1.3871943496018968,-1.3871943496018966,1.184659103406135,-0.5853303116234448,-23.91712481900461,-12.7759702843543,27.134800439372324,-23.91640151069808,-5.608165180561465,0.749795138835907,0.07079251110553741,0.0,2.7177844536634614,False,1,0.0,-1.4850783103259602e-09,3.186502728347307e-09,True,True,,True,True,True,True,True,True,0.24979513883590698,0.0,0.0
2705,9.55000014230609,pi_common,2.5366270144780474,2.5366269855028127,2.8975234656059e-08,0.9346236224134513,1,1,tracking,True,0.9346236224134512,0.934907894791207,-1.6020033920645962,-1.6020033920645962,2.4561721044030835,0.98509088554861,25.432039048627093,31.411196161706204,40.42044561815325,25.430259640998575,6.752380429421154,0.75,-0.07658136636018753,0.0,-2.9474775053936613,False,1,0.0,-1.4040464901832195e-09,1.4040464901832195e-09,True,True,,True,True,True,True,True,True,0.25,0.0,0.0
2706,9.600000143051147,pi_common,1.8793307940165203,1.8793308064596552,-1.2443134966844127e-08,1.1331337229312728,1,1,tracking,True,1.1331337229312726,1.133715939862663,-0.7461970710852477,-0.7461970710852475,3.970424552529588,-1.1947983346766173,30.29681615637967,-43.627910473838725,53.11593091738305,30.285048511247695,-13.145924213341006,0.43862396478652954,0.02586853876709938,0.0,2.048998072013288,False,1,0.0,3.0848011645101536e-10,4.86789419884559e-09,True,True,,True,True,True,True,True,True,-0.06137603521347046,0.0,0.0
2707,9.650000143796206,pi_common,3.1389834880828857,3.1389834601745457,2.7908340083371286e-08,1.2579137561751526,1,1,tracking,True,1.2579137561751526,1.257952428832441,-1.8810697319077332,-1.8810697319077332,2.4955244745758716,0.9214076441663175,-29.499716975377343,42.318681553503914,51.58637305411805,-29.498001119519856,25.193053505921558,0.75,0.004651109222322702,0.0,-0.4243485845722469,False,1,0.0,-1.0956593618494104e-10,1.0956593618494104e-10,True,True,,True,True,True,True,True,True,0.25,0.0,0.0
2708,9.700000144541264,pi_common,3.662622849146525,3.6626228808745616,-3.1728036642419966e-08,1.3367735709367898,1,1,tracking,True,1.3367735709367896,1.336777514457701,-2.325849278209735,-2.325849278209735,1.5771760378385788,-0.13226041967801988,-18.369969690913344,-21.06465138341375,27.951312506185214,-18.366968461056697,10.472787065216096,0.75,-0.005289973225444555,0.0,-0.19882164599267177,False,1,0.0,2.245704091435874e-10,2.245704091435874e-10,True,True,,True,True,True,True,True,True,0.25,0.0,0.0
2709,9.750000145286322,pi_common,4.0164971351623535,4.01649708345034,5.1712013338089946e-08,1.4095802369975126,1,1,tracking,True,1.4095802369975123,1.4095842612393672,-2.606916898164841,-2.606916898164841,1.456162662605759,-0.1229303019377909,-2.420880954157404,0.1796210474034533,2.427978614046931,-2.4202674685915992,7.077485614853818,0.75,-0.013678916729986668,0.0,-0.1677788675907423,False,1,0.0,3.5738766113180276e-10,3.5738766113180276e-10,True,True,,True,True,True,True,True,True,0.25,0.0,0.0
2710,9.80000014603138,pi_common,3.41260560353597,3.4126056462904137,-4.275444354107094e-08,1.513190385094531,1,1,tracking,True,1.5131903850945307,1.5132343232576988,-1.8994152184414395,-1.8994152184414392,2.0722129582612103,-0.1749605139683956,12.320621953404183,-1.0451798075966332,12.366030908588796,12.321005729511732,-12.077830452553968,0.75,0.01757052168250084,0.0,0.6249887589366919,False,1,0.0,-3.208485560568519e-11,3.208485560568519e-11,True,True,,True,True,True,True,True,True,0.6999999992549419,0.0,0.0
2711,9.850000146776438,pi_common,3.7800876299540196,3.7800876519216584,-2.196763881912034e-08,1.6222728982910486,1,1,tracking,True,1.6222728982910486,1.622319785543804,-2.157814731662971,-2.157814731662971,2.1816945714407168,0.46820710499185764,2.189991799251063,12.868226906421983,13.060036551160648,2.189632230962066,7.349640418842811,0.75,-0.038896169513463974,0.0,-1.1293338070909111,False,1,0.0,9.345799967253043e-10,9.345799967253043e-10,True,True,,True,True,True,True,True,True,0.6999999992549419,0.0,0.0
2712,9.900000147521496,pi_common,3.9546109835306797,3.954610934553891,4.897678884674406e-08,1.7525289338012047,1,1,tracking,True,1.7525289338012042,1.7528075695579688,-2.2020820497294755,-2.202082049729475,2.605292762784499,-0.8750413502699417,8.477533898718672,-26.890500134798447,28.195214542685353,8.47196370063355,3.4904670195211915,0.75,-0.047266606241464615,0.0,-0.1674087320654283,False,1,0.0,-5.457559335009243e-10,5.457559335009243e-10,True,True,,True,True,True,True,True,True,0.6999999992549419,0.0,0.0
2713,9.950000148266554,pi_common,4.431132157643636,4.431132227298037,-6.965440135786594e-08,1.9025873940464229,1,1,tracking,True,1.9025873940464229,1.9032246783134006,-2.528544763597213,-2.528544763597213,3.000199093701062,-0.41917965658960893,7.868184163033554,9.027384672710394,11.975267089112391,7.89812650064,9.530423340244747,0.75,-0.03955226391553879,0.0,0.1542868442194634,False,1,0.0,-1.148340235401779e-09,1.148340235401779e-09,True,True,,True,True,True,True,True,True,0.6999999992549419,0.0,0.0
2714,10.000000149011612,pi_common,3.6841586430867515,3.684158702874979,-5.978822770202896e-08,2.066850427876393,1,1,tracking,True,2.0668504278763926,2.0674692634810206,-1.6173082152103588,-1.6173082152103584,3.2838793075203263,-0.08266296530433166,5.661070596304608,6.63884507071437,8.734090496486731,5.673604191841998,-14.939470068522235,0.75,0.027367478236556053,0.0,1.3383948230982599,False,1,0.0,-7.307095206687819e-10,7.307095206687819e-10,True,True,,True,True,True,True,True,True,0.6999999992549419,0.0,0.0
2715,10.05000014975667,pi_common,3.8343318303426104,3.8343318151466868,1.5195923630528796e-08,2.2425801612532927,1,1,tracking,True,2.2425801612532927,2.2426449948705054,-1.5917516690893176,-1.5917516690893176,3.5146297152641006,1.298327649084092,4.6149359539941,27.617248288039043,28.00048799159592,4.615008086106506,3.003463700362082,0.75,0.05106288567185402,0.0,0.4739081416441777,False,1,0.0,5.994940516229619e-10,5.994940516229619e-10,True,True,,True,True,True,True,True,True,0.6999999992549419,0.0,0.0
2716,10.100000150501728,pi_common,3.3441163698832197,3.3441162553070574,1.1457616233556678e-07,2.4298234680343422,1,1,tracking,True,2.4298234680343422,2.430516985291159,-0.9142929018488775,-0.9142929018488775,3.7444468957514716,0.9328914778900921,4.544465817178699,-7.167475725710913,8.495473426836487,4.596343541256564,-9.804309063092225,0.5341005325317383,-0.02047109603881836,0.0,-1.43067961289466,False,1,0.0,2.1583760126397955e-10,4.21212331680465e-09,True,True,,True,True,True,True,True,True,0.4841005317866802,0.0,0.0
2717,10.150000151246786,pi_common,4.458894729614258,4.458894845327927,-1.1571366886897749e-07,2.610119016367837,1,1,tracking,True,2.610119016367837,2.6101665151461835,-1.8487757132464209,-1.8487757132464209,3.605827754980271,-1.323824291448442,-2.775202407955276,-45.12221537577353,45.20906027425624,-2.7723827741122924,22.295566862390928,0.75,-0.014593522064387798,0.0,0.1175514777369577,False,1,0.0,4.1533550904082617e-11,4.1533550904082617e-11,True,True,,True,True,True,True,True,True,0.6999999992549419,0.0,0.0
2718,10.200000151991844,pi_common,4.41855263710022,4.4185527959903785,-1.5889015880787838e-07,2.7718551090456756,1,1,tracking,True,2.7718551090456756,2.771948626025867,-1.6466975280545442,-1.6466975280545442,3.2347043374461073,-0.19500351098683974,-7.43751143328078,22.535075705394696,23.73081380560581,-7.422468240079875,-0.8068418382578815,0.75,-0.005165898706763983,0.0,0.18855246434282566,False,1,0.0,8.810946937332087e-11,8.810946937332087e-11,True,True,,True,True,True,True,True,True,0.6999999992549419,0.0,0.0
2719,10.250000152736902,pi_common,5.366751352945964,5.366751407905546,-5.495958177448301e-08,2.9535682969824193,1,1,tracking,True,2.9535682969824193,2.953630796836303,-2.4131830559635445,-2.4131830559635445,3.6341417454148512,0.12272103096626522,7.986546779781634,6.316231981587474,10.18491095897342,7.988748040333257,18.96397403432965,0.75,0.010844424366950989,0.0,0.3202064567028514,False,1,0.0,-2.605729503696308e-10,2.605729503696308e-10,True,True,,True,True,True,True,True,True,0.6999999992549419,0.0,0.0
2720,10.30000015348196,pi_common,4.901941140492757,4.901941018619289,1.218734677621569e-07,3.153344056430166,1,1,tracking,True,3.153344056430166,3.153423002055822,-1.7485970840625908,-1.7485970840625908,3.9956998046559242,0.46421865659400424,7.230400027663786,6.858172120103258,9.965601305949354,7.231161077068763,-9.296204110539904,0.75,0.06549231708049774,0.0,1.0929578379845941,False,1,0.0,-2.8651339356589034e-09,2.8651339356589034e-09,True,True,,True,True,True,True,True,True,0.6999999992549419,0.0,0.0
2721,10.350000154227018,pi_common,4.433350721995036,4.433350644489301,7.750573516318582e-08,3.362880723884719,1,1,tracking,True,3.362880723884719,3.364215579465981,-1.0704699981103172,-1.0704699981103172,4.190466224991854,1.7609510135596467,3.8732464701772105,26.129297106567826,26.415490785547334,3.8953283486736856,-9.371808230303591,0.6255699396133423,-0.08416055142879486,0.0,-2.993057325585822,False,1,0.0,2.6646986006628737e-09,2.04370087519834e-08,True,True,,True,True,True,True,True,True,0.5755699388682842,0.0,0.0
2722,10.400000154972076,pi_common,4.660359541575114,4.66035959328942,-5.171430572659119e-08,3.5688982261194195,1,1,tracking,True,3.568898226119419,3.5698391085303998,-1.0914613154556951,-1.0914613154556947,4.121248048911221,-3.4464063201238453,-1.3699739121139944,-104.18163667954244,104.1907661793748,-1.3843635009840356,4.540176323947663,0.6497088670730591,0.0686105415225029,0.0,3.0554218134966225,False,1,0.0,-1.6817727210849398e-09,1.8296477444224024e-08,True,True,,True,True,True,True,True,True,0.599708866328001,0.0,0.0
2723,10.450000155717134,pi_common,4.818092346191406,4.818092354676003,-8.484597024960294e-09,3.752472771387396,1,1,tracking,True,3.7524727713873958,3.7531427370895494,-1.0656195748040105,-1.06561957480401,3.671295598762482,2.877533331840235,-9.01214225170612,126.46320199378302,126.7839338511652,-8.999048868878509,3.154656045317802,0.650108277797699,0.013487303629517555,0.0,-1.1024647414317021,False,1,0.0,-8.727542646913555e-11,1.7870467550196167e-08,True,True,,True,True,True,True,True,True,0.6001082770526409,0.0,0.0
2724,10.500000156462193,pi_common,5.5442891120910645,5.544289071963725,4.012733967329041e-08,3.9256305210426956,1,1,tracking,True,3.9256305210426956,3.9258671427479155,-1.6186585910483688,-1.6186585910483688,3.461095191571755,-0.5132342132853509,-4.300397326769863,-67.69178325407539,67.8310838126158,-4.204008081169935,14.523935101569666,0.75,-0.07039900124073029,0.0,-1.6777260724048901,False,1,0.0,9.12700789945653e-10,9.12700789945653e-10,True,True,,True,True,True,True,True,True,0.6999999992549419,0.0,0.0
2725,10.55000015720725,pi_common,4.904924710591634,4.904924743837618,-3.324598374376819e-08,4.0940711510635035,1,1,tracking,True,4.0940711510635035,4.095418493449668,-0.8108535595281303,-0.8108535595281303,3.3706563844786688,-2.8960246548141155,-1.8329375387253122,-47.82022650520781,47.856673320082095,-1.8087761149088633,-12.787287839443175,0.5328609347343445,-0.04967764392495155,0.0,0.41442714014012905,False,1,0.0,4.934262720635019e-11,1.2799918014394507e-08,True,True,,True,True,True,True,True,True,0.4828609339892864,0.0,0.0
2726,10.600000157952309,pi_common,5.5976409912109375,5.597641020264362,-2.9053424555058882e-08,4.26122850062524,1,1,tracking,True,4.26122850062524,4.262656446475515,-1.3364124905856976,-1.3364124905856976,3.3355096299815448,-0.4404298149375618,-0.9399656776695863,48.83436308936753,48.843528461638385,-0.7029350794679313,13.854325405940537,0.75,-0.030471129342913628,0.0,0.38413028591677123,False,1,0.0,-8.199253775931226e-11,8.199253775931226e-11,True,True,,True,True,True,True,True,True,0.6999999992549419,0.0,0.0
2727,10.650000158697367,pi_common,5.127245744069418,5.127245570628264,1.7344115388340242e-07,4.407343714906268,1,1,tracking,True,4.4073437149062675,4.408200432864245,-0.7199020291631504,-0.7199020291631495,2.9158085679703474,0.2194749029985025,-8.42212668220377,12.982904982571482,15.475571165979092,-8.394021115143286,-9.407904802641687,0.496383935213089,-0.024828674271702766,0.0,0.1128490997426346,False,1,0.0,1.4196886374828743e-10,2.9625214503781194e-09,True,True,,True,True,True,True,True,True,0.44638393446803093,0.0,0.0
2728,10.700000159442425,pi_common,6.118340015411377,6.118340014313919,1.0974581243772263e-09,4.5497814560853564,1,1,tracking,True,4.549781456085355,4.550402009729197,-1.5685585593260223,-1.5685585593260205,2.8448790052065527,0.02666432693328736,-1.4075714824954746,-4.000941316507849,4.273363179427767,-1.4185912341372373,19.821885131470076,0.75,0.011132142506539822,0.0,0.7192163248476934,False,1,0.0,4.290973271148246e-10,4.290973271148246e-10,True,True,,True,True,True,True,True,True,0.6999999992549419,0.0,0.0
2729,10.750000160187483,pi_common,5.372996171315511,5.372996250161042,-7.884553099302138e-08,4.67218406200239,1,1,tracking,True,4.672184062002389,4.672274795910253,-0.7008121093131221,-0.7008121093131212,2.447340979497202,1.3144741224889724,-7.950513290595416,25.732224130641246,26.94507479961203,-7.950760395711449,-14.906876659787551,0.4955991208553314,-0.0750952810049057,0.0,-1.724548444531136,False,1,0.0,2.6966576749387627e-09,2.9671724521840304e-09,True,True,,True,True,True,True,True,True,0.44559912011027336,0.0,0.0
2730,10.800000160932541,pi_common,5.318181196848551,5.318181122643107,7.420544356762093e-08,4.7905240875727975,1,1,tracking,True,4.790524087572797,4.792435432112521,-0.5276571092757543,-0.5276571092757534,2.36699904623654,-2.9021951296201,-1.5233943883223056,-84.48932127814007,84.50365959260289,-1.6068386412694844,-1.0962994730030635,0.41561734676361084,-0.046714216470718384,0.0,0.5676212822255301,False,1,0.0,5.217776696819776e-10,8.995560185631746e-09,True,True,,True,True,True,True,True,True,0.3656173460185528,0.0,0.0
2731,10.850000161677599,pi_common,5.408127625783284,5.408127594564212,3.121907177217054e-08,4.877834989180303,1,1,tracking,True,4.877834989180302,4.879376828555455,-0.5302926366029821,-0.5302926366029812,1.7347666375819777,-0.19035167485844265,-12.914107315677512,54.01588571740603,55.5384901494486,-12.644647984671304,1.798928551888543,0.42356374859809875,0.09722137451171875,0.0,2.8787117767525943,False,1,0.0,-1.1939124688886693e-10,1.088987777730921e-08,True,True,,True,True,True,True,True,True,0.3735637478530407,0.0,0.0
2732,10.900000162422657,pi_common,5.037601947784424,5.037602045601528,-9.781710375023067e-08,4.917783585364888,1,1,tracking,True,4.917783585364887,4.918637232858488,-0.11981836241953658,-0.1198183624195357,0.7995577083093163,4.190615635565555,-18.702937203487604,87.63205043767118,89.60659975799588,-18.70417830673925,-7.410513449551952,0.21982435882091522,-0.04124165326356888,0.0,-2.769260514240555,False,1,0.0,-1.5463668401327624e-09,6.8720993062765245e-09,True,True,,True,True,True,True,True,True,0.16982435807585716,0.0,0.0
2733,10.950000163167715,pi_common,4.937180916468302,4.937181078682651,-1.6221434950836056e-07,4.927804386576197,1,1,tracking,True,4.927804386576195,4.927994431222116,-0.009376529892106689,-0.009376529892104912,0.1979941347779837,-2.3979963457849442,-12.135484155025479,-131.75233195707347,132.31009148186052,-12.031271291346739,-2.0084205963946413,0.16472063958644867,0.006940077990293503,0.0,0.963634610717973,False,1,0.0,8.984826077584884e-11,2.7240496802694025e-09,True,True,,True,True,True,True,True,True,0.12041523680090904,0.0,0.0
2734,11.000000163912773,pi_common,5.117283503214518,5.117283457132718,4.608179970944093e-08,4.882879035224427,1,1,tracking,True,4.882879035224425,4.882913091497694,-0.2344044679900925,-0.23440446799009074,-0.8989344700748196,0.8556006258716793,-21.94514638338352,65.07138667647133,68.67256670627687,-21.93857177014587,3.6020516812495638,0.2801646590232849,0.007458108011633158,0.0,0.010360600272408123,False,1,0.0,1.0541260746232961e-10,8.229743719834204e-09,True,True,,True,True,True,True,True,True,0.23016465827822685,0.0,0.0
2735,11.050000164657831,pi_common,5.279025236765544,5.279025107211459,1.2955408479342623e-07,4.812558457636868,1,1,tracking,True,4.812558457636868,4.81259945545525,-0.46646677912867585,-0.46646677912867585,-1.4067522198698161,0.22599237451825208,-10.165294586575778,-12.601370638156325,16.192799994990242,-10.15635484455845,3.2348346228177336,0.4020266532897949,0.004264006856828928,0.0,-0.06388202214416829,False,1,0.0,-8.089316369530586e-11,4.358520933056553e-09,True,True,,True,True,True,True,True,True,0.35202665254473686,0.0,0.0
2736,11.10000016540289,pi_common,4.492121855417888,4.492122024156571,-1.687386834703375e-07,4.757069045108456,1,1,tracking,True,4.757069045108455,4.757091623641469,0.2649471896905675,0.2649471896905684,-1.1101279739657381,-0.013536762662556335,5.929883029895064,-4.804140097701431,7.6460112918341325,5.932484829680647,-15.738067392437646,0.03300783410668373,-0.0713089257478714,0.0,-1.5114586295715178,False,1,0.0,-1.0138691275418665e-10,7.884723707274333e-10,True,True,,True,True,True,True,True,True,0.03300783410668373,0.0,0.0
2737,11.150000166147947,pi_common,4.067475398381551,4.0674754068612895,-8.479738689004535e-09,4.690259292579209,1,1,tracking,True,4.690259292579207,4.691736042337667,0.6227838941976565,0.6227838941976582,-1.3351365715105847,-2.8768122338237343,-4.501122649017283,-57.19654315239452,57.37437863589605,-4.500171883839145,-8.492929014172233,0.0,-0.013585551641881466,0.15369531512260437,1.154467464916893,False,1,0.0,-3.9454905835512033e-10,2.6062024482964574e-09,True,True,,True,True,True,True,True,True,0.0,0.0,-0.8463046848773956
2738,11.200000166893005,pi_common,4.726937135060628,4.726937250825334,-1.1576470626550872e-07,4.556929440321154,1,1,tracking,True,4.556929440321152,4.557212416661438,-0.17000769473947575,-0.17000769473947397,-2.6727900290894926,1.0768244594457803,-26.912040769103996,79.14606511623441,83.60220459635168,-26.753068752926367,13.189234537046634,0.2448255717754364,0.04348691180348396,0.0,1.1414492518983892,False,1,0.0,-1.4352138713591422e-09,1.4352138713591422e-09,True,True,,True,True,True,True,True,True,0.19482557103037834,0.0,0.0
2739,11.250000167638063,pi_common,5.195178826649984,5.1951787304139945,9.623598984376258e-08,4.413483962113581,1,1,tracking,True,4.41348396211358,4.413866195625404,-0.7816948645364041,-0.7816948645364032,-2.8674844848453933,2.2922428428880512,-3.9212847239692663,24.23820996662548,24.556783658839844,-3.8938890570945457,9.36483369224023,0.5604403614997864,0.07999859750270844,0.0,0.7302337031031593,False,1,0.0,-2.6361818838971374e-09,1.7693345566449636e-08,True,True,,True,True,True,True,True,True,0.5104403607547283,0.0,0.0
2740,11.300000168383121,pi_common,4.687148729960124,4.687148770022934,-4.0062809958385515e-08,4.311906633872485,1,1,tracking,True,4.311906633872483,4.314310439479,-0.37524209608764103,-0.37524209608763925,-2.036030880104478,2.1454847959471475,16.406316182323177,-3.2125544792954743,16.720052796429577,16.629071847025827,-10.160601782392442,0.36190447211265564,-0.0315462127327919,0.0,-2.230896171467063,False,1,0.0,-1.7358182738402839e-09,1.3740392934558088e-08,True,True,,True,True,True,True,True,True,0.3119044713675976,0.0,0.0
2741,11.35000016912818,pi_common,4.3957839012146,4.395783873001128,2.8213471559013215e-08,4.2689180364057,1,1,tracking,True,4.268918036405699,4.268936211824719,-0.1268658648089005,-0.1268658648088996,-0.8643463683524478,-2.918802691929708,23.362574538245482,-101.35332153589538,104.01112534313344,23.43368988585141,-5.827296488077003,0.23930218815803528,0.014557335525751114,0.0,0.9220709514309324,False,1,0.0,1.4402316839134954e-10,5.389385354659382e-09,True,True,,True,True,True,True,True,True,0.18930218741297722,0.0,0.0
2742,11.400000169873238,pi_common,4.364232858022054,4.36423279664123,6.138082397910694e-08,4.226434431124033,1,1,tracking,True,4.226434431124031,4.226550814916202,-0.1377984268980228,-0.13779842689802102,-0.8495476610485558,0.8279211624429625,0.3241187446309408,74.92604668030307,74.92691602347146,0.29597414166748137,-0.631020854447974,0.2464909553527832,-0.008394588716328144,0.0,-0.4590384780013788,False,1,0.0,2.6336557240602687e-10,3.989096553080884e-10,True,True,,True,True,True,True,True,True,0.19649095460772514,0.0,0.0
2743,11.450000170618296,pi_common,4.360773722330729,4.360773777869121,-5.553839255156845e-08,4.170505295560839,1,1,tracking,True,4.170505295560838,4.170518659459478,-0.1902684267698902,-0.1902684267698893,-1.1185142938294823,-0.7090011366873035,-5.377800653828958,-30.736892225022874,31.203952206188134,-5.379332575460228,-0.06918271279560056,0.2751043140888214,-0.0010669486364349723,0.0,0.14655279941405655,False,1,0.0,-4.1742497045721416e-11,3.828949823869721e-09,True,True,,True,True,True,True,True,True,0.22510431334376335,0.0,0.0
2744,11.500000171363354,pi_common,4.7057216962178545,4.705721630904242,6.531361229633603e-08,4.112538764099009,1,1,tracking,True,4.112538764099008,4.1125506922051835,-0.5931829321188467,-0.5931829321188458,-1.159337046846691,0.06592553384063017,-0.8188030003475169,15.502254049471135,15.524083285808278,-0.8164550481780461,6.898959374940013,0.4839763641357422,0.014922221191227436,0.0,0.3197833917881043,False,1,0.0,2.8564482376647327e-11,1.4439417883593819e-08,True,True,,True,True,True,True,True,True,0.43397636339068413,0.0,0.0
2745,11.550000172108412,pi_common,4.534470558166504,4.534470496737286,6.142921815666114e-08,4.0698313793194725,1,1,tracking,True,4.069831379319472,4.06991816210774,-0.4646391788470323,-0.46463917884703143,-0.8541222268041453,0.5683139002603944,6.10352419203587,10.034217728284792,11.755759083181069,6.104296309889811,-3.4250227099901966,0.4255124628543854,-0.006209003739058971,0.0,-0.4226244923081325,False,1,0.0,1.2290275047677213e-10,1.2290275047677213e-10,True,True,,True,True,True,True,True,True,0.3755124621093273,0.0,0.0
2746,11.60000017285347,pi_common,4.778797149658203,4.778797230221767,-8.056356382013519e-08,4.058303667729977,1,1,tracking,True,4.058303667729976,4.058314711064691,-0.7204934819282274,-0.7204934819282265,-0.2306531105887721,-0.5770376439599625,12.467692601683204,-22.909729495132837,26.0849623254058,12.46938213849919,4.886531757018987,0.5624457597732544,0.007426097057759762,0.0,0.272702011872798,False,1,0.0,-2.8550660099990743e-11,2.3308199148530662e-08,True,True,,True,True,True,True,True,True,0.5124457590281963,0.0,0.0
2747,11.650000173598528,pi_common,4.99277941385905,4.992779374118123,3.974092699365883e-08,4.073457237446422,1,1,tracking,True,4.073457237446421,4.073482955686088,-0.9193221764126287,-0.9193221764126278,0.30304727919261704,0.35351448905819605,10.676327272328711,18.610116739373453,21.45528173382712,10.674007636572673,4.27964522024525,0.6733516454696655,0.004938444122672081,0.0,-0.04975305796037528,False,1,0.0,1.1604962130151719e-10,1.2230383594769023e-08,True,True,,True,True,True,True,True,True,0.6233516447246075,0.0,0.0
2748,11.700000174343586,pi_common,4.482748508453369,4.482748597912003,-8.945863427811673e-08,4.1345931213137375,1,1,tracking,True,4.134593121313737,4.134613702807444,-0.34815538713963257,-0.3481553871396317,1.2225500486300795,0.015885578920193,18.386684471442283,-6.749724559857604,19.588800145153787,18.390055114716073,-10.200617956112561,0.39212021231651306,0.009032092057168484,0.0,0.08187295746992591,False,1,0.0,-2.1529173235834698e-10,6.848867584174911e-09,True,True,,True,True,True,True,True,True,0.342120211571455,0.0,0.0
2749,11.750000175088644,pi_common,4.636513868967692,4.636513834352523,3.4615169397511636e-08,4.213531441855472,1,1,tracking,True,4.213531441855471,4.213575246634516,-0.42298242711222134,-0.42298242711222045,1.5785860700889491,0.19621494174112655,7.120309357562339,3.620469476828149,7.9927220246942055,7.12072032307039,3.0753071644608165,0.4348210096359253,-0.007880215533077717,0.0,-0.33824614676466364,False,1,0.0,4.379588046388161e-10,3.764296097052977e-09,True,True,,True,True,True,True,True,True,0.38482100889086723,0.0,0.0
2750,11.800000175833702,pi_common,5.387778917948405,5.387778921574207,-3.6258018809576242e-09,4.265737399308437,1,1,tracking,True,4.265737399308436,4.2657466384162435,-1.1220415186399695,-1.1220415186399686,1.044111013595162,-0.5535333930102955,-10.689282261533647,-14.997074193473718,18.416651534081986,-10.689500970589767,15.02530075571983,0.75,-0.0013329944340512156,0.0,0.13094442002930612,False,1,0.0,-1.0494203596389529e-11,1.0494203596389529e-11,True,True,,True,True,True,True,True,True,0.6999999992549419,0.0,0.0
2751,11.85000017657876,pi_common,4.685142834981282,4.685142893299722,-5.8318439855042925e-08,4.323579353483171,1,1,tracking,True,4.3235793534831695,4.32358067805722,-0.3615634814981128,-0.361563481498111,1.1567859609017808,0.0823219040859892,2.250485059253277,12.711476925963783,12.910903668839802,2.253498912552627,-14.052721449940591,0.4086310863494873,-0.00192208681255579,0.0,-0.01178184739452828,False,1,0.0,4.3266205939154756e-11,9.69883995338705e-09,True,True,,True,True,True,True,True,True,0.35863108560442924,0.0,0.0
2752,11.900000177323818,pi_common,4.4306589762369795,4.430659018875276,-4.2638296449126756e-08,4.406512790805381,1,1,tracking,True,4.4065127908053805,4.406515394660907,-0.024146185431598965,-0.024146185431598077,1.658671819460419,-0.030624054601568616,10.03802075645551,-2.262135697396714,10.292287720728323,10.037717021599127,-5.089677099043957,0.24022425711154938,0.0020602834410965443,0.0,0.07964740388620788,False,1,0.0,4.222106345097565e-11,1.1717659620380516e-09,True,True,,True,True,True,True,True,True,0.23893825605046004,0.0,0.0
2753,11.950000178068876,pi_common,4.408933798472087,4.408933820022615,-2.1550528472857877e-08,4.441019412237601,1,1,tracking,True,4.4410194122376,4.44102120453153,0.03208561376551344,0.03208561376551433,0.6901511805204437,0.13687457941610431,-19.37042563344896,3.3502521449628353,19.65831285427482,-19.370412490157868,-0.43450354882324416,0.21170727908611298,0.002902817213907838,0.0,0.016850675205131244,False,1,0.0,9.883366477655975e-11,7.077068903127426e-09,True,True,,True,True,True,True,True,True,0.16170727834105492,0.0,0.0
2754,12.000000178813934,pi_common,4.889158566792806,4.889158631965771,-6.517296569086284e-08,4.421158798578024,1,1,tracking,True,4.421158798578023,4.421162991733347,-0.4679997682147823,-0.4679997682147814,-0.3972200443732445,0.07674351337962565,-21.748054855025895,-1.1994708876094724,21.78120165462417,-21.74742417381189,9.604495223296245,0.4675999879837036,0.005945477169007063,0.0,0.060853198195201186,False,1,0.0,3.185046237169642e-11,1.3640517382285111e-08,True,True,,True,True,True,True,True,True,0.41759998723864555,0.0,0.0
2755,12.050000179558992,pi_common,4.883767604827881,4.883767622969445,-1.8141563806750582e-08,4.385366659628616,1,1,tracking,True,4.385366659628615,4.385383165214413,-0.4984009451992657,-0.4984009451992648,-0.7158862170493405,0.1580560174435941,-6.373843444965309,1.6234350892666802,6.5967555902059125,-6.373323358552002,-0.10781923769186484,0.4890305697917938,-0.002900286577641964,0.0,-0.17691527229673754,False,1,0.0,4.972417703280607e-11,4.951459353641496e-09,True,True,,True,True,True,True,True,True,0.43903056904673576,0.0,0.0
2756,12.10000018030405,pi_common,5.016176064809164,5.016176086992587,-2.2183423098454114e-08,4.381156780955218,1,1,tracking,True,4.381156780955217,4.381158006929618,-0.6350192838539472,-0.6350192838539463,-0.08422757747628036,-0.27100795860674204,12.632820050593809,-8.582506029560513,15.274492784256399,12.63317260321226,2.6481691601648674,0.5652774572372437,0.010897151194512844,0.0,0.27594875133113933,False,1,0.0,3.5250856053603563e-10,2.799980625134424e-08,True,True,,True,True,True,True,True,True,0.5152774564921856,0.0,0.0
2757,12.150000181049109,pi_common,4.8264838854471845,4.826483926185563,-4.073837889251308e-08,4.410583636732709,1,1,tracking,True,4.410583636732708,4.4106254816475134,-0.4159002487144763,-0.4159002487144754,0.5885641891288962,0.4695932781803695,13.45836834313519,14.811268587848542,20.017892978784012,13.455835131595963,-3.793843530706915,0.4609167277812958,-0.0038761442992836237,0.0,-0.2954659054731443,False,1,0.0,-8.607621950276756e-11,6.9275830072434985e-09,True,True,,True,True,True,True,True,True,0.4109167270362377,0.0,0.0
2758,12.200000181794167,pi_common,4.8151326974233,4.815132793630041,-9.620674124022344e-08,4.45577635647986,1,1,tracking,True,4.455776356479858,4.455777101571879,-0.3593563409434415,-0.3593563409434397,0.9038049459820782,-0.4190989559880266,6.303511669132364,-17.772186800862222,18.857049082783753,6.304815043114575,-0.2270237570947783,0.437136709690094,0.006382472813129425,0.0,0.20517233919095487,False,1,0.0,1.7287540756555364e-10,1.1606829275478958e-08,True,True,,True,True,True,True,True,True,0.38713670894503593,0.0,0.0
2759,12.250000182539225,pi_common,4.163023551305136,4.163023620541018,-6.923588191654062e-08,4.494382185264601,1,1,tracking,True,4.4943821852646,4.494397530702442,0.3313586339594643,0.3313586339594652,0.7721343933479742,0.3041782825232999,-2.6313610778669467,14.470011142596274,14.70743705134746,-2.6334110134411977,-13.042182728019615,0.08763725310564041,0.01319319847971201,0.0,0.1362145113018973,False,1,0.0,-1.373323763737e-10,2.2463832460850597e-09,True,True,,True,True,True,True,True,True,0.08763725310564041,0.0,0.0
2760,12.300000183284283,pi_common,4.2486081918080645,4.248608293442697,-1.0163463226575686e-07,4.499127892032595,1,1,tracking,True,4.499127892032594,4.499204501263463,0.25051970022452963,0.2505197002245305,0.09474336826156018,0.36927163565117144,-13.553202915226363,1.3154220039248359,13.624960683511478,-13.547820299850027,1.711692784552366,0.12492521852254868,-0.012857198715209961,0.0,-0.5210079361348162,False,1,0.0,-3.425387092026444e-10,2.904706253303857e-09,True,True,,True,True,True,True,True,True,0.07492521777749062,0.0,0.0
2761,12.35000018402934,pi_common,5.2265625,5.226562339183452,1.608165476341128e-07,4.439158223002073,1,1,tracking,True,4.439158223002073,4.439185843292319,-0.7874042769979273,-0.7874042769979273,-1.1992599927727505,-0.8603163470325036,-25.878205327290765,-24.59232454750625,35.6997942346145,-25.880066835043166,19.55908587238562,0.6537297368049622,0.0195833258330822,0.0,0.6488104812978136,False,1,0.0,1.9468600342964493e-11,2.6842661204895535e-08,True,True,,True,True,True,True,True,True,0.6037297360599041,0.0,0.0
2762,12.400000184774399,pi_common,4.621575196584066,4.621575233326234,-3.674216753069004e-08,4.361691191396905,1,1,tracking,True,4.361691191396904,4.3618017827109625,-0.25988400518716226,-0.25988400518716137,-1.5490886740492178,0.9982194539249514,-6.984185617883313,37.15341889890394,37.807063815224566,-6.996573521272276,-12.09974588801841,0.39321818947792053,0.004033693112432957,0.0,-0.31099264977883323,False,1,0.0,1.5352369462512394e-10,1.1622433404578913e-08,True,True,,True,True,True,True,True,True,0.3432181887328625,0.0,0.0
2763,12.450000185519457,pi_common,4.925996462504068,4.925996314004693,1.4849937546301817e-07,4.31589155195446,1,1,tracking,True,4.315891551954458,4.315915232932717,-0.6101049105496106,-0.6101049105496088,-0.9163725317981447,-0.27953938916221815,12.641056997878753,-25.575394885951948,28.531231813568375,12.65432265645736,6.088425227675436,0.5759549140930176,0.013416558504104614,0.0,0.1876573050371214,False,1,0.0,-1.0540388180324545e-10,2.7939204283455865e-08,True,True,,True,True,True,True,True,True,0.5259549133479595,0.0,0.0
2764,12.500000186264515,pi_common,4.793119589487711,4.793119645871653,-5.638394195983665e-08,4.304914531569088,1,1,tracking,True,4.3049145315690875,4.305002694771522,-0.48820505791862345,-0.48820505791862256,-0.21975641789800748,0.3433546399018695,13.937405633670902,12.441066864857802,18.683765034030028,13.932322070394967,-2.657537420726755,0.52110755443573,-0.0023103945422917604,0.0,-0.3145390562409303,False,1,0.0,-4.850592453739533e-11,2.4595916858771716e-08,True,True,,True,True,True,True,True,True,0.4711075536906719,0.0,0.0
2765,12.550000187009573,pi_common,4.839277505874634,4.839277628977736,-1.2310310193441865e-07,4.334105344766228,1,1,tracking,True,4.334105344766227,4.334107324956842,-0.5051721611084066,-0.5051721611084057,0.5836755066117907,-0.45505758735190704,16.066849896230504,-15.969376385435378,22.653776627284977,16.068638250754596,0.9231583139823251,0.5359057784080505,0.01599952206015587,0.0,0.3661983265921723,False,1,0.0,-6.500398865016965e-10,4.326438540758204e-09,True,True,,True,True,True,True,True,True,0.4859057776629925,0.0,0.0
2766,12.600000187754631,pi_common,5.0857726732889805,5.085772576561099,9.672788170433932e-08,4.383233171422654,1,1,tracking,True,4.383233171422653,4.383337100539859,-0.7025395018663279,-0.702539501866327,0.9825200521583929,0.6052357365572323,7.984702901464903,21.215869712421107,22.67301458564328,7.976890792067109,4.9299032748256515,0.6433712244033813,-0.00878465361893177,0.0,-0.49568350619549295,False,1,0.0,3.4948098928677673e-10,2.738574433891472e-08,True,True,,True,True,True,True,True,True,0.5933712236583233,0.0,0.0
2767,12.650000188499689,pi_common,4.915234247843424,4.915234202041041,4.580238321949537e-08,4.458570701979393,1,1,tracking,True,4.458570701979392,4.458577761720459,-0.456663545864032,-0.45666354586403113,1.5067496528014812,-0.7604221569012055,10.484625842202478,-27.313277356300176,29.25650152477173,10.484591856629173,-3.4107684580867224,0.5261415243148804,-0.0037379353307187557,0.0,0.10093436426022107,False,1,0.0,4.633441633844493e-12,1.08900306550197e-08,True,True,,True,True,True,True,True,True,0.4761415235698223,0.0,0.0
2768,12.700000189244747,pi_common,5.057623068491618,5.057622994385822,7.410579616617952e-08,4.54894522112801,1,1,tracking,True,4.548945221128009,4.54895103272224,-0.5086778473636091,-0.5086778473636082,1.8074400764884184,-0.019562992880960032,6.008349205055955,14.806744520794197,15.979360124901667,6.013808384126016,2.84777637052871,0.5585071444511414,0.008118251338601112,0.0,0.23712372985297844,False,1,0.0,-4.2725477669702805e-11,7.089709375129871e-09,True,True,,True,True,True,True,True,True,0.5085071437060833,0.0,0.0
2769,12.750000189989805,pi_common,5.30132500330607,5.301325082741221,-7.943515090147457e-08,4.636283678169115,1,1,tracking,True,4.636283678169115,4.636303332786423,-0.6650413251369551,-0.6650413251369551,1.7468254681359678,0.4354489267627833,-1.2123283148488992,9.1102438407645,9.19977111776386,-1.212292148984451,4.874038623660209,0.6450018882751465,0.00746893510222435,0.0,-0.012986324534023933,False,1,0.0,-7.678674796701701e-11,4.661044439302486e-09,True,True,,True,True,True,True,True,True,0.5950018875300884,0.0,0.0
2770,12.800000190734863,pi_common,5.262735525767009,5.262735578786683,-5.301967398452234e-08,4.735912800262383,1,1,tracking,True,4.735912800262383,4.7359450285353955,-0.5268227255046254,-0.5268227255046254,1.992470231155272,0.1262481940776505,4.907542336719982,-6.162259650838293,7.877790496245786,4.91289518717824,-0.771789539280672,0.582477867603302,0.002306915819644928,0.0,-0.10324038411318684,False,1,0.0,-1.8335405676389582e-11,9.68366031806056e-09,True,True,,True,True,True,True,True,True,0.5324778668582439,0.0,0.0
2771,12.850000191479921,pi_common,6.329227765401205,6.3292276720895915,9.331161354708684e-08,4.844963158887976,1,1,tracking,True,4.844963158887975,4.844976633742537,-1.4842646065132303,-1.4842646065132294,2.1809393352525475,-0.11784268198477077,3.7684478893071285,-4.865632883770346,6.161399971591705,3.76938202577734,21.329844474844474,0.75,0.008924750611186028,0.0,0.13235669385855356,False,1,0.0,4.533568694065071e-10,4.533568694065071e-10,True,True,,True,True,True,True,True,True,0.6999999992549419,0.0,0.0
2772,12.90000019222498,pi_common,5.450063864390056,5.45006366887678,1.9551327579137023e-07,4.967349858612633,1,1,tracking,True,4.967349858612633,4.967399335604686,-0.48271400577742263,-0.48271400577742263,2.4477167071776162,0.2785812734037556,5.336979275834372,7.955536077721593,9.585861946672933,5.335547358995524,-17.583277758211732,0.5664574503898621,-0.0008269883692264557,0.0,-0.19503477670200503,False,1,0.0,2.7406624712733585e-11,7.804370927289028e-09,True,True,,True,True,True,True,True,True,0.516457449644804,0.0,0.0
2773,12.950000192970037,pi_common,5.039902210235596,5.039902154565426,5.567016980734252e-08,5.1019600843321555,1,1,tracking,True,5.1019600843321555,5.101969440415658,0.06205787409655983,0.06205787409655983,2.6922152461557802,-0.2932261505379217,4.888582764424059,-11.422756935209717,12.54111095831387,4.889970706697038,-8.203232960851501,0.2932957708835602,0.00446863379329443,0.0,0.10591244167219935,False,1,0.0,7.986306494595086e-11,8.327173617317385e-09,True,True,,True,True,True,True,True,True,0.2932957708835602,0.0,0.0
2774,13.000000193715096,pi_common,5.376983006795247,5.376983042247662,-3.545241522573406e-08,5.13778185419316,1,1,tracking,True,5.13778185419316,5.137806353739954,-0.23920115260208696,-0.23920115260208696,0.7164708951843607,0.15422451668139714,-39.513600975165616,8.964289816619303,40.57556875927973,-39.5148864306107,6.741615830735124,0.44691529870033264,0.0030677805189043283,0.0,-0.028017065070315227,False,1,0.0,1.0581357665073732e-10,8.31180529958786e-09,True,True,,True,True,True,True,True,True,0.3969152979552746,0.0,0.0
2775,13.050000194460154,pi_common,6.046532313028971,6.046532410401718,-9.737274719867628e-08,5.0377131602551035,1,1,tracking,True,5.0377131602551035,5.037729699864551,-1.0088191527738672,-1.0088191527738672,-2.0015507673734243,-0.001925580571804669,-54.3617762053482,-3.1187395304353984,54.4544724310557,-54.36043244112213,13.390985925133233,0.75,-0.009794437326490879,0.0,-0.2572443530746646,False,1,0.0,3.465530275942319e-10,3.465530275942319e-10,True,True,,True,True,True,True,True,True,0.6999999992549419,0.0,0.0
2776,13.100000195205212,pi_common,6.828631718953451,6.8286318672411115,-1.4828766037311425e-07,5.050424605884949,1,1,tracking,True,5.050424605884949,5.050446991791361,-1.7782071130685022,-1.7782071130685022,0.25412841063556124,-0.4423038278014567,45.113467908120576,-8.80548160307871,45.964838871156005,45.11358288793494,15.641987885405824,0.75,0.013350015506148338,0.0,0.4628890497552,False,1,0.0,1.462869235469011e-11,1.462869235469011e-11,True,True,,True,True,True,True,True,True,0.6999999992549419,0.0,0.0
2777,13.15000019595027,pi_common,6.325550079345703,6.325550136911996,-5.756629306574723e-08,5.066209158861394,1,1,tracking,True,5.066209158861394,5.0662568808523964,-1.2593409204843091,-1.2593409204843091,0.31575904280606615,0.7254387167400178,1.2355172189910821,23.356572251822023,23.389392432211523,1.2326126250427387,-10.06163264222495,0.75,-0.010041026398539543,0.0,-0.467820831122684,False,1,0.0,-3.980291721217277e-10,3.980291721217277e-10,True,True,,True,True,True,True,True,True,0.6999999992549419,0.0,0.0
2778,13.200000196695328,pi_common,5.1920803387959795,5.192080535262847,-1.9646686766350285e-07,5.017420277809578,1,1,tracking,True,5.0174202778095776,5.017431377041098,-0.17466006098640197,-0.17466006098640108,-0.9762254143337006,-0.5089948516565481,-25.8557513578618,-24.681744362121034,35.745985647520456,-25.83968875775397,-22.66939447319417,0.4168280065059662,0.014566238969564438,0.0,0.4921453000285432,False,1,0.0,1.516621619956915e-10,5.493191790328922e-09,True,True,,True,True,True,True,True,True,0.3668280057609081,0.0,0.0
2779,13.250000197440386,pi_common,5.28863000869751,5.288629972604862,3.6092647981433856e-08,5.063264410091857,1,1,tracking,True,5.063264410091857,5.063296799971038,-0.22536559860565308,-0.22536559860565308,0.9170146645234404,0.5971548171728955,37.87146964732277,22.11021909424574,43.90264789547286,37.86480101291331,1.9309933692565615,0.4449978470802307,-0.004742731805890799,0.0,-0.3861794097545831,False,1,0.0,-2.269576401814355e-10,3.753101551762228e-09,True,True,,True,True,True,True,True,True,0.39499784633517265,0.0,0.0
2780,13.300000198185444,pi_common,5.257771333058675,5.257771298267007,3.4791668213074445e-08,5.370185005741796,1,1,tracking,True,5.370185005741796,5.370195102517787,0.11241367268312086,0.11241367268312086,6.138476617682137,-0.44312689414132767,104.4271552924469,-20.799982729431466,106.54065983679644,104.42923750705702,-0.6171735035800968,0.2747030556201935,0.00016321259317919612,0.0,0.09811888651931455,False,1,0.0,6.71398564999412e-12,1.1360725860054544e-08,True,True,,True,True,True,True,True,True,0.2747030556201935,0.0,0.0
2781,13.350000198930502,pi_common,4.664272944132487,4.664272897508858,4.662362940166531e-08,5.330929489509319,1,1,tracking,True,5.330929489509318,5.330938975403158,0.6666565453768305,0.6666565453768314,-0.7851119262010701,0.06855152911381712,-138.47826916062607,10.152033098639022,138.86012727324038,-138.47176881427401,-11.869967601647451,0.0,-0.010216174647212029,0.010751599445939064,-0.2075877417145261,False,1,0.0,1.709147007949996e-10,4.1716657905865873e-10,True,True,,True,True,True,True,True,True,0.0,0.0,-0.9892484005540609
2782,13.40000019967556,pi_common,4.878694375356038,4.878694408297215,-3.2941176897338664e-08,5.252687817971075,1,1,tracking,True,5.252687817971074,5.252716416434555,0.37399344261503575,0.37399344261503664,-1.5649001130128437,-0.29687240647916596,-15.595949573277936,-7.31009009663654,17.226161485211435,-15.595763503840487,4.288428560568452,0.13090503215789795,0.0009222657536156476,0.0,0.22276880469703966,False,1,0.0,1.5126148814395557e-11,2.0918772825062604e-09,True,True,,True,True,True,True,True,True,0.08090503141283989,0.0,0.0
2783,13.450000200420618,pi_common,5.338193734486898,5.338193733464192,1.0227063640400047e-09,5.157052676374011,1,1,tracking,True,5.157052676374009,5.157055438762107,-0.18114105811288894,-0.18114105811288717,-1.9130391477224378,0.15812746756509716,-6.968531127325965,9.130674323892245,11.492521601216614,-6.962780590438365,9.189987045675727,0.4107365608215332,0.009062901139259338,0.0,0.16281270528677544,False,1,0.0,4.447741341895295e-10,1.2947644845162642e-08,True,True,,True,True,True,True,True,True,0.36073656007647514,0.0,0.0
2784,13.500000201165676,pi_common,5.297494252522786,5.2974941838513665,6.867141966182544e-08,5.057084733697828,1,1,tracking,True,5.057084733697827,5.057093989918746,-0.24040951882495953,-0.24040951882495776,-1.999329268470776,0.32245282757784155,-1.7285830812226222,3.2559127108926305,3.6882707981498637,-1.7258023892503043,-0.8139896271528537,0.4433758854866028,0.0024256587494164705,0.0,-0.13274484581880502,False,1,0.0,7.271546559328712e-11,1.1773412578186537e-08,True,True,,True,True,True,True,True,True,0.3933758847415447,0.0,0.0
2785,13.550000201910734,pi_common,4.8748423258463545,4.874842198659734,1.271866203467198e-07,5.004107533516165,1,1,tracking,True,5.004107533516165,5.004111129260113,0.12926520766981042,0.12926520766981042,-1.059604237201072,-0.044355034776042,18.79194824834593,-7.350146200884481,20.210666616197297,18.7945003453342,-8.453038407568545,0.25692272186279297,-0.01721660979092121,0.0,-0.3928453649529015,False,1,0.0,9.311490710428583e-10,2.9701118231528767e-09,True,True,,True,True,True,True,True,True,0.25692272186279297,0.0,0.0
2786,13.600000202655792,pi_common,4.944505532582601,4.944505577350145,-4.476754433824226e-08,5.032585565380875,1,1,tracking,True,5.032585565380874,5.032686787569231,0.08808003279827314,0.08808003279827403,0.5696836346222517,-0.8247868063676277,32.58475486483124,-15.591692538272644,36.379854248723376,32.58575695090086,1.39326411396367,0.27641430497169495,0.008230413310229778,0.0,0.5089404544392161,False,1,0.0,2.6203903977228826e-10,9.303697812157452e-10,True,True,,True,True,True,True,True,True,0.2264143042266369,0.0,0.0
2787,13.65000020340085,pi_common,4.65010404586792,4.650103886388839,1.5947908060809368e-07,4.985456315558658,1,1,tracking,True,4.9854563155586575,4.985458010053146,0.3353522696907376,0.3353522696907385,-0.9427098120678832,0.6895742091702626,-30.25121718262599,30.283974325524017,43.084556721547514,-30.247868483074335,-5.888029646555135,0.14858628809452057,0.010781322605907917,0.0,0.051018185153332576,False,1,0.0,3.885784350537991e-10,4.072286508005618e-09,True,True,,True,True,True,True,True,True,0.09858628734946251,0.0,0.0
2788,13.700000204145908,pi_common,3.9728156725565587,3.972815749814338,-7.725777928513367e-08,4.984114636175289,1,1,tracking,True,4.984114636175289,4.984157408691026,1.0112989636187306,1.0112989636187306,-0.026864658379176495,0.38801046022286984,18.308656769663116,-6.041662382183308,19.50064256413067,18.316902800831013,-13.545767264379563,0.0,-0.010464888997375965,0.2020283043384552,-0.4249242257338133,False,1,0.0,4.4596392551055075e-11,4.163089983855173e-09,True,True,,True,True,True,True,True,True,0.0,0.0,-0.7979716956615448
2789,13.750000204890966,pi_common,4.781035900115967,4.781035984484395,-8.436842779957487e-08,4.881860716317374,1,1,tracking,True,4.881860716317374,4.881883412669846,0.10082481620140715,0.10082481620140715,-2.04498320333674,-0.71596594022047,-40.36066687995872,-22.079181936978667,46.006429021644344,-40.36237029770509,16.164404310319767,0.2519484758377075,0.012870587408542633,0.0,0.46670952116385817,False,1,0.0,-2.966089526768023e-11,1.2525708692479043e-08,True,True,,True,True,True,True,True,True,0.20194847509264946,0.0,0.0
2790,13.800000205636024,pi_common,4.050330241521199,4.050330250898949,-9.37775013198916e-09,4.7544251335377155,1,1,tracking,True,4.754425133537715,4.754476085316044,0.7040948920165153,0.7040948920165162,-2.5485294595446994,0.7425330757459795,-10.06474421799576,29.15276510256293,30.841818353463026,-10.07092497409071,-14.614112954128098,0.0,-0.008580363355576992,0.05848776176571846,-0.4290190088895111,False,1,0.0,-3.4523931456698076e-10,8.888084157554488e-10,True,True,,True,True,True,True,True,True,0.0,0.0,-0.9415122382342815
2791,13.850000206381083,pi_common,4.686117966969808,4.686117874884553,9.208525497683695e-08,4.616634762673885,1,1,tracking,True,4.616634762673884,4.616658518713336,-0.06948320429592325,-0.06948320429592236,-2.755664748182524,-0.6406432978783495,-4.141044112724424,-27.6581424162826,27.96646992249598,-4.142705711025362,12.715754319492664,0.3291698396205902,0.005531766917556524,0.0,0.28224260125692785,False,1,0.0,3.02519034128812e-11,1.227463969355469e-08,True,True,,True,True,True,True,True,True,0.27916983887553215,0.0,0.0
2792,13.90000020712614,pi_common,4.742107391357422,4.74210725552624,1.3583118185778176e-07,4.472356273243953,1,1,tracking,True,4.472356273243953,4.472383246058493,-0.26975111811346864,-0.26975111811346864,-2.885410016552866,0.38531962914172274,-2.59358869129219,20.51385903224861,20.677176969343527,-2.594905328739741,1.119788471066136,0.43267565965652466,-0.017951292917132378,0.0,-0.4696611896952809,False,1,0.0,-1.1770064090033117e-11,1.3624862404970628e-08,True,True,,True,True,True,True,True,True,0.3826756589114666,0.0,0.0
2793,13.950000207871199,pi_common,4.224581956863403,4.224581880046439,7.681696434502783e-08,4.377314756702227,1,1,tracking,True,4.377314756702226,4.377438754514981,0.15273279983882304,0.15273279983882393,-1.9005494042638789,-0.8287308606008942,19.70335345363894,-24.235171810906394,31.239026753953016,19.69721195226841,-10.350508535645774,0.219524547457695,-0.001992719480767846,0.0,0.3191714639712652,False,1,0.0,6.88085430647356e-11,6.8211117865146775e-09,True,True,,True,True,True,True,True,True,0.219524547457695,0.0,0.0
2794,14.000000208616257,pi_common,5.1516086260477705,5.151608588936394,3.7111376194332024e-08,4.313674765563081,1,1,tracking,True,4.313674765563081,4.313708761670142,-0.8379338604846893,-0.8379338604846893,-1.2730842461303107,0.3473408420894715,12.539767769493903,23.543152447353485,26.675018210045586,12.549302975672177,18.54053310741187,0.7253320813179016,-0.0014847313286736608,0.0,0.010159762890491442,False,1,0.0,1.616341522431286e-11,2.3465202225736448e-08,True,True,,True,True,True,True,True,True,0.6753320805728436,0.0,0.0
2795,14.050000209361315,pi_common,5.832612673441569,5.832612788344957,-1.1490338813757717e-07,4.257752554855737,1,1,tracking,True,4.2577525548557364,4.2577821654105685,-1.5748601185858329,-1.574860118585832,-1.11849414260533,0.06526475557946423,3.09347744013194,-5.635364179071476,6.464672754192627,3.0918020244281714,13.620080744920958,0.75,0.014954688958823681,0.0,0.3287884008506179,False,1,0.0,2.0734985603509948e-10,2.0734985603509948e-10,True,True,,True,True,True,True,True,True,0.6999999992549419,0.0,0.0
2796,14.100000210106373,pi_common,5.473753134409587,5.473753281189201,-1.4677961424069963e-07,4.263113188878437,1,1,tracking,True,4.263113188878437,4.263199808094062,-1.2106399455311498,-1.2106399455311498,0.10724415611030673,0.6394187597321364,24.513733299428463,11.466951577687503,27.065093956216856,24.514765609014265,-7.1771906736911735,0.75,-0.003125014016404748,0.0,-0.3615940541163973,False,1,0.0,6.421558380528825e-11,6.421558380528825e-11,True,True,,True,True,True,True,True,True,0.6999999992549419,0.0,0.0
2797,14.150000210851431,pi_common,5.027325948079427,5.0273259611006775,-1.3021250744316148e-08,4.350130399758417,1,1,tracking,True,4.350130399758417,4.350147808441349,-0.6771955483210101,-0.6771955483210101,1.7400883813225934,-0.45719773861299345,32.65411744451717,-21.931865186274766,39.33710340633832,32.656884017620236,-8.928543593557535,0.6534278392791748,-0.0028518550097942352,0.0,0.005463180050802528,False,1,0.0,-1.1546779244558936e-10,6.9718351092262765e-09,True,True,,True,True,True,True,True,True,0.6034278385341167,0.0,0.0
2798,14.200000211596489,pi_common,5.552747567494711,5.552747628129812,-6.063510138432093e-08,4.477384860834546,1,1,tracking,True,4.477384860834546,4.477394614203731,-1.0753627066601652,-1.0753627066601652,2.544896552285,-0.09476694602481014,16.094453013378157,7.243524672071028,17.65367170447994,16.096163179396612,10.508432231717839,0.75,0.0007263360894285142,0.0,0.07156382091807095,False,1,0.0,1.910513956239479e-11,1.910513956239479e-11,True,True,,True,True,True,True,True,True,0.6999999992549419,0.0,0.0
2799,14.250000212341547,pi_common,5.236990769704183,5.236990821311433,-5.160725002895106e-08,4.624766411411316,1,1,tracking,True,4.624766411411316,4.624767071068424,-0.6122243582928668,-0.6122243582928668,2.9475038253100125,0.09695945871553498,8.052101758026954,3.8318725294216125,8.923260587998904,8.052145340513935,-6.315135861707708,0.6285950541496277,-0.0004450641281437129,0.0,-0.02342800400234008,False,1,0.0,1.1487332732176142e-11,1.680007022386576e-09,True,True,,True,True,True,True,True,True,0.5785950534045696,0.0,0.0
2800,14.300000213086605,pi_common,5.53460693359375,5.534606864691877,6.890187265184977e-08,4.780399308980056,1,1,tracking,True,4.780399308980055,4.780400000731976,-0.7542076246136951,-0.7542076246136942,3.112659460736112,-0.027977026564453153,3.303612930247209,-2.4997952216886494,4.173048225899152,3.3031126593017794,5.95232318909482,0.7090142965316772,0.0027652187272906303,0.0,0.06420565615194804,False,1,0.0,4.1914595058645254e-11,1.2093475554308952e-08,True,True,,True,True,True,True,True,True,0.6590142957866192,0.0,0.0
2801,14.350000213831663,pi_common,5.702114105224609,5.702114023556743,8.166786624741462e-08,4.935263247662221,1,1,tracking,True,4.9352632476622205,4.935270505742426,-0.7668508575623889,-0.766850857562388,3.0973732237670086,0.1279756670322417,-0.30565243254716257,3.127602009330183,3.1440308011821756,-0.3057247348264181,3.350143382696161,0.7249215245246887,0.003596791299059987,0.0,0.0166314511875592,False,1,0.0,-7.185294633588191e-11,1.2250226832932753e-08,True,True,,True,True,True,True,True,True,0.6749215237796307,0.0,0.0
2802,14.400000214576721,pi_common,5.446757952372233,5.446757866604809,8.576742427379713e-08,5.102044893679624,1,1,tracking,True,5.102044893679624,5.102057294126434,-0.3447130586926095,-0.3447130586926095,3.3357757742063323,0.09066497687937701,4.767269829599049,-0.7282464860619922,5.0212152010074975,4.768050937736978,-5.107122980945458,0.5181615352630615,-0.006251645740121603,0.0,-0.1969687378485689,False,1,0.0,-1.5339784303902704e-10,1.5374830297787412e-08,True,True,,True,True,True,True,True,True,0.46816153451800346,0.0,0.0
2803,14.45000021532178,pi_common,6.158965905507405,6.15896591140589,-5.898484367605761e-09,5.204833853762596,1,1,tracking,True,5.2048338537625956,5.204862430213383,-0.9541320517448098,-0.9541320517448089,2.0559288149814035,-0.36874509058916544,-25.597711335713715,-9.194738041055128,27.312074210555902,-25.596938803074465,14.244158850448931,0.75,-0.0040503935888409615,0.0,0.044025042369588575,False,1,0.0,1.3374208598232462e-10,1.3374208598232462e-10,True,True,,True,True,True,True,True,True,0.6999999992549419,0.0,0.0
2804,14.500000216066837,pi_common,6.685456116994221,6.685456232789974,-1.1579575343034776e-07,5.127341702557775,1,1,tracking,True,5.127341702557774,5.127366571166573,-1.5581144144364467,-1.5581144144364458,-1.5499905530381686,-0.02526114715585072,-72.12196009153357,6.851212398320961,72.45215713256415,-72.11838628574374,10.529804072830002,0.75,0.011025169864296913,0.0,0.3015112645698895,False,1,0.0,-6.709456601416974e-11,6.709456601416974e-11,True,True,,True,True,True,True,True,True,0.6999999992549419,0.0,0.0
2805,14.550000216811895,pi_common,6.65423806508382,6.6542380611699,3.913920743059407e-09,5.0787693698399625,1,1,tracking,True,5.078769369839962,5.078792823028519,-1.5754686952438588,-1.575468695243858,-0.9715612703930802,0.44096575480346506,11.568546628715398,9.317949164630498,14.859505809917643,11.568585480516411,-0.6243610289043035,0.75,-0.004470439162105322,0.0,-0.3099121759099934,False,1,0.0,-1.8921510712421874e-10,1.8921510712421874e-10,True,True,,True,True,True,True,True,True,0.6999999992549419,0.0,0.0
2806,14.600000217556953,pi_common,7.691067695617676,7.691067680398251,1.521942483151406e-08,5.060530556494923,1,1,tracking,True,5.060530556494923,5.060535344008055,-2.6305371391227528,-2.6305371391227528,-0.3648855681213057,-0.2830523228841868,12.133240950219204,-14.481159857452116,18.893937773501897,12.133513864632043,20.736592301677803,0.75,-0.004477939568459988,0.0,-0.00015000812485801987,False,1,0.0,-1.9408745270677041e-10,1.9408745270677041e-10,True,True,,True,True,True,True,True,True,0.6999999992549419,0.0,0.0
2807,14.650000218302011,pi_common,7.440280755360922,7.440280581970657,1.7339026481266728e-07,5.0738925946050895,1,1,tracking,True,5.073892594605089,5.073899868950471,-2.3663881607558332,-2.3663881607558324,0.2671891312360441,-0.11532860486869276,12.640458283662845,3.3557380451454426,13.078321687039335,12.641493798774059,-5.015738730394748,0.75,0.005712887737900019,0.0,0.20381654309009697,False,1,0.0,-1.1367649009608183e-10,1.1367649009608183e-10,True,True,,True,True,True,True,True,True,0.6999999992549419,0.0,0.0
2808,14.70000021904707,pi_common,6.812663555145264,6.812663543600967,1.1544297073839971e-08,5.099996362677447,1,1,tracking,True,5.099996362677447,5.100001261442716,-1.7126671924678165,-1.7126671924678165,0.5220590385165693,0.26046520834634457,5.097370425889971,7.515885053286136,9.082777859746734,5.097398069653354,-12.552343817268664,0.75,0.008819244801998138,0.0,0.06212714035619586,False,1,0.0,-2.774954779849459e-10,2.774954779849459e-10,True,True,,True,True,True,True,True,True,0.6999999992549419,0.0,0.0
2809,14.750000219792128,pi_common,6.485745906829834,6.4857459985428605,-9.171302650656799e-08,5.105188382918887,1,1,tracking,True,5.105188382918886,5.105209601856284,-1.380557523910948,-1.380557523910947,0.1037801416645944,0.22670881227574788,-8.36839767526473,-0.6694682346494831,8.397062030130844,-8.365577812382675,-6.538352868879544,0.75,-0.010673523880541325,0.0,-0.3898553678414916,False,0,0.0,4.0440946078024176e-10,4.0440946078024176e-10,True,True,,True,True,True,True,True,True,0.6999999992549419,0.0,0.0
2810,14.800000220537186,pi_common,6.931772073109945,6.931772087006709,-1.389676373975135e-08,5.130901843871188,1,1,tracking,True,5.130901843871188,5.130912189137713,-1.8008702292387575,-1.8008702292387575,0.5142999368932992,-0.5032109563710474,8.210965054740793,-14.598583470598538,16.753530310370444,8.210395782229666,8.920523192676072,0.75,-0.005696031264960766,0.0,0.09954985082820281,False,0,0.0,-2.2287638835188917e-10,2.2287638835188917e-10,True,True,,True,True,True,True,True,True,0.6999999992549419,0.0,0.0
2811,14.850000221282244,pi_common,7.655549049377441,7.655549062984309,-1.3606867632631747e-08,5.735830781885156,1,1,tracking,True,5.735830781885156,5.735864444180942,-1.9197182674922857,-1.9197182674922857,12.098769106667596,-0.11870364103212987,231.68632212795822,7.6866686825172446,231.81454467678043,231.68937994304517,14.475539309647578,0.75,0.0017922369297593832,0.0,0.1497653616627252,False,2,0.0,3.5992820919886204e-11,3.5992820919886204e-11,True,True,,True,True,True,True,True,True,0.6999999992549419,0.0,0.0
2812,14.900000222027302,pi_common,7.693515141805012,7.693515250148958,-1.0834394625902632e-07,6.199887053448587,1,1,tracking,True,6.199887053448587,6.199959454804025,-1.4936280883564246,-1.4936280883564246,9.282091723103434,0.25139966402469316,-56.33133409043629,7.359108789006676,56.81176517022106,-56.33354683184798,0.7593218372366315,0.75,-0.0005586615880019963,0.0,-0.047017969654605245,False,2,0.0,-1.882502216176557e-11,1.882502216176557e-11,True,True,,True,True,True,True,True,True,0.6999999992549419,0.0,0.0
2813,14.95000022277236,pi_common,7.776010831197103,7.776010917890574,-8.669347106859959e-08,6.443090918974963,1,1,tracking,True,6.4430909189749626,6.443229245861677,-1.33291991222214,-1.3329199122221391,4.865208613734943,-0.0340913650444038,-88.33742088709762,-5.655053101849167,88.51904414763251,-88.3376608710361,1.6499137632561838,0.75,0.009597529657185078,0.0,0.20312382187696065,False,2,0.0,1.7428535871444328e-10,1.7428535871444328e-10,True,True,,True,True,True,True,True,True,0.6999999992549419,0.0,0.0
2814,15.000000223517418,pi_common,7.412190755208334,7.41219084325943,-8.805109619203222e-08,6.6545514927159255,1,1,tracking,True,6.654551492715925,6.65474942776665,-0.7576392624924093,-0.7576392624924084,4.229878758373122,0.42552591022831626,-12.705950845925631,9.190693530674485,15.684605578990642,-12.70659691789337,-7.276401411348543,0.7340951561927795,0.011015288531780243,0.0,0.02835517706937824,False,2,0.0,-3.9261194989537174e-10,1.273271188484415e-08,True,True,,True,True,True,True,True,True,0.6840951554477215,0.0,0.0
2815,15.050000224262476,pi_common,6.751745859781902,6.751745875817271,-1.6035368588518395e-08,6.867586443482653,1,1,tracking,True,6.867586443482653,6.8678237459933404,0.11584058370075034,0.11584058370075034,4.26072362369787,0.2994557448285885,0.6050454801032615,-2.400159610348928,2.4754969664716096,0.6168972973024729,-13.20889771170072,0.295907199382782,-0.00494846235960722,0.0,-0.3192750130701808,False,2,0.0,2.0895103008955473e-10,1.36628699465291e-08,True,True,,True,True,True,True,True,True,0.295907199382782,0.0,0.0
2816,15.100000225007534,pi_common,7.02496894200643,7.024968912944629,2.9061800965735074e-08,7.061945075430857,1,1,tracking,True,7.061945075430857,7.062161820237566,0.03697613342442718,0.03697613342442718,3.8873732977966817,-0.4189451728248105,-7.466662910338694,-14.371571992917117,16.19559956265506,-7.467006406756696,5.464461563063725,0.33487722277641296,0.013390392996370792,0.0,0.3667771016541555,False,2,0.0,-2.96792247028721e-10,1.373270785975933e-08,True,True,,True,True,True,True,True,True,0.2848772220313549,0.0,0.0
2817,15.150000225752592,pi_common,7.1456715265909825,7.145671595298588,-6.870760582700086e-08,7.188113864681424,1,1,tracking,True,7.188113864681423,7.188356595613808,0.0424423380904404,0.04244233809044129,2.5232488331097023,0.5822006386796383,-27.272331928806345,20.117836695625147,33.89264318289667,-27.282488887198824,2.4140516557188842,0.33161360025405884,-0.018851881846785545,0.0,-0.6448454872541802,False,2,0.0,-4.023550242981955e-11,4.68801891750914e-09,True,True,,True,True,True,True,True,True,0.2816135995090008,0.0,0.0
2818,15.20000022649765,pi_common,7.779076735178629,7.779076900596028,-1.6541739888964457e-07,7.266785930537831,1,1,tracking,True,7.266785930537831,7.267004482217535,-0.5122908046407977,-0.5122908046407977,1.5732940961883948,-1.001056239248396,-18.99025934158015,-31.70391101142812,36.95667419844017,-18.999094455317582,12.668103982983471,0.6153838038444519,0.006470449734479189,0.0,0.5064466240786519,False,2,0.0,-1.1152823456428429e-11,7.616676844790504e-09,True,True,,True,True,True,True,True,True,0.5653838030993938,0.0,0.0
2819,15.250000227242708,pi_common,7.579522291819254,7.57952241574488,-1.2392562620533454e-07,7.318624247997197,1,1,tracking,True,7.318624247997196,7.31877249032205,-0.26089804382205806,-0.26089804382205717,1.0361667953300837,0.5076608582658375,-10.737867253523579,30.182094233447778,32.03713621931471,-10.742545857089814,-3.9910888077156423,0.49294865131378174,0.002281426452100277,0.0,-0.08378046439915203,False,2,0.0,2.6328785072277094e-11,5.334348573970971e-09,True,True,,True,True,True,True,True,True,0.4429486505687237,0.0,0.0
2820,15.300000227987766,pi_common,7.191393216451008,7.191393142886008,7.356500031363566e-08,7.372983106921566,1,1,tracking,True,7.372983106921566,7.3730995285387815,0.1815898904705584,0.1815898904705584,1.0865470272568758,0.05340891662324121,1.0110461674227342,-9.09202468861902,9.148310194710664,1.0076046235213627,-7.762581391693444,0.2694348096847534,-0.020426113158464432,0.0,-0.4541507854439201,False,2,0.0,-8.142733917693157e-10,6.152363396516591e-09,True,True,,True,True,True,True,True,True,0.2694348096847534,0.0,0.0
2821,15.350000228732824,pi_common,7.065853436787924,7.065853571981666,-1.3519374242321192e-07,7.414035554853213,1,1,tracking,True,7.414035554853214,7.414209384339151,0.3481821180652904,0.34818211806528954,0.8205823540436968,-0.9057692252007705,-5.31878371471895,-19.19231554910221,19.91770497725116,-5.319293384999931,-2.510795555847914,0.1817864328622818,0.0008959125843830407,0.0,0.4264405085024907,False,2,0.0,-7.558824226261418e-12,7.363200660304159e-09,True,True,,True,True,True,True,True,True,0.13178643211722374,0.0,0.0
2822,15.400000229477882,pi_common,7.196958382924397,7.196958444365694,-6.144129738316906e-08,7.422559654063949,1,1,tracking,True,7.4225596540639485,7.422625893063425,0.22560127113955186,0.22560127113955275,0.16915385077776313,0.3502716879652621,-13.053596536685976,25.098220138412557,28.29178121739687,-13.028569871177854,2.6220988836571384,0.24025683104991913,-0.012379315681755543,0.0,-0.2655045613664454,False,2,0.0,-3.2100695365744336e-11,1.9807644968672378e-09,True,True,,True,True,True,True,True,True,0.19025683030486107,0.0,0.0
2823,15.45000023022294,pi_common,7.722483158111572,7.72248301094875,1.4716282237259293e-07,7.400590793315897,1,1,tracking,True,7.400590793315895,7.400680176325123,-0.3218923647956773,-0.3218923647956755,-0.4398780139880068,-0.4534257556724038,-12.177093839687593,-16.075562439464424,20.16792873671142,-12.180637113809762,10.510495347124929,0.5180273056030273,0.009696793742477894,0.0,0.44152218190547554,False,2,0.0,2.665967308024264e-10,2.665967308024264e-10,True,True,,True,True,True,True,True,True,0.4680273048579693,0.0,0.0
2824,15.500000230967999,pi_common,7.682424704233805,7.68242491665195,-2.1241814529560088e-07,7.367111346446392,1,1,tracking,True,7.367111346446392,7.367140792477032,-0.31531335778741276,-0.31531335778741276,-0.6703301068123949,0.6150770757328082,-4.616390469900306,21.377168148699017,21.869953310419646,-4.609041787807688,-0.801169065617001,0.5186792016029358,0.0060364496894180775,0.0,-0.0732068799703288,False,2,0.0,1.2434121354071292e-10,1.754220801952755e-08,True,True,,True,True,True,True,True,True,0.46867920085787773,0.0,0.0
2825,15.550000231713057,pi_common,7.003842353820801,7.00384237137234,-1.7551538888938012e-08,7.35029504380774,1,1,tracking,True,7.350295043807739,7.350315192438107,0.346452689986938,0.3464526899869389,-0.3366652000356364,0.15996566833044887,6.662153378056597,-9.114301519712741,11.289926362591212,6.6732980360952805,-13.571646806026783,0.18346554040908813,0.0014011687599122524,0.0,-0.09270561720869515,False,2,0.0,3.889907905334222e-11,3.8404887603427085e-09,True,True,,True,True,True,True,True,True,0.18346554040908813,0.0,0.0
2826,15.600000232458115,pi_common,7.426306088765461,7.426306172218152,-8.34526909798683e-08,7.3387241745029765,1,1,tracking,True,7.338724174502976,7.338735061849733,-0.0875819142624854,-0.08758191426248452,-0.23150467349876333,-0.06229050331414121,2.1036083194989867,-4.444310392085247,4.918907502327349,2.1032104993971825,8.449274572989204,0.4015776216983795,0.005300529301166534,0.0,0.07798720966298565,False,2,0.0,-1.088312270164371e-10,9.060473982192008e-09,True,True,,True,True,True,True,True,True,0.35157762095332146,0.0,0.0
2827,15.650000233203173,pi_common,7.658023039499918,7.658023062575562,-2.3075643618142294e-08,7.310053481582031,1,1,tracking,True,7.31005348158203,7.310062758467543,-0.34796955791788786,-0.347969557917887,-0.573579528041392,0.16601376753400746,-6.840204044624565,4.561495431202281,8.224128097388428,-6.841496988906323,4.634338945632107,0.5361210703849792,-0.003531616646796465,0.0,-0.1766429163270754,False,2,0.0,1.807080353410928e-11,1.638058444441981e-08,True,True,,True,True,True,True,True,True,0.4861210696399212,0.0,0.0
2828,15.70000023394823,pi_common,7.435145378112793,7.435145344428072,3.368472079046114e-08,7.28733625322493,1,1,tracking,True,7.287336253224929,7.28733689577527,-0.14780912488786413,-0.14780912488786324,-0.4543032483259815,-0.2529321829854202,2.386609618048924,-8.375121864238519,8.713036533383095,2.385525558761109,-4.457553161319783,0.4378884434700012,-0.0110145453363657,0.0,-0.1496585715612982,False,2,0.0,3.33151282602695e-10,8.108011539942339e-09,True,True,,True,True,True,True,True,True,0.38788844272494316,0.0,0.0
2829,15.750000234693289,pi_common,6.595568339029947,6.595568390428908,-5.139896064321192e-08,7.278882317107498,1,1,tracking,True,7.278882317107498,7.278914217491594,0.6833139780775506,0.6833139780775506,-0.16908838263955633,-0.4282309458704755,5.704209676362164,-3.5056512616436954,6.697667174849672,5.704297228727851,-16.79154053144346,0.013785474933683872,0.006046798545867205,0.0,0.34122687255998146,False,2,0.0,-1.7875830416597127e-10,3.08375436297581e-10,True,True,,True,True,True,True,True,True,0.013785474933683872,0.0,-1.0
2830,15.800000235438347,pi_common,7.774945259094238,7.774945244124271,1.4969967487843405e-08,7.26598472615109,1,1,tracking,True,7.26598472615109,7.265986705505721,-0.5089605329431484,-0.5089605329431484,-0.25822945726573904,0.4294288938582056,-1.78907315099564,17.155655762682965,17.256785555121233,-1.782821465957544,23.587538049804113,0.6162847280502319,-0.0018473673844709992,0.0,-0.15788331625411933,False,2,0.0,4.7743209993095226e-11,9.458767546988156e-09,True,True,,True,True,True,True,True,True,0.5662847273051739,0.0,0.0
2831,15.850000236183405,pi_common,7.582755088806152,7.582755111026027,-2.2219874828977026e-08,7.218839003803344,1,1,tracking,True,7.218839003803343,7.218840492498107,-0.3639160850028089,-0.36391608500280803,-0.9429427936362735,-0.11739308824724261,-13.698267223573447,-10.938927205742234,17.539124056709237,-13.694266523350215,-3.8438033484845855,0.5483114719390869,-0.008659605868160725,0.0,-0.13624476764358925,False,2,0.0,1.4315379610885248e-10,7.269937873921606e-09,True,True,,True,True,True,True,True,True,0.49831147119402885,0.0,0.0
2832,15.900000236928463,pi_common,7.149514039357504,7.149513913205859,1.2615164468599005e-07,7.17118213865076,1,1,tracking,True,7.171182138650758,7.171195379849744,0.021668099293254528,0.021668099293256304,-0.9531321723130384,-0.3348433647301478,-0.2061481733153451,-4.330097764330768,4.3743381801048065,-0.2037875704986253,-8.664820859857077,0.35524851083755493,-0.022416971623897552,0.0,-0.2751473110147221,False,2,0.0,-9.299425812736573e-12,1.0438360231734833e-08,True,True,,True,True,True,True,True,True,0.35524851083755493,0.0,0.0
2833,15.950000237673521,pi_common,7.533660888671875,7.533660907928787,-1.925691162085741e-08,7.137648308857721,1,1,tracking,True,7.13764830885772,7.137791688418743,-0.3960125798141547,-0.39601257981415383,-0.6708633587400483,-0.7701098479819726,5.638754930573301,-8.687097157647607,10.377638085091325,5.64537618733714,7.682936871802743,0.5690390467643738,-0.004001707304269075,0.0,0.3683052809043932,False,2,0.0,-2.386352313671347e-11,2.8613313496350656e-08,True,True,,True,True,True,True,True,True,0.5190390460193157,0.0,0.0
2834,16.00000023841858,pi_common,7.23291540145874,7.232915576092896,-1.7463415602492205e-07,7.111110074637418,1,1,tracking,True,7.111110074637415,7.111141008308352,-0.12180532682132483,-0.12180532682132217,-0.532235692163365,0.2199445622425524,2.74267170799373,19.827074286077444,20.01813500308819,2.7725532902194034,-6.014909654633557,0.43345797061920166,-0.01509641483426094,0.0,-0.22189414729335685,False,2,0.0,-1.2931232300228412e-10,1.235660274101491e-08,True,True,,True,True,True,True,True,True,0.3834579698741436,0.0,0.0
2835,16.050000239163637,pi_common,7.688166777292887,7.688166880502553,-1.032096665909421e-07,7.1009745676628695,1,1,tracking,True,7.100974567662868,7.10106751542439,-0.5871922096300191,-0.5871922096300173,-0.20302873620467785,-0.44637046680871906,6.588363037079144,-13.316040361195316,14.857019998439625,6.584139021062425,9.10502738100745,0.6734912991523743,0.0020060131791979074,0.0,0.3420485551722563,False,2,0.0,-9.785359111544323e-11,3.244320478934526e-09,True,True,,True,True,True,True,True,True,0.6234912984073162,0.0,0.0
2836,16.100000239908695,pi_common,7.70238224665324,7.702382274511671,-2.7858431117522287e-08,7.100261706090955,1,1,tracking,True,7.100261706090953,7.100268702636396,-0.6021205405622867,-0.6021205405622849,-0.015157492439865928,0.37018022359484265,3.74432609018263,16.336881190524572,16.761004818132392,3.757424819306246,0.2843093829705268,0.6884819865226746,-0.0018176732119172812,0.0,-0.07647372668275644,False,2,0.0,-2.7119702750849628e-11,1.1790663778654675e-08,True,True,,True,True,True,True,True,True,0.6384819857776165,0.0,0.0
2837,16.150000240653753,pi_common,7.670899868011475,7.670899862478303,5.533171254512581e-09,7.13203045421343,1,1,tracking,True,7.132030454213428,7.132038237321918,-0.5388694137980465,-0.5388694137980448,0.6353551692171505,-0.029964379899063795,13.009933482255706,-8.002985526702515,15.278297445451193,13.010253039272452,-0.6296475634528303,0.6635922789573669,0.0008591334335505962,0.0,0.053536132111607015,False,2,0.0,-1.2666828631997806e-11,1.6537160529850325e-10,True,True,,True,True,True,True,True,True,0.6135922782123089,0.0,0.0
2838,16.20000024139881,pi_common,7.730298042297363,7.730297888778267,1.5351909610217263e-07,7.193107255969748,1,1,tracking,True,7.193107255969744,7.193108670271781,-0.5371907863276189,-0.5371907863276153,1.2214160863737267,0.08175175261463906,11.72076086577075,2.2250674276679194,11.931935699785646,11.721218168471761,1.1879634680157383,0.6694678664207458,0.006627896800637245,0.0,0.11537526562250755,False,2,0.0,-1.890121774372755e-10,1.6104067190880755e-08,True,True,,True,True,True,True,True,True,0.6194678656756878,0.0,0.0
2839,16.25000024214387,pi_common,7.666125456492107,7.66612536875298,8.773912707482623e-08,7.276286812955766,1,1,tracking,True,7.276286812955763,7.276292497333539,-0.38983864353634434,-0.3898386435363417,1.6635947221325782,0.2731094098927782,8.842236300354484,3.845263914653946,9.645347378824074,8.84357258339753,-1.283451696980199,0.6006647348403931,-0.00905852485448122,0.0,-0.3137284284274514,False,2,0.0,-2.217360288436776e-10,2.7197466057060637e-08,True,True,,True,True,True,True,True,True,0.550664734095335,0.0,0.0
2840,16.300000242888927,pi_common,7.337375322977703,7.337375194702958,1.282747446040844e-07,7.3735015395401575,1,1,tracking,True,7.373501539540157,7.373509929849236,0.03612621656245363,0.036126216562454516,1.944453810775193,-0.4898572701939065,5.620813960952636,-15.281453559711546,16.284469514180707,5.617181689149765,-6.575002572312913,0.3872307538986206,0.02378489077091217,0.0,0.6568683027197674,False,2,0.0,-2.9742538293353604e-10,3.760807776309605e-10,True,True,,True,True,True,True,True,True,0.3872307538986206,0.0,0.0
2841,16.350000243633986,pi_common,7.203783194224039,7.203783215032395,-2.0808355927215416e-08,7.461690062718212,1,1,tracking,True,7.461690062718211,7.46177948640704,0.2579068684941719,0.25790686849417277,1.7642557662854979,1.1338111032512876,-3.590279505386223,32.527164342902594,32.72601958428568,-3.603960836090701,-2.6718425352597213,0.2731165885925293,-0.002224241616204381,0.0,-0.5201826399910057,False,2,0.0,1.894284208658892e-12,3.812096915911667e-09,True,True,,True,True,True,True,True,True,0.22311658784747124,0.0,0.0
2842,16.400000244379044,pi_common,7.251962343851725,7.2519620774866524,2.6636507222121963e-07,7.515634494711341,1,1,tracking,True,7.51563449471134,7.515648023645436,0.26367215085961515,0.26367215085961604,1.078659810730831,-0.4423230653424489,-13.721196294063219,-31.508250135071126,34.366338086570074,-13.711918906769824,0.9635829781952057,0.26693806052207947,-0.010010721161961555,0.0,-0.1557295885945918,False,2,0.0,1.4297511438665644e-10,1.1235032848500026e-08,True,True,,True,True,True,True,True,True,0.2169380597770214,0.0,0.0
2843,16.4500002451241,pi_common,7.509964942932129,7.5099649960151105,-5.308298156592173e-08,7.534111670371478,1,1,tracking,True,7.534111670371477,7.534136346186911,0.02414672743934787,0.02414672743934876,0.36949038820452496,-0.48031699138086,-14.18024651413084,-0.7522529581734742,14.203239323111626,-14.183388239177166,5.16005190471732,0.38639894127845764,0.021260617300868034,0.0,0.6254267599370068,False,2,0.0,5.098183264440337e-10,1.4378766899358908e-08,True,True,,True,True,True,True,True,True,0.3363989405333996,0.0,0.0
2844,16.50000024586916,pi_common,7.713784058888754,7.71378413427222,-7.538346658009232e-08,7.532555631694095,1,1,tracking,True,7.532555631694095,7.532638996256047,-0.18122842719465915,-0.18122842719465915,-0.031066266155517098,1.035858343766602,-8.008782895782081,30.32552773084332,31.36555034664886,-8.011132967825658,4.076382258389669,0.4913518726825714,0.0017461872193962336,0.0,-0.39028859581368275,False,2,0.0,3.019632720951959e-11,1.3092187056695792e-08,True,True,,True,True,True,True,True,True,0.44135187193751335,0.0,0.0
2845,16.550000246614218,pi_common,7.574314276377361,7.574314143043549,1.3333381243540998e-07,7.5318271848965574,1,1,tracking,True,7.531827184896557,7.531841784562611,-0.04248709148080465,-0.04248709148080376,-0.015442262580212023,-0.2209240112289138,0.2822148785567521,-25.136511575407678,25.13814230375288,0.3124800668497857,-2.7893956086626193,0.4225122928619385,-0.002256490057334304,0.0,-0.08005354434171998,False,2,0.0,1.433936086189802e-11,1.2477057942383851e-08,True,True,,True,True,True,True,True,True,0.3725122921168804,0.0,0.0
2846,16.600000247359276,pi_common,7.83527135848999,7.835271272290022,8.619996805236951e-08,7.5365545410072485,1,1,tracking,True,7.5365545410072485,7.536558702566045,-0.2987168174827417,-0.2987168174827417,0.09454067181123141,-0.19851215820011187,2.1991249427888127,0.4482392157471786,2.2463211721985887,2.1996586550514006,5.219141564481311,0.55436110496521,0.014523382298648357,0.0,0.33559744211886167,False,2,0.0,7.187575881695274e-11,1.305185848288204e-09,True,True,,True,True,True,True,True,True,0.5043611042201519,0.0,0.0
2847,16.650000248104334,pi_common,7.345365365346272,7.345365259954409,1.0539186234836961e-07,7.54437266095377,1,1,tracking,True,7.544372660953768,7.544412549607146,0.19900729560749664,0.1990072956074984,0.1563991865178315,0.6227020097009448,1.2425281459908504,16.4268563766076,16.473860636352832,1.237170275696728,-9.798119716871012,0.3030114471912384,-0.010845383629202843,0.0,-0.5073753109965428,False,2,0.0,-4.0108592141985255e-10,8.691503905478015e-09,True,True,,True,True,True,True,True,True,0.3030114471912384,0.0,0.0
2848,16.700000248849392,pi_common,7.964429060618082,7.964428902307135,1.5831094746232566e-07,7.558004497205744,1,1,tracking,True,7.558004497205742,7.55801090495554,-0.40642456341234023,-0.40642456341233846,0.2727608750525525,-0.6873314127085038,2.3306690555673395,-26.201534204015456,26.305192603514506,2.3272337360159345,12.381273720940854,0.6108077168464661,-0.01269781868904829,0.0,-0.03704870064484029,False,2,0.0,6.525286908032335e-11,2.4335448545187433e-08,True,True,,True,True,True,True,True,True,0.560807716101408,0.0,0.0
2849,16.75000024959445,pi_common,7.5197065671285,7.519706467509136,9.961936431324148e-08,7.559435308544791,1,1,tracking,True,7.559435308544789,7.5594859004743205,0.03972874141628946,0.039728741416291236,0.02856059479019966,-0.42455012114770097,-4.888229848735027,5.253991567916697,7.176497131022528,-4.884005532469703,-8.894449737254014,0.3872344195842743,0.022293606773018837,0.0,0.6998284988130853,False,2,0.0,-7.133232129974409e-10,1.1237324626378609e-08,True,True,,True,True,True,True,True,True,0.3872344195842743,0.0,0.0
2850,16.800000250339508,pi_common,8.130371888478598,8.130371617094223,2.713843745283384e-07,7.568268061721965,1,1,tracking,True,7.568268061721964,7.568336174940206,-0.5621038267566334,-0.5621038267566325,0.1766110588579883,1.1768498276593673,2.9604314161091194,32.02786643431994,32.16487571941285,2.9610092372332972,12.213306245009509,0.6951770186424255,-0.007052239030599594,0.0,-0.5869169073266252,False,2,0.0,6.490682210452681e-11,5.795206869940728e-09,True,True,,True,True,True,True,True,True,0.6451770178973675,0.0,0.0
2851,16.850000251084566,pi_common,7.915980021158854,7.915979978203815,4.2955038637160214e-08,7.579181898633628,1,1,tracking,True,7.579181898633627,7.579183291833479,-0.33679812252522634,-0.33679812252522545,0.21776567531583507,-0.5939450619116096,0.8021092481403523,-35.41274159117946,35.430441612800806,0.823092316891904,-4.287837282501126,0.5867341160774231,-0.00990307331085205,0.0,-0.057016684755434324,False,2,0.0,-5.6103012860408974e-11,2.1248390824624153e-08,True,True,,True,True,True,True,True,True,0.536734115332365,0.0,0.0
2852,16.900000251829624,pi_common,7.653243700663248,7.653243559688619,1.4097462930351412e-07,7.610312893529704,1,1,tracking,True,7.610312893529702,7.610330508521946,-0.04293080713354591,-0.042930807133544135,0.6226090608718712,-0.38739611260299683,8.085051853656395,4.126982323156772,9.07748703487954,8.096867590467992,-5.254726331610585,0.4403371214866638,-0.008783664554357529,0.0,0.02238817479628064,False,2,0.0,4.5958165745263457e-10,6.759524717736554e-09,True,True,,True,True,True,True,True,True,0.39033712074160576,0.0,0.0
2853,16.950000252574682,pi_common,7.785539786020916,7.7855397687373475,1.7283568354287127e-08,7.649827991404817,1,1,tracking,True,7.649827991404816,7.649864564981992,-0.13571179461609972,-0.13571179461609884,0.7901762832804679,-0.21344264580210276,3.3476999273472727,3.473694674042524,4.829301765988247,3.3513443982330102,2.6459216677260504,0.48842400312423706,0.004948117304593325,0.0,0.27463563308662725,False,2,0.0,4.255883319370657e-11,2.8021588938109687e-09,True,True,,True,True,True,True,True,True,0.438424002379179,0.0,0.0
2854,17.00000025331974,pi_common,7.793701807657879,7.793701844647892,-3.699001283052894e-08,7.684502220417228,1,1,tracking,True,7.684502220417227,7.68450326387717,-0.10919958724065193,-0.10919958724065104,0.693136664244728,0.3989905000864204,-1.9446883678251832,12.23459491548268,12.39406409807421,-1.9407923517947379,0.16324043030678584,0.476532906293869,0.006533291656523943,0.0,0.0317034865661936,False,2,0.0,-9.834041740652832e-11,9.194348837837651e-09,True,True,,True,True,True,True,True,True,0.42653290554881096,0.0,0.0
2855,17.0500002540648,pi_common,7.425901889801025,7.425901821738737,6.806228824984828e-08,7.719490468829182,1,1,tracking,True,7.719490468829181,7.719497726971109,0.2935885790281558,0.2935885790281567,0.6997812848885957,0.2548789895319828,0.12681156181492817,-2.871742100709097,2.8901742666144044,0.1328924108971033,-7.355998247524153,0.27146896719932556,-0.0013810348464176059,0.0,-0.15828652770017793,False,2,0.0,-2.7420945288708642e-12,1.052674636348172e-08,True,True,,True,True,True,True,True,True,0.27146896719932556,0.0,0.0
2856,17.100000254809856,pi_common,7.5874492327372245,7.587449276379459,-4.364223471498008e-08,7.74358539485529,1,1,tracking,True,7.743585394855289,7.743588228738338,0.1561361621180648,0.1561361621180657,0.48197634876340306,-0.16810021053856158,-4.354865210696609,-8.463219845648172,9.530981196413123,-4.356098657592924,3.230946810579123,0.3382434546947479,0.0025402549654245377,0.0,0.07842579506820746,False,2,0.0,-5.598851070265365e-11,8.377318339025663e-09,True,True,,True,True,True,True,True,True,0.28824345394968987,0.0,0.0
2857,17.150000255554914,pi_common,7.621936162312825,7.6219362191044056,-5.679158032734222e-08,7.7449684738465745,1,1,tracking,True,7.744968473846574,7.744971956864253,0.12303231153374838,0.12303231153374927,0.02766300879074027,0.09916333859629231,-9.083936492637685,5.351915931674564,10.54335884101043,-9.086266664057332,0.6897385812341089,0.3532574772834778,0.022473784163594246,0.0,0.39867057802273964,False,2,0.0,-8.671405885007921e-10,7.163658277686835e-09,True,True,,True,True,True,True,True,True,0.3032574765384197,0.0,0.0
2858,17.200000256299973,pi_common,7.280609448750814,7.28060924510991,2.0364090413949043e-07,7.732762499914937,1,1,tracking,True,7.732762499914936,7.732886220927437,0.45215305116412186,0.45215305116412274,-0.24411979123146105,0.9265976190049099,-5.437262020577035,16.549167571048326,17.419792677499206,-5.435655919446442,-6.826534169516931,0.18304520845413208,-0.0024021936114877462,0.0,-0.49751954808802085,False,2,0.0,4.769913804214543e-11,7.045954375506369e-09,True,True,,True,True,True,True,True,True,0.13304520770907402,0.0,0.0
2859,17.25000025704503,pi_common,7.683721860249836,7.683721989075155,-1.2882531930102914e-07,7.707927399524935,1,1,tracking,True,7.707927399524934,7.707932679806241,0.02420553927509772,0.02420553927509861,-0.49788000282352857,-0.46559304725792416,-5.104047896046686,-27.851384482035414,28.31744205224935,-5.075204156214915,8.062248109843575,0.3967163860797882,-0.015612765215337276,0.0,-0.26421142813993354,False,2,0.0,4.072156882528599e-10,2.0274542045228827e-09,True,True,,True,True,True,True,True,True,0.34671638533473015,0.0,0.0
2860,17.30000025779009,pi_common,7.617395877838135,7.617395969004434,-9.116629939853738e-08,7.6652574467459065,1,1,tracking,True,7.665257446745905,7.665287944133286,0.047861568907769936,0.04786156890777171,-0.853230938356497,-0.7194403114519802,-7.114684340093404,-5.0683728619450275,8.735418470996251,-7.107018604756539,-1.326519628467343,0.38429009914398193,-0.02369210310280323,0.0,-0.16158675534148878,False,2,0.0,-6.261432691778701e-10,4.5266618786676815e-09,True,True,,True,True,True,True,True,True,0.3342900983989239,0.0,0.0
2861,17.350000258535147,pi_common,6.980662186940512,6.9806622603650075,-7.342449581670962e-08,7.623944972868241,1,1,tracking,True,7.623944972868239,7.6241158367323125,0.6432827859277275,0.6432827859277293,-0.8266636647398066,-0.7766220286530922,0.5137734312066558,-1.1223649985386808,1.2457009138154376,0.531345464416144,-12.734673628191038,0.07853846251964569,0.03869639337062836,0.0,1.2477699108754112,False,2,0.0,-1.6307760974942909e-09,2.3028980389305787e-09,True,True,,True,True,True,True,True,True,0.02853846177458763,0.0,0.0
2862,17.400000259280205,pi_common,7.960294405619303,7.960294602619126,-1.96999823565136e-07,7.575848157398703,1,1,tracking,True,7.575848157398701,7.576015214291289,-0.3844462482206019,-0.38444624822060014,-0.9619909989123098,2.0126795278339036,-2.70759924126409,55.78696343762203,55.85502274117978,-2.7065466431193763,19.592644081622677,0.597208559513092,-0.00723595404997468,0.0,-0.9186469347231547,False,2,0.0,5.873215542379073e-11,4.047813417784596e-09,True,True,,True,True,True,True,True,True,0.547208558768034,0.0,0.0
2863,17.450000260025263,pi_common,7.877319653828938,7.8773196670422365,-1.3213298899472647e-08,7.509570732408836,1,1,tracking,True,7.509570732408835,7.509573249094176,-0.3677489214201026,-0.36774892142010174,-1.326674801471043,-0.7762543486421646,-7.3453165895748,-55.803260347550115,56.28482524199034,-7.293675942490424,-1.6594950110789009,0.5934567451477051,-0.033348243683576584,0.0,-0.5222457848899694,False,2,0.0,-1.1105812589007336e-09,8.503574067120212e-09,True,True,,True,True,True,True,True,True,0.543456744402647,0.0,0.0
2864,17.50000026077032,pi_common,7.8359162012736,7.835916397255247,-1.9598164691103648e-07,7.452349396516405,1,1,tracking,True,7.452349396516404,7.452544592039789,-0.38356680475719607,-0.3835668047571943,-1.14403083378056,-1.3910842918557074,3.622627092658214,-12.2452439277037,12.770150226195586,3.652879299377516,-0.8280690387675688,0.6061602830886841,0.03080405853688717,0.0,1.2830460252903995,False,2,0.0,-2.2919269954124744e-10,2.637948748329677e-09,True,True,,True,True,True,True,True,True,0.556160282343626,0.0,0.0
2865,17.55000026151538,pi_common,7.786154429117838,7.786154425472545,3.6452929563779435e-09,7.425198700224318,1,1,tracking,True,7.425198700224314,7.4252694790284615,-0.3609557288935239,-0.36095572889352034,-0.5425004783439036,1.745944771911618,12.042786729194857,62.73059632353378,63.876936556388706,12.030606929463115,-0.9952354282850708,0.5993666648864746,0.04160778596997261,0.0,0.2160745454419472,False,2,0.0,1.4905090633954288e-09,2.4310826018947296e-08,True,True,,True,True,True,True,True,True,0.5493666641414165,0.0,0.0
2866,17.600000262260437,pi_common,7.495275179545084,7.495275298521425,-1.1897634077939756e-07,7.424108042751122,1,1,tracking,True,7.42410804275112,7.424592823357683,-0.07116713679396369,-0.07116713679396192,-0.02283158968325058,1.4050142543880524,10.314031585982075,-6.843512951721277,12.378380126908073,10.393377618339665,-5.817584904766307,0.4553619921207428,-0.0022673713974654675,0.0,-0.8775031342729459,False,2,0.0,1.932967501339089e-11,9.750040996792109e-09,True,True,,True,True,True,True,True,True,0.40536199137568474,0.0,0.0
2867,17.650000263005495,pi_common,7.343340714772542,7.34334068461321,3.0159331920742716e-08,7.444880051049196,1,1,tracking,True,7.444880051049196,7.444921326812121,0.10153933627665435,0.10153933627665435,0.41142007990320495,-0.8315114198489685,8.609590809302194,-44.731569274968315,45.55267931204247,8.68503326231203,-3.038689250170842,0.3677394986152649,0.0007526152185164392,0.0,0.060399731419611996,False,2,0.0,-4.638559501779493e-12,5.497757415984239e-09,True,True,,True,True,True,True,True,True,0.3677394986152649,0.0,0.0
2868,17.700000263750553,pi_common,7.578953107198078,7.578953224109944,-1.1691186596607395e-07,7.460655406857789,1,1,tracking,True,7.460655406857788,7.460671129654745,-0.11829770034028986,-0.11829770034028897,0.3152530292969729,-0.11873261186956847,-1.9149936382275272,14.259837658775659,14.390698534937268,-1.923340983464627,4.7122477782927605,0.47913673520088196,-0.012684249319136143,0.0,-0.268737286748554,False,2,0.0,1.2601392498923225e-10,8.496900294474585e-09,True,True,,True,True,True,True,True,True,0.4291367344558239,0.0,0.0
2869,17.75000026449561,pi_common,7.876237392425537,7.876237429033516,-3.6607978870506486e-08,7.468249480228217,1,1,tracking,True,7.468249480228217,7.468278855331596,-0.4079879121973198,-0.4079879121973198,0.15176796201807075,-0.6014491181918472,-3.268833849585483,-9.652082310503847,10.19078195991426,-3.2697012968556973,5.945685615951557,0.6290817260742188,0.018574628978967667,0.0,0.6251775566462047,False,2,0.0,-2.684576796974092e-10,2.7469460928131184e-08,True,True,,True,True,True,True,True,True,0.5790817253291607,0.0,0.0
2870,17.80000026524067,pi_common,7.887080987294516,7.887080954016594,3.327792175156219e-08,7.487239829627111,1,1,tracking,True,7.48723982962711,7.487295021611935,-0.3998411576674057,-0.3998411576674048,0.3798118859930958,0.9711238703320262,4.561696409490719,31.451659991223977,31.780766865980866,4.560878411538116,0.21687189414792607,0.6300063133239746,-0.0020670746453106403,0.0,-0.41283406633385916,False,2,0.0,5.1117800096978083e-11,2.2561144508159714e-08,True,True,,True,True,True,True,True,True,0.5800063125789165,0.0,0.0
2871,17.850000265985727,pi_common,8.058790524800619,8.05879035377844,1.7102217952924548e-07,7.530991806011641,1,1,tracking,True,7.530991806011641,7.530993312438671,-0.5277987187889783,-0.5277987187889783,0.8744841531244513,-0.33528674938140035,9.871951924735468,-26.119794907949068,27.92321968882072,9.893445195203288,3.4341906989486413,0.7005826234817505,-0.03930600732564926,0.0,-0.7447786425087058,False,2,0.0,1.5087609286923431e-09,2.2952672207310343e-08,True,True,,True,True,True,True,True,True,0.6505826227366924,0.0,0.0
2872,17.900000266730785,pi_common,7.955047130584717,7.955047233562603,-1.0297788577418032e-07,7.597636716178225,1,1,tracking,True,7.597636716178225,7.597900673978545,-0.357410414406492,-0.357410414406492,1.333348955610149,-1.6466890398576703,9.163249222979323,-26.264880081382596,27.818925361543787,9.177295912961588,-2.0748678534001055,0.619856059551239,0.014352623373270035,0.0,1.073172597986868,False,2,0.0,1.4461598585313595e-10,1.9033250087119313e-08,True,True,,True,True,True,True,True,True,0.569856058806181,0.0,0.0
2873,17.950000267475843,pi_common,7.7060089111328125,7.706008912326812,-1.1939995658849512e-09,7.684737203280743,1,1,tracking,True,7.684737203280743,7.6847380219806185,-0.021271707852069888,-0.021271707852069888,1.7413843850595985,1.221573592430459,8.143747487115485,57.35151245033831,57.927599881800674,8.160708467384957,-4.980764314818914,0.45205262303352356,-0.006914146710187197,0.0,-0.42533539533115333,False,2,0.0,1.8986233245310569e-10,1.3741324189631143e-09,True,True,,True,True,True,True,True,True,0.45205262303352356,0.0,0.0
2874,18.0000002682209,pi_common,7.668155829111736,7.668155635989984,1.9312175236763096e-07,7.770537327422437,1,1,tracking,True,7.770537327422436,7.770546441668234,0.10238149831069965,0.10238149831070054,1.716141869880392,-0.3777468849595435,-0.48252361687986534,-32.01817451833879,32.02270594961949,-0.5048502960612722,-0.7570616291404284,0.3889462351799011,0.019867224618792534,0.0,0.5356274185981241,False,2,0.0,5.69371275821462e-10,1.4650150981232457e-08,True,True,,True,True,True,True,True,True,0.34806425496935844,0.0,0.0
2875,18.05000026896596,pi_common,7.75216261545817,7.752162652219757,-3.676158666365836e-08,7.833774477967845,1,1,tracking,True,7.833774477967845,7.833834112007912,0.08161186250967489,0.08161186250967489,1.2651260883096584,0.9714430350911644,-9.011922054839182,27.022033026857027,28.49111857740341,-9.020315497001498,1.6801357018927026,0.39831092953681946,-0.04204285889863968,0.0,-1.238201651898002,False,2,0.0,-1.8015418393191318e-09,1.010282685287578e-08,True,True,,True,True,True,True,True,True,0.3483109287917614,0.0,0.0
2876,18.100000269711018,pi_common,7.950242201487223,7.950242137392968,6.409425434839022e-08,7.8731503507473395,1,1,tracking,True,7.8731503507473395,7.87338897135113,-0.07709185073988323,-0.07709185073988323,0.7888277565758157,-2.0796393832005036,-9.49243068816952,-61.064670942448544,61.80037217342398,-9.525966492728893,3.9615916615487388,0.47862643003463745,0.02497093565762043,0.0,1.3402758711535354,False,2,0.0,-6.84616915241909e-10,5.827257787416329e-09,True,True,,True,True,True,True,True,True,0.4286264292895794,0.0,0.0
2877,18.150000270456076,pi_common,7.833662827809652,7.833662963333467,-1.3552381439296823e-07,7.901789605234227,1,1,tracking,True,7.901789605234227,7.901819507701416,0.06812677742457485,0.06812677742457485,0.5727296208280495,1.5949317519754658,-4.324906474238637,73.49019215035895,73.61737295804544,-4.321962650553063,-2.3315874388080484,0.40516552329063416,-0.005215584300458431,0.0,-0.6037303901652934,False,2,0.0,-1.4824136709834512e-10,2.1040196807042832e-09,True,True,,True,True,True,True,True,True,0.40516552329063416,0.0,0.0
2878,18.200000271201134,pi_common,7.808490753173828,7.808490787498236,-3.4324408204611245e-08,7.926521551549761,1,1,tracking,True,7.926521551549761,7.926528245047643,0.11803079837593256,0.11803079837593256,0.4948101670508222,-0.46379873354621054,-1.5469224990288286,-41.17875528526889,41.208407574753664,-1.5583890523227386,-0.5034414852146205,0.378738135099411,0.06715290993452072,0.0,1.4473698631320915,False,2,0.0,-2.598982459800503e-09,5.182120121904887e-09,True,True,,True,True,True,True,True,True,0.32873813435435295,0.0,0.0
2879,18.250000271946192,pi_common,7.5841911633809405,7.58419131043753,-1.4705658912816943e-07,7.935306580019743,1,1,tracking,True,7.935306580019742,7.936099340972188,0.35111541663880175,0.35111541663880264,0.17676121515910356,2.8123260710404723,-6.32791526582943,65.55769282945771,65.86243607370972,-6.3609789430484005,-4.485991729011268,0.2578068673610687,-0.04840903356671333,0.0,-2.311238835584539,False,2,0.0,9.532202943640655e-10,1.0651401760597423e-08,True,True,,True,True,True,True,True,True,0.2103145346045494,0.0,0.0
2880,18.30000027269125,pi_common,7.655758698781332,7.655758788388042,-8.96067096078923e-08,7.92818032701679,1,1,tracking,True,7.928180327016788,7.928250397745085,0.2724216282354561,0.2724216282354579,-0.14503718352683045,-2.6799624982475443,-6.501728075447893,-109.84167023470367,110.03397770578593,-6.435967877815285,1.4313506866790429,0.29374849796295166,0.01326085440814495,0.0,1.2333977411181072,False,2,0.0,-7.854056467693216e-11,3.847505480880642e-09,True,True,,True,True,True,True,True,True,0.24625616520643234,0.0,0.0
2881,18.350000273436308,pi_common,7.826818148295084,7.82681820876127,-6.046618583610552e-08,7.902966001267452,1,1,tracking,True,7.902966001267453,7.902978586356972,0.07614785297236892,0.07614785297236804,-0.5038650460467498,0.9384807203046936,-7.141330864343709,72.36689791177092,72.71841135091044,-7.176557143459351,3.4211889392953534,0.3909335434436798,0.01867840811610222,0.0,0.10835107254458856,False,2,0.0,-1.6393716592566498e-10,2.1780159897843987e-09,True,True,,True,True,True,True,True,True,0.3434412106871605,0.0,0.0
2882,18.400000274181366,pi_common,7.8486857414245605,7.84868595435216,-2.1292759910807035e-07,7.870895197954652,1,1,tracking,True,7.87089519795465,7.870991614874715,0.022209456530089433,0.02220945653009121,-0.6415716504067255,0.7088827574750428,-2.771307534207748,-4.6010764288547605,5.411299716119053,-2.754132046159749,0.43735185607247956,0.4176251292228699,-0.03924122825264931,0.0,-1.158392710113634,False,2,0.0,-9.166045283892643e-10,7.946830637983737e-09,True,True,,True,True,True,True,True,True,0.37013279646635056,0.0,0.0
2883,18.450000274926424,pi_common,7.30456240971883,7.304562309926507,9.979232284962336e-08,7.839340326342249,1,1,tracking,True,7.839340326342249,7.839560230689476,0.534777916623419,0.534777916623419,-0.630851919175124,-1.9950747564563176,0.21947846942399105,-54.074068474201894,54.07630711878964,0.2143946214373017,-10.88246647195322,0.15465617179870605,0.02323943004012108,0.0,1.2496131472347207,False,2,0.0,7.24812890262605e-10,4.6267336073491094e-09,True,True,,True,True,True,True,True,True,0.10716383904218674,0.0,0.0
2884,18.500000275671482,pi_common,7.84464168548584,7.8446415222438155,1.6324202434248036e-07,7.807716821594417,1,1,tracking,True,7.807716821594415,7.807749227973687,-0.03692486389142502,-0.03692486389142324,-0.6333384874885285,1.501865912876917,-0.08037220253380059,69.94819151472886,69.95515861060355,-0.049731365527035845,10.801585354384029,0.4409691095352173,-0.04058687016367912,0.0,-1.2765259850542845,False,2,0.0,-1.6460407481488915e-09,8.699696851799388e-09,True,True,,True,True,True,True,True,True,0.3909691087901592,0.0,0.0
2885,18.55000027641654,pi_common,7.638283411661783,7.638283425410457,-1.374867331094265e-08,7.753082378401743,1,1,tracking,True,7.753082378401742,7.753350615524725,0.11479896673995871,0.1147989667399596,-1.0921620839477442,-1.893069299262935,-9.146745345307538,-67.88615268769661,68.50018819554268,-9.176471792444229,-4.127165414981574,0.3636722266674042,0.04133671149611473,0.0,1.6384716087807476,False,2,0.0,-1.2736200080687432e-09,1.085381390319995e-08,True,True,,True,True,True,True,True,True,0.3554396191611886,0.0,0.0
2886,18.600000277161598,pi_common,7.608254909515381,7.608255148371654,-2.388562734267907e-07,7.703944045740237,1,1,tracking,True,7.7039440457402355,7.704092334488921,0.09568913622485464,0.09568913622485642,-0.9834043346195128,2.154584562396502,2.15514596739427,80.96438073163286,80.99305938198326,2.1751549541522923,-0.6005700339788572,0.37203100323677063,0.04183632507920265,0.0,0.009992271512861974,False,2,0.0,-1.7987577469180671e-09,1.3613737026574313e-08,True,True,,True,True,True,True,True,True,0.32999855652451515,0.0,0.0
2887,18.650000277906656,pi_common,7.251056830088297,7.251056768055747,6.203254976355765e-08,7.66071786690024,1,1,tracking,True,7.660717866900239,7.661200157308656,0.40966103681194177,0.40966103681194266,-0.8668940516980397,1.3154959408563656,2.1760186249332896,-16.852283679929975,16.99953788579408,2.3302056237066933,-7.143961482088357,0.20992431044578552,-0.026285376399755478,0.0,-1.3624340092773137,False,2,0.0,9.173263051942548e-10,6.925275575220269e-09,True,True,,True,True,True,True,True,True,0.16789186373353004,0.0,0.0
2888,18.700000278651714,pi_common,7.521235783894857,7.521235724791654,5.9103203220445266e-08,7.613748776876253,1,1,tracking,True,7.613748776876252,7.613760809420232,0.09251299298139504,0.09251299298139593,-0.940759032236247,-1.7951034393933079,-1.4998794634351933,-62.227014002361486,62.24512245323633,-1.4772995887506675,5.403578995611607,0.36734190583229065,0.009120210073888302,0.0,0.7081117189211887,False,2,0.0,-1.766015406828858e-10,7.173993343823071e-09,True,True,,True,True,True,True,True,True,0.32843445986509323,0.0,0.0
2889,18.750000279396772,pi_common,8.211556434631348,8.211556258251363,1.7637998439568037e-07,7.556011364145731,1,1,tracking,True,7.556011364145729,7.55602469202101,-0.6555450704856183,-0.6555450704856165,-1.15443211758968,0.5728316115576975,-4.238721766433095,47.340373990223554,47.529920227511106,-4.273461643389116,13.806412808998223,0.7495652437210083,-0.05051959678530693,0.0,-1.1927961194098573,False,2,0.0,1.7620625653025357e-09,1.4521956970270367e-08,True,True,,True,True,True,True,True,True,0.6995652429759502,0.0,0.0
2890,18.80000028014183,pi_common,4.990503629048666,4.990503668628691,-3.9580025479324377e-08,7.507653196775096,1,1,tracking,True,7.507653196775094,7.508082941771617,2.5171495677264284,2.51714956772643,-0.9661476761661058,-2.1759356662002554,3.7938157741865335,-54.91865936870359,55.04963181110702,3.7656887723583474,-64.4210551517051,0.0,0.08924906700849533,0.8682464361190796,2.795373234221738,False,2,0.0,-1.25575784493126e-09,5.190585516956503e-09,True,True,,True,True,True,True,True,True,0.0,0.0,-0.1317535638809204
2891,18.85000028088689,pi_common,7.443729559580484,7.443729561897598,-2.3171136120936353e-09,7.462579625150276,1,1,tracking,True,7.4625796251502745,7.4630012520446884,0.018850065569790075,0.018850065569791852,-0.900684390943743,3.2325895042723216,1.329772924754779,108.16142927874803,108.16960589134025,1.3092656849376765,49.06451787951808,0.38066768646240234,-0.03022724948823452,0.0,-2.3895262943278803,False,2,0.0,7.535908737310582e-10,7.864289164327687e-09,True,True,,True,True,True,True,True,True,0.344885241240263,0.0,0.0
2892,18.900000281631947,pi_common,7.049196243286133,7.049196312550495,-6.926436224574672e-08,7.410798308804266,1,1,tracking,True,7.410798308804264,7.410814617630401,0.3616020655181309,0.36160206551813356,-1.0368192966940093,-1.6142205475346647,-2.7750687374683327,-96.95077083957345,96.99090970000421,-2.7226980744339637,-7.890666208306944,0.20477166771888733,-0.012717456556856632,0.0,0.35019585340923287,False,2,0.0,4.1426439188751996e-10,7.473029972615564e-10,True,True,,True,True,True,True,True,True,0.1695258542895317,0.0,0.0
2893,18.950000282377005,pi_common,7.155324459075928,7.155324449451815,9.62411306204558e-09,7.3675900763293125,1,1,tracking,True,7.367590076329312,7.36764801017345,0.2122656172533839,0.21226561725338478,-0.8641861263305788,-0.3825296406177203,3.445526333874401,24.638614369813865,24.878828149209408,3.452663355819917,2.122564284167226,0.27678656578063965,-0.003241606755182147,0.0,0.18951699320946644,False,2,0.0,7.752638071442663e-11,6.562720200609107e-09,True,True,,True,True,True,True,True,True,0.24323715269565582,0.0,0.0
2894,19.000000283122063,pi_common,7.344990571339926,7.344990581443213,-1.0103287095830638e-08,7.315365445626237,1,1,tracking,True,7.315365445626236,7.3153878180493805,-0.02962512571368947,-0.029625125713688583,-1.0450261560936507,0.08947655217886985,-3.626901456433535,9.46293564843913,10.137446900153495,-3.61680054136691,3.7933221887550546,0.3981022536754608,-0.030338972806930542,0.0,-0.5419473129593236,False,2,0.0,-5.91668821575686e-10,4.228374927972567e-09,True,True,,True,True,True,True,True,True,0.34810225293040276,0.0,0.0
2895,19.05000028386712,pi_common,7.201833883921306,7.201833940617791,-5.6696485728480184e-08,7.260660135282268,1,1,tracking,True,7.260660135282267,7.260902822864443,0.0588262513609612,0.05882625136096209,-1.0942664134602567,-1.1301240887893433,-0.9823300039149503,-24.362846227258782,24.384381784213467,-0.9848051326573796,-2.863133705708385,0.35314124822616577,-0.07824722677469254,0.0,-0.9581650650774678,False,2,0.0,-2.4326540781771655e-11,7.0126246476398535e-09,True,True,,True,True,True,True,True,True,0.3502117714378983,0.0,0.0
2896,19.10000028461218,pi_common,8.045094331105549,8.045094321180953,9.924596255928009e-09,7.208918508110156,1,1,tracking,True,7.208918508110156,7.210354812561805,-0.8361758229953926,-0.8361758229953926,-1.0389936396270953,-2.5132304060676827,0.9798272326185326,-27.541998670403512,27.56075120144435,1.1054554601906563,16.865208692373674,0.75,0.06862002611160278,0.0,2.9373450139560546,False,2,0.0,3.1739416372911222e-09,3.1739416372911222e-09,True,True,,True,True,True,True,True,True,0.6999999992549419,0.0,0.0
2897,19.150000285357237,pi_common,8.068082968393963,8.068083083781415,-1.1538745248174109e-07,7.165143798654355,1,1,tracking,True,7.165143798654355,7.165226757589489,-0.9029391697396081,-0.9029391697396081,-0.8813971052237265,3.1817765556816178,3.0421225486675176,113.94561645888218,113.986335507678,3.1519306410999506,0.45977273891712883,0.75,0.0681549459695816,0.0,-0.009301602701818902,False,2,0.0,3.4191113135184636e-09,3.4191113135184636e-09,True,True,,True,True,True,True,True,True,0.6999999992549419,0.0,0.0
2898,19.200000286102295,pi_common,7.477867285410563,7.477867208101467,7.730909512559947e-08,7.149666966223531,1,1,tracking,True,7.14966696622353,7.150768623797682,-0.3282003191870322,-0.3282003191870313,-0.3107950541822112,2.2849198976380767,11.225495527058525,-17.988353564903697,21.20363711177408,11.412040850777645,-11.804313483770025,0.5507570505142212,0.09427958726882935,0.0,0.5224928181992051,False,2,0.0,-3.5424150002238974e-09,1.9975713416719998e-08,True,True,,True,True,True,True,True,True,0.5007570497691631,0.0,0.0
2899,19.250000286847353,pi_common,7.441315174102783,7.441315266803731,-9.270094736280043e-08,7.176859854380271,1,1,tracking,True,7.176859854380268,7.179645354790029,-0.264455319722515,-0.26445531972251235,0.5281697868470046,2.6611393598814668,16.406224912622214,7.475593706033684,18.05684066965321,16.779296570553313,-0.7310422152622092,0.5221902132034302,-0.014336156658828259,0.0,-2.1723148461831383,False,2,0.0,-3.497012193709459e-10,9.148608093312305e-09,True,True,,True,True,True,True,True,True,0.4721902124583721,0.0,0.0
2900,19.30000028759241,pi_common,7.870422045389812,7.8704219812749185,6.411489383850721e-08,7.2195044322913855,1,1,tracking,True,7.219504432291384,7.219763570950378,-0.6509176130984287,-0.6509176130984269,0.8337076648864532,-2.0273628993706914,5.829475797171544,-93.71294973943155,93.89468936648042,6.110757469731591,8.582137297856772,0.7235578298568726,-0.05251280963420868,0.0,-0.7635330481300794,False,2,0.0,1.7529193929721743e-09,9.468096195952569e-09,True,True,,True,True,True,True,True,True,0.6735578291118145,0.0,0.0
2901,19.35000028833747,pi_common,7.588332970937094,7.588332890825743,8.011135044228013e-08,7.26205933525878,1,1,tracking,True,7.262059335258778,7.262359175462621,-0.3262736356783158,-0.326273635678314,0.8505258857242185,-2.4585232420126237,0.3525887805854365,-8.615341490130037,8.623437558893844,0.3363644117430856,-5.64178140498528,0.5653142929077148,0.0426725372672081,0.0,1.903706909660892,False,2,0.0,2.8985558397920386e-10,2.178605040814574e-08,True,True,,True,True,True,True,True,True,0.5153142921626568,0.0,0.0
2902,19.400000289082527,pi_common,7.585801124572754,7.585801024919957,9.965279712531583e-08,7.33501957682235,1,1,tracking,True,7.335019576822348,7.335156226377122,-0.25078154775040584,-0.25078154775040407,1.4586820906819684,2.15330340641233,12.145354019275501,92.23035668143483,93.02745120753374,12.163123917910328,-0.05063692653224669,0.5307030081748962,-0.00948073249310255,0.0,-1.0430653796633276,False,2,0.0,2.831869773400886e-10,1.1623594975418428e-08,True,True,,True,True,True,True,True,True,0.4807030074298382,0.0,0.0
2903,19.450000289827585,pi_common,7.761068820953369,7.761068827025325,-6.071956271114232e-09,7.410527504614435,1,1,tracking,True,7.410527504614434,7.410529197795973,-0.35054131633893526,-0.3505413163389344,1.5092550822894055,-0.8303604153933556,0.9639346555535803,-59.64107190031722,59.64967618795155,1.0114598170768165,3.5053538753784617,0.5849646329879761,0.023549403995275497,0.0,0.6606027199238134,False,2,0.0,7.740470556183432e-10,1.4377120383102238e-08,True,True,,True,True,True,True,True,True,0.534964632242918,0.0,0.0
2904,19.500000290572643,pi_common,7.8119282722473145,7.811928294068111,-2.1820796725080527e-08,7.48472729047139,1,1,tracking,True,7.4847272904713895,7.484852428558258,-0.32720098177592494,-0.32720098177592405,1.4841515289284837,1.0702036056224014,-0.4896983283756586,38.03400341236629,38.03864007659572,-0.5020710597369952,1.0171890107216088,0.5773844718933105,-0.020040372386574745,0.0,-0.8717955146462394,False,2,0.0,7.55371591665277e-10,2.052342573666266e-08,True,True,,True,True,True,True,True,True,0.5273844711482525,0.0,0.0
2905,19.5500002913177,pi_common,7.8348266283671055,7.834826912098895,-2.8373178917462383e-07,7.564743042223645,1,1,tracking,True,7.564743042223643,7.564783522740197,-0.2700835861434623,-0.2700835861434605,1.599896890891081,-1.2338194821388806,2.301688932548244,-46.06212252384774,46.12202185478014,2.314907204757139,0.45796711557157965,0.5522018671035767,-0.00391116039827466,0.0,0.32258423495912203,False,2,0.0,-8.192232309189862e-11,2.7625971954492456e-08,True,True,,True,True,True,True,True,True,0.5022018663585186,0.0,0.0
2906,19.60000029206276,pi_common,8.027979691823324,8.02797943368224,2.5814108361998933e-07,7.647612184246371,1,1,tracking,True,7.647612184246369,7.647631828978889,-0.38036750757695525,-0.3803675075769535,1.6570590265551617,0.06312149507003402,1.1154272943221983,25.903224763281006,25.938360902634535,1.143242696245972,3.8630612115602747,0.6120983958244324,0.025572769343852997,0.0,0.5896785860556575,False,2,0.0,-5.793635605988445e-10,1.7145203035084933e-09,True,True,,True,True,True,True,True,True,0.5620983950793743,0.0,0.0
2907,19.650000292807817,pi_common,7.682845910390219,7.6828460967627334,-1.8637251475439598e-07,7.731281022680489,1,1,tracking,True,7.731281022680485,7.7313927639329565,0.048435112290266424,0.04843511229026998,1.6739661451444638,1.2289129370068668,0.33652505820287537,23.36226579231503,23.381477564996818,0.33814236674732934,-6.902675525804229,0.39709165692329407,-0.034448035061359406,0.0,-1.2004160702166546,False,2,0.0,3.029231449014347e-10,1.1659643806005704e-08,True,True,,True,True,True,True,True,True,0.39709165692329407,0.0,0.0
2908,19.700000293552876,pi_common,7.7972941398620605,7.797293950473534,1.8938852619498903e-07,7.809663881308368,1,1,tracking,True,7.809663881308366,7.809807429147427,0.01236974144630576,0.012369741446307536,1.5687114977450054,-1.8506985791758845,-2.0778403411397672,-61.62895984767678,61.664046054765926,-2.10509291662084,2.288964555328607,0.41496971249580383,-0.002207346959039569,0.0,0.644813752437923,False,2,0.0,-9.844414432941262e-11,3.580555241189387e-09,True,True,,True,True,True,True,True,True,0.3649697117507458,0.0,0.0
2909,19.750000294297934,pi_common,7.665947755177816,7.665947826239569,-7.106175292648231e-08,7.86523061360861,1,1,tracking,True,7.865230613608607,7.865275450157812,0.19928285843079063,0.1992828584307933,1.110679346643586,0.34308242341870837,-9.191624038315547,43.84952948086643,44.80484569179432,-9.16064288552417,-2.6269276545406117,0.31902211904525757,-0.015914246439933777,0.0,-0.27413798553290986,False,2,0.0,-5.362846763889983e-10,4.389756114164811e-09,True,True,,True,True,True,True,True,True,0.2700856998562813,0.0,0.0
2910,19.80000029504299,pi_common,7.78202215830485,7.782021977590486,1.807143634735553e-07,7.898913313723351,1,1,tracking,True,7.898913313723348,7.898999750828954,0.11689115541849837,0.11689115541850104,0.6731152604478849,-0.5530228075479022,-8.737739806555716,-17.965769363538488,19.978181768535514,-8.751281593509765,2.321488027947799,0.3587568402290344,-0.007607128005474806,0.0,0.16614236621346523,False,2,0.0,-7.292832223532164e-11,1.3531890774576283e-08,True,True,,True,True,True,True,True,True,0.3129454180598259,0.0,0.0
2911,19.85000029578805,pi_common,7.654200394948324,7.65420019707208,1.9787624427891615e-07,7.910137189009646,1,1,tracking,True,7.910137189009644,7.910196392571355,0.25593679406131997,0.25593679406132175,0.22381253261443296,-0.04431282349357769,-8.997540908769947,10.160210368998841,13.575580015791354,-8.986054422766394,-2.5564352290366568,0.28603479266166687,-0.018709972500801086,0.0,-0.22205688659762016,False,2,0.0,-6.808627550647373e-10,4.740627945754028e-09,True,True,,True,True,True,True,True,True,0.2433483712375164,0.0,0.0
2912,19.900000296533108,pi_common,8.018462975819904,8.018462962480841,1.3339063187345346e-08,7.9047112037691285,1,1,tracking,True,7.904711203769127,7.904820456679722,-0.11375177205077769,-0.11375177205077591,-0.109445813267938,-0.625809032895453,-6.6671680988235025,-11.640422539016626,13.41898709164282,-6.665166818328694,7.285251508872898,0.4723009765148163,0.010434689931571484,0.0,0.5828932399616653,False,2,0.0,-1.85379852093992e-10,1.1153499790417243e-09,True,True,,True,True,True,True,True,True,0.4223009757697582,0.0,0.0
2913,19.950000297278166,pi_common,7.968570391337076,7.968570593818932,-2.0248185617077752e-07,7.887866013905343,1,1,tracking,True,7.8878660139053425,7.887871305052941,-0.08070437743173375,-0.08070437743173287,-0.33726165560905996,0.7958925716459354,-4.56094376098125,28.43486351991664,28.79832776224066,-4.5563167789280286,-0.997851674787415,0.4567860960960388,-0.006215000059455633,0.0,-0.33299379485854813,False,2,0.0,1.394149292538449e-10,1.1042465053456851e-08,True,True,,True,True,True,True,True,True,0.40678609535098076,0.0,0.0
2914,20.000000298023224,pi_common,7.9818010330200195,7.981800945442864,8.757715530549603e-08,7.877759068563039,1,1,tracking,True,7.877759068563038,7.877764883290042,-0.10404196445698144,-0.10404196445698055,-0.20206820669761377,-0.35611797398392736,2.7189009785986853,-23.03381903960158,23.19385487968565,2.703868937938137,0.26461282971582756,0.4697554111480713,0.0003089019446633756,0.0,0.1304780381381059,False,2,0.0,2.4571534043560384e-13,8.006782070690832e-09,True,True,,True,True,True,True,True,True,0.41975541040301323,0.0,0.0
2915,20.050000298768282,pi_common,8.006848812103271,8.006848846938068,-3.4834796380778243e-08,7.874701836177193,1,1,tracking,True,7.874701836177192,7.874703749360283,-0.13214697592607916,-0.13214697592607827,-0.06115228636567385,0.08536434543205448,2.819117815741468,8.829193445841085,9.268576104663204,2.818318364642582,0.5009555742002193,0.48545974493026733,-0.01796625182032585,0.0,-0.3655030698533644,False,2,0.0,-8.00681208834586e-10,1.169261021338741e-09,True,True,,True,True,True,True,True,True,0.4354597441852093,0.0,0.0
2916,20.10000029951334,pi_common,7.9308617909749355,7.930861960694842,-1.6971990657310698e-07,7.878753022372831,1,1,tracking,True,7.878753022372831,7.878813762387142,-0.05210876860210423,-0.05210876860210423,0.08107527342887282,-0.7802670944133973,2.847244339834281,-17.310674014838426,17.54472749867066,2.8445511535038177,-1.5197403999208232,0.44609200954437256,0.009892848320305347,0.0,0.5571819945099653,False,2,0.0,-4.387672343508786e-11,7.489598885523918e-09,True,True,,True,True,True,True,True,True,0.3960920087993145,0.0,0.0
2917,20.150000300258398,pi_common,7.66968854268392,7.669688651408375,-1.0872445521670215e-07,7.887140826612883,1,1,tracking,True,7.887140826612881,7.8871424014933655,0.217452283928961,0.21745228392896276,0.16775851897612962,0.7139502701436271,1.733821958293789,29.884414336061813,29.93493846941991,1.7336648851115162,-5.22346488798462,0.3085933327674866,0.010106677189469337,0.0,0.004276577319553832,False,2,0.0,-2.073725219320366e-10,1.0567862085419932e-08,True,True,,True,True,True,True,True,True,0.3085933327674866,0.0,0.0
2918,20.200000301003456,pi_common,6.869400819142659,6.869400724997249,9.414541057850556e-08,7.888019391513021,1,1,tracking,True,7.88801939151302,7.888049982264941,1.018618572370361,1.0186185723703618,0.01756252675282693,0.3552844373895765,-3.0050259181001624,-7.173049190448234,7.781236488672779,-3.0039197997041605,-16.00575423232089,0.0,0.015391020104289055,0.10472255200147629,0.10568685672153746,False,2,0.0,3.70205812186275e-10,2.363960749374172e-09,True,True,,True,True,True,True,True,True,0.0,0.0,-0.8952774479985237
2919,20.250000301748514,pi_common,7.66561222076416,7.665612242996214,-2.2232053531467955e-08,7.85206154517999,1,1,tracking,True,7.852061545179988,7.8521266530602984,0.18644932441582807,0.18644932441582984,-0.7196911738295159,0.4829781384626917,-14.757818482934287,2.5546410724842836,14.977504222588228,-14.745073791928133,15.924227795140533,0.3090314567089081,-0.0009467315976507962,0.0,-0.3267550291697677,False,2,0.0,-2.417485395894703e-11,3.6870059227922525e-09,True,True,,True,True,True,True,True,True,0.2646651603281498,0.0,0.0
2920,20.300000302493572,pi_common,7.669317722320557,7.669317873196184,-1.5087562754700912e-07,7.784350925148341,1,1,tracking,True,7.784350925148341,7.784359847972552,0.11503320282778429,0.11503320282778429,-1.3544856076486662,-0.33593721181367686,-12.700416538272401,-16.384960747482367,20.733033168063336,-12.695888487199527,0.07411003002360418,0.34330159425735474,-0.03411315008997917,0.0,-0.6633283599622047,False,2,0.0,-1.7466144919264792e-09,4.501796269096303e-09,True,True,,True,True,True,True,True,True,0.29893529787659645,0.0,0.0
2921,20.35000030323863,pi_common,7.795962015787761,7.795961908286519,1.0750124168623643e-07,7.712251186778784,1,1,tracking,True,7.712251186778782,7.7124629462911445,-0.08371082900897875,-0.08371082900897697,-1.4417601807640186,-1.4770122803931178,-1.750152463632998,-22.802480854390915,22.86977525853683,-1.745491436297198,2.5328858316011416,0.4437200129032135,3.958188244723715e-06,0.0,0.6823421553967874,False,2,0.0,1.4822344740483828e-14,1.284747730423419e-08,True,True,,True,True,True,True,True,True,0.39372001215815544,0.0,0.0
2922,20.40000030398369,pi_common,7.622644742329914,7.622644675013015,6.731689961014808e-08,7.6541693973507305,1,1,tracking,True,7.654169397350729,7.6541925856443624,0.031524655020814585,0.03152465502081636,-1.1634629035973847,0.5036778998507315,5.509814490712374,39.66847861220009,40.04976706257178,5.565945460393627,-3.4663454175043587,0.385708212852478,0.00816265493631363,0.0,0.16317393252989704,False,2,0.0,2.1060156916996586e-10,1.3005270638188904e-08,True,True,,True,True,True,True,True,True,0.385708212852478,0.0,0.0
2923,20.450000304728746,pi_common,7.570053418477375,7.570053591106451,-1.7262907547888062e-07,7.607690785769838,1,1,tracking,True,7.6076907857698375,7.6076990682362,0.037637367292462365,0.03763736729246325,-0.9294462070231303,0.48257202463237286,4.677888676661974,-0.4275290597630717,4.706158294229086,4.680333861742678,-1.0518264613773456,0.3821813762187958,-0.011545530520379543,0.0,-0.3941637032603666,False,2,0.0,-2.5296146254072394e-10,3.94421884042373e-10,True,True,,True,True,True,True,True,True,0.3367686942219734,0.0,0.0
2924,20.500000305473804,pi_common,7.647642771402995,7.647642763081386,8.321609179517964e-09,7.566527514989806,1,1,tracking,True,7.566527514989806,7.5665531666642245,-0.08111525641318895,-0.08111525641318895,-0.8230618915791581,-0.5798986753497785,2.137368433210792,-21.230744302065734,21.339216700045807,2.1276862771744476,1.5517870353889707,0.44257164001464844,-0.007559239864349365,0.0,0.07972581193259638,False,2,0.0,-9.562113253980264e-11,1.0828330898604577e-08,True,True,,True,True,True,True,True,True,0.3925716392695904,0.0,0.0
2925,20.550000306218863,pi_common,7.675702889760334,7.675702754190978,1.3556935574143836e-07,7.532345494225887,1,1,tracking,True,7.532345494225886,7.53238581210956,-0.14335739553444782,-0.14335739553444693,-0.6837557765873615,-0.16086893970787464,2.7814655285020145,8.387252719261971,8.840179784015623,2.7861222583194745,0.5612023587842134,0.4754846692085266,-0.013767141848802567,0.0,-0.12415803783896509,False,2,0.0,-6.16928296642838e-11,2.9906970788751153e-09,True,True,,True,True,True,True,True,True,0.42548466846346855,0.0,0.0
2926,20.60000030696392,pi_common,7.4326934814453125,7.432693379263617,1.0218169510523012e-07,7.5101913490422625,1,1,tracking,True,7.510191349042262,7.5102556610385705,0.0774978675969491,0.07749786759694999,-0.44361750456316623,-0.42521176779667136,4.796916713511753,-5.262140965557692,7.157566541385821,4.802765368917125,-4.860188093877986,0.3640882968902588,-0.011401282623410225,0.0,0.04731718380276585,False,2,0.0,-2.5943850713583405e-10,1.440247532347172e-08,True,True,,True,True,True,True,True,True,0.3640882968902588,0.0,0.0
2927,20.65000030770898,pi_common,7.840644041697185,7.840643993699577,4.799760855433988e-08,7.493840060371586,1,1,tracking,True,7.493840060371585,7.493917994067562,-0.34680398132560075,-0.34680398132559986,-0.3275690040747647,-0.22750097291735272,2.3122985990390137,3.963254140900851,4.592695229447543,2.320969975182883,8.159011083458719,0.5805742740631104,0.021902522072196007,0.0,0.6660760839868175,False,2,0.0,-1.6591973281410155e-10,1.1522065967994877e-08,True,True,,True,True,True,True,True,True,0.5305742733180523,0.0,0.0
2928,20.700000308454037,pi_common,7.5021568934122715,7.502156664435515,2.289767566665546e-07,7.4779273325381,1,1,tracking,True,7.4779273325381,7.4779886435276515,-0.024229560874171163,-0.024229560874171163,-0.31854771086817046,1.1665673888528796,0.17852113587110022,27.88411079093632,27.88518394727269,0.1804258614433297,-6.769742864821248,0.41958993673324585,-0.0018326141871511936,0.0,-0.47470271811332226,False,2,0.0,3.645578760744228e-11,8.141656349103243e-09,True,True,,True,True,True,True,True,True,0.41958993673324585,0.0,0.0
2929,20.750000309199095,pi_common,7.007534186045328,7.007534416164819,-2.3011949057405445e-07,7.478467060228315,1,1,tracking,True,7.478467060228314,7.478472106080009,0.4709328741829859,0.4709328741829868,0.010263325376516906,-0.3577219160577946,6.553365937767795,-30.491996840089982,31.191105548749643,6.576220626900424,-9.892453999929815,0.16612206399440765,-0.028532398864626884,0.0,-0.533995685592358,False,2,0.0,-3.011849172840364e-10,2.33691016537918e-09,True,True,,True,True,True,True,True,True,0.14229184575378895,0.0,0.0
2930,20.800000309944153,pi_common,7.052927970886231,7.052927920720205,5.0166025999942576e-08,7.46846490338104,1,1,tracking,True,7.468464903381039,7.4686030802807135,0.41553693249480794,0.41553693249480883,-0.1997146094495843,-1.2357946182833484,-4.21207817543952,-17.5616162791974,18.062952506454927,-4.199558633943724,0.9078756832896615,0.18862582743167877,0.011713288724422455,0.0,0.8049137397868374,False,2,0.0,1.4494273836707094e-12,1.9898568903720104e-09,True,True,,True,True,True,True,True,True,0.140565924346447,0.0,0.0
2931,20.85000031068921,pi_common,6.881751696268717,6.881751461759173,2.3450954422798986e-07,7.430160632271276,1,1,tracking,True,7.430160632271275,7.430163418692535,0.5484089360025584,0.5484089360025592,-0.7662590554789116,0.9117484694257031,-11.335557900354912,42.951647101684244,44.42301837368752,-11.330888751743146,-3.4235254413357854,0.11533471196889877,0.0008033507037907839,0.0,-0.21819875716121856,False,2,0.0,-1.8292716516890573e-11,8.313322252817557e-11,True,True,,True,True,True,True,True,True,0.06727480888366699,0.0,0.0
2932,20.90000031143427,pi_common,6.414437452952067,6.414437442999533,9.952534796298096e-09,7.36988866853814,1,1,tracking,True,7.36988866853814,7.3698942269738374,0.9554512155860726,0.9554512155860726,-1.2053827239368624,-0.03956252947249046,-8.772891139113261,-19.018223184203258,20.94646054318272,-8.782473238289967,-9.346284727062494,0.0,-0.014334458857774734,0.10012956708669662,-0.30275618671989163,False,2,0.0,-1.3524765855865706e-10,1.1920870401915806e-09,True,True,,True,True,True,True,True,True,0.0,0.0,-0.8998704329133034
2933,20.950000312179327,pi_common,5.802222728729248,5.802222717851126,1.087812240285757e-08,7.274544302313066,1,1,tracking,True,7.274544302313067,7.2745953322822965,1.4723215735838187,1.4723215735838178,-1.906820017802965,-0.6067836105142763,-14.028740033335183,-11.34038058564335,18.04550433548718,-14.028745668277452,-12.244294302002183,0.0,0.009892613627016544,0.37696877121925354,0.48454144247559544,False,2,0.0,5.058719415584889e-11,3.9975582843965185e-09,True,True,,True,True,True,True,True,True,0.0,0.0,-0.6230312287807465
2934,21.000000312924385,pi_common,7.736203034718832,7.736202840132326,1.9458650601933414e-07,7.1382894975381594,1,1,tracking,True,7.138289497538159,7.138307706108122,-0.5979135371806734,-0.5979135371806725,-2.7253067233787958,0.5908683294702671,-16.378492538263075,23.980500414521632,29.041169884752264,-16.36973386758857,38.67960554342064,0.6656227111816406,-0.023898273706436157,0.0,-0.675817736598585,False,2,0.0,8.762327946554294e-10,3.694962225075926e-09,True,True,,True,True,True,True,True,True,0.6156227104365826,0.0,0.0
2935,21.050000313669443,pi_common,7.448304653167725,7.448304566652571,8.651515326363324e-08,6.989651305678511,1,1,tracking,True,6.9896513056785095,6.989778736419782,-0.45865334748921516,-0.4586533474892134,-2.9724824899362314,-1.01472287766549,-4.938852568867978,-32.08955026713468,32.47050299725158,-4.943515257484596,-5.757967545221745,0.6017257571220398,-0.006517783738672733,0.0,0.3476097941754789,False,2,0.0,1.6906057109800088e-10,2.244795505035313e-08,True,True,,True,True,True,True,True,True,0.5517257563769817,0.0,0.0
2936,21.1000003144145,pi_common,4.085598508516948,4.085598583476213,-7.495926546141618e-08,6.8770977580076,1,1,tracking,True,6.877097758007599,6.877162448794161,2.791499249490651,2.791499249490652,-2.252039920279792,0.07211052672778853,14.371747806703674,21.845205274453388,26.153808556190096,14.408851178420178,-67.25412189085102,0.0,-0.005479748826473951,1.0,0.020760697934617132,False,2,0.0,6.6737405532424354e-12,6.6737405532424354e-12,True,True,,True,True,True,True,True,True,0.0,0.0,0.0
2937,21.15000031515956,pi_common,3.973076065381368,3.9730761419233445,-7.654197631268289e-08,6.779794338277971,1,1,tracking,True,6.77979433827797,6.779856594942712,2.806718272896602,2.8067182728966027,-1.9461283866810597,-0.015560735222289401,6.118759405753196,-1.73280189255564,6.360510185450693,6.1182305808059025,-2.250448829177291,0.0,-0.008125804364681244,1.0,-0.05292110997555986,False,2,0.0,-4.0430045249173485e-10,4.0430045249173485e-10,True,True,,True,True,True,True,True,True,0.0,0.0,0.0
2938,21.200000315904617,pi_common,4.155722538630168,4.155722665520364,-1.268901961282154e-07,6.643351257907671,1,1,tracking,True,6.64335125790767,6.643415361469129,2.4876287192775024,2.4876287192775033,-2.729168318046895,-0.16628304894234963,-15.661405316087482,-2.95553503107245,15.939886541880437,-15.660798393952627,3.6529294105431056,0.0,0.029215289279818535,0.9025106430053711,0.7468218617614826,False,2,0.0,8.165753316580204e-10,2.9737681872532562e-08,True,True,,True,True,True,True,True,True,0.0,0.0,-0.0974893569946289
2939,21.250000316649675,pi_common,3.4956519007682796,3.495651905032751,-4.264471442638751e-09,6.458858202157089,1,1,tracking,True,6.458858202157088,6.458994378495978,2.963206301388808,2.963206301388809,-3.689168250264779,1.157790909380178,-19.196394417793496,26.421262916535344,32.658673289203,-19.19999835825541,-13.20141256052139,0.0,-0.006043519824743271,1.0,-0.7051761715832923,False,2,0.0,-6.272234120974218e-11,6.272234120974218e-11,True,True,,True,True,True,True,True,True,0.0,0.0,0.0
2940,21.300000317394733,pi_common,2.880443831284841,2.880443746153263,8.513157823131223e-08,5.945347762557769,1,1,tracking,True,5.945347762557769,5.945441782191554,3.064903931272928,3.064903931272928,-10.269205083338102,-0.4831722029255107,-131.59039995433992,-32.785557443626885,135.61449605283613,-131.6007347004627,-12.304161206322481,0.0,-0.03374739736318588,1.0,-0.5540775425124534,False,0,0.0,1.464904988979221e-09,1.464904988979221e-09,True,True,,True,True,True,True,True,True,0.0,0.0,0.0
2941,21.35000031813979,pi_common,2.161952316761017,2.1619523816303863,-6.486936943161936e-08,4.992481587261499,1,1,tracking,True,4.992481587261496,4.99268962567188,2.830529270500479,2.830529270500482,-19.0539494852314,-0.5802281430073054,-175.7084243470896,-1.7516084582887612,175.72904798466877,-175.69488541980814,-14.369830076349329,0.0,-0.04292628914117813,1.0,-0.18357783282432208,False,0,0.0,1.6986420880993336e-09,1.6986420880993336e-09,True,True,,True,True,True,True,True,True,0.0,0.0,0.0
2942,21.40000031888485,pi_common,5.697921276092529,5.697921141982616,1.34109913396685e-07,3.6683493794438777,1,1,tracking,True,3.6683493794438773,3.66881690078887,-2.029571896648652,-2.0295718966486516,-26.476962007439344,-0.4681771921815122,-148.49258978750922,2.5183277851601202,148.53494646870206,-148.4602482319288,70.71937813282939,0.75,-0.0045460122637450695,0.0,0.7676055261104475,False,1,0.0,-9.360081806852882e-11,9.360081806852882e-11,True,True,,True,True,True,True,True,True,0.6999999992549419,0.0,0.0
2943,21.450000319629908,pi_common,4.811415990193685,4.811415975390813,1.4802871817209962e-08,2.355001096094826,1,1,tracking,True,2.355001096094826,2.3554764956337313,-2.4564148940988586,-2.4564148940988586,-26.2600560132319,0.3234039823304604,4.275395687773375,16.098710248616726,16.68072221839601,4.338119819505859,-17.730105453777735,0.75,0.033481206744909286,0.0,0.7605443688400929,False,1,0.0,-1.6164408700447552e-10,1.6164408700447552e-10,True,True,,True,True,True,True,True,True,0.6999999992549419,0.0,0.0
2944,21.500000320374966,pi_common,5.620851039886475,5.620850903202617,1.3668385800968963e-07,1.0565094419438812,1,1,tracking,True,1.0565094419438807,1.0568517573714664,-4.564341597942594,-4.564341597942594,-25.963795035534897,0.360457289098047,5.855945248453658,0.6831621251360697,5.913661257706678,5.925219465647403,16.188700752625362,0.75,-0.022611120715737343,0.0,-1.1218465324961167,False,1,0.0,4.4897447565306337e-10,4.4897447565306337e-10,True,True,,True,True,True,True,True,True,0.25,0.0,0.0
2945,21.550000321120024,pi_common,5.613516489664713,5.613516569052969,-7.938825596909282e-08,1.428639661380077,1,1,tracking,True,1.4286396613800767,1.429243345985631,-4.1848768282846365,-4.1848768282846365,7.443043875540438,-0.4650167494272079,668.1314879666885,-16.207010949358285,668.551615526936,668.136768265493,-0.14669100224936693,0.75,0.010232526808977127,0.0,0.6568729407061198,False,1,0.0,3.3076563016321003e-10,3.3076563016321003e-10,True,True,,True,True,True,True,True,True,0.25,0.0,0.0
2946,21.600000321865082,pi_common,5.374472777048746,5.374472679529922,9.751882412700752e-08,1.7042777424094735,1,1,tracking,True,1.7042777424094733,1.7047549184969677,-3.670195034639273,-3.6701950346392724,5.510433846707337,0.49325164963901064,-38.66401928986156,19.17690318195464,43.1613647897186,-38.65220000069935,-4.780874181078759,0.75,-0.02852432243525982,0.0,-0.775136973334298,False,1,0.0,-5.705113881315782e-10,5.705113881315782e-10,True,True,,True,True,True,True,True,True,0.6999999992549419,0.0,0.0
2947,21.65000032261014,pi_common,6.317850907643637,6.317851040867854,-1.3322421743566792e-07,1.9732114634705538,1,1,tracking,True,1.9732114634705533,1.9737691843120821,-4.344639444173083,-4.344639444173083,5.375361707110114,-0.6994925190566176,-2.708576638818006,-23.91766684634353,24.070648017845482,-2.701442751689821,18.867562330749223,0.75,9.171615965897217e-05,0.0,0.5723207633701318,False,1,0.0,1.2869462440168178e-12,1.2869462440168178e-12,True,True,,True,True,True,True,True,True,0.6999999992549419,0.0,0.0
2948,21.700000323355198,pi_common,6.397026062011719,6.397026153225482,-9.121376365328615e-08,2.18959476874713,1,1,tracking,True,2.189594768747129,2.1898349432629183,-4.207431293264589,-4.207431293264589,4.324439464767445,0.43178099978325585,-21.032967287897222,22.58877678778354,30.871136275493107,-21.018444533654158,1.5835030637656073,0.75,-0.012367512099444866,0.0,-0.24918456146893744,False,1,0.0,1.295505543119635e-10,1.295505543119635e-10,True,True,,True,True,True,True,True,True,0.6999999992549419,0.0,0.0
2949,21.750000324100256,pi_common,6.480687936147055,6.480687973461592,-3.731453723787581e-08,2.3966995403871243,1,1,tracking,True,2.396699540387124,2.396884311657062,-4.083988395759931,-4.08398839575993,4.139855688919686,-0.23391620187589282,-3.6935768792295844,-13.339139107948785,13.844955622917654,-3.6916754619449352,1.6732374577735365,0.75,-0.02390453778207302,0.0,-0.23074051021426156,False,1,0.0,-7.69708817516257e-10,7.69708817516257e-10,True,True,,True,True,True,True,True,True,0.6999999992549419,0.0,0.0
2950,21.800000324845314,pi_common,3.0359214146931968,3.0359213820995676,3.2593629128996326e-08,2.6087901109676586,1,1,tracking,True,2.6087901109676577,2.6090578729781884,-0.4271313037255391,-0.4271313037255382,4.240067561895672,-0.37766241649700866,1.997472389288412,-2.9677029150267638,3.5838436202711668,2.0042374296542635,-68.89532940245675,0.5602085590362549,0.017631415277719498,0.0,0.830719048817172,False,1,0.0,-4.1922901261592926e-10,1.942629479501079e-08,True,True,,True,True,True,True,True,True,0.5102085582911968,0.0,0.0
2951,21.850000325590372,pi_common,4.99907660484314,4.9990767347178116,-1.2987467190583857e-07,2.8085453557373983,1,1,tracking,True,2.8085453557373974,2.8085993599018124,-2.1905312491057423,-2.1905312491057414,3.994516909185269,0.9471850349624786,-4.90980076577615,26.52350179577586,26.975162051887406,-4.911012981028268,39.26310321793303,0.75,-0.00994868203997612,0.0,-0.551601938134403,False,1,0.0,-1.970443235660424e-10,1.970443235660424e-10,True,True,,True,True,True,True,True,True,0.6999999992549419,0.0,0.0
2952,21.90000032633543,pi_common,5.602791786193848,5.602791869579039,-8.338519119632792e-08,2.989454197630498,1,1,tracking,True,2.9894541976304976,2.989480118189116,-2.61333758856335,-2.6133375885633496,3.6179055704815783,-0.5156195474962293,-7.5277626631771515,-29.274691235498054,30.22835397850434,-7.532226661834885,12.074303447093019,0.75,-0.012308550998568535,0.0,-0.047197378468552556,False,1,0.0,-3.775832493890796e-10,3.775832493890796e-10,True,True,,True,True,True,True,True,True,0.6999999992549419,0.0,0.0
2953,21.950000327080488,pi_common,6.147873719533285,6.147873742414735,-2.28814496239238e-08,3.187755845003644,1,1,tracking,True,3.187755845003643,3.1878186865917857,-2.960117874529642,-2.960117874529641,3.9658371734559665,-0.20376959724792285,6.952949039623542,6.198366731000396,9.316604271602802,6.958631955796068,10.901638504341676,0.75,0.03256431221961975,0.0,0.8974572509906106,False,1,0.0,1.290897506944777e-09,1.290897506944777e-09,True,True,,True,True,True,True,True,True,0.6999999992549419,0.0,0.0
2954,22.000000327825546,pi_common,5.821836630503337,5.821836638899207,-8.395869777189091e-09,3.400103410910169,1,1,tracking,True,3.4001034109101687,3.4003810549729145,-2.4217332195931682,-2.421733219593168,4.247461854053581,1.3205274542756846,5.636817197096238,30.563584745057653,31.080878415100397,5.632493528021597,-6.520741683432341,0.75,-0.0036404684651643038,0.0,-0.7240956029058158,False,1,0.0,7.073181190059286e-11,7.073181190059286e-11,True,True,,True,True,True,True,True,True,0.6999999992549419,0.0,0.0
2955,22.050000328570604,pi_common,6.354159990946451,6.354160156242403,-1.6529595203707004e-07,3.6287098513612763,1,1,tracking,True,3.628709851361276,3.628729026293274,-2.7254501395851753,-2.725450139585175,4.57189693168301,-0.7541915009856242,6.474945721872204,-41.44747747388426,41.955562789243345,6.488701455899383,10.646467050217565,0.75,-0.013666613027453423,0.0,-0.2005228882577585,False,1,0.0,-2.4127765757553377e-10,2.4127765757553377e-10,True,True,,True,True,True,True,True,True,0.6999999992549419,0.0,0.0
2956,22.100000329315662,pi_common,5.728850523630777,5.728850552338304,-2.8707527022220347e-08,3.856574319611553,1,1,tracking,True,3.8565743196115525,3.8566592293489506,-1.872276204019225,-1.8722762040192245,4.5576469128897665,-0.5136502544384278,-0.2946625329846651,4.751471458988228,4.761341819929677,-0.28500037161802466,-12.506189159956737,0.75,-0.004960331600159407,0.0,0.1741256259512063,False,1,0.0,-1.5496218024046993e-10,1.5496218024046993e-10,True,True,,True,True,True,True,True,True,0.6999999992549419,0.0,0.0
2957,22.15000033006072,pi_common,6.457618554433187,6.457618581629203,-2.7196015217612057e-08,4.075012836054508,1,1,tracking,True,4.075012836054508,4.0750779110580435,-2.382605718378679,-2.382605718378679,4.3688833070710755,0.10921503921482222,-3.780825293552175,12.405639811792629,12.973687257077454,-3.7752720601178824,14.575360398858406,0.75,0.03993980586528778,0.0,0.8980027359276602,False,1,0.0,-8.842641827100373e-10,8.842641827100373e-10,True,True,,True,True,True,True,True,True,0.6999999992549419,0.0,0.0
2958,22.20000033080578,pi_common,6.726681232452393,6.72668127364864,-4.1196247302366373e-08,4.282193388317826,1,1,tracking,True,4.282193388317825,4.28275706115674,-2.444487844134567,-2.4444878441345663,4.144472789811647,1.6988641261758102,-4.491928362912074,31.947097584019748,32.26451199720853,-4.488210278309032,5.381253480197177,0.75,-0.04131539911031723,0.0,-1.6251040752961625,False,1,0.0,1.5744480164059382e-09,1.5744480164059382e-09,True,True,,True,True,True,True,True,True,0.6999999992549419,0.0,0.0
2959,22.250000331550837,pi_common,6.7639946937561035,6.763994725201081,-3.1444977288686005e-08,4.48430294304321,1,1,tracking,True,4.48430294304321,4.484684672840969,-2.2796917507128933,-2.2796917507128933,4.043216321672946,-2.402412139632661,-2.0055968355807576,-82.0729650587127,82.09809752155437,-2.0251293325972313,0.7462692149539408,0.75,0.034880343824625015,0.0,1.5239148359907444,False,1,0.0,-1.7201960827994967e-09,1.7201960827994967e-09,True,True,,True,True,True,True,True,True,0.6999999992549419,0.0,0.0
2960,22.300000332295895,pi_common,7.204991817474365,7.2049918625493525,-4.507498729822146e-08,4.6862328165933,1,1,tracking,True,4.686232816593299,4.686578919921027,-2.518759000881066,-2.518759000881065,4.039400192788723,2.0619966209458513,-0.05051667206656527,89.33155637257312,89.33353856275316,-0.0763225765471628,8.819942342937852,0.75,-0.05051508918404579,0.0,-1.7079086347235943,False,1,0.0,1.5515422280287794e-11,1.5515422280287794e-11,True,True,,True,True,True,True,True,True,0.6999999992549419,0.0,0.0
2961,22.350000333040953,pi_common,6.74257755279541,6.742577435891719,1.1690369117189903e-07,4.884761662284927,1,1,tracking,True,4.884761662284926,4.8854290281142445,-1.8578158905104845,-1.8578158905104836,3.9720800520832102,-2.565054011330049,-1.2938931341590683,-92.64401940063175,92.65372086167027,-1.3464027940472962,-9.248285155768913,0.75,0.012151663191616535,0.0,1.2533350288370992,False,1,0.0,1.211073932111395e-10,1.211073932111395e-10,True,True,,True,True,True,True,True,True,0.6999999992549419,0.0,0.0
2962,22.40000033378601,pi_common,6.176715850830078,6.176715753622766,9.720731242168767e-08,5.088271736982469,1,1,tracking,True,5.088271736982468,5.088373322035552,-1.0884441138476104,-1.0884441138476095,4.069249296792427,1.5048075809264074,1.9028782623575455,81.33438982443597,81.36672905297533,1.9433848652256478,-11.317233870666714,0.75,-0.023481853306293488,0.0,-0.7126703193385852,False,1,0.0,2.9519663102828275e-10,2.9519663102828275e-10,True,True,,True,True,True,True,True,True,0.6999999992549419,0.0,0.0
2963,22.45000033453107,pi_common,6.4340883890787754,6.434088294032841,9.504593467823952e-08,5.254469972034166,1,1,tracking,True,5.254469972034165,5.254778107721864,-1.17961841704461,-1.1796184170446091,3.32434741248371,-1.1357049558882935,-14.855494881204999,-52.9251197676858,55.0073705344909,-14.89803746417629,5.147450688270954,0.75,0.035937100648880005,0.0,1.1883790613952419,False,1,0.0,-1.8036329235693316e-09,1.8036329235693316e-09,True,True,,True,True,True,True,True,True,0.6999999992549419,0.0,0.0
2964,22.500000335276127,pi_common,6.387240250905355,6.387240482316362,-2.3141100680135196e-07,5.244473090448375,1,1,tracking,True,5.244473090448375,5.244723282715629,-1.1427671604569802,-1.1427671604569802,-0.19987289818092313,1.706602451769308,-70.47415282541223,56.8790090987829,90.56616492075636,-70.48440516299317,-0.9369627495065679,0.75,-0.0018512933747842908,0.0,-0.7557678692114671,False,1,0.0,-6.753402524706242e-12,6.753402524706242e-12,True,True,,True,True,True,True,True,True,0.6999999992549419,0.0,0.0
2965,22.550000336021185,pi_common,7.015472571055096,7.015472458778642,1.122764539118748e-07,5.185472620894805,1,1,tracking,True,5.185472620894804,5.185565746234822,-1.8299999501602917,-1.8299999501602908,-1.1811101278662584,-0.4750583629118393,-19.64654544406971,-43.63564235805203,47.85544099019,-19.624744301275225,12.564646215766984,0.75,-0.0045388746075332165,0.0,-0.053751623854016904,False,1,0.0,1.492837103933553e-11,1.492837103933553e-11,True,True,,True,True,True,True,True,True,0.6999999992549419,0.0,0.0
2966,22.600000336766243,pi_common,7.187080383300781,7.1870803328329425,5.0467838796919295e-08,5.2052987274410905,1,1,tracking,True,5.20529872744109,5.205351650148766,-1.9817816558596917,-1.9817816558596908,0.3959913872002168,-0.2617057648335518,31.54250423009743,4.265387126231657,31.83184656673442,31.542029831316633,3.4321561937706004,0.75,0.03973795846104622,0.0,0.8855366481760644,False,1,0.0,8.76941061433989e-10,8.76941061433989e-10,True,True,,True,True,True,True,True,True,0.6999999992549419,0.0,0.0
2967,22.6500003375113,pi_common,7.400304635365805,7.400304598458128,3.69076769146659e-08,5.213083966743674,1,1,tracking,True,5.213083966743673,5.213412248372322,-2.187220668622132,-2.187220668622131,0.15556330560059498,1.2922983878477352,-4.800683219583082,31.091621987866613,31.463996994411698,-4.808561560339286,4.264484977754689,0.75,0.017833039164543152,0.0,-0.4380983794018868,False,1,0.0,5.521640922268034e-10,5.521640922268034e-10,True,True,,True,True,True,True,True,True,0.6999999992549419,0.0,0.0
2968,22.70000033825636,pi_common,5.999780337015788,5.999780171842093,1.6517369516577673e-07,5.233133995223309,1,1,tracking,True,5.233133995223308,5.233374016105337,-0.7666463417924803,-0.7666463417924794,0.39869360509989754,0.07230178373117048,4.8082279564336465,-24.393266518782188,24.87480216202477,4.862605917527577,-28.01048554961157,0.7395491600036621,-0.012272859923541546,0.0,-0.602117972789437,False,0,0.0,1.1311826475512987e-10,2.1945026462688588e-08,True,True,,True,True,True,True,True,True,0.689549159258604,0.0,0.0
2969,22.750000339001417,pi_common,6.768122037251791,6.768121927734448,1.0951734275010949e-07,5.213894503000001,1,1,tracking,True,5.213894503000001,5.21390907932569,-1.5542275342517904,-1.5542275342517904,-0.38566454837594805,-0.8305064136608141,-15.688009866003,-18.049675019277604,23.91562482855988,-15.68716283575997,15.36683377573639,0.75,-0.02959134429693222,0.0,-0.346369682306503,False,0,0.0,-3.1935186439735475e-10,3.1935186439735475e-10,True,True,,True,True,True,True,True,True,0.6999999992549419,0.0,0.0
2970,22.800000339746475,pi_common,6.377417405446369,6.377417624369019,-2.189226497861796e-07,5.847677088631033,1,1,tracking,True,5.847677088631032,5.847972285745106,-0.529740316815337,-0.5297403168153361,12.676191704123392,-1.3029321727722372,261.2112485100321,-9.436369060708843,261.38375926543523,261.23712115725033,-7.814092519669382,0.6277178525924683,0.04375399649143219,0.0,1.4669067939086735,False,2,0.0,-1.334066454528049e-09,2.7036459293583448e-08,True,True,,True,True,True,True,True,True,0.5777178518474102,0.0,0.0
2971,22.850000340491533,pi_common,7.482232252756754,7.48223227710045,-2.4343695947948163e-08,6.1769249565367055,1,1,tracking,True,6.176924956536705,6.177260433677822,-1.3053072962200494,-1.3053072962200485,6.586987724953856,2.2793227498437343,-121.76083296997226,71.84991869683766,141.37976758395874,-121.78407776866655,22.096296616947217,0.75,-0.04660522937774658,0.0,-1.807184490454428,False,2,0.0,5.628932875367809e-10,5.628932875367809e-10,True,True,,True,True,True,True,True,True,0.6999999992549419,0.0,0.0
2972,22.90000034123659,pi_common,6.311601797739665,6.311601687897177,1.0984248799417173e-07,6.393171630107988,1,1,tracking,True,6.393171630107988,6.39354121886702,0.08156983236832271,0.08156983236832271,4.32610571345581,-2.1992723991663223,-45.20107786405218,-89.61750829685356,100.37242674207204,-45.21763955616558,-23.41260875146672,0.3210431933403015,0.000991219305433333,0.0,0.9519289594787514,False,2,0.0,-3.8639595863199094e-11,1.1223000973004105e-08,True,True,,True,True,True,True,True,True,0.3210431933403015,0.0,0.0
2973,22.95000034198165,pi_common,6.709597269694011,6.709597190530309,7.916370137195372e-08,6.577467738261667,1,1,tracking,True,6.577467738261666,6.577654959064553,-0.1321295314323443,-0.1321295314323434,3.6851792688710074,0.6221411203033869,-12.870259186544738,56.32559159281155,57.77758763287653,-12.818528700685091,7.959909320475022,0.42954447865486145,0.020293844863772392,0.0,0.3860525054141506,False,2,0.0,8.401175588534926e-11,4.530287478488049e-09,True,True,,True,True,True,True,True,True,0.3795444779098034,0.0,0.0
2974,23.000000342726707,pi_common,6.8482333819071455,6.8482334113330054,-2.9425859970899637e-08,6.722439076929591,1,1,tracking,True,6.722439076929589,6.722684045325694,-0.12579430497755606,-0.12579430497755428,2.8996307835023813,0.961345301808754,-15.717371750668958,6.822539816162506,17.13504916954647,-15.710969473260834,2.7727222029459146,0.42794930934906006,0.0339742936193943,0.0,0.2736089710353468,False,2,0.0,-1.7188152151570435e-09,1.055565523877533e-08,True,True,,True,True,True,True,True,True,0.377949308604002,0.0,0.0
2975,23.050000343471766,pi_common,6.9696544011433925,6.969654293085683,1.0805770944699589e-07,6.805935279152945,1,1,tracking,True,6.805935279152945,6.806408989020546,-0.16371912199044747,-0.16371912199044747,1.6685877617866898,1.0230598568924012,-24.66593082039458,1.3707512068496472,24.71056682993139,-24.62086006743443,2.428420348538658,0.4489581882953644,0.0071615781635046005,0.0,-0.5362543011269822,False,2,0.0,7.418800122838132e-11,8.05986266616543e-09,True,True,,True,True,True,True,True,True,0.3989581875503063,0.0,0.0
2976,23.100000344216824,pi_common,6.947330792744955,6.947330775684866,1.706008934121428e-08,6.896458170053925,1,1,tracking,True,6.896458170053924,6.8966885030552305,-0.05087262269103121,-0.05087262269103032,1.8074483092591136,-0.2807346587932024,2.7323891131951203,-26.002682571924762,26.146301672690313,2.777210908064809,-0.44647216131579637,0.39317086338996887,-0.0009253544849343598,0.0,-0.1617386505586855,False,2,0.0,1.939552034604941e-11,8.891336777949732e-09,True,True,,True,True,True,True,True,True,0.3431708626449108,0.0,0.0
2977,23.15000034496188,pi_common,6.705489158630371,6.705489230745074,-7.211470265389153e-08,6.93869462302378,1,1,tracking,True,6.93869462302378,6.938817977002676,0.23320546439340895,0.23320546439340895,0.8434893069667779,-0.32218493331772186,-19.272873606449387,-0.7888504298472168,19.291601434468028,-19.27917975856455,-4.8368326102172565,0.24821674823760986,-0.00213830778375268,0.0,-0.024259065614878155,False,2,0.0,9.389468542952972e-11,5.629552934927062e-09,True,True,,True,True,True,True,True,True,0.19943295419216156,0.0,0.0
2978,23.20000034570694,pi_common,7.192581017812094,7.192581046773294,-2.896120054884932e-08,6.987114949978942,1,1,tracking,True,6.987114949978942,6.987201524696123,-0.2054660678331519,-0.2054660678331519,0.9678155594196107,-0.1628239600660643,2.4887243809536344,3.1932944449987213,4.054217177921781,2.486525012004546,9.741837038469768,0.4701208472251892,-0.004600076004862785,0.0,-0.04923536368853802,False,2,0.0,-4.152572730120596e-11,1.2617666411696149e-08,True,True,,True,True,True,True,True,True,0.42012084648013115,0.0,0.0
2979,23.250000346451998,pi_common,5.966299057006835,5.966299033775965,2.3230869672374865e-08,6.979369880798767,1,1,tracking,True,6.979369880798767,6.979439292120766,1.0130708237919324,1.0130708237919324,-0.1553869218119314,-0.17320750352902956,-22.464393800801922,-0.20974149630267136,22.469682718348384,-22.464049289890426,-24.525638850644675,0.0,0.053995028138160706,0.15181100368499756,1.1719020653977683,False,2,0.0,1.1963134233239359e-09,6.9938799196478385e-09,True,True,,True,True,True,True,True,True,0.0,0.0,-0.8481889963150024
2980,23.300000347197056,pi_common,6.763051191965739,6.7630511556581,3.630763956152805e-08,6.978050496430976,1,1,tracking,True,6.978050496430977,6.97869243347976,0.21499930446523763,0.21499930446523674,-0.026089616827222693,2.2909126342386568,2.5941159160006797,49.27533666958757,49.34363073165188,2.585946061160575,15.935042461727447,0.24453727900981903,0.0009279916994273663,0.0,-1.0613407129594576,False,2,0.0,-1.4316324167817918e-11,7.3834510727621705e-09,True,True,,True,True,True,True,True,True,0.19453727826476097,0.0,0.0
2981,23.350000347942114,pi_common,8.203883171081543,8.203883150816964,2.026457934789505e-08,6.918308182120394,1,1,tracking,True,6.918308182120395,6.918417853352618,-1.285574988961148,-1.285574988961149,-1.199390810895527,-0.8016512079548963,-23.58212292231789,-61.852458709973185,66.19604391330151,-23.466023531695086,28.81663915291469,0.75,-0.048822227865457535,0.0,-0.9950043764709774,False,2,0.0,1.7942281688165806e-09,1.7942281688165806e-09,True,True,,True,True,True,True,True,True,0.6999999992549419,0.0,0.0
2982,23.400000348687172,pi_common,7.068180084228516,7.068180089662007,-5.433490990469636e-09,6.8857479665216745,1,1,tracking,True,6.885747966521675,6.886135189890802,-0.1824321177068402,-0.1824321177068411,-0.6505839414656535,-2.267753451382154,10.956753757768064,-29.293392230539013,31.277813664752703,10.97613722504028,-22.714061398594655,0.4455333948135376,-0.034558556973934174,0.0,0.2852734135795621,False,2,0.0,8.118117220123899e-10,1.0595814559088979e-08,True,True,,True,True,True,True,True,True,0.39553339406847954,0.0,0.0
2983,23.45000034943223,pi_common,6.93425480524699,6.93425477111407,3.413292049003758e-08,6.8345863917010945,1,1,tracking,True,6.834586391701094,6.8350350743831685,-0.0996684135458965,-0.09966841354589562,-1.0273943834336148,-0.578967795780791,-7.68674272872052,33.81893100156971,34.68236259028274,-7.5362087270609655,-2.6785055397176674,0.4053973853588104,-0.022533725947141647,0.0,0.24049661695217167,False,2,0.0,6.365374581596139e-10,1.966328266878037e-09,True,True,,True,True,True,True,True,True,0.35539738461375237,0.0,0.0
2984,23.500000350177288,pi_common,6.840558846791586,6.840558968165136,-1.2137355032137975e-07,6.8309684356935145,1,1,tracking,True,6.830968435693514,6.83129849862633,-0.009590411098072238,-0.00959041109807135,-0.07692701359812208,-0.2482752094738969,18.969887919574596,6.683531616518213,20.118258270934383,19.00934711344851,-1.8739191411845135,0.3604782521724701,-0.04612046107649803,0.0,-0.47173469555773295,False,2,0.0,-9.662876540583731e-10,1.4069268694516524e-08,True,True,,True,True,True,True,True,True,0.31047825142741203,0.0,0.0
2985,23.550000350922346,pi_common,5.173047065734863,5.17304708868958,-2.2954716349943283e-08,6.789225371403136,1,1,tracking,True,6.789225371403135,6.789907578499104,1.6161783056682717,1.6161783056682726,-0.8392838269194974,-1.154395171376991,-15.267677324443493,-18.11576249786179,23.6915397045626,-15.247136039227476,-33.350235124177225,0.0,0.08985617011785507,0.4726083278656006,2.7195325833628687,False,2,0.0,1.912181385455014e-09,6.602277335954199e-09,True,True,,True,True,True,True,True,True,0.0,0.0,-0.5273916721343994
2986,23.600000351667404,pi_common,5.862678527832031,5.862678591273074,-6.344104264144335e-08,6.750554476474119,1,1,tracking,True,6.750554476474117,6.750998823002545,0.887875948642086,0.8878759486420877,-0.7748653033712389,3.3689087942969174,1.2706412614448332,90.47839849708657,90.48882285111523,1.2883704517669543,13.792629036417171,0.0,-0.01957443170249462,0.11955559253692627,-2.1886120037941335,False,2,0.0,1.6383421702625967e-10,2.6328955682330957e-10,True,True,,True,True,True,True,True,True,0.0,0.0,-0.8804444074630737
2987,23.650000352412462,pi_common,7.315522034962973,7.315522147791267,-1.1282829426306762e-07,6.641229790426567,1,1,tracking,True,6.641229790426566,6.641231140270471,-0.6742922445364066,-0.6742922445364057,-2.1883012144028813,-1.3189300389459073,-28.3531196403521,-93.77601196314379,97.9689659522983,-28.268717799396125,29.056869709637727,0.669957160949707,0.004760082345455885,0.0,0.4866902737067599,False,2,0.0,1.912718447169559e-10,3.451795294040494e-09,True,True,,True,True,True,True,True,True,0.619957160204649,0.0,0.0
2988,23.70000035315752,pi_common,5.084487597147624,5.084487699168736,-1.0202111244694834e-07,6.569220508127301,1,1,tracking,True,6.569220508127299,6.5692336807866125,1.484732910979675,1.4847329109796767,-1.4401551916481492,0.19306255500221833,14.97336247494665,30.222080143497365,33.75915725989703,14.962920232129756,-44.620688091406905,0.0,0.027533231303095818,0.4281145930290222,0.45546297236587147,False,2,0.0,7.201469628959067e-10,1.110509378898783e-08,True,True,,True,True,True,True,True,True,0.0,0.0,-0.5718854069709778
2989,23.75000035390258,pi_common,6.462297757466634,6.46229784233563,-8.486899627513367e-08,6.434346570395216,1,1,tracking,True,6.434346570395214,6.434508118627493,-0.027951187071419525,-0.02795118707141775,-2.697548304406932,0.8592656772956175,-25.153079597520044,13.28188692931962,28.44445013230038,-25.147861880443312,27.556202795760775,0.32857686281204224,-0.004830792546272278,0.0,-0.6472804673421313,False,2,0.0,9.244742471548051e-11,5.86682435965713e-09,True,True,,True,True,True,True,True,True,0.2785768620669842,0.0,0.0
2990,23.800000354647636,pi_common,4.489723761876424,4.489723795518351,-3.364192746602157e-08,6.3371270932051145,1,1,tracking,True,6.337127093205115,6.3371533135164375,1.8474033313286915,1.8474033313286906,-1.9450690496477123,-0.6056445892170477,15.033080926040174,-29.350834621662937,32.98257307525561,15.049584870928102,-39.451479323931345,0.0,0.0029206054750829935,0.6321929693222046,0.15502795811700884,False,2,0.0,-1.3910831254265732e-11,2.5081653975966844e-08,True,True,,True,True,True,True,True,True,0.0,0.0,-0.3678070306777954
2991,23.850000355392694,pi_common,4.848395109176636,4.84839510896132,2.1531576521738316e-10,6.189893520450039,1,1,tracking,True,6.189893520450038,6.189926119141149,1.3414984112734025,1.3414984112734034,-2.944602176244898,0.06776183416349134,-19.985148362929184,13.450789625923111,24.09386218995019,-19.99066223405963,7.173426839111848,0.0,-0.05241337791085243,0.3960092067718506,-1.1066796512278967,False,2,0.0,1.5744771111880773e-09,7.831847503858569e-09,True,True,,True,True,True,True,True,True,0.0,0.0,-0.6039907932281494
2992,23.900000356137753,pi_common,4.822279294331868,4.822279396567773,-1.0223590507507652e-07,6.0979833293103605,1,1,tracking,True,6.0979833293103605,6.098549250528949,1.2757040349784923,1.2757040349784923,-1.8375491191620132,-2.0094604259151088,22.143674156558045,-41.42437056164466,46.973739552637845,22.141060811730178,-0.5223162891122317,0.0,0.00156530668027699,0.3790583312511444,1.079573675735687,False,2,0.0,-2.4228053591146548e-11,4.120052354839032e-09,True,True,,True,True,True,True,True,True,0.0,0.0,-0.6209416687488556
2993,23.95000035688281,pi_common,5.449496428171794,5.449496350032366,7.813942826118137e-08,5.974386893683166,1,1,tracking,True,5.974386893683165,5.9744834422979975,0.5248904655113709,0.5248904655113718,-2.4749522441826124,0.8033217130734461,-12.831400934514786,56.331710684947744,57.7840876088624,-12.748062310451052,12.544342489873245,0.0,-0.04230702295899391,0.010212672874331474,-0.8774465797104452,False,0,0.0,-1.1809654365535494e-09,1.1809654365535494e-09,True,True,,True,True,True,True,True,True,-0.05000000074505806,0.0,0.010212672874331474
2994,24.00000035762787,pi_common,4.51144814491272,4.511448235987402,-9.107468201818847e-08,5.723789249290059,1,1,tracking,True,5.723789249290058,5.724381959592815,1.2123411043773382,1.212341104377339,-5.01289499297282,-1.3761242940842362,-50.713969162098294,-43.44963739685595,66.78392309052207,-50.75885421943828,-18.760965385621315,0.0,0.008068251423537731,0.36909225583076477,1.0075054726376313,False,0,0.0,-1.2715221237025176e-10,9.469441897280717e-10,True,True,,True,True,True,True,True,True,0.0,0.0,-0.6309077441692352
2995,24.050000358372927,pi_common,4.55668584505717,4.5566858039903195,4.10668503647571e-08,5.36930107823894,1,1,tracking,True,5.369301078238939,5.369398644191228,0.8126152331817691,0.81261523318177,-7.091829030673601,1.0121261173316038,-41.62740651898571,47.94111959834907,63.49260592149539,-41.578680134445015,0.9047539894071183,0.0,-0.056483522057533264,0.17938701808452606,-1.2910354503834927,False,1,0.0,1.3051527358864945e-09,6.3384681947553645e-09,True,True,,True,True,True,True,True,True,0.0,0.0,-0.8206129819154739
2996,24.100000359117985,pi_common,3.899562994639079,3.8995630854108576,-9.077177853811236e-08,4.16275193758364,1,1,tracking,True,4.162751937583638,4.162941736439102,0.2631889429445593,0.2631889429445611,-24.12928370141207,-0.6165807456527982,-340.6622727189615,-31.93595277120281,342.18324780912,-340.7490883372123,-13.14245681252395,0.09203626960515976,-0.0029737509321421385,0.0,1.0701954065606682,False,1,0.0,7.157179710004513e-11,1.9315570531919235e-09,True,True,,True,True,True,True,True,True,0.0420362688601017,0.0,0.0
2997,24.150000359863043,pi_common,5.681002616882324,5.681002669969961,-5.3087636509019376e-08,3.7226373442817646,1,1,tracking,True,3.7226373442817633,3.7228826293936637,-1.958365272600561,-1.9583652726005596,-8.800511052330545,0.2552523525808052,306.5224951793537,18.569472352975694,307.14290713046455,306.5754484133003,35.62879191395453,0.75,-0.04376142844557762,0.0,-0.8157535381130347,False,1,0.0,1.0077086734505691e-09,1.0077086734505691e-09,True,True,,True,True,True,True,True,True,0.6999999992549419,0.0,0.0
2998,24.2000003606081,pi_common,5.923022111256918,5.92302188520408,2.26052837781765e-07,3.6036689005213094,1,1,tracking,True,3.603668900521308,3.6045362609038385,-2.31935321073561,-2.3193532107356085,-2.378631354031622,-1.3978272184516487,128.44777493309465,-32.66293872483341,132.54279985042064,128.4375920521092,4.840389815364445,0.75,-0.020112071186304092,0.0,0.472987138137413,False,1,0.0,4.434983803813797e-10,4.434983803813797e-10,True,True,,True,True,True,True,True,True,0.6999999992549419,0.0,0.0
2999,24.25000036135316,pi_common,5.913867314656576,5.9138671397487395,1.7490783665863319e-07,3.5465771928935603,1,1,tracking,True,3.5465771928935594,3.547138423340293,-2.3672901217630167,-2.367290121763016,-1.144779617868682,0.23976889503508386,24.622480478215998,32.84443869885932,41.049040163757624,24.677034355542336,-0.18309592927849397,0.75,0.08988972753286362,0.0,2.200035941600264,False,1,0.0,3.3106793695392156e-10,3.3106793695392156e-10,True,True,,True,True,True,True,True,True,0.6999999992549419,0.0,0.0
3000,24.300000362098217,pi_common,6.501491069793701,6.501491160175063,-9.038136195016477e-08,3.5537140496505706,1,1,tracking,True,3.5537140496505693,3.5554437957015135,-2.947777020143132,-2.9477770201431306,0.14366670301234782,3.127513515084513,25.758485236144676,57.70591121556635,63.19498315413234,25.768926033633672,11.752474927616978,0.75,0.014128430746495724,0.0,-1.5152259131487322,False,1,0.0,-6.038912599148905e-11,6.038912599148905e-11,True,True,,True,True,True,True,True,True,0.6999999992549419,0.0,0.0
3001,24.350000362843275,pi_common,5.396973927815755,5.396973984661419,-5.684566417585302e-08,3.6517241338259363,1,1,tracking,True,3.6517241338259354,3.6521684717084635,-1.7452497939898195,-1.7452497939898186,1.9536483307659716,-0.9854515755139128,36.03580331483082,-82.25180597603037,89.79987908837057,36.19963201565592,-22.09034251038717,0.75,-0.07884335517883301,0.0,-1.8594356907988236,False,1,0.0,3.3675113253472944e-09,3.3675113253472944e-09,True,True,,True,True,True,True,True,True,0.6999999992549419,0.0,0.0
3002,24.400000363588333,pi_common,4.223444859186808,4.223444802042789,5.7144018406063424e-08,3.7882521300767293,1,1,tracking,True,3.788252130076729,3.789724188292417,-0.4351927291100788,-0.43519272911007834,2.731377911847822,-3.093984261642157,15.509673454947935,-42.255633015121035,45.01316716110814,15.554591389855533,-23.470581022840033,0.44666701555252075,0.058348771184682846,0.0,2.743842486383878,False,1,0.0,-4.72508435156449e-10,1.2064527155075666e-09,True,True,,True,True,True,True,True,True,0.3966670148074627,0.0,0.0
3003,24.45000036433339,pi_common,4.943577130635579,4.943576976370576,1.5426500343806993e-07,3.93653873602692,1,1,tracking,True,3.9365387360269186,3.9369608748776166,-1.0070383946086605,-1.0070383946086592,2.963802449769772,3.0788599199766953,4.62040217845682,123.43239329661237,123.51884721887498,4.648490689171092,14.402645214359291,0.7451778054237366,0.0022434634156525135,0.0,-1.1221061386599223,False,1,0.0,3.5061596855012755e-11,2.4204711124298228e-08,True,True,,True,True,True,True,True,True,0.6951778046786785,0.0,0.0
3004,24.50000036507845,pi_common,4.8854609330495204,4.88546105130762,-1.182580993130955e-07,4.052243654012136,1,1,tracking,True,4.052243654012134,4.0522829843246155,-0.8332172790373864,-0.8332172790373846,2.31242775502497,-0.7610543130632428,-13.090149805911688,-76.7382209368439,77.8467452672626,-13.027493700771252,-1.1623239344011973,0.6686825156211853,0.15090301632881165,0.0,2.973191013959184,False,1,0.0,6.126695234476287e-09,2.7635208788012733e-08,True,True,,True,True,True,True,True,True,0.6186825148761272,0.0,0.0
3005,24.550000365823507,pi_common,6.072033723195394,6.072033930006362,-2.0681096835062363e-07,4.177089365892729,1,1,tracking,True,4.177089365892727,4.180250191030359,-1.8949443573026663,-1.8949443573026645,2.4962751024990917,3.2987528499477237,3.731369351545378,81.36040976220316,81.445995929255,3.676946894691653,23.731455449291218,0.75,0.1193159818649292,0.0,-0.6317406798639792,False,1,0.0,-1.7436749960575426e-09,1.7436749960575426e-09,True,True,,True,True,True,True,True,True,0.6999999992549419,0.0,0.0
3006,24.600000366568565,pi_common,6.421104431152344,6.421104516376679,-8.522433514457362e-08,4.326096049992941,1,1,tracking,True,4.326096049992941,4.33271803530436,-2.0950083811594027,-2.0950083811594027,2.9556714947084863,2.2440168961479623,8.635179113593676,-20.672546279888596,22.40701006167226,9.187927707277101,6.981414055107827,0.75,-0.12211471050977707,0.0,-4.828613775542173,False,1,0.0,9.806360445896445e-10,9.806360445896445e-10,True,True,,True,True,True,True,True,True,0.6999999992549419,0.0,0.0
3007,24.650000367313623,pi_common,5.636958916982015,5.636958859639627,5.734238772703293e-08,4.494182044995477,1,1,tracking,True,4.494182044995477,4.49419944053498,-1.1427768719865377,-1.1427768719865377,3.3445993267159597,-4.704423349152496,7.613159826180934,-138.75027269803786,138.96052325652826,7.778556524239943,-15.68291004971301,0.75,0.007219614926725626,0.0,2.586686470185422,False,1,0.0,1.5084899822326303e-10,1.5084899822326303e-10,True,True,,True,True,True,True,True,True,0.6999999992549419,0.0,0.0
3008,24.70000036805868,pi_common,5.67468245824178,5.674682607002516,-1.4876073528569123e-07,4.685339281225019,1,1,tracking,True,4.685339281225018,4.685377745214592,-0.989343177016762,-0.9893431770167611,3.8231230408981483,0.4983515768736444,9.49305395199933,104.00035256399399,104.43294165119937,9.570474141032593,0.7544708139528213,0.7467454075813293,0.06605774909257889,0.0,1.176762665781935,False,1,0.0,1.8972002441275393e-09,2.939433541016001e-08,True,True,,True,True,True,True,True,True,0.6967454068362713,0.0,0.0
3009,24.75000036880374,pi_common,4.608694156010946,4.608694282054078,-1.260431314875632e-07,4.873978388522325,1,1,tracking,True,4.873978388522325,4.875510050177763,0.26528423251137845,0.26528423251137845,3.7724159833169657,2.359889903270926,-1.0425610645445043,37.4509609974596,37.46949139469359,-1.0141411365117703,-21.319765726927415,0.11611568182706833,-0.029603051021695137,0.0,-1.9132159737763408,False,1,0.0,-3.844685889098365e-10,2.5712786899667606e-09,True,True,,True,True,True,True,True,True,0.11611568182706833,0.0,0.0
3010,24.800000369548798,pi_common,5.271251201629639,5.271251337959904,-1.363302652990228e-07,5.040946431267345,1,1,tracking,True,5.040946431267344,5.0409879456575615,-0.23030477036229424,-0.23030477036229335,3.3369593481128677,-2.6183433781115792,-8.761730650007237,-99.48034126760388,99.89514392275233,-8.709132574305773,13.251140714916465,0.36678898334503174,-0.06768963485956192,0.0,-0.7617316654066494,False,1,0.0,3.4278104243945506e-09,7.0200200652514866e-09,True,True,,True,True,True,True,True,True,0.3167889825999737,0.0,0.0
3011,24.850000370293856,pi_common,4.769140561421713,4.769140517116149,4.430556366230576e-08,5.097067025665924,1,1,tracking,True,5.097067025665923,5.098456429481053,0.3279264642442099,0.3279264642442108,1.12213988867889,-2.4789301802095753,-44.5186229588501,2.5091074586877484,44.68104917968605,-44.29638852861192,-10.042212654517888,0.08357429504394531,-0.07550330460071564,0.0,-0.15627339249441932,False,1,0.0,-1.050652551071174e-09,2.846279267831875e-09,True,True,,True,True,True,True,True,True,0.08357429504394531,0.0,0.0
3012,24.900000371038914,pi_common,5.364794890085856,5.364794654318396,2.3576746066567011e-07,4.981198255167826,1,1,tracking,True,4.9811982551678256,4.983299642966163,-0.38359663491803087,-0.38359663491803,-2.32800772488121,-1.0314159000708243,-69.24965220814508,28.836657609575365,75.01988188824784,-69.0029512429779,11.91308639576405,0.4441308081150055,0.003757625352591276,0.0,1.5852185754445407,False,1,0.0,1.0219747270667767e-10,8.328293221726568e-09,True,True,,True,True,True,True,True,True,0.39413080736994743,0.0,0.0
3013,24.950000371783972,pi_common,6.720904986063639,6.720904991021848,-4.958208954519705e-09,4.979691983857289,1,1,tracking,True,4.979691983857287,4.979878450981973,-1.7412130022063517,-1.74121300220635,-0.037850755702416417,1.7970469552783692,45.74614967293501,56.6972587135789,72.85733996822192,45.80313870105592,27.12220151540335,0.75,0.05586797371506691,0.0,1.0422069517194188,False,1,0.0,-6.648158135114102e-10,6.648158135114102e-10,True,True,,True,True,True,True,True,True,0.6999999992549419,0.0,0.0
3014,25.00000037252903,pi_common,6.212823708852132,6.212823598606182,1.1024595014674787e-07,4.977368841712968,1,1,tracking,True,4.977368841712966,4.978007346465346,-1.2354548671391656,-1.2354548671391639,-0.04480414125575932,2.5817873652992693,-0.21222741255069075,15.696288229714764,15.73420368276732,-0.13906770899458776,-10.16162539281012,0.75,-0.006086463108658791,0.0,-1.2390887180106533,False,1,0.0,4.481251914684181e-11,4.481251914684181e-11,True,True,,True,True,True,True,True,True,0.6999999992549419,0.0,0.0
3015,25.050000373274088,pi_common,5.990728855133057,5.990728803376668,5.1756388508295004e-08,5.051299576012577,1,1,tracking,True,5.051299576012576,5.051304805640121,-0.939429279120481,-0.9394292791204792,1.4764818689890395,-1.3806325306095275,30.355133442779863,-79.24952434029382,84.88736226955119,30.425719751517423,-4.441897008192081,0.7337899804115295,-0.09064113348722458,0.0,-1.6910933823720606,False,1,0.0,-5.711658507268069e-10,7.640395649488596e-09,True,True,,True,True,True,True,True,True,0.6837899796664715,0.0,0.0
3016,25.100000374019146,pi_common,6.346366246541342,6.346366145924787,1.0061655508764034e-07,5.0541422513490835,1,1,tracking,True,5.054142251349082,5.055990661182297,-1.29222399519226,-1.2922239951922583,0.05772404398131674,-3.154553427571217,-28.475230729940602,-35.58207378656872,45.63534523331042,-28.37515607733168,7.1127477221775015,0.75,0.07397197932004929,0.0,3.2922622070869476,False,1,0.0,8.641879295501198e-10,8.641879295501198e-10,True,True,,True,True,True,True,True,True,0.6999999992549419,0.0,0.0
3017,25.150000374764204,pi_common,7.195862134297689,7.195862098142783,3.6154906624119576e-08,5.160403288056839,1,1,tracking,True,5.160403288056838,5.16069785564688,-2.035458846240852,-2.03545884624085,2.1185155209742104,3.5625902096620243,41.05363716760018,134.34043340620494,140.4740660576061,41.21582892569416,16.989917501957454,0.75,0.06465943157672882,0.0,-0.18625095209105383,False,1,0.0,-3.717862878671596e-09,3.717862878671596e-09,True,True,,True,True,True,True,True,True,0.6999999992549419,0.0,0.0
3018,25.200000375509262,pi_common,5.133542855580648,5.133542811428501,4.4152147715692536e-08,5.2357279645345765,1,1,tracking,True,5.235727964534576,5.237074275524409,0.10218510895392718,0.10218510895392807,1.5029259132317465,1.6963044273951593,-12.60402705806703,-37.150451181111265,39.232366011668894,-12.31179197138928,-41.24638495972179,0.21170547604560852,-0.007565002888441086,0.0,-1.4444886677788396,False,1,0.0,-1.4760065739083394e-10,4.088155480808098e-09,True,True,,True,True,True,True,True,True,0.21170547604560852,0.0,0.0
3019,25.25000037625432,pi_common,5.779005527496338,5.779005591353056,-6.385671813546878e-08,5.174984265000408,1,1,tracking,True,5.174984265000407,5.175112605448613,-0.6040212624959311,-0.6040212624959302,-1.221149817944547,-1.3646261185744517,-54.57671451472871,-61.13446463814059,81.95648013909648,-54.48151381168805,12.909253245950927,0.5723589062690735,0.17712566256523132,0.0,3.6938132540313413,False,1,0.0,8.484437041822446e-10,2.548332656004959e-08,True,True,,True,True,True,True,True,True,0.5223589055240154,0.0,0.0
