name,v0,has_prev,light,light_ms_pre,light_ms_fwd,light_tokens,light_p_red_or_yellow_for_ego,light_p_green_for_ego,light_p_no_light_for_ego,stop_ctrl,stop_ctrl_ms_pre,stop_ctrl_ms_fwd,stop_ctrl_tokens,stop_ctrl_p_stop_controlled,stop_ctrl_p_not_stop_controlled,row,row_ms_pre,row_ms_fwd,row_tokens,row_p_others_first,row_p_ego_may_go,lead,lead_ms_pre,lead_ms_fwd,lead_tokens,lead_p_none_ahead,lead_p_stopped_lead,lead_p_moving_lead,cross,cross_ms_pre,cross_ms_fwd,cross_tokens,cross_p_crossing,cross_p_clear,direct,direct_ms_pre,direct_ms_fwd,direct_tokens,direct_p_hold,direct_p_go,decomp,decomp_ms_pre,decomp_ms_fwd,decomp_tokens,decomp_p_hold,decomp_p_go,block,block_ms_pre,block_ms_fwd,block_tokens,block_p_left_pass,block_p_right_pass,block_p_clear_lane,path,path_ms_pre,path_ms_fwd,path_tokens,path_p_A,path_p_B,path_p_C,path_p_D,path_p_E,speed4,speed4_ms_pre,speed4_ms_fwd,speed4_tokens,speed4_p_hold,speed4_p_creep,speed4_p_follow,speed4_p_go,decomp3,decomp3_ms_pre,decomp3_ms_fwd,decomp3_tokens,decomp3_p_hold,decomp3_p_creep,decomp3_p_go
0075c28f1f1a68c4c1c8dcf37958046b-149,10.645,True,no_light_for_ego,73.8,1718.7,1173,0.0041,0.0003,0.9956,stop_controlled,81.6,551.8,2238,0.5622,0.4378,ego_may_go,105.2,751.6,3247,0.0022,0.9978,none_ahead,83.9,523.1,2218,0.9707,0.0,0.0293,clear,43.0,340.9,1158,0.0,1.0,go,139.9,1012.5,4304,0.0,1.0,go,114.0,1034.4,4378,0.0009,0.9991,clear_lane,109.1,765.7,3274,0.0067,0.004,0.9893,C,44.7,366.7,1393,0.0,0.0,1.0,0.0,0.0,follow,133.0,1022.7,4435,0.0,0.0347,0.5426,0.4226,,,,,,,
0081c482170156ee7aedf36157d4ff21-149,3.704,True,no_light_for_ego,39.0,317.8,1173,0.0,0.0,1.0,stop_controlled,74.0,504.8,2238,1.0,0.0,others_first,120.8,759.3,3247,0.6225,0.3775,none_ahead,75.9,492.5,2218,0.481,0.2918,0.2272,clear,45.3,335.2,1158,0.0,1.0,go,124.5,979.7,4304,0.0067,0.9933,go,133.3,999.5,4379,0.0474,0.9526,left_pass,120.1,754.5,3274,0.9196,0.0588,0.0216,C,49.4,354.6,1402,0.0001,0.0,0.9983,0.0001,0.0015,creep,136.4,1021.7,4444,0.0001,0.9958,0.0,0.0041,,,,,,,
00c73f2a3515da4249d4416a544c09b2-150,0.044,True,no_light_for_ego,47.7,337.1,1173,0.0,0.0,1.0,stop_controlled,82.6,508.0,2238,1.0,0.0,others_first,112.4,758.2,3247,0.8933,0.1067,moving_lead,83.8,493.8,2218,0.0041,0.0001,0.9958,clear,47.3,330.5,1158,0.0601,0.9399,hold,128.2,1000.4,4298,1.0,0.0,hold,115.8,991.9,4376,1.0,0.0,left_pass,103.5,746.3,3274,0.9537,0.0288,0.0175,C,52.4,375.3,1399,0.3765,0.002,0.6207,0.0007,0.0002,hold,130.7,1030.7,4441,0.9975,0.0025,0.0,0.0,hold,153.8,1010.9,4388.0,0.9426,0.0105,0.0469
00f755ca895493997db24f66b4ea7e24-148,1.29,True,no_light_for_ego,43.0,340.0,1173,0.0,0.0,1.0,not_stop_controlled,69.4,482.8,2238,0.0019,0.9981,ego_may_go,115.8,755.0,3247,0.0059,0.9941,none_ahead,70.5,506.4,2218,0.5577,0.4343,0.008,clear,45.7,340.0,1158,0.0,1.0,go,107.6,811.5,4303,0.0001,0.9999,go,121.7,762.5,4377,0.0,1.0,left_pass,96.6,589.0,3274,0.9806,0.0085,0.0109,C,38.8,268.2,1400,0.0002,0.0,0.9998,0.0,0.0,go,121.2,828.8,4442,0.0,0.0921,0.0339,0.874,,,,,,,
01d758be9706c2534b80c2dd3a4234b9-149,16.252,True,no_light_for_ego,45.9,223.5,1173,0.0,0.0,1.0,not_stop_controlled,57.5,391.9,2238,0.0,1.0,ego_may_go,113.1,568.7,3247,0.0,1.0,moving_lead,70.6,402.4,2218,0.0086,0.0,0.9914,clear,33.8,229.5,1158,0.0,1.0,go,122.8,812.0,4304,0.0,1.0,go,131.3,767.5,4381,0.0,1.0,clear_lane,94.2,575.1,3274,0.0292,0.0031,0.9677,C,37.0,237.9,1396,0.0,0.0,1.0,0.0,0.0,follow,131.2,820.8,4438,0.0,0.0,0.9991,0.0009,,,,,,,
023de465f73acb957c34bdf9299ed39b-149,2.295,True,no_light_for_ego,43.3,239.5,1173,0.0,0.0,1.0,not_stop_controlled,71.7,392.6,2238,0.0,1.0,ego_may_go,128.3,555.2,3247,0.0003,0.9997,stopped_lead,69.0,401.4,2218,0.0052,0.9896,0.0052,clear,21.9,227.9,1158,0.0,1.0,go,105.9,807.8,4304,0.0,1.0,go,148.4,749.2,4381,0.4378,0.5622,left_pass,97.0,551.1,3274,0.9609,0.0019,0.0373,C,55.3,221.0,1404,0.2227,0.0001,0.7772,0.0,0.0,creep,129.8,774.1,4446,0.0,0.9913,0.0002,0.0086,,,,,,,
02a549944c0a5338903c22adb57b0501-148,1.928,True,no_light_for_ego,44.9,196.9,1173,0.1732,0.2224,0.6045,not_stop_controlled,69.9,393.6,2238,0.023,0.977,others_first,117.5,565.5,3247,0.7311,0.2689,moving_lead,74.1,402.3,2218,0.0016,0.0473,0.951,clear,31.0,225.3,1158,0.0,1.0,go,116.8,811.3,4303,0.011,0.989,go,146.4,745.0,4381,0.0,1.0,left_pass,99.1,563.2,3274,0.9603,0.029,0.0107,C,51.5,219.9,1404,0.0025,0.0002,0.9974,0.0,0.0,creep,139.7,749.9,4446,0.0,0.5685,0.2686,0.1629,,,,,,,
0414d4f697ebf7301d2ddfc1e578a6d9-148,0.991,True,green_for_ego,47.9,194.4,1173,0.0,0.9996,0.0004,not_stop_controlled,70.4,392.6,2238,0.0,1.0,others_first,127.3,549.7,3247,0.7549,0.2451,moving_lead,78.7,410.0,2218,0.0019,0.119,0.8791,clear,43.2,224.3,1158,0.0025,0.9975,go,123.7,803.0,4303,0.0086,0.9914,go,111.7,780.7,4381,0.0,1.0,left_pass,111.1,526.5,3274,0.8247,0.1433,0.032,C,47.2,251.7,1404,0.0085,0.0012,0.9849,0.0052,0.0003,go,138.3,765.2,4446,0.0,0.0001,0.0041,0.9959,,,,,,,
0426ef72af3ce42152d3559ee3bf2b9b-150,3.147,True,no_light_for_ego,46.1,210.6,1173,0.0,0.0,1.0,not_stop_controlled,71.1,393.2,2238,0.148,0.852,ego_may_go,119.0,567.6,3247,0.0159,0.9841,none_ahead,88.7,401.7,2218,0.9971,0.0004,0.0025,clear,41.2,222.7,1158,0.0,1.0,go,125.1,875.6,4304,0.0,1.0,go,146.1,1045.7,4378,0.0,1.0,left_pass,105.6,755.5,3274,0.9551,0.0225,0.0225,C,45.4,369.9,1401,0.0,0.0,0.9999,0.0001,0.0,go,143.1,1052.1,4443,0.0,0.0446,0.2569,0.6984,,,,,,,
0441374eb46e1d94536cf7fce1237e9f-148,2.87,True,no_light_for_ego,37.9,340.4,1173,0.0,0.0,1.0,stop_controlled,89.2,533.9,2238,1.0,0.0,ego_may_go,91.3,751.2,3247,0.1192,0.8808,none_ahead,102.1,512.5,2218,0.9914,0.0,0.0086,clear,45.1,338.9,1158,0.0,1.0,go,133.8,959.2,4304,0.0293,0.9707,go,132.2,993.5,4378,0.0002,0.9998,left_pass,103.4,758.2,3274,0.5283,0.3204,0.1513,C,38.8,372.9,1401,0.0,0.0,1.0,0.0,0.0,creep,120.5,1053.6,4443,0.0,0.989,0.0,0.011,,,,,,,
04b1507c7b4a33855b6f09a5b0050e70-149,4.007,True,no_light_for_ego,45.8,310.8,1173,0.0,0.0,1.0,not_stop_controlled,100.3,515.0,2238,0.0012,0.9988,ego_may_go,127.2,751.9,3247,0.0675,0.9325,none_ahead,89.0,491.9,2218,0.8776,0.0036,0.1188,clear,51.1,316.7,1158,0.0,1.0,go,136.5,958.1,4304,0.0,1.0,go,139.7,1009.3,4378,0.0,1.0,left_pass,113.4,761.0,3274,0.9414,0.0221,0.0365,C,47.8,365.1,1401,0.0,0.0,1.0,0.0,0.0,go,145.5,1029.4,4443,0.0,0.0166,0.0746,0.9088,,,,,,,
04b162cce96ccaebd5e4ed92c60e66ac-149,5.0,True,no_light_for_ego,40.1,332.4,1173,0.0,0.0,1.0,stop_controlled,92.1,499.6,2238,1.0,0.0,ego_may_go,120.3,757.7,3247,0.0097,0.9903,moving_lead,88.4,500.3,2218,0.0,0.0,1.0,clear,47.5,332.4,1158,0.0,1.0,go,142.6,990.1,4304,0.0,1.0,go,123.9,994.4,4381,0.0001,0.9999,left_pass,113.6,753.3,3274,0.9259,0.028,0.0461,C,43.7,365.7,1404,0.0,0.0,0.9998,0.0001,0.0,creep,137.7,1025.0,4446,0.0,0.9763,0.0007,0.023,,,,,,,
04fcff6d002a8cc76666a30f7bde20b2-149,10.632,True,no_light_for_ego,45.5,338.5,1173,0.0,0.2689,0.7311,not_stop_controlled,88.4,481.0,2238,0.0001,0.9999,ego_may_go,122.4,756.7,3247,0.0025,0.9975,moving_lead,72.2,475.7,2218,0.0,0.0,1.0,clear,49.3,323.9,1158,0.0,1.0,go,138.8,960.7,4304,0.0,1.0,go,153.3,970.0,4381,0.0,1.0,left_pass,104.0,757.9,3274,0.9914,0.0086,0.0,C,52.0,356.5,1404,0.1404,0.0516,0.8079,0.0,0.0,follow,136.2,1019.8,4446,0.0,0.0,0.9627,0.0373,,,,,,,
053cb7c6b8b71cc8ed1d9f3b2b5b8636-150,6.146,True,red_or_yellow_for_ego,45.1,316.7,1173,0.7633,0.018,0.2187,not_stop_controlled,80.0,514.7,2238,0.0052,0.9948,ego_may_go,123.1,748.2,3247,0.3208,0.6792,none_ahead,72.8,494.5,2218,0.9988,0.0,0.0012,clear,52.8,343.9,1158,0.0,1.0,go,138.4,971.0,4304,0.0007,0.9993,go,113.9,1012.7,4380,0.0015,0.9985,left_pass,120.1,763.9,3274,0.7184,0.0757,0.2058,C,47.1,364.9,1403,0.0041,0.0002,0.9957,0.0,0.0,creep,130.9,1028.3,4445,0.0007,0.74,0.0473,0.212,,,,,,,
0593b8a202e06059ec96f3d5941900d6-148,4.644,True,no_light_for_ego,47.0,326.4,1173,0.0,0.0,1.0,not_stop_controlled,79.8,494.3,2238,0.0,1.0,ego_may_go,119.7,747.8,3247,0.2451,0.7549,none_ahead,79.4,494.1,2218,0.9275,0.0593,0.0132,clear,49.6,348.5,1158,0.0,1.0,go,132.3,999.4,4304,0.011,0.989,go,136.4,1059.9,4378,0.0,1.0,left_pass,120.9,759.3,3274,0.9911,0.0086,0.0003,A,42.6,379.2,1401,0.9397,0.0002,0.0601,0.0,0.0,go,133.1,1058.1,4443,0.0,0.0,0.0019,0.998,,,,,,,
05e1f9ef75f7e47d67f096e05d167dcb-149,11.714,True,green_for_ego,39.0,332.1,1173,0.0,0.9999,0.0001,not_stop_controlled,86.1,522.0,2238,0.0,1.0,ego_may_go,125.8,760.9,3247,0.0421,0.9579,moving_lead,85.3,497.2,2218,0.0953,0.0006,0.9041,clear,50.9,326.4,1158,0.0007,0.9993,go,128.6,960.3,4304,0.0,1.0,go,138.6,986.9,4381,0.0,1.0,left_pass,121.3,757.2,3274,0.7054,0.0351,0.2595,C,58.7,365.3,1404,0.0025,0.0,0.9975,0.0,0.0,go,133.8,1042.2,4446,0.0,0.0,0.0006,0.9994,,,,,,,
06a63756c3dc03b0a1778312c6468d58-148,3.54,True,no_light_for_ego,44.0,337.8,1173,0.0,0.0,1.0,not_stop_controlled,89.0,495.0,2238,0.0052,0.9948,ego_may_go,116.2,755.8,3247,0.0001,0.9999,none_ahead,82.8,481.9,2218,0.9985,0.0,0.0015,clear,44.2,324.0,1158,0.0,1.0,go,140.8,947.4,4304,0.0001,0.9999,go,156.4,967.0,4378,0.0,1.0,left_pass,111.7,762.9,3274,0.9767,0.023,0.0003,C,52.7,373.1,1401,0.0,0.0001,0.9999,0.0,0.0,go,146.0,1037.6,4443,0.0,0.0024,0.014,0.9835,,,,,,,
06a6ff41e238ac25ca0ce315ab895329-149,1.813,True,no_light_for_ego,48.5,346.0,1173,0.0,0.0,1.0,stop_controlled,78.0,511.9,2238,0.9526,0.0474,others_first,102.2,761.0,3247,0.5312,0.4688,none_ahead,74.8,494.3,2218,0.9627,0.0,0.0373,clear,54.3,338.7,1158,0.0,1.0,go,132.1,971.4,4303,0.0759,0.9241,hold,133.7,996.1,4378,0.6792,0.3208,clear_lane,108.6,760.3,3274,0.171,0.0629,0.7662,C,48.4,369.1,1393,0.0,0.0,1.0,0.0,0.0,creep,127.6,1029.4,4435,0.0713,0.8686,0.0046,0.0555,,,,,,,
06c2249c2322e0ffc01851bfb8eb8c4a-149,0.964,True,no_light_for_ego,48.1,340.8,1173,0.0,0.0,1.0,not_stop_controlled,83.1,491.9,2238,0.0067,0.9933,ego_may_go,120.8,758.8,3247,0.1824,0.8176,moving_lead,78.1,530.4,2218,0.0938,0.0163,0.8899,clear,52.3,343.5,1158,0.0,1.0,hold,133.3,1049.6,4303,0.7311,0.2689,go,146.9,1023.9,4380,0.0,1.0,left_pass,120.1,756.6,3274,0.9839,0.0109,0.0052,C,52.9,366.9,1403,0.0,0.0007,0.9993,0.0,0.0,creep,135.6,1018.2,4445,0.0,0.6652,0.09,0.2447,,,,,,,
0753089b73ce77d5c9e37dc924786b7f-149,6.753,True,no_light_for_ego,39.4,342.8,1173,0.0,0.0,1.0,not_stop_controlled,90.9,500.7,2238,0.0007,0.9993,ego_may_go,108.1,758.3,3247,0.0008,0.9992,none_ahead,84.9,493.6,2218,0.9999,0.0,0.0001,clear,56.0,332.7,1158,0.0,1.0,go,132.2,975.3,4304,0.0,1.0,go,129.0,1014.6,4378,0.0,1.0,clear_lane,105.8,754.0,3274,0.0086,0.0031,0.9883,C,45.4,368.7,1393,0.0,0.0,1.0,0.0,0.0,follow,137.2,1032.5,4435,0.0,0.0,0.977,0.023,,,,,,,
07b4716982f88d85c6e5b350883b2d9b-147,8.269,True,no_light_for_ego,42.9,345.0,1173,0.0,0.0,1.0,not_stop_controlled,74.1,501.9,2238,0.0,1.0,ego_may_go,122.9,760.3,3247,0.0141,0.9859,stopped_lead,75.8,528.8,2218,0.0291,0.9626,0.0083,clear,52.0,340.7,1158,0.0,1.0,go,135.8,1036.9,4304,0.0,1.0,go,139.7,1006.1,4381,0.0015,0.9985,left_pass,115.3,759.0,3274,0.8247,0.032,0.1433,A,41.6,371.2,1404,0.6224,0.0001,0.3775,0.0,0.0,go,149.3,1044.1,4446,0.0,0.0007,0.0041,0.9952,,,,,,,
07f5a2d295a8ba9caf5c75d25a31a3c0-148,3.627,True,no_light_for_ego,44.6,340.7,1173,0.0,0.0,1.0,not_stop_controlled,94.4,479.3,2238,0.1824,0.8176,ego_may_go,119.5,748.5,3247,0.0293,0.9707,none_ahead,82.4,503.0,2218,1.0,0.0,0.0,clear,46.0,346.1,1158,0.0,1.0,go,126.2,1000.1,4304,0.0,1.0,go,132.3,1013.5,4378,0.0,1.0,left_pass,106.5,756.1,3274,0.8338,0.0533,0.1128,C,44.3,367.9,1401,0.0001,0.0,0.9999,0.0,0.0,go,136.3,1023.4,4443,0.0,0.0001,0.018,0.9819,,,,,,,
0824d90db4395e53f693374259e5b1d8-149,0.0,True,red_or_yellow_for_ego,43.9,342.3,1173,1.0,0.0,0.0,not_stop_controlled,86.3,484.9,2238,0.0,1.0,ego_may_go,126.4,749.2,3247,0.133,0.867,none_ahead,71.1,496.2,2218,0.977,0.0,0.023,clear,49.5,338.3,1158,0.0,1.0,hold,136.4,1034.2,4298,1.0,0.0,hold,143.5,1039.0,4374,1.0,0.0,clear_lane,108.0,755.2,3274,0.0067,0.0007,0.9926,C,42.6,365.0,1389,0.0,0.0,1.0,0.0,0.0,hold,148.1,1021.3,4431,0.9975,0.0,0.0,0.0025,hold,138.2,1028.3,4386.0,0.9999,0.0,0.0001
086adac6586a693811e6e0901532bc3c-149,6.815,True,no_light_for_ego,47.2,339.5,1173,0.0,0.0015,0.9985,not_stop_controlled,87.6,502.8,2238,0.011,0.989,ego_may_go,115.8,757.5,3247,0.0022,0.9978,moving_lead,85.7,486.2,2218,0.0,0.0015,0.9985,clear,58.8,330.5,1158,0.0,1.0,go,129.2,972.8,4304,0.0,1.0,go,142.1,986.3,4381,0.0,1.0,left_pass,115.7,760.8,3274,0.9968,0.0032,0.0,A,46.5,366.9,1404,0.8922,0.0346,0.0732,0.0,0.0,go,133.5,1029.8,4446,0.0,0.0002,0.3775,0.6223,,,,,,,
0893a68205b49db42f5aeff87a9412ff-148,14.544,True,no_light_for_ego,43.1,325.5,1173,0.0,0.0,1.0,not_stop_controlled,90.5,496.6,2238,0.0,1.0,ego_may_go,94.2,749.9,3247,0.0,1.0,moving_lead,92.1,496.7,2218,0.0005,0.018,0.9815,clear,36.0,343.7,1158,0.0,1.0,go,124.6,971.3,4304,0.0,1.0,go,116.5,1024.6,4381,0.0,1.0,left_pass,104.3,751.7,3274,0.5577,0.008,0.4343,C,59.2,364.2,1404,0.0,0.0,1.0,0.0,0.0,follow,142.7,1033.5,4446,0.0,0.0,0.852,0.148,,,,,,,
08c980dc4d5291e938e3aa785fced231-148,8.013,True,no_light_for_ego,48.5,346.2,1173,0.3208,0.0001,0.6791,not_stop_controlled,77.6,519.2,2238,0.0474,0.9526,ego_may_go,123.1,756.0,3247,0.2942,0.7058,moving_lead,70.4,549.1,2218,0.0,0.0003,0.9996,clear,48.7,340.1,1158,0.0025,0.9975,go,135.3,1017.5,4304,0.0007,0.9993,go,133.6,1022.4,4381,0.0,1.0,left_pass,107.9,764.2,3274,0.9988,0.0012,0.0,C,47.3,363.7,1404,0.4333,0.0102,0.5564,0.0,0.0,follow,125.9,1030.1,4446,0.0,0.0,0.5622,0.4378,,,,,,,
0931d95064ce771d7216263d53be126f-149,7.937,True,green_for_ego,42.6,341.1,1173,0.0,1.0,0.0,not_stop_controlled,81.4,506.1,2238,0.0001,0.9999,others_first,119.6,750.4,3247,0.5312,0.4688,moving_lead,75.2,496.6,2218,0.0006,0.1191,0.8802,crossing,52.3,336.5,1158,0.8176,0.1824,go,129.2,984.2,4304,0.0032,0.9968,go,134.1,992.2,4382,0.0,1.0,clear_lane,96.4,756.8,3274,0.4285,0.0213,0.5502,C,39.3,365.1,1397,0.0,0.0,1.0,0.0,0.0,go,144.2,1026.6,4439,0.0,0.0,0.0002,0.9998,,,,,,,
09dce07c16adc23fd7ea2c4282587489-149,4.477,True,no_light_for_ego,47.1,328.8,1173,0.0,0.0,1.0,not_stop_controlled,81.9,507.5,2238,0.0,1.0,ego_may_go,128.9,750.7,3247,0.0076,0.9924,moving_lead,81.8,492.1,2218,0.0742,0.0213,0.9045,clear,51.9,337.7,1158,0.0,1.0,go,128.7,979.6,4304,0.0,1.0,go,134.2,1017.2,4381,0.0,1.0,left_pass,118.4,757.6,3274,0.8471,0.1472,0.0057,C,66.9,380.5,1404,0.0001,0.0,0.9999,0.0,0.0,follow,134.6,1004.9,4446,0.0,0.0115,0.8081,0.1803,,,,,,,
09e7f15270ce9c3ea038d36c67f8ecc9-148,2.313,True,green_for_ego,40.0,340.7,1173,0.0,0.9707,0.0293,not_stop_controlled,73.2,522.1,2238,0.0,1.0,others_first,120.3,755.2,3247,0.7982,0.2018,moving_lead,69.3,562.0,2218,0.023,0.0011,0.9759,clear,42.9,341.1,1158,0.0474,0.9526,go,131.2,1013.9,4304,0.0474,0.9526,go,146.9,1018.2,4382,0.0,1.0,left_pass,106.6,759.9,3274,0.9026,0.0951,0.0022,C,59.0,351.5,1405,0.0003,0.0007,0.9989,0.0,0.0,go,138.4,1029.6,4447,0.0,0.0003,0.0003,0.9994,,,,,,,
0aa96f6f7fbe3f29c65db92b52fa17ef-150,0.339,True,no_light_for_ego,47.9,330.1,1173,0.0,0.0,1.0,stop_controlled,91.6,501.3,2238,1.0,0.0,others_first,127.8,752.5,3247,0.867,0.133,none_ahead,79.7,498.7,2218,0.4965,0.4965,0.0071,clear,51.8,340.3,1158,0.0,1.0,hold,135.5,1016.5,4298,1.0,0.0,hold,139.4,1059.5,4373,1.0,0.0,left_pass,119.8,755.9,3274,0.9859,0.0141,0.0,C,60.6,350.5,1396,0.0004,0.0002,0.9334,0.0597,0.0063,hold,140.4,1047.1,4438,1.0,0.0,0.0,0.0,hold,138.0,1016.0,4385.0,0.9996,0.0,0.0004
0c1bdcfac7be564a0c75d3bb4234e47d-148,7.491,True,no_light_for_ego,46.9,343.0,1173,0.0,0.0,1.0,not_stop_controlled,88.1,497.2,2238,0.0,1.0,ego_may_go,114.0,756.1,3247,0.0015,0.9985,none_ahead,97.9,493.8,2218,1.0,0.0,0.0,clear,51.7,324.8,1158,0.0,1.0,go,132.5,974.5,4304,0.0,1.0,go,125.2,1008.4,4378,0.0,1.0,clear_lane,110.9,758.2,3274,0.4226,0.0347,0.5427,C,40.0,362.2,1393,0.0,0.0,1.0,0.0,0.0,go,139.8,1013.2,4435,0.0,0.0,0.0293,0.9707,,,,,,,
0c8bd5520f4262ef6c37e79913c82e8d-149,8.133,True,no_light_for_ego,48.7,324.4,1173,0.0,0.0,1.0,not_stop_controlled,75.4,507.5,2238,0.0,1.0,ego_may_go,124.1,748.9,3247,0.0059,0.9941,none_ahead,80.9,492.2,2218,0.9818,0.0002,0.018,clear,45.5,340.0,1158,0.0,1.0,go,143.1,963.4,4304,0.0,1.0,go,134.7,992.7,4378,0.0,1.0,left_pass,108.9,758.6,3274,0.5224,0.0707,0.4069,C,58.2,363.7,1401,0.0,0.0,1.0,0.0,0.0,go,137.8,1030.7,4443,0.0,0.0,0.0474,0.9526,,,,,,,
0cdf4bedea5f52bfb54edea6cbdbb15e-149,9.911,True,green_for_ego,45.1,340.8,1173,0.0,1.0,0.0,not_stop_controlled,77.1,488.7,2238,0.0001,0.9999,ego_may_go,121.5,753.5,3247,0.0008,0.9992,none_ahead,67.6,491.1,2218,0.9998,0.0,0.0002,clear,47.0,339.7,1158,0.0,1.0,go,128.0,1017.8,4304,0.0,1.0,go,134.1,1060.3,4378,0.0,1.0,clear_lane,112.0,753.7,3274,0.0949,0.0047,0.9004,C,69.2,376.9,1393,0.0,0.0,1.0,0.0,0.0,go,141.0,1045.9,4435,0.0,0.0,0.0,1.0,,,,,,,
0d94d2a36405c21b1fc19601c41e8d23-149,8.435,True,no_light_for_ego,31.4,341.1,1173,0.0,0.0,1.0,not_stop_controlled,92.4,521.5,2238,0.0,1.0,ego_may_go,117.5,756.1,3247,0.0067,0.9933,moving_lead,79.5,494.0,2218,0.0007,0.0001,0.9992,clear,52.7,337.8,1158,0.0,1.0,go,129.5,977.1,4304,0.0,1.0,go,134.1,987.8,4381,0.0,1.0,clear_lane,109.8,759.2,3274,0.4321,0.013,0.5548,C,45.6,357.4,1396,0.0,0.0,1.0,0.0,0.0,follow,132.4,1026.3,4438,0.0,0.0,0.9241,0.0759,,,,,,,
0e871c9836cb94ce7adaf502567b2b35-148,8.354,True,no_light_for_ego,48.4,338.7,1173,0.0,0.0,1.0,not_stop_controlled,78.8,508.8,2238,0.0025,0.9975,ego_may_go,117.2,758.9,3247,0.0474,0.9526,moving_lead,85.1,497.4,2218,0.0015,0.0003,0.9982,clear,46.9,331.7,1158,0.0,1.0,go,132.2,971.6,4304,0.0,1.0,go,129.2,998.4,4381,0.0,1.0,left_pass,109.4,752.7,3274,0.9355,0.0282,0.0363,C,46.1,369.9,1404,0.0759,0.0,0.9241,0.0,0.0,follow,139.3,1028.5,4446,0.0,0.0,0.852,0.148,,,,,,,
0ee52c24789d5aec6f730fd4287c4a12-148,8.659,True,no_light_for_ego,44.1,338.9,1173,0.0,0.0,1.0,not_stop_controlled,74.4,491.8,2238,0.0002,0.9998,ego_may_go,112.8,759.9,3247,0.0022,0.9978,none_ahead,81.3,476.2,2218,0.9933,0.0015,0.0052,clear,55.8,329.7,1158,0.0,1.0,go,132.0,1014.1,4304,0.0,1.0,go,122.9,1048.0,4378,0.0,1.0,clear_lane,94.0,760.0,3274,0.3103,0.0327,0.657,C,54.3,377.2,1393,0.0,0.0,1.0,0.0,0.0,go,129.5,1044.6,4435,0.0,0.0,0.2689,0.7311,,,,,,,
0f09faf7f1cd29a7478b2c034c9045d2-148,8.573,True,no_light_for_ego,39.2,336.9,1173,0.0,0.0007,0.9993,not_stop_controlled,83.8,543.7,2238,0.0003,0.9997,ego_may_go,115.5,756.2,3247,0.0086,0.9914,moving_lead,84.1,518.5,2218,0.0,0.0,1.0,clear,47.8,338.3,1158,0.0,1.0,go,135.5,1001.3,4304,0.0,1.0,go,148.1,981.0,4381,0.0,1.0,clear_lane,119.4,759.6,3274,0.0367,0.0173,0.946,C,51.0,368.7,1396,0.0,0.0,1.0,0.0,0.0,follow,145.7,1019.3,4438,0.0,0.0,0.6225,0.3775,,,,,,,
0f71456c67c9eeff7b8cea4e979e0393-148,0.484,True,no_light_for_ego,52.5,342.2,1173,0.0,0.0,1.0,stop_controlled,83.5,506.5,2238,0.9998,0.0002,ego_may_go,114.7,758.6,3247,0.1645,0.8355,none_ahead,76.3,531.6,2218,0.9121,0.013,0.0749,clear,52.3,343.8,1158,0.0,1.0,hold,146.1,1034.0,4298,1.0,0.0,hold,127.2,1022.0,4372,0.8176,0.1824,left_pass,109.5,761.7,3274,0.6154,0.0113,0.3733,C,47.3,354.5,1395,0.0032,0.0001,0.9966,0.0001,0.0,hold,131.9,1030.1,4437,0.9997,0.0,0.0,0.0003,go,126.3,1023.9,4384.0,0.0015,0.0086,0.9899
0f76f9048ab4644c00643b06e7649595-148,6.085,True,green_for_ego,45.9,325.4,1173,0.0,1.0,0.0,not_stop_controlled,85.8,510.2,2238,0.0,1.0,ego_may_go,116.3,753.6,3247,0.4378,0.5622,moving_lead,84.5,496.7,2218,0.3775,0.0,0.6224,clear,49.2,341.4,1158,0.0006,0.9994,go,128.5,1003.7,4304,0.018,0.982,go,137.4,1055.5,4381,0.0,1.0,left_pass,116.7,753.4,3274,0.6652,0.09,0.2447,C,50.6,346.2,1404,0.023,0.0,0.977,0.0,0.0,go,136.0,1058.2,4446,0.0,0.0,0.0006,0.9994,,,,,,,
0ff0c31f2673c84d4b2d5f60fcc55f11-149,0.327,True,no_light_for_ego,27.4,339.5,1173,0.0,0.0,1.0,stop_controlled,88.9,532.7,2238,1.0,0.0,ego_may_go,119.9,748.6,3247,0.0017,0.9983,stopped_lead,101.6,510.7,2218,0.3592,0.5922,0.0486,clear,51.1,315.5,1158,0.0,1.0,hold,142.5,968.2,4298,1.0,0.0,hold,129.0,1022.4,4375,0.9988,0.0012,clear_lane,113.3,759.9,3274,0.2644,0.0169,0.7187,C,58.1,371.9,1390,0.0,0.0,1.0,0.0,0.0,hold,130.7,1018.5,4432,0.9999,0.0,0.0,0.0001,go,130.5,1017.1,4387.0,0.0558,0.0716,0.8726
0fff5ea6ebf1edce430191415bb02953-148,0.991,True,no_light_for_ego,36.4,342.7,1173,0.0,0.0,1.0,not_stop_controlled,84.2,489.4,2238,0.0002,0.9998,ego_may_go,127.2,761.2,3247,0.1192,0.8808,stopped_lead,92.4,554.7,2218,0.0103,0.4949,0.4949,clear,38.2,341.8,1158,0.0003,0.9997,go,155.3,1014.9,4303,0.011,0.989,go,136.4,1024.7,4380,0.0293,0.9707,left_pass,99.1,754.4,3274,0.7306,0.2688,0.0006,C,54.3,365.4,1403,0.0019,0.0002,0.9965,0.0012,0.0003,creep,128.2,1031.2,4445,0.0,0.9976,0.0009,0.0015,,,,,,,
101593606ff680773376c83e67dfd085-149,2.536,True,no_light_for_ego,40.7,328.4,1173,0.0,0.0,1.0,not_stop_controlled,82.9,506.8,2238,0.0,1.0,ego_may_go,119.0,758.8,3247,0.0012,0.9988,none_ahead,71.6,499.5,2218,0.9603,0.0107,0.029,clear,44.8,338.4,1158,0.0,1.0,go,134.0,994.4,4304,0.0032,0.9968,go,132.0,1033.7,4378,0.0,1.0,left_pass,98.2,755.9,3274,0.9899,0.0086,0.0015,C,64.0,377.7,1401,0.0,0.0,1.0,0.0,0.0,creep,121.0,1021.0,4443,0.0,0.6984,0.0446,0.2569,,,,,,,
106e85c9ce96a5f81a10717d7cfc8fed-150,17.386,True,no_light_for_ego,31.8,345.6,1173,0.0,0.0,1.0,not_stop_controlled,88.0,526.0,2238,0.0,1.0,ego_may_go,118.0,752.6,3247,0.0003,0.9997,moving_lead,88.0,551.0,2218,0.0,0.0,1.0,clear,44.2,332.5,1158,0.0,1.0,go,136.1,1016.4,4304,0.0,1.0,go,162.2,1006.5,4381,0.0,1.0,clear_lane,109.6,757.8,3274,0.0085,0.004,0.9874,C,62.2,364.5,1396,0.0,0.0,1.0,0.0,0.0,follow,139.6,1029.9,4438,0.0,0.0,0.9985,0.0015,,,,,,,
10bb8abfbe70eb12ab188d994f4e6150-150,1.953,True,no_light_for_ego,49.7,339.5,1173,0.0,0.0,1.0,not_stop_controlled,83.8,499.1,2238,0.0,1.0,ego_may_go,118.5,752.1,3247,0.0008,0.9992,stopped_lead,70.9,510.8,2218,0.0,0.9526,0.0474,clear,46.7,330.0,1158,0.0,1.0,go,130.2,1049.0,4303,0.0002,0.9998,hold,135.0,1037.2,4380,0.5622,0.4378,left_pass,106.5,754.0,3274,0.9636,0.0227,0.0137,C,48.7,372.0,1403,0.0006,0.0007,0.9986,0.0001,0.0,creep,129.2,1060.4,4445,0.0,0.9954,0.0006,0.0041,,,,,,,
11d68b183960928432c0ab7af24ac86d-148,12.391,True,no_light_for_ego,45.0,347.0,1173,0.0,0.0,1.0,not_stop_controlled,88.4,506.1,2238,0.0,1.0,ego_may_go,115.1,756.4,3247,0.0,1.0,none_ahead,83.5,493.0,2218,1.0,0.0,0.0,clear,45.4,341.9,1158,0.0,1.0,go,130.7,979.1,4304,0.0,1.0,go,137.5,988.8,4378,0.0,1.0,left_pass,119.8,748.4,3274,0.9959,0.0041,0.0,C,48.9,351.1,1401,0.0948,0.0061,0.8992,0.0,0.0,go,140.5,995.7,4443,0.0,0.0001,0.4378,0.5621,,,,,,,
1255b8ea284e133ab8e6336a225e659f-148,0.402,True,no_light_for_ego,32.2,349.1,1173,0.0,0.0,1.0,not_stop_controlled,63.3,517.2,2238,0.0006,0.9994,ego_may_go,89.4,743.0,3247,0.0041,0.9959,none_ahead,101.6,503.1,2218,0.7639,0.1327,0.1034,clear,28.0,338.6,1158,0.0,1.0,hold,114.0,999.1,4298,1.0,0.0,hold,122.2,1009.4,4372,0.9399,0.0601,left_pass,109.1,767.5,3274,0.9819,0.018,0.0001,C,54.0,349.0,1395,0.0041,0.0,0.9959,0.0,0.0,hold,138.9,1035.5,4437,0.995,0.0,0.0041,0.0009,go,138.3,998.3,4384.0,0.023,0.0,0.977
12a6bf38f129fd612291f2fe25113cad-148,0.011,True,no_light_for_ego,38.4,325.8,1173,0.0,0.0,1.0,stop_controlled,78.7,503.8,2238,0.9975,0.0025,ego_may_go,123.2,759.2,3247,0.3208,0.6792,none_ahead,79.3,507.1,2218,0.8808,0.0,0.1192,clear,44.8,345.4,1158,0.0,1.0,hold,131.8,994.1,4298,0.9999,0.0001,hold,124.7,1048.0,4372,0.982,0.018,left_pass,119.0,753.5,3274,0.4955,0.0091,0.4955,C,64.6,370.0,1395,0.0002,0.0001,0.9997,0.0,0.0,hold,148.1,1026.8,4437,0.9999,0.0,0.0,0.0001,go,143.1,1050.4,4384.0,0.147,0.0073,0.8457
14422f0ae5fd5f08c4be6039493da2d8-147,2.777,True,no_light_for_ego,37.9,346.8,1173,0.0,0.0,1.0,not_stop_controlled,85.3,501.1,2238,0.0,1.0,ego_may_go,130.3,754.4,3247,0.0534,0.9466,moving_lead,73.5,500.7,2218,0.0001,0.0,0.9999,clear,52.0,334.5,1158,0.0,1.0,go,132.2,1001.1,4304,0.0,1.0,go,128.0,1062.5,4381,0.0,1.0,left_pass,101.6,753.1,3274,0.9644,0.0291,0.0065,C,51.6,364.6,1404,0.0601,0.0,0.9399,0.0,0.0,follow,126.5,1030.5,4446,0.0,0.0039,0.9589,0.0372,,,,,,,
14f0b68cf50bad87e90a490a70109cad-149,6.572,True,no_light_for_ego,33.6,342.4,1173,0.0,0.0,1.0,not_stop_controlled,90.5,547.5,2238,0.2227,0.7773,ego_may_go,112.6,755.5,3247,0.026,0.974,none_ahead,75.2,527.1,2218,0.3333,0.3333,0.3333,clear,46.9,339.2,1158,0.0,1.0,go,137.0,999.5,4304,0.0,1.0,go,141.5,1005.3,4378,0.0,1.0,left_pass,109.8,759.7,3274,0.9991,0.0009,0.0,C,49.0,364.5,1401,0.0007,0.0004,0.9988,0.0,0.0,go,119.1,1029.1,4443,0.0,0.0716,0.0558,0.8726,,,,,,,
155c466015696f7d5b11cf838422f5a9-148,1.832,True,green_for_ego,40.4,321.0,1173,0.0,1.0,0.0,not_stop_controlled,81.3,505.7,2238,0.4378,0.5622,ego_may_go,120.1,763.6,3247,0.3486,0.6514,moving_lead,80.9,498.7,2218,0.3592,0.0486,0.5922,clear,49.3,324.9,1158,0.0,1.0,go,131.1,975.6,4303,0.0067,0.9933,go,129.3,986.6,4380,0.0,1.0,clear_lane,102.2,766.6,3274,0.3158,0.0157,0.6685,C,57.4,366.4,1395,0.0,0.0,1.0,0.0,0.0,go,121.1,1026.7,4437,0.0,0.0,0.0003,0.9997,,,,,,,
15ae1d98c512c1d6e8e1b71c57da8a97-148,1.894,True,no_light_for_ego,34.1,336.3,1173,0.0,0.0,1.0,not_stop_controlled,85.3,504.6,2238,0.0,1.0,ego_may_go,117.2,765.3,3247,0.2018,0.7982,moving_lead,80.4,495.0,2218,0.0201,0.3144,0.6655,clear,55.6,335.3,1158,0.0019,0.9981,go,134.4,982.3,4303,0.0032,0.9968,go,124.7,1032.7,4380,0.0,1.0,left_pass,105.7,756.8,3274,0.9525,0.0474,0.0001,C,48.6,376.3,1403,0.0005,0.0,0.9884,0.0025,0.0086,creep,146.7,1019.2,4445,0.0,0.8457,0.147,0.0073,,,,,,,
15fd18190eab4e2b20c45153a7781017-150,0.0,True,green_for_ego,53.9,338.2,1173,0.0,1.0,0.0,not_stop_controlled,87.2,553.7,2238,0.0,1.0,ego_may_go,110.3,752.0,3247,0.0373,0.9627,moving_lead,74.7,530.6,2218,0.0001,0.0,0.9999,clear,51.7,342.6,1158,0.0,1.0,hold,142.2,971.3,4298,0.982,0.018,go,144.5,1020.3,4375,0.0,1.0,clear_lane,114.4,738.2,3274,0.0041,0.0012,0.9948,C,51.0,369.0,1390,0.0,0.0,1.0,0.0,0.0,go,134.2,1029.0,4432,0.0,0.0,0.0,1.0,go,131.7,1027.8,4387.0,0.0,0.0,1.0
183fa0374e66a39d551e6336115aedf6-149,12.033,True,no_light_for_ego,44.8,341.1,1173,0.0,0.0,1.0,not_stop_controlled,81.1,488.6,2238,0.011,0.989,ego_may_go,117.2,756.9,3247,0.0474,0.9526,moving_lead,78.0,517.9,2218,0.0,0.0,1.0,clear,48.9,328.3,1158,0.0,1.0,go,131.7,1045.2,4304,0.0,1.0,go,158.1,1039.9,4381,0.0,1.0,left_pass,111.2,753.4,3274,0.9259,0.028,0.0461,C,40.6,373.0,1404,0.0,0.0,1.0,0.0,0.0,go,139.1,1033.1,4446,0.0,0.0,0.1824,0.8176,,,,,,,
18ddb334fa62343aff3482fe401f908b-149,1.446,True,no_light_for_ego,48.7,345.7,1173,0.0,0.0,1.0,stop_controlled,85.9,503.8,2238,0.9994,0.0006,ego_may_go,122.6,754.6,3247,0.0059,0.9941,none_ahead,85.5,495.2,2218,0.9974,0.0007,0.0019,clear,47.2,331.0,1158,0.0,1.0,go,133.3,967.3,4303,0.4378,0.5622,go,133.7,993.1,4377,0.0086,0.9914,left_pass,115.6,750.4,3274,0.9985,0.0015,0.0,C,43.4,355.9,1400,0.0015,0.0032,0.9953,0.0,0.0,creep,134.7,1026.9,4442,0.0001,0.9998,0.0,0.0001,,,,,,,
1999b9e4fa6865bcc0a3d320cd4384ba-149,0.317,True,no_light_for_ego,43.5,330.7,1173,0.0,0.0,1.0,not_stop_controlled,85.3,509.8,2238,0.0,1.0,ego_may_go,122.2,624.9,3247,0.0036,0.9964,none_ahead,44.2,397.5,2218,0.9981,0.0004,0.0015,clear,35.5,234.0,1158,0.0,1.0,hold,114.0,810.8,4298,1.0,0.0,hold,127.0,772.6,4372,0.9988,0.0012,clear_lane,105.4,557.5,3274,0.3543,0.0616,0.5841,C,40.0,218.4,1387,0.0,0.0,1.0,0.0,0.0,hold,137.6,779.4,4429,0.9998,0.0,0.0001,0.0,go,116.9,810.5,4384.0,0.4378,0.0,0.5622
1a11d93bc5d7d5983c7f4d4a0f86dcb0-148,9.837,True,no_light_for_ego,31.6,205.6,1173,0.0,0.0,1.0,stop_controlled,87.3,467.5,2238,0.852,0.148,ego_may_go,125.0,587.9,3247,0.1645,0.8355,none_ahead,61.3,401.4,2218,0.6214,0.0017,0.3769,clear,31.0,224.0,1158,0.0,1.0,go,125.3,810.7,4304,0.0,1.0,go,133.8,754.4,4378,0.0006,0.9994,left_pass,92.5,554.4,3274,0.8726,0.0716,0.0558,C,50.5,219.3,1401,0.0001,0.0,0.9999,0.0,0.0,go,134.1,771.9,4443,0.0001,0.1808,0.009,0.8102,,,,,,,
1a13b64b69b568c4ccbb572bc3f0257b-147,8.591,True,red_or_yellow_for_ego,39.5,201.0,1173,0.8789,0.0022,0.1189,not_stop_controlled,78.2,393.8,2238,0.0,1.0,ego_may_go,115.0,549.3,3247,0.0019,0.9981,none_ahead,72.6,399.0,2218,1.0,0.0,0.0,clear,42.1,230.4,1158,0.0,1.0,go,125.4,810.9,4304,0.0001,0.9999,hold,131.3,742.3,4380,0.6225,0.3775,clear_lane,89.6,548.0,3274,0.1185,0.0059,0.8756,C,51.4,219.1,1395,0.0,0.0,1.0,0.0,0.0,go,134.6,775.4,4437,0.0007,0.0002,0.1823,0.8168,,,,,,,
1ac779c8a65addc40502a62282fcd4b4-150,7.972,True,no_light_for_ego,44.0,199.8,1173,0.0,0.0,1.0,not_stop_controlled,71.1,395.6,2238,0.4378,0.5622,ego_may_go,126.4,549.6,3247,0.0601,0.9399,moving_lead,71.4,400.8,2218,0.0,0.0006,0.9994,clear,35.6,223.1,1158,0.0,1.0,go,123.9,810.8,4304,0.0019,0.9981,go,144.3,748.0,4381,0.0,1.0,left_pass,98.1,572.5,3274,0.9859,0.0141,0.0,C,49.0,249.1,1404,0.0032,0.0001,0.9963,0.0004,0.0,follow,124.8,822.8,4446,0.0,0.0026,0.4987,0.4987,,,,,,,
1afa50eececcdfaf58fa47ccceff7487-148,9.318,True,no_light_for_ego,40.4,238.1,1173,0.0,0.0,1.0,not_stop_controlled,70.8,393.4,2238,0.0,1.0,ego_may_go,119.4,572.3,3247,0.1645,0.8355,moving_lead,71.3,401.8,2218,0.0002,0.0002,0.9996,clear,40.5,232.5,1158,0.0,1.0,go,127.9,810.7,4304,0.0,1.0,go,142.2,757.8,4381,0.0,1.0,left_pass,97.8,565.2,3274,0.9975,0.0025,0.0,A,36.8,219.1,1404,0.9751,0.0108,0.0139,0.0001,0.0,follow,140.6,758.6,4446,0.0,0.0083,0.9547,0.037,,,,,,,
1b1562ef6e5e7ab5df24f497e96a3318-148,6.385,True,no_light_for_ego,42.5,237.2,1173,0.0,0.0,1.0,not_stop_controlled,87.0,504.2,2238,0.0001,0.9999,ego_may_go,123.2,750.5,3247,0.0,1.0,none_ahead,80.3,492.6,2218,1.0,0.0,0.0,clear,50.7,345.1,1158,0.0,1.0,go,132.1,993.7,4304,0.0,1.0,go,138.4,1015.9,4378,0.0,1.0,left_pass,101.9,749.8,3274,0.9706,0.0065,0.0228,C,47.6,368.6,1401,0.0,0.0,1.0,0.0,0.0,go,130.8,1022.1,4443,0.0,0.0012,0.011,0.9879,,,,,,,
1bbb0008698212719802e03983c052d7-148,0.426,True,red_or_yellow_for_ego,45.3,343.2,1173,0.9989,0.0006,0.0006,not_stop_controlled,76.6,500.1,2238,0.0141,0.9859,others_first,118.2,753.3,3247,0.8355,0.1645,moving_lead,72.0,530.2,2218,0.0003,0.0,0.9996,clear,57.8,339.4,1158,0.0,1.0,hold,151.1,1040.2,4298,1.0,0.0,hold,123.6,1012.5,4378,1.0,0.0,left_pass,106.8,767.9,3274,0.946,0.0173,0.0367,C,45.0,348.7,1401,0.0002,0.0003,0.9926,0.0067,0.0003,hold,136.4,1029.1,4443,0.9994,0.0002,0.0,0.0004,hold,143.9,1021.9,4390.0,0.9996,0.0003,0.0
1bd3a510a00a6764f2ca0c08d2635c92-150,3.41,True,no_light_for_ego,44.6,331.9,1173,0.0,0.0,1.0,not_stop_controlled,83.1,496.1,2238,0.148,0.852,ego_may_go,124.3,760.6,3247,0.0373,0.9627,moving_lead,71.9,489.7,2218,0.0052,0.0012,0.9936,clear,50.1,339.4,1158,0.0,1.0,go,146.3,967.9,4304,0.0012,0.9988,go,133.8,1000.8,4381,0.0,1.0,left_pass,115.2,750.1,3274,0.9627,0.0373,0.0,A,49.5,364.2,1404,0.56,0.0011,0.4361,0.0023,0.0005,follow,129.0,1031.0,4446,0.0,0.0347,0.5427,0.4226,,,,,,,
1c03d26f31f89c4e75d406bd2de496f8-148,12.322,True,no_light_for_ego,40.1,323.5,1173,0.0,0.0293,0.9707,not_stop_controlled,78.7,504.1,2238,0.2227,0.7773,ego_may_go,130.7,754.5,3247,0.0025,0.9975,none_ahead,79.7,499.3,2218,0.9526,0.0,0.0474,clear,51.3,332.1,1158,0.0,1.0,go,135.9,988.8,4304,0.0,1.0,go,139.5,1049.7,4378,0.0,1.0,left_pass,98.8,751.3,3274,0.6618,0.0257,0.3126,C,43.0,377.3,1401,0.0002,0.0,0.9998,0.0,0.0,go,127.0,1031.3,4443,0.0,0.0,0.0474,0.9526,,,,,,,
1c2695b6dc58bde4cdaacebf572c199a-148,0.0,True,green_for_ego,38.3,339.6,1173,0.0,1.0,0.0,not_stop_controlled,77.3,552.8,2238,0.1824,0.8176,others_first,109.0,755.0,3247,0.9933,0.0067,moving_lead,79.1,524.2,2218,0.0006,0.0019,0.9974,clear,41.9,343.8,1158,0.0003,0.9997,hold,130.2,1007.3,4298,1.0,0.0,go,136.2,1016.5,4376,0.0,1.0,left_pass,110.0,757.3,3274,0.9275,0.0132,0.0593,C,51.3,349.9,1399,0.0032,0.0032,0.9936,0.0,0.0,go,134.1,1027.8,4441,0.0,0.0004,0.0002,0.9994,go,145.6,977.6,4388.0,0.0,0.0759,0.9241
1c606b71cbbb08251345d152bd5d4d4b-148,0.0,True,green_for_ego,42.3,342.1,1173,0.0,1.0,0.0,not_stop_controlled,79.4,501.6,2238,0.0373,0.9627,ego_may_go,116.6,758.5,3247,0.0474,0.9526,moving_lead,94.8,501.9,2218,0.0,0.0,1.0,clear,51.1,334.4,1158,0.0,1.0,hold,158.1,1043.7,4298,0.989,0.011,go,123.2,1049.0,4375,0.0,1.0,clear_lane,105.1,750.7,3274,0.0291,0.0065,0.9644,C,43.1,366.0,1390,0.0,0.0,1.0,0.0,0.0,go,142.1,1049.5,4432,0.0,0.0,0.0,1.0,go,118.7,1024.9,4387.0,0.0,0.0,1.0
1d5dfc6bb3736d71351720ae0b58a21c-149,0.0,True,green_for_ego,37.6,339.9,1173,0.0,1.0,0.0,not_stop_controlled,84.1,519.5,2238,0.0,1.0,ego_may_go,117.2,763.0,3247,0.1645,0.8355,moving_lead,70.8,502.8,2218,0.0373,0.0005,0.9622,clear,45.1,341.5,1158,0.0,1.0,hold,127.9,985.6,4298,0.9975,0.0025,go,146.2,983.9,4375,0.0,1.0,clear_lane,97.8,762.8,3274,0.0015,0.0015,0.997,C,51.8,364.8,1390,0.0,0.0,1.0,0.0,0.0,go,129.4,1022.4,4432,0.0,0.0,0.0,1.0,go,139.4,1015.1,4387.0,0.0,0.0,1.0
1ed2ba95b036f4a0d22347e9f6cc987a-149,6.74,True,no_light_for_ego,38.6,333.0,1173,0.0,0.0,1.0,not_stop_controlled,80.1,492.7,2238,0.0006,0.9994,ego_may_go,105.1,757.2,3247,0.1067,0.8933,moving_lead,76.0,494.8,2218,0.0,0.0007,0.9992,clear,44.6,335.6,1158,0.0002,0.9998,go,137.2,972.2,4304,0.0,1.0,go,123.5,1005.0,4381,0.0,1.0,left_pass,113.1,755.7,3274,0.9275,0.0593,0.0132,C,51.1,343.4,1404,0.0141,0.0003,0.9855,0.0001,0.0,follow,128.8,1025.7,4446,0.0,0.0,0.5622,0.4378,,,,,,,
1f4f28e83c40d27675ed1eb4f4e4dacf-148,4.837,True,no_light_for_ego,41.7,315.4,1173,0.0,0.0,1.0,stop_controlled,88.3,506.0,2238,1.0,0.0,ego_may_go,116.6,765.9,3247,0.0076,0.9924,none_ahead,80.2,490.8,2218,0.9197,0.0755,0.0048,clear,52.1,335.3,1158,0.0,1.0,go,142.1,954.0,4304,0.0019,0.9981,go,148.4,977.5,4378,0.0,1.0,left_pass,117.9,758.1,3274,0.9933,0.0067,0.0,C,51.5,358.4,1401,0.0,0.0,0.9999,0.0,0.0,creep,136.0,1026.0,4443,0.0,0.9997,0.0,0.0003,,,,,,,
203e27fe231ca825208905171156a339-149,6.997,True,no_light_for_ego,45.1,324.4,1173,0.0,0.0,1.0,not_stop_controlled,92.4,506.7,2238,0.0,1.0,ego_may_go,116.2,752.4,3247,0.0028,0.9972,moving_lead,73.0,500.3,2218,0.0009,0.0,0.9991,clear,48.1,341.2,1158,0.0,1.0,go,128.2,991.1,4304,0.0,1.0,go,138.0,1005.9,4381,0.0,1.0,left_pass,105.7,752.7,3274,0.8079,0.1404,0.0517,C,47.0,344.9,1404,0.0015,0.0003,0.9982,0.0,0.0,follow,140.7,1027.9,4446,0.0,0.005,0.9578,0.0371,,,,,,,
21c8f36a1a5a4075a7439ba47b302a89-148,4.866,True,no_light_for_ego,39.3,314.9,1173,0.0,0.0,1.0,not_stop_controlled,88.4,504.0,2238,0.0,1.0,ego_may_go,116.0,718.2,3247,0.0373,0.9627,none_ahead,88.7,519.5,2218,0.8979,0.0447,0.0574,clear,41.3,343.6,1158,0.0,1.0,go,141.7,1020.8,4304,0.0,1.0,go,133.5,975.4,4378,0.0,1.0,left_pass,105.3,758.7,3274,0.9362,0.0171,0.0466,C,48.7,351.9,1401,0.0012,0.0,0.9988,0.0,0.0,go,135.7,1035.7,4443,0.0,0.033,0.1153,0.8517,,,,,,,
21ca1edf853eaff7cc5dad48b04cf186-148,4.765,True,no_light_for_ego,43.8,327.5,1173,0.0,0.0,1.0,stop_controlled,80.6,510.1,2238,0.9526,0.0474,ego_may_go,118.5,758.6,3247,0.0373,0.9627,moving_lead,83.8,495.1,2218,0.1629,0.2686,0.5685,clear,51.0,333.1,1158,0.0,1.0,go,126.9,966.9,4304,0.0,1.0,go,110.7,1012.3,4381,0.0,1.0,left_pass,112.9,764.2,3274,0.9396,0.0601,0.0003,C,53.4,370.5,1404,0.018,0.0,0.9819,0.0,0.0001,creep,137.8,1019.1,4446,0.0,0.858,0.0259,0.1161,,,,,,,
223c1abbda237d792f63d345c9f6cd0a-149,0.001,True,no_light_for_ego,53.1,343.2,1173,0.0,0.0,1.0,not_stop_controlled,94.7,504.0,2238,0.2689,0.7311,ego_may_go,130.7,749.3,3247,0.0009,0.9991,none_ahead,82.5,540.6,2218,1.0,0.0,0.0,clear,33.7,341.8,1158,0.0,1.0,hold,138.8,1033.7,4298,1.0,0.0,hold,135.2,1022.2,4372,0.9993,0.0007,left_pass,110.3,761.3,3274,0.9997,0.0003,0.0,C,44.4,352.1,1395,0.0,0.0003,0.9997,0.0,0.0,hold,128.9,1028.6,4437,0.9995,0.0,0.0,0.0004,go,137.2,1013.7,4384.0,0.0373,0.0,0.9626
22b0fb35afabd64fe6e86f4d4bce271e-149,0.603,True,no_light_for_ego,39.9,345.6,1173,0.0,0.0,1.0,not_stop_controlled,82.7,501.2,2238,0.0,1.0,ego_may_go,110.5,764.5,3247,0.2451,0.7549,none_ahead,84.3,490.1,2218,0.4045,0.4045,0.1911,clear,40.6,340.2,1158,0.0086,0.9914,go,127.2,986.2,4303,0.3208,0.6792,go,156.9,1000.1,4377,0.0,1.0,left_pass,105.7,757.4,3274,0.989,0.011,0.0,C,37.4,364.7,1400,0.2689,0.0003,0.7308,0.0,0.0,creep,138.8,1021.3,4442,0.0,0.9809,0.018,0.0011,,,,,,,
22da309cac43f1dff3c616c1f0cab8dd-148,5.25,True,no_light_for_ego,37.8,310.4,1173,0.0,0.0,1.0,not_stop_controlled,83.7,503.4,2238,0.0,1.0,ego_may_go,113.2,754.5,3247,0.0203,0.9797,moving_lead,91.5,492.2,2218,0.0373,0.0,0.9627,clear,34.0,346.4,1158,0.0,1.0,go,136.4,974.5,4304,0.0,1.0,go,124.3,1005.6,4381,0.0,1.0,left_pass,104.2,758.3,3274,0.9045,0.0213,0.0742,C,51.3,365.9,1404,0.4376,0.0004,0.5619,0.0,0.0,follow,134.1,1021.3,4446,0.0,0.0,0.7773,0.2227,,,,,,,
22fe0c6fde62bfb5a4d43d5c1f4101d0-149,1.656,True,green_for_ego,42.1,328.9,1173,0.0,0.9999,0.0001,not_stop_controlled,77.6,498.3,2238,0.0,1.0,ego_may_go,108.6,762.1,3247,0.1067,0.8933,moving_lead,95.1,490.8,2218,0.0012,0.0003,0.9986,clear,51.1,334.5,1158,0.011,0.989,go,140.5,985.3,4303,0.011,0.989,go,127.2,1008.7,4380,0.0,1.0,left_pass,103.4,765.1,3274,0.6037,0.0301,0.3662,C,51.0,370.4,1403,0.0086,0.0,0.9914,0.0,0.0,go,136.1,1026.3,4445,0.0,0.0,0.0001,0.9999,,,,,,,
2309a00883455023beb77b1a36d1cdf0-150,0.119,True,no_light_for_ego,46.5,340.8,1173,0.0,0.0,1.0,stop_controlled,80.0,527.7,2238,1.0,0.0,ego_may_go,114.3,758.2,3247,0.0141,0.9859,none_ahead,78.3,536.8,2218,0.904,0.0953,0.0007,clear,47.4,340.3,1158,0.0,1.0,hold,148.3,1011.0,4298,1.0,0.0,hold,134.1,1015.7,4372,0.5,0.5,left_pass,104.5,758.4,3274,0.9975,0.0019,0.0006,C,60.9,345.7,1395,0.0002,0.0006,0.9993,0.0,0.0,hold,131.0,1030.7,4437,0.9999,0.0,0.0,0.0001,go,132.0,1001.6,4384.0,0.0,0.0,1.0
241e6e041eacfe34b21cde7b630c270c-147,1.814,True,no_light_for_ego,31.0,340.9,1173,0.0,0.0,1.0,not_stop_controlled,92.2,508.7,2238,0.3208,0.6792,ego_may_go,112.3,753.3,3247,0.4073,0.5927,moving_lead,83.2,493.0,2218,0.0001,0.0,0.9999,clear,55.8,342.3,1158,0.0001,0.9999,go,132.2,996.4,4303,0.0,1.0,go,140.0,1035.3,4380,0.0,1.0,left_pass,111.0,758.3,3274,0.991,0.0086,0.0004,C,61.5,372.0,1403,0.0009,0.0001,0.999,0.0,0.0,follow,136.9,1058.4,4445,0.0,0.0002,0.7772,0.2227,,,,,,,
2422554652766dd7dbf56df649d5600a-149,2.795,True,no_light_for_ego,41.8,345.9,1173,0.0,0.0,1.0,not_stop_controlled,93.4,522.8,2238,0.0,1.0,ego_may_go,123.1,749.9,3247,0.0032,0.9968,stopped_lead,88.4,500.4,2218,0.0007,0.9991,0.0002,clear,41.9,328.4,1158,0.0,1.0,go,134.5,986.5,4304,0.0,1.0,hold,136.6,1013.7,4381,0.9707,0.0293,left_pass,108.2,762.5,3274,0.9968,0.0025,0.0007,A,46.7,355.2,1404,0.4994,0.0012,0.4994,0.0,0.0,creep,131.6,1032.5,4446,0.0,0.9932,0.0001,0.0067,,,,,,,
2438d38a0788721ec700c8bd71dadc94-148,6.986,True,no_light_for_ego,44.4,340.4,1173,0.0,0.0,1.0,not_stop_controlled,85.1,504.6,2238,0.0032,0.9968,ego_may_go,112.5,766.0,3247,0.0007,0.9993,none_ahead,87.7,506.3,2218,0.7706,0.0086,0.2208,clear,51.1,339.3,1158,0.0,1.0,go,128.7,982.7,4304,0.0,1.0,go,129.8,1038.2,4378,0.0,1.0,clear_lane,122.7,748.5,3274,0.0738,0.0271,0.8991,C,56.5,367.7,1393,0.0,0.0,1.0,0.0,0.0,go,134.5,994.5,4435,0.0,0.0,0.3208,0.6792,,,,,,,
24b55c263af14dc4ce175fe4c4946e94-150,5.809,True,no_light_for_ego,37.8,339.1,1173,0.0,0.0,1.0,not_stop_controlled,80.3,536.4,2238,0.2689,0.7311,ego_may_go,109.6,766.0,3247,0.133,0.867,moving_lead,86.5,559.3,2218,0.0947,0.0069,0.8984,clear,38.8,330.3,1158,0.0,1.0,go,133.8,1019.3,4304,0.0015,0.9985,go,144.3,1023.0,4381,0.0,1.0,left_pass,110.3,767.0,3274,0.9184,0.0062,0.0754,C,46.4,347.9,1404,0.0009,0.0001,0.9989,0.0,0.0,follow,128.7,1028.7,4446,0.0,0.018,0.7633,0.2187,,,,,,,
24d9f46a085987f998d5df96e11f0b92-149,2.001,True,no_light_for_ego,44.9,336.9,1173,0.0,0.0,1.0,stop_controlled,81.4,508.0,2238,1.0,0.0,ego_may_go,121.0,758.6,3247,0.0851,0.9149,none_ahead,86.0,495.9,2218,1.0,0.0,0.0,clear,46.7,340.2,1158,0.0,1.0,hold,130.3,966.1,4303,0.7773,0.2227,go,131.7,994.9,4377,0.0141,0.9859,left_pass,96.4,759.5,3274,0.8338,0.0533,0.1128,C,43.3,362.7,1400,0.3206,0.0008,0.6786,0.0,0.0,creep,126.2,1031.7,4442,0.3772,0.6219,0.0,0.0009,,,,,,,
24fe50afd86ac25fe1162a605cc2e99e-149,0.24,True,red_or_yellow_for_ego,41.4,338.6,1173,0.998,0.0,0.0019,not_stop_controlled,86.6,505.4,2238,0.0,1.0,others_first,109.1,752.9,3247,0.6514,0.3486,moving_lead,76.2,506.8,2218,0.0757,0.0026,0.9217,clear,41.4,342.0,1158,0.0006,0.9994,hold,128.7,977.0,4298,0.9997,0.0003,hold,114.4,1009.8,4378,1.0,0.0,clear_lane,102.6,764.9,3274,0.3628,0.1714,0.4658,C,46.4,352.6,1393,0.0,0.0,1.0,0.0,0.0,hold,138.9,1026.5,4435,1.0,0.0,0.0,0.0,hold,134.7,1011.6,4390.0,1.0,0.0,0.0
25afa58a9e00d03f1d68ae20d26fd1ae-149,2.606,True,no_light_for_ego,48.1,318.3,1173,0.0004,0.0601,0.9395,not_stop_controlled,87.9,507.4,2238,0.0,1.0,ego_may_go,116.6,766.9,3247,0.2227,0.7773,moving_lead,83.9,493.9,2218,0.0001,0.0003,0.9996,clear,47.6,334.5,1158,0.0,1.0,go,129.0,978.5,4304,0.0002,0.9998,go,134.2,993.9,4381,0.0,1.0,clear_lane,110.5,760.2,3274,0.1384,0.0654,0.7963,C,51.9,360.5,1396,0.0,0.0,1.0,0.0,0.0,follow,145.7,1018.6,4438,0.0,0.0,0.9707,0.0293,,,,,,,
262e00554925cca1cf924ed5ea430d66-148,0.181,True,no_light_for_ego,52.6,306.3,1173,0.0,0.0,1.0,stop_controlled,90.1,512.9,2238,1.0,0.0,ego_may_go,114.7,758.5,3247,0.0002,0.9998,none_ahead,84.3,496.1,2218,1.0,0.0,0.0,clear,47.4,328.5,1158,0.0,1.0,hold,141.6,1001.8,4298,1.0,0.0,hold,133.7,1018.3,4372,0.7773,0.2227,clear_lane,110.3,752.2,3274,0.0004,0.0001,0.9995,C,54.4,375.6,1387,0.0,0.0,1.0,0.0,0.0,hold,135.9,1056.7,4429,1.0,0.0,0.0,0.0,go,133.7,1063.7,4384.0,0.0,0.0,1.0
278d52342ba4898111f2ec0512a7a400-149,7.436,True,no_light_for_ego,43.9,346.4,1173,0.0,0.0,1.0,not_stop_controlled,97.2,500.4,2238,0.1192,0.8808,ego_may_go,119.5,756.9,3247,0.0025,0.9975,moving_lead,95.6,494.1,2218,0.0171,0.0466,0.9362,clear,47.0,332.1,1158,0.0,1.0,go,136.8,986.8,4304,0.0,1.0,go,133.2,1003.0,4381,0.0,1.0,left_pass,110.6,763.3,3274,0.7109,0.0276,0.2615,C,51.2,375.4,1404,0.0002,0.0001,0.9997,0.0,0.0,follow,135.8,1038.6,4446,0.0,0.0005,0.8804,0.1191,,,,,,,
27b862196b866184a3c6b28dd1cdfbba-149,8.79,True,no_light_for_ego,43.8,341.0,1173,0.0,0.0,1.0,not_stop_controlled,72.9,532.3,2238,0.0,1.0,ego_may_go,116.9,751.8,3247,0.0004,0.9996,none_ahead,72.2,553.1,2218,0.998,0.0001,0.0019,clear,42.4,344.0,1158,0.0,1.0,go,128.1,1020.0,4304,0.0,1.0,go,127.9,1020.0,4378,0.0,1.0,clear_lane,106.8,756.2,3274,0.2994,0.0668,0.6338,C,49.0,369.3,1393,0.0,0.0,1.0,0.0,0.0,go,123.8,1039.6,4435,0.0,0.0,0.4378,0.5622,,,,,,,
2902b032f19f1a8e587b3e3a38d66068-150,8.942,True,no_light_for_ego,40.1,332.0,1173,0.0,0.0,1.0,not_stop_controlled,83.9,518.3,2238,0.0,1.0,ego_may_go,109.1,760.5,3247,0.0036,0.9964,none_ahead,87.1,495.4,2218,0.9985,0.0,0.0015,clear,47.4,340.0,1158,0.0,1.0,go,133.2,971.5,4304,0.0,1.0,go,127.9,1005.2,4378,0.0,1.0,left_pass,114.7,758.0,3274,0.8756,0.0059,0.1185,C,49.1,367.0,1401,0.0,0.0,1.0,0.0,0.0,go,138.8,1026.5,4443,0.0,0.0,0.0759,0.9241,,,,,,,
291acc4578630f6231a35e718de21523-147,5.928,True,no_light_for_ego,42.6,323.0,1173,0.0,0.023,0.977,not_stop_controlled,78.2,499.9,2238,0.0067,0.9933,ego_may_go,120.1,762.6,3247,0.4073,0.5927,moving_lead,74.5,498.8,2218,0.0086,0.0001,0.9914,clear,35.9,331.5,1158,0.0,1.0,go,145.1,987.1,4304,0.0001,0.9999,go,127.4,1001.5,4381,0.0,1.0,left_pass,109.8,754.4,3274,0.9044,0.0953,0.0003,C,53.2,373.2,1404,0.0086,0.0,0.9914,0.0,0.0,go,132.7,1013.7,4446,0.0,0.0,0.3208,0.6792,,,,,,,
298ca3766b24cd46b6f70b615e9b1a90-149,1.126,True,no_light_for_ego,41.5,345.6,1173,0.0,0.0,1.0,stop_controlled,78.2,506.2,2238,1.0,0.0,others_first,118.0,769.7,3247,0.5312,0.4688,stopped_lead,75.2,532.1,2218,0.0099,0.8956,0.0944,clear,48.5,337.8,1158,0.0,1.0,hold,135.1,1050.4,4303,0.7773,0.2227,hold,138.0,1029.5,4381,1.0,0.0,left_pass,99.1,753.8,3274,0.9665,0.0227,0.0107,C,70.7,368.4,1404,0.0006,0.0004,0.9985,0.0004,0.0,creep,138.3,1036.6,4446,0.2227,0.7773,0.0,0.0,,,,,,,
29b60d9832de56b7b0047692136bf918-148,9.188,True,no_light_for_ego,40.0,343.9,1173,0.0,0.0,1.0,not_stop_controlled,85.2,508.6,2238,0.0006,0.9994,ego_may_go,115.6,761.2,3247,0.0041,0.9959,none_ahead,74.1,500.2,2218,0.8172,0.0004,0.1824,clear,46.8,346.2,1158,0.0,1.0,go,138.5,999.9,4304,0.0,1.0,go,131.3,1064.4,4378,0.0,1.0,clear_lane,114.3,759.8,3274,0.018,0.0011,0.9809,C,52.9,370.1,1393,0.0,0.0,1.0,0.0,0.0,go,124.8,1074.7,4435,0.0,0.0,0.4378,0.5622,,,,,,,
2ad369d6195d8094f218efc39363c96e-150,2.496,True,green_for_ego,45.9,348.2,1173,0.0,0.9981,0.0019,not_stop_controlled,78.5,529.9,2238,0.3775,0.6225,ego_may_go,131.2,755.8,3247,0.0759,0.9241,stopped_lead,83.0,494.9,2218,0.437,0.5612,0.0018,clear,47.2,342.6,1158,0.0,1.0,go,131.5,983.1,4304,0.023,0.977,go,138.4,1016.9,4381,0.0,1.0,left_pass,95.8,759.8,3274,0.9903,0.0012,0.0086,C,48.0,371.9,1404,0.0953,0.0008,0.9039,0.0,0.0,go,134.3,1041.5,4446,0.0,0.0,0.0,1.0,,,,,,,
2b39dc8e32a73d077ada21933e95c6cb-150,3.735,True,no_light_for_ego,37.2,339.1,1173,0.0,0.0,1.0,not_stop_controlled,74.7,529.8,2238,0.3775,0.6225,ego_may_go,112.3,759.6,3247,0.0019,0.9981,none_ahead,70.0,550.1,2218,0.8055,0.0148,0.1797,clear,33.0,344.9,1158,0.0,1.0,go,124.6,1026.1,4304,0.0,1.0,go,115.0,1031.7,4378,0.0,1.0,left_pass,89.1,763.5,3274,0.9259,0.028,0.0461,C,45.2,375.7,1401,0.0002,0.0002,0.9996,0.0,0.0,go,131.4,1050.9,4443,0.0,0.0088,0.3742,0.617,,,,,,,
2b74d20f67e018078588074153758632-149,25.103,True,no_light_for_ego,44.9,341.5,1173,0.0,0.0,1.0,not_stop_controlled,80.3,512.7,2238,0.0,1.0,ego_may_go,119.4,764.7,3247,0.0001,0.9999,moving_lead,75.0,495.6,2218,0.0141,0.0,0.9859,clear,47.0,337.4,1158,0.0,1.0,go,136.2,966.3,4304,0.0,1.0,go,126.4,1023.0,4381,0.0,1.0,clear_lane,110.0,762.8,3274,0.0,0.0001,0.9999,C,57.5,375.2,1396,0.0,0.0,1.0,0.0,0.0,follow,137.8,1016.0,4438,0.0,0.0,0.9991,0.0009,,,,,,,
2ba23bf2b09948ce9e2f7edf08cf3bd8-150,0.0,True,no_light_for_ego,46.2,341.9,1173,0.0,0.0,1.0,stop_controlled,79.1,502.1,2238,1.0,0.0,ego_may_go,123.7,750.7,3247,0.1192,0.8808,none_ahead,78.3,539.2,2218,0.9928,0.0032,0.0041,clear,31.1,342.0,1158,0.0,1.0,hold,131.9,1047.6,4298,1.0,0.0,hold,133.0,1033.6,4372,0.852,0.148,clear_lane,101.1,756.8,3274,0.0757,0.0023,0.922,C,49.2,354.0,1387,0.0,0.0,1.0,0.0,0.0,hold,130.8,1031.8,4429,1.0,0.0,0.0,0.0,go,128.8,1025.6,4384.0,0.0,0.0,1.0
2bf8a58be87bb47c9fbe45b12b84b4ea-149,3.62,True,green_for_ego,40.8,339.7,1173,0.0007,0.9961,0.0032,not_stop_controlled,82.7,511.4,2238,0.0015,0.9985,others_first,116.8,763.9,3247,0.5622,0.4378,moving_lead,83.3,493.5,2218,0.0759,0.0001,0.9241,clear,51.1,338.8,1158,0.0,1.0,go,130.3,987.6,4304,0.018,0.982,go,129.9,1018.7,4382,0.0,1.0,left_pass,97.9,756.4,3274,0.8931,0.0941,0.0127,C,41.5,383.3,1405,0.0019,0.0,0.9981,0.0,0.0,go,136.9,1013.3,4447,0.0,0.0,0.0006,0.9994,,,,,,,
2dd9daa2312e66da3c0ea477145b70b8-147,6.67,False,no_light_for_ego,45.2,340.8,1173,0.0,0.0,1.0,not_stop_controlled,80.6,500.3,2238,0.0004,0.9996,ego_may_go,119.0,759.4,3247,0.0003,0.9997,none_ahead,78.5,534.8,2218,0.9975,0.0025,0.0001,clear,39.0,343.8,1158,0.0,1.0,go,123.6,1046.5,4304,0.0,1.0,go,135.7,1028.0,4378,0.0,1.0,left_pass,97.7,765.7,3274,0.9398,0.0601,0.0001,C,44.6,371.2,1401,0.0,0.0,0.9999,0.0,0.0,go,131.1,1039.4,4443,0.0,0.0004,0.0373,0.9623,,,,,,,
2debdc4fc91a505493ab4b647080e720-149,4.043,True,no_light_for_ego,35.9,339.8,1173,0.0,0.0,1.0,stop_controlled,96.4,515.7,2238,0.9991,0.0009,ego_may_go,122.0,763.7,3247,0.0331,0.9669,moving_lead,71.4,495.1,2218,0.3767,0.0022,0.6211,clear,47.1,335.5,1158,0.0,1.0,go,139.1,972.3,4304,0.0,1.0,go,113.5,1006.6,4381,0.0,1.0,left_pass,127.1,769.6,3274,0.9317,0.0464,0.0219,C,42.6,369.2,1404,0.0041,0.0,0.9935,0.0025,0.0,creep,136.0,1017.5,4446,0.0,0.6182,0.0069,0.3749,,,,,,,
2e031f165cb7b252dd42a7b60e730bd9-149,4.232,True,no_light_for_ego,42.1,335.2,1173,0.0,0.0,1.0,not_stop_controlled,80.2,491.4,2238,0.0067,0.9933,ego_may_go,106.3,756.5,3247,0.0002,0.9998,stopped_lead,79.0,496.7,2218,0.0041,0.9959,0.0001,clear,50.9,341.4,1158,0.0,1.0,go,133.5,1007.0,4304,0.0293,0.9707,go,129.8,1059.2,4381,0.1192,0.8808,left_pass,99.5,763.2,3274,0.9963,0.0032,0.0006,A,47.0,367.7,1404,0.9973,0.0015,0.0012,0.0,0.0,creep,133.5,1064.6,4446,0.0,0.7306,0.0007,0.2688,,,,,,,
2ea95c7b5be70120cd26ba7166e2edc6-148,12.299,True,no_light_for_ego,41.5,345.4,1173,0.0001,0.011,0.989,not_stop_controlled,92.1,523.5,2238,0.3208,0.6792,ego_may_go,132.2,760.9,3247,0.0759,0.9241,moving_lead,83.9,504.3,2218,0.0,0.0,1.0,clear,45.4,341.8,1158,0.0052,0.9948,go,130.2,983.0,4304,0.0,1.0,go,123.4,992.2,4381,0.0,1.0,left_pass,104.9,763.2,3274,0.9991,0.0009,0.0,A,46.7,347.4,1404,0.8389,0.0154,0.1458,0.0,0.0,follow,120.4,1033.9,4446,0.0,0.0,0.9707,0.0293,,,,,,,
2f7a008f2b7d7a2c897db23af3a0b0a7-149,5.235,True,no_light_for_ego,46.8,335.5,1173,0.0015,0.0012,0.9973,not_stop_controlled,78.4,514.5,2238,0.0015,0.9985,ego_may_go,105.6,763.7,3247,0.2942,0.7058,moving_lead,95.5,509.2,2218,0.0002,0.0,0.9998,clear,48.4,334.1,1158,0.0,1.0,go,127.8,1019.7,4304,0.0003,0.9997,go,124.1,1063.4,4381,0.0,1.0,left_pass,120.3,757.7,3274,0.5528,0.0167,0.4305,C,40.3,377.3,1404,0.0,0.0,1.0,0.0,0.0,follow,117.5,1064.7,4446,0.0,0.0,0.6792,0.3208,,,,,,,
2f7f1d5b53fae5fd643c0ada046d7f3a-149,1.21,True,no_light_for_ego,36.6,345.2,1173,0.0001,0.0004,0.9995,stop_controlled,74.3,528.7,2238,0.5622,0.4378,others_first,112.9,751.7,3247,0.5927,0.4073,stopped_lead,87.7,500.3,2218,0.0243,0.4879,0.4879,clear,30.6,350.4,1158,0.0,1.0,go,130.7,1004.6,4303,0.0373,0.9627,hold,136.9,988.5,4381,0.9981,0.0019,left_pass,104.0,769.7,3274,0.989,0.011,0.0001,C,42.4,365.3,1404,0.0085,0.0001,0.9842,0.0005,0.0066,creep,132.1,1021.8,4446,0.148,0.8517,0.0,0.0003,,,,,,,
2fe32b2cddf4f6e328e294fca52e482f-148,6.463,True,green_for_ego,41.8,329.0,1173,0.0,0.5622,0.4378,not_stop_controlled,85.7,504.2,2238,0.4378,0.5622,others_first,109.7,764.5,3247,0.5,0.5,moving_lead,84.9,492.0,2218,0.0025,0.0001,0.9974,clear,46.9,334.1,1158,0.0019,0.9981,go,136.4,1005.5,4304,0.0,1.0,go,126.8,1042.3,4382,0.0,1.0,left_pass,96.6,757.3,3274,0.8931,0.0941,0.0127,C,52.4,381.2,1405,0.023,0.0002,0.9769,0.0,0.0,go,129.6,1046.6,4447,0.0,0.0,0.0015,0.9985,,,,,,,
31935e26a0bd05d0f9bf5285154cb25e-147,19.712,True,no_light_for_ego,35.6,338.9,1173,0.0,0.0,1.0,not_stop_controlled,76.6,547.8,2238,0.2227,0.7773,ego_may_go,99.5,751.1,3247,0.0046,0.9954,moving_lead,81.5,528.4,2218,0.0953,0.0008,0.9039,clear,43.3,344.9,1158,0.0,1.0,go,131.9,972.6,4304,0.0,1.0,go,130.8,1034.6,4381,0.0,1.0,clear_lane,106.1,759.2,3274,0.0041,0.0003,0.9957,C,48.7,366.5,1396,0.0,0.0,1.0,0.0,0.0,follow,139.9,1029.3,4438,0.0,0.0,0.9241,0.0759,,,,,,,
31b843d365f26e5c53005fa1e4893d1a-149,0.0,True,red_or_yellow_for_ego,43.9,332.0,1173,0.999,0.0001,0.0009,not_stop_controlled,77.0,505.3,2238,0.0,1.0,others_first,104.2,762.3,3247,0.8176,0.1824,moving_lead,99.3,494.9,2218,0.0474,0.0008,0.9518,crossing,51.2,344.9,1158,0.852,0.148,hold,136.2,984.1,4298,1.0,0.0,hold,124.4,1049.0,4378,1.0,0.0,left_pass,103.7,755.4,3274,0.9914,0.0086,0.0,A,57.7,371.5,1401,0.9593,0.0031,0.0137,0.0226,0.0014,hold,136.6,1058.5,4443,0.9991,0.0009,0.0,0.0,hold,122.1,1066.7,4390.0,0.9988,0.0012,0.0
32f8e8643df8e82246f01dbf093c5b19-147,0.301,True,green_for_ego,44.3,341.1,1173,0.0,1.0,0.0,not_stop_controlled,89.3,507.7,2238,0.0,1.0,ego_may_go,116.9,756.4,3247,0.2689,0.7311,moving_lead,69.9,505.2,2218,0.0293,0.0,0.9707,clear,49.4,289.0,1158,0.0,1.0,hold,126.5,860.7,4298,0.9399,0.0601,go,125.4,815.9,4375,0.0,1.0,clear_lane,118.2,614.7,3274,0.0457,0.0356,0.9186,C,56.0,220.0,1390,0.0,0.0,1.0,0.0,0.0,go,140.8,776.6,4432,0.0,0.0,0.0,1.0,go,134.6,778.0,4387.0,0.0,0.0,1.0
3303088c0c0c5d52b0879b82bff7c5e4-149,7.681,True,no_light_for_ego,32.3,203.8,1173,0.0,0.0,1.0,not_stop_controlled,82.5,408.3,2238,0.0,1.0,ego_may_go,93.5,572.2,3247,0.0052,0.9948,moving_lead,64.6,393.5,2218,0.0009,0.0001,0.9989,clear,39.6,234.9,1158,0.0,1.0,go,117.6,811.6,4304,0.0,1.0,go,127.7,761.6,4381,0.0,1.0,clear_lane,84.0,574.3,3274,0.3733,0.0113,0.6154,C,41.0,244.9,1396,0.0,0.0,1.0,0.0,0.0,follow,126.7,821.5,4438,0.0,0.0,0.8808,0.1192,,,,,,,
349479e335692cf038b24348f274d575-148,4.52,True,no_light_for_ego,47.6,233.0,1173,0.0,0.0,1.0,stop_controlled,71.0,391.1,2238,1.0,0.0,ego_may_go,108.9,570.6,3247,0.4073,0.5927,none_ahead,59.6,400.9,2218,0.9966,0.0015,0.0019,clear,40.0,232.5,1158,0.0,1.0,go,127.4,806.9,4304,0.0067,0.9933,go,128.1,755.8,4378,0.0032,0.9968,left_pass,89.3,576.5,3274,0.9624,0.0373,0.0003,C,34.9,249.6,1401,0.0,0.0,1.0,0.0,0.0,creep,125.5,822.1,4443,0.0003,0.9992,0.0,0.0004,,,,,,,
34c1dae8ea57da92ae7ee1c3bce3ad74-148,0.0,True,green_for_ego,41.7,233.8,1173,0.0,1.0,0.0,stop_controlled,81.7,405.5,2238,0.8808,0.1192,others_first,105.5,563.1,3247,0.5622,0.4378,moving_lead,81.1,391.4,2218,0.0019,0.0032,0.9949,clear,35.9,232.1,1158,0.0,1.0,hold,123.4,808.3,4298,0.9985,0.0015,go,113.8,781.6,4376,0.0,1.0,left_pass,102.0,560.2,3274,0.9604,0.0372,0.0024,C,39.7,219.7,1399,0.3767,0.002,0.6211,0.0002,0.0,go,128.9,778.8,4441,0.2189,0.014,0.0031,0.764,go,140.4,796.3,4388.0,0.0,0.0373,0.9627
34e1b86e21b615ac813b81b09831b7b9-148,18.822,True,no_light_for_ego,37.6,202.6,1173,0.0,0.0,1.0,not_stop_controlled,69.2,400.5,2238,0.0,1.0,ego_may_go,110.2,561.1,3247,0.0001,0.9999,moving_lead,68.3,396.6,2218,0.0,0.0,1.0,clear,34.1,232.8,1158,0.0,1.0,go,110.3,810.7,4304,0.0,1.0,go,126.1,759.8,4381,0.0,1.0,clear_lane,106.0,597.7,3274,0.2187,0.018,0.7633,C,62.1,278.9,1396,0.0,0.0,1.0,0.0,0.0,follow,143.7,830.0,4438,0.0,0.0,1.0,0.0,,,,,,,
3522a012d4039fb280e39eeddc22b50b-149,0.0,True,no_light_for_ego,45.7,338.6,1173,0.0,0.0,1.0,not_stop_controlled,80.7,495.8,2238,0.0,1.0,ego_may_go,116.9,733.9,3247,0.0953,0.9047,moving_lead,83.3,513.1,2218,0.0025,0.0,0.9975,clear,38.8,336.5,1158,0.0,1.0,hold,135.5,981.9,4298,0.9996,0.0004,go,124.7,1008.5,4375,0.0019,0.9981,clear_lane,108.6,765.9,3274,0.1327,0.1034,0.7639,C,29.4,366.9,1390,0.0,0.0,1.0,0.0,0.0,go,130.0,1074.7,4432,0.0291,0.0003,0.0083,0.9623,go,144.5,994.9,4387.0,0.0,0.2689,0.731
353964d5a1cab38f73f579bd87397519-148,1.46,True,no_light_for_ego,42.1,346.2,1173,0.0,0.0015,0.9985,not_stop_controlled,82.6,541.5,2238,0.0,1.0,ego_may_go,127.0,754.3,3247,0.0124,0.9876,moving_lead,83.6,506.5,2218,0.0668,0.2994,0.6338,clear,47.6,342.1,1158,0.0,1.0,go,137.8,1003.4,4303,0.0,1.0,go,135.3,1020.1,4380,0.0,1.0,left_pass,121.7,766.8,3274,0.8552,0.0547,0.0901,C,58.3,378.2,1403,0.0293,0.0009,0.9698,0.0,0.0,follow,137.1,1026.5,4445,0.0,0.0352,0.9069,0.058,,,,,,,
354085672f9cb5796990287f3b7604aa-150,9.626,True,green_for_ego,45.3,338.5,1173,0.0002,0.8174,0.1824,stop_controlled,78.3,487.4,2238,0.9399,0.0601,ego_may_go,106.1,731.4,3247,0.2227,0.7773,none_ahead,82.5,523.4,2218,0.9959,0.0,0.0041,clear,47.4,341.1,1158,0.0,1.0,go,134.0,1015.9,4304,0.0,1.0,go,129.4,1036.8,4378,0.0,1.0,clear_lane,115.6,744.1,3274,0.0473,0.003,0.9497,C,65.2,366.9,1393,0.0,0.0,1.0,0.0,0.0,go,137.8,1016.4,4435,0.0,0.0,0.0002,0.9998,,,,,,,
36bcd46c350c6037c1b9f817636455db-149,5.24,True,no_light_for_ego,45.8,336.5,1173,0.0,0.0,1.0,not_stop_controlled,73.9,490.2,2238,0.0759,0.9241,ego_may_go,100.0,727.3,3247,0.1067,0.8933,none_ahead,91.3,527.0,2218,0.9912,0.0003,0.0086,clear,47.6,327.9,1158,0.0,1.0,go,131.0,984.9,4304,0.0012,0.9988,go,146.1,1008.8,4378,0.0,1.0,left_pass,115.9,756.4,3274,0.9968,0.0032,0.0,C,56.3,377.7,1401,0.0007,0.0,0.9895,0.0067,0.0031,go,146.0,1030.8,4443,0.0,0.3144,0.0201,0.6655,,,,,,,
37171c697a664747c5633335480bf364-148,1.982,True,no_light_for_ego,32.0,341.7,1173,0.0,0.0,1.0,not_stop_controlled,85.0,512.0,2238,0.0293,0.9707,ego_may_go,108.4,751.2,3247,0.0601,0.9399,none_ahead,93.1,534.3,2218,0.6788,0.0005,0.3206,clear,64.9,335.0,1158,0.0,1.0,go,127.9,1024.1,4303,0.0086,0.9914,go,137.1,1009.6,4377,0.0,1.0,left_pass,105.7,758.2,3274,0.9941,0.0052,0.0007,C,43.5,354.3,1400,0.0019,0.0001,0.998,0.0,0.0,go,124.6,1005.6,4442,0.0,0.0365,0.0221,0.9414,,,,,,,
3721a68c3a5f6b637f192a2bc4c05824-148,0.001,True,no_light_for_ego,43.7,336.0,1173,0.0,0.0,1.0,stop_controlled,74.1,544.0,2238,1.0,0.0,ego_may_go,117.4,751.8,3247,0.018,0.982,none_ahead,107.5,506.6,2218,0.9994,0.0001,0.0006,clear,56.4,332.5,1158,0.0,1.0,hold,145.7,998.7,4298,0.9991,0.0009,hold,148.6,1042.1,4372,0.9975,0.0025,clear_lane,109.5,757.1,3274,0.4259,0.0272,0.5469,C,51.6,354.3,1387,0.0,0.0,1.0,0.0,0.0,hold,134.7,1043.6,4429,1.0,0.0,0.0,0.0,go,157.3,1016.0,4384.0,0.0003,0.0001,0.9996
37739bd7731bc41e5466ae9efcac2e6d-149,5.93,True,no_light_for_ego,35.4,328.8,1173,0.0,0.0,1.0,not_stop_controlled,87.4,506.5,2238,0.0003,0.9997,ego_may_go,106.7,743.7,3247,0.0373,0.9627,moving_lead,81.7,507.8,2218,0.3206,0.0005,0.6788,clear,42.9,338.9,1158,0.0,1.0,go,139.0,1011.8,4304,0.0032,0.9968,go,137.2,1010.9,4381,0.0,1.0,left_pass,111.7,771.7,3274,0.9975,0.0025,0.0,C,53.1,375.0,1404,0.0012,0.0003,0.9985,0.0,0.0,go,134.3,1040.2,4446,0.0,0.007,0.1811,0.8118,,,,,,,
38561ca659f7ba32383f3f1cad122546-148,9.119,True,no_light_for_ego,45.9,338.5,1173,0.0,0.0,1.0,not_stop_controlled,74.0,498.7,2238,0.1192,0.8808,ego_may_go,115.2,753.5,3247,0.0002,0.9998,none_ahead,76.7,484.3,2218,1.0,0.0,0.0,clear,49.2,337.6,1158,0.0,1.0,go,142.5,998.7,4304,0.0,1.0,go,133.6,1054.1,4378,0.0,1.0,left_pass,104.8,754.3,3274,0.9574,0.0137,0.0289,C,60.4,363.1,1401,0.0,0.0,1.0,0.0,0.0,go,130.3,1013.1,4443,0.0,0.0001,0.1192,0.8808,,,,,,,
3863d816ff1b1aa7a40de54c4ba821eb-148,8.094,True,no_light_for_ego,45.0,337.5,1173,0.0,0.0,1.0,not_stop_controlled,72.4,541.4,2238,0.0,1.0,ego_may_go,114.5,750.2,3247,0.0373,0.9627,none_ahead,94.7,505.3,2218,0.989,0.0,0.011,clear,55.9,338.5,1158,0.0,1.0,go,135.4,1014.9,4304,0.0,1.0,go,117.5,1026.9,4378,0.0,1.0,left_pass,107.3,773.8,3274,0.8976,0.0946,0.0078,C,45.8,371.1,1401,0.0,0.0,0.9998,0.0002,0.0,go,127.6,1045.0,4443,0.0,0.0,0.0601,0.9399,,,,,,,
38641951b2266550863c2af0a871485b-148,11.938,True,no_light_for_ego,45.8,338.3,1173,0.0,0.0,1.0,not_stop_controlled,81.2,497.7,2238,0.0,1.0,ego_may_go,104.4,747.1,3247,0.0373,0.9627,moving_lead,82.9,488.9,2218,0.4378,0.0,0.5622,clear,51.4,329.5,1158,0.0,1.0,go,132.1,997.2,4304,0.0,1.0,go,142.3,995.5,4381,0.0,1.0,clear_lane,105.8,760.7,3274,0.0715,0.2497,0.6788,C,51.5,375.6,1396,0.0,0.0,1.0,0.0,0.0,follow,141.5,1044.2,4438,0.0,0.0,0.9859,0.0141,,,,,,,
398703cb3d52176faf9da2a53aac4b69-149,20.005,True,no_light_for_ego,43.3,342.4,1173,0.0,0.0,1.0,not_stop_controlled,87.2,546.6,2238,0.0,1.0,ego_may_go,118.0,753.4,3247,0.0,1.0,moving_lead,82.1,519.7,2218,0.0025,0.0,0.9975,clear,56.3,335.8,1158,0.0,1.0,go,143.8,1005.6,4304,0.0,1.0,go,134.2,996.9,4381,0.0,1.0,clear_lane,116.4,762.2,3274,0.0003,0.0007,0.999,C,61.2,379.4,1396,0.0,0.0,1.0,0.0,0.0,follow,136.5,1030.7,4438,0.0,0.0,0.9999,0.0001,,,,,,,
3b8971fbee44af097f4be9a4cd73748e-149,1.961,True,no_light_for_ego,42.6,337.5,1173,0.0,0.0,1.0,stop_controlled,76.9,493.4,2238,0.9994,0.0006,ego_may_go,120.2,726.2,3247,0.2942,0.7058,stopped_lead,87.4,508.7,2218,0.1091,0.806,0.0849,clear,47.9,332.1,1158,0.0,1.0,go,137.7,984.1,4303,0.0015,0.9985,hold,145.0,1006.9,4380,0.9047,0.0953,left_pass,125.0,750.2,3274,0.8657,0.0912,0.0431,A,51.3,373.6,1403,0.9926,0.0007,0.0067,0.0,0.0,creep,139.3,1039.5,4445,0.0001,0.9999,0.0,0.0,,,,,,,
3c243f1b8d4b859587b48377893a7512-149,2.668,True,no_light_for_ego,45.1,336.9,1173,0.0,0.0,1.0,not_stop_controlled,71.6,495.9,2238,0.0001,0.9999,ego_may_go,116.1,749.0,3247,0.0159,0.9841,moving_lead,71.6,484.0,2218,0.3686,0.0236,0.6078,clear,35.9,332.8,1158,0.4378,0.5622,go,136.7,1003.9,4304,0.0001,0.9999,go,141.3,1021.2,4381,0.0,1.0,left_pass,108.0,766.8,3274,0.9414,0.0221,0.0365,A,54.7,376.9,1404,0.9389,0.0011,0.06,0.0,0.0,go,136.3,1040.6,4446,0.0,0.0257,0.3126,0.6618,,,,,,,
3c7eb4b2fd0190520cff3f6fd63deba7-148,10.372,True,green_for_ego,51.8,336.6,1173,0.0001,0.9999,0.0,not_stop_controlled,81.8,535.0,2238,0.0001,0.9999,ego_may_go,121.3,752.0,3247,0.0474,0.9526,none_ahead,72.7,518.9,2218,1.0,0.0,0.0,clear,47.0,340.0,1158,0.0,1.0,go,139.1,1007.9,4304,0.0052,0.9948,go,132.1,1009.1,4378,0.0,1.0,clear_lane,115.7,766.5,3274,0.0001,0.0003,0.9996,C,54.4,385.4,1393,0.0,0.0,1.0,0.0,0.0,go,138.3,1030.9,4435,0.0,0.0,0.0,1.0,,,,,,,
3c87e8251965c3ffbc95a320e49d20f6-149,9.034,True,green_for_ego,49.7,336.3,1173,0.0,0.9999,0.0001,not_stop_controlled,80.6,552.3,2238,0.0,1.0,ego_may_go,113.3,757.3,3247,0.1192,0.8808,moving_lead,79.6,520.5,2218,0.0953,0.0,0.9046,crossing,46.8,335.6,1158,0.6792,0.3208,go,135.0,1014.0,4304,0.0,1.0,go,139.9,1010.5,4381,0.0,1.0,clear_lane,109.9,766.1,3274,0.2569,0.0446,0.6984,C,56.5,379.3,1396,0.0002,0.0,0.9937,0.0009,0.0052,go,140.3,1026.7,4438,0.0,0.0,0.0003,0.9997,,,,,,,
3cd4662cdf84745d9a4292b1b91ddd2d-148,1.085,True,no_light_for_ego,48.8,338.0,1173,0.0,0.0,1.0,not_stop_controlled,80.8,548.2,2238,0.0004,0.9996,ego_may_go,124.8,744.5,3247,0.0041,0.9959,none_ahead,78.8,531.7,2218,0.8767,0.0046,0.1187,clear,51.4,329.7,1158,0.0,1.0,go,140.7,1011.7,4303,0.0001,0.9999,go,146.7,1006.1,4377,0.0,1.0,left_pass,103.1,759.2,3274,0.6154,0.0113,0.3733,C,59.4,378.5,1400,0.0002,0.0,0.9998,0.0,0.0,go,142.0,1026.7,4442,0.0,0.1402,0.2312,0.6285,,,,,,,
3dbfd39a71deb8f5c069ab8c13962d34-148,9.756,True,green_for_ego,44.5,337.2,1173,0.0,1.0,0.0,not_stop_controlled,82.6,497.3,2238,0.0,1.0,ego_may_go,108.6,747.3,3247,0.0534,0.9466,moving_lead,80.5,509.9,2218,0.0006,0.0,0.9994,clear,29.7,337.8,1158,0.0,1.0,go,129.7,997.8,4304,0.0474,0.9526,go,122.9,1007.3,4381,0.0,1.0,left_pass,108.2,757.7,3274,0.9948,0.0052,0.0,C,58.9,375.4,1404,0.0591,0.0169,0.924,0.0,0.0,go,138.4,1039.0,4446,0.0,0.0,0.0601,0.9399,,,,,,,
40bc0964a8d90b1eb905ff37d9a6c03f-148,0.0,True,no_light_for_ego,44.4,340.9,1173,0.0,0.0,1.0,not_stop_controlled,80.8,493.1,2238,0.0,1.0,ego_may_go,109.0,746.7,3247,0.0052,0.9948,none_ahead,79.2,483.5,2218,0.9259,0.028,0.0461,clear,52.1,332.1,1158,0.0,1.0,hold,136.6,1006.6,4298,1.0,0.0,hold,131.4,1009.6,4372,0.9933,0.0067,left_pass,105.8,765.9,3274,0.9497,0.0473,0.003,C,48.8,377.6,1395,0.0086,0.0001,0.9911,0.0002,0.0,hold,126.0,1042.0,4437,0.9994,0.0,0.0001,0.0006,go,127.4,1002.2,4384.0,0.0373,0.0,0.9627
4114fc22dfe5b28572e503ee4ed21636-149,8.35,True,no_light_for_ego,39.5,340.3,1173,0.0001,0.0086,0.9913,not_stop_controlled,78.0,501.3,2238,0.0373,0.9627,ego_may_go,116.4,747.2,3247,0.1645,0.8355,moving_lead,78.5,496.0,2218,0.0,0.0,1.0,clear,48.2,333.0,1158,0.0,1.0,go,135.8,1001.0,4304,0.0,1.0,go,125.9,995.6,4381,0.0,1.0,left_pass,106.0,752.4,3274,0.7662,0.0629,0.171,C,46.7,365.6,1404,0.0002,0.0,0.9998,0.0,0.0,follow,128.4,1058.6,4446,0.0,0.0,0.5,0.5,,,,,,,
416bf03bf6f6147a8328013e46f54623-149,3.616,True,no_light_for_ego,43.9,342.3,1173,0.0,0.0,1.0,not_stop_controlled,77.8,515.2,2238,0.0006,0.9994,ego_may_go,117.7,761.8,3247,0.0028,0.9972,none_ahead,66.2,490.3,2218,0.922,0.0757,0.0023,clear,38.8,331.8,1158,0.0,1.0,go,126.2,999.9,4304,0.0,1.0,go,130.9,996.4,4378,0.0,1.0,clear_lane,104.3,767.0,3274,0.2662,0.0103,0.7235,C,42.7,354.3,1393,0.0,0.0,1.0,0.0,0.0,follow,124.0,1023.9,4435,0.0,0.0,0.5,0.5,,,,,,,
4224f4dc217ac4500cd9d47a392658dc-148,0.036,True,green_for_ego,44.2,333.8,1173,0.3766,0.6209,0.0025,stop_controlled,81.2,528.8,2238,0.9707,0.0293,others_first,107.6,761.1,3247,0.852,0.148,moving_lead,84.0,531.6,2218,0.0001,0.0,0.9999,crossing,32.0,337.0,1158,0.7773,0.2227,hold,122.0,1009.5,4298,0.9999,0.0001,hold,131.4,1015.3,4376,0.8808,0.1192,left_pass,107.3,750.9,3274,0.9948,0.0041,0.0012,D,40.3,353.8,1399,0.0017,0.0004,0.0557,0.8708,0.0715,hold,133.5,1056.6,4441,0.928,0.036,0.0,0.036,hold,127.7,997.1,4388.0,0.5469,0.4259,0.0272
425497055114d44b2506e57c5a06fd19-150,8.567,True,no_light_for_ego,44.7,332.3,1173,0.0,0.0,1.0,stop_controlled,86.9,521.9,2238,0.852,0.148,others_first,120.8,746.5,3247,0.7058,0.2942,moving_lead,82.8,496.5,2218,0.0003,0.001,0.9987,clear,43.4,333.8,1158,0.0,1.0,go,133.5,998.7,4304,0.0019,0.9981,hold,131.7,1015.3,4382,0.7311,0.2689,left_pass,104.7,753.1,3274,0.9993,0.0007,0.0,C,49.0,378.6,1405,0.0,0.0,0.9993,0.0007,0.0,creep,141.8,1028.7,4447,0.0081,0.9354,0.0282,0.0282,,,,,,,
43176083b1e372aff5d0926f386e53b4-149,0.014,True,red_or_yellow_for_ego,44.5,338.0,1173,0.9999,0.0,0.0,not_stop_controlled,80.7,507.1,2238,0.0032,0.9968,others_first,119.0,755.9,3247,0.8176,0.1824,none_ahead,68.1,542.2,2218,0.8806,0.0266,0.0928,clear,49.0,336.2,1158,0.0,1.0,hold,132.4,1039.9,4298,1.0,0.0,hold,139.4,1037.5,4375,1.0,0.0,clear_lane,112.0,762.2,3274,0.1187,0.0046,0.8767,C,52.1,348.5,1390,0.0,0.0,1.0,0.0,0.0,hold,135.6,995.5,4432,0.9996,0.0,0.0,0.0004,hold,129.2,1064.4,4387.0,1.0,0.0,0.0
43d1c10ed3bb5583283743287373653d-149,1.142,True,no_light_for_ego,43.7,337.6,1173,0.0,0.0,1.0,not_stop_controlled,75.2,544.9,2238,0.0,1.0,ego_may_go,118.0,750.1,3247,0.0019,0.9981,none_ahead,77.3,517.9,2218,1.0,0.0,0.0,clear,60.5,333.0,1158,0.0,1.0,go,137.1,1009.9,4303,0.0032,0.9968,go,142.8,1002.9,4377,0.0,1.0,left_pass,113.9,766.4,3274,0.9526,0.0474,0.0,C,45.8,382.5,1400,0.0,0.0,1.0,0.0,0.0,creep,141.7,1040.0,4442,0.0,0.922,0.0023,0.0757,,,,,,,
43e5704bf84c848e330fba4512750ea2-149,4.434,True,no_light_for_ego,40.4,338.1,1173,0.0,0.0,1.0,not_stop_controlled,84.2,547.2,2238,0.0001,0.9999,ego_may_go,117.6,755.2,3247,0.0124,0.9876,none_ahead,88.6,514.1,2218,0.7546,0.2162,0.0293,clear,56.1,335.7,1158,0.0,1.0,go,135.8,999.5,4304,0.0,1.0,go,130.0,1016.1,4378,0.0,1.0,left_pass,114.0,766.5,3274,0.8079,0.0517,0.1404,C,50.8,376.2,1401,0.0,0.0,1.0,0.0,0.0,go,133.0,1043.2,4443,0.0,0.0038,0.2679,0.7283,,,,,,,
44ba4fa0579084ba64f738b927fcd280-150,12.968,True,no_light_for_ego,45.9,339.6,1173,0.0,0.0,1.0,not_stop_controlled,82.7,542.2,2238,0.0,1.0,ego_may_go,126.4,750.6,3247,0.0006,0.9994,moving_lead,93.1,501.5,2218,0.0,0.0,1.0,clear,56.7,330.1,1158,0.0,1.0,go,149.3,1006.3,4304,0.0,1.0,go,126.1,1004.9,4381,0.0,1.0,clear_lane,110.3,754.7,3274,0.0002,0.0001,0.9997,C,47.9,369.5,1396,0.0,0.0,1.0,0.0,0.0,follow,117.0,1060.6,4438,0.0,0.0,0.9993,0.0007,,,,,,,
44c94c0119f575d93542ddbce114e4e9-149,0.001,True,green_for_ego,43.8,334.2,1173,0.0,1.0,0.0,not_stop_controlled,78.1,498.6,2238,0.0086,0.9914,ego_may_go,118.6,729.9,3247,0.0675,0.9325,none_ahead,89.2,547.6,2218,0.9763,0.023,0.0007,clear,46.1,332.1,1158,0.0,1.0,hold,135.6,1028.6,4298,1.0,0.0,go,133.0,1040.5,4372,0.0,1.0,clear_lane,109.9,766.3,3274,0.0001,0.0001,0.9999,C,57.3,374.7,1387,0.0,0.0,1.0,0.0,0.0,go,128.8,1048.8,4429,0.0,0.0,0.0,1.0,go,139.4,999.8,4384.0,0.0,0.0,1.0
46933f5db465b1ed13dc48343129c8b5-150,0.863,True,green_for_ego,43.3,337.9,1173,0.0004,0.6789,0.3207,not_stop_controlled,77.8,542.3,2238,0.0032,0.9968,ego_may_go,112.4,769.8,3247,0.2227,0.7773,moving_lead,78.4,516.4,2218,0.0012,0.0,0.9988,clear,49.2,340.0,1158,0.0,1.0,go,133.6,1005.2,4303,0.0002,0.9998,go,155.4,1008.2,4380,0.0,1.0,left_pass,100.9,753.0,3274,0.9525,0.0369,0.0106,C,55.7,363.8,1403,0.0001,0.0,0.9999,0.0,0.0,go,144.2,1049.8,4445,0.0,0.0,0.0019,0.9981,,,,,,,
46eaaa7a82f4c3a80a134f672f905b7e-149,0.0,True,red_or_yellow_for_ego,41.4,337.3,1173,1.0,0.0,0.0,not_stop_controlled,76.5,488.6,2238,0.3208,0.6792,others_first,125.8,736.9,3247,0.7549,0.2451,moving_lead,94.0,487.9,2218,0.4185,0.0441,0.5374,clear,56.7,330.2,1158,0.0,1.0,hold,148.1,992.1,4298,1.0,0.0,hold,133.9,997.5,4378,1.0,0.0,clear_lane,121.7,743.6,3274,0.2569,0.0446,0.6984,C,56.4,373.6,1393,0.0,0.0,1.0,0.0,0.0,hold,142.9,1024.6,4435,1.0,0.0,0.0,0.0,hold,134.0,1009.3,4390.0,1.0,0.0,0.0
4714de6823f14ec054f617bdcfcb83c1-148,15.161,True,red_or_yellow_for_ego,46.0,340.3,1173,0.5841,0.0616,0.3543,not_stop_controlled,85.4,500.8,2238,0.0141,0.9859,ego_may_go,122.4,760.3,3247,0.0953,0.9047,moving_lead,68.0,547.3,2218,0.0601,0.0,0.9399,clear,44.3,343.0,1158,0.0,1.0,go,135.8,1027.0,4304,0.0002,0.9998,go,125.9,1039.4,4383,0.2227,0.7773,clear_lane,108.4,765.5,3274,0.0691,0.0888,0.8421,C,46.4,377.4,1398,0.0,0.0,1.0,0.0,0.0,go,137.1,1038.3,4440,0.0001,0.0,0.2227,0.7772,,,,,,,
474a369cbdce69432665f10ee171ac55-148,10.988,True,no_light_for_ego,43.7,334.2,1173,0.0,0.0,1.0,not_stop_controlled,76.3,495.4,2238,0.0,1.0,ego_may_go,121.0,762.8,3247,0.0421,0.9579,moving_lead,67.8,481.3,2218,0.3775,0.0001,0.6224,clear,51.5,336.8,1158,0.0,1.0,go,124.9,1013.2,4304,0.0,1.0,go,130.4,1015.4,4381,0.0,1.0,left_pass,100.7,764.9,3274,0.9355,0.0282,0.0363,C,53.6,376.0,1404,0.0001,0.0,0.9999,0.0,0.0,follow,120.2,1056.7,4446,0.0,0.0,0.9627,0.0373,,,,,,,
4758699520985474f05538b7856de1b7-149,2.242,True,no_light_for_ego,48.7,335.1,1173,0.0,0.0,1.0,not_stop_controlled,78.8,497.1,2238,0.3208,0.6792,others_first,115.9,741.5,3247,0.5,0.5,moving_lead,87.6,490.1,2218,0.0001,0.0474,0.9525,clear,31.7,338.0,1158,0.0,1.0,go,100.5,1011.1,4304,0.011,0.989,go,133.9,1017.5,4382,0.0,1.0,left_pass,118.9,758.2,3274,0.9859,0.0141,0.0,C,46.4,377.8,1405,0.0052,0.0004,0.9943,0.0,0.0,follow,143.5,1029.6,4447,0.0,0.3989,0.5121,0.089,,,,,,,
48938d756ec62f122598a77c004457af-148,1.067,True,red_or_yellow_for_ego,47.9,337.4,1173,1.0,0.0,0.0,stop_controlled,80.0,546.3,2238,0.8176,0.1824,ego_may_go,118.1,760.8,3247,0.1192,0.8808,none_ahead,92.2,514.8,2218,0.9888,0.011,0.0002,clear,46.6,334.0,1158,0.0,1.0,hold,133.5,1011.6,4303,1.0,0.0,hold,126.6,1035.6,4379,1.0,0.0,clear_lane,110.9,753.6,3274,0.0372,0.0039,0.9589,C,57.2,378.2,1394,0.0,0.0,1.0,0.0,0.0,hold,132.8,1031.7,4436,1.0,0.0,0.0,0.0,,,,,,,
493017885990698147ed936640aee3f8-148,13.873,True,no_light_for_ego,41.5,340.6,1173,0.0,0.0052,0.9948,not_stop_controlled,83.9,549.4,2238,0.018,0.982,ego_may_go,122.1,747.2,3247,0.0293,0.9707,none_ahead,80.0,519.3,2218,1.0,0.0,0.0,clear,55.7,337.3,1158,0.0,1.0,go,139.3,1001.7,4304,0.0,1.0,go,144.0,1009.6,4378,0.0,1.0,clear_lane,111.7,757.5,3274,0.1142,0.042,0.8438,C,52.5,378.8,1393,0.0,0.0,1.0,0.0,0.0,follow,125.1,1047.5,4435,0.0,0.0,0.8176,0.1824,,,,,,,
4b390f75983c892cbb4144d5af260054-148,0.065,True,no_light_for_ego,39.2,340.4,1173,0.0,0.0,1.0,stop_controlled,86.6,541.7,2238,1.0,0.0,others_first,117.8,768.8,3247,0.977,0.023,moving_lead,76.3,520.1,2218,0.011,0.0013,0.9877,clear,40.4,342.0,1158,0.0003,0.9997,hold,135.8,1010.0,4298,0.9998,0.0002,hold,130.0,1005.2,4376,1.0,0.0,left_pass,109.8,751.1,3274,0.9875,0.011,0.0015,C,38.1,287.5,1399,0.0599,0.0003,0.9371,0.0018,0.0009,hold,149.3,1027.4,4441,0.977,0.023,0.0,0.0,hold,132.7,1002.7,4388.0,0.9882,0.0052,0.0067
4d279c1e6f3220a3b594bd085b91e7cf-149,2.647,True,no_light_for_ego,49.3,346.4,1173,0.0,0.0,1.0,not_stop_controlled,78.9,487.2,2238,0.0759,0.9241,ego_may_go,135.6,757.2,3247,0.2942,0.7058,moving_lead,76.0,537.7,2218,0.0293,0.0,0.9707,clear,51.5,344.5,1158,0.0004,0.9996,go,139.3,1039.7,4304,0.0007,0.9993,go,133.5,1011.3,4381,0.0,1.0,left_pass,117.0,764.0,3274,0.8389,0.0154,0.1458,C,46.9,369.3,1404,0.0002,0.0,0.9998,0.0,0.0,follow,137.0,1032.0,4446,0.0,0.0003,0.6223,0.3774,,,,,,,
4d3afdf45398d58b7336ca084f98b264-149,0.0,True,green_for_ego,42.8,343.3,1173,0.0,1.0,0.0,stop_controlled,79.0,495.8,2238,0.9914,0.0086,ego_may_go,126.4,753.9,3247,0.148,0.852,none_ahead,92.7,491.5,2218,0.9987,0.0009,0.0004,clear,56.2,338.2,1158,0.0,1.0,hold,142.6,967.4,4298,1.0,0.0,go,142.5,1020.1,4372,0.0001,0.9999,clear_lane,123.6,747.6,3274,0.0753,0.0079,0.9168,C,54.1,368.0,1387,0.0,0.0,1.0,0.0,0.0,go,132.2,1048.1,4429,0.0601,0.0,0.0004,0.9395,go,136.9,1051.9,4384.0,0.0,0.0,1.0
4e2aa4f7bb92e68d6533876152548ef9-147,7.06,True,no_light_for_ego,37.6,334.1,1173,0.0,0.0,1.0,not_stop_controlled,88.5,529.9,2238,0.0019,0.9981,ego_may_go,133.6,771.7,3247,0.0028,0.9972,stopped_lead,84.2,501.5,2218,0.0,0.977,0.023,clear,52.8,336.9,1158,0.0,1.0,go,128.5,982.6,4304,0.0,1.0,go,126.1,1001.5,4381,0.0601,0.9399,left_pass,102.1,751.9,3274,0.989,0.011,0.0,C,58.6,349.7,1404,0.0082,0.0001,0.9446,0.047,0.0001,go,146.3,1022.1,4446,0.0,0.014,0.0066,0.9794,,,,,,,
4e66102cbbb2eb66b0462cd3b09012c6-148,8.233,True,no_light_for_ego,44.5,334.0,1173,0.0,0.0,1.0,not_stop_controlled,85.6,499.8,2238,0.0,1.0,ego_may_go,121.7,756.8,3247,0.0013,0.9987,none_ahead,95.0,492.8,2218,1.0,0.0,0.0,clear,51.6,332.1,1158,0.0,1.0,go,130.4,986.5,4304,0.0,1.0,go,126.8,1019.9,4378,0.0,1.0,clear_lane,111.5,752.1,3274,0.1821,0.002,0.8159,C,49.8,368.5,1393,0.0,0.0,1.0,0.0,0.0,go,126.6,1026.9,4435,0.0,0.0,0.4378,0.5622,,,,,,,
4e9f3d7a36498126c1d8a50acc86fb0b-148,0.395,True,red_or_yellow_for_ego,43.8,346.7,1173,1.0,0.0,0.0,not_stop_controlled,81.0,533.9,2238,0.0953,0.9047,others_first,118.2,757.8,3247,0.7549,0.2451,moving_lead,72.3,556.1,2218,0.0757,0.2058,0.7184,clear,47.6,338.6,1158,0.0,1.0,hold,133.7,1016.9,4298,1.0,0.0,hold,146.3,1034.5,4378,1.0,0.0,clear_lane,98.5,767.0,3274,0.037,0.0083,0.9547,C,47.2,374.6,1393,0.0,0.0,1.0,0.0,0.0,hold,139.9,1033.6,4435,1.0,0.0,0.0,0.0,hold,133.5,1020.1,4390.0,1.0,0.0,0.0
4f9d8f8e37d3fbb5cf6d101aff958f27-148,7.346,True,no_light_for_ego,42.5,345.5,1173,0.0,0.0,1.0,stop_controlled,91.2,528.4,2238,1.0,0.0,ego_may_go,115.0,739.7,3247,0.0124,0.9876,none_ahead,76.8,546.1,2218,0.9196,0.0588,0.0216,clear,44.9,343.3,1158,0.0,1.0,go,124.2,1020.8,4304,0.0,1.0,go,103.7,1037.2,4378,0.0006,0.9994,left_pass,102.2,755.8,3274,0.9186,0.0457,0.0356,C,55.5,369.7,1401,0.0,0.0,0.9997,0.0002,0.0001,creep,132.7,1033.3,4443,0.0,0.8806,0.0002,0.1192,,,,,,,
4fe50a077365cafbfd8cc0778110391c-149,0.0,True,no_light_for_ego,42.8,327.6,1173,0.0,0.0,1.0,stop_controlled,83.6,519.5,2238,1.0,0.0,ego_may_go,117.4,772.0,3247,0.3208,0.6792,none_ahead,56.9,506.3,2218,1.0,0.0,0.0,clear,45.3,341.9,1158,0.0,1.0,hold,131.9,985.4,4298,1.0,0.0,hold,142.1,978.1,4372,0.9933,0.0067,left_pass,102.4,763.5,3274,0.8518,0.148,0.0001,C,38.0,360.4,1395,0.0009,0.0019,0.9972,0.0,0.0,hold,138.1,1023.1,4437,0.9983,0.0015,0.0,0.0002,go,128.6,985.6,4384.0,0.0,0.0,1.0
50cd630a9960749bce52428235c959b3-149,0.0,True,no_light_for_ego,48.4,325.5,1173,0.0,0.0,1.0,not_stop_controlled,91.1,505.8,2238,0.0032,0.9968,ego_may_go,117.5,751.9,3247,0.0013,0.9987,none_ahead,97.4,498.6,2218,0.9991,0.0009,0.0,clear,51.8,330.5,1158,0.0,1.0,hold,127.9,1000.2,4298,1.0,0.0,hold,111.7,1005.4,4372,0.8176,0.1824,left_pass,100.1,747.8,3274,0.9004,0.0047,0.0949,C,44.1,373.3,1395,0.0,0.0,1.0,0.0,0.0,hold,130.3,1017.4,4437,0.9995,0.0,0.0002,0.0003,go,132.3,1011.6,4384.0,0.0006,0.0,0.9994
5125dfd998e61449fe0c1f4243db286f-148,4.734,True,no_light_for_ego,44.0,342.6,1173,0.0,0.0001,0.9999,not_stop_controlled,71.7,508.9,2238,0.0,1.0,ego_may_go,114.4,762.7,3247,0.2451,0.7549,moving_lead,69.4,533.3,2218,0.0025,0.0,0.9975,clear,53.6,344.3,1158,0.0,1.0,go,139.0,1039.8,4304,0.0,1.0,go,151.0,1018.3,4381,0.0,1.0,left_pass,102.2,753.4,3274,0.9707,0.0293,0.0,C,46.9,371.6,1404,0.0293,0.0,0.9707,0.0,0.0,follow,142.1,1030.8,4446,0.0,0.0024,0.9604,0.0372,,,,,,,
517edb9d2be14368685cc9f6184e9afe-148,0.015,True,no_light_for_ego,41.6,348.7,1173,0.0,0.0,1.0,stop_controlled,83.6,507.4,2238,1.0,0.0,ego_may_go,115.7,756.2,3247,0.2689,0.7311,none_ahead,79.3,502.2,2218,0.989,0.0,0.011,clear,31.4,342.8,1158,0.0,1.0,hold,105.0,993.0,4298,1.0,0.0,hold,128.6,994.6,4372,0.9996,0.0004,left_pass,99.6,756.9,3274,0.8804,0.1192,0.0004,C,43.2,355.0,1395,0.0953,0.0002,0.9045,0.0,0.0,hold,134.9,1026.1,4437,1.0,0.0,0.0,0.0,go,125.1,991.5,4384.0,0.3772,0.0009,0.6219
52debd0ac3545259e0be8fd3ce7a55ae-149,8.282,True,no_light_for_ego,42.9,337.5,1173,0.0,0.0,1.0,stop_controlled,79.2,439.4,2238,0.9047,0.0953,ego_may_go,120.8,569.4,3247,0.0028,0.9972,moving_lead,63.9,397.5,2218,0.2093,0.06,0.7307,clear,32.4,228.8,1158,0.0,1.0,go,116.7,809.3,4304,0.0,1.0,go,138.8,761.9,4381,0.0,1.0,clear_lane,103.9,597.3,3274,0.3158,0.0157,0.6685,C,36.6,264.9,1396,0.0,0.0,1.0,0.0,0.0,go,146.1,799.4,4438,0.0,0.0307,0.1768,0.7924,,,,,,,
53ce363ce589d19f746a296cd8d81dff-149,4.19,True,no_light_for_ego,40.5,217.1,1173,0.0,0.0141,0.9859,not_stop_controlled,80.8,406.3,2238,0.0293,0.9707,ego_may_go,112.2,570.4,3247,0.2018,0.7982,moving_lead,75.5,392.3,2218,0.0757,0.0018,0.9225,clear,32.3,236.0,1158,0.0,1.0,go,122.7,807.3,4304,0.0001,0.9999,go,135.8,752.8,4381,0.0,1.0,left_pass,102.6,591.1,3274,0.924,0.0758,0.0002,E,40.8,264.1,1404,0.001,0.0001,0.0123,0.3165,0.6701,follow,125.6,813.8,4446,0.0,0.0116,0.4942,0.4942,,,,,,,
54a8d79d034d3de050a3f29351499731-149,12.394,True,green_for_ego,48.9,214.1,1173,0.0086,0.9912,0.0002,not_stop_controlled,70.7,394.3,2238,0.1824,0.8176,others_first,111.8,562.6,3247,0.6514,0.3486,moving_lead,82.7,399.2,2218,0.3775,0.0,0.6225,clear,42.1,233.3,1158,0.0,1.0,go,130.1,806.7,4304,0.0025,0.9975,go,137.2,797.7,4382,0.0,1.0,left_pass,111.6,602.7,3274,0.9796,0.0179,0.0024,C,49.3,224.8,1405,0.0007,0.0,0.9993,0.0,0.0,go,139.6,782.4,4447,0.0,0.0,0.0015,0.9985,,,,,,,
54ffe398e8fb92efed7a075db5d6c900-148,9.244,True,no_light_for_ego,33.5,203.0,1173,0.0,0.0,1.0,not_stop_controlled,71.5,402.2,2238,0.0,1.0,ego_may_go,104.5,563.9,3247,0.0032,0.9968,moving_lead,71.3,395.0,2218,0.0373,0.0009,0.9618,clear,34.8,232.7,1158,0.0,1.0,go,122.7,810.8,4304,0.0,1.0,go,137.7,764.5,4381,0.0,1.0,left_pass,93.1,592.0,3274,0.7054,0.0351,0.2595,C,35.3,269.5,1404,0.0001,0.0,0.9999,0.0,0.0,follow,120.0,823.4,4446,0.0,0.0,0.9047,0.0953,,,,,,,
567443cab762895c5a05acc838764f96-149,7.17,True,no_light_for_ego,44.4,219.3,1173,0.0,0.0,1.0,not_stop_controlled,72.7,405.2,2238,0.0,1.0,ego_may_go,95.9,547.1,3247,0.0046,0.9954,moving_lead,72.3,401.1,2218,0.0949,0.0047,0.9004,clear,36.4,235.0,1158,0.0,1.0,go,128.8,806.7,4304,0.0,1.0,go,134.0,769.8,4381,0.0,1.0,left_pass,97.3,594.9,3274,0.9094,0.0453,0.0453,C,37.7,268.7,1404,0.018,0.0002,0.9819,0.0,0.0,go,128.0,816.1,4446,0.0,0.0001,0.3208,0.6791,,,,,,,
56b5fdaf0b6abda95b809a8b8ef7499d-148,2.707,True,red_or_yellow_for_ego,42.4,275.0,1173,1.0,0.0,0.0,stop_controlled,80.9,506.0,2238,0.9526,0.0474,others_first,119.6,748.7,3247,0.9841,0.0159,moving_lead,67.5,503.4,2218,0.0001,0.018,0.9819,clear,50.5,320.7,1158,0.0,1.0,hold,126.5,1008.1,4304,0.8176,0.1824,hold,129.1,1007.9,4384,1.0,0.0,left_pass,115.4,764.6,3274,0.9578,0.0371,0.005,C,56.6,377.4,1407,0.0004,0.0001,0.9994,0.0001,0.0,hold,132.7,1027.8,4449,0.982,0.018,0.0,0.0,,,,,,,
575dc7d103bdc7ad5cf2da07a7debfb7-148,12.89,True,no_light_for_ego,44.4,336.1,1173,0.0,0.0006,0.9994,not_stop_controlled,76.8,496.9,2238,0.0,1.0,ego_may_go,130.9,758.5,3247,0.0474,0.9526,none_ahead,69.7,544.2,2218,0.6225,0.0,0.3775,clear,51.1,338.8,1158,0.0,1.0,go,144.5,1020.1,4304,0.0,1.0,go,149.3,995.2,4378,0.0,1.0,clear_lane,114.9,761.5,3274,0.0052,0.0012,0.9936,C,70.5,382.2,1393,0.0,0.0,1.0,0.0,0.0,go,147.3,1019.5,4435,0.0,0.0,0.3208,0.6792,,,,,,,
577a51942e9ff88f992e0d123f5781d2-149,6.067,True,no_light_for_ego,42.8,335.5,1173,0.0,0.0,1.0,not_stop_controlled,86.6,535.7,2238,0.0,1.0,ego_may_go,121.3,746.9,3247,0.0003,0.9997,none_ahead,87.3,512.0,2218,0.9999,0.0,0.0,clear,35.8,339.3,1158,0.0,1.0,go,121.0,1020.2,4304,0.0,1.0,go,138.1,1025.6,4378,0.0,1.0,left_pass,122.1,746.8,3274,0.982,0.018,0.0,C,59.6,376.3,1401,0.0,0.0,1.0,0.0,0.0,go,132.5,1038.9,4443,0.0,0.2187,0.018,0.7633,,,,,,,
57e34daab2df82dfd78edad9dfc8d56d-147,0.102,True,no_light_for_ego,42.8,339.7,1173,0.0,0.0,1.0,stop_controlled,81.6,556.3,2238,1.0,0.0,ego_may_go,111.2,757.1,3247,0.0086,0.9914,moving_lead,96.0,502.5,2218,0.0,0.0,1.0,clear,47.7,330.3,1158,0.0,1.0,hold,145.5,1013.5,4298,0.9991,0.0009,hold,148.2,1011.5,4375,0.9399,0.0601,clear_lane,130.5,765.9,3274,0.1472,0.0057,0.8471,C,65.2,372.7,1390,0.0,0.0,1.0,0.0,0.0,hold,144.4,1026.0,4432,0.9932,0.0001,0.0,0.0067,go,150.9,1052.6,4387.0,0.0019,0.018,0.9802
57e3f4d557f856f3b40d35329670f58f-149,14.481,True,no_light_for_ego,41.1,337.2,1173,0.0,0.0,1.0,not_stop_controlled,81.1,493.9,2238,0.0,1.0,ego_may_go,124.6,723.7,3247,0.0,1.0,moving_lead,89.3,513.0,2218,0.0,0.0,1.0,clear,47.7,338.2,1158,0.0,1.0,go,132.8,991.6,4304,0.0,1.0,go,135.7,1009.7,4381,0.0,1.0,clear_lane,106.2,756.7,3274,0.0032,0.0006,0.9963,C,48.6,372.5,1396,0.0,0.0,1.0,0.0,0.0,follow,131.8,1057.1,4438,0.0,0.0,0.9998,0.0002,,,,,,,
5934e42d9ea6a90094eff972eb6d7e4d-149,3.137,True,no_light_for_ego,46.1,335.7,1173,0.0,0.0,1.0,not_stop_controlled,75.8,492.7,2238,0.0,1.0,ego_may_go,114.9,737.1,3247,0.0421,0.9579,moving_lead,95.7,490.1,2218,0.3207,0.0004,0.6789,clear,44.8,340.8,1158,0.0,1.0,go,134.6,1008.5,4304,0.0007,0.9993,go,143.6,1060.3,4381,0.0,1.0,left_pass,128.1,771.9,3274,0.9677,0.0292,0.0031,C,39.7,345.8,1404,0.0019,0.0001,0.998,0.0,0.0,follow,138.2,1061.3,4446,0.0,0.1034,0.7639,0.1327,,,,,,,
5a295ea24311b3bbdfbe12130c81fc72-148,0.0,True,no_light_for_ego,32.6,338.9,1173,0.0,0.0,1.0,not_stop_controlled,88.8,521.8,2238,0.0086,0.9914,ego_may_go,118.9,744.8,3247,0.0052,0.9948,none_ahead,85.3,498.7,2218,1.0,0.0,0.0,clear,43.1,326.4,1158,0.0,1.0,hold,130.0,1023.5,4298,1.0,0.0,go,130.7,1037.9,4372,0.0052,0.9948,clear_lane,107.6,764.8,3274,0.287,0.1056,0.6075,C,42.1,366.7,1387,0.0,0.0,1.0,0.0,0.0,hold,123.6,1048.6,4429,0.9426,0.0,0.0105,0.0469,go,144.2,1036.1,4384.0,0.0,0.0,1.0
5a71aee52b4764ceb8c0bef7f3e3a6c9-148,24.809,True,no_light_for_ego,21.5,330.0,1173,0.0,0.0,1.0,not_stop_controlled,67.6,534.9,2238,0.0,1.0,ego_may_go,99.7,745.4,3247,0.0,1.0,moving_lead,70.0,515.9,2218,0.3208,0.0,0.6792,clear,31.5,343.4,1158,0.0,1.0,go,112.4,1042.7,4304,0.0,1.0,go,116.0,1016.5,4381,0.0,1.0,clear_lane,69.2,766.7,3274,0.0052,0.001,0.9938,C,40.4,370.9,1396,0.0,0.0,1.0,0.0,0.0,follow,117.2,1013.4,4438,0.0,0.0,0.9997,0.0003,,,,,,,
5bd709de87eefe502ced9de49e3fd918-148,0.001,True,no_light_for_ego,33.4,342.9,1173,0.0014,0.0758,0.9229,not_stop_controlled,67.1,502.9,2238,0.0,1.0,others_first,86.6,740.7,3247,0.5312,0.4688,none_ahead,71.0,533.4,2218,1.0,0.0,0.0,crossing,31.4,339.0,1158,1.0,0.0,hold,115.7,1013.6,4298,0.9988,0.0012,hold,113.5,1010.8,4373,0.9985,0.0015,left_pass,93.0,760.5,3274,0.4942,0.0116,0.4942,B,59.0,345.9,1396,0.1819,0.8154,0.0012,0.0012,0.0002,hold,135.5,1019.9,4438,0.9397,0.0002,0.0,0.0601,hold,110.5,1019.9,4385.0,0.9972,0.0019,0.0009
5bef8f2e82697e56d4151d1462088b90-149,0.008,True,no_light_for_ego,44.8,335.8,1173,0.0,0.0,1.0,not_stop_controlled,92.3,519.7,2238,0.0759,0.9241,ego_may_go,114.3,745.4,3247,0.0086,0.9914,none_ahead,82.2,506.7,2218,0.9999,0.0001,0.0,clear,49.2,340.9,1158,0.0,1.0,hold,131.4,1005.1,4298,1.0,0.0,hold,113.6,1020.8,4372,0.9399,0.0601,left_pass,109.2,752.2,3274,0.7767,0.0008,0.2225,C,55.9,375.1,1395,0.0,0.0002,0.9998,0.0,0.0,hold,148.5,1033.8,4437,0.9984,0.0,0.0001,0.0015,go,143.1,1007.1,4384.0,0.0032,0.0004,0.9964
5c1bfbe96f5d1b4f0aa8684d52e1785a-148,7.256,True,no_light_for_ego,47.0,337.8,1173,0.0,0.0,1.0,not_stop_controlled,81.9,542.5,2238,0.0009,0.9991,ego_may_go,116.6,764.9,3247,0.023,0.977,none_ahead,76.6,515.4,2218,0.5502,0.0213,0.4285,clear,49.2,338.2,1158,0.0,1.0,go,127.7,1019.0,4304,0.0,1.0,go,128.6,1037.5,4378,0.0,1.0,left_pass,115.8,749.7,3274,0.5986,0.0383,0.3631,C,52.0,376.7,1401,0.0,0.0,1.0,0.0,0.0,go,140.3,1024.2,4443,0.0,0.0001,0.1192,0.8807,,,,,,,
5ca4bdec47a8ba33a309cb4329b1ac1c-149,0.0,True,red_or_yellow_for_ego,44.7,339.4,1173,0.9979,0.0002,0.0019,not_stop_controlled,85.1,489.7,2238,0.1824,0.8176,others_first,108.5,759.5,3247,0.5622,0.4378,moving_lead,78.7,506.6,2218,0.0229,0.0019,0.9752,clear,45.6,326.8,1158,0.0,1.0,hold,122.8,995.6,4298,1.0,0.0,hold,142.5,992.1,4378,1.0,0.0,clear_lane,121.8,751.7,3274,0.0137,0.0227,0.9636,C,58.6,381.7,1393,0.0,0.0,1.0,0.0,0.0,hold,140.4,1015.1,4435,1.0,0.0,0.0,0.0,hold,118.3,1032.6,4390.0,1.0,0.0,0.0
5cc285613c15ac5d461d3bdcdb2654a4-149,6.708,True,no_light_for_ego,42.5,337.0,1173,0.0,0.0,1.0,not_stop_controlled,75.9,549.6,2238,0.148,0.852,ego_may_go,118.3,755.1,3247,0.0,1.0,none_ahead,93.4,508.3,2218,1.0,0.0,0.0,clear,44.8,337.4,1158,0.0,1.0,go,138.4,1014.6,4304,0.0,1.0,go,131.3,1003.0,4378,0.0,1.0,left_pass,110.0,756.6,3274,0.9988,0.0012,0.0,C,69.2,377.8,1401,0.0012,0.0009,0.9979,0.0,0.0,go,149.2,1025.8,4443,0.0,0.2786,0.1316,0.5898,,,,,,,
5e61404cdfb88a1ebb21d3ed21ca02e0-149,5.708,True,no_light_for_ego,44.1,337.6,1173,0.0,0.0,1.0,not_stop_controlled,86.3,548.4,2238,0.0,1.0,ego_may_go,124.1,749.5,3247,0.0097,0.9903,none_ahead,100.1,507.7,2218,0.5283,0.1513,0.3204,clear,31.4,343.1,1158,0.0,1.0,go,140.6,999.3,4304,0.0,1.0,go,135.6,1009.6,4378,0.0,1.0,left_pass,102.3,766.8,3274,0.9953,0.0032,0.0015,C,65.8,375.3,1401,0.0373,0.0007,0.962,0.0,0.0,go,143.7,1039.0,4443,0.0,0.0024,0.011,0.9866,,,,,,,
5e9e4deffd43523dedb6156f04a230b1-148,10.109,True,green_for_ego,46.4,334.2,1173,0.0,1.0,0.0,not_stop_controlled,84.6,547.8,2238,0.0373,0.9627,ego_may_go,120.1,754.5,3247,0.0005,0.9995,none_ahead,74.2,513.8,2218,0.9998,0.0,0.0002,clear,55.9,339.0,1158,0.0,1.0,go,129.9,1010.4,4304,0.0,1.0,go,130.3,1019.5,4378,0.0,1.0,left_pass,105.7,763.9,3274,0.5587,0.4351,0.0062,C,54.6,376.0,1401,0.0,0.0,0.9985,0.0015,0.0,go,133.3,1048.3,4443,0.0,0.0,0.0002,0.9998,,,,,,,
5ea58c8c2fb10923193ec01997c48735-149,13.559,True,red_or_yellow_for_ego,43.4,337.6,1173,0.9819,0.0001,0.018,not_stop_controlled,73.8,500.0,2238,0.1192,0.8808,ego_may_go,114.1,748.8,3247,0.0076,0.9924,none_ahead,72.1,496.0,2218,0.9933,0.0,0.0067,clear,45.5,335.0,1158,0.0,1.0,go,138.4,984.9,4304,0.0015,0.9985,go,132.7,993.1,4380,0.0474,0.9526,left_pass,108.4,760.9,3274,0.9991,0.0009,0.0,C,61.4,377.7,1403,0.3406,0.0976,0.5616,0.0001,0.0,follow,147.0,1044.6,4445,0.0001,0.1316,0.5898,0.2786,,,,,,,
5f00a03431807e0808773563fe4b344c-148,5.29,True,no_light_for_ego,46.6,335.3,1173,0.0,0.0015,0.9985,not_stop_controlled,84.5,534.9,2238,0.0,1.0,ego_may_go,121.5,748.4,3247,0.018,0.982,moving_lead,88.9,506.3,2218,0.0032,0.0,0.9968,clear,49.3,341.0,1158,0.0,1.0,go,141.8,1005.4,4304,0.0,1.0,go,137.7,1032.9,4381,0.0,1.0,clear_lane,101.6,762.1,3274,0.3631,0.0383,0.5986,C,68.1,373.9,1396,0.0,0.0,1.0,0.0,0.0,follow,136.0,1026.3,4438,0.0,0.0,0.9627,0.0373,,,,,,,
5f0d91d9bebc6af381629682682edcf8-148,21.41,True,no_light_for_ego,43.4,340.0,1173,0.0,0.0,1.0,not_stop_controlled,76.5,482.5,2238,0.0,1.0,ego_may_go,123.2,725.5,3247,0.0004,0.9996,moving_lead,89.7,507.2,2218,0.0003,0.0,0.9997,clear,47.2,332.5,1158,0.0,1.0,go,147.0,994.6,4304,0.0,1.0,go,146.2,1040.2,4381,0.0,1.0,clear_lane,107.9,744.2,3274,0.011,0.0031,0.9859,C,50.8,376.4,1396,0.0,0.0,1.0,0.0,0.0,follow,138.8,1046.8,4438,0.0,0.0,0.9985,0.0015,,,,,,,
5f7187c1580d8cfca993d0cac63ba6b1-148,8.769,True,no_light_for_ego,50.3,337.7,1173,0.0,0.0,1.0,not_stop_controlled,92.6,510.0,2238,0.0141,0.9859,ego_may_go,113.5,754.5,3247,0.0851,0.9149,moving_lead,83.4,527.0,2218,0.0001,0.0759,0.9241,clear,47.3,335.9,1158,0.0004,0.9996,go,131.6,1001.9,4304,0.0001,0.9999,go,134.1,1012.3,4381,0.0,1.0,left_pass,108.4,760.7,3274,0.9933,0.0067,0.0,A,56.4,375.2,1404,0.6685,0.0157,0.3158,0.0,0.0,follow,130.4,1037.4,4446,0.0,0.0015,0.6215,0.377,,,,,,,
605a964cc30b61fedf8a41bdf130f505-147,6.358,True,red_or_yellow_for_ego,45.5,338.2,1173,0.9706,0.0065,0.0228,not_stop_controlled,82.5,486.8,2238,0.0015,0.9985,others_first,116.4,745.9,3247,0.5622,0.4378,none_ahead,81.1,480.2,2218,1.0,0.0,0.0,clear,49.8,341.2,1158,0.0,1.0,go,140.3,990.0,4304,0.018,0.982,hold,131.5,998.5,4381,0.6792,0.3208,clear_lane,130.7,748.9,3274,0.2679,0.0038,0.7283,C,59.5,378.1,1396,0.0,0.0,1.0,0.0,0.0,go,144.4,1026.6,4438,0.0135,0.0039,0.0367,0.946,,,,,,,
606924060f4d8b8d78a4241f44af9d24-149,2.024,True,no_light_for_ego,44.4,335.3,1173,0.0,0.0,1.0,not_stop_controlled,77.3,542.5,2238,0.0001,0.9999,ego_may_go,122.7,749.4,3247,0.0851,0.9149,moving_lead,82.2,517.3,2218,0.007,0.1811,0.8118,clear,56.6,329.6,1158,0.0,1.0,go,129.4,1001.7,4303,0.0003,0.9997,go,136.7,1044.0,4380,0.0,1.0,left_pass,108.6,757.5,3274,0.9926,0.0067,0.0007,C,58.4,376.0,1403,0.0759,0.0,0.9241,0.0,0.0,go,139.0,1029.6,4445,0.0,0.0069,0.3749,0.6182,,,,,,,
60a492fa895296ec6c1fac483bc400ca-148,5.858,True,no_light_for_ego,44.5,339.9,1173,0.0,0.0,1.0,not_stop_controlled,83.4,493.0,2238,0.0,1.0,ego_may_go,128.0,754.7,3247,0.023,0.977,moving_lead,99.8,529.4,2218,0.0141,0.0009,0.9851,clear,36.0,339.5,1158,0.0,1.0,go,140.2,1022.4,4304,0.0,1.0,go,154.1,989.2,4381,0.0,1.0,left_pass,101.4,759.8,3274,0.8055,0.0148,0.1797,C,61.2,377.0,1404,0.0025,0.0,0.9975,0.0,0.0,follow,142.5,1044.9,4446,0.0,0.0004,0.6222,0.3774,,,,,,,
60d8cd7bcba63512079dd96f6b8fdfab-149,0.0,True,no_light_for_ego,47.3,338.1,1173,0.0,0.0293,0.9707,stop_controlled,77.4,544.7,2238,0.5622,0.4378,others_first,116.4,762.2,3247,0.6225,0.3775,none_ahead,77.5,521.3,2218,0.9526,0.0,0.0474,clear,49.2,334.9,1158,0.0,1.0,hold,146.2,1001.2,4298,0.9968,0.0032,hold,133.3,1005.2,4373,0.9999,0.0001,left_pass,100.8,760.6,3274,0.5502,0.0213,0.4285,C,57.8,376.4,1396,0.0052,0.0001,0.9947,0.0,0.0,hold,139.9,1034.4,4438,1.0,0.0,0.0,0.0,hold,125.7,1025.5,4385.0,0.9887,0.0003,0.011
61347e9ed6061cd0955cb515f2fac982-149,0.024,True,green_for_ego,51.6,333.5,1173,0.0108,0.9714,0.0178,not_stop_controlled,72.5,549.2,2238,0.2227,0.7773,others_first,121.4,747.8,3247,0.6514,0.3486,none_ahead,103.5,498.0,2218,0.9753,0.0108,0.0139,crossing,56.4,328.8,1158,0.6792,0.3208,hold,151.7,989.8,4298,0.9859,0.0141,go,142.5,1008.1,4373,0.011,0.989,left_pass,116.6,763.6,3274,0.9684,0.0292,0.0024,A,52.9,370.5,1396,0.9043,0.045,0.0213,0.0129,0.0166,go,141.2,1040.4,4438,0.0015,0.018,0.0,0.9805,creep,136.4,979.7,4385.0,0.0,0.8808,0.1192
61a2063cc014a36087e3031a2fc5cefc-149,0.629,True,no_light_for_ego,48.6,338.3,1173,0.0,0.0,1.0,stop_controlled,75.3,540.2,2238,1.0,0.0,ego_may_go,124.6,749.3,3247,0.026,0.974,none_ahead,88.4,504.2,2218,0.5622,0.0,0.4378,clear,56.5,330.3,1158,0.0,1.0,hold,133.8,1020.6,4303,0.6225,0.3775,go,137.8,1012.1,4377,0.0012,0.9988,left_pass,105.6,757.8,3274,0.9448,0.0082,0.047,C,49.0,358.1,1400,0.0,0.0,1.0,0.0,0.0,creep,129.3,1058.5,4442,0.0,1.0,0.0,0.0,,,,,,,
622e0fc649b4053ecfd9f35962a55107-149,0.001,True,red_or_yellow_for_ego,50.9,337.1,1173,1.0,0.0,0.0,not_stop_controlled,80.4,508.7,2238,0.3775,0.6225,others_first,125.0,756.7,3247,0.5622,0.4378,stopped_lead,70.4,550.4,2218,0.2688,0.7306,0.0006,clear,52.0,333.7,1158,0.0,1.0,hold,134.4,1029.7,4298,1.0,0.0,hold,134.3,1051.5,4378,1.0,0.0,clear_lane,116.9,749.1,3274,0.0109,0.0066,0.9825,C,53.9,352.8,1393,0.0,0.0,1.0,0.0,0.0,hold,134.8,998.9,4435,1.0,0.0,0.0,0.0,hold,127.1,1066.3,4390.0,1.0,0.0,0.0
62502fb60c74f34c9edf8ad3c7461776-147,0.002,True,no_light_for_ego,45.9,335.0,1173,0.2676,0.0049,0.7275,not_stop_controlled,95.0,529.5,2238,0.0,1.0,others_first,112.6,751.1,3247,0.867,0.133,moving_lead,83.9,528.4,2218,0.0007,0.0,0.9993,clear,51.3,336.4,1158,0.0,1.0,hold,133.5,1006.9,4298,0.9993,0.0007,hold,131.7,1020.0,4376,0.9707,0.0293,clear_lane,113.2,753.7,3274,0.014,0.0051,0.9809,C,65.5,363.0,1391,0.0,0.0,1.0,0.0,0.0,hold,137.8,1011.3,4433,0.9397,0.0,0.0002,0.0601,hold,131.2,1050.0,4388.0,0.914,0.0584,0.0276
62b67666791605074bbbbe60dad987f2-149,4.023,True,red_or_yellow_for_ego,48.3,333.4,1173,1.0,0.0,0.0,stop_controlled,94.8,531.2,2238,0.9526,0.0474,others_first,119.7,751.1,3247,0.852,0.148,stopped_lead,97.2,503.9,2218,0.011,0.7688,0.2203,clear,43.0,331.6,1158,0.0,1.0,hold,128.7,1005.2,4304,0.9933,0.0067,hold,147.5,1020.8,4384,1.0,0.0,left_pass,111.0,768.3,3274,0.9604,0.0372,0.0024,C,49.6,373.2,1407,0.0,0.0,0.9968,0.0032,0.0001,hold,131.9,1040.0,4449,1.0,0.0,0.0,0.0,,,,,,,
62e779c32b94ff46ede44346d94a97f5-149,2.755,True,no_light_for_ego,44.6,341.1,1173,0.0,0.0,1.0,stop_controlled,77.2,550.0,2238,0.9959,0.0041,ego_may_go,115.1,759.9,3247,0.023,0.977,moving_lead,99.1,510.9,2218,0.148,0.0001,0.8518,clear,46.9,332.6,1158,0.0,1.0,go,125.6,1010.1,4304,0.0,1.0,go,136.9,996.1,4381,0.0012,0.9988,left_pass,121.1,766.7,3274,0.7307,0.06,0.2093,C,59.5,374.7,1404,0.0006,0.0,0.9993,0.0002,0.0,creep,140.8,1021.0,4446,0.0,0.9766,0.0004,0.023,,,,,,,
62f0156c7569d3c2e942355b1ae86095-149,0.002,True,no_light_for_ego,46.0,335.9,1173,0.0,0.0,1.0,not_stop_controlled,76.4,503.5,2238,0.1824,0.8176,ego_may_go,125.0,761.6,3247,0.1192,0.8808,none_ahead,72.5,537.3,2218,0.6788,0.0715,0.2497,clear,53.9,331.0,1158,0.0,1.0,hold,148.4,1036.6,4298,1.0,0.0,hold,114.3,1040.8,4372,0.9994,0.0006,clear_lane,95.6,751.8,3274,0.376,0.0042,0.6199,C,76.4,370.9,1387,0.0,0.0,1.0,0.0,0.0,hold,149.3,1034.1,4429,0.9999,0.0,0.0,0.0001,go,111.0,1009.9,4384.0,0.3207,0.0005,0.6789
6321452e4fe9b1bf7883fbba3c521ba7-148,0.0,True,red_or_yellow_for_ego,43.1,340.4,1173,1.0,0.0,0.0,not_stop_controlled,91.3,531.1,2238,0.011,0.989,ego_may_go,122.2,744.5,3247,0.2227,0.7773,moving_lead,80.1,515.0,2218,0.0004,0.0067,0.9929,clear,47.1,339.5,1158,0.0,1.0,hold,130.3,1014.5,4298,1.0,0.0,hold,123.3,1009.4,4377,1.0,0.0,clear_lane,116.8,756.4,3274,0.3177,0.0096,0.6727,C,58.0,379.4,1392,0.0,0.0,1.0,0.0,0.0,hold,136.7,1033.8,4434,1.0,0.0,0.0,0.0,hold,144.9,986.5,4389.0,1.0,0.0,0.0
6405e33c058ad9a32afb89318fedd66e-148,3.164,True,no_light_for_ego,42.8,338.1,1173,0.0,0.0,1.0,not_stop_controlled,78.8,489.2,2238,0.0,1.0,ego_may_go,114.0,738.0,3247,0.1192,0.8808,moving_lead,85.6,482.8,2218,0.0011,0.0758,0.9231,clear,49.2,335.7,1158,0.0,1.0,go,145.1,988.2,4304,0.0,1.0,go,135.8,996.5,4381,0.0,1.0,left_pass,113.3,755.9,3274,0.4373,0.1253,0.4373,C,55.8,370.7,1404,0.0006,0.0,0.9994,0.0001,0.0,follow,131.8,1048.5,4446,0.0,0.0001,0.9914,0.0086,,,,,,,
6490e84a1296de6e49aa008023e40ebb-148,4.007,True,no_light_for_ego,44.2,338.3,1173,0.0,0.0,1.0,not_stop_controlled,81.0,495.4,2238,0.0,1.0,ego_may_go,126.7,761.7,3247,0.0004,0.9996,stopped_lead,93.1,523.5,2218,0.2689,0.731,0.0001,clear,48.0,336.4,1158,0.0,1.0,go,141.8,1024.5,4304,0.0,1.0,hold,151.6,1000.0,4381,0.7311,0.2689,left_pass,107.0,764.8,3274,0.989,0.011,0.0,C,61.3,373.3,1404,0.023,0.0004,0.9764,0.0002,0.0,creep,144.2,1029.7,4446,0.0,0.9041,0.0006,0.0953,,,,,,,
64b8fd1776b95e0e7807fcaa0f452efa-148,4.533,True,no_light_for_ego,53.4,333.8,1173,0.0,0.0,1.0,not_stop_controlled,82.6,493.8,2238,0.148,0.852,ego_may_go,132.3,756.8,3247,0.2451,0.7549,moving_lead,87.7,526.5,2218,0.0032,0.0003,0.9966,clear,51.1,342.9,1158,0.0,1.0,go,137.4,1015.7,4304,0.0,1.0,go,134.9,1008.3,4381,0.0,1.0,left_pass,114.5,756.6,3274,0.8772,0.1187,0.0041,C,68.0,383.6,1404,0.0025,0.0,0.9975,0.0,0.0,follow,143.0,1027.6,4446,0.0,0.001,0.8799,0.1191,,,,,,,
64c3f8ce8c99d46f5ef849049cdc1141-148,0.0,True,green_for_ego,50.0,333.5,1173,0.0,1.0,0.0,not_stop_controlled,78.5,534.6,2238,0.0,1.0,ego_may_go,113.6,759.7,3247,0.0124,0.9876,none_ahead,97.6,520.7,2218,0.6785,0.001,0.3205,clear,56.5,332.6,1158,0.0,1.0,hold,139.4,1004.1,4298,0.9959,0.0041,go,151.1,1004.8,4372,0.0,1.0,left_pass,89.8,754.2,3274,0.9489,0.0472,0.0039,C,57.0,370.1,1395,0.0067,0.0,0.9933,0.0,0.0,go,142.0,1013.1,4437,0.0,0.0,0.0,1.0,go,131.0,1038.5,4384.0,0.0,0.0,1.0
6567b0c95aae8192daea6207ca30f5bd-147,28.845,True,no_light_for_ego,43.2,340.2,1173,0.0,0.0,1.0,not_stop_controlled,87.8,470.2,2238,0.0,1.0,ego_may_go,119.3,736.2,3247,0.0,1.0,moving_lead,92.1,512.0,2218,0.0001,0.0,0.9999,clear,52.5,328.1,1158,0.0,1.0,go,140.1,999.6,4305,0.0,1.0,go,130.9,1006.2,4382,0.0,1.0,clear_lane,111.5,758.4,3274,0.1821,0.1821,0.6357,C,50.0,370.1,1397,0.0,0.0,1.0,0.0,0.0,follow,144.3,1036.6,4439,0.0,0.0,0.9999,0.0001,,,,,,,
65c0ae39052f249ae43d0303243f2fe8-150,16.229,True,no_light_for_ego,44.6,338.8,1173,0.0003,0.0,0.9997,stop_controlled,84.5,541.7,2238,0.9859,0.0141,ego_may_go,128.0,754.2,3247,0.0373,0.9627,none_ahead,88.4,518.6,2218,0.9526,0.0,0.0474,clear,51.4,338.3,1158,0.0,1.0,go,141.9,1011.2,4304,0.0,1.0,go,148.1,1049.3,4378,0.0001,0.9999,left_pass,108.0,730.0,3274,0.9148,0.0102,0.0751,C,51.5,370.3,1401,0.0,0.0,0.9998,0.0002,0.0,creep,149.4,1016.0,4443,0.0003,0.9717,0.0051,0.0229,,,,,,,
67326f1fe036c632fd20b4516d165773-148,1.974,True,no_light_for_ego,42.3,340.4,1173,0.0,0.0,1.0,not_stop_controlled,82.9,542.0,2238,0.0,1.0,ego_may_go,119.5,756.4,3247,0.0007,0.9993,none_ahead,95.7,501.8,2218,0.8991,0.0738,0.0271,clear,49.2,332.8,1158,0.0,1.0,go,143.0,1003.1,4303,0.0601,0.9399,go,132.8,1018.7,4377,0.0,1.0,left_pass,114.4,762.0,3274,0.982,0.018,0.0,C,55.6,373.4,1400,0.0,0.0001,0.9998,0.0,0.0,creep,130.5,1047.2,4442,0.0,0.9302,0.0103,0.0595,,,,,,,
68503f559b4bdc0f537be00af353593f-148,0.0,True,no_light_for_ego,39.1,340.9,1173,0.0,0.0,1.0,stop_controlled,89.6,542.2,2238,1.0,0.0,ego_may_go,119.4,766.3,3247,0.0009,0.9991,moving_lead,95.2,506.4,2218,0.0373,0.0,0.9627,clear,44.8,336.4,1158,0.0,1.0,hold,137.9,997.2,4298,0.982,0.018,hold,114.4,1023.4,4375,0.7773,0.2227,clear_lane,108.7,760.1,3274,0.0067,0.0019,0.9914,C,47.4,367.7,1390,0.0,0.0,1.0,0.0,0.0,hold,137.7,1052.5,4432,0.6787,0.0005,0.0002,0.3206,go,119.9,1007.2,4387.0,0.0109,0.0085,0.9806
68b09b94b75c9d4d713640fe8638b435-149,9.269,True,no_light_for_ego,43.8,336.7,1173,0.0,0.0,1.0,not_stop_controlled,82.9,499.4,2238,0.0001,0.9999,ego_may_go,117.9,751.6,3247,0.0015,0.9985,moving_lead,78.6,490.6,2218,0.0001,0.0,0.9999,clear,50.2,332.3,1158,0.0,1.0,go,131.2,998.6,4304,0.0,1.0,go,124.0,1034.7,4381,0.0,1.0,clear_lane,103.8,756.9,3274,0.0032,0.0015,0.9953,C,57.8,376.0,1396,0.0,0.0,1.0,0.0,0.0,follow,135.6,1028.2,4438,0.0,0.0,0.9399,0.0601,,,,,,,
6946c502b36d439236948ebe25d405e5-150,4.181,True,no_light_for_ego,49.4,338.0,1173,0.0,0.0,1.0,stop_controlled,82.1,543.3,2238,1.0,0.0,ego_may_go,117.1,762.0,3247,0.0474,0.9526,moving_lead,82.4,512.7,2218,0.2673,0.0063,0.7265,clear,47.0,338.0,1158,0.0,1.0,go,139.5,1016.4,4304,0.0019,0.9981,go,152.1,986.2,4381,0.0,1.0,left_pass,109.4,760.8,3274,0.8756,0.0059,0.1185,C,36.2,356.0,1404,0.0,0.0,0.999,0.0009,0.0001,creep,141.8,1063.1,4446,0.0,0.9988,0.0,0.0012,,,,,,,
6996d41c17c2fa5e910d121ee9782c17-149,1.156,True,green_for_ego,51.4,342.0,1173,0.0,1.0,0.0,not_stop_controlled,80.8,492.9,2238,0.0,1.0,others_first,126.9,742.4,3247,0.9325,0.0675,none_ahead,90.3,473.8,2218,0.8175,0.0,0.1824,crossing,54.4,335.3,1158,1.0,0.0,go,141.5,1016.9,4303,0.3208,0.6792,go,128.3,1021.6,4378,0.0,1.0,left_pass,105.5,753.8,3274,0.7979,0.0241,0.178,E,51.1,371.9,1401,0.0001,0.0,0.0002,0.0012,0.9986,go,124.0,1035.8,4443,0.0,0.0001,0.0001,0.9999,,,,,,,
6a0d89c3cf62f67b5c6c8a8d8ffa8dc7-148,0.688,True,no_light_for_ego,43.2,336.4,1173,0.0,0.0,1.0,not_stop_controlled,82.3,539.6,2238,0.0006,0.9994,ego_may_go,119.0,768.5,3247,0.2942,0.7058,moving_lead,82.1,506.1,2218,0.0009,0.0,0.9991,clear,51.4,338.1,1158,0.0,1.0,go,131.7,1012.4,4303,0.0006,0.9994,go,116.9,1019.8,4380,0.0,1.0,clear_lane,116.8,762.5,3274,0.2673,0.0063,0.7265,C,33.8,354.1,1395,0.0,0.0,1.0,0.0,0.0,follow,130.5,1015.8,4437,0.0,0.0,0.6225,0.3775,,,,,,,
6b684ef0d4179b9367a55bf9b7cdc55d-150,8.204,True,no_light_for_ego,41.9,329.9,1173,0.0,0.0,1.0,not_stop_controlled,87.5,528.7,2238,0.0009,0.9991,ego_may_go,115.7,751.2,3247,0.0293,0.9707,moving_lead,86.8,499.4,2218,0.2226,0.0002,0.7771,clear,47.6,334.8,1158,0.0,1.0,go,132.2,1025.8,4304,0.0,1.0,go,139.1,1005.7,4381,0.0,1.0,left_pass,112.2,751.6,3274,0.6509,0.0416,0.3075,C,45.1,366.1,1404,0.0003,0.0002,0.9995,0.0,0.0,follow,129.3,1050.8,4446,0.0,0.0,0.731,0.2689,,,,,,,
6b91e7d3471b70637f17cd8c0c953a09-149,4.986,True,no_light_for_ego,33.5,340.2,1173,0.0,0.0,1.0,not_stop_controlled,86.1,496.7,2238,0.0953,0.9047,ego_may_go,122.7,741.9,3247,0.0097,0.9903,none_ahead,84.4,525.7,2218,0.8417,0.1463,0.012,clear,40.8,345.8,1158,0.0,1.0,go,135.7,994.5,4304,0.0,1.0,go,130.1,1004.9,4378,0.0,1.0,left_pass,104.0,754.0,3274,0.946,0.0367,0.0173,C,56.7,374.2,1401,0.0002,0.0,0.9998,0.0,0.0,go,155.1,1032.9,4443,0.0,0.0064,0.0471,0.9465,,,,,,,
6c5f2a71a41a720105b000ec3b1131e7-148,0.016,True,no_light_for_ego,44.7,319.4,1173,0.0,0.0,1.0,stop_controlled,83.8,407.7,2238,1.0,0.0,ego_may_go,110.6,586.1,3247,0.0534,0.9466,none_ahead,74.7,393.1,2218,1.0,0.0,0.0,clear,42.1,230.6,1158,0.0,1.0,hold,121.4,812.5,4298,1.0,0.0,hold,137.9,747.8,4372,0.9991,0.0009,left_pass,105.6,565.7,3274,0.9935,0.0025,0.0041,C,51.7,231.8,1395,0.0,0.0002,0.9998,0.0,0.0,hold,130.5,781.0,4437,1.0,0.0,0.0,0.0,go,118.6,819.6,4384.0,0.0086,0.0005,0.9909
6c96c45f414e3570f93d29c9c2117d80-148,0.004,True,red_or_yellow_for_ego,39.3,200.0,1173,1.0,0.0,0.0,stop_controlled,71.4,397.7,2238,0.9959,0.0041,others_first,108.3,539.8,3247,0.5622,0.4378,none_ahead,69.0,402.2,2218,0.9764,0.023,0.0006,clear,19.6,221.6,1158,0.0,1.0,hold,125.0,742.1,4298,1.0,0.0,hold,126.5,817.4,4375,1.0,0.0,clear_lane,98.3,542.8,3274,0.0372,0.0039,0.9589,C,44.7,229.6,1390,0.0,0.0,1.0,0.0,0.0,hold,121.9,802.2,4432,1.0,0.0,0.0,0.0,hold,142.3,741.6,4387.0,1.0,0.0,0.0
6ce40e45638c50f276bee2648c74b608-149,0.566,True,no_light_for_ego,31.1,201.0,1173,0.0,0.0,1.0,stop_controlled,92.6,450.2,2238,1.0,0.0,others_first,118.8,604.4,3247,0.8933,0.1067,none_ahead,71.1,402.9,2218,0.939,0.06,0.001,clear,38.7,236.1,1158,0.0,1.0,hold,122.4,811.9,4303,0.5622,0.4378,hold,131.9,756.2,4378,0.9859,0.0141,left_pass,98.5,588.8,3274,0.9968,0.0032,0.0,C,40.4,267.2,1401,0.0138,0.0177,0.968,0.0004,0.0,creep,126.3,815.7,4443,0.3774,0.6223,0.0,0.0003,,,,,,,
6d2556548b36274db8d073ef6c240ace-149,8.449,True,no_light_for_ego,46.3,229.5,1173,0.0,0.0001,0.9999,not_stop_controlled,79.7,394.2,2238,0.0015,0.9985,ego_may_go,120.2,569.9,3247,0.0003,0.9997,none_ahead,82.2,402.5,2218,0.9999,0.0,0.0001,clear,29.7,229.2,1158,0.0,1.0,go,122.8,812.7,4304,0.0,1.0,go,137.6,759.3,4378,0.0,1.0,left_pass,101.3,591.6,3274,0.6708,0.3169,0.0123,C,53.6,264.7,1401,0.0,0.0,1.0,0.0,0.0,go,111.3,817.8,4443,0.0,0.0008,0.1191,0.8801,,,,,,,
6da6d10808633154702c238b489579f2-149,5.937,True,no_light_for_ego,40.8,236.2,1173,0.0,0.0,1.0,not_stop_controlled,67.2,394.2,2238,0.0,1.0,ego_may_go,114.5,581.5,3247,0.0007,0.9993,none_ahead,64.0,401.8,2218,0.9998,0.0,0.0002,clear,37.0,234.8,1158,0.0,1.0,go,122.3,809.0,4304,0.0,1.0,go,131.3,767.7,4378,0.0,1.0,clear_lane,86.2,390.0,3274,0.182,0.0026,0.8155,C,48.5,135.3,1393,0.0,0.0,1.0,0.0,0.0,go,128.6,477.3,4435,0.0,0.0,0.0293,0.9707,,,,,,,
6e73c2f589c607a008e4fd91932d36de-149,12.162,True,no_light_for_ego,26.0,121.6,1173,0.0,0.0,1.0,not_stop_controlled,77.3,230.1,2238,0.0,1.0,ego_may_go,103.0,346.4,3247,0.0022,0.9978,none_ahead,84.3,230.6,2218,0.982,0.0,0.018,clear,34.0,121.7,1158,0.0,1.0,go,121.8,465.5,4304,0.0,1.0,go,134.7,474.9,4378,0.0,1.0,left_pass,94.4,346.8,3274,0.9241,0.0759,0.0,C,29.7,135.3,1401,0.0,0.0003,0.9703,0.0293,0.0,follow,110.5,476.5,4443,0.0,0.0002,0.4999,0.4999,,,,,,,
6eea094dcdafb7b521a5b4f210e98556-148,15.301,True,no_light_for_ego,24.6,121.2,1173,0.0,0.0032,0.9968,not_stop_controlled,72.6,230.1,2238,0.0,1.0,ego_may_go,92.0,346.6,3247,0.0067,0.9933,moving_lead,72.3,229.8,2218,0.0,0.0,1.0,clear,30.9,121.2,1158,0.0,1.0,go,124.9,465.2,4304,0.0,1.0,go,116.3,474.1,4381,0.0,1.0,left_pass,96.5,346.9,3274,0.8806,0.0266,0.0928,C,30.6,134.5,1404,0.0,0.0,1.0,0.0,0.0,follow,118.8,475.3,4446,0.0,0.0,0.9627,0.0373,,,,,,,
70a5a1a0881dc89625434d15b7919660-148,0.0,True,green_for_ego,26.8,121.4,1173,0.0,0.9707,0.0293,not_stop_controlled,72.3,229.9,2238,0.0293,0.9707,others_first,106.5,346.5,3247,0.7311,0.2689,moving_lead,67.9,230.2,2218,0.0108,0.0139,0.9753,clear,38.6,122.5,1158,0.0,1.0,hold,119.6,463.7,4298,0.9999,0.0001,go,113.1,474.4,4376,0.0,1.0,clear_lane,82.7,347.8,3274,0.4285,0.0213,0.5502,C,32.6,136.0,1391,0.0,0.0,1.0,0.0,0.0,go,111.2,478.3,4433,0.0,0.0,0.0,1.0,go,85.2,473.5,4388.0,0.0,0.0067,0.9933
710f3838dd1c3647ec4487d18e28fd05-149,0.0,True,no_light_for_ego,35.1,120.9,1173,0.0,0.0006,0.9994,not_stop_controlled,76.1,230.1,2238,0.0601,0.9399,others_first,105.8,346.7,3247,0.5927,0.4073,moving_lead,69.0,230.3,2218,0.0083,0.037,0.9547,clear,22.8,121.9,1158,0.0,1.0,hold,126.2,515.7,4298,1.0,0.0,hold,121.8,674.3,4376,0.9933,0.0067,left_pass,85.4,518.3,3274,0.9626,0.0373,0.0001,C,38.9,235.4,1399,0.1192,0.0003,0.8805,0.0,0.0,hold,116.2,701.9,4441,0.8566,0.0703,0.0027,0.0703,hold,112.2,661.1,4388.0,0.9883,0.0086,0.0031
73022731324e5f62ce985f3fd31702ae-148,8.172,True,no_light_for_ego,31.4,205.8,1173,0.0,0.0,1.0,stop_controlled,74.7,336.4,2238,0.9997,0.0003,ego_may_go,120.4,476.8,3247,0.0759,0.9241,none_ahead,77.3,361.8,2218,0.6848,0.119,0.1962,clear,43.8,217.9,1158,0.0,1.0,go,138.7,685.4,4304,0.0,1.0,go,125.1,684.3,4378,0.0003,0.9997,left_pass,97.6,503.8,3274,0.8979,0.0447,0.0574,C,34.8,215.2,1401,0.0,0.0,0.9999,0.0,0.0,creep,122.8,719.4,4443,0.0004,0.7976,0.0241,0.178,,,,,,,
7331710f59abdde8b10bce1c48d49b3f-147,7.575,True,no_light_for_ego,25.1,205.9,1173,0.0,0.0,1.0,not_stop_controlled,61.9,317.7,2238,0.0019,0.9981,ego_may_go,103.7,510.0,3247,0.0,1.0,moving_lead,57.5,359.6,2218,0.0001,0.0,0.9999,clear,44.3,217.7,1158,0.0,1.0,go,106.4,708.1,4304,0.0,1.0,go,131.2,689.1,4381,0.0,1.0,clear_lane,91.0,502.9,3274,0.0,0.0,1.0,C,38.1,217.0,1396,0.0,0.0,1.0,0.0,0.0,follow,133.0,704.7,4438,0.0,0.0,0.9985,0.0015,,,,,,,
739995ffe7e93704a67c13b280195052-149,10.851,True,green_for_ego,38.4,213.2,1173,0.0,0.9991,0.0009,not_stop_controlled,70.8,341.4,2238,0.0006,0.9994,others_first,111.9,491.8,3247,0.5312,0.4688,moving_lead,85.1,359.1,2218,0.011,0.0001,0.9889,clear,43.4,219.7,1158,0.0,1.0,go,114.2,694.8,4304,0.0001,0.9999,go,118.1,669.7,4382,0.0,1.0,clear_lane,100.3,491.7,3274,0.0179,0.0021,0.9799,C,45.6,243.2,1397,0.0,0.0,1.0,0.0,0.0,go,127.0,674.1,4439,0.0,0.0,0.0003,0.9997,,,,,,,
74cf0a3e1a537277b1258a683de98b4f-149,0.056,True,no_light_for_ego,30.0,198.0,1173,0.0,0.0,1.0,not_stop_controlled,68.9,333.9,2238,0.0,1.0,ego_may_go,104.7,502.0,3247,0.0,1.0,none_ahead,68.7,352.6,2218,1.0,0.0,0.0,clear,41.0,194.5,1158,0.0,1.0,hold,118.0,700.7,4298,1.0,0.0,go,115.7,689.5,4372,0.1192,0.8808,clear_lane,93.4,495.4,3274,0.0,0.0,1.0,C,45.1,244.5,1387,0.0,0.0,1.0,0.0,0.0,hold,134.6,668.2,4429,0.9967,0.0,0.0032,0.0001,go,117.1,687.9,4384.0,0.0,0.0,1.0
758d558fd6217582d6601940af85c5cb-148,1.127,True,no_light_for_ego,33.7,181.0,1173,0.0,0.0,1.0,not_stop_controlled,77.0,340.5,2238,0.0,1.0,ego_may_go,107.6,493.1,3247,0.0373,0.9627,none_ahead,63.6,366.3,2218,0.496,0.008,0.496,clear,31.7,208.2,1158,0.0,1.0,go,125.3,676.4,4303,0.0,1.0,go,116.6,693.3,4377,0.0,1.0,left_pass,93.6,506.2,3274,0.928,0.036,0.036,C,44.1,238.5,1400,0.0041,0.0019,0.993,0.0002,0.0009,go,114.4,697.9,4442,0.0,0.3039,0.0528,0.6433,,,,,,,
75c6ed420afbb9713f97bdc97efdc668-148,0.0,True,no_light_for_ego,32.3,185.0,1173,0.0,0.0,1.0,not_stop_controlled,74.1,343.8,2238,0.0,1.0,ego_may_go,105.6,493.0,3247,0.0001,0.9999,moving_lead,63.4,329.7,2218,0.018,0.0003,0.9818,clear,34.3,196.2,1158,0.0,1.0,hold,116.1,683.4,4298,0.9859,0.0141,go,125.2,712.9,4375,0.0067,0.9933,left_pass,100.1,498.7,3274,0.8979,0.0574,0.0447,A,39.5,240.2,1398,0.9398,0.0001,0.0601,0.0,0.0,hold,130.9,684.4,4440,0.838,0.012,0.0044,0.1456,go,124.7,678.4,4387.0,0.0029,0.0756,0.9214
765acc0b1eb861ad34441c1d873688b9-150,2.2,True,red_or_yellow_for_ego,41.5,209.0,1173,1.0,0.0,0.0,stop_controlled,112.3,338.0,2238,1.0,0.0,others_first,132.9,520.6,3247,0.9797,0.0203,none_ahead,95.7,347.1,2218,0.9397,0.0002,0.0601,clear,48.0,217.9,1158,0.0,1.0,hold,157.3,654.8,4304,1.0,0.0,hold,119.8,726.0,4381,1.0,0.0,left_pass,132.8,501.7,3274,0.9999,0.0001,0.0,C,58.4,238.8,1404,0.0,0.0007,0.9992,0.0001,0.0,hold,159.5,689.1,4446,1.0,0.0,0.0,0.0,,,,,,,
774c537b284a58c77de4106b1c190117-148,0.38,True,red_or_yellow_for_ego,51.8,220.6,1173,0.9706,0.0065,0.0228,not_stop_controlled,100.1,362.2,2238,0.0,1.0,ego_may_go,136.8,510.8,3247,0.4378,0.5622,moving_lead,87.6,333.2,2218,0.0346,0.0732,0.8922,clear,43.9,216.7,1158,0.0141,0.9859,hold,154.3,713.5,4298,0.9998,0.0002,hold,139.7,690.4,4377,0.9998,0.0002,left_pass,118.6,505.2,3274,0.9704,0.0293,0.0003,C,46.7,241.1,1400,0.0601,0.0,0.9399,0.0,0.0,hold,161.0,721.5,4442,0.9985,0.0,0.0,0.0015,hold,173.2,712.3,4389.0,0.9997,0.0002,0.0001
7778a955774e2e7fdbc59c4d0cdbe274-149,2.31,True,red_or_yellow_for_ego,46.6,213.0,1173,0.9225,0.0018,0.0757,not_stop_controlled,102.6,337.9,2238,0.0052,0.9948,others_first,128.9,512.6,3247,0.9579,0.0421,none_ahead,85.1,330.7,2218,0.9347,0.0056,0.0598,crossing,42.8,195.5,1158,0.7311,0.2689,hold,155.4,660.0,4304,0.8808,0.1192,hold,143.5,717.6,4381,0.9998,0.0002,clear_lane,122.9,513.3,3274,0.168,0.0793,0.7527,C,55.7,240.1,1396,0.0,0.0207,0.8805,0.0059,0.0928,hold,164.6,685.5,4438,0.9835,0.014,0.0,0.0024,,,,,,,
77f3730f92afb56e73c0a650a1f846a7-149,6.115,True,no_light_for_ego,46.0,202.5,1173,0.0,0.0,1.0,not_stop_controlled,102.4,323.8,2238,0.0,1.0,ego_may_go,138.7,511.1,3247,0.0373,0.9627,moving_lead,72.1,323.4,2218,0.0007,0.0,0.9993,clear,37.7,196.2,1158,0.0,1.0,go,131.1,707.1,4304,0.0,1.0,go,125.6,700.2,4381,0.0,1.0,clear_lane,91.6,503.5,3274,0.1962,0.119,0.6848,C,44.9,244.4,1396,0.0,0.0,1.0,0.0,0.0,follow,146.2,664.3,4438,0.0,0.0,0.9399,0.0601,,,,,,,
7854e250a1043af72519707e793680b1-149,0.459,True,red_or_yellow_for_ego,40.2,172.8,1173,0.8976,0.0078,0.0946,not_stop_controlled,76.0,351.6,2238,0.4378,0.5622,others_first,109.5,489.7,3247,0.9669,0.0331,moving_lead,76.9,362.3,2218,0.0601,0.0,0.9399,clear,44.3,220.1,1158,0.0001,0.9999,hold,123.0,672.3,4298,0.9999,0.0001,hold,128.0,678.3,4378,1.0,0.0,left_pass,100.4,498.1,3274,0.7214,0.0132,0.2654,C,41.1,238.3,1401,0.4375,0.0001,0.5618,0.0005,0.0,hold,126.5,685.7,4443,0.9999,0.0,0.0,0.0001,hold,120.5,661.5,4390.0,1.0,0.0,0.0
7ad8f335c9fef5efec345675d4518593-148,0.02,True,no_light_for_ego,35.6,184.3,1173,0.0,0.0,1.0,stop_controlled,63.3,358.0,2238,0.989,0.011,ego_may_go,110.7,496.3,3247,0.0331,0.9669,none_ahead,82.4,360.3,2218,0.7527,0.0793,0.168,clear,43.5,218.3,1158,0.0,1.0,hold,123.5,683.4,4298,1.0,0.0,hold,112.9,673.0,4372,0.9988,0.0012,left_pass,97.9,518.7,3274,0.6509,0.0416,0.3075,C,47.6,214.8,1395,0.3763,0.0033,0.6204,0.0,0.0,hold,124.3,711.7,4437,1.0,0.0,0.0,0.0,go,135.9,719.1,4384.0,0.0946,0.0078,0.8976
7b8691c4f37a4cd81d7675068ff09058-149,0.709,True,no_light_for_ego,38.6,194.0,1173,0.0,0.0,1.0,not_stop_controlled,77.4,350.2,2238,0.0,1.0,ego_may_go,106.4,493.2,3247,0.0015,0.9985,stopped_lead,70.3,330.5,2218,0.2203,0.7688,0.011,clear,42.7,182.0,1158,0.0,1.0,go,155.4,706.0,4303,0.0004,0.9996,hold,138.8,675.4,4380,0.5622,0.4378,left_pass,104.7,490.6,3274,0.6154,0.0113,0.3733,C,45.7,233.9,1403,0.2687,0.0009,0.7304,0.0,0.0,creep,124.0,692.5,4445,0.0001,0.9588,0.0039,0.0372,,,,,,,
7cf9eee8001e0e5821725f1665fa8ed9-148,0.395,True,no_light_for_ego,38.6,183.7,1173,0.0,0.0,1.0,stop_controlled,80.2,347.8,2238,1.0,0.0,ego_may_go,109.0,488.3,3247,0.4073,0.5927,stopped_lead,73.0,328.4,2218,0.0067,0.9902,0.0032,clear,44.1,205.2,1158,0.0,1.0,hold,131.2,690.2,4298,0.9998,0.0002,hold,123.7,722.9,4375,0.9999,0.0001,left_pass,112.1,519.7,3274,0.874,0.0921,0.0339,C,52.9,218.5,1398,0.0001,0.0,0.9999,0.0,0.0,hold,138.2,707.4,4440,0.9997,0.0003,0.0,0.0,hold,133.7,704.1,4387.0,0.9776,0.0085,0.0139
7deba62759cbbac95e741a5c527ef932-148,5.254,True,no_light_for_ego,40.4,198.4,1173,0.0,0.0,1.0,not_stop_controlled,69.9,365.0,2238,0.0,1.0,ego_may_go,107.7,511.6,3247,0.0141,0.9859,moving_lead,81.5,329.0,2218,0.0001,0.0,0.9999,clear,43.9,207.5,1158,0.0,1.0,go,129.9,714.3,4304,0.0,1.0,go,138.1,725.1,4381,0.0,1.0,left_pass,93.6,508.3,3274,0.859,0.0705,0.0705,C,49.2,218.9,1404,0.0012,0.0,0.9988,0.0,0.0,follow,122.8,730.6,4446,0.0,0.0,0.8519,0.148,,,,,,,
7e48ec16336b9dc510949dcd6e965a8d-148,0.778,True,no_light_for_ego,39.3,212.9,1173,0.0,0.0,1.0,stop_controlled,70.4,337.2,2238,1.0,0.0,others_first,110.0,510.5,3247,0.852,0.148,moving_lead,84.7,352.9,2218,0.1732,0.2224,0.6045,clear,39.7,209.2,1158,0.0293,0.9707,go,131.6,681.4,4303,0.0601,0.9399,hold,125.7,726.8,4381,0.8176,0.1824,left_pass,107.2,513.5,3274,0.9045,0.0742,0.0213,C,39.8,222.3,1404,0.0009,0.0001,0.9989,0.0001,0.0,creep,127.9,729.7,4446,0.0001,0.9997,0.0,0.0002,,,,,,,
7f520c7a75e8e9b8ab885a2a0a7ab5b4-149,7.144,True,red_or_yellow_for_ego,39.4,221.1,1173,1.0,0.0,0.0,not_stop_controlled,78.3,344.0,2238,0.0293,0.9707,ego_may_go,103.6,514.3,3247,0.1192,0.8808,stopped_lead,77.6,362.6,2218,0.0,0.7773,0.2227,clear,43.0,210.2,1158,0.0,1.0,hold,135.5,706.5,4304,0.9991,0.0009,hold,124.7,718.0,4383,1.0,0.0,left_pass,98.8,501.8,3274,0.874,0.0921,0.0339,C,37.9,215.7,1406,0.0001,0.0,0.9999,0.0,0.0,hold,120.7,719.8,4448,1.0,0.0,0.0,0.0,,,,,,,
7fea97ea9925fa30eac073cb0fff6d9a-150,4.694,True,no_light_for_ego,42.2,204.3,1173,0.0,0.0,1.0,not_stop_controlled,66.5,371.1,2238,0.0032,0.9968,ego_may_go,104.9,505.6,3247,0.0097,0.9903,none_ahead,64.5,344.2,2218,1.0,0.0,0.0,clear,40.8,207.3,1158,0.0,1.0,go,127.0,721.2,4304,0.0,1.0,go,132.0,715.8,4378,0.0,1.0,left_pass,105.6,515.2,3274,0.4942,0.0116,0.4942,C,65.7,235.0,1401,0.0,0.0,1.0,0.0,0.0,go,130.8,683.0,4443,0.0,0.003,0.0599,0.9371,,,,,,,
7ff16a5def1effbc5a017cc9b063b9de-149,5.785,True,red_or_yellow_for_ego,31.1,189.3,1173,1.0,0.0,0.0,not_stop_controlled,71.5,333.7,2238,0.0759,0.9241,ego_may_go,114.9,487.6,3247,0.3775,0.6225,moving_lead,67.7,324.5,2218,0.0052,0.0005,0.9942,clear,49.3,187.6,1158,0.0,1.0,go,123.7,706.4,4304,0.0032,0.9968,go,135.2,684.1,4383,0.4378,0.5622,left_pass,108.0,515.8,3274,0.6433,0.0528,0.3039,C,42.6,237.7,1406,0.0019,0.0002,0.9979,0.0,0.0,creep,132.4,686.6,4448,0.0005,0.5614,0.0976,0.3405,,,,,,,
800692ff67909e7d79fadbb2849c71ce-147,0.868,True,no_light_for_ego,38.5,173.1,1173,0.0,0.0,1.0,not_stop_controlled,80.8,350.2,2238,0.0953,0.9047,ego_may_go,110.7,488.6,3247,0.0036,0.9964,none_ahead,69.6,325.2,2218,0.9994,0.0001,0.0006,clear,49.3,182.4,1158,0.0,1.0,go,125.3,719.9,4303,0.0032,0.9968,go,151.7,717.2,4377,0.0,1.0,left_pass,107.0,517.8,3274,0.4955,0.0091,0.4955,C,57.8,232.7,1400,0.0,0.0,0.9999,0.0,0.0,go,146.2,695.9,4442,0.0,0.1091,0.0849,0.806,,,,,,,
801a330a4f575841d82bd5200e2c4fb2-149,6.703,True,green_for_ego,40.4,188.0,1173,0.0,0.5,0.5,not_stop_controlled,73.7,363.7,2238,0.0,1.0,ego_may_go,116.0,524.9,3247,0.0008,0.9992,moving_lead,54.2,346.1,2218,0.0474,0.0002,0.9524,clear,40.7,209.6,1158,0.0,1.0,go,128.4,682.3,4304,0.0,1.0,go,120.7,734.7,4381,0.0,1.0,clear_lane,104.9,517.6,3274,0.3662,0.0301,0.6037,C,49.2,216.1,1396,0.0,0.0,1.0,0.0,0.0,go,126.0,729.8,4438,0.0,0.0,0.0041,0.9959,,,,,,,
8153b57ce578c9a06aee465fa068d92b-150,0.0,True,no_light_for_ego,38.9,215.1,1173,0.0,0.0,1.0,not_stop_controlled,70.4,336.8,2238,0.0007,0.9993,ego_may_go,120.2,524.6,3247,0.0015,0.9985,stopped_lead,73.4,355.4,2218,0.1177,0.8699,0.0124,clear,48.5,206.3,1158,0.0,1.0,hold,130.3,731.8,4298,1.0,0.0,hold,123.5,724.0,4375,1.0,0.0,left_pass,92.1,516.2,3274,0.9377,0.0599,0.0023,C,53.5,225.2,1398,0.0002,0.0271,0.8988,0.0738,0.0,hold,131.6,698.5,4440,0.9996,0.0,0.0003,0.0,hold,121.3,710.2,4387.0,0.9889,0.0001,0.011
82004c600b321c4166d783ef9e4d73ea-149,0.003,True,no_light_for_ego,40.2,212.5,1173,0.0,0.0,1.0,not_stop_controlled,76.3,358.9,2238,0.0067,0.9933,ego_may_go,121.8,500.8,3247,0.0025,0.9975,none_ahead,70.6,331.3,2218,1.0,0.0,0.0,clear,44.0,193.9,1158,0.0,1.0,hold,128.7,700.9,4298,1.0,0.0,hold,125.2,723.5,4372,0.9948,0.0052,left_pass,108.3,505.5,3274,0.6655,0.0201,0.3144,C,46.2,236.3,1395,0.0,0.0,1.0,0.0,0.0,hold,126.0,703.3,4437,0.998,0.0,0.0,0.0019,go,127.9,706.8,4384.0,0.2226,0.0003,0.7771
8228b95c0742bfa88e3920d54d7706cc-149,10.113,True,no_light_for_ego,37.5,186.1,1173,0.0,0.0,1.0,not_stop_controlled,78.4,348.1,2238,0.0001,0.9999,ego_may_go,108.1,515.4,3247,0.0293,0.9707,moving_lead,71.1,323.7,2218,0.0007,0.0141,0.9852,clear,45.0,196.8,1158,0.0,1.0,go,117.6,714.9,4304,0.0,1.0,go,136.5,691.1,4381,0.0,1.0,right_pass,97.7,509.4,3274,0.3045,0.391,0.3045,C,52.3,226.9,1404,0.0,0.0,0.9241,0.0759,0.0,follow,136.1,679.8,4446,0.0,0.0,0.9047,0.0953,,,,,,,
826556d8ec227436f6e027174866a2dc-150,6.35,True,no_light_for_ego,39.0,173.5,1173,0.0,0.0,1.0,not_stop_controlled,74.0,352.4,2238,0.0,1.0,ego_may_go,109.4,492.6,3247,0.018,0.982,moving_lead,71.3,336.9,2218,0.0086,0.0013,0.9901,clear,42.9,188.7,1158,0.0,1.0,go,125.2,707.3,4304,0.0,1.0,go,112.6,702.4,4381,0.0,1.0,clear_lane,108.3,504.8,3274,0.178,0.0241,0.7979,C,43.7,245.7,1396,0.0,0.0,1.0,0.0,0.0,follow,133.7,688.1,4438,0.0,0.0,0.9627,0.0373,,,,,,,
82a788aa8d0e911d173468d7a5679e76-148,3.404,True,red_or_yellow_for_ego,40.0,175.6,1173,0.998,0.0001,0.0019,stop_controlled,80.7,345.1,2238,0.852,0.148,others_first,123.1,478.4,3247,0.9859,0.0141,moving_lead,71.3,330.2,2218,0.0024,0.011,0.9866,clear,45.3,181.9,1158,0.0067,0.9933,hold,127.5,707.5,4304,0.8176,0.1824,hold,124.4,687.6,4384,1.0,0.0,left_pass,103.5,514.9,3274,0.9525,0.0474,0.0001,C,45.6,240.4,1407,0.011,0.0001,0.9888,0.0001,0.0,hold,133.6,678.1,4449,0.9975,0.0025,0.0,0.0,,,,,,,
82bb6d727a575e5b71cd35db29ff909b-148,0.573,True,no_light_for_ego,46.0,188.2,1173,0.0,0.0,1.0,not_stop_controlled,76.5,330.7,2238,0.0006,0.9994,ego_may_go,120.6,479.8,3247,0.0013,0.9987,none_ahead,75.0,365.1,2218,1.0,0.0,0.0,clear,48.5,220.3,1158,0.0,1.0,hold,120.4,686.1,4303,0.852,0.148,go,131.5,675.0,4377,0.0,1.0,left_pass,98.9,517.0,3274,0.9991,0.0009,0.0,C,50.2,233.0,1400,0.2676,0.0049,0.7275,0.0,0.0,creep,120.0,723.9,4442,0.0,0.8502,0.0021,0.1477,,,,,,,
834524fa8c7db08a52e196f548493618-149,2.451,True,no_light_for_ego,30.8,218.0,1173,0.0,0.0,1.0,not_stop_controlled,75.9,321.7,2238,0.0,1.0,ego_may_go,111.6,512.5,3247,0.0032,0.9968,stopped_lead,64.6,350.1,2218,0.0071,0.7259,0.267,clear,42.8,196.1,1158,0.0,1.0,go,119.6,705.7,4304,0.0025,0.9975,go,120.2,716.0,4381,0.4378,0.5622,left_pass,104.2,514.4,3274,0.7109,0.0276,0.2615,A,49.1,239.0,1404,0.562,0.0003,0.4377,0.0,0.0,creep,134.5,682.9,4446,0.0,0.9921,0.0012,0.0067,,,,,,,
83adcd95fbe56e9859b14315d34ca356-147,0.369,True,red_or_yellow_for_ego,37.2,176.3,1173,1.0,0.0,0.0,stop_controlled,78.3,343.8,2238,1.0,0.0,others_first,115.9,487.5,3247,0.5927,0.4073,none_ahead,72.2,338.4,2218,1.0,0.0,0.0,crossing,42.7,176.9,1158,0.9985,0.0015,hold,123.8,708.3,4298,1.0,0.0,hold,128.8,694.4,4375,1.0,0.0,left_pass,103.4,498.2,3274,0.9933,0.0067,0.0,A,58.5,227.0,1398,0.3816,0.1404,0.2315,0.1803,0.0663,hold,122.8,690.6,4440,1.0,0.0,0.0,0.0,hold,123.6,684.7,4387.0,1.0,0.0,0.0
83d76ae8fc7fb5089bd355fa5a1cade9-150,16.237,True,no_light_for_ego,38.3,179.4,1173,0.0,0.0,1.0,not_stop_controlled,72.9,350.3,2238,0.0,1.0,ego_may_go,104.9,498.7,3247,0.0293,0.9707,moving_lead,69.2,326.0,2218,0.0,0.0,1.0,clear,51.0,184.6,1158,0.0,1.0,go,116.9,710.1,4304,0.0,1.0,go,123.8,709.2,4381,0.0,1.0,clear_lane,91.5,486.8,3274,0.3662,0.0301,0.6037,C,53.4,212.1,1396,0.0,0.0,1.0,0.0,0.0,follow,120.8,726.8,4438,0.0,0.0,0.9981,0.0019,,,,,,,
83e7141b826051844adc3e6372d67ad1-148,1.683,True,red_or_yellow_for_ego,32.3,218.4,1173,1.0,0.0,0.0,not_stop_controlled,74.0,328.5,2238,0.0293,0.9707,ego_may_go,105.2,513.6,3247,0.0293,0.9707,none_ahead,71.5,345.8,2218,1.0,0.0,0.0,clear,44.7,197.2,1158,0.0,1.0,hold,120.1,708.6,4303,0.9399,0.0601,hold,107.0,715.0,4379,0.9959,0.0041,clear_lane,103.0,514.6,3274,0.0139,0.0108,0.9753,C,60.4,228.7,1394,0.0,0.0,1.0,0.0,0.0,hold,129.8,683.6,4436,0.675,0.0058,0.0003,0.3189,,,,,,,
845032ecea8502abc8bcfb630d05513e-148,2.116,True,no_light_for_ego,27.7,189.7,1173,0.0,0.0,1.0,stop_controlled,59.3,366.4,2238,0.8176,0.1824,others_first,90.4,511.1,3247,0.8933,0.1067,moving_lead,79.9,363.7,2218,0.0,0.0,1.0,crossing,47.6,222.7,1158,0.852,0.148,go,125.7,693.2,4304,0.011,0.989,hold,142.1,717.5,4382,0.9047,0.0953,left_pass,107.5,511.6,3274,0.9235,0.0758,0.0007,C,54.2,213.1,1405,0.4223,0.0047,0.5423,0.027,0.0037,creep,140.5,724.0,4447,0.0003,0.997,0.0002,0.0025,,,,,,,
855ded48da96a5e438341cb7d54764e6-148,3.172,True,no_light_for_ego,38.6,197.0,1173,0.0,0.0,1.0,stop_controlled,69.4,354.9,2238,0.977,0.023,ego_may_go,116.0,485.7,3247,0.2689,0.7311,none_ahead,80.8,367.0,2218,1.0,0.0,0.0,clear,49.6,219.9,1158,0.0001,0.9999,go,122.6,687.2,4304,0.0041,0.9959,go,109.4,685.3,4378,0.0293,0.9707,left_pass,78.0,508.4,3274,0.9994,0.0006,0.0,C,50.5,240.4,1401,0.4376,0.0005,0.5619,0.0,0.0,creep,136.2,680.7,4443,0.0015,0.9969,0.0001,0.0015,,,,,,,
85bb879b7b5c804d37182c0749dbf61a-148,0.001,True,no_light_for_ego,37.5,184.3,1173,0.0,0.0,1.0,stop_controlled,77.7,396.7,2238,0.9991,0.0009,ego_may_go,119.0,579.6,3247,0.0534,0.9466,none_ahead,75.7,384.6,2218,1.0,0.0,0.0,crossing,48.3,237.5,1158,0.9933,0.0067,hold,134.7,737.7,4298,1.0,0.0,hold,129.2,762.0,4372,0.9975,0.0025,left_pass,107.6,558.4,3274,0.9382,0.0018,0.06,C,62.6,263.7,1395,0.0013,0.0336,0.8663,0.0913,0.0075,hold,150.6,780.6,4437,0.9958,0.0041,0.0,0.0001,go,161.7,740.9,4384.0,0.0528,0.3039,0.6433
85fee823d4b998f5c966e756355a4477-148,0.421,True,red_or_yellow_for_ego,42.0,212.2,1173,1.0,0.0,0.0,not_stop_controlled,87.5,388.6,2238,0.0,1.0,ego_may_go,121.9,563.2,3247,0.0203,0.9797,none_ahead,72.6,365.5,2218,1.0,0.0,0.0,clear,55.2,224.4,1158,0.0,1.0,hold,135.8,729.5,4298,1.0,0.0,hold,129.2,769.2,4374,1.0,0.0,clear_lane,102.7,571.9,3274,0.0006,0.0001,0.9994,C,49.4,273.0,1389,0.0,0.0,1.0,0.0,0.0,hold,134.2,778.7,4431,1.0,0.0,0.0,0.0,hold,123.7,774.3,4386.0,1.0,0.0,0.0
86320ad09f69467fbf38a207d47673de-148,0.02,True,no_light_for_ego,40.8,228.2,1173,0.0,0.0,1.0,stop_controlled,77.1,407.1,2238,1.0,0.0,ego_may_go,103.6,556.6,3247,0.0474,0.9526,none_ahead,91.5,391.4,2218,0.4045,0.4045,0.1911,clear,50.1,233.0,1158,0.0,1.0,hold,136.5,724.2,4298,1.0,0.0,hold,130.4,751.6,4372,0.9914,0.0086,clear_lane,105.6,582.7,3274,0.2654,0.0132,0.7214,C,50.5,263.0,1387,0.0,0.0,1.0,0.0,0.0,hold,140.1,777.0,4429,0.9975,0.0,0.0,0.0025,go,135.4,745.9,4384.0,0.0019,0.0004,0.9976
873fd468da9da7d67e3a6a4d7fe0a37c-150,2.651,True,red_or_yellow_for_ego,40.6,220.3,1173,0.9944,0.0003,0.0052,not_stop_controlled,87.7,397.2,2238,0.0,1.0,others_first,120.3,570.5,3247,0.6225,0.3775,moving_lead,74.3,378.0,2218,0.0004,0.0,0.9996,clear,48.0,235.5,1158,0.0,1.0,go,128.8,737.3,4304,0.3208,0.6792,hold,115.5,759.1,4384,0.989,0.011,clear_lane,112.9,576.2,3274,0.287,0.1056,0.6075,C,56.1,264.5,1399,0.0,0.0,1.0,0.0,0.0,go,129.3,779.3,4441,0.1626,0.268,0.002,0.5674,,,,,,,
8840b05d1f8c4ab742c7f5240172ad97-148,10.99,True,no_light_for_ego,42.3,229.8,1173,0.0,0.0,1.0,not_stop_controlled,70.2,386.7,2238,0.0,1.0,ego_may_go,114.3,564.0,3247,0.0015,0.9985,none_ahead,82.5,389.3,2218,1.0,0.0,0.0,clear,49.0,234.5,1158,0.0,1.0,go,139.0,718.2,4304,0.0,1.0,go,134.1,766.5,4378,0.0,1.0,left_pass,103.9,578.9,3274,0.9914,0.0086,0.0,C,53.4,280.3,1401,0.0015,0.0,0.9918,0.0067,0.0,follow,135.3,776.8,4443,0.0,0.0,0.6224,0.3775,,,,,,,
886e67d0373bd803094d1fa840651695-148,2.578,True,no_light_for_ego,36.7,235.5,1173,0.0,0.0,1.0,not_stop_controlled,75.4,404.4,2238,0.0041,0.9959,ego_may_go,108.7,560.5,3247,0.148,0.852,moving_lead,86.4,387.6,2218,0.0,0.0001,0.9999,clear,46.1,238.3,1158,0.0,1.0,go,129.0,734.5,4304,0.0,1.0,go,131.3,769.2,4381,0.0,1.0,left_pass,102.5,574.7,3274,0.9647,0.0177,0.0177,C,53.9,252.8,1404,0.0032,0.0006,0.9963,0.0,0.0,follow,127.6,782.5,4446,0.0,0.0019,0.7758,0.2223,,,,,,,
88ae24affc3070ff2380eb79ca250045-149,0.0,True,no_light_for_ego,37.5,241.1,1173,0.0,0.0,1.0,not_stop_controlled,73.7,377.7,2238,0.0001,0.9999,ego_may_go,125.3,568.4,3247,0.2451,0.7549,moving_lead,77.9,403.7,2218,0.018,0.0001,0.9819,clear,54.0,234.0,1158,0.0601,0.9399,hold,135.7,719.3,4298,0.9996,0.0004,go,107.6,757.7,4375,0.0019,0.9981,left_pass,97.2,570.5,3274,0.8726,0.0558,0.0716,D,61.1,262.2,1398,0.0227,0.0002,0.2157,0.753,0.0084,go,137.8,772.1,4440,0.0048,0.075,0.0062,0.914,go,148.9,765.7,4387.0,0.0,0.0293,0.9707
89fad922fb84ece0eca76a54d84df370-148,0.22,True,red_or_yellow_for_ego,37.5,244.5,1173,1.0,0.0,0.0,not_stop_controlled,87.7,397.0,2238,0.3775,0.6225,others_first,110.6,572.4,3247,0.9047,0.0953,moving_lead,76.8,387.3,2218,0.0001,0.0015,0.9984,clear,49.4,230.8,1158,0.3775,0.6225,hold,124.7,742.6,4298,0.9999,0.0001,hold,132.0,763.5,4378,1.0,0.0,left_pass,81.1,559.2,3274,0.8438,0.1142,0.042,C,47.6,237.2,1401,0.0066,0.0019,0.9776,0.0139,0.0,hold,135.7,763.7,4443,0.995,0.0041,0.0,0.0009,hold,130.6,755.6,4390.0,0.9959,0.0041,0.0001
8b16f219ceb4188dc4410620c606a260-149,1.876,True,no_light_for_ego,35.8,232.3,1173,0.0,0.0,1.0,not_stop_controlled,91.4,359.4,2238,0.148,0.852,others_first,113.2,558.6,3247,0.6225,0.3775,stopped_lead,73.8,383.3,2218,0.0002,0.6791,0.3208,crossing,54.9,224.4,1158,0.9914,0.0086,go,132.6,732.0,4303,0.1192,0.8808,hold,133.6,759.1,4381,0.9933,0.0067,left_pass,102.1,561.9,3274,0.924,0.0759,0.0001,A,59.2,262.0,1404,0.9964,0.0015,0.0015,0.0002,0.0004,creep,137.3,772.7,4446,0.0002,0.9909,0.0003,0.0086,,,,,,,
8b6660a0653c8339753d8db89299e308-148,0.084,True,no_light_for_ego,44.5,236.3,1173,0.0,0.0,1.0,stop_controlled,77.1,411.3,2238,0.9959,0.0041,ego_may_go,103.2,562.2,3247,0.0159,0.9841,moving_lead,82.3,395.3,2218,0.0474,0.0002,0.9524,clear,47.4,237.5,1158,0.0,1.0,hold,133.4,728.8,4298,0.9996,0.0004,hold,120.0,762.7,4375,0.9859,0.0141,left_pass,102.7,570.2,3274,0.5922,0.0486,0.3592,C,44.5,234.2,1398,0.1824,0.0001,0.8174,0.0,0.0,hold,120.9,719.5,4440,0.9936,0.0052,0.0,0.0012,go,142.3,760.3,4387.0,0.0391,0.1753,0.7856
8f314f77db89aa0ed942ef1b0e0b27bc-150,7.992,True,green_for_ego,39.3,218.9,1173,0.0,0.9997,0.0003,not_stop_controlled,76.5,387.3,2238,0.0003,0.9997,ego_may_go,107.9,520.0,3247,0.0025,0.9975,none_ahead,81.8,348.6,2218,0.9999,0.0,0.0001,clear,48.1,189.7,1158,0.0,1.0,go,128.3,698.8,4304,0.0,1.0,go,150.4,735.2,4378,0.0,1.0,left_pass,104.2,556.0,3274,0.9959,0.0041,0.0,A,48.6,268.7,1401,0.676,0.0046,0.3193,0.0001,0.0,go,138.8,783.7,4443,0.0,0.0,0.0002,0.9998,,,,,,,
8f8d0a6d38a096c93301d38ec509e1fd-147,2.825,True,no_light_for_ego,41.0,220.8,1173,0.0,0.0,1.0,not_stop_controlled,78.9,400.0,2238,0.0,1.0,ego_may_go,113.3,564.5,3247,0.2018,0.7982,none_ahead,81.9,379.5,2218,0.9993,0.0003,0.0003,clear,44.3,230.2,1158,0.0,1.0,go,134.8,731.4,4304,0.0474,0.9526,go,124.6,774.5,4378,0.0,1.0,left_pass,101.1,579.3,3274,0.9975,0.0025,0.0,A,59.7,258.6,1401,0.9623,0.0004,0.0373,0.0,0.0,go,129.9,768.6,4443,0.0,0.1463,0.012,0.8417,,,,,,,
90f0dd7e6049d2d441b69208c2ba64c7-148,5.733,True,green_for_ego,40.7,232.3,1173,0.0,1.0,0.0,not_stop_controlled,74.4,410.2,2238,0.0953,0.9047,ego_may_go,103.6,557.7,3247,0.1192,0.8808,none_ahead,89.1,394.1,2218,0.9991,0.0,0.0009,clear,42.6,239.1,1158,0.0,1.0,go,139.0,737.5,4304,0.0009,0.9991,go,133.3,746.4,4378,0.0,1.0,clear_lane,100.0,581.9,3274,0.0597,0.0063,0.934,C,27.5,257.1,1393,0.0,0.0,1.0,0.0,0.0,go,134.7,795.2,4435,0.0,0.0,0.0,1.0,,,,,,,
91098851db250a95a1722cf500538076-149,2.931,True,no_light_for_ego,42.6,244.3,1173,0.0,0.0759,0.9241,not_stop_controlled,84.6,389.3,2238,0.0,1.0,ego_may_go,121.3,558.6,3247,0.026,0.974,moving_lead,93.2,378.7,2218,0.0032,0.0001,0.9967,clear,48.9,228.0,1158,0.0003,0.9997,go,128.4,735.6,4304,0.0,1.0,go,126.7,767.3,4381,0.0,1.0,left_pass,106.5,562.7,3274,0.9046,0.0953,0.0,C,60.3,275.4,1404,0.0008,0.0001,0.8719,0.0716,0.0557,follow,130.5,777.0,4446,0.0,0.0584,0.914,0.0276,,,,,,,
9153c9087daf1a90427913fc5b34c886-148,1.246,True,no_light_for_ego,42.7,228.3,1173,0.0,0.0,1.0,not_stop_controlled,71.2,405.5,2238,0.0052,0.9948,others_first,112.0,544.5,3247,0.9707,0.0293,moving_lead,69.6,406.9,2218,0.0086,0.0,0.9914,clear,46.5,248.9,1158,0.0,1.0,go,129.6,748.5,4303,0.0953,0.9047,go,130.5,763.2,4381,0.0,1.0,left_pass,102.4,575.6,3274,0.7818,0.1358,0.0824,C,46.6,260.4,1404,0.1192,0.0001,0.8808,0.0,0.0,go,144.1,765.3,4446,0.0,0.0363,0.0282,0.9355,,,,,,,
92b3a73baf39affe02df7c62fc105f47-150,0.001,True,no_light_for_ego,36.0,251.3,1173,0.0,0.0,1.0,stop_controlled,79.3,368.7,2238,1.0,0.0,ego_may_go,112.4,560.4,3247,0.2018,0.7982,none_ahead,71.6,373.8,2218,0.8512,0.1479,0.0009,clear,47.8,250.8,1158,0.0,1.0,hold,131.5,760.3,4298,0.9999,0.0001,hold,136.2,759.2,4372,0.7311,0.2689,left_pass,101.9,566.6,3274,0.844,0.0094,0.1467,A,54.9,260.5,1395,0.8519,0.0001,0.148,0.0,0.0,hold,127.6,792.5,4437,1.0,0.0,0.0,0.0,go,125.8,768.4,4384.0,0.0006,0.0003,0.9991
93aa0b16c4a78665dc2d5cd59a0ca44a-149,0.011,True,no_light_for_ego,33.9,252.0,1173,0.0,0.0,1.0,stop_controlled,81.0,378.9,2238,0.9997,0.0003,ego_may_go,107.1,561.1,3247,0.0159,0.9841,moving_lead,75.8,368.6,2218,0.0019,0.0007,0.9974,clear,41.8,234.4,1158,0.0032,0.9968,hold,137.8,768.3,4298,0.9998,0.0002,hold,122.8,776.8,4375,0.9047,0.0953,left_pass,113.6,568.1,3274,0.5548,0.013,0.4321,C,40.6,251.4,1398,0.1476,0.0027,0.8496,0.0,0.0,hold,129.0,792.5,4440,0.9756,0.0179,0.0,0.0066,go,138.7,756.3,4387.0,0.0041,0.2218,0.7741
93b2364898ed9f011c8be36992189132-148,25.449,True,no_light_for_ego,38.7,246.1,1173,0.0,0.0,1.0,not_stop_controlled,86.2,371.9,2238,0.0,1.0,ego_may_go,120.9,573.2,3247,0.0,1.0,moving_lead,73.8,401.6,2218,0.0,0.0,1.0,clear,34.1,245.0,1158,0.0,1.0,go,114.8,748.0,4304,0.0,1.0,go,132.7,752.9,4381,0.0,1.0,clear_lane,101.3,559.0,3274,0.2644,0.0169,0.7187,C,45.3,242.7,1396,0.0,0.0,1.0,0.0,0.0,follow,127.9,796.7,4438,0.0,0.0,0.9999,0.0001,,,,,,,
9418432e8e7fb5dfc34d6517e4e5a41e-148,4.689,True,no_light_for_ego,39.0,225.7,1173,0.0,0.0,1.0,stop_controlled,78.2,404.7,2238,0.9994,0.0006,others_first,110.0,568.8,3247,0.8355,0.1645,none_ahead,82.4,369.0,2218,0.5621,0.0,0.4378,clear,41.8,244.3,1158,0.0,1.0,go,131.9,749.9,4304,0.0759,0.9241,hold,126.3,771.2,4379,0.6792,0.3208,left_pass,103.5,553.4,3274,0.9723,0.0139,0.0139,C,46.2,217.7,1402,0.0,0.0,0.9999,0.0001,0.0,creep,139.0,784.6,4444,0.0025,0.9955,0.0001,0.0019,,,,,,,
9526b433b10847e33db125af036acd94-150,0.002,True,no_light_for_ego,38.5,244.7,1173,0.0,0.0,1.0,stop_controlled,74.2,370.2,2238,1.0,0.0,ego_may_go,110.6,568.2,3247,0.0059,0.9941,none_ahead,74.4,373.5,2218,0.9994,0.0003,0.0003,clear,57.5,240.8,1158,0.0,1.0,hold,137.0,765.5,4298,1.0,0.0,hold,128.0,764.5,4372,0.9981,0.0019,left_pass,105.2,572.3,3274,0.9914,0.0086,0.0,C,39.2,243.0,1395,0.0019,0.0012,0.9962,0.0007,0.0,hold,129.8,808.8,4437,0.9999,0.0001,0.0,0.0,go,131.6,752.3,4384.0,0.0001,0.0,0.9999
95aad68ad5531c1764066a71c4093238-149,3.157,True,no_light_for_ego,38.7,244.6,1173,0.0,0.0,1.0,stop_controlled,83.1,388.8,2238,0.5,0.5,ego_may_go,117.1,561.5,3247,0.0601,0.9399,moving_lead,88.7,407.2,2218,0.0008,0.0025,0.9967,clear,42.4,231.9,1158,0.0,1.0,go,138.5,740.0,4304,0.0032,0.9968,go,135.9,760.8,4381,0.023,0.977,left_pass,98.9,577.9,3274,0.9574,0.0289,0.0137,A,57.9,264.1,1404,0.9044,0.0003,0.0953,0.0,0.0,creep,134.5,767.8,4446,0.0004,0.9748,0.0019,0.0229,,,,,,,
95cd5b7d9945daff327d79cc169b8328-148,4.265,True,no_light_for_ego,39.8,241.0,1173,0.0,0.0,1.0,not_stop_controlled,84.9,367.7,2238,0.0,1.0,ego_may_go,114.4,565.6,3247,0.0025,0.9975,moving_lead,71.1,380.0,2218,0.2058,0.0757,0.7184,clear,38.4,228.9,1158,0.0,1.0,go,122.7,772.5,4304,0.0,1.0,go,126.9,771.2,4381,0.0,1.0,left_pass,106.8,581.2,3274,0.9689,0.0293,0.0019,C,51.0,267.5,1404,0.0,0.0,0.9999,0.0,0.0,go,126.4,779.0,4446,0.0,0.0001,0.3208,0.6791,,,,,,,
95d5b62454366d5c86c21338889d397b-150,0.006,True,no_light_for_ego,44.8,226.1,1173,0.0,0.0,1.0,stop_controlled,73.6,406.0,2238,1.0,0.0,ego_may_go,103.1,572.6,3247,0.133,0.867,none_ahead,67.0,392.1,2218,1.0,0.0,0.0,clear,43.3,233.1,1158,0.0,1.0,hold,129.1,727.6,4298,0.9981,0.0019,hold,127.8,761.1,4372,0.8176,0.1824,clear_lane,112.5,569.0,3274,0.3075,0.0416,0.6509,C,44.0,250.6,1387,0.0,0.0,1.0,0.0,0.0,hold,132.4,783.3,4429,0.9988,0.0,0.0,0.0012,go,139.6,765.9,4384.0,0.0,0.0,1.0
9638025feb9d9e38fc845740ce94a184-149,2.284,True,no_light_for_ego,34.0,247.9,1173,0.0,0.0,1.0,not_stop_controlled,79.6,383.0,2238,0.0,1.0,ego_may_go,116.8,558.5,3247,0.0059,0.9941,stopped_lead,76.3,380.2,2218,0.1467,0.844,0.0094,clear,45.6,245.0,1158,0.0,1.0,go,131.7,765.4,4304,0.011,0.989,hold,111.9,780.1,4381,0.7311,0.2689,left_pass,98.1,573.6,3274,0.9858,0.0141,0.0001,C,56.0,280.5,1404,0.1478,0.0013,0.8507,0.0002,0.0,creep,130.5,773.4,4446,0.0,0.9618,0.0009,0.0373,,,,,,,
96c1fdb4dd062d8e027d1525d5be5fe6-149,10.386,True,no_light_for_ego,37.6,243.0,1173,0.0,0.0,1.0,not_stop_controlled,80.1,374.6,2238,0.0,1.0,ego_may_go,117.3,568.9,3247,0.0009,0.9991,none_ahead,71.3,367.9,2218,0.8175,0.0,0.1824,clear,47.6,229.3,1158,0.0,1.0,go,130.7,744.1,4304,0.0,1.0,go,126.9,768.3,4378,0.0,1.0,right_pass,112.2,573.6,3274,0.0601,0.9399,0.0,C,57.0,245.5,1401,0.0,0.0,0.8176,0.1824,0.0,go,139.1,793.4,4443,0.0,0.0257,0.3126,0.6618,,,,,,,
9958373d7f370e938afefd45ce177dae-147,0.506,True,no_light_for_ego,39.6,241.8,1173,0.0,0.0,1.0,not_stop_controlled,73.6,369.3,2238,0.0067,0.9933,ego_may_go,112.0,549.6,3247,0.0851,0.9149,moving_lead,75.3,377.2,2218,0.0141,0.0,0.9859,clear,45.6,239.4,1158,0.0,1.0,go,128.3,764.3,4303,0.0002,0.9998,go,109.2,790.2,4380,0.0,1.0,clear_lane,110.6,557.1,3274,0.0591,0.0169,0.924,C,49.5,246.6,1395,0.0,0.0,1.0,0.0,0.0,follow,123.8,788.8,4437,0.0,0.0,0.9046,0.0953,,,,,,,
99a5a9cafdd79ed22e5bdd97aa57757f-149,10.804,True,no_light_for_ego,40.5,249.0,1173,0.0003,0.2226,0.777,not_stop_controlled,87.3,380.7,2238,0.0,1.0,ego_may_go,115.2,573.5,3247,0.0059,0.9941,moving_lead,76.1,376.5,2218,0.0022,0.0019,0.9959,clear,45.5,242.4,1158,0.0,1.0,go,125.7,743.9,4304,0.0,1.0,go,142.7,767.8,4381,0.0,1.0,left_pass,120.0,565.0,3274,0.8214,0.0674,0.1112,C,44.6,245.6,1404,0.0601,0.0,0.9399,0.0,0.0,follow,150.6,794.4,4446,0.0,0.0,0.6792,0.3208,,,,,,,
99dc1a0ccab5acb7c14e16293d3702aa-148,0.03,True,no_light_for_ego,42.0,238.1,1173,0.0,0.0,1.0,stop_controlled,83.0,387.0,2238,1.0,0.0,ego_may_go,124.0,556.8,3247,0.3486,0.6514,none_ahead,80.2,392.3,2218,0.8519,0.0,0.148,clear,47.0,237.2,1158,0.0,1.0,hold,145.2,737.3,4298,0.9985,0.0015,hold,110.8,768.6,4372,0.977,0.023,clear_lane,106.8,559.8,3274,0.0716,0.0558,0.8726,C,38.7,251.9,1387,0.0,0.0,1.0,0.0,0.0,hold,136.9,796.2,4429,1.0,0.0,0.0,0.0,go,133.5,748.7,4384.0,0.0025,0.0001,0.9975
9a4246c135fb7920ea12f859c789d727-149,6.711,True,red_or_yellow_for_ego,38.8,251.4,1173,1.0,0.0,0.0,stop_controlled,83.2,376.9,2238,0.7773,0.2227,ego_may_go,121.5,565.4,3247,0.3775,0.6225,moving_lead,74.5,373.7,2218,0.0,0.0002,0.9998,clear,31.7,243.7,1158,0.0,1.0,go,124.9,775.3,4304,0.0953,0.9047,hold,124.7,773.1,4383,0.9999,0.0001,left_pass,113.6,570.7,3274,0.7664,0.014,0.2196,C,49.0,239.7,1406,0.0,0.0,1.0,0.0,0.0,hold,131.1,798.0,4448,0.9224,0.0757,0.0001,0.0018,,,,,,,
9ac9e56e4ac9c630d35ffca845a8114c-149,1.189,True,no_light_for_ego,39.7,239.3,1173,0.0,0.0,1.0,not_stop_controlled,98.1,368.7,2238,0.0,1.0,ego_may_go,138.5,558.0,3247,0.0032,0.9968,none_ahead,107.2,375.4,2218,0.994,0.0041,0.0019,clear,51.7,225.9,1158,0.0,1.0,go,439.4,733.8,4303,0.018,0.982,go,149.9,753.9,4377,0.0,1.0,left_pass,106.1,564.4,3274,0.9929,0.0067,0.0004,C,50.3,249.9,1400,0.0,0.0,0.9999,0.0001,0.0,go,252.6,790.3,4442,0.0,0.1458,0.0154,0.8389,,,,,,,
9b0d28378699b1ab8bb8e3b65b7f066a-150,0.012,True,no_light_for_ego,88.0,231.2,1173,0.0,0.0,1.0,stop_controlled,227.7,362.2,2238,0.9047,0.0953,ego_may_go,120.2,570.8,3247,0.0534,0.9466,none_ahead,78.5,376.8,2218,1.0,0.0,0.0,clear,38.5,242.5,1158,0.0,1.0,hold,141.3,731.9,4298,0.9999,0.0001,hold,124.2,773.9,4372,0.9526,0.0474,clear_lane,111.3,568.2,3274,0.0067,0.0003,0.993,C,36.0,254.2,1387,0.0,0.0,1.0,0.0,0.0,hold,140.0,788.0,4429,0.9999,0.0,0.0,0.0001,go,131.5,775.3,4384.0,0.0002,0.0041,0.9957
9c13492ad1761f87846b49bf981ba075-149,4.824,True,no_light_for_ego,30.6,247.7,1173,0.0,0.0,1.0,stop_controlled,84.7,379.5,2238,1.0,0.0,others_first,118.5,558.8,3247,0.6225,0.3775,none_ahead,87.6,409.7,2218,0.9046,0.0,0.0953,clear,51.1,234.8,1158,0.0,1.0,go,128.9,732.9,4304,0.011,0.989,hold,111.3,768.6,4379,0.5,0.5,left_pass,85.4,566.2,3274,0.9523,0.0474,0.0003,C,54.6,242.0,1402,0.0,0.0,0.9991,0.0007,0.0001,creep,149.0,793.0,4444,0.0002,0.9958,0.0,0.0041,,,,,,,
9ca90fc638c0508a80db19896eb9b7b6-149,0.613,True,no_light_for_ego,35.7,245.5,1173,0.0,0.0,1.0,not_stop_controlled,81.4,379.7,2238,0.0,1.0,ego_may_go,121.1,557.0,3247,0.0759,0.9241,stopped_lead,81.4,381.8,2218,0.0707,0.5224,0.4069,clear,45.6,248.3,1158,0.0,1.0,go,131.2,742.6,4303,0.0015,0.9985,hold,124.8,763.8,4380,0.852,0.148,left_pass,105.9,566.9,3274,0.6655,0.3144,0.0201,C,47.1,236.4,1403,0.0473,0.0002,0.951,0.0014,0.0,creep,130.4,805.7,4445,0.0,0.9944,0.0003,0.0052,,,,,,,
9ce7b71abce590697765a7cced245b89-148,0.002,True,red_or_yellow_for_ego,36.3,242.6,1173,0.9997,0.0,0.0003,not_stop_controlled,86.3,377.6,2238,0.0001,0.9999,others_first,117.6,565.8,3247,0.6792,0.3208,moving_lead,78.7,374.6,2218,0.0293,0.0004,0.9703,clear,47.0,230.5,1158,0.0,1.0,hold,127.3,758.8,4298,0.9998,0.0002,hold,124.0,784.0,4378,1.0,0.0,clear_lane,93.5,566.0,3274,0.0025,0.0007,0.9968,C,43.6,256.9,1393,0.0,0.0,1.0,0.0,0.0,hold,128.4,748.1,4435,0.9998,0.0,0.0,0.0002,hold,130.7,754.0,4390.0,1.0,0.0,0.0
9d8cce1b82aeaec6173978bf27e1ff9a-148,3.885,True,no_light_for_ego,40.0,223.7,1173,0.0,0.0,1.0,stop_controlled,75.6,393.6,2238,1.0,0.0,ego_may_go,120.8,552.1,3247,0.0001,0.9999,none_ahead,80.4,375.5,2218,1.0,0.0,0.0,clear,42.4,238.9,1158,0.0,1.0,go,159.8,739.6,4304,0.3208,0.6792,go,159.2,762.3,4378,0.0001,0.9999,left_pass,124.0,566.0,3274,0.9879,0.0012,0.011,C,67.5,257.8,1401,0.0,0.0001,0.9999,0.0,0.0,creep,434.3,756.6,4443,0.0,0.9997,0.0,0.0003,,,,,,,
9e4afa858b13564d014d7efca3726fe5-149,4.686,True,no_light_for_ego,52.7,207.3,1173,0.0,0.0,1.0,stop_controlled,138.7,365.3,2238,0.982,0.018,ego_may_go,233.1,561.9,3247,0.011,0.989,stopped_lead,77.8,406.3,2218,0.0,0.9998,0.0002,clear,46.1,235.6,1158,0.0,1.0,go,143.0,740.9,4304,0.0015,0.9985,hold,148.9,794.2,4381,0.9241,0.0759,left_pass,121.0,570.0,3274,0.9525,0.0474,0.0001,C,57.7,250.1,1404,0.0,0.0,0.9966,0.0032,0.0002,creep,147.1,762.4,4446,0.0052,0.9944,0.0,0.0003,,,,,,,
9e5138b436e6ad7ad49cc3273947a1c7-148,0.877,True,no_light_for_ego,52.5,243.6,1173,0.0,0.0,1.0,not_stop_controlled,101.9,379.8,2238,0.2227,0.7773,ego_may_go,138.8,550.4,3247,0.0059,0.9941,none_ahead,97.1,371.3,2218,1.0,0.0,0.0,clear,49.8,251.2,1158,0.0,1.0,go,166.6,751.0,4303,0.0759,0.9241,go,175.8,787.0,4377,0.0,1.0,left_pass,141.8,560.9,3274,0.9933,0.0067,0.0,C,53.7,246.7,1400,0.0,0.0,0.9999,0.0,0.0,creep,139.0,801.6,4442,0.0,0.844,0.0094,0.1467,,,,,,,
9f0296931c4977472fcd23f9ba56d042-150,4.044,True,no_light_for_ego,29.8,240.8,1173,0.0,0.0,1.0,not_stop_controlled,101.2,372.6,2238,0.0,1.0,ego_may_go,126.7,578.0,3247,0.0675,0.9325,moving_lead,111.1,370.9,2218,0.0067,0.0006,0.9927,clear,48.9,237.2,1158,0.0,1.0,go,160.9,738.4,4304,0.0,1.0,go,145.3,789.0,4381,0.0,1.0,left_pass,133.9,558.1,3274,0.9817,0.018,0.0003,C,43.1,255.2,1404,0.0002,0.0,0.9998,0.0,0.0,follow,141.3,797.6,4446,0.0,0.0243,0.4879,0.4879,,,,,,,
9f55d06efe706771bf6e2c590a68e7a5-150,10.131,True,no_light_for_ego,41.2,246.9,1173,0.0,0.0,1.0,not_stop_controlled,98.0,376.4,2238,0.0,1.0,ego_may_go,126.9,567.5,3247,0.0331,0.9669,moving_lead,97.5,377.2,2218,0.0,0.0,1.0,clear,44.6,228.3,1158,0.0,1.0,go,155.7,736.3,4304,0.0,1.0,go,151.8,755.7,4381,0.0,1.0,clear_lane,122.0,570.7,3274,0.0471,0.0064,0.9465,C,52.0,244.8,1396,0.0,0.0,1.0,0.0,0.0,follow,160.5,750.3,4438,0.0,0.0,0.982,0.018,,,,,,,
9f6ee25fa7361c480a6d7bedac6e46bf-149,0.753,True,no_light_for_ego,59.9,211.8,1173,0.0,0.0,1.0,not_stop_controlled,123.1,356.7,2238,0.0,1.0,ego_may_go,146.1,569.5,3247,0.0601,0.9399,stopped_lead,85.1,399.3,2218,0.0102,0.8092,0.1806,clear,46.6,237.8,1158,0.0,1.0,go,154.7,764.4,4303,0.023,0.977,hold,162.2,737.4,4380,0.6792,0.3208,left_pass,106.3,564.6,3274,0.9231,0.0758,0.0011,A,42.1,248.8,1403,0.6224,0.0,0.3775,0.0,0.0,creep,140.1,771.0,4445,0.0,0.9855,0.0004,0.0141,,,,,,,
9fcc91dfc9ae155c479e5ece162a08e6-149,4.151,True,red_or_yellow_for_ego,36.3,234.6,1173,0.9966,0.0003,0.0032,not_stop_controlled,82.5,378.5,2238,0.3775,0.6225,others_first,126.0,568.5,3247,0.5,0.5,moving_lead,75.3,404.9,2218,0.0027,0.0229,0.9743,clear,44.8,236.9,1158,0.0,1.0,go,129.8,744.7,4304,0.0006,0.9994,go,131.9,749.5,4384,0.1824,0.8176,left_pass,97.6,585.3,3274,0.9398,0.0468,0.0134,A,43.0,263.0,1407,0.899,0.0738,0.0271,0.0,0.0,creep,139.2,782.6,4449,0.0,0.5121,0.089,0.3988,,,,,,,
a089800aa672a22a6dcfd0404e82e92b-148,2.127,True,no_light_for_ego,37.5,227.6,1173,0.0,0.0,1.0,not_stop_controlled,77.1,403.6,2238,0.018,0.982,ego_may_go,112.7,569.2,3247,0.0022,0.9978,none_ahead,80.9,367.7,2218,1.0,0.0,0.0,clear,46.8,236.0,1158,0.0,1.0,go,129.1,748.2,4304,0.0953,0.9047,go,138.3,759.5,4378,0.0,1.0,clear_lane,90.5,573.4,3274,0.0006,0.0,0.9994,C,51.8,245.6,1393,0.0,0.0,1.0,0.0,0.0,go,145.7,783.3,4435,0.0,0.0,0.0759,0.9241,,,,,,,
a0e0bf43f0f877e13cb98d70eb482f33-147,0.719,True,green_for_ego,38.9,244.4,1173,0.0,1.0,0.0,not_stop_controlled,94.4,405.3,2238,0.0002,0.9998,ego_may_go,136.6,556.9,3247,0.4378,0.5622,none_ahead,83.5,354.6,2218,1.0,0.0,0.0,clear,41.0,238.0,1158,0.018,0.982,go,151.0,766.6,4303,0.0953,0.9047,go,125.8,785.8,4377,0.0,1.0,left_pass,122.0,561.9,3274,0.9948,0.0041,0.0012,C,54.2,250.1,1400,0.0141,0.0005,0.9854,0.0,0.0,go,151.1,795.6,4442,0.0,0.0,0.0,1.0,,,,,,,
a1a8bf2ad677fe2b594e447affccf186-148,11.713,True,green_for_ego,39.6,251.5,1173,0.0,0.9997,0.0003,not_stop_controlled,95.2,407.0,2238,0.0041,0.9959,ego_may_go,114.0,566.7,3247,0.0022,0.9978,moving_lead,86.7,367.7,2218,0.148,0.0,0.852,clear,36.7,231.5,1158,0.0,1.0,go,151.8,750.3,4304,0.0,1.0,go,158.8,803.8,4381,0.0,1.0,left_pass,116.0,569.0,3274,0.9323,0.0596,0.0081,C,50.5,241.8,1404,0.0067,0.0,0.9933,0.0,0.0,go,145.6,800.0,4446,0.0,0.0,0.0086,0.9914,,,,,,,
a25223f5af6f8b3675b902234855e1ae-149,4.479,True,green_for_ego,37.7,232.8,1173,0.0,0.9997,0.0003,not_stop_controlled,94.1,402.9,2238,0.0032,0.9968,ego_may_go,121.2,566.5,3247,0.1645,0.8355,none_ahead,94.8,361.9,2218,0.9627,0.0,0.0373,clear,48.4,230.7,1158,0.0,1.0,go,139.7,728.7,4304,0.0373,0.9627,go,151.0,743.3,4378,0.0,1.0,left_pass,105.1,556.1,3274,0.9851,0.0141,0.0009,C,66.4,247.4,1401,0.0,0.0,1.0,0.0,0.0,go,130.6,768.2,4443,0.0,0.0001,0.0003,0.9996,,,,,,,
a2fddbadc490132c8c2b1a8a63aaea55-147,7.985,True,no_light_for_ego,38.2,242.2,1173,0.0,0.0,1.0,not_stop_controlled,82.4,372.5,2238,0.1824,0.8176,ego_may_go,113.9,558.9,3247,0.0086,0.9914,moving_lead,66.8,404.7,2218,0.1192,0.0,0.8808,clear,45.9,235.6,1158,0.0,1.0,go,134.6,729.9,4304,0.0,1.0,go,134.4,764.3,4381,0.0,1.0,clear_lane,104.3,583.4,3274,0.0369,0.0106,0.9525,C,52.6,265.6,1396,0.0,0.0,1.0,0.0,0.0,go,139.0,777.3,4438,0.0,0.0,0.2689,0.7311,,,,,,,
a30e34193a7e4cbe64d571417e590fc9-149,7.027,True,green_for_ego,41.5,223.7,1173,0.0038,0.7283,0.2679,not_stop_controlled,83.0,393.9,2238,0.0141,0.9859,others_first,103.6,575.0,3247,0.8808,0.1192,none_ahead,74.2,373.6,2218,0.9999,0.0,0.0001,clear,30.3,241.0,1158,0.0,1.0,hold,131.1,750.6,4304,0.7311,0.2689,go,138.3,759.2,4379,0.0,1.0,left_pass,110.4,567.6,3274,0.6509,0.0416,0.3075,C,47.5,255.4,1402,0.0141,0.0007,0.9852,0.0,0.0,go,131.6,783.6,4444,0.0,0.0,0.0,1.0,,,,,,,
a328c9f6feef422d3f0a8286e13cea61-148,6.233,True,no_light_for_ego,49.1,242.5,1173,0.0,0.0,1.0,not_stop_controlled,94.5,409.0,2238,0.0,1.0,ego_may_go,126.0,562.2,3247,0.0004,0.9996,moving_lead,86.4,375.5,2218,0.0001,0.0,0.9998,clear,44.1,239.4,1158,0.0,1.0,go,146.5,721.3,4304,0.0,1.0,go,145.3,752.9,4381,0.0,1.0,left_pass,120.7,545.8,3274,0.9644,0.0291,0.0065,C,47.6,273.5,1404,0.0086,0.0001,0.9914,0.0,0.0,go,145.6,769.8,4446,0.0,0.0007,0.4375,0.5618,,,,,,,
a32a2ff0ab66bfa7bb0c546fe4b684db-148,3.462,True,no_light_for_ego,44.7,228.7,1173,0.0,0.0,1.0,not_stop_controlled,83.6,402.5,2238,0.0,1.0,ego_may_go,131.5,559.5,3247,0.0097,0.9903,none_ahead,75.6,366.5,2218,0.9998,0.0,0.0002,clear,31.7,240.4,1158,0.0,1.0,go,145.1,741.9,4304,0.0,1.0,go,156.9,764.3,4378,0.0,1.0,clear_lane,119.5,571.0,3274,0.1168,0.0203,0.8629,C,49.9,268.7,1393,0.0,0.0,1.0,0.0,0.0,go,152.4,791.1,4435,0.0,0.0,0.1824,0.8176,,,,,,,
a37a7047090039e5d9ad368e07aee00b-148,9.858,True,red_or_yellow_for_ego,42.0,249.1,1173,0.5622,0.0,0.4378,not_stop_controlled,97.0,373.2,2238,0.3208,0.6792,others_first,135.6,564.2,3247,0.9876,0.0124,moving_lead,93.7,407.2,2218,0.0003,0.0758,0.9239,clear,60.2,230.3,1158,0.0,1.0,go,140.6,735.6,4304,0.0293,0.9707,go,163.3,779.1,4384,0.3775,0.6225,left_pass,110.6,566.5,3274,0.9932,0.0067,0.0001,C,52.7,248.4,1407,0.0141,0.0001,0.9858,0.0,0.0,follow,147.5,800.9,4449,0.0,0.3543,0.5841,0.0616,,,,,,,
a42ade86866dc0cd19ee95eafc1b91c8-148,4.374,True,no_light_for_ego,54.0,239.5,1173,0.0,0.0,1.0,not_stop_controlled,104.2,376.3,2238,0.011,0.989,ego_may_go,129.6,576.2,3247,0.0421,0.9579,stopped_lead,100.6,373.7,2218,0.013,0.5548,0.4321,clear,46.6,236.8,1158,0.0,1.0,go,145.8,755.8,4304,0.0086,0.9914,hold,157.2,795.4,4381,0.9933,0.0067,left_pass,132.7,553.1,3274,0.9997,0.0003,0.0,A,51.0,246.4,1404,0.4999,0.0002,0.4999,0.0,0.0,creep,146.5,794.8,4446,0.0,0.998,0.0,0.0019,,,,,,,
a45e0ced7d86d8413f0b830677bb6c8a-149,0.243,True,no_light_for_ego,35.9,242.7,1173,0.0,0.0,1.0,not_stop_controlled,106.4,367.9,2238,0.0052,0.9948,ego_may_go,131.7,582.8,3247,0.0953,0.9047,moving_lead,98.8,387.6,2218,0.011,0.0,0.989,crossing,45.4,230.4,1158,0.9933,0.0067,hold,145.1,737.4,4298,0.9933,0.0067,go,122.4,739.6,4375,0.0067,0.9933,clear_lane,103.3,572.5,3274,0.0742,0.0213,0.9045,E,54.3,256.1,1390,0.0001,0.0001,0.0616,0.3542,0.584,go,125.7,794.9,4432,0.0138,0.0138,0.0031,0.9693,creep,129.2,750.3,4387.0,0.0001,0.731,0.2689
a4e8d4d0a2421142d86741dddfadd183-149,0.004,True,no_light_for_ego,41.2,243.9,1173,0.0,0.0,1.0,stop_controlled,74.7,360.0,2238,0.9959,0.0041,ego_may_go,113.5,559.0,3247,0.0851,0.9149,none_ahead,78.5,354.3,2218,0.9949,0.0019,0.0032,clear,47.1,217.4,1158,0.0,1.0,hold,126.8,771.9,4298,1.0,0.0,hold,133.9,784.3,4372,0.9988,0.0012,left_pass,106.9,573.6,3274,0.924,0.0169,0.0591,C,45.1,260.5,1395,0.014,0.0051,0.9808,0.0,0.0,hold,132.7,784.4,4437,1.0,0.0,0.0,0.0,go,137.8,772.2,4384.0,0.0086,0.0015,0.9899
a53176b07ad432affda912ef26737f02-149,0.0,True,green_for_ego,49.7,234.7,1173,0.0,1.0,0.0,stop_controlled,76.7,363.2,2238,0.6225,0.3775,ego_may_go,137.0,558.3,3247,0.026,0.974,none_ahead,98.3,364.7,2218,1.0,0.0,0.0,clear,52.6,228.3,1158,0.0,1.0,hold,152.2,743.3,4298,1.0,0.0,go,144.5,800.3,4372,0.0,1.0,clear_lane,110.0,563.6,3274,0.0002,0.0003,0.9995,C,50.4,227.6,1387,0.0,0.0,1.0,0.0,0.0,go,147.1,807.0,4429,0.0141,0.0,0.0001,0.9858,go,143.6,783.7,4384.0,0.0,0.0,1.0
a54a6cab3409c4c47afbe4c2ac48ac90-147,12.514,True,no_light_for_ego,35.2,248.0,1173,0.0,0.0,1.0,not_stop_controlled,105.0,403.9,2238,0.0001,0.9999,ego_may_go,127.5,567.1,3247,0.0421,0.9579,moving_lead,88.4,374.4,2218,0.0,0.0,1.0,clear,48.5,227.5,1158,0.0,1.0,go,152.1,733.8,4304,0.0,1.0,go,167.6,798.7,4381,0.0,1.0,clear_lane,126.1,553.5,3274,0.0041,0.0019,0.994,C,57.0,243.0,1396,0.0,0.0,1.0,0.0,0.0,follow,163.5,787.9,4438,0.0,0.0,0.9933,0.0067,,,,,,,
a5ba29a4926f72fd0c0af6deb83dd19e-148,0.668,True,green_for_ego,44.8,244.9,1173,0.0,1.0,0.0,not_stop_controlled,91.8,405.0,2238,0.0,1.0,ego_may_go,134.5,550.7,3247,0.133,0.867,moving_lead,93.6,365.2,2218,0.0001,0.0,0.9999,clear,53.5,233.4,1158,0.0,1.0,go,141.5,764.0,4303,0.0601,0.9399,go,148.1,785.2,4380,0.0,1.0,clear_lane,120.3,558.2,3274,0.014,0.0024,0.9835,C,52.1,241.2,1395,0.0,0.0,1.0,0.0,0.0,go,153.3,800.3,4437,0.0,0.0,0.0002,0.9998,,,,,,,
a5d5da44ca2387e76b609e06a4166c9c-148,0.005,True,red_or_yellow_for_ego,40.4,243.3,1173,1.0,0.0,0.0,not_stop_controlled,97.5,342.7,2238,0.0,1.0,ego_may_go,122.9,536.5,3247,0.4378,0.5622,none_ahead,84.6,390.9,2218,1.0,0.0,0.0,clear,43.9,215.5,1158,0.0,1.0,hold,139.6,690.0,4298,1.0,0.0,hold,152.2,660.1,4374,1.0,0.0,left_pass,125.6,547.0,3274,0.9993,0.0007,0.0,C,57.0,262.5,1397,0.0373,0.0003,0.9624,0.0,0.0,hold,153.3,754.4,4439,1.0,0.0,0.0,0.0,hold,153.2,718.5,4386.0,1.0,0.0,0.0
a63cf4f1c31e7158997a3cd796efd00d-148,0.004,True,green_for_ego,37.7,249.5,1173,0.0,1.0,0.0,not_stop_controlled,86.8,385.9,2238,0.0,1.0,ego_may_go,116.0,584.8,3247,0.0036,0.9964,moving_lead,90.0,376.2,2218,0.4378,0.0,0.5622,clear,43.0,240.5,1158,0.0,1.0,hold,145.1,740.2,4298,0.9859,0.0141,go,141.1,775.7,4375,0.0,1.0,clear_lane,118.9,564.3,3274,0.0,0.0,1.0,C,52.5,271.1,1390,0.0,0.0,1.0,0.0,0.0,go,153.8,764.5,4432,0.0,0.0,0.0,1.0,go,158.1,733.5,4387.0,0.0,0.0,1.0
a72707e8b188cea7d5724aaf76dda5f3-147,1.223,True,no_light_for_ego,54.6,225.8,1173,0.0,0.0,1.0,stop_controlled,107.3,373.3,2238,1.0,0.0,ego_may_go,140.5,554.3,3247,0.0,1.0,none_ahead,80.8,364.6,2218,1.0,0.0,0.0,clear,43.4,228.0,1158,0.0,1.0,go,149.7,774.3,4303,0.3208,0.6792,go,168.0,790.3,4377,0.0,1.0,clear_lane,137.4,545.8,3274,0.0,0.0,1.0,C,56.1,241.2,1392,0.0,0.0,1.0,0.0,0.0,creep,170.0,794.0,4434,0.0033,0.8148,0.0,0.1818,,,,,,,
a74f33d8e0fb09596367b0ca43075fb3-148,1.232,True,green_for_ego,42.4,234.2,1173,0.0,1.0,0.0,not_stop_controlled,93.4,387.3,2238,0.0004,0.9996,others_first,122.0,569.3,3247,0.5622,0.4378,moving_lead,95.1,399.8,2218,0.0006,0.0009,0.9985,clear,39.0,219.8,1158,0.0002,0.9998,go,144.1,777.2,4303,0.0003,0.9997,go,148.1,769.3,4381,0.0,1.0,clear_lane,130.9,569.5,3274,0.2098,0.346,0.4442,C,52.7,260.3,1396,0.0,0.0,1.0,0.0,0.0,go,157.0,758.5,4438,0.0,0.0,0.0004,0.9996,,,,,,,
a76a3f5e3f18e5fbd41e7edbd0aba23f-148,6.293,True,green_for_ego,54.1,227.9,1173,0.0,0.8176,0.1824,not_stop_controlled,102.2,392.4,2238,0.0,1.0,ego_may_go,136.1,556.6,3247,0.1824,0.8176,moving_lead,94.9,406.0,2218,0.0003,0.0,0.9997,clear,51.0,240.2,1158,0.0,1.0,go,153.0,752.9,4304,0.0,1.0,go,136.9,764.2,4381,0.0,1.0,left_pass,133.7,576.9,3274,0.9914,0.0086,0.0,C,48.5,270.9,1404,0.0,0.0,0.9988,0.0012,0.0,go,167.9,752.6,4446,0.0,0.0,0.0759,0.9241,,,,,,,
a88e825a9624aeceb20e4f3644e0e3fb-150,8.091,True,no_light_for_ego,49.2,223.0,1173,0.0,0.0,1.0,not_stop_controlled,100.0,360.8,2238,0.0,1.0,ego_may_go,136.8,555.3,3247,0.0076,0.9924,moving_lead,82.8,362.3,2218,0.1824,0.0,0.8176,clear,46.0,219.7,1158,0.0,1.0,go,149.7,734.0,4304,0.0,1.0,go,148.0,787.8,4381,0.0,1.0,clear_lane,114.6,566.8,3274,0.0468,0.0134,0.9398,C,37.6,258.0,1396,0.0,0.0,1.0,0.0,0.0,follow,134.9,740.0,4438,0.0,0.0,0.982,0.018,,,,,,,
a9531d2b707f75a117280553930f312d-149,0.821,True,no_light_for_ego,42.8,212.1,1173,0.0,0.0,1.0,stop_controlled,95.0,395.3,2238,0.982,0.018,others_first,131.7,543.0,3247,0.6792,0.3208,moving_lead,89.5,363.3,2218,0.0015,0.0,0.9985,clear,48.8,222.8,1158,0.0,1.0,go,147.3,742.4,4303,0.2689,0.7311,hold,131.9,789.8,4381,0.5,0.5,left_pass,106.2,583.5,3274,0.8806,0.0928,0.0266,A,39.3,262.4,1404,0.5594,0.0048,0.4357,0.0,0.0,creep,140.7,758.9,4446,0.0002,0.975,0.0019,0.0229,,,,,,,
a98593b5f1acd078694542614ac5d55b-148,5.261,True,no_light_for_ego,37.6,227.4,1173,0.0,0.0,1.0,stop_controlled,91.1,369.5,2238,1.0,0.0,ego_may_go,122.2,563.6,3247,0.1824,0.8176,moving_lead,82.0,366.1,2218,0.0002,0.0003,0.9995,clear,45.1,231.2,1158,0.0,1.0,go,141.5,736.8,4304,0.0067,0.9933,go,148.1,757.4,4381,0.0,1.0,left_pass,129.8,566.3,3274,0.9763,0.023,0.0007,A,50.7,259.8,1404,0.499,0.002,0.499,0.0,0.0,creep,164.5,797.2,4446,0.0,0.8166,0.0012,0.1822,,,,,,,
a9acc8c1e39d9a7dd0d78e66544bed54-149,6.159,True,no_light_for_ego,38.7,238.5,1173,0.0,0.0,1.0,stop_controlled,99.0,402.1,2238,0.6225,0.3775,ego_may_go,123.3,569.4,3247,0.0041,0.9959,none_ahead,98.4,373.2,2218,0.8723,0.0097,0.118,clear,33.9,234.0,1158,0.0,1.0,go,134.7,725.8,4304,0.0,1.0,go,148.6,737.9,4378,0.0052,0.9948,clear_lane,109.2,553.3,3274,0.4334,0.0102,0.5564,C,44.8,253.2,1393,0.0,0.0,1.0,0.0,0.0,go,154.6,785.9,4435,0.0007,0.3187,0.0058,0.6747,,,,,,,
a9d28c43ea1d48e94fce413ecf10d17c-148,3.122,True,no_light_for_ego,42.5,237.8,1173,0.0,0.0,1.0,stop_controlled,85.7,402.3,2238,1.0,0.0,ego_may_go,122.4,576.4,3247,0.4073,0.5927,moving_lead,95.3,360.0,2218,0.0953,0.0001,0.9045,clear,49.5,226.9,1158,0.0,1.0,go,141.0,780.7,4304,0.1824,0.8176,go,144.7,783.2,4381,0.0,1.0,left_pass,113.2,577.5,3274,0.8438,0.042,0.1142,C,44.7,249.3,1404,0.0007,0.0009,0.9984,0.0,0.0,creep,131.5,783.3,4446,0.0001,0.9947,0.0,0.0052,,,,,,,
aab389abe0781cf830a7c493de0004df-149,1.037,True,no_light_for_ego,33.1,245.5,1173,0.0,0.0,1.0,not_stop_controlled,79.9,385.9,2238,0.1192,0.8808,ego_may_go,120.5,563.9,3247,0.0203,0.9797,none_ahead,72.0,354.4,2218,0.951,0.0473,0.0016,clear,50.4,238.0,1158,0.0,1.0,go,137.3,759.4,4303,0.1824,0.8176,go,121.7,771.8,4377,0.0,1.0,left_pass,120.2,577.0,3274,0.4803,0.0394,0.4803,C,50.4,272.5,1400,0.0,0.0,1.0,0.0,0.0,go,157.4,773.7,4442,0.0,0.4133,0.0559,0.5307,,,,,,,
ab876b43354b57b3403c25dc94eed31d-148,3.99,True,no_light_for_ego,51.4,188.6,1173,0.0,0.0,1.0,not_stop_controlled,112.0,388.7,2238,0.011,0.989,others_first,111.4,558.6,3247,0.6792,0.3208,none_ahead,101.9,365.9,2218,0.9519,0.0007,0.0474,clear,48.8,225.5,1158,0.0,1.0,go,141.6,742.8,4304,0.0,1.0,go,149.6,791.9,4379,0.0,1.0,clear_lane,120.4,570.9,3274,0.0952,0.2015,0.7033,C,58.7,249.0,1394,0.0,0.0,1.0,0.0,0.0,go,156.5,792.4,4436,0.0,0.0,0.0759,0.9241,,,,,,,
aba7e870d6a1cc00bb132b8f18fd42cd-147,0.922,True,no_light_for_ego,44.8,239.7,1173,0.0,0.0,1.0,not_stop_controlled,98.9,400.7,2238,0.0,1.0,ego_may_go,133.4,550.9,3247,0.0041,0.9959,stopped_lead,96.1,375.0,2218,0.3198,0.677,0.0031,clear,50.1,219.6,1158,0.0,1.0,go,157.2,777.6,4303,0.011,0.989,go,163.8,761.2,4380,0.0019,0.9981,left_pass,121.4,570.3,3274,0.6897,0.0566,0.2537,C,61.0,269.9,1403,0.0012,0.0001,0.9987,0.0,0.0,creep,168.5,757.9,4445,0.0,0.4978,0.0043,0.4978,,,,,,,
ac60422fa8ff502073e4d149e34dbfe7-148,1.237,True,no_light_for_ego,37.2,230.5,1173,0.0,0.0,1.0,stop_controlled,106.5,365.9,2238,1.0,0.0,ego_may_go,137.2,545.5,3247,0.0015,0.9985,none_ahead,93.1,398.8,2218,0.9999,0.0001,0.0,clear,47.1,231.8,1158,0.0,1.0,go,159.1,773.6,4303,0.0041,0.9959,go,132.6,769.5,4377,0.0052,0.9948,clear_lane,125.4,578.6,3274,0.1173,0.0159,0.8668,C,59.5,286.2,1392,0.0,0.0,1.0,0.0,0.0,creep,150.9,746.5,4434,0.028,0.9259,0.0001,0.0461,,,,,,,
ad10813a8a3fdbdbb3e555aa4b4684e7-149,0.479,True,no_light_for_ego,46.2,220.6,1173,0.0,0.0,1.0,not_stop_controlled,97.3,387.7,2238,0.2227,0.7773,ego_may_go,123.0,557.2,3247,0.0421,0.9579,none_ahead,91.3,407.3,2218,0.9317,0.0464,0.0219,clear,52.3,239.4,1158,0.0,1.0,hold,179.2,767.7,4298,1.0,0.0,go,169.8,750.2,4372,0.2689,0.7311,left_pass,121.7,565.1,3274,0.9952,0.0041,0.0007,C,43.4,260.0,1395,0.0009,0.0002,0.9989,0.0,0.0,hold,162.3,785.9,4437,0.9941,0.0,0.0007,0.0052,go,149.9,784.9,4384.0,0.0,0.0,1.0
ad4545823738926e52edc5f01e632c69-148,2.454,True,no_light_for_ego,28.4,245.3,1173,0.0,0.0,1.0,not_stop_controlled,94.5,366.3,2238,0.0,1.0,others_first,133.8,552.4,3247,0.852,0.148,none_ahead,92.3,397.0,2218,1.0,0.0,0.0,clear,49.0,237.0,1158,0.0,1.0,go,145.5,722.8,4304,0.0067,0.9933,go,140.1,763.0,4379,0.0,1.0,left_pass,103.5,564.9,3274,0.9968,0.0032,0.0,A,47.9,247.2,1402,0.8866,0.0567,0.0567,0.0,0.0,go,122.8,787.4,4444,0.0,0.2225,0.0007,0.7767,,,,,,,
adba328ccd36b14cb2d1f2c777859861-148,0.031,True,no_light_for_ego,48.4,243.1,1173,0.0,0.0,1.0,stop_controlled,89.5,404.6,2238,1.0,0.0,others_first,120.3,579.2,3247,0.7058,0.2942,none_ahead,71.7,378.2,2218,0.5986,0.0383,0.3631,clear,51.2,234.9,1158,0.0,1.0,hold,132.0,720.0,4298,0.9996,0.0004,hold,146.8,734.3,4373,0.9998,0.0002,left_pass,126.6,565.0,3274,0.922,0.0757,0.0023,C,49.9,266.7,1396,0.1818,0.0033,0.8147,0.0001,0.0,hold,151.1,772.0,4438,1.0,0.0,0.0,0.0,hold,150.0,743.9,4385.0,0.9912,0.0002,0.0086
ae122d63639893bfee253372882f8e8c-147,13.022,True,green_for_ego,44.9,225.2,1173,0.0,0.8176,0.1824,not_stop_controlled,84.7,395.1,2238,0.0,1.0,ego_may_go,110.7,570.2,3247,0.0759,0.9241,moving_lead,81.7,360.9,2218,0.0067,0.0,0.9933,clear,51.0,231.0,1158,0.0,1.0,go,142.3,729.4,4304,0.0,1.0,go,108.5,766.4,4381,0.0,1.0,clear_lane,120.0,553.6,3274,0.0002,0.0012,0.9987,C,56.1,244.2,1396,0.0,0.0,1.0,0.0,0.0,go,133.1,789.9,4438,0.0,0.0,0.0003,0.9997,,,,,,,
ae776e971249029cab5f6b069a677897-148,1.64,True,red_or_yellow_for_ego,42.0,243.0,1173,0.9988,0.0,0.0012,not_stop_controlled,89.5,391.8,2238,0.4378,0.5622,others_first,119.8,552.3,3247,0.9924,0.0076,moving_lead,80.0,399.3,2218,0.0474,0.0009,0.9517,clear,51.8,237.9,1158,0.011,0.989,go,126.3,724.9,4303,0.4378,0.5622,hold,151.0,740.2,4383,0.977,0.023,right_pass,108.5,564.9,3274,0.4259,0.5469,0.0272,D,48.4,264.5,1406,0.0,0.0,0.3775,0.6224,0.0,creep,148.3,760.2,4448,0.0009,0.9896,0.0009,0.0086,,,,,,,
b133d00cefd6165ea927fdbaa8db5e54-149,3.299,True,no_light_for_ego,46.1,240.8,1173,0.0,0.0,1.0,not_stop_controlled,86.2,393.9,2238,0.0007,0.9993,ego_may_go,112.1,558.8,3247,0.0002,0.9998,none_ahead,97.1,371.0,2218,0.7527,0.0793,0.168,clear,51.6,227.8,1158,0.0,1.0,go,137.9,720.8,4304,0.0,1.0,go,107.7,772.2,4378,0.0,1.0,clear_lane,107.6,569.5,3274,0.1768,0.0307,0.7925,C,54.1,263.3,1393,0.0,0.0,1.0,0.0,0.0,go,127.3,784.9,4435,0.0,0.0,0.3775,0.6225,,,,,,,
b1d87137a60b7d5194563ca2cea18f7c-148,7.679,True,no_light_for_ego,38.0,245.8,1173,0.0,0.0,1.0,not_stop_controlled,87.3,374.6,2238,0.0009,0.9991,ego_may_go,121.9,553.0,3247,0.0534,0.9466,none_ahead,73.3,370.4,2218,1.0,0.0,0.0,clear,47.2,221.4,1158,0.0,1.0,go,126.9,759.5,4304,0.0,1.0,go,168.2,755.5,4378,0.0,1.0,left_pass,133.2,549.7,3274,0.9047,0.0953,0.0,C,44.7,261.8,1401,0.0084,0.0024,0.9752,0.0139,0.0,go,154.0,788.3,4443,0.0,0.0431,0.0912,0.8657,,,,,,,
b2b466af787c00252d22f426f8c9634d-149,3.397,True,no_light_for_ego,50.0,220.2,1173,0.0,0.0,1.0,stop_controlled,92.4,393.9,2238,1.0,0.0,ego_may_go,135.4,557.3,3247,0.0601,0.9399,none_ahead,89.8,375.1,2218,1.0,0.0,0.0,clear,47.3,225.7,1158,0.0,1.0,hold,141.2,790.7,4304,0.6792,0.3208,go,142.2,779.1,4378,0.0141,0.9859,left_pass,85.7,579.3,3274,0.9756,0.0015,0.0229,C,49.0,243.3,1401,0.0,0.0,1.0,0.0,0.0,creep,135.6,799.9,4443,0.0025,0.9956,0.0,0.0019,,,,,,,
b2ef3573139815a8d5b8c85719578970-149,3.051,True,no_light_for_ego,41.2,245.5,1173,0.0,0.0,1.0,stop_controlled,86.1,397.9,2238,1.0,0.0,ego_may_go,117.6,566.0,3247,0.3486,0.6514,stopped_lead,85.2,383.0,2218,0.0038,0.4981,0.4981,clear,51.4,236.5,1158,0.0,1.0,go,129.1,767.6,4304,0.148,0.852,hold,95.2,788.7,4381,0.8176,0.1824,left_pass,108.2,560.8,3274,0.9994,0.0006,0.0,A,54.4,245.8,1404,0.4989,0.002,0.4989,0.0,0.0,creep,135.3,763.9,4446,0.0,1.0,0.0,0.0,,,,,,,
b2f51973a06266445465c6ea3780dfbb-149,6.819,True,no_light_for_ego,36.2,222.1,1173,0.0,0.0,1.0,not_stop_controlled,79.0,391.7,2238,0.0,1.0,ego_may_go,111.2,573.9,3247,0.0001,0.9999,stopped_lead,79.2,385.2,2218,0.0002,0.9998,0.0,clear,47.6,237.9,1158,0.0,1.0,go,130.8,740.9,4304,0.0,1.0,go,128.8,779.6,4381,0.018,0.982,left_pass,111.7,578.1,3274,0.9517,0.0474,0.0009,C,39.8,248.7,1404,0.0289,0.0009,0.9564,0.0136,0.0002,go,118.0,805.8,4446,0.0,0.4321,0.013,0.5548,,,,,,,
b3067d0af56ffc8a9e261d2ec6d658cd-149,10.663,True,no_light_for_ego,35.9,232.6,1173,0.0,0.0,1.0,not_stop_controlled,68.0,383.5,2238,0.2227,0.7773,ego_may_go,116.3,554.3,3247,0.3208,0.6792,moving_lead,81.3,373.2,2218,0.0052,0.0,0.9947,clear,42.6,237.7,1158,0.0,1.0,go,134.2,742.9,4304,0.0,1.0,go,137.4,765.5,4381,0.0,1.0,left_pass,106.8,579.4,3274,0.9768,0.023,0.0002,C,50.0,253.0,1404,0.0015,0.0,0.9985,0.0,0.0,follow,120.2,802.1,4446,0.0,0.0,0.7773,0.2227,,,,,,,
b32f70cb1f3cf28127ac460615031f40-149,1.869,True,no_light_for_ego,36.3,243.3,1173,0.0,0.0,1.0,not_stop_controlled,84.6,394.6,2238,0.0007,0.9993,ego_may_go,115.0,570.7,3247,0.0759,0.9241,moving_lead,80.6,385.5,2218,0.3631,0.0383,0.5986,clear,47.9,227.3,1158,0.0,1.0,go,127.8,775.1,4303,0.0001,0.9999,go,114.4,794.1,4380,0.0,1.0,left_pass,101.1,564.3,3274,0.7159,0.1597,0.1244,C,51.6,256.0,1403,0.0,0.0,1.0,0.0,0.0,follow,123.9,773.1,4445,0.0,0.0383,0.5986,0.3631,,,,,,,
b3bc3bb4fd3c712bcb77619c01efd8fd-149,0.004,True,no_light_for_ego,31.8,224.7,1173,0.0,0.0,1.0,stop_controlled,78.8,394.1,2238,1.0,0.0,ego_may_go,124.4,561.4,3247,0.0601,0.9399,none_ahead,73.1,390.5,2218,0.9997,0.0002,0.0001,clear,43.6,237.4,1158,0.0,1.0,hold,139.5,747.6,4298,1.0,0.0,hold,113.4,783.1,4372,0.9399,0.0601,clear_lane,95.4,576.2,3274,0.2673,0.0063,0.7265,C,40.7,234.6,1387,0.0,0.0,1.0,0.0,0.0,hold,131.1,762.0,4429,0.9994,0.0,0.0,0.0006,go,113.7,789.5,4384.0,0.0001,0.0001,0.9998
b3c53b14746cce13a1ade988378276b7-148,13.56,True,no_light_for_ego,45.7,218.8,1173,0.0,0.0,1.0,not_stop_controlled,86.0,391.6,2238,0.0001,0.9999,ego_may_go,109.7,577.6,3247,0.0004,0.9996,moving_lead,73.0,391.1,2218,0.0009,0.0,0.9991,clear,39.7,240.5,1158,0.0,1.0,go,134.3,745.7,4304,0.0,1.0,go,137.1,761.0,4381,0.0,1.0,clear_lane,120.6,578.3,3274,0.0025,0.0001,0.9974,C,43.8,253.7,1396,0.0,0.0,1.0,0.0,0.0,follow,122.6,800.1,4438,0.0,0.0,0.9968,0.0032,,,,,,,
b3f1fc677f715ec23705756fa77c7883-148,0.006,True,red_or_yellow_for_ego,29.7,250.7,1173,1.0,0.0,0.0,not_stop_controlled,83.4,391.0,2238,0.4378,0.5622,others_first,105.7,568.0,3247,0.8808,0.1192,moving_lead,85.5,383.1,2218,0.0251,0.1443,0.8306,clear,47.0,222.5,1158,0.0,1.0,hold,102.0,779.6,4298,0.9999,0.0001,hold,139.6,783.2,4378,1.0,0.0,left_pass,105.5,569.2,3274,0.5121,0.089,0.3989,A,45.2,245.3,1401,0.9526,0.0,0.0474,0.0,0.0,hold,115.9,777.5,4443,1.0,0.0,0.0,0.0,hold,132.6,783.0,4390.0,1.0,0.0,0.0
b55c6b8af0f4fbc79d6c75f4da05a1df-147,4.642,True,no_light_for_ego,40.4,232.7,1173,0.0,0.0,1.0,stop_controlled,81.1,369.0,2238,0.5622,0.4378,others_first,125.3,569.8,3247,0.5,0.5,stopped_lead,76.0,370.6,2218,0.3169,0.6708,0.0123,clear,39.8,240.6,1158,0.0,1.0,go,132.6,743.8,4304,0.1824,0.8176,hold,132.8,770.2,4382,0.9998,0.0002,clear_lane,108.7,578.0,3274,0.3158,0.0157,0.6685,C,45.6,252.0,1397,0.0,0.0,1.0,0.0,0.0,hold,132.8,801.3,4439,0.6789,0.3207,0.0001,0.0003,,,,,,,
b614a9922abae26e2401da239898435b-150,0.008,True,no_light_for_ego,34.4,254.9,1173,0.0,0.0,1.0,stop_controlled,78.4,380.1,2238,0.7773,0.2227,ego_may_go,120.8,567.2,3247,0.0041,0.9959,moving_lead,71.7,393.9,2218,0.3628,0.1714,0.4658,clear,40.4,227.2,1158,0.0,1.0,hold,132.4,765.3,4298,0.9999,0.0001,hold,123.7,799.9,4375,0.989,0.011,left_pass,103.8,559.1,3274,0.858,0.1161,0.0259,C,44.7,244.0,1398,0.4375,0.0005,0.5618,0.0001,0.0001,hold,131.3,760.6,4440,0.999,0.0003,0.0,0.0007,go,128.1,775.1,4387.0,0.0921,0.0339,0.874
b65aad6408a871e5e273647b21525528-148,0.802,True,no_light_for_ego,35.5,217.9,1173,0.0,0.0,1.0,stop_controlled,67.7,408.2,2238,1.0,0.0,ego_may_go,116.6,572.6,3247,0.148,0.852,moving_lead,83.2,386.6,2218,0.095,0.0037,0.9013,clear,44.0,238.3,1158,0.0,1.0,go,132.7,739.0,4303,0.0759,0.9241,go,129.6,780.2,4380,0.023,0.977,left_pass,105.7,567.9,3274,0.7856,0.0391,0.1753,C,44.9,243.1,1403,0.0009,0.0001,0.999,0.0,0.0,creep,128.3,806.0,4445,0.0,0.9994,0.0,0.0006,,,,,,,
b6f3c55758b8c847063c1fe9e5154a08-148,0.034,True,no_light_for_ego,43.5,223.3,1173,0.0,0.0,1.0,not_stop_controlled,92.6,401.5,2238,0.0,1.0,ego_may_go,106.9,582.6,3247,0.4378,0.5622,none_ahead,77.1,391.9,2218,0.7252,0.0081,0.2668,crossing,40.5,245.1,1158,0.852,0.148,hold,132.3,765.1,4298,1.0,0.0,hold,109.9,789.0,4372,0.9994,0.0006,left_pass,114.4,566.5,3274,0.9707,0.0293,0.0,D,49.1,242.3,1395,0.0049,0.0049,0.0592,0.9262,0.0049,hold,121.9,791.5,4437,0.993,0.0067,0.0,0.0003,hold,135.0,775.7,4384.0,0.8118,0.1811,0.007
b7283b3228bb456a05573bb74c1411d1-149,3.095,True,green_for_ego,39.8,231.7,1173,0.0,1.0,0.0,not_stop_controlled,74.7,407.1,2238,0.148,0.852,others_first,111.5,575.9,3247,0.9325,0.0675,moving_lead,79.4,398.9,2218,0.1815,0.0048,0.8136,clear,49.5,232.9,1158,0.0001,0.9999,go,131.6,785.2,4304,0.1192,0.8808,go,125.5,799.2,4382,0.0,1.0,left_pass,100.6,560.6,3274,0.9905,0.0086,0.0009,C,52.1,257.9,1405,0.2686,0.0011,0.7302,0.0,0.0,go,132.8,762.6,4447,0.0,0.0,0.0003,0.9997,,,,,,,
b73b5da82d84f9ea7eb29e09fb612973-149,0.0,True,green_for_ego,36.8,224.1,1173,0.0,1.0,0.0,not_stop_controlled,88.3,387.0,2238,0.0,1.0,others_first,112.5,569.0,3247,0.7058,0.2942,none_ahead,78.5,389.8,2218,0.8519,0.0,0.148,clear,41.5,244.4,1158,0.0,1.0,hold,128.7,724.0,4298,0.9991,0.0009,go,134.8,791.6,4373,0.0,1.0,clear_lane,101.1,579.4,3274,0.0025,0.0004,0.9971,C,40.6,239.6,1388,0.0,0.0,1.0,0.0,0.0,go,131.9,770.8,4430,0.0,0.0,0.0,1.0,go,140.4,776.3,4385.0,0.0,0.0,1.0
b79fb49222d9f71f6d1aade0e3a2a22e-149,5.219,True,no_light_for_ego,43.4,221.8,1173,0.0,0.0,1.0,not_stop_controlled,79.5,373.9,2238,0.0001,0.9999,ego_may_go,108.2,576.0,3247,0.0141,0.9859,none_ahead,88.9,378.7,2218,0.9696,0.0011,0.0293,clear,51.3,233.7,1158,0.0,1.0,go,131.6,749.8,4304,0.0,1.0,go,135.2,762.1,4378,0.0,1.0,clear_lane,107.3,574.9,3274,0.1433,0.032,0.8247,C,39.2,253.1,1393,0.0,0.0,1.0,0.0,0.0,go,133.6,804.8,4435,0.0,0.0,0.0141,0.9859,,,,,,,
b7d66a58ead09dce1a0ac9f7befea5bf-149,12.902,True,green_for_ego,33.1,249.2,1173,0.0,1.0,0.0,not_stop_controlled,85.9,386.3,2238,0.011,0.989,ego_may_go,113.2,569.4,3247,0.0759,0.9241,moving_lead,79.3,386.8,2218,0.0041,0.0,0.9959,clear,49.8,217.5,1158,0.0,1.0,go,132.9,780.2,4304,0.0002,0.9998,go,131.9,772.8,4381,0.0,1.0,clear_lane,105.7,561.8,3274,0.0025,0.0015,0.996,C,44.7,253.4,1396,0.0,0.0,1.0,0.0,0.0,go,122.0,759.7,4438,0.0,0.0,0.0006,0.9994,,,,,,,
b80c9c6ed4209a90c988f238602d89d4-149,1.01,True,red_or_yellow_for_ego,36.5,217.6,1173,0.9706,0.0001,0.0293,not_stop_controlled,79.4,406.7,2238,0.0474,0.9526,others_first,117.3,578.2,3247,0.977,0.023,moving_lead,89.2,383.6,2218,0.0,0.0007,0.9993,clear,46.6,240.1,1158,0.0141,0.9859,hold,125.4,753.0,4303,0.6225,0.3775,hold,128.7,763.5,4383,0.9526,0.0474,left_pass,101.5,575.3,3274,0.982,0.018,0.0,C,42.7,243.3,1406,0.011,0.0009,0.9881,0.0,0.0,creep,129.4,804.7,4448,0.0002,0.9982,0.0007,0.0009,,,,,,,
b85c97fb483016e51f99c137784509e3-148,2.823,True,no_light_for_ego,42.6,229.8,1173,0.0,0.0,1.0,not_stop_controlled,73.0,402.1,2238,0.0,1.0,ego_may_go,114.9,580.5,3247,0.023,0.977,moving_lead,73.7,392.9,2218,0.0005,0.0141,0.9854,clear,48.1,235.2,1158,0.0,1.0,go,124.1,778.3,4304,0.0003,0.9997,go,125.2,795.0,4381,0.0,1.0,left_pass,133.2,560.3,3274,0.9241,0.0759,0.0001,C,50.9,243.2,1404,0.014,0.0007,0.9847,0.0005,0.0,follow,128.8,796.7,4446,0.0,0.0018,0.9225,0.0757,,,,,,,
b893f870bc2a934a69a172493177c48c-148,7.69,True,no_light_for_ego,40.7,224.2,1173,0.0,0.0,1.0,not_stop_controlled,68.5,373.5,2238,0.0001,0.9999,ego_may_go,107.7,574.7,3247,0.026,0.974,moving_lead,88.2,379.2,2218,0.0001,0.0,0.9999,clear,47.1,235.2,1158,0.0,1.0,go,123.8,754.4,4304,0.0,1.0,go,140.2,767.0,4381,0.0,1.0,left_pass,104.8,583.4,3274,0.9737,0.0178,0.0084,C,45.4,254.5,1404,0.0019,0.0001,0.998,0.0,0.0,follow,135.8,797.0,4446,0.0,0.0,0.8808,0.1192,,,,,,,
b957b6206c11b3ae0d1a63af6a315e3e-149,0.002,True,no_light_for_ego,33.0,257.5,1173,0.0,0.0,1.0,stop_controlled,84.9,374.7,2238,1.0,0.0,ego_may_go,110.6,560.9,3247,0.0474,0.9526,stopped_lead,91.6,376.3,2218,0.0229,0.9752,0.0019,clear,47.4,222.0,1158,0.0,1.0,hold,131.8,780.9,4298,1.0,0.0,hold,128.1,779.3,4375,0.9996,0.0004,left_pass,110.5,562.9,3274,0.9526,0.0474,0.0,C,43.0,251.8,1398,0.0086,0.0001,0.991,0.0003,0.0,hold,123.5,751.2,4440,0.9985,0.0015,0.0,0.0,go,121.3,779.7,4387.0,0.0371,0.0064,0.9565
b9aba9c8dff390c2b0f868a1897ec86f-148,6.773,True,no_light_for_ego,40.7,216.0,1173,0.0,0.0,1.0,not_stop_controlled,80.9,403.7,2238,0.4378,0.5622,others_first,91.0,551.5,3247,0.5,0.5,moving_lead,85.1,376.1,2218,0.0,0.0067,0.9933,clear,38.9,239.8,1158,0.0041,0.9959,go,128.1,757.6,4304,0.0019,0.9981,go,115.2,790.2,4382,0.0,1.0,left_pass,110.7,566.1,3274,0.924,0.0591,0.0169,C,34.8,254.0,1405,0.011,0.0012,0.9879,0.0,0.0,follow,142.6,770.5,4447,0.0,0.0016,0.8163,0.1821,,,,,,,
bbaa7f64d17a4f25f26d1ef21b5048ca-148,0.0,True,green_for_ego,31.5,221.2,1173,0.0,0.6225,0.3775,stop_controlled,81.8,385.5,2238,1.0,0.0,ego_may_go,112.3,571.7,3247,0.0373,0.9627,none_ahead,75.8,387.5,2218,0.849,0.0035,0.1475,clear,44.7,241.2,1158,0.0,1.0,hold,127.4,741.0,4298,0.9985,0.0015,go,135.7,768.6,4372,0.0012,0.9988,clear_lane,101.2,572.9,3274,0.0595,0.0103,0.9302,C,37.0,249.5,1387,0.0,0.0,1.0,0.0,0.0,go,121.0,800.2,4429,0.0001,0.0,0.0,0.9999,go,135.1,769.4,4384.0,0.0,0.0002,0.9998
bc0d724d46340fc33504ae9f24b9df55-148,5.697,True,no_light_for_ego,39.3,250.4,1173,0.0,0.0,1.0,not_stop_controlled,85.1,390.7,2238,0.0,1.0,ego_may_go,118.2,570.1,3247,0.0159,0.9841,none_ahead,76.1,378.4,2218,0.9933,0.0001,0.0067,clear,45.2,228.4,1158,0.0,1.0,go,129.0,775.8,4304,0.0,1.0,go,128.4,782.5,4378,0.0,1.0,left_pass,107.7,563.0,3274,0.6897,0.0566,0.2537,C,40.5,248.9,1401,0.0002,0.0,0.9998,0.0,0.0,go,128.5,752.6,4443,0.0,0.0045,0.1474,0.8482,,,,,,,
bc543b6306b4ede8f25c8445df966d13-148,7.194,True,no_light_for_ego,45.5,213.1,1173,0.0,0.0,1.0,not_stop_controlled,85.4,402.7,2238,0.0474,0.9526,ego_may_go,120.8,564.5,3247,0.0534,0.9466,none_ahead,72.6,399.4,2218,0.9914,0.0,0.0086,clear,47.6,237.8,1158,0.0,1.0,go,132.3,747.0,4304,0.0,1.0,go,121.5,776.5,4378,0.0,1.0,left_pass,112.2,574.0,3274,0.9959,0.0041,0.0,C,34.6,249.3,1401,0.058,0.0352,0.9068,0.0,0.0,go,117.4,793.7,4443,0.0,0.129,0.129,0.7421,,,,,,,
bc5b2f255e0dfa316334738c30c04986-148,4.015,True,no_light_for_ego,40.6,228.7,1173,0.0,0.0,1.0,not_stop_controlled,64.4,386.4,2238,0.0003,0.9997,ego_may_go,107.9,559.6,3247,0.0124,0.9876,moving_lead,84.7,372.0,2218,0.0,0.0,1.0,clear,44.7,238.5,1158,0.0002,0.9998,go,131.4,749.6,4304,0.0003,0.9997,go,143.7,767.9,4381,0.0,1.0,left_pass,98.2,560.2,3274,0.989,0.011,0.0,A,34.5,259.4,1404,0.9932,0.0001,0.0067,0.0,0.0,go,128.4,796.8,4446,0.0,0.0079,0.0753,0.9168,,,,,,,
bc7b8fe1ae4cd9e68016ab36a8e10ea4-149,3.064,True,no_light_for_ego,43.7,217.9,1173,0.0,0.0,1.0,stop_controlled,70.5,375.6,2238,1.0,0.0,others_first,123.3,566.9,3247,0.8808,0.1192,moving_lead,69.0,385.6,2218,0.0032,0.0067,0.9902,clear,51.4,236.8,1158,0.0001,0.9999,go,130.8,737.8,4304,0.1192,0.8808,hold,121.5,783.1,4382,0.7311,0.2689,left_pass,117.3,575.8,3274,0.9526,0.0474,0.0,C,58.0,250.5,1405,0.0,0.0001,0.9996,0.0003,0.0,creep,128.1,791.4,4447,0.0,0.9998,0.0,0.0002,,,,,,,
bce8a15acc5cfc6da301eb9441e4e688-148,8.306,True,green_for_ego,31.7,253.4,1173,0.0,1.0,0.0,not_stop_controlled,78.4,375.3,2238,0.0012,0.9988,ego_may_go,109.6,514.5,3247,0.3775,0.6225,moving_lead,78.3,358.0,2218,0.0006,0.0001,0.9993,clear,48.2,217.1,1158,0.0601,0.9399,go,131.9,712.3,4304,0.0,1.0,go,147.7,732.5,4381,0.0,1.0,left_pass,93.4,543.6,3274,0.5465,0.122,0.3315,C,57.1,253.7,1404,0.0009,0.0,0.9991,0.0,0.0,go,134.2,781.7,4446,0.0,0.0,0.0009,0.9991,,,,,,,
bd09cff83130f018440c580cf71e54dc-147,3.956,True,no_light_for_ego,36.2,241.9,1173,0.0,0.0,1.0,not_stop_controlled,80.3,374.2,2238,0.0001,0.9999,ego_may_go,121.9,563.1,3247,0.0025,0.9975,none_ahead,75.8,371.0,2218,0.9574,0.0289,0.0137,clear,45.5,237.9,1158,0.0,1.0,go,137.3,745.5,4304,0.0,1.0,go,129.1,795.3,4378,0.0,1.0,left_pass,114.3,571.9,3274,0.97,0.0293,0.0007,C,48.2,243.2,1401,0.0018,0.0062,0.5576,0.4342,0.0002,go,132.2,799.4,4443,0.0,0.0085,0.0052,0.9863,,,,,,,
bdcdf85c5e29f04d86d31a395ff01219-148,3.977,True,red_or_yellow_for_ego,39.4,216.6,1173,1.0,0.0,0.0,not_stop_controlled,76.1,383.4,2238,0.011,0.989,ego_may_go,112.4,561.9,3247,0.3775,0.6225,moving_lead,77.3,366.0,2218,0.0002,0.0003,0.9995,clear,30.3,247.9,1158,0.0,1.0,go,136.5,750.0,4304,0.1192,0.8808,hold,143.0,753.7,4383,0.852,0.148,left_pass,97.0,559.6,3274,0.9756,0.0179,0.0066,C,51.7,241.5,1406,0.0004,0.0,0.9996,0.0,0.0,creep,134.4,796.5,4448,0.016,0.6787,0.0557,0.2497,,,,,,,
be0584b8ef935660d317de0383e341aa-149,6.071,True,red_or_yellow_for_ego,38.3,220.3,1173,1.0,0.0,0.0,stop_controlled,72.9,369.4,2238,0.7773,0.2227,others_first,123.4,560.3,3247,0.5622,0.4378,stopped_lead,72.6,384.5,2218,0.0001,0.9932,0.0067,clear,46.2,235.4,1158,0.0001,0.9999,hold,128.6,749.3,4304,0.5622,0.4378,hold,121.0,776.6,4384,1.0,0.0,left_pass,115.0,573.1,3274,0.9975,0.0025,0.0,C,54.7,242.9,1407,0.0003,0.0002,0.9995,0.0,0.0,hold,120.5,798.4,4449,1.0,0.0,0.0,0.0,,,,,,,
be13ab572a2f5b5ef155a3e2bbbf9aa0-147,12.593,True,no_light_for_ego,40.8,242.6,1173,0.0,0.0,1.0,not_stop_controlled,91.7,389.7,2238,0.0015,0.9985,ego_may_go,118.5,571.2,3247,0.0086,0.9914,none_ahead,77.9,379.8,2218,1.0,0.0,0.0,clear,44.9,243.8,1158,0.0,1.0,go,127.8,777.6,4304,0.0,1.0,go,132.7,778.2,4378,0.0,1.0,clear_lane,112.8,567.6,3274,0.014,0.004,0.982,C,42.3,239.5,1393,0.0,0.0,1.0,0.0,0.0,follow,123.4,773.5,4435,0.0,0.0,0.9914,0.0086,,,,,,,
beb80cd63303bb6251e25af2c6802d68-149,5.776,True,green_for_ego,41.5,228.4,1173,0.0,1.0,0.0,not_stop_controlled,79.1,374.7,2238,0.0006,0.9994,others_first,110.4,576.4,3247,0.6225,0.3775,moving_lead,82.1,371.9,2218,0.0003,0.0001,0.9996,clear,46.3,235.4,1158,0.0025,0.9975,go,128.8,745.3,4304,0.0,1.0,go,129.5,777.8,4382,0.0,1.0,left_pass,102.9,568.9,3274,0.6357,0.1821,0.1821,C,47.9,246.0,1405,0.0293,0.0004,0.9703,0.0,0.0,go,126.9,803.8,4447,0.0,0.0,0.0003,0.9997,,,,,,,
bf1d5f4869dd3fe7df5ecbd69de49000-148,8.206,True,green_for_ego,32.8,252.6,1173,0.0,0.9046,0.0953,not_stop_controlled,79.5,387.3,2238,0.0,1.0,ego_may_go,118.1,567.5,3247,0.0851,0.9149,moving_lead,85.2,384.1,2218,0.0,0.0,1.0,clear,44.6,211.4,1158,0.0,1.0,go,134.7,778.2,4304,0.0,1.0,go,122.2,797.6,4381,0.0,1.0,left_pass,82.3,566.0,3274,0.9037,0.0952,0.0011,C,61.9,250.3,1404,0.0002,0.0,0.9998,0.0,0.0,go,131.0,767.4,4446,0.0,0.0,0.0009,0.9991,,,,,,,
bf5ce21bed408c229595eea25846db55-148,10.632,True,no_light_for_ego,37.6,225.5,1173,0.0,0.0,1.0,not_stop_controlled,84.8,386.8,2238,0.0,1.0,ego_may_go,120.7,570.0,3247,0.011,0.989,moving_lead,77.7,377.7,2218,0.0025,0.0,0.9975,clear,46.6,236.0,1158,0.0,1.0,go,126.4,747.3,4304,0.0,1.0,go,132.1,786.0,4381,0.0,1.0,left_pass,104.2,583.4,3274,0.6338,0.0668,0.2994,C,50.4,250.7,1404,0.0025,0.0,0.9975,0.0,0.0,follow,135.0,792.6,4446,0.0,0.0,0.6792,0.3208,,,,,,,
bf616e937f7ab25c2563e117ca137cb1-149,0.023,True,no_light_for_ego,38.5,252.4,1173,0.0,0.0,1.0,stop_controlled,75.9,387.4,2238,1.0,0.0,others_first,119.2,560.4,3247,0.6792,0.3208,moving_lead,76.6,385.4,2218,0.0012,0.0052,0.9936,clear,43.8,239.9,1158,0.0,1.0,hold,131.3,775.1,4298,1.0,0.0,hold,134.3,771.4,4376,0.9999,0.0001,left_pass,99.8,579.2,3274,0.9963,0.0032,0.0006,C,45.0,243.3,1399,0.0293,0.0011,0.9693,0.0003,0.0,hold,123.9,790.3,4441,0.9996,0.0003,0.0,0.0,hold,130.8,788.0,4388.0,0.9589,0.0039,0.0372
bff795a5e9d1f1eefa247769cccb0175-149,3.028,True,no_light_for_ego,42.0,229.5,1173,0.0,0.0,1.0,stop_controlled,84.0,409.7,2238,1.0,0.0,ego_may_go,112.5,571.8,3247,0.0017,0.9983,none_ahead,91.2,395.5,2218,1.0,0.0,0.0,clear,50.1,243.4,1158,0.0,1.0,go,131.1,760.9,4304,0.0601,0.9399,go,142.2,774.2,4378,0.0009,0.9991,left_pass,117.6,564.6,3274,0.9968,0.0032,0.0,C,44.6,245.2,1401,0.0,0.0,0.9997,0.0003,0.0,creep,116.2,764.3,4443,0.0,0.9999,0.0,0.0,,,,,,,
bff795a5e9d1f1eefa247769cccb0175-203,4.437,True,no_light_for_ego,30.1,225.6,1173,0.0,0.0,1.0,stop_controlled,84.4,382.6,2238,1.0,0.0,ego_may_go,110.7,571.8,3247,0.0002,0.9998,none_ahead,69.7,391.3,2218,1.0,0.0,0.0,clear,45.9,241.2,1158,0.0,1.0,go,128.4,737.7,4304,0.0293,0.9707,go,138.3,773.1,4378,0.0,1.0,clear_lane,106.3,572.0,3274,0.2223,0.0019,0.7758,C,53.0,255.5,1393,0.0,0.0,1.0,0.0,0.0,creep,135.6,790.4,4435,0.0001,0.9979,0.0,0.0019,,,,,,,
c0843bc651a520f957e9d93d2557464e-149,1.587,True,no_light_for_ego,29.1,250.5,1173,0.0,0.0,1.0,not_stop_controlled,82.1,393.5,2238,0.0,1.0,ego_may_go,119.9,557.2,3247,0.0022,0.9978,none_ahead,88.6,377.7,2218,0.9214,0.0756,0.0029,clear,48.1,225.9,1158,0.0,1.0,go,123.9,774.5,4303,0.0052,0.9948,go,141.1,770.3,4377,0.0,1.0,left_pass,101.6,574.8,3274,0.989,0.011,0.0,C,47.7,239.4,1400,0.0003,0.0003,0.9995,0.0,0.0,creep,122.4,773.4,4442,0.0,0.5502,0.0213,0.4285,,,,,,,
c08e1ea57e1c19b0737e6817382501f8-150,10.964,True,no_light_for_ego,31.4,224.6,1173,0.0,0.0,1.0,stop_controlled,85.9,390.7,2238,1.0,0.0,ego_may_go,112.9,574.1,3247,0.0001,0.9999,none_ahead,75.7,383.0,2218,1.0,0.0,0.0,clear,45.6,236.6,1158,0.0,1.0,go,131.7,745.1,4304,0.0,1.0,go,117.6,778.9,4378,0.018,0.982,left_pass,117.9,569.4,3274,0.9889,0.011,0.0001,C,54.6,254.7,1401,0.0,0.0001,0.9998,0.0,0.0,creep,133.8,797.0,4443,0.0062,0.9177,0.0008,0.0753,,,,,,,
c139cf63adb19a66b409f4ca52d7cb96-148,8.983,True,green_for_ego,37.8,249.6,1173,0.0019,0.9975,0.0006,stop_controlled,86.0,384.4,2238,0.6792,0.3208,ego_may_go,116.0,569.5,3247,0.0534,0.9466,moving_lead,70.3,407.5,2218,0.0004,0.0,0.9996,clear,46.6,247.1,1158,0.0,1.0,go,127.5,751.9,4304,0.0009,0.9991,go,133.4,771.5,4381,0.0,1.0,left_pass,105.8,577.0,3274,0.657,0.0327,0.3103,C,50.0,253.5,1404,0.0025,0.0,0.9975,0.0,0.0,go,130.5,797.9,4446,0.0,0.0001,0.0007,0.9992,,,,,,,
c1b025ee95af51ea66623e5d17e94fab-149,7.65,True,no_light_for_ego,31.3,250.7,1173,0.0,0.0,1.0,not_stop_controlled,78.4,392.5,2238,0.0,1.0,ego_may_go,112.7,573.9,3247,0.1067,0.8933,moving_lead,70.7,371.8,2218,0.06,0.0014,0.9386,clear,48.6,244.3,1158,0.0,1.0,go,137.8,772.7,4304,0.0003,0.9997,go,149.7,765.3,4381,0.0,1.0,left_pass,103.6,578.3,3274,0.9752,0.0229,0.0019,C,38.7,256.6,1404,0.0019,0.0,0.9981,0.0,0.0,go,119.2,806.8,4446,0.0,0.0,0.4378,0.5622,,,,,,,
c26fc0e72c709039bf9747356137970a-150,6.669,True,no_light_for_ego,35.8,251.0,1173,0.0014,0.2686,0.73,stop_controlled,82.1,384.7,2238,0.5,0.5,ego_may_go,109.0,568.1,3247,0.3775,0.6225,moving_lead,76.1,382.9,2218,0.3592,0.0486,0.5922,clear,44.6,240.2,1158,0.0474,0.9526,go,130.2,778.2,4304,0.1192,0.8808,go,133.6,776.5,4381,0.0025,0.9975,clear_lane,106.2,570.1,3274,0.0584,0.0276,0.914,C,44.7,248.7,1396,0.0,0.0,1.0,0.0,0.0,go,125.6,782.3,4438,0.0002,0.0292,0.004,0.9667,,,,,,,
c2b5c5e7dcfd6008f3d7b1d40921554a-147,25.21,True,no_light_for_ego,37.9,226.7,1173,0.0,0.0,1.0,not_stop_controlled,91.7,383.2,2238,0.0,1.0,ego_may_go,142.7,572.3,3247,0.0001,0.9999,moving_lead,88.0,394.8,2218,0.0,0.0,1.0,clear,39.2,230.7,1158,0.0,1.0,go,148.0,776.2,4304,0.0,1.0,go,136.1,792.2,4381,0.0,1.0,right_pass,106.9,563.7,3274,0.2222,0.7754,0.0025,C,45.3,246.3,1404,0.0,0.0,0.7311,0.2689,0.0,follow,137.1,768.6,4446,0.0,0.0,0.9981,0.0019,,,,,,,
c383a9ab31bc71e3e704fa3c974c8ff8-148,1.434,True,no_light_for_ego,30.3,225.9,1173,0.0,0.0,1.0,not_stop_controlled,84.0,380.8,2238,0.2227,0.7773,ego_may_go,111.2,572.9,3247,0.018,0.982,none_ahead,78.1,379.7,2218,0.6223,0.0002,0.3775,clear,43.5,243.1,1158,0.0,1.0,go,135.1,749.0,4303,0.0015,0.9985,go,123.8,776.6,4377,0.0,1.0,left_pass,98.9,563.3,3274,0.9756,0.0229,0.0015,C,42.0,241.6,1400,0.0003,0.0,0.9997,0.0,0.0,go,123.6,773.6,4442,0.0,0.0291,0.0083,0.9626,,,,,,,
c555d2c9b7c204d7fc57ed9f8ad8436b-149,1.962,True,no_light_for_ego,42.6,229.5,1173,0.0,0.0,1.0,not_stop_controlled,76.4,372.8,2238,0.2227,0.7773,ego_may_go,115.4,580.1,3247,0.0953,0.9047,stopped_lead,89.8,368.3,2218,0.0026,0.9217,0.0757,clear,42.7,232.7,1158,0.0,1.0,go,132.9,745.0,4303,0.0086,0.9914,go,145.3,764.4,4380,0.2689,0.7311,left_pass,107.2,580.0,3274,0.9968,0.0032,0.0,C,57.2,254.4,1403,0.0141,0.0,0.9859,0.0,0.0,creep,135.1,799.7,4445,0.0,0.9913,0.0001,0.0086,,,,,,,
c58890aea850cfc37a1ccfa832723f36-149,0.0,True,no_light_for_ego,39.4,241.2,1173,0.0,0.0002,0.9998,stop_controlled,81.7,373.7,2238,1.0,0.0,ego_may_go,119.9,564.8,3247,0.2018,0.7982,none_ahead,96.8,377.0,2218,1.0,0.0,0.0,clear,42.5,245.2,1158,0.0,1.0,hold,134.0,766.8,4298,0.9999,0.0001,hold,130.9,775.0,4372,0.9933,0.0067,clear_lane,104.2,565.9,3274,0.2215,0.0052,0.7733,C,38.2,239.0,1387,0.0,0.0,1.0,0.0,0.0,hold,129.7,771.4,4429,0.9948,0.0,0.0,0.0052,go,126.5,777.2,4384.0,0.0001,0.0,0.9999
c5cee37fd206963ab9ac2215fdd3f788-149,0.0,True,green_for_ego,39.0,229.6,1173,0.0,1.0,0.0,not_stop_controlled,90.0,369.7,2238,0.0041,0.9959,ego_may_go,115.7,569.6,3247,0.0019,0.9981,moving_lead,87.0,373.1,2218,0.1189,0.0025,0.8786,clear,43.9,236.4,1158,0.0,1.0,hold,130.1,743.4,4298,0.9997,0.0003,go,126.9,777.9,4375,0.0,1.0,clear_lane,111.7,582.4,3274,0.0004,0.0003,0.9992,C,44.1,238.8,1390,0.0,0.0,1.0,0.0,0.0,go,124.1,799.7,4432,0.0,0.0,0.0,1.0,go,126.8,778.5,4387.0,0.0,0.0,1.0
c5cf18825171b57e03eddfa50c7d5b0e-149,8.521,True,red_or_yellow_for_ego,33.4,252.0,1173,1.0,0.0,0.0,stop_controlled,84.2,386.9,2238,0.7311,0.2689,others_first,106.8,574.7,3247,0.6225,0.3775,none_ahead,91.5,382.6,2218,1.0,0.0,0.0,clear,40.3,221.6,1158,0.0,1.0,hold,138.7,767.9,4304,0.9399,0.0601,hold,125.4,773.3,4381,1.0,0.0,clear_lane,123.5,559.8,3274,0.0052,0.0009,0.9939,C,46.7,228.5,1396,0.0,0.0,1.0,0.0,0.0,hold,123.0,762.0,4438,1.0,0.0,0.0,0.0,,,,,,,
c62ca0c1ed7cb3d79aae63deaeb86ca0-147,3.001,True,no_light_for_ego,36.6,226.7,1173,0.0,0.0,1.0,stop_controlled,84.7,383.9,2238,1.0,0.0,ego_may_go,110.4,567.6,3247,0.0474,0.9526,none_ahead,72.5,391.7,2218,0.6037,0.0301,0.3662,clear,45.3,239.1,1158,0.0,1.0,go,138.7,732.8,4304,0.0086,0.9914,go,136.4,772.0,4378,0.0293,0.9707,left_pass,97.9,564.9,3274,0.9802,0.018,0.0019,C,44.7,243.0,1401,0.0052,0.0015,0.9933,0.0,0.0,creep,127.9,805.7,4443,0.0003,0.9986,0.0,0.0012,,,,,,,
c81e3bed93363d5449da909ca4c46ca5-148,3.103,True,no_light_for_ego,46.1,241.3,1173,0.0,0.0,1.0,not_stop_controlled,91.3,389.8,2238,0.0006,0.9994,ego_may_go,118.3,575.5,3247,0.0013,0.9987,none_ahead,78.4,383.1,2218,1.0,0.0,0.0,clear,44.0,246.3,1158,0.0,1.0,go,129.7,759.1,4304,0.0,1.0,go,134.6,778.0,4378,0.0,1.0,left_pass,113.9,572.5,3274,0.9981,0.0019,0.0,C,52.5,249.9,1401,0.0007,0.0001,0.9992,0.0,0.0,go,138.3,795.4,4443,0.0,0.171,0.0629,0.7662,,,,,,,
c854b63a132a637adeea5c6c22cb1d46-149,0.0,True,red_or_yellow_for_ego,40.7,246.4,1173,1.0,0.0,0.0,not_stop_controlled,89.7,390.1,2238,0.0759,0.9241,ego_may_go,120.9,568.3,3247,0.0601,0.9399,none_ahead,77.4,386.2,2218,0.9968,0.0,0.0032,clear,43.6,222.5,1158,0.0293,0.9707,hold,142.0,757.3,4298,1.0,0.0,hold,132.8,780.2,4374,1.0,0.0,clear_lane,106.5,576.7,3274,0.0229,0.004,0.9731,C,30.8,252.2,1389,0.0,0.0,1.0,0.0,0.0,hold,124.0,810.9,4431,1.0,0.0,0.0,0.0,hold,134.5,785.1,4386.0,1.0,0.0,0.0
c90a0552eff17d47f1fb4151e2c6334f-147,1.767,True,no_light_for_ego,32.4,215.5,1173,0.0,0.0,1.0,not_stop_controlled,70.6,380.8,2238,0.0,1.0,ego_may_go,116.3,559.8,3247,0.0067,0.9933,stopped_lead,90.2,371.7,2218,0.0015,0.9899,0.0086,clear,45.0,232.5,1158,0.0,1.0,go,129.8,741.8,4303,0.0001,0.9999,hold,129.6,769.3,4380,0.6225,0.3775,left_pass,106.9,581.5,3274,0.9918,0.0067,0.0015,A,58.3,255.2,1403,0.9818,0.0002,0.018,0.0,0.0,creep,132.3,794.5,4445,0.0,0.9888,0.0002,0.011,,,,,,,
c915f39617f62ec72eda769e337731bd-149,0.739,True,green_for_ego,38.4,244.8,1173,0.0,1.0,0.0,not_stop_controlled,79.0,381.2,2238,0.0003,0.9997,ego_may_go,124.4,564.8,3247,0.0019,0.9981,moving_lead,92.7,392.0,2218,0.2689,0.0,0.7311,clear,41.6,254.3,1158,0.0,1.0,go,134.9,761.1,4303,0.023,0.977,go,121.6,781.7,4380,0.0,1.0,clear_lane,100.7,564.9,3274,0.0067,0.004,0.9893,C,45.2,254.8,1395,0.0,0.0,1.0,0.0,0.0,go,136.5,796.2,4437,0.0,0.0,0.0002,0.9998,,,,,,,
ca8270e9d739f6e81fffd9d103226fec-150,5.782,True,no_light_for_ego,38.2,223.7,1173,0.0,0.0,1.0,stop_controlled,77.1,410.3,2238,1.0,0.0,ego_may_go,108.4,582.6,3247,0.0086,0.9914,none_ahead,91.2,373.3,2218,0.7054,0.0351,0.2595,clear,44.0,237.6,1158,0.0,1.0,go,129.1,773.5,4304,0.0,1.0,go,126.2,790.0,4378,0.0002,0.9998,left_pass,115.6,579.6,3274,0.611,0.0184,0.3706,C,47.4,243.7,1401,0.0,0.0,0.9999,0.0001,0.0,creep,118.9,779.6,4443,0.0,0.9045,0.0001,0.0953,,,,,,,
cab6d3c2e5e831fa07c7ff1724bb72aa-148,2.09,True,no_light_for_ego,30.4,228.4,1173,0.0,0.0,1.0,not_stop_controlled,70.7,382.5,2238,0.0,1.0,ego_may_go,116.3,565.1,3247,0.0001,0.9999,stopped_lead,82.5,384.5,2218,0.0064,0.9565,0.0371,clear,49.9,233.9,1158,0.0,1.0,go,133.1,745.7,4304,0.0373,0.9627,hold,139.7,772.9,4381,0.5,0.5,left_pass,99.3,574.6,3274,0.9933,0.0052,0.0015,C,43.0,252.5,1404,0.0025,0.0007,0.9944,0.0025,0.0,creep,129.0,802.1,4446,0.0,0.8516,0.0005,0.148,,,,,,,
cadeb147d4bb3a4bff34104d765c82e2-150,0.239,True,red_or_yellow_for_ego,38.2,250.2,1173,1.0,0.0,0.0,not_stop_controlled,85.9,384.2,2238,0.0003,0.9997,ego_may_go,126.6,577.1,3247,0.1192,0.8808,moving_lead,76.6,365.4,2218,0.0025,0.0004,0.9971,clear,51.5,231.3,1158,0.0,1.0,hold,143.7,756.6,4298,0.9999,0.0001,hold,121.5,775.8,4377,1.0,0.0,clear_lane,120.1,571.9,3274,0.0019,0.0015,0.9966,C,47.7,243.7,1392,0.0,0.0,1.0,0.0,0.0,hold,121.9,776.6,4434,0.9948,0.0,0.0,0.0052,hold,126.8,782.8,4389.0,1.0,0.0,0.0
cae661cd1bad4161170b8a193af7502d-148,1.887,True,no_light_for_ego,32.0,218.5,1173,0.0019,0.0032,0.9949,not_stop_controlled,78.7,379.5,2238,0.018,0.982,ego_may_go,113.0,573.3,3247,0.3486,0.6514,moving_lead,81.4,383.1,2218,0.0024,0.0292,0.9684,clear,28.8,248.1,1158,0.0004,0.9996,go,136.5,747.1,4303,0.0032,0.9968,go,125.9,772.5,4380,0.0,1.0,left_pass,111.9,567.6,3274,0.8519,0.148,0.0001,C,43.8,250.3,1403,0.0003,0.0,0.9997,0.0,0.0,follow,130.2,796.0,4445,0.0,0.0351,0.7054,0.2595,,,,,,,
cdf7c03d0ebbeede807a033ccee4f2fa-149,2.213,True,no_light_for_ego,29.3,222.4,1173,0.0,0.0,1.0,not_stop_controlled,89.6,397.2,2238,0.148,0.852,ego_may_go,111.3,589.4,3247,0.0067,0.9933,stopped_lead,78.9,386.9,2218,0.0,0.9399,0.0601,clear,33.4,236.5,1158,0.0,1.0,go,129.0,782.2,4304,0.0086,0.9914,go,132.8,779.5,4381,0.2689,0.7311,left_pass,110.1,563.0,3274,0.9914,0.0086,0.0,C,54.0,236.2,1404,0.0001,0.0,0.9994,0.0006,0.0,creep,129.8,766.8,4446,0.0,0.9852,0.0007,0.0141,,,,,,,
cebae2c5032c3a89f91b562c8a6910fb-149,0.285,True,no_light_for_ego,35.4,225.6,1173,0.0,0.0,1.0,stop_controlled,72.9,389.9,2238,0.9914,0.0086,others_first,113.1,571.4,3247,0.5,0.5,moving_lead,81.8,381.2,2218,0.0012,0.011,0.9879,clear,42.2,245.0,1158,0.011,0.989,hold,129.6,738.3,4298,1.0,0.0,hold,134.6,769.7,4376,0.9991,0.0009,left_pass,91.7,565.5,3274,0.8723,0.118,0.0097,C,51.9,249.2,1399,0.2169,0.0031,0.7571,0.0229,0.0001,hold,121.0,804.2,4441,0.9995,0.0004,0.0,0.0,hold,137.8,762.3,4388.0,0.9923,0.0052,0.0025
cfa25430b89e6b16b86ed4b49651ea9b-148,0.118,True,no_light_for_ego,40.8,220.7,1173,0.0,0.0,1.0,stop_controlled,73.6,383.2,2238,0.977,0.023,ego_may_go,106.1,572.1,3247,0.0017,0.9983,moving_lead,71.0,375.8,2218,0.0004,0.0001,0.9995,clear,45.4,235.8,1158,0.0,1.0,hold,127.4,751.8,4298,0.9999,0.0001,hold,133.2,770.2,4375,0.989,0.011,clear_lane,115.1,583.6,3274,0.1808,0.009,0.8102,C,66.5,256.1,1390,0.0,0.0,1.0,0.0,0.0,hold,127.3,801.4,4432,0.9976,0.0009,0.0,0.0015,go,121.7,778.9,4387.0,0.1962,0.119,0.6848
d007146fded6c0160d4c6f8ca5b60306-147,7.432,True,green_for_ego,39.0,248.4,1173,0.0,1.0,0.0,not_stop_controlled,82.8,368.3,2238,0.0,1.0,others_first,102.1,565.7,3247,0.5312,0.4688,moving_lead,71.7,391.0,2218,0.0001,0.0,0.9999,clear,40.5,217.3,1158,0.0,1.0,go,142.4,784.6,4304,0.0001,0.9999,go,127.4,793.1,4382,0.0,1.0,left_pass,108.6,573.4,3274,0.7405,0.0473,0.2122,C,40.4,245.8,1405,0.0,0.0,1.0,0.0,0.0,go,124.9,774.7,4447,0.0,0.0,0.0019,0.9981,,,,,,,
d0266f76029c0d4a7ff982130bd20ee3-149,7.192,True,no_light_for_ego,39.8,226.6,1173,0.0,0.0,1.0,not_stop_controlled,79.5,382.3,2238,0.0,1.0,ego_may_go,87.1,558.5,3247,0.0,1.0,moving_lead,95.7,399.1,2218,0.0067,0.0,0.9933,clear,48.2,241.9,1158,0.0,1.0,go,136.1,736.0,4304,0.0,1.0,go,138.2,764.7,4381,0.0,1.0,clear_lane,109.0,585.0,3274,0.2272,0.2918,0.481,C,60.3,260.5,1396,0.0,0.0,1.0,0.0,0.0,follow,124.3,779.4,4438,0.0,0.0,1.0,0.0,,,,,,,
d14bebb45d491e5cab124623f5e49af3-149,2.21,True,no_light_for_ego,45.8,229.5,1173,0.0,0.0,1.0,not_stop_controlled,79.8,393.1,2238,0.0,1.0,ego_may_go,113.1,567.9,3247,0.0036,0.9964,none_ahead,75.6,404.3,2218,0.9399,0.0601,0.0,clear,46.4,240.8,1158,0.0,1.0,go,137.1,746.3,4304,0.0041,0.9959,go,124.4,781.5,4378,0.0,1.0,left_pass,102.9,575.1,3274,0.9928,0.0032,0.0041,C,39.7,255.6,1401,0.0,0.0,1.0,0.0,0.0,go,128.5,804.1,4443,0.0,0.029,0.0107,0.9603,,,,,,,
d174b05452e517f01571954b98e5e91d-149,9.47,True,green_for_ego,33.9,251.3,1173,0.0,1.0,0.0,not_stop_controlled,71.8,387.4,2238,0.0953,0.9047,ego_may_go,115.6,566.6,3247,0.0534,0.9466,none_ahead,87.6,379.1,2218,0.977,0.0,0.023,clear,49.9,235.8,1158,0.0,1.0,go,130.7,759.0,4304,0.0,1.0,go,131.0,775.4,4378,0.0,1.0,clear_lane,104.2,565.9,3274,0.0007,0.0002,0.9991,C,45.4,245.1,1393,0.0,0.0,1.0,0.0,0.0,go,117.2,756.2,4435,0.0,0.0,0.0,1.0,,,,,,,
d17fc59f918ae8585ac013d320f18f50-149,0.002,True,red_or_yellow_for_ego,38.1,214.9,1173,1.0,0.0,0.0,stop_controlled,68.2,405.4,2238,0.8176,0.1824,others_first,117.6,578.4,3247,0.7549,0.2451,stopped_lead,76.6,386.6,2218,0.0759,0.9241,0.0,clear,35.2,245.2,1158,0.0,1.0,hold,122.2,762.0,4298,1.0,0.0,hold,134.0,773.5,4378,1.0,0.0,left_pass,111.8,581.9,3274,0.4905,0.019,0.4905,C,50.1,253.5,1401,0.0032,0.0003,0.9966,0.0,0.0,hold,121.6,791.6,4443,1.0,0.0,0.0,0.0,hold,118.7,776.6,4390.0,1.0,0.0,0.0
d1d943b7f0e8036803e262b8e0f9681c-147,6.558,True,no_light_for_ego,27.4,250.8,1173,0.0,0.0,1.0,stop_controlled,70.3,382.5,2238,0.9241,0.0759,ego_may_go,125.5,574.6,3247,0.2018,0.7982,none_ahead,67.1,389.6,2218,0.9825,0.0066,0.0109,clear,50.9,237.0,1158,0.0,1.0,go,129.7,763.6,4304,0.0601,0.9399,go,144.7,772.9,4378,0.023,0.977,left_pass,102.7,554.3,3274,0.9968,0.0032,0.0,C,53.7,251.8,1401,0.0009,0.0003,0.9988,0.0,0.0,creep,124.4,763.6,4443,0.0048,0.556,0.0062,0.433,,,,,,,
d2f02321a3360119781084482e33cf9d-149,10.102,True,no_light_for_ego,37.0,221.1,1173,0.0,0.0,1.0,not_stop_controlled,81.8,395.3,2238,0.0,1.0,ego_may_go,111.4,580.2,3247,0.0097,0.9903,moving_lead,81.8,382.7,2218,0.0001,0.0,0.9999,clear,46.4,236.5,1158,0.0,1.0,go,129.9,748.0,4304,0.0,1.0,go,127.3,773.7,4381,0.0,1.0,left_pass,106.4,576.0,3274,0.4683,0.0634,0.4683,C,43.5,245.5,1404,0.0,0.0,0.9999,0.0,0.0,follow,133.3,794.2,4446,0.0,0.0,0.9241,0.0759,,,,,,,
d33f3bd9072e67eee08caea89debd611-149,8.063,True,no_light_for_ego,44.5,244.2,1173,0.0,0.0,1.0,not_stop_controlled,78.1,391.2,2238,0.0004,0.9996,ego_may_go,116.2,576.5,3247,0.0001,0.9999,none_ahead,74.2,390.1,2218,1.0,0.0,0.0,clear,44.8,242.0,1158,0.0,1.0,go,135.1,765.5,4304,0.0,1.0,go,137.5,772.9,4378,0.0,1.0,left_pass,113.0,575.6,3274,0.9883,0.0031,0.0086,C,44.8,235.0,1401,0.0,0.0,1.0,0.0,0.0,go,131.2,772.3,4443,0.0,0.0001,0.0759,0.9241,,,,,,,
d42445e3d27558f8d2ed5f4e5a4138c0-148,0.09,True,no_light_for_ego,43.9,228.0,1173,0.0,0.0,1.0,stop_controlled,81.9,371.4,2238,1.0,0.0,ego_may_go,109.7,573.6,3247,0.4073,0.5927,moving_lead,67.9,391.3,2218,0.0001,0.0,0.9999,clear,43.4,244.1,1158,0.0,1.0,hold,135.1,746.7,4298,0.9997,0.0003,hold,119.6,777.9,4375,0.9933,0.0067,left_pass,104.5,580.3,3274,0.5741,0.0777,0.3482,C,44.2,254.8,1398,0.3207,0.0003,0.679,0.0,0.0,hold,142.1,789.5,4440,0.9999,0.0,0.0,0.0001,go,131.8,776.1,4387.0,0.0019,0.0019,0.9962
d516e25bf3c0078a13663810f9d9e297-150,11.298,True,no_light_for_ego,38.7,250.7,1173,0.0,0.0,1.0,not_stop_controlled,78.2,385.2,2238,0.0,1.0,ego_may_go,115.0,571.6,3247,0.0015,0.9985,moving_lead,86.1,389.5,2218,0.0,0.0,1.0,clear,38.3,246.6,1158,0.0,1.0,go,132.3,759.0,4304,0.0,1.0,go,127.5,782.9,4381,0.0,1.0,clear_lane,102.8,562.3,3274,0.2686,0.1629,0.5685,C,47.1,243.6,1396,0.0,0.0,1.0,0.0,0.0,follow,127.0,801.1,4438,0.0,0.0,0.989,0.011,,,,,,,
d5a542df464004d76568e3ea694133bf-148,10.158,True,no_light_for_ego,36.7,223.3,1173,0.0,0.0,1.0,stop_controlled,70.3,374.8,2238,0.6792,0.3208,ego_may_go,116.7,565.2,3247,0.0052,0.9948,none_ahead,77.9,374.4,2218,1.0,0.0,0.0,clear,46.4,236.1,1158,0.0,1.0,go,132.0,738.7,4304,0.0,1.0,go,129.8,771.0,4378,0.0002,0.9998,clear_lane,109.3,575.0,3274,0.2595,0.0351,0.7054,C,41.8,255.5,1393,0.0,0.0,1.0,0.0,0.0,go,138.7,808.5,4435,0.0,0.0446,0.2569,0.6984,,,,,,,
d5fa64f6a8c44c60aaec7b07776e23c4-150,0.004,True,red_or_yellow_for_ego,39.7,246.7,1173,1.0,0.0,0.0,stop_controlled,78.7,377.6,2238,0.7311,0.2689,ego_may_go,121.6,554.9,3247,0.1067,0.8933,none_ahead,72.0,375.4,2218,0.9966,0.0019,0.0015,clear,27.0,223.1,1158,0.0,1.0,hold,127.8,779.8,4298,1.0,0.0,hold,128.5,797.5,4374,1.0,0.0,clear_lane,117.8,573.2,3274,0.0109,0.004,0.985,C,39.1,242.9,1389,0.0,0.0,1.0,0.0,0.0,hold,127.2,763.5,4431,1.0,0.0,0.0,0.0,hold,142.6,767.7,4386.0,1.0,0.0,0.0
d6dd84e36f1cf0db4cce7e131385489d-148,11.432,True,no_light_for_ego,28.2,221.6,1173,0.0,0.0067,0.9933,not_stop_controlled,79.9,393.2,2238,0.0001,0.9999,ego_may_go,97.7,566.0,3247,0.0052,0.9948,moving_lead,90.6,395.3,2218,0.0,0.0,1.0,clear,47.1,241.3,1158,0.0,1.0,go,125.4,747.5,4304,0.0,1.0,go,138.3,760.6,4381,0.0,1.0,left_pass,105.8,561.7,3274,0.9959,0.0041,0.0,A,49.5,244.5,1404,0.9207,0.0038,0.0756,0.0,0.0,follow,129.7,796.6,4446,0.0,0.0,0.8176,0.1824,,,,,,,
d6ea4dab948d2d1ce93216f3285a38f5-148,0.669,True,red_or_yellow_for_ego,43.0,216.9,1173,1.0,0.0,0.0,stop_controlled,84.0,406.8,2238,1.0,0.0,ego_may_go,114.7,588.4,3247,0.1645,0.8355,moving_lead,98.7,376.2,2218,0.0015,0.014,0.9845,clear,39.4,249.7,1158,0.0,1.0,hold,126.2,766.5,4303,0.852,0.148,hold,143.3,777.3,4382,0.9988,0.0012,left_pass,106.0,576.9,3274,0.989,0.011,0.0001,C,47.3,250.9,1405,0.0,0.0,1.0,0.0,0.0,creep,121.8,787.1,4447,0.018,0.982,0.0,0.0001,,,,,,,
d7029947c6c42936fd5b9c5ee47bcd8a-149,1.629,True,no_light_for_ego,35.4,206.6,1173,0.0,0.0,1.0,not_stop_controlled,73.6,345.9,2238,0.0,1.0,ego_may_go,101.8,551.0,3247,0.0,1.0,none_ahead,84.7,346.4,2218,1.0,0.0,0.0,clear,47.8,209.8,1158,0.0,1.0,go,127.9,698.8,4303,0.0,1.0,go,145.3,763.1,4377,0.0,1.0,clear_lane,107.2,570.5,3274,0.0,0.0,1.0,C,39.3,265.5,1392,0.0,0.0,1.0,0.0,0.0,go,128.0,782.6,4434,0.0,0.0,0.3208,0.6792,,,,,,,
d70424285435825fb640a16dcc61fe63-150,6.719,True,no_light_for_ego,42.8,225.4,1173,0.0,0.0,1.0,stop_controlled,85.9,404.7,2238,0.7773,0.2227,ego_may_go,109.2,572.7,3247,0.0009,0.9991,none_ahead,78.5,389.1,2218,0.9999,0.0,0.0001,clear,44.5,240.5,1158,0.0,1.0,go,128.6,751.0,4304,0.011,0.989,go,129.7,773.7,4378,0.0474,0.9526,left_pass,106.9,584.0,3274,0.9859,0.0141,0.0,C,53.1,248.6,1401,0.0001,0.0004,0.9995,0.0,0.0,creep,128.1,796.5,4443,0.0001,0.9986,0.0002,0.0012,,,,,,,
d708ae19b947725fa73209b1d6167879-149,0.012,True,no_light_for_ego,33.6,253.4,1173,0.0,0.0,1.0,stop_controlled,79.5,379.0,2238,1.0,0.0,ego_may_go,126.2,565.1,3247,0.0059,0.9941,moving_lead,74.8,388.0,2218,0.1192,0.0,0.8808,clear,47.9,248.3,1158,0.0,1.0,hold,129.7,766.1,4298,0.982,0.018,hold,105.4,797.8,4375,0.7773,0.2227,clear_lane,108.9,561.6,3274,0.2187,0.018,0.7633,C,53.9,252.1,1390,0.0,0.0,1.0,0.0,0.0,hold,123.4,803.4,4432,0.924,0.0002,0.0,0.0758,go,148.7,775.9,4387.0,0.0006,0.0601,0.9394
d71c0cbf7217a87fa25e05a66f3f0d46-149,0.346,True,no_light_for_ego,44.7,252.0,1173,0.0,0.0,1.0,stop_controlled,75.8,388.3,2238,0.5622,0.4378,ego_may_go,118.1,575.3,3247,0.3486,0.6514,moving_lead,74.4,387.1,2218,0.0157,0.3158,0.6685,clear,44.4,239.0,1158,0.0,1.0,hold,132.4,767.9,4298,0.9999,0.0001,hold,133.6,785.8,4375,0.9933,0.0067,left_pass,106.4,560.9,3274,0.9852,0.0141,0.0007,C,45.5,244.1,1398,0.1192,0.0003,0.8805,0.0,0.0,hold,123.9,788.8,4440,0.9976,0.0019,0.0,0.0004,hold,133.2,781.6,4387.0,0.6045,0.2224,0.1732
d7a169aa0b0b8247631ead8c0dad382f-147,8.716,True,no_light_for_ego,41.8,233.3,1173,0.0,0.0,1.0,not_stop_controlled,73.1,397.5,2238,0.0759,0.9241,ego_may_go,105.2,551.4,3247,0.0141,0.9859,none_ahead,74.9,373.6,2218,0.777,0.0003,0.2226,clear,50.4,240.0,1158,0.0,1.0,go,139.1,741.6,4304,0.0,1.0,go,122.1,776.0,4378,0.0,1.0,left_pass,103.4,565.5,3274,0.6727,0.0096,0.3177,C,60.1,240.9,1401,0.0002,0.0,0.9998,0.0,0.0,go,137.6,803.5,4443,0.0,0.0,0.148,0.852,,,,,,,
d7a1e9029ac7440b1f561e8f0dcf6cf5-149,7.903,True,no_light_for_ego,39.7,252.2,1173,0.0041,0.0003,0.9957,not_stop_controlled,78.9,388.3,2238,0.0373,0.9627,ego_may_go,109.8,574.7,3247,0.2018,0.7982,moving_lead,65.1,391.3,2218,0.2225,0.0007,0.7767,clear,43.0,233.8,1158,0.0,1.0,go,128.3,777.5,4304,0.0,1.0,go,135.2,776.9,4381,0.0,1.0,left_pass,115.8,569.5,3274,0.8804,0.1191,0.0005,C,49.0,239.6,1404,0.0015,0.0,0.9984,0.0,0.0,go,127.1,808.0,4446,0.0,0.0,0.3208,0.6792,,,,,,,
d810a02521d2fdb70bd0b2e8fd706ab9-149,7.138,True,no_light_for_ego,38.4,228.7,1173,0.0,0.0,1.0,not_stop_controlled,85.6,401.8,2238,0.0003,0.9997,ego_may_go,107.5,581.9,3247,0.0009,0.9991,none_ahead,71.6,394.5,2218,1.0,0.0,0.0,clear,49.7,227.1,1158,0.0,1.0,go,140.5,784.7,4304,0.0012,0.9988,go,123.0,793.7,4378,0.0,1.0,left_pass,94.8,562.0,3274,0.9993,0.0007,0.0,C,50.6,257.9,1401,0.0003,0.0009,0.9988,0.0,0.0,creep,136.8,758.9,4443,0.0,0.6078,0.0236,0.3686,,,,,,,
d851fd8c2b36dc5a06da14a19d103c41-147,3.241,True,no_light_for_ego,36.5,227.8,1173,0.0,0.0,1.0,not_stop_controlled,78.3,393.3,2238,0.0,1.0,ego_may_go,123.7,568.2,3247,0.0002,0.9998,none_ahead,72.8,386.1,2218,1.0,0.0,0.0,clear,50.5,237.5,1158,0.0,1.0,go,131.4,749.6,4304,0.0007,0.9993,go,128.6,776.4,4378,0.0,1.0,left_pass,101.3,577.2,3274,0.9765,0.023,0.0005,A,42.9,240.4,1401,0.7252,0.0081,0.2668,0.0,0.0,go,126.5,807.5,4443,0.0,0.0066,0.0109,0.9825,,,,,,,
d8556b6996449224380fb5ace9d44d6e-150,4.268,True,no_light_for_ego,37.1,247.7,1173,0.0,0.0,1.0,not_stop_controlled,86.9,386.3,2238,0.0373,0.9627,ego_may_go,117.4,568.0,3247,0.0601,0.9399,moving_lead,72.2,392.4,2218,0.2224,0.1732,0.6045,clear,34.4,214.8,1158,0.0,1.0,go,138.2,777.0,4304,0.0001,0.9999,go,134.0,786.5,4381,0.0,1.0,left_pass,100.0,565.0,3274,0.9624,0.0373,0.0003,C,48.8,250.8,1404,0.0006,0.0,0.9994,0.0,0.0,go,128.4,757.1,4446,0.0,0.0006,0.2226,0.7769,,,,,,,
d891296adb8eb88ce3b0071c9dfbd8c5-149,10.79,True,green_for_ego,35.2,218.4,1173,0.0,0.9707,0.0293,not_stop_controlled,79.1,403.2,2238,0.0,1.0,ego_may_go,117.7,564.6,3247,0.2942,0.7058,moving_lead,78.1,393.8,2218,0.0019,0.0,0.998,clear,39.5,246.1,1158,0.0,1.0,go,128.6,756.2,4304,0.0,1.0,go,121.0,778.7,4381,0.0,1.0,left_pass,105.6,574.8,3274,0.6624,0.1478,0.1898,C,42.7,246.7,1404,0.0019,0.0,0.9981,0.0,0.0,go,130.7,802.0,4446,0.0,0.0,0.0007,0.9993,,,,,,,
d8cbdcb8c34bc8b60ab96ff4f627608c-148,0.819,True,no_light_for_ego,41.3,241.1,1173,0.0,0.0,1.0,stop_controlled,76.1,401.1,2238,1.0,0.0,ego_may_go,107.5,585.5,3247,0.2942,0.7058,moving_lead,87.3,378.1,2218,0.0141,0.0008,0.9852,clear,40.7,221.3,1158,0.0,1.0,go,139.9,786.1,4303,0.0293,0.9707,go,137.0,774.3,4380,0.0,1.0,left_pass,98.7,563.3,3274,0.9522,0.0474,0.0004,C,51.9,249.0,1403,0.0012,0.0001,0.9987,0.0,0.0,creep,129.1,765.4,4445,0.0,0.9959,0.0,0.0041,,,,,,,
da12627f1f31849aafc1127a5780ea13-148,7.143,True,no_light_for_ego,34.2,230.9,1173,0.0,0.0,1.0,not_stop_controlled,70.8,389.4,2238,0.0,1.0,ego_may_go,108.1,578.7,3247,0.0203,0.9797,moving_lead,78.2,381.3,2218,0.2689,0.0001,0.731,clear,51.7,233.0,1158,0.0,1.0,go,127.1,744.6,4304,0.0,1.0,go,128.9,779.6,4381,0.0,1.0,clear_lane,101.2,573.6,3274,0.2994,0.0668,0.6338,C,38.2,242.9,1396,0.0,0.0,1.0,0.0,0.0,follow,124.5,794.3,4438,0.0,0.0,0.8176,0.1824,,,,,,,
da4a979e45b17b8b48f6e65e3d162ac4-149,0.001,True,no_light_for_ego,38.7,226.6,1173,0.0,0.0,1.0,not_stop_controlled,75.3,379.3,2238,0.0,1.0,ego_may_go,107.2,559.5,3247,0.1192,0.8808,none_ahead,80.6,371.0,2218,0.999,0.0003,0.0007,clear,44.8,234.4,1158,0.0,1.0,hold,131.3,741.2,4298,1.0,0.0,hold,132.3,777.3,4372,0.9997,0.0003,left_pass,109.5,564.5,3274,0.9966,0.0025,0.0009,C,49.7,255.4,1395,0.0025,0.0,0.9975,0.0,0.0,hold,136.5,795.3,4437,1.0,0.0,0.0,0.0,hold,128.9,770.5,4384.0,0.6224,0.0,0.3775
dab72f2dc046264172fbb26b39147bf7-147,4.94,True,red_or_yellow_for_ego,29.8,245.5,1173,1.0,0.0,0.0,stop_controlled,79.7,391.0,2238,1.0,0.0,ego_may_go,116.1,573.0,3247,0.0534,0.9466,moving_lead,94.9,372.4,2218,0.0,0.0,1.0,clear,44.6,217.8,1158,0.0,1.0,hold,143.3,777.4,4304,0.9399,0.0601,hold,129.1,769.4,4383,1.0,0.0,clear_lane,109.1,560.9,3274,0.1183,0.0076,0.8741,C,42.7,255.5,1398,0.0,0.0,1.0,0.0,0.0,hold,131.0,752.4,4440,0.9995,0.0004,0.0,0.0,,,,,,,
dabe56f068d94714e5181d3607498d1f-148,0.634,True,red_or_yellow_for_ego,33.9,220.7,1173,1.0,0.0,0.0,not_stop_controlled,75.4,407.4,2238,0.018,0.982,others_first,109.4,539.9,3247,0.9999,0.0001,stopped_lead,83.2,378.2,2218,0.1387,0.4842,0.3771,clear,44.6,221.1,1158,0.023,0.977,hold,135.3,766.7,4303,1.0,0.0,hold,132.7,774.0,4383,1.0,0.0,left_pass,116.4,572.9,3274,0.9909,0.0067,0.0025,C,58.1,249.8,1406,0.0002,0.0,0.9998,0.0,0.0,hold,123.3,807.2,4448,0.9981,0.0019,0.0,0.0,,,,,,,
dabf8b9da830f1ab1556178a056a976d-148,0.463,True,no_light_for_ego,39.6,221.7,1173,0.0004,0.0019,0.9976,not_stop_controlled,90.6,397.8,2238,0.2689,0.7311,others_first,102.4,578.4,3247,0.6514,0.3486,moving_lead,76.7,394.7,2218,0.0005,0.1191,0.8804,clear,49.7,231.0,1158,0.0001,0.9999,hold,129.1,785.9,4298,0.9999,0.0001,hold,136.8,784.6,4376,0.9047,0.0953,left_pass,113.0,574.1,3274,0.9121,0.0749,0.013,C,44.0,253.8,1399,0.06,0.0011,0.9388,0.0,0.0,hold,121.3,810.2,4441,0.8675,0.0712,0.0058,0.0555,hold,138.0,779.2,4388.0,0.9478,0.0472,0.005
daeb6b01224335fac3f28974b53c32ec-148,0.302,True,no_light_for_ego,40.4,237.3,1173,0.0,0.0,1.0,stop_controlled,78.3,401.3,2238,1.0,0.0,ego_may_go,120.1,575.9,3247,0.0474,0.9526,none_ahead,85.7,386.9,2218,0.9978,0.0007,0.0015,clear,40.4,220.8,1158,0.0,1.0,hold,137.7,780.0,4298,0.9998,0.0002,hold,141.3,776.1,4372,0.989,0.011,left_pass,120.9,573.9,3274,0.8306,0.0251,0.1443,C,45.4,246.6,1395,0.0007,0.0002,0.9991,0.0,0.0,hold,130.9,797.5,4437,0.9999,0.0,0.0,0.0001,go,128.0,776.5,4384.0,0.0006,0.0032,0.9963
db145e0aed4000127391a3658d55f921-147,0.658,True,red_or_yellow_for_ego,38.5,219.8,1173,1.0,0.0,0.0,not_stop_controlled,75.6,381.8,2238,0.0004,0.9996,ego_may_go,118.8,562.3,3247,0.2451,0.7549,none_ahead,72.6,376.0,2218,0.8776,0.0036,0.1188,clear,45.9,233.5,1158,0.0,1.0,hold,128.6,747.8,4303,0.9959,0.0041,hold,121.2,782.7,4379,1.0,0.0,clear_lane,104.1,576.1,3274,0.0067,0.0019,0.9914,C,45.4,251.9,1394,0.0,0.0,1.0,0.0,0.0,hold,130.3,803.1,4436,0.9996,0.0003,0.0,0.0001,,,,,,,
dbdafa374e2756a14a982015ea6d512e-148,3.461,True,no_light_for_ego,34.2,250.6,1173,0.0,0.0,1.0,not_stop_controlled,86.6,386.1,2238,0.0,1.0,ego_may_go,129.0,562.6,3247,0.0067,0.9933,moving_lead,78.0,376.5,2218,0.2162,0.0293,0.7546,clear,41.7,220.4,1158,0.0,1.0,go,136.0,775.9,4304,0.0,1.0,go,131.8,797.2,4381,0.0,1.0,left_pass,105.4,561.6,3274,0.9598,0.0226,0.0176,C,42.8,249.1,1404,0.0012,0.0,0.9988,0.0,0.0,follow,132.5,770.9,4446,0.0,0.1316,0.5898,0.2786,,,,,,,
dc05cab44b98865ec5e2d90e7ef711d0-148,1.46,True,green_for_ego,37.2,225.1,1173,0.0,0.9998,0.0002,not_stop_controlled,84.8,384.3,2238,0.018,0.982,others_first,123.1,561.6,3247,0.8176,0.1824,moving_lead,87.2,374.5,2218,0.0177,0.0177,0.9647,clear,40.8,238.2,1158,0.0373,0.9627,go,128.9,758.1,4303,0.0953,0.9047,go,107.0,775.7,4381,0.0,1.0,left_pass,114.3,572.2,3274,0.928,0.036,0.036,C,45.1,247.9,1404,0.0758,0.0003,0.9236,0.0003,0.0,go,120.7,805.3,4446,0.0,0.0052,0.0007,0.9941,,,,,,,
dc14ebcb0f831fed5c89547aa7049bac-149,4.873,True,green_for_ego,41.5,252.6,1173,0.0,1.0,0.0,not_stop_controlled,81.6,389.5,2238,0.0052,0.9948,others_first,122.5,563.7,3247,0.5927,0.4073,moving_lead,71.6,391.5,2218,0.0002,0.0,0.9998,clear,47.2,222.9,1158,0.0,1.0,go,138.4,766.6,4304,0.0141,0.9859,go,140.9,770.2,4382,0.0,1.0,clear_lane,103.1,566.5,3274,0.0291,0.0083,0.9626,C,56.3,256.0,1397,0.0,0.0,1.0,0.0,0.0,go,126.1,804.5,4439,0.0,0.0,0.0003,0.9997,,,,,,,
dc75de6b063705470c47cf52902aac2e-148,1.608,True,no_light_for_ego,41.4,248.6,1173,0.0,0.0,1.0,stop_controlled,88.6,387.0,2238,1.0,0.0,ego_may_go,120.5,566.3,3247,0.0159,0.9841,stopped_lead,75.4,393.1,2218,0.1898,0.6624,0.1478,clear,46.9,217.7,1158,0.0,1.0,hold,135.3,779.2,4303,0.5,0.5,hold,127.2,778.9,4380,0.8808,0.1192,left_pass,108.6,578.1,3274,0.982,0.018,0.0,C,58.4,252.4,1403,0.0009,0.011,0.987,0.0012,0.0,creep,126.7,794.3,4445,0.0086,0.9914,0.0,0.0001,,,,,,,
dd7e52e9f9e1ae9c50e476b3340d1226-149,9.899,True,no_light_for_ego,37.2,224.4,1173,0.0,0.0041,0.9959,not_stop_controlled,73.7,380.6,2238,0.0,1.0,ego_may_go,122.8,555.1,3247,0.026,0.974,moving_lead,79.8,372.8,2218,0.2689,0.0,0.7311,clear,44.5,231.0,1158,0.0,1.0,go,148.1,737.1,4304,0.0,1.0,go,132.3,773.8,4381,0.0,1.0,clear_lane,104.2,577.1,3274,0.2686,0.1629,0.5685,C,50.6,244.2,1396,0.0,0.0,1.0,0.0,0.0,go,132.2,791.4,4438,0.0,0.0,0.0067,0.9933,,,,,,,
dea3f9bccb4bf6f1d600b06d352eda84-148,0.0,True,green_for_ego,35.4,250.6,1173,0.0,1.0,0.0,stop_controlled,81.6,393.9,2238,0.9047,0.0953,ego_may_go,118.9,567.6,3247,0.1067,0.8933,none_ahead,76.6,385.9,2218,0.9968,0.0,0.0032,clear,39.2,240.7,1158,0.0,1.0,hold,133.0,767.1,4298,0.9991,0.0009,go,126.9,777.2,4372,0.011,0.989,clear_lane,112.3,579.3,3274,0.0032,0.0015,0.9953,C,48.2,243.1,1387,0.0,0.0,1.0,0.0,0.0,go,129.4,793.9,4429,0.1824,0.0,0.0,0.8176,go,132.0,764.0,4384.0,0.0,0.0007,0.9993
df066120eff5488fb7d9b5304243db77-148,1.848,True,no_light_for_ego,39.9,229.6,1173,0.0,0.0,1.0,stop_controlled,70.1,373.2,2238,0.9627,0.0373,ego_may_go,118.3,571.3,3247,0.2018,0.7982,moving_lead,68.2,384.4,2218,0.0,0.0,1.0,clear,45.4,241.8,1158,0.0,1.0,go,128.1,740.6,4303,0.0002,0.9998,go,124.0,774.5,4380,0.0373,0.9627,left_pass,117.8,571.5,3274,0.9045,0.0953,0.0002,C,49.1,251.5,1403,0.0002,0.0004,0.9994,0.0,0.0,creep,128.6,799.5,4445,0.0015,0.9963,0.0003,0.0019,,,,,,,
dfa20c65dcc57c6ccabc47a7cc96d13f-148,6.253,True,red_or_yellow_for_ego,38.5,249.5,1173,0.4926,0.0149,0.4926,not_stop_controlled,77.8,387.8,2238,0.0041,0.9959,others_first,104.1,586.2,3247,0.8933,0.1067,none_ahead,78.9,386.8,2218,1.0,0.0,0.0,clear,39.0,241.7,1158,0.0141,0.9859,hold,131.2,782.0,4304,0.6792,0.3208,hold,124.9,778.0,4381,0.6792,0.3208,left_pass,106.2,570.8,3274,0.9809,0.0051,0.014,C,42.7,258.5,1404,0.0032,0.0001,0.9966,0.0001,0.0,go,116.4,764.1,4446,0.0368,0.0135,0.0016,0.9481,,,,,,,
dfce31eddd186ed13efa86446b6671c9-148,0.087,True,green_for_ego,31.9,225.5,1173,0.0,0.9968,0.0032,not_stop_controlled,81.4,387.6,2238,0.0,1.0,ego_may_go,109.4,567.2,3247,0.3486,0.6514,none_ahead,78.8,393.9,2218,0.9999,0.0,0.0,crossing,48.0,241.1,1158,0.9948,0.0052,hold,127.8,747.2,4298,0.9859,0.0141,go,143.3,761.3,4372,0.0,1.0,left_pass,92.3,565.9,3274,0.6357,0.1821,0.1821,A,55.6,248.8,1395,0.9992,0.0003,0.0002,0.0,0.0002,go,135.0,804.0,4437,0.0,0.0,0.0,1.0,go,122.4,772.5,4384.0,0.0,0.0,1.0
dfd6e5dccb25fed9d20ec0b2c94bef13-149,0.235,True,no_light_for_ego,38.5,217.7,1173,0.0,0.0,1.0,stop_controlled,90.7,407.4,2238,1.0,0.0,others_first,100.3,579.5,3247,0.7982,0.2018,none_ahead,94.1,391.8,2218,0.7773,0.0001,0.2227,clear,47.7,242.2,1158,0.0,1.0,hold,131.1,761.5,4298,0.9998,0.0002,hold,127.9,770.2,4373,1.0,0.0,left_pass,104.8,570.8,3274,0.9704,0.0293,0.0003,C,49.5,239.8,1396,0.004,0.0001,0.9779,0.0179,0.0001,hold,130.5,793.1,4438,1.0,0.0,0.0,0.0,hold,139.4,777.6,4385.0,0.9997,0.0,0.0003
e00f71d4b9c672baa9f314756a454e83-149,9.889,True,no_light_for_ego,40.9,230.9,1173,0.0,0.0,1.0,not_stop_controlled,80.0,409.7,2238,0.0009,0.9991,ego_may_go,106.8,585.3,3247,0.0001,0.9999,none_ahead,76.7,394.5,2218,0.9047,0.0,0.0953,clear,43.6,243.1,1158,0.0,1.0,go,135.7,772.9,4304,0.0003,0.9997,go,104.2,798.9,4378,0.0,1.0,clear_lane,116.6,561.1,3274,0.0285,0.0285,0.943,C,49.4,252.0,1393,0.0,0.0,1.0,0.0,0.0,go,128.8,775.8,4435,0.0,0.0,0.0086,0.9914,,,,,,,
e03d881a6ac1a5c7219f62732e7fc656-150,3.116,True,no_light_for_ego,31.0,221.1,1173,0.0032,0.0003,0.9965,not_stop_controlled,84.1,388.1,2238,0.0003,0.9997,ego_may_go,118.0,573.0,3247,0.3775,0.6225,moving_lead,77.7,378.6,2218,0.0,0.0,1.0,clear,45.9,238.6,1158,0.0,1.0,go,147.2,741.9,4304,0.0002,0.9998,go,99.7,783.7,4381,0.0,1.0,left_pass,112.0,580.9,3274,0.8776,0.1188,0.0036,C,42.6,240.8,1404,0.0041,0.0,0.9959,0.0,0.0,follow,135.4,796.0,4446,0.0,0.0216,0.7153,0.2631,,,,,,,
e1c03a6e5d363e77c6c705495b966a04-149,1.971,True,no_light_for_ego,36.0,213.2,1173,0.0,0.0,1.0,not_stop_controlled,73.2,382.1,2238,0.0,1.0,ego_may_go,116.6,565.9,3247,0.0006,0.9994,stopped_lead,67.5,384.9,2218,0.1803,0.8081,0.0115,clear,47.9,233.1,1158,0.0,1.0,go,137.9,743.0,4303,0.0003,0.9997,go,106.4,780.7,4380,0.0373,0.9627,left_pass,117.6,585.9,3274,0.9883,0.0086,0.0031,C,53.6,252.1,1403,0.0025,0.0019,0.9945,0.0012,0.0,creep,137.5,803.8,4445,0.0,0.9237,0.0005,0.0758,,,,,,,
e22775619489e7ebacd0115f9e6b4ee0-148,4.415,True,no_light_for_ego,39.6,236.5,1173,0.0,0.0,1.0,stop_controlled,87.4,365.6,2238,1.0,0.0,others_first,118.7,564.3,3247,0.7982,0.2018,none_ahead,74.0,381.3,2218,0.6037,0.3662,0.0301,clear,47.0,239.8,1158,0.0,1.0,go,136.5,756.2,4304,0.0001,0.9999,hold,136.9,772.5,4379,0.5,0.5,left_pass,106.5,580.7,3274,0.989,0.011,0.0,C,50.6,242.3,1402,0.0001,0.0,0.9983,0.0007,0.0009,creep,118.5,789.1,4444,0.0002,0.9957,0.0,0.0041,,,,,,,
e265dbb6b94dfcf869e8b2e42ba483b7-150,0.0,True,no_light_for_ego,48.1,227.3,1173,0.0,0.0,1.0,not_stop_controlled,70.1,390.4,2238,0.0019,0.9981,ego_may_go,123.8,554.7,3247,0.0008,0.9992,none_ahead,78.7,374.2,2218,1.0,0.0,0.0,clear,45.1,229.8,1158,0.0,1.0,hold,130.6,747.4,4298,1.0,0.0,hold,135.4,764.7,4372,1.0,0.0,left_pass,101.4,570.0,3274,0.9999,0.0001,0.0,C,48.5,251.5,1395,0.0,0.0,1.0,0.0,0.0,hold,123.7,804.1,4437,1.0,0.0,0.0,0.0,hold,120.4,772.6,4384.0,0.6792,0.0,0.3208
e288ca9a7a1670302270d66dd5ff60a2-149,1.389,True,no_light_for_ego,38.0,243.4,1173,0.0,0.0,1.0,stop_controlled,77.9,394.2,2238,1.0,0.0,ego_may_go,118.9,573.7,3247,0.011,0.989,none_ahead,80.1,377.3,2218,0.8079,0.0517,0.1404,clear,37.0,234.2,1158,0.0,1.0,go,133.4,779.2,4303,0.023,0.977,go,144.3,775.2,4377,0.0293,0.9707,left_pass,111.4,567.0,3274,0.9994,0.0006,0.0,C,45.6,244.8,1400,0.0052,0.004,0.9908,0.0,0.0,creep,120.9,769.9,4442,0.0,0.9998,0.0,0.0002,,,,,,,
e28d4950a156ff8b3a5fe5315d6131df-148,0.0,True,red_or_yellow_for_ego,35.1,227.3,1173,1.0,0.0,0.0,stop_controlled,82.6,384.2,2238,0.6792,0.3208,others_first,112.2,581.0,3247,0.5,0.5,moving_lead,75.3,384.9,2218,0.2227,0.0002,0.7771,clear,48.9,237.4,1158,0.0019,0.9981,hold,128.1,747.8,4298,1.0,0.0,hold,141.8,767.4,4378,1.0,0.0,clear_lane,111.7,578.3,3274,0.1816,0.0043,0.8141,C,49.8,247.0,1393,0.0,0.0,1.0,0.0,0.0,hold,133.9,797.8,4435,1.0,0.0,0.0,0.0,hold,125.2,767.7,4390.0,1.0,0.0,0.0
e350da1e9a0a9a8a5a0f2665ae0c4bdc-147,4.437,True,no_light_for_ego,33.3,245.1,1173,0.0,0.0,1.0,not_stop_controlled,76.1,395.3,2238,0.0067,0.9933,ego_may_go,95.2,586.5,3247,0.2227,0.7773,moving_lead,75.0,387.1,2218,0.0293,0.0,0.9706,clear,48.3,238.5,1158,0.0,1.0,go,139.5,766.9,4304,0.0,1.0,go,123.7,774.7,4381,0.0,1.0,left_pass,108.3,558.2,3274,0.7054,0.0351,0.2595,C,51.6,257.5,1404,0.0006,0.0,0.9994,0.0,0.0,go,128.2,768.8,4446,0.0,0.0005,0.4376,0.5619,,,,,,,
e3934bcfef01b4f0ca46fc265b5f6f08-149,2.687,True,no_light_for_ego,30.8,223.7,1173,0.0,0.0,1.0,stop_controlled,79.2,393.9,2238,1.0,0.0,ego_may_go,107.0,575.9,3247,0.1645,0.8355,moving_lead,77.4,389.5,2218,0.0001,0.0,0.9999,clear,47.9,238.6,1158,0.0,1.0,hold,141.4,734.2,4304,0.6792,0.3208,go,117.0,777.5,4381,0.4378,0.5622,clear_lane,103.2,570.8,3274,0.0229,0.004,0.9731,C,48.4,242.3,1396,0.0,0.0,1.0,0.0,0.0,creep,130.3,798.9,4438,0.1419,0.8166,0.0008,0.0407,,,,,,,
e3e6244899ebdbf1a0d0d45fc513b34c-149,0.0,True,no_light_for_ego,40.1,234.1,1173,0.0002,0.0067,0.9932,not_stop_controlled,67.7,379.1,2238,0.0002,0.9998,others_first,121.6,557.2,3247,0.9959,0.0041,none_ahead,85.1,372.5,2218,0.9839,0.0052,0.0109,crossing,51.6,225.2,1158,0.6225,0.3775,hold,131.4,742.0,4298,1.0,0.0,hold,148.9,760.5,4373,0.9999,0.0001,clear_lane,104.1,579.1,3274,0.2144,0.0373,0.7483,C,55.1,253.0,1388,0.0,0.0,0.6788,0.0005,0.3207,hold,126.8,806.5,4430,0.9693,0.0015,0.0,0.0293,hold,135.4,768.5,4385.0,0.9859,0.0141,0.0
e4431764c1426de525da6dba4559e528-148,3.886,True,red_or_yellow_for_ego,31.3,253.9,1173,0.4999,0.0002,0.4999,stop_controlled,79.9,376.4,2238,1.0,0.0,others_first,120.4,566.5,3247,0.9972,0.0028,moving_lead,73.1,386.3,2218,0.0012,0.0,0.9988,clear,48.0,243.6,1158,0.0001,0.9999,go,143.4,759.7,4304,0.3775,0.6225,hold,134.2,778.9,4384,1.0,0.0,left_pass,113.1,562.0,3274,0.7766,0.2225,0.0009,C,50.6,246.4,1407,0.0002,0.0,0.9997,0.0,0.0001,hold,135.0,795.5,4449,0.4999,0.4999,0.0,0.0001,,,,,,,
e457fdeb68c7cea9e839a2a289a4f8cf-148,2.956,True,no_light_for_ego,43.8,229.5,1173,0.0,0.0,1.0,stop_controlled,78.2,410.9,2238,0.6225,0.3775,ego_may_go,112.9,589.0,3247,0.1824,0.8176,moving_lead,88.3,387.4,2218,0.042,0.1142,0.8438,clear,41.7,237.4,1158,0.0,1.0,go,132.7,773.6,4304,0.0032,0.9968,go,108.0,793.6,4381,0.0009,0.9991,left_pass,122.7,558.8,3274,0.9626,0.0373,0.0001,C,42.7,248.8,1404,0.0006,0.0,0.9994,0.0,0.0,creep,130.6,754.8,4446,0.0001,0.8834,0.044,0.0725,,,,,,,
e587c134481445e3d7340b73970b41cc-149,1.886,True,no_light_for_ego,42.9,232.0,1173,0.0,0.0001,0.9999,not_stop_controlled,83.6,388.5,2238,0.0601,0.9399,others_first,106.6,584.3,3247,0.5312,0.4688,moving_lead,94.5,371.8,2218,0.0266,0.3675,0.6059,clear,48.7,237.8,1158,0.0,1.0,go,128.6,744.1,4303,0.0067,0.9933,go,137.7,771.9,4381,0.0,1.0,left_pass,99.5,579.3,3274,0.9764,0.023,0.0006,C,35.6,249.9,1404,0.0141,0.0002,0.9857,0.0,0.0,go,135.9,798.2,4446,0.0,0.3265,0.2543,0.4192,,,,,,,
e58ac76b4d6e46d2b0b6dd8be972ae9d-149,6.853,True,green_for_ego,37.5,249.4,1173,0.0,1.0,0.0,not_stop_controlled,86.4,387.4,2238,0.0032,0.9968,ego_may_go,123.3,568.0,3247,0.2018,0.7982,moving_lead,69.3,393.9,2218,0.0001,0.0012,0.9987,clear,35.9,212.2,1158,0.0025,0.9975,go,127.6,783.4,4304,0.0002,0.9998,go,134.4,789.6,4381,0.0,1.0,clear_lane,109.0,564.5,3274,0.0109,0.0066,0.9825,C,51.0,260.5,1396,0.0,0.0,1.0,0.0,0.0,go,134.6,757.1,4438,0.0,0.0,0.0001,0.9999,,,,,,,
e71a85db89e7ec7b551629c95a33d29f-149,4.194,True,no_light_for_ego,40.4,214.0,1173,0.0,0.0001,0.9999,not_stop_controlled,83.3,404.2,2238,0.2227,0.7773,ego_may_go,122.8,572.9,3247,0.0953,0.9047,moving_lead,69.4,392.6,2218,0.0019,0.0,0.9981,clear,50.0,238.9,1158,0.0,1.0,go,127.7,746.9,4304,0.0,1.0,go,106.2,781.0,4381,0.0,1.0,left_pass,111.7,568.0,3274,0.6897,0.0566,0.2537,C,45.9,240.8,1404,0.0015,0.0001,0.9984,0.0,0.0,follow,129.0,793.8,4446,0.0,0.0029,0.9214,0.0756,,,,,,,
e7fc6657cecef73206610665722f3d20-148,2.569,True,no_light_for_ego,40.3,238.2,1173,0.0,0.0,1.0,not_stop_controlled,84.2,400.3,2238,0.0141,0.9859,ego_may_go,115.3,592.0,3247,0.023,0.977,stopped_lead,92.2,382.2,2218,0.0163,0.6123,0.3714,clear,43.7,237.4,1158,0.0,1.0,go,142.2,759.8,4304,0.0,1.0,hold,123.0,780.8,4381,0.7773,0.2227,left_pass,116.9,565.0,3274,0.9944,0.0052,0.0004,A,54.9,242.4,1404,0.7769,0.0006,0.2226,0.0,0.0,creep,123.7,782.4,4446,0.0,0.9746,0.0024,0.0229,,,,,,,
e9bc10d535da62710806f50d8c21b1ee-148,0.0,True,green_for_ego,40.4,230.8,1173,0.0,1.0,0.0,not_stop_controlled,75.4,377.8,2238,0.0293,0.9707,ego_may_go,107.7,565.3,3247,0.2689,0.7311,none_ahead,68.3,385.2,2218,1.0,0.0,0.0,clear,47.2,237.1,1158,0.0,1.0,hold,144.1,730.0,4298,1.0,0.0,go,125.9,778.0,4372,0.0,1.0,clear_lane,110.0,578.4,3274,0.0002,0.0,0.9998,C,50.7,244.3,1387,0.0,0.0,1.0,0.0,0.0,go,138.0,792.0,4429,0.0,0.0,0.0,1.0,go,135.2,766.6,4384.0,0.0,0.0,1.0
ea0aca0d962a2e66684545d8a6e30fce-148,4.769,True,no_light_for_ego,34.2,246.6,1173,0.0,0.0,1.0,stop_controlled,75.9,383.6,2238,0.9627,0.0373,others_first,114.2,585.4,3247,0.6514,0.3486,stopped_lead,92.5,384.2,2218,0.0351,0.7054,0.2595,clear,45.2,215.0,1158,0.0,1.0,go,138.2,769.6,4304,0.0009,0.9991,hold,128.6,779.5,4382,0.9975,0.0025,left_pass,110.8,569.1,3274,0.5986,0.0383,0.3631,C,40.6,249.5,1405,0.0948,0.0005,0.8996,0.0004,0.0047,creep,125.8,756.7,4447,0.0179,0.977,0.0,0.0051,,,,,,,
ea54ad5b589738a1e74a5afe7c885889-148,5.453,True,green_for_ego,33.1,224.7,1173,0.0066,0.9756,0.0179,not_stop_controlled,72.5,407.0,2238,0.0002,0.9998,others_first,115.4,580.2,3247,0.8808,0.1192,none_ahead,80.9,377.8,2218,0.9998,0.0,0.0002,clear,44.7,239.6,1158,0.0001,0.9999,hold,128.9,750.0,4304,0.6792,0.3208,go,135.3,769.6,4379,0.0,1.0,left_pass,90.0,571.1,3274,0.9959,0.0041,0.0,C,42.4,247.3,1402,0.3075,0.0416,0.6509,0.0,0.0,go,125.3,805.8,4444,0.0,0.0003,0.0004,0.9992,,,,,,,
ea9000098840a70220698bd12b167f97-148,4.929,True,no_light_for_ego,33.3,225.3,1173,0.0,0.0,1.0,not_stop_controlled,67.8,371.9,2238,0.0,1.0,ego_may_go,112.3,570.7,3247,0.0141,0.9859,none_ahead,81.4,372.9,2218,0.6285,0.1402,0.2312,clear,46.5,238.8,1158,0.0,1.0,go,134.3,735.3,4304,0.0,1.0,go,135.7,762.3,4378,0.0,1.0,left_pass,103.1,512.9,3274,0.8306,0.0251,0.1443,C,58.1,241.3,1401,0.0002,0.0,0.9998,0.0,0.0,go,136.3,760.2,4443,0.0,0.0029,0.0756,0.9214,,,,,,,
eae16043145bd863409729b3f915043a-148,6.876,True,no_light_for_ego,45.0,213.3,1173,0.0,0.0,1.0,stop_controlled,77.1,374.3,2238,1.0,0.0,others_first,115.1,544.8,3247,0.9954,0.0046,none_ahead,76.0,377.8,2218,0.6224,0.0001,0.3775,clear,55.9,205.9,1158,0.0,1.0,go,125.9,750.4,4304,0.0009,0.9991,go,131.2,762.4,4379,0.1192,0.8808,left_pass,95.2,571.5,3274,0.9317,0.0464,0.0219,C,56.9,250.3,1402,0.0001,0.0,0.9838,0.0109,0.0052,creep,133.3,792.2,4444,0.0,0.9859,0.0,0.0141,,,,,,,
ecd3a19b6d95e13e4d16ba3bb178eae5-149,0.02,True,no_light_for_ego,45.6,239.3,1173,0.0,0.0,1.0,not_stop_controlled,72.0,373.4,2238,0.148,0.852,ego_may_go,112.7,564.5,3247,0.0032,0.9968,none_ahead,82.1,378.8,2218,1.0,0.0,0.0,clear,45.8,240.8,1158,0.0,1.0,hold,140.6,750.6,4298,1.0,0.0,hold,129.2,766.5,4372,0.9859,0.0141,left_pass,105.1,571.5,3274,0.943,0.0285,0.0285,C,49.3,253.6,1395,0.0,0.0,1.0,0.0,0.0,hold,131.4,767.8,4437,0.9966,0.0,0.0003,0.0032,go,125.9,763.2,4384.0,0.0002,0.0,0.9998
ecdd8476fa14818d1975329c67446eb6-150,0.588,True,no_light_for_ego,33.9,227.0,1173,0.0,0.0,1.0,stop_controlled,82.2,382.9,2238,1.0,0.0,others_first,109.7,573.6,3247,0.982,0.018,stopped_lead,82.1,378.0,2218,0.3204,0.5283,0.1513,clear,41.9,244.7,1158,0.023,0.977,hold,139.1,749.5,4303,0.9047,0.0953,hold,104.1,781.9,4381,1.0,0.0,left_pass,114.8,582.2,3274,0.989,0.011,0.0,C,44.7,255.0,1404,0.3775,0.0,0.6223,0.0002,0.0,creep,131.8,797.9,4446,0.0293,0.9707,0.0,0.0,,,,,,,
ed37831e4ccf5f96c8413c818fff2519-148,15.733,True,no_light_for_ego,41.2,252.2,1173,0.0,0.0,1.0,not_stop_controlled,83.4,360.1,2238,0.0,1.0,ego_may_go,126.2,561.7,3247,0.0,1.0,none_ahead,70.2,386.3,2218,1.0,0.0,0.0,clear,42.8,223.8,1158,0.0,1.0,go,130.0,779.5,4304,0.0,1.0,go,135.8,773.0,4378,0.0,1.0,clear_lane,107.3,572.1,3274,0.0003,0.0,0.9997,C,55.9,243.1,1393,0.0,0.0,1.0,0.0,0.0,follow,123.9,790.2,4435,0.0,0.0,0.9707,0.0293,,,,,,,
eec5ca1a6526cc8e9c1a035fff8c0194-148,3.066,True,no_light_for_ego,37.6,234.1,1173,0.0,0.0,1.0,stop_controlled,72.6,390.8,2238,1.0,0.0,others_first,120.6,559.3,3247,0.5927,0.4073,none_ahead,70.4,374.9,2218,0.4985,0.4985,0.003,clear,40.3,227.9,1158,0.0,1.0,go,125.7,740.8,4304,0.0953,0.9047,go,127.4,772.1,4379,0.2227,0.7773,left_pass,108.9,575.6,3274,0.9992,0.0007,0.0001,C,37.5,251.1,1402,0.1187,0.0013,0.877,0.0028,0.0002,creep,112.6,790.4,4444,0.0001,0.9999,0.0,0.0,,,,,,,
ef06b076c2f0910d2499e33961803074-149,10.283,True,green_for_ego,34.8,237.4,1173,0.0,0.9991,0.0009,stop_controlled,77.2,406.9,2238,0.5622,0.4378,others_first,108.6,573.0,3247,0.9466,0.0534,none_ahead,75.3,400.9,2218,0.9769,0.0001,0.023,clear,49.8,227.3,1158,0.0,1.0,hold,135.5,773.1,4304,0.7773,0.2227,go,139.0,787.8,4379,0.0,1.0,left_pass,115.0,583.7,3274,0.9759,0.023,0.0011,C,43.1,249.8,1402,0.0001,0.0,0.9992,0.0006,0.0002,go,129.8,803.4,4444,0.0,0.0178,0.0108,0.9714,,,,,,,
efeeeef1c5e5563fa7dbc47f3675a62c-149,5.968,True,no_light_for_ego,39.2,225.2,1173,0.0,0.0,1.0,stop_controlled,74.9,371.6,2238,1.0,0.0,ego_may_go,113.6,572.0,3247,0.3208,0.6792,none_ahead,89.3,381.2,2218,0.4845,0.031,0.4845,clear,49.7,222.9,1158,0.0,1.0,go,129.7,741.2,4304,0.0009,0.9991,go,99.8,781.1,4378,0.0,1.0,left_pass,105.7,573.5,3274,0.9517,0.0474,0.0009,C,49.7,252.7,1401,0.0041,0.0001,0.9958,0.0,0.0,creep,134.2,797.2,4443,0.0,0.7768,0.0006,0.2226,,,,,,,
f0236dc2f2fb6612f8d6abda39369974-147,0.567,True,no_light_for_ego,29.2,254.2,1173,0.0,0.0,1.0,stop_controlled,81.3,383.5,2238,1.0,0.0,ego_may_go,114.9,568.2,3247,0.0086,0.9914,none_ahead,72.7,377.1,2218,1.0,0.0,0.0,clear,49.0,240.6,1158,0.0,1.0,go,129.5,759.9,4303,0.4378,0.5622,go,138.4,774.0,4377,0.3775,0.6225,left_pass,98.2,574.5,3274,0.5564,0.0102,0.4334,C,47.8,231.2,1400,0.0,0.0,0.9988,0.0012,0.0001,creep,133.3,755.3,4442,0.0086,0.9907,0.0,0.0007,,,,,,,
f051fdcc38a1a20b0a8a080745272a12-150,14.772,True,no_light_for_ego,43.1,222.8,1173,0.0,0.0,1.0,not_stop_controlled,73.0,408.8,2238,0.0,1.0,ego_may_go,121.4,577.7,3247,0.0046,0.9954,moving_lead,88.7,369.4,2218,0.0,0.0,1.0,clear,45.5,240.0,1158,0.0,1.0,go,122.6,757.8,4304,0.0,1.0,go,139.7,762.2,4381,0.0,1.0,left_pass,106.8,572.7,3274,0.9907,0.0086,0.0007,C,39.2,242.5,1404,0.0003,0.0002,0.9995,0.0,0.0,follow,123.8,796.0,4446,0.0,0.0,0.9985,0.0015,,,,,,,
f13fbfd6a820bc93fba9fd494307a062-148,0.071,True,no_light_for_ego,40.0,231.1,1173,0.0,0.0,1.0,stop_controlled,86.3,408.4,2238,1.0,0.0,ego_may_go,110.3,592.0,3247,0.133,0.867,stopped_lead,75.1,379.0,2218,0.0169,0.924,0.0591,clear,47.6,209.7,1158,0.0,1.0,hold,132.6,779.1,4298,0.9975,0.0025,hold,146.3,793.3,4375,0.9998,0.0002,left_pass,104.2,572.7,3274,0.97,0.0293,0.0007,C,45.5,250.0,1398,0.4377,0.0002,0.562,0.0001,0.0,hold,126.8,814.0,4440,0.9999,0.0,0.0,0.0,hold,134.7,785.9,4387.0,0.9669,0.004,0.0292
f1dd0e328596edd3c4cd977a0d09aef5-148,21.945,True,no_light_for_ego,40.5,223.8,1173,0.0,0.0,1.0,not_stop_controlled,69.2,381.8,2238,0.0,1.0,ego_may_go,117.5,557.0,3247,0.0,1.0,moving_lead,73.3,376.5,2218,0.0,0.0,1.0,clear,48.8,235.1,1158,0.0,1.0,go,133.2,751.5,4304,0.0,1.0,go,145.2,759.5,4381,0.0,1.0,clear_lane,100.9,578.5,3274,0.0001,0.0002,0.9997,C,56.1,251.7,1396,0.0,0.0,1.0,0.0,0.0,follow,134.6,789.9,4438,0.0,0.0,0.9959,0.0041,,,,,,,
f2fe35c39b6f34cf5b02e8f96f3a3bfd-149,1.122,True,no_light_for_ego,30.9,252.9,1173,0.0,0.0,1.0,stop_controlled,74.4,387.7,2238,1.0,0.0,ego_may_go,123.2,565.4,3247,0.0474,0.9526,none_ahead,97.6,371.3,2218,1.0,0.0,0.0,clear,50.1,242.1,1158,0.0,1.0,hold,135.0,772.2,4303,0.5,0.5,go,122.5,778.0,4377,0.0001,0.9999,left_pass,106.7,583.0,3274,0.9523,0.0474,0.0003,C,52.4,254.3,1400,0.0,0.0001,0.9999,0.0,0.0,creep,137.4,806.4,4442,0.0003,0.9995,0.0,0.0002,,,,,,,
f33ef0bb77887f733f7dc072197ca5ca-147,0.223,True,no_light_for_ego,40.2,245.5,1173,0.0,0.0,1.0,not_stop_controlled,82.9,373.5,2238,0.0052,0.9948,ego_may_go,111.0,576.0,3247,0.3486,0.6514,none_ahead,76.4,367.8,2218,0.787,0.1065,0.1065,clear,46.6,231.9,1158,0.0019,0.9981,hold,123.5,767.5,4298,1.0,0.0,hold,137.3,766.7,4372,0.982,0.018,left_pass,102.0,554.8,3274,0.9508,0.0473,0.0018,A,57.1,244.2,1395,0.9418,0.0105,0.0469,0.0009,0.0,hold,130.7,769.3,4437,0.9987,0.0,0.0001,0.0012,go,127.7,779.8,4384.0,0.0373,0.0011,0.9616
f344a167eabbae1016f44f8d636eac75-148,0.167,True,red_or_yellow_for_ego,29.7,228.1,1173,1.0,0.0,0.0,not_stop_controlled,81.9,384.3,2238,0.148,0.852,others_first,115.8,577.8,3247,0.9964,0.0036,moving_lead,73.0,385.1,2218,0.0759,0.0,0.9241,crossing,51.1,232.8,1158,0.9627,0.0373,hold,126.8,753.7,4298,1.0,0.0,hold,138.4,760.9,4378,1.0,0.0,clear_lane,117.5,577.7,3274,0.0934,0.0208,0.8858,C,51.5,262.8,1393,0.0,0.0,0.9997,0.0002,0.0001,hold,131.7,794.3,4435,1.0,0.0,0.0,0.0,hold,136.8,777.7,4390.0,1.0,0.0,0.0
f4195a302974d6ba61a3daa811136c6f-148,0.155,True,no_light_for_ego,40.2,236.7,1173,0.0,0.0,1.0,not_stop_controlled,82.8,368.2,2238,0.0041,0.9959,ego_may_go,116.5,559.0,3247,0.1824,0.8176,moving_lead,72.0,382.7,2218,0.0339,0.0921,0.874,crossing,42.8,239.4,1158,1.0,0.0,hold,140.6,769.3,4298,0.9998,0.0002,go,117.5,792.6,4375,0.3775,0.6225,left_pass,92.5,575.0,3274,0.9818,0.018,0.0002,D,53.4,242.6,1398,0.0031,0.0,0.0002,0.9881,0.0085,creep,124.0,806.6,4440,0.155,0.4214,0.0022,0.4214,creep,143.9,775.7,4387.0,0.0103,0.9302,0.0595
f4af235555fe56e0093c3c9c1c5452ab-148,0.002,True,no_light_for_ego,38.1,231.4,1173,0.0,0.0,1.0,stop_controlled,70.0,404.3,2238,1.0,0.0,others_first,123.1,585.4,3247,0.5,0.5,moving_lead,92.9,377.6,2218,0.0293,0.0013,0.9694,clear,41.8,252.1,1158,0.0,1.0,hold,129.3,757.1,4298,0.9999,0.0001,hold,135.4,773.3,4376,1.0,0.0,left_pass,108.7,560.9,3274,0.9859,0.0141,0.0,C,45.2,246.9,1399,0.0933,0.0077,0.8854,0.006,0.0077,hold,121.4,765.2,4441,1.0,0.0,0.0,0.0,hold,129.7,777.8,4388.0,0.9987,0.0009,0.0004
f4ffc3c2efed5213e50fd36d5538d700-150,0.0,True,red_or_yellow_for_ego,32.1,221.7,1173,1.0,0.0,0.0,not_stop_controlled,84.1,385.1,2238,0.0953,0.9047,others_first,112.9,569.9,3247,0.6514,0.3486,stopped_lead,78.5,385.5,2218,0.0016,0.951,0.0473,clear,42.9,241.2,1158,0.0015,0.9985,hold,126.6,754.5,4298,1.0,0.0,hold,104.4,778.2,4378,1.0,0.0,left_pass,99.3,576.6,3274,0.914,0.0584,0.0276,C,46.3,248.8,1401,0.0601,0.0002,0.9397,0.0,0.0,hold,124.3,795.7,4443,1.0,0.0,0.0,0.0,hold,141.8,775.6,4390.0,1.0,0.0,0.0
f50812373d0904c3a8f05babf27fb3bf-148,6.257,True,no_light_for_ego,38.6,225.0,1173,0.0,0.0,1.0,not_stop_controlled,73.8,412.1,2238,0.0,1.0,ego_may_go,106.7,584.5,3247,0.148,0.852,none_ahead,89.5,391.5,2218,0.6685,0.0157,0.3158,clear,46.0,237.3,1158,0.0,1.0,go,142.8,781.1,4304,0.0,1.0,go,140.3,774.5,4378,0.0,1.0,left_pass,96.9,553.2,3274,0.8149,0.1818,0.0033,C,47.6,250.9,1401,0.0086,0.0001,0.9913,0.0,0.0,go,121.6,759.1,4443,0.0,0.0002,0.0601,0.9397,,,,,,,
f5afcadcce4487bf85e2464e67c5b871-148,7.406,True,no_light_for_ego,36.2,221.2,1173,0.0,0.0,1.0,not_stop_controlled,77.1,390.6,2238,0.0086,0.9914,ego_may_go,117.2,565.8,3247,0.0059,0.9941,none_ahead,76.4,386.0,2218,1.0,0.0,0.0,clear,35.8,253.0,1158,0.0,1.0,go,131.7,769.6,4304,0.0019,0.9981,go,126.2,786.2,4378,0.0,1.0,left_pass,101.3,560.1,3274,0.9994,0.0006,0.0,C,51.4,244.2,1401,0.0229,0.0031,0.974,0.0,0.0,creep,133.2,799.5,4443,0.0,0.8899,0.0163,0.0938,,,,,,,
f5c835e8c74b712a68a09e9a776885e4-148,6.749,True,no_light_for_ego,40.0,227.7,1173,0.0,0.0,1.0,stop_controlled,87.6,407.1,2238,0.9047,0.0953,others_first,118.1,586.4,3247,0.6225,0.3775,moving_lead,76.4,385.4,2218,0.0,0.0002,0.9998,clear,52.2,231.9,1158,0.0,1.0,go,137.4,763.9,4304,0.0,1.0,go,144.1,788.5,4382,0.3775,0.6225,clear_lane,113.5,576.5,3274,0.0941,0.0127,0.8931,C,39.7,254.2,1397,0.0,0.0,1.0,0.0,0.0,creep,125.6,808.9,4439,0.0024,0.6759,0.0024,0.3193,,,,,,,
f865fe1912b55283213c666356df7685-149,0.699,True,green_for_ego,38.6,249.9,1173,0.0009,0.9991,0.0,stop_controlled,88.5,380.7,2238,1.0,0.0,ego_may_go,111.8,576.0,3247,0.0293,0.9707,moving_lead,87.0,376.5,2218,0.2689,0.0001,0.731,clear,39.3,243.5,1158,0.0,1.0,go,122.9,773.1,4303,0.4378,0.5622,go,117.7,796.4,4380,0.0,1.0,clear_lane,110.8,573.3,3274,0.011,0.0024,0.9866,C,47.2,242.6,1395,0.0,0.0,1.0,0.0,0.0,go,121.2,780.2,4437,0.0,0.0086,0.0025,0.989,,,,,,,
f8af7b57e4867a282dd7c52043566c1d-148,4.034,True,no_light_for_ego,36.7,222.0,1173,0.0,0.0,1.0,not_stop_controlled,80.3,382.6,2238,0.0,1.0,ego_may_go,115.6,581.2,3247,0.0002,0.9998,none_ahead,74.7,379.7,2218,0.9975,0.0,0.0025,clear,49.9,234.6,1158,0.0,1.0,go,124.5,757.9,4304,0.0,1.0,go,140.7,772.2,4378,0.0,1.0,clear_lane,101.5,578.4,3274,0.0472,0.005,0.9478,C,48.8,251.3,1393,0.0,0.0,1.0,0.0,0.0,follow,130.4,793.0,4435,0.0,0.0,0.7311,0.2689,,,,,,,
f8c118db32cc16449b2d9cea9c344df4-149,23.604,True,no_light_for_ego,36.8,247.1,1173,0.0,0.0,1.0,not_stop_controlled,84.8,385.6,2238,0.0,1.0,ego_may_go,109.3,573.7,3247,0.0,1.0,moving_lead,85.5,373.3,2218,0.0006,0.0,0.9994,clear,39.9,248.7,1158,0.0,1.0,go,131.7,758.9,4304,0.0,1.0,go,127.9,782.4,4381,0.0,1.0,clear_lane,99.0,563.7,3274,0.0019,0.0012,0.9969,C,49.2,245.6,1396,0.0,0.0,1.0,0.0,0.0,follow,135.5,775.6,4438,0.0,0.0,1.0,0.0,,,,,,,
fa3deaf57d0df0e3057722177a5e27fc-148,4.694,True,no_light_for_ego,31.7,222.5,1173,0.0,0.0,1.0,not_stop_controlled,77.5,391.0,2238,0.0,1.0,ego_may_go,108.0,568.1,3247,0.0001,0.9999,none_ahead,74.7,393.5,2218,1.0,0.0,0.0,clear,54.0,237.9,1158,0.0,1.0,go,139.1,734.3,4304,0.0,1.0,go,113.3,785.3,4378,0.0,1.0,left_pass,105.8,574.5,3274,0.9765,0.023,0.0005,C,50.5,256.6,1401,0.0003,0.0002,0.9995,0.0,0.0,go,128.3,789.7,4443,0.0,0.0132,0.0593,0.9275,,,,,,,
fa7cf34b3f20b157a601f3d5b72cab7c-149,0.0,True,green_for_ego,34.0,252.0,1173,0.0,0.9046,0.0953,not_stop_controlled,83.6,387.3,2238,0.0,1.0,ego_may_go,120.7,570.5,3247,0.0601,0.9399,moving_lead,78.4,367.7,2218,0.0086,0.0001,0.9914,clear,43.8,240.5,1158,0.0,1.0,hold,133.6,763.5,4298,0.982,0.018,go,139.7,772.7,4375,0.0,1.0,left_pass,104.2,561.3,3274,0.6487,0.1127,0.2386,C,52.5,248.6,1398,0.0052,0.0,0.9948,0.0,0.0,go,125.0,802.3,4440,0.0,0.0,0.0,1.0,go,134.1,777.9,4387.0,0.0,0.0,1.0
fa998930ae33848319509f75e88f20b2-149,0.0,True,no_light_for_ego,39.9,231.8,1173,0.0,0.0,1.0,not_stop_controlled,80.8,397.4,2238,0.1824,0.8176,others_first,111.6,580.4,3247,0.9978,0.0022,moving_lead,74.5,391.5,2218,0.0171,0.0466,0.9362,clear,48.0,227.2,1158,0.0,1.0,hold,133.3,783.3,4298,1.0,0.0,hold,126.7,794.7,4376,0.9948,0.0052,left_pass,111.8,558.9,3274,0.982,0.018,0.0,A,55.2,249.6,1399,0.9958,0.0001,0.0041,0.0,0.0,hold,118.8,791.1,4441,0.9596,0.0226,0.0003,0.0176,hold,139.8,775.1,4388.0,0.9957,0.0041,0.0002
fab0abe65d1cc1de905a7f06b03a8a97-149,14.014,True,no_light_for_ego,38.4,229.9,1173,0.0,0.0003,0.9997,not_stop_controlled,71.7,383.5,2238,0.0032,0.9968,ego_may_go,117.6,555.4,3247,0.0086,0.9914,moving_lead,81.4,372.9,2218,0.0001,0.0,0.9999,clear,47.1,232.5,1158,0.0,1.0,go,132.0,748.8,4304,0.0001,0.9999,go,118.5,776.2,4381,0.0,1.0,clear_lane,103.5,566.3,3274,0.0052,0.0025,0.9923,C,40.4,245.9,1396,0.0,0.0,1.0,0.0,0.0,go,132.2,801.5,4438,0.0,0.0,0.0141,0.9859,,,,,,,
fb0ed944efebd34d756103188d59da85-147,11.102,True,no_light_for_ego,35.0,226.1,1173,0.0,0.0,1.0,stop_controlled,75.3,379.9,2238,1.0,0.0,ego_may_go,115.1,557.4,3247,0.1645,0.8355,none_ahead,73.4,381.7,2218,0.9991,0.0004,0.0004,clear,50.1,238.5,1158,0.0,1.0,go,116.8,754.0,4304,0.0,1.0,go,130.2,778.1,4378,0.0,1.0,left_pass,101.1,584.2,3274,0.8081,0.0115,0.1803,C,56.6,248.3,1401,0.0,0.0,0.9994,0.0001,0.0004,go,130.4,797.9,4443,0.0,0.2654,0.0132,0.7214,,,,,,,
fc5d66382b798bbb4efa4fe51948be93-149,8.069,True,red_or_yellow_for_ego,31.1,252.9,1173,0.6224,0.0,0.3775,not_stop_controlled,76.3,387.6,2238,0.3208,0.6792,ego_may_go,107.3,578.3,3247,0.0759,0.9241,none_ahead,91.7,371.5,2218,0.9991,0.0,0.0009,clear,42.8,244.7,1158,0.0,1.0,hold,136.7,760.8,4304,0.5,0.5,hold,141.1,779.5,4380,0.6792,0.3208,left_pass,100.1,571.0,3274,0.9981,0.0019,0.0,C,42.8,242.6,1403,0.0,0.0,1.0,0.0,0.0,creep,125.4,770.4,4445,0.0,0.9578,0.005,0.0371,,,,,,,
fc9aa7a016420317dae6d3fc3903f401-149,27.066,True,no_light_for_ego,34.5,220.2,1173,0.0,0.0,1.0,not_stop_controlled,84.0,385.7,2238,0.0,1.0,ego_may_go,110.4,566.2,3247,0.0,1.0,moving_lead,72.2,394.7,2218,0.0001,0.0,0.9999,clear,49.2,234.1,1158,0.0,1.0,go,130.4,742.8,4304,0.0,1.0,go,140.9,767.0,4381,0.0,1.0,clear_lane,112.0,581.8,3274,0.0032,0.0006,0.9963,C,43.9,247.8,1396,0.0,0.0,1.0,0.0,0.0,follow,138.4,789.7,4438,0.0,0.0,0.9998,0.0002,,,,,,,
fd039b1d7ab769f228f3717ab41f92a2-149,0.002,True,no_light_for_ego,48.3,247.1,1173,0.0,0.0,1.0,stop_controlled,87.9,371.1,2238,1.0,0.0,others_first,119.7,558.4,3247,0.9707,0.0293,moving_lead,76.0,385.9,2218,0.0223,0.0287,0.949,crossing,43.9,244.2,1158,1.0,0.0,hold,140.4,774.9,4298,1.0,0.0,hold,143.9,771.7,4376,1.0,0.0,left_pass,106.4,555.5,3274,0.914,0.0276,0.0584,D,43.0,246.6,1399,0.035,0.0017,0.0577,0.9019,0.0037,hold,126.0,768.8,4441,1.0,0.0,0.0,0.0,hold,121.4,775.7,4388.0,1.0,0.0,0.0
fd52a15b681dc3920df93665305231f5-148,0.206,True,no_light_for_ego,38.5,233.3,1173,0.0373,0.0001,0.9626,stop_controlled,82.2,373.1,2238,0.9968,0.0032,ego_may_go,123.4,568.4,3247,0.0759,0.9241,none_ahead,79.3,371.3,2218,1.0,0.0,0.0,clear,45.7,239.7,1158,0.0,1.0,hold,131.2,752.0,4298,0.9988,0.0012,hold,129.8,775.3,4372,0.9948,0.0052,clear_lane,103.8,572.6,3274,0.0373,0.0014,0.9613,C,55.5,254.9,1387,0.0,0.0,1.0,0.0,0.0,hold,131.8,788.4,4429,0.9988,0.0,0.0,0.0012,go,131.8,774.0,4384.0,0.011,0.0005,0.9885
fd7cce36d47f456b4811d3ca4807517e-148,5.602,True,no_light_for_ego,36.0,247.7,1173,0.0,0.0,1.0,not_stop_controlled,80.1,385.1,2238,0.1192,0.8808,ego_may_go,105.0,574.9,3247,0.0067,0.9933,none_ahead,61.2,399.1,2218,0.9197,0.0048,0.0755,clear,50.4,228.6,1158,0.0,1.0,go,121.6,774.0,4304,0.0474,0.9526,go,132.4,785.3,4378,0.0,1.0,left_pass,101.8,567.6,3274,0.8552,0.0547,0.0901,C,48.1,247.3,1401,0.0001,0.0,0.9999,0.0,0.0,go,131.2,766.0,4443,0.0,0.0019,0.0052,0.9929,,,,,,,
fe64be81fe42f8a9a901da26ba0179c1-147,2.146,True,no_light_for_ego,31.5,226.6,1173,0.0,0.0,1.0,stop_controlled,88.8,372.2,2238,1.0,0.0,ego_may_go,112.9,574.2,3247,0.2451,0.7549,none_ahead,79.0,383.9,2218,0.9914,0.0,0.0086,clear,47.8,234.8,1158,0.0,1.0,hold,132.6,746.9,4304,0.9399,0.0601,go,107.8,782.9,4378,0.0601,0.9399,left_pass,114.9,575.8,3274,1.0,0.0,0.0,C,42.2,250.4,1401,0.0,0.0,1.0,0.0,0.0,creep,137.1,802.1,4443,0.0015,0.9982,0.0,0.0003,,,,,,,
