features,supervision,head,variant,stratum,n,d,lo,hi,lo 98.75,hi 98.75,oracle d,share of oracle
const,b,L,oof,all,479,0.0,0.0,0.0,0.0,0.0,1.0678815111702824,0.0
const,b,L,oof,stopped,120,0.0,0.0,0.0,0.0,0.0,1.3756505391859042,0.0
const,b,L,oof,moving,359,0.0,0.0,0.0,0.0,0.0,0.9433390063297361,0.0
const,b,L,oof,turn,52,0.0,0.0,0.0,0.0,0.0,2.4388325420599433,0.0
const,b,L,oof,straight,427,0.0,0.0,0.0,0.0,0.0,0.8679092909057665,0.0
const,b,L,oof,cluster Construction,15,0.0,0.0,0.0,0.0,0.0,0.8593240592732693,0.0
const,b,L,oof,cluster Cut_ins,20,0.0,0.0,0.0,0.0,0.0,1.2230912838036063,0.0
const,b,L,oof,cluster Cyclist,71,0.0,0.0,0.0,0.0,0.0,1.0052250985544486,0.0
const,b,L,oof,cluster Foreign Object Debris,78,0.0,0.0,0.0,0.0,0.0,1.2223880225862003,0.0
const,b,L,oof,cluster Interections,116,0.0,0.0,0.0,0.0,0.0,1.1365226366004706,0.0
const,b,L,oof,cluster Multi-Lane Maneuvers,42,0.0,0.0,0.0,0.0,0.0,1.3919412902935275,0.0
const,b,L,oof,cluster Others,22,0.0,0.0,0.0,0.0,0.0,0.6287174013634506,0.0
const,b,L,oof,cluster Pedestrian,52,0.0,0.0,0.0,0.0,0.0,0.9236990431022998,0.0
const,b,L,oof,cluster Single-Lane Maneuvers,38,0.0,0.0,0.0,0.0,0.0,0.8356722535462101,0.0
const,b,L,oof,cluster Special Vehicles,25,0.0,0.0,0.0,0.0,0.0,1.4522340225793409,0.0
E0,b,L,oof,all,479,0.1016477814337792,0.01786650809622709,0.1955583607733493,-0.00045430987103212627,0.21942677910721825,1.0678815111702824,0.09518638572774263
E0,b,L,oof,stopped,120,0.3141102111193711,0.11431676546399669,0.5473998999326632,0.06906174539788336,0.6334059280846233,1.3756505391859042,0.2283357598254992
E0,b,L,oof,moving,359,0.010031364868072318,-0.07073857310533406,0.0814860269961789,-0.09560441345545831,0.1052246602022585,0.9433390063297361,0.010633891740681335
E0,b,L,oof,turn,52,0.8981348757255336,0.47334863189890486,1.5099158122884704,0.32110681594989826,1.689630544175575,2.4388325420599433,0.36826426588802613
E0,b,L,oof,straight,427,-0.01839473730454083,-0.06358129107367191,0.021527257739284753,-0.0786063219599538,0.03247223024165421,0.8679092909057665,-0.021194308549622433
E0,b,L,oof,cluster Construction,15,0.017201149960358937,0.0,0.0437983389642734,0.0,0.052359979191575826,0.8593240592732693,0.02001707013173349
E0,b,L,oof,cluster Cut_ins,20,0.15816079527139665,-0.0034950145266272807,0.4267008717358113,-0.009611289948225021,0.5114382630900333,1.2230912838036063,0.12931233945151127
E0,b,L,oof,cluster Cyclist,71,0.02167489788901638,-0.023094260296349516,0.06589722220932037,-0.03749007812513429,0.07901528994716879,1.0052250985544486,0.0215622330960356
E0,b,L,oof,cluster Foreign Object Debris,78,0.22747578334588653,0.038560536881972036,0.4387218720213413,-0.0038184811970344984,0.5043579897782192,1.2223880225862003,0.18609130582334826
E0,b,L,oof,cluster Interections,116,0.06993078607423552,-0.1518835397421919,0.28119152702015676,-0.21972100719186377,0.345324660033546,1.1365226366004706,0.061530482387407784
E0,b,L,oof,cluster Multi-Lane Maneuvers,42,0.17427178844809532,-0.10557502007111906,0.5259905997430906,-0.18188155921774785,0.6643568673160356,1.3919412902935275,0.12520053084375815
E0,b,L,oof,cluster Others,22,-0.14346299862319772,-0.45317408525281483,0.00973294840918647,-0.5683701493931388,0.021899133920669556,0.6287174013634506,-0.22818359776917366
E0,b,L,oof,cluster Pedestrian,52,0.0554840682217708,-0.0630005772491651,0.23899329668901703,-0.08037453795766289,0.3117852953209911,0.9236990431022998,0.060067257442883305
E0,b,L,oof,cluster Single-Lane Maneuvers,38,-0.13681613506847307,-0.49047380088487297,0.12961498543982292,-0.6011085575474238,0.16595994391228647,0.8356722535462101,-0.16371984888559848
E0,b,L,oof,cluster Special Vehicles,25,0.5725576788187027,0.060800782442092895,1.2418305308991335,-0.011411690163795889,1.4879230245321167,1.4522340225793409,0.39425992637314194
E0,b,L,rep3,all,479,0.09784291630446552,0.016004938646184855,0.18778805599194798,-0.003690524214077568,0.21384776366061328,1.0678815111702824,0.0916233826328169
E0,b,L,rep3,stopped,120,0.30902959302501387,0.115066042950645,0.5374993597975392,0.07209359356762648,0.6178297571719926,1.3756505391859042,0.22464251219491718
E0,b,L,rep3,moving,359,0.008579168808624216,-0.06880424837424252,0.08112971396658718,-0.09404738081334135,0.10340480886818486,0.9433390063297361,0.009094470546705497
E0,b,L,rep3,turn,52,0.8576808982943116,0.444331248240484,1.4300768934861654,0.3271201121783135,1.6001925335329128,2.4388325420599433,0.35167683041078224
E0,b,L,rep3,straight,427,-0.016310302568515785,-0.06107958562814033,0.02617607917483485,-0.08005878886107669,0.038093570391330184,0.8679092909057665,-0.01879263505923994
E0,b,L,rep3,cluster Construction,15,0.011111111442248026,0.0,0.038461539607781633,0.0,0.05000000149011612,0.8593240592732693,0.01293005976307087
E0,b,L,rep3,cluster Cut_ins,20,0.1908905729651451,-0.0034950145266272807,0.4740747844377736,-0.009611289948225021,0.5756595349535344,1.2230912838036063,0.15607222084970454
E0,b,L,rep3,cluster Cyclist,71,0.021829332474251867,-0.020080760097311388,0.07018326736559688,-0.033176272725049825,0.08936224061173277,1.0052250985544486,0.021715864939746594
E0,b,L,rep3,cluster Foreign Object Debris,78,0.16544408174470449,-0.0033114956777971286,0.358392592511981,-0.04398541954641291,0.41337918089888565,1.2223880225862003,0.13534497940733684
E0,b,L,rep3,cluster Interections,116,0.08456376400487177,-0.1405712559225904,0.2988861640855914,-0.2122481585641452,0.3690684175822856,1.1365226366004706,0.07440570146303126
E0,b,L,rep3,cluster Multi-Lane Maneuvers,42,0.15445610197881857,-0.16242544109533938,0.5190047242502115,-0.25871587313670097,0.6628372348312819,1.3919412902935275,0.11096452347228483
E0,b,L,rep3,cluster Others,22,-0.10948982360688123,-0.37283452640924797,0.033947339112108406,-0.4722654279587524,0.05561685136386326,0.6287174013634506,-0.17414791346547615
E0,b,L,rep3,cluster Pedestrian,52,0.03734477609395981,-0.11916330721721334,0.23690535078135633,-0.16250151808873364,0.3083248525818921,0.9236990431022998,0.040429592704280704
E0,b,L,rep3,cluster Single-Lane Maneuvers,38,-0.14428738465434626,-0.4305559937728614,0.05095853811863705,-0.5212544882696095,0.07409485333133488,0.8356722535462101,-0.1726602553118842
E0,b,L,rep3,cluster Special Vehicles,25,0.566566630601883,0.06625437638299032,1.2219271443106912,-0.016302414018633388,1.4854031980697713,1.4522340225793409,0.3901345250096765
E0,b,L,ins,all,479,0.1509036128888836,0.07538877774596427,0.23964637532297056,0.0607036810913991,0.27053084502840147,1.0678815111702824,0.14131119539986192
E0,b,L,ins,stopped,120,0.3454051275844349,0.13409564533909615,0.5967274208499969,0.08787737618677545,0.6824135788906167,1.3756505391859042,0.25108493599605763
E0,b,L,ins,moving,359,0.06706423743731278,0.026439710247708886,0.11414654924258685,0.017110344962123356,0.1291800478598409,0.9433390063297361,0.07109240367176235
E0,b,L,ins,turn,52,1.0361706034026361,0.6258995008058265,1.6653366645960532,0.5090017098285766,1.8091018914138544,2.4388325420599433,0.4248633661938272
E0,b,L,ins,straight,427,0.01285019482546185,-0.002180654047677914,0.038641757570893456,-0.003634776925394557,0.046944297195655876,0.8679092909057665,0.014805919190070134
E0,b,L,ins,cluster Construction,15,0.0,0.0,0.0,0.0,0.0,0.8593240592732693,0.0
E0,b,L,ins,cluster Cut_ins,20,0.10410917550325394,-0.010485043579881842,0.3598456382751465,-0.014645775159200033,0.45050237086370465,1.2230912838036063,0.08511971010004427
E0,b,L,ins,cluster Cyclist,71,0.014084507042253521,0.0,0.04598143236074272,0.0,0.058823529411764705,1.0052250985544486,0.014011296636452442
E0,b,L,ins,cluster Foreign Object Debris,78,0.29595430266971773,0.08252615353228766,0.5568841093169835,0.04605396691824972,0.6309594519065199,1.2223880225862003,0.24211158584781342
E0,b,L,ins,cluster Interections,116,0.17933151819582643,0.012094253288080286,0.3653972340318374,-0.019577985514815037,0.4250341575054656,1.1365226366004706,0.15778965805048725
E0,b,L,ins,cluster Multi-Lane Maneuvers,42,0.22007656523159572,0.023742351842963177,0.5502884832151393,0.005646306818181831,0.6717613262848722,1.3919412902935275,0.15810764919918913
E0,b,L,ins,cluster Others,22,0.0,0.0,0.0,0.0,0.0,0.6287174013634506,0.0
E0,b,L,ins,cluster Pedestrian,52,0.07212602547728099,-0.013483604063858857,0.24489795918367346,-0.017403256408003873,0.32000899914857367,0.9236990431022998,0.07808390191142921
E0,b,L,ins,cluster Single-Lane Maneuvers,38,0.03012073432144366,-0.10846765806058856,0.20241139883898826,-0.14909357527891795,0.26009005059586127,0.8356722535462101,0.03604371713147716
E0,b,L,ins,cluster Special Vehicles,25,0.593233300447464,0.03319380031738964,1.335434525760157,-0.016302414018633388,1.600053932666778,1.4522340225793409,0.40849704057601605
E,b,L,oof,all,479,0.1483717531173911,0.06166204638745913,0.24840880365355467,0.037810656751860086,0.27337618087803717,1.0678815111702824,0.1389402771425378
E,b,L,oof,stopped,120,0.31159811045238583,0.10417991342385051,0.5550028198458881,0.05946499927467339,0.6423846687342057,1.3756505391859042,0.22650964149426087
E,b,L,oof,moving,359,0.07437650550612815,-0.0039364385769109275,0.1523145070710302,-0.02272700051145862,0.17417616764294291,0.9433390063297361,0.07884387797712933
E,b,L,oof,turn,52,1.1238774742915,0.6425871924150646,1.7868664164510122,0.49842862600236437,1.9507543592928858,2.4388325420599433,0.46082601199925954
E,b,L,oof,straight,427,0.00013880119137501813,-0.03524757650856939,0.038495312082553676,-0.044640838331081574,0.048494647697683566,0.8679092909057665,0.00015992591948193408
E,b,L,oof,cluster Construction,15,0.07788236240545908,0.0,0.2206729720620548,0.0,0.2767232453281229,0.8593240592732693,0.09063212133420799
E,b,L,oof,cluster Cut_ins,20,0.17816080003976822,-0.0034950145266272807,0.452053253663083,-0.009611289948225021,0.550802910478428,1.2230912838036063,0.14566435261129354
E,b,L,oof,cluster Cyclist,71,0.013157954565774073,-0.044155327665603726,0.07676873894860588,-0.058212564084206206,0.09419203308505279,1.0052250985544486,0.013089560323051728
E,b,L,oof,cluster Foreign Object Debris,78,0.23452472070661876,0.04431366471567584,0.457177946450247,0.004373031270237831,0.5279603440070059,1.2223880225862003,0.19185783595166123
E,b,L,oof,cluster Interections,116,0.049257768727517845,-0.17578026585253198,0.26711604852180226,-0.2520167646439048,0.3344613546310403,1.1365226366004706,0.043340772230332406
E,b,L,oof,cluster Multi-Lane Maneuvers,42,0.3438414730841205,0.07521978541515134,0.7057641248968317,0.028560122829104157,0.8198074755378676,1.3919412902935275,0.24702297107057758
E,b,L,oof,cluster Others,22,-0.038669913160530006,-0.11929288180544972,0.020241243578493596,-0.14634513855648829,0.030468728361934743,0.6287174013634506,-0.061506032880065946
E,b,L,oof,cluster Pedestrian,52,0.09838647525668001,-0.062334748403341945,0.3180553139412641,-0.0845020804805065,0.39513314879683203,0.9236990431022998,0.10651356195654703
E,b,L,oof,cluster Single-Lane Maneuvers,38,-0.002954955163754915,-0.42890774657328923,0.342384356018156,-0.5762163355514952,0.4234940464734219,0.8356722535462101,-0.0035360216295508666
E,b,L,oof,cluster Special Vehicles,25,0.5301308447122574,-0.01919837493449449,1.2477155688107016,-0.11569783091545105,1.5130658703611908,1.4522340225793409,0.36504505229169726
E,b,L,rep3,all,479,0.13165967754371266,0.04710645939010486,0.22823093544558834,0.0234106724433354,0.2576694278831059,1.0678815111702824,0.1232905300508742
E,b,L,rep3,stopped,120,0.29553605141333755,0.10280655649490392,0.5239262263134045,0.06046223504817255,0.6116209419898305,1.3756505391859042,0.21483366814091662
E,b,L,rep3,moving,359,0.06294194424665364,-0.01996647897876437,0.15035034977461345,-0.0395696067965347,0.1710669003100028,0.9433390063297361,0.06672250784110248
E,b,L,rep3,turn,52,1.032259146227336,0.5722612387702573,1.7085565519688186,0.43643148358985984,1.8648926132613053,2.4388325420599433,0.42325954259879006
E,b,L,rep3,straight,427,-0.0055347610229632745,-0.04561896335102847,0.039770918731816964,-0.05657030059359513,0.053197452756225075,0.8679092909057665,-0.00637711922312422
E,b,L,rep3,cluster Construction,15,0.10420668125152588,0.0,0.34735560417175293,0.0,0.4466000625065395,0.8593240592732693,0.12126587185241097
E,b,L,rep3,cluster Cut_ins,20,0.15410917550325393,-0.007689031958580017,0.4224133218228818,-0.012815053264300028,0.5202295508209821,1.2230912838036063,0.12599973325294295
E,b,L,rep3,cluster Cyclist,71,0.0023514487793747808,-0.06952505475092412,0.06894209739393162,-0.08959965610385655,0.08645537203759882,1.0052250985544486,0.002339226092500329
E,b,L,rep3,cluster Foreign Object Debris,78,0.1739415422272988,-0.012048382536141442,0.38201910018100455,-0.05440707174053478,0.4557661186305007,1.2223880225862003,0.14229650406692593
E,b,L,rep3,cluster Interections,116,0.06402192757753976,-0.1940651230113842,0.31439072592445,-0.27103674039577896,0.3896484624518694,1.1365226366004706,0.05633141436499677
E,b,L,rep3,cluster Multi-Lane Maneuvers,42,0.30058424627142294,0.03666309712873772,0.6664236181855181,-0.0154537321885392,0.7780395114799077,1.3919412902935275,0.21594606638045546
E,b,L,rep3,cluster Others,22,-0.04633090238679539,-0.17772551648318766,0.05188912559639324,-0.2201003357347644,0.0713544209022074,0.6287174013634506,-0.07369114054473626
E,b,L,rep3,cluster Pedestrian,52,0.08610126361823998,-0.06252933535565508,0.29016594615714714,-0.08539169653769402,0.3658523310706464,0.9236990431022998,0.09321354640475064
E,b,L,rep3,cluster Single-Lane Maneuvers,38,-0.019703213713671033,-0.4167508204685844,0.3361138206908713,-0.5412755936186979,0.43529568473823377,0.8356722535462101,-0.023577680879148043
E,b,L,rep3,cluster Special Vehicles,25,0.4973146063089371,-0.008404928206333089,1.146064347615231,-0.09583697749878324,1.404841738945424,1.4522340225793409,0.3424479791663654
E,b,L,ins,all,479,0.22520534022638813,0.11349320345485554,0.34940883682407964,0.09121748828761946,0.38838699727393455,1.0678815111702824,0.21088982051912059
E,b,L,ins,stopped,120,0.3416132476864091,0.12958645903661195,0.5933359370390011,0.08128760787990326,0.6801599404923743,1.3756505391859042,0.2483285092801056
E,b,L,ins,moving,359,0.177321862723111,0.0581113353313192,0.32553478181892953,0.034694083964455454,0.37010252429949353,0.9433390063297361,0.18797257564173028
E,b,L,ins,turn,52,1.377537105613428,0.8514667874070565,2.157080326770388,0.6570874375945267,2.351823278907627,2.4388325420599433,0.5648346419266247
E,b,L,ins,straight,427,0.05144342124532507,-0.0060106860129078565,0.1354621473029022,-0.014343532636692871,0.16519968246184252,0.8679092909057665,0.05927280855772121
E,b,L,ins,cluster Construction,15,0.31262003580729164,0.0,1.0420667860243056,0.0,1.3398001534598214,0.8593240592732693,0.3637976063089337
E,b,L,ins,cluster Cut_ins,20,0.15410917550325393,-0.007689031958580017,0.4224133218228818,-0.012815053264300028,0.5202295508209821,1.2230912838036063,0.12599973325294295
E,b,L,ins,cluster Cyclist,71,0.046190231618746906,-0.033064673222028294,0.14720930022497972,-0.04869264390297008,0.18047785801404975,1.0052250985544486,0.045950137621086254
E,b,L,ins,cluster Foreign Object Debris,78,0.3153066019026133,0.10683353020030716,0.5576147034095814,0.06484624060909498,0.6333067798620816,1.2223880225862003,0.25794313759351195
E,b,L,ins,cluster Interections,116,0.11073021963238716,-0.12962412828716602,0.34367666773696753,-0.19874323455598922,0.4134045636169605,1.1365226366004706,0.09742896099597258
E,b,L,ins,cluster Multi-Lane Maneuvers,42,0.4143273088903654,0.09766735269053692,0.8340065916308339,0.039624911261703755,0.9380211512152832,1.3919412902935275,0.29766148312404295
E,b,L,ins,cluster Others,22,-0.005323399196971546,-0.057424420660192314,0.04053717021588927,-0.07432803076139108,0.052416234043450506,0.6287174013634506,-0.008467077872231792
E,b,L,ins,cluster Pedestrian,52,0.17951337448679483,-0.00040183035420818556,0.4152145012173872,-0.013484201134635589,0.49765609592161636,0.9236990431022998,0.194341843078984
E,b,L,ins,cluster Single-Lane Maneuvers,38,0.13134655317193583,-0.37515599535748123,0.6143635491804585,-0.5391496286081079,0.7641671316783867,0.8356722535462101,0.1571747208484681
E,b,L,ins,cluster Special Vehicles,25,0.593233300447464,0.03319380031738964,1.335434525760157,-0.016302414018633388,1.600053932666778,1.4522340225793409,0.40849704057601605
C+E,b,L,oof,all,479,0.10192424037580586,0.019820582491164605,0.19424722673554315,-0.002403535532478722,0.21841713604397683,1.0678815111702824,0.09544527113697093
C+E,b,L,oof,stopped,120,0.232498420767304,0.022605373605243912,0.4723146420821846,-0.03246425404407493,0.5373043617569305,1.3756505391859042,0.169009798742124
C+E,b,L,oof,moving,359,0.04664108532754278,-0.019554413644026825,0.11488664432453476,-0.03813319056913953,0.13399484848531662,0.9433390063297361,0.049442549300500134
C+E,b,L,oof,turn,52,0.9433873130276462,0.49395791044185267,1.5500289968257628,0.35439891200401774,1.7156447540605961,2.4388325420599433,0.3868192246733023
C+E,b,L,oof,straight,427,-0.0263704891427691,-0.06802381940864506,0.015171507144622235,-0.08050638434438176,0.029013573153681173,0.8679092909057665,-0.03038392308860798
C+E,b,L,oof,cluster Construction,15,-0.06803745590150356,-0.23429405482951549,0.06866266854264617,-0.296235090911981,0.1042068062844919,0.8593240592732693,-0.0791755510244213
C+E,b,L,oof,cluster Cut_ins,20,0.1458039902150631,-0.03317502547886437,0.4205160835867419,-0.05278431157248893,0.5133583349872279,1.2230912838036063,0.11920940991553584
C+E,b,L,oof,cluster Cyclist,71,-0.02538877428496178,-0.11844657065260546,0.06496511736996893,-0.1477542126892971,0.09174107469141024,1.0052250985544486,-0.02525680498972
C+E,b,L,oof,cluster Foreign Object Debris,78,0.18792761136323977,-0.014908957474054421,0.4109176782817629,-0.04653652818929968,0.4952498076758735,1.2223880225862003,0.15373809943396063
C+E,b,L,oof,cluster Interections,116,0.017783812957751596,-0.19696727937076952,0.22130222971100288,-0.262174541567829,0.27951276415035875,1.1365226366004706,0.015647565992126612
C+E,b,L,oof,cluster Multi-Lane Maneuvers,42,0.33636531996585073,0.08203083116876116,0.6903650867323414,0.038531308628538104,0.8116474025448801,1.3919412902935275,0.241651944885491
C+E,b,L,oof,cluster Others,22,-0.04256010699001225,-0.16445082081481813,0.04156824457927042,-0.2120184459521071,0.05876365082920527,0.6287174013634506,-0.06769354068730317
C+E,b,L,oof,cluster Pedestrian,52,0.057495938963256776,-0.08843564493393288,0.24409807551920154,-0.1220417645180206,0.31949888412598154,0.9236990431022998,0.06224531614772832
C+E,b,L,oof,cluster Single-Lane Maneuvers,38,-0.09333036011575084,-0.45293418407557345,0.1711587563174109,-0.5734890245388471,0.23635842526930237,0.8356722535462101,-0.11168297106874084
C+E,b,L,oof,cluster Special Vehicles,25,0.503182427585125,-0.02565522357666244,1.1575634632888658,-0.11192965743136699,1.3789264360992237,1.4522340225793409,0.34648852716686324
C+E,b,L,rep3,all,479,0.09137491454924095,-0.004144794242860171,0.19415997916146435,-0.031832249807236,0.21560025050609508,1.0678815111702824,0.08556652923890773
C+E,b,L,rep3,stopped,120,0.1330982942753073,-0.11838388938319208,0.39775342506988426,-0.19223771524814035,0.473921042109068,1.3756505391859042,0.09675298375855942
C+E,b,L,rep3,moving,359,0.06761501237436401,-0.007260857183275328,0.14717357156311825,-0.025863080231905245,0.17074905552340794,0.9433390063297361,0.07167626051787554
C+E,b,L,rep3,turn,52,0.9261427002956714,0.46084971408229286,1.5610336200898043,0.32166156740209384,1.7203482202712026,2.4388325420599433,0.3797483772762074
C+E,b,L,rep3,straight,427,-0.04144162121554305,-0.11369792026406418,0.025982304220797725,-0.13400913050997587,0.04491522007597321,0.8679092909057665,-0.047748793162812886
C+E,b,L,rep3,cluster Construction,15,-0.09871864070494969,-0.4803999307276864,0.26039043945659485,-0.6043232680969544,0.35430556325695645,0.8593240592732693,-0.11487940974029762
C+E,b,L,rep3,cluster Cut_ins,20,0.22894339710474015,0.020347758808306294,0.518566768786737,-0.0054948061489715014,0.6156534843886511,1.2230912838036063,0.18718422748690108
C+E,b,L,rep3,cluster Cyclist,71,-0.0715308298527355,-0.20670177165727058,0.03659390393717917,-0.25916935909558947,0.06120280202499067,1.0052250985544486,-0.07115901697599822
C+E,b,L,rep3,cluster Foreign Object Debris,78,0.16509383716262305,-0.07643785268938391,0.41264161868919724,-0.13972240853309564,0.48806004298068373,1.2223880225862003,0.13505845452684886
C+E,b,L,rep3,cluster Interections,116,0.015414621897748318,-0.22780675817933946,0.24929632448370792,-0.29091994511292874,0.3142167472493863,1.1365226366004706,0.01356296953649426
C+E,b,L,rep3,cluster Multi-Lane Maneuvers,42,0.33889698636318955,0.06559588305017908,0.7070973864020819,0.005269333281832546,0.8278593411215412,1.3919412902935275,0.24347074745639896
C+E,b,L,rep3,cluster Others,22,-0.026991337537765503,-0.1997073435606925,0.11146628858619619,-0.261141542838463,0.14691201851774857,0.6287174013634506,-0.04293079447018881
C+E,b,L,rep3,cluster Pedestrian,52,0.020643728928497203,-0.1865600982124724,0.23989103391502134,-0.2481187677348498,0.32392459873060153,0.9236990431022998,0.02234897728069954
C+E,b,L,rep3,cluster Single-Lane Maneuvers,38,0.0049412111310582416,-0.26263534828761276,0.2669489553023907,-0.34011118826376086,0.334563812317798,0.8356722535462101,0.00591285771436111
C+E,b,L,rep3,cluster Special Vehicles,25,0.3370561710000038,-0.2556712322664896,1.0275879267442396,-0.386077398592548,1.2093739419627711,1.4522340225793409,0.23209494183406598
C+E,b,L,ins,all,479,0.18528382900486007,0.09296156738104655,0.2893005299688372,0.06975332955339264,0.3170739485174899,1.0678815111702824,0.1735059808290988
C+E,b,L,ins,stopped,120,0.33004989876979357,0.09429119798375644,0.5932528613235706,0.04868127607175874,0.674881627112406,1.3756505391859042,0.23992277789177016
C+E,b,L,ins,moving,359,0.11621070691590989,0.033717563490883805,0.19811623876026757,0.009988322596425415,0.2289561914944016,0.9433390063297361,0.12319082125953076
C+E,b,L,ins,turn,52,1.2964081682383963,0.8171173084533765,2.044275479262599,0.6621941296171271,2.2291550368669304,2.4388325420599433,0.5315691610148001
C+E,b,L,ins,straight,427,0.02267041369022746,-0.017974647966972245,0.06837685448386747,-0.029864392299624065,0.08023562021282718,0.8679092909057665,0.0261207178305099
C+E,b,L,ins,cluster Construction,15,-0.033696707089742026,-0.08515020211537679,0.0,-0.10583782236565624,0.0,0.8593240592732693,-0.039213038115375645
C+E,b,L,ins,cluster Cut_ins,20,0.2342812731862068,-0.0034950145266272807,0.5514945231152303,-0.009611289948225021,0.6639917787420104,1.2230912838036063,0.1915484774428543
C+E,b,L,ins,cluster Cyclist,71,0.03831327764291159,-0.07019700642612284,0.1563622372982403,-0.1007852408786294,0.1864444101978493,1.0052250985544486,0.0381141275700413
C+E,b,L,ins,cluster Foreign Object Debris,78,0.34170544768373173,0.09503485027848504,0.6164956105423168,0.04256115832958292,0.7145302016282349,1.2223880225862003,0.2795392636135187
C+E,b,L,ins,cluster Interections,116,0.16950432382170752,-0.09832972871832615,0.4369896464603473,-0.17419563709546848,0.5264451318407338,1.1365226366004706,0.14914293685229474
C+E,b,L,ins,cluster Multi-Lane Maneuvers,42,0.45410277268716265,0.10594978816401297,0.8813788582353778,0.01796878494044885,1.0123732069378568,1.3919412902935275,0.32623701578060316
C+E,b,L,ins,cluster Others,22,0.007402932102029974,-0.054927706718444824,0.08317804272974963,-0.07432803076139108,0.10157053891636056,0.6287174013634506,0.011774657558349444
C+E,b,L,ins,cluster Pedestrian,52,0.12008408543009025,-0.036726749255906355,0.33494452791421375,-0.062490835557691755,0.41134362003455555,0.9236990431022998,0.13000347497035453
C+E,b,L,ins,cluster Single-Lane Maneuvers,38,-0.07209241586296182,-0.48990678437841617,0.24215441416949035,-0.667538313173822,0.3120588735041275,0.8356722535462101,-0.08626876811696768
C+E,b,L,ins,cluster Special Vehicles,25,0.593233300447464,0.03319380031738964,1.335434525760157,-0.016302414018633388,1.600053932666778,1.4522340225793409,0.40849704057601605
Q1+E,b,L,oof,all,479,0.11284282437625244,0.02288087701527567,0.21140480749029772,-0.000601989088066873,0.24000196820051092,1.0678815111702824,0.10566979875191297
Q1+E,b,L,oof,stopped,120,0.25567754813860516,0.04825363373096221,0.49710424862944935,-0.010504235456426484,0.567574488640253,1.3756505391859042,0.18585937406015374
Q1+E,b,L,oof,moving,359,0.04659442168655585,-0.03594601066740187,0.13061252873201357,-0.060804113700991626,0.15379084060816778,0.9433390063297361,0.04939308284075043
Q1+E,b,L,oof,turn,52,0.9603881883034917,0.49151870263624003,1.6059429222021055,0.3285669870296986,1.7744756648292515,2.4388325420599433,0.39379013185231093
Q1+E,b,L,oof,straight,427,-0.020502481681974577,-0.07247432671277344,0.0347126961914529,-0.08880882556290984,0.050367170835369915,0.8679092909057665,-0.023622839272267496
Q1+E,b,L,oof,cluster Construction,15,0.028157760202884675,-0.14403870139870192,0.26906395534786187,-0.18463858542122089,0.3536066728421219,0.8593240592732693,0.032767336023033854
Q1+E,b,L,oof,cluster Cut_ins,20,0.11581535199657082,-0.07925924062728881,0.40139251572480117,-0.11983073164623133,0.501217407911542,1.2230912838036063,0.09469068542161851
Q1+E,b,L,oof,cluster Cyclist,71,-0.11005285865476382,-0.23294583233796856,-0.0061843220742850424,-0.26648470818825304,0.018881528405841362,1.0052250985544486,-0.10948081062940425
Q1+E,b,L,oof,cluster Foreign Object Debris,78,0.19040146105301878,0.006759586491579405,0.4073478004777477,-0.024300143711456113,0.4759731653443774,1.2223880225862003,0.15576188373491043
Q1+E,b,L,oof,cluster Interections,116,0.05162230818452121,-0.18682713224929484,0.27626461265313407,-0.25193439762613024,0.3527005723931045,1.1365226366004706,0.04542127584799558
Q1+E,b,L,oof,cluster Multi-Lane Maneuvers,42,0.3645567348492997,0.05602739718270258,0.7579885840234951,-0.006101788534478352,0.8745349874857449,1.3919412902935275,0.2619052523202493
Q1+E,b,L,oof,cluster Others,22,-0.20820598168806595,-0.41244602131967745,-0.036142366118729015,-0.4947390035519169,6.437560381448762e-05,0.6287174013634506,-0.33115988397417634
Q1+E,b,L,oof,cluster Pedestrian,52,0.10638019052119209,-0.035940926042626005,0.2979666712432934,-0.06250962344638537,0.3643066456414317,0.9236990431022998,0.11516758766351831
Q1+E,b,L,oof,cluster Single-Lane Maneuvers,38,0.02748813509548965,-0.32727298940925387,0.3063603192793601,-0.4680463188571377,0.3849478439034038,0.8356722535462101,0.03289343995668469
Q1+E,b,L,oof,cluster Special Vehicles,25,0.5622651422023773,0.020720321399470172,1.2445391030336421,-0.0739913547978821,1.4957451298616078,1.4522340225793409,0.3871725448242339
Q1+E,b,L,rep3,all,479,0.07947623932773895,-0.018762265908495245,0.18717770580654572,-0.04463116021033943,0.21998505304935304,1.0678815111702824,0.07442421139087015
Q1+E,b,L,rep3,stopped,120,0.20824841600754487,-0.043264718919796726,0.4767416185435258,-0.10611314655117506,0.5539228410120448,1.3756505391859042,0.15138177180578444
Q1+E,b,L,rep3,moving,359,0.015944162935327185,-0.0687142757961374,0.09931840545679145,-0.09244836795615019,0.1231454572681162,0.9433390063297361,0.016901837863528394
Q1+E,b,L,rep3,turn,52,0.9612268785667885,0.4815197620281007,1.608606827695161,0.3075706957511571,1.779677268575849,2.4388325420599433,0.3941340219098826
Q1+E,b,L,rep3,straight,427,-0.06467212605944794,-0.134617873194392,0.003799111670319124,-0.1545798748077907,0.021649689626713025,0.8679092909057665,-0.0745148447390797
Q1+E,b,L,rep3,cluster Construction,15,-0.19736976623535157,-0.5293568831223708,0.0,-0.6401232631433578,0.0,0.8593240592732693,-0.22968025171117318
Q1+E,b,L,rep3,cluster Cut_ins,20,0.12904504644684495,-0.05853070657361637,0.4088181225941159,-0.09580230662091212,0.5086908112049943,1.2230912838036063,0.10550728973027815
Q1+E,b,L,rep3,cluster Cyclist,71,-0.18176072143333058,-0.34920429594890723,-0.04584847954488187,-0.3992682891555459,-0.016414675292069685,1.0052250985544486,-0.18081594032491757
Q1+E,b,L,rep3,cluster Foreign Object Debris,78,0.18577567540491238,0.003202630716509055,0.40335734209987184,-0.03158356377199082,0.4645253322645156,1.2223880225862003,0.15197766337064372
Q1+E,b,L,rep3,cluster Interections,116,0.07850118573947713,-0.1738380194524144,0.3236374583070168,-0.24722628435140195,0.4003561222895428,1.1365226366004706,0.06907137896899908
Q1+E,b,L,rep3,cluster Multi-Lane Maneuvers,42,0.24621703599890074,-0.06137288471476898,0.6316068950860132,-0.14885497557429925,0.7465849510541491,1.3919412902935275,0.17688751509553927
Q1+E,b,L,rep3,cluster Others,22,-0.24540031362663617,-0.5207076104950499,-0.03345131366513669,-0.6098737226266946,0.004831622662739095,0.6287174013634506,-0.39031894630951136
Q1+E,b,L,rep3,cluster Pedestrian,52,0.12278556981338905,-0.031331205945274915,0.33018362379751787,-0.05392467785154653,0.40116605033530167,0.9236990431022998,0.1329281119540908
Q1+E,b,L,rep3,cluster Single-Lane Maneuvers,38,0.03965407962861814,-0.2722550470099756,0.30998152867819856,-0.39214264265456866,0.378851197496924,0.8356722535462101,0.047451712630573045
Q1+E,b,L,rep3,cluster Special Vehicles,25,0.6173146015405655,-0.019179725939069265,1.4054753013265633,-0.18631325857321307,1.6232348183115095,1.4522340225793409,0.4250792860810003
Q1+E,b,L,ins,all,479,0.21414450473960883,0.09428630696685077,0.3474396611350183,0.06614674113666401,0.3896253345756911,1.0678815111702824,0.20053208384976126
Q1+E,b,L,ins,stopped,120,0.2981886783205351,0.06388536917551571,0.5565079854714823,0.011434805494584852,0.637883603042061,1.3756505391859042,0.2167619390437633
Q1+E,b,L,ins,moving,359,0.16632597286969114,0.023380485423347697,0.33324864897680795,-0.012141815963795896,0.38426186132883366,0.9433390063297361,0.17631622540110814
Q1+E,b,L,ins,turn,52,1.2950240180211723,0.8022145431836449,2.0252559515930053,0.652772460140469,2.1984455547063075,2.4388325420599433,0.5310016147838257
Q1+E,b,L,ins,straight,427,0.050590268903648025,-0.037195839005713376,0.15648594674866953,-0.06204656448628973,0.1846193088090667,0.8679092909057665,0.058289811428163266
Q1+E,b,L,ins,cluster Construction,15,0.2955899953842163,-0.051090121269226074,1.01368338531918,-0.07298588752746582,1.288713084498327,0.8593240592732693,0.34397965726014573
Q1+E,b,L,ins,cluster Cut_ins,20,0.15410917550325393,-0.007689031958580017,0.4224133218228818,-0.012815053264300028,0.5202295508209821,1.2230912838036063,0.12599973325294295
Q1+E,b,L,ins,cluster Cyclist,71,-0.07557814221986582,-0.2611003127623644,0.06709887147551837,-0.31363279061211313,0.09545266102604602,1.0052250985544486,-0.07518529166109165
Q1+E,b,L,ins,cluster Foreign Object Debris,78,0.32773961575749594,0.08569622201452802,0.612677324899175,0.026666909459121257,0.7142851053105473,1.2223880225862003,0.2681142237176857
Q1+E,b,L,ins,cluster Interections,116,0.17578680572453245,-0.07659689951140766,0.4210630140606894,-0.14892303580597008,0.5070751335937144,1.1365226366004706,0.15467074747436638
Q1+E,b,L,ins,cluster Multi-Lane Maneuvers,42,0.5524273865989276,0.1644362201827004,1.0280281907320021,0.08609006466543569,1.1882288948413835,1.3919412902935275,0.39687549356513
Q1+E,b,L,ins,cluster Others,22,-0.26045080748471344,-0.6640628277941754,0.029198846220970152,-0.7903992233880692,0.06065221366521552,0.6287174013634506,-0.4142573546078
Q1+E,b,L,ins,cluster Pedestrian,52,0.2886804494147117,0.02785571729574277,0.6259975693426004,-0.004082937947989353,0.7339199261856264,0.9236990431022998,0.312526522107418
Q1+E,b,L,ins,cluster Single-Lane Maneuvers,38,0.04990726827006591,-0.3880431994311996,0.3917292806157407,-0.5591211413060889,0.47468046597646246,0.8356722535462101,0.05972110245168765
Q1+E,b,L,ins,cluster Special Vehicles,25,0.633233300447464,0.06284884300957556,1.3709360101469683,-0.016302414018633388,1.6241891631058285,1.4522340225793409,0.4360408106420521
QV+E,b,L,oof,all,479,0.0939580261884063,-0.009374555710170538,0.20678450988530164,-0.04334192353807791,0.2435742353452031,1.0678815111702824,0.08798544146104607
QV+E,b,L,oof,stopped,120,0.18465837183006995,-0.06234252124375459,0.45172608037089845,-0.13427173212994764,0.530377936240575,1.3756505391859042,0.13423348922564945
QV+E,b,L,oof,moving,359,0.05428749021176525,-0.04186332930983457,0.16558153376996743,-0.06197121041622954,0.19911101404710516,0.9433390063297361,0.057548230113988866
QV+E,b,L,oof,turn,52,0.9206475168703094,0.4703579311065722,1.5211943025075119,0.3199882381417969,1.693200179826345,2.4388325420599433,0.37749517483996287
QV+E,b,L,oof,straight,427,-0.037734445018933735,-0.12112645819379768,0.04904779355751288,-0.14496456166274702,0.08102160689743995,0.8679092909057665,-0.043477406469002486
QV+E,b,L,oof,cluster Construction,15,-0.05983757177988688,-0.6392523338731665,0.5786696824692674,-0.8225406611015876,0.7976878369310203,0.8593240592732693,-0.06963330205195412
QV+E,b,L,oof,cluster Cut_ins,20,0.06337301582098007,-0.11746616511491306,0.3052189773942034,-0.15726549819199478,0.39472445204901757,1.2230912838036063,0.051813807080613596
QV+E,b,L,oof,cluster Cyclist,71,-0.09664908752442193,-0.21390097547478568,0.005960157992219175,-0.2561453612546177,0.030290852655341777,1.0052250985544486,-0.09614671148124627
QV+E,b,L,oof,cluster Foreign Object Debris,78,0.22411125463744005,0.03121650330543918,0.4451695982426501,-0.0026964175615789765,0.516521029142779,1.2223880225862003,0.18333888298683504
QV+E,b,L,oof,cluster Interections,116,0.024298153705252654,-0.21852664602797872,0.25240858537722227,-0.285057755453295,0.3144983051888853,1.1365226366004706,0.02137938385277789
QV+E,b,L,oof,cluster Multi-Lane Maneuvers,42,0.3578370837938218,0.07065969219600612,0.7358280641767303,0.013400626580806053,0.8683802560328852,1.3919412902935275,0.2570777131831202
QV+E,b,L,oof,cluster Others,22,-0.18281859498132358,-0.49820759745780374,0.1324149693075349,-0.6054206506782877,0.22612210269241279,0.6287174013634506,-0.2907802370108718
QV+E,b,L,oof,cluster Pedestrian,52,0.10454546021691595,-0.065573354700538,0.3146807302774793,-0.09782833840419433,0.388080078129635,0.9236990431022998,0.11318130185108087
QV+E,b,L,oof,cluster Single-Lane Maneuvers,38,0.01164486249418635,-0.2843424570218057,0.2434837353352723,-0.4098105311298124,0.3076366684251195,0.8356722535462101,0.013934724342911818
QV+E,b,L,oof,cluster Special Vehicles,25,0.49307568550109865,-0.057235649804998574,1.162497823284869,-0.15777688368356654,1.4042884702123914,1.4522340225793409,0.3395290826648844
QV+E,b,L,rep3,all,479,0.09945976603498713,-0.020885610598417675,0.23235603634953295,-0.053168614260145686,0.27616748760411225,1.0678815111702824,0.09313745485301081
QV+E,b,L,rep3,stopped,120,0.1910464075845161,-0.07700101819635,0.49073507091451235,-0.16542884669097555,0.5797141947531098,1.3756505391859042,0.1388771364110942
QV+E,b,L,rep3,moving,359,0.05720611047565608,-0.06051477215943773,0.20426634790547504,-0.08839433910845255,0.25238292742716717,0.9433390063297361,0.06064215525045317
QV+E,b,L,rep3,turn,52,0.945727000548762,0.45562472899179096,1.6030059548336135,0.2918853491348891,1.7756289196779067,2.4388325420599433,0.3877785720170685
QV+E,b,L,rep3,straight,427,-0.04280309724336335,-0.13689578218765094,0.06553823423978276,-0.16342193897204613,0.10111110893182516,0.8679092909057665,-0.04931747786533455
QV+E,b,L,rep3,cluster Construction,15,0.1096947138508161,-0.46298980024953684,0.9211934402585029,-0.6000201275634268,1.191611270935504,0.8593240592732693,0.12765232471622517
QV+E,b,L,rep3,cluster Cut_ins,20,0.1023070143070072,-0.09943024740837839,0.3913027165908659,-0.13212228632861903,0.4932710878377914,1.2230912838036063,0.08364626227148782
QV+E,b,L,rep3,cluster Cyclist,71,-0.12043476398562042,-0.2542383077981639,-0.008995595471010906,-0.294635190934781,0.012761169414293987,1.0052250985544486,-0.11980875145160036
QV+E,b,L,rep3,cluster Foreign Object Debris,78,0.17399745014233467,-0.031189908077315344,0.41110612937891405,-0.07211963671954928,0.4794980361832058,1.2223880225862003,0.14234224070210466
QV+E,b,L,rep3,cluster Interections,116,0.04854890894433805,-0.24079094170762497,0.31956112150405414,-0.3137287950105695,0.397515650255426,1.1365226366004706,0.04271706289067498
QV+E,b,L,rep3,cluster Multi-Lane Maneuvers,42,0.281185343418093,-0.05076024933501558,0.6830229786868828,-0.1537748601319552,0.807018194416776,1.3919412902935275,0.2020094851549361
QV+E,b,L,rep3,cluster Others,22,-0.18239238925955512,-0.5480965072983952,0.18047251370461556,-0.6810532640274614,0.29512018026569137,0.6287174013634506,-0.29010233988118495
QV+E,b,L,rep3,cluster Pedestrian,52,0.05174136462693031,-0.11515285858560878,0.25770693409459594,-0.14711639217827444,0.320596367572936,0.9236990431022998,0.056015392690192435
QV+E,b,L,rep3,cluster Single-Lane Maneuvers,38,-0.00038596830869975845,-0.2885115811996991,0.22414974108186564,-0.40745865388737096,0.2751495588128736,0.8356722535462101,-0.0004618656501539758
QV+E,b,L,rep3,cluster Special Vehicles,25,0.5303359866142273,-0.12954628432940954,1.3215521914263577,-0.25,1.5895424981081885,1.4522340225793409,0.3651863118261665
QV+E,b,L,ins,all,479,0.2724584582897954,0.1521590540781448,0.41200566223385815,0.1200114793947668,0.4606456250392762,1.0678815111702824,0.2551392223199093
QV+E,b,L,ins,stopped,120,0.4018754552657235,0.13584187445381482,0.6862886189853963,0.0740014305726353,0.7594521144567125,1.3756505391859042,0.29213484371077936
QV+E,b,L,ins,moving,359,0.21602760951962047,0.09566288829758719,0.36954522365056863,0.07200612288085026,0.42017929975986223,0.9433390063297361,0.22900315588573242
QV+E,b,L,ins,turn,52,1.4227882297137084,0.9702061472944029,2.1673337208563104,0.8357593567944386,2.350733282943031,2.4388325420599433,0.5833890622567961
QV+E,b,L,ins,straight,427,0.09739780145155402,-0.00012593333807768442,0.21445243245338405,-0.024493712192633188,0.2513128052477456,0.8679092909057665,0.11222117618986177
QV+E,b,L,ins,cluster Construction,15,0.10384407043457031,-0.5562688174572856,0.9211934407552084,-0.7622254439375616,1.1725011030832901,0.8593240592732693,0.12084389970692928
QV+E,b,L,ins,cluster Cut_ins,20,0.15410917550325393,-0.007689031958580017,0.4224133218228818,-0.012815053264300028,0.5202295508209821,1.2230912838036063,0.12599973325294295
QV+E,b,L,ins,cluster Cyclist,71,0.08620092734484605,-0.005339371788928784,0.20985390240552357,-0.014628771231840542,0.24655316357997487,1.0052250985544486,0.08575286019898053
QV+E,b,L,ins,cluster Foreign Object Debris,78,0.3385675246707904,0.10374251380424342,0.6084935588547246,0.04896937656457907,0.6868736814141158,1.2223880225862003,0.2769722202893356
QV+E,b,L,ins,cluster Interections,116,0.26979405471477014,0.011513676659055297,0.5324070061673996,-0.053369650286775774,0.6066865979048758,1.1365226366004706,0.23738555311293166
QV+E,b,L,ins,cluster Multi-Lane Maneuvers,42,0.5189018845558167,0.1565849564242654,0.9805472845935171,0.0852015150759637,1.1002726954016901,1.3919412902935275,0.3727900653384544
QV+E,b,L,ins,cluster Others,22,-0.11005056446248834,-0.3258202303023565,0.0,-0.4,0.0,0.6287174013634506,-0.1750397940693708
QV+E,b,L,ins,cluster Pedestrian,52,0.19756958490380874,-0.0051968057329456014,0.4478109197796516,-0.011878413103875659,0.5111522577897782,0.9236990431022998,0.21388956325023267
QV+E,b,L,ins,cluster Single-Lane Maneuvers,38,0.32133331189030095,0.045231266525071895,0.7188047013547094,0.005090750322399205,0.8651030531980919,0.8356722535462101,0.38452073827593247
QV+E,b,L,ins,cluster Special Vehicles,25,0.8443146133422852,0.1786028405894404,1.686740622737191,0.0,1.9048196045996297,1.4522340225793409,0.5813901893323513
QL+E,b,L,oof,all,479,0.06612482405633463,-0.028833384656766096,0.16772595233261162,-0.05217988248048672,0.1952769166273627,1.0678815111702824,0.061921499122003704
QL+E,b,L,oof,stopped,120,0.17232278180380498,-0.06683990713689915,0.4287370683284424,-0.1328831009824241,0.5115408351309803,1.3756505391859042,0.12526639353173505
QL+E,b,L,oof,moving,359,0.014688237069275972,-0.06625181722868011,0.09080750239748409,-0.08892103651432445,0.11391609391153862,0.9433390063297361,0.015570475694017706
QL+E,b,L,oof,turn,52,0.8786315587312055,0.45618575176115705,1.4705756393263825,0.31132083399694754,1.6506994621088529,2.4388325420599433,0.36026727689514726
QL+E,b,L,oof,straight,427,-0.06218894789709768,-0.13341785429278716,0.004748292341108513,-0.15620637147988442,0.02126816953126396,0.8679092909057665,-0.07165374140907758
QL+E,b,L,oof,cluster Construction,15,-0.17444457610448202,-0.5544652832756666,0.13646411524799007,-0.6966356925433501,0.20559276205797963,0.8593240592732693,-0.20300208544377296
QL+E,b,L,oof,cluster Cut_ins,20,0.08018027772195638,-0.14283260551779273,0.3791391204230624,-0.20060518748650794,0.48745785852573525,1.2230912838036063,0.06555543219358846
QL+E,b,L,oof,cluster Cyclist,71,-0.13705400429980855,-0.2767113306038638,-0.028585948376680038,-0.3215664545747523,0.0009434690732981095,1.0052250985544486,-0.13634160597153547
QL+E,b,L,oof,cluster Foreign Object Debris,78,0.1944219537785662,0.006310424120105045,0.4146035490302833,-0.027673309957260413,0.4833608480292968,1.2223880225862003,0.15905093160781192
QL+E,b,L,oof,cluster Interections,116,0.047114320037131806,-0.1718689648446801,0.2513316931268788,-0.2312676280024056,0.31759279727744694,1.1365226366004706,0.04145480126824277
QL+E,b,L,oof,cluster Multi-Lane Maneuvers,42,0.34929940210921423,0.08838022074828199,0.708784515898771,0.03320054403322906,0.8319321539578958,1.3919412902935275,0.2509440624723154
QL+E,b,L,oof,cluster Others,22,-0.2235611460425637,-0.5634031546743293,0.07121200094168847,-0.6936334545591047,0.15475148186713658,0.6287174013634506,-0.3555828827987646
QL+E,b,L,oof,cluster Pedestrian,52,0.03490250167221977,-0.12165131394673759,0.2227924972883348,-0.15199549024810596,0.2992869243955162,0.9236990431022998,0.037785577383513985
QL+E,b,L,oof,cluster Single-Lane Maneuvers,38,0.027509267883081185,-0.28722333750378903,0.27240524687442275,-0.4193639390446058,0.3309501341049034,0.8356722535462101,0.032918728324824065
QL+E,b,L,oof,cluster Special Vehicles,25,0.46288024380803106,-0.07485898142501787,1.1255587128740001,-0.18044020180499906,1.3676710523177553,1.4522340225793409,0.3187366750889781
QL+E,b,L,rep3,all,479,0.07974883802084369,-0.028840135769485003,0.19631547445544315,-0.05292918243876851,0.22592705499489832,1.0678815111702824,0.07467948193376586
QL+E,b,L,rep3,stopped,120,0.24351063907976758,-0.03758348567481943,0.5450970586802197,-0.13190146164132036,0.6304077868798842,1.3756505391859042,0.17701489742000515
QL+E,b,L,rep3,moving,359,-0.0038037165466358004,-0.09448814258958159,0.08151450808477023,-0.12443682512368888,0.09987686514215799,0.9433390063297361,-0.004032184104667717
QL+E,b,L,rep3,turn,52,0.928961781629358,0.4398036243557073,1.5850819341069817,0.28555875324373897,1.7571617545112923,2.4388325420599433,0.3809042915446408
QL+E,b,L,rep3,straight,427,-0.058839100618511345,-0.14716912920671585,0.024720771840290118,-0.1738552943199504,0.046854690293043406,0.8679092909057665,-0.06779406700106384
QL+E,b,L,rep3,cluster Construction,15,-0.2614061991373698,-0.6535624663035074,0.0,-0.8345979963030133,0.0,0.8593240592732693,-0.30419979088964544
QL+E,b,L,rep3,cluster Cut_ins,20,0.15575079720001667,-0.00475977154178134,0.4242211908800527,-0.008543369049827257,0.5243371535587759,1.2230912838036063,0.12734192391238217
QL+E,b,L,rep3,cluster Cyclist,71,-0.1765517843231349,-0.32485216507688164,-0.05096818438747191,-0.3855591961981066,-0.028423385760209197,1.0052250985544486,-0.17563407895109562
QL+E,b,L,rep3,cluster Foreign Object Debris,78,0.12702930775972512,-0.07438257675440538,0.36550497812738864,-0.12719810445387572,0.432484593070694,1.2223880225862003,0.10391897287325333
QL+E,b,L,rep3,cluster Interections,116,0.12688501063605834,-0.1218845651225909,0.37129622690332137,-0.19336873919393457,0.447496433864815,1.1365226366004706,0.11164318822156735
QL+E,b,L,rep3,cluster Multi-Lane Maneuvers,42,0.25753833663960296,0.018117217859253288,0.5970198313214443,-0.02503836173696574,0.7233598790805975,1.3919412902935275,0.185020976412945
QL+E,b,L,rep3,cluster Others,22,-0.2607580789110877,-0.735903936977508,0.16469254534691585,-0.9141360663343221,0.28283086458992474,0.6287174013634506,-0.41474608201650204
QL+E,b,L,rep3,cluster Pedestrian,52,0.12965271521646243,-0.00541364110896312,0.32662477012351154,-0.020083791960927622,0.38355384382116287,0.9236990431022998,0.1403625089628932
QL+E,b,L,rep3,cluster Single-Lane Maneuvers,38,0.046077187124051545,-0.25103928445941875,0.29641545154852794,-0.37966930774750096,0.3504829045113486,0.8356722535462101,0.05513786885770238
QL+E,b,L,rep3,cluster Special Vehicles,25,0.6532710880041123,-0.04187228233079939,1.4773199801535712,-0.21431789450524816,1.7272219464074667,1.4522340225793409,0.4498387159693621
QL+E,b,L,ins,all,479,0.2461230039555265,0.10473243192898729,0.3975925061058719,0.06988911079685291,0.44684391891307446,1.0678815111702824,0.2304778211637004
QL+E,b,L,ins,stopped,120,0.3037360771756951,-0.03999713942429591,0.6497759713000678,-0.12312382452076394,0.7424228551020243,1.3756505391859042,0.22079450305412812
QL+E,b,L,ins,moving,359,0.20952391585509603,0.06804214460960592,0.3726759810419793,0.03206926833365784,0.4167092536529602,0.9433390063297361,0.22210882243732719
QL+E,b,L,ins,turn,52,1.492998088502064,0.9844605203197958,2.2102947373160795,0.8522007910143147,2.390141078928532,2.4388325420599433,0.6121773687835956
QL+E,b,L,ins,straight,427,0.06325518880399325,-0.06243293708511812,0.200888923194301,-0.10160618752746431,0.24261933210877915,0.8679092909057665,0.0728822579350187
QL+E,b,L,ins,cluster Construction,15,0.13717740376790363,-0.5279193565720005,0.937860107421875,-0.7518969944545201,1.233552066918574,0.8593240592732693,0.1596340778401045
QL+E,b,L,ins,cluster Cut_ins,20,0.07291157394647599,-0.20299400389194489,0.3925588781183416,-0.29581717188127726,0.4986600875854492,1.2230912838036063,0.05961253662092446
QL+E,b,L,ins,cluster Cyclist,71,-0.07900534502007592,-0.303114874934594,0.12021771286660518,-0.37344974873671816,0.17637292430481671,1.0052250985544486,-0.07859468007085037
QL+E,b,L,ins,cluster Foreign Object Debris,78,0.4361953283395194,0.1654388360338252,0.7453577634307909,0.09990064299515258,0.8237643508232994,1.2223880225862003,0.3568386799280503
QL+E,b,L,ins,cluster Interections,116,0.20225632669211463,-0.06889269137485086,0.4688447766525361,-0.15673730871933425,0.5482920186134012,1.1365226366004706,0.17796066719541737
QL+E,b,L,ins,cluster Multi-Lane Maneuvers,42,0.6406044792827397,0.251838035682189,1.113276178985095,0.17349477623460796,1.268184336983477,1.3919412902935275,0.46022377793509617
QL+E,b,L,ins,cluster Others,22,-0.22345284169370477,-0.7025477665868637,0.21889716786146182,-0.8709553660171759,0.3552254688602523,0.6287174013634506,-0.35541062042997373
QL+E,b,L,ins,cluster Pedestrian,52,0.19204338310429683,-0.21725416386182955,0.6213973316743419,-0.3246893476913992,0.7224291983783414,0.9236990431022998,0.20790687674559818
QL+E,b,L,ins,cluster Single-Lane Maneuvers,38,0.4202343707806186,0.08075404755409112,0.8737511336044581,0.029015668303084875,1.0339729294098428,0.8356722535462101,0.5028698380224262
QL+E,b,L,ins,cluster Special Vehicles,25,0.6622653603553772,-0.06912001776085658,1.5382867435222136,-0.2508220404605655,1.8000144208905595,1.4522340225793409,0.45603212020822576
Q1+C+E,b,L,oof,all,479,0.10057671656704203,0.006749639751870815,0.2026038152833031,-0.017725796318776015,0.23020765148459857,1.0678815111702824,0.09418340472701026
Q1+C+E,b,L,oof,stopped,120,0.21186264113394382,-0.013984205879264586,0.46978619636076063,-0.07722799223502892,0.5429766179532145,1.3756505391859042,0.15400905615122423
Q1+C+E,b,L,oof,moving,359,0.044240832532110606,-0.031195069712585954,0.12345549902315862,-0.05713178990555551,0.15032310726740158,0.9433390063297361,0.04689812700975772
Q1+C+E,b,L,oof,turn,52,0.9622013042295221,0.47013232632646934,1.6266924304500108,0.2953089088124898,1.7937565959861408,2.4388325420599433,0.39453356785899096
Q1+C+E,b,L,oof,straight,427,-0.035099314173083075,-0.09100803475827705,0.01984949281905794,-0.1067269466954687,0.03254347120871715,0.8679092909057665,-0.04044122414734467
Q1+C+E,b,L,oof,cluster Construction,15,-0.17027021969358128,-0.45312501792795956,-0.004166666728754838,-0.5580615028738976,0.0,0.8593240592732693,-0.1981443645806669
Q1+C+E,b,L,oof,cluster Cut_ins,20,0.10340557480230927,-0.10674568819622808,0.39255883476950904,-0.1564659170472814,0.49999318213759014,1.2230912838036063,0.084544445841144
Q1+C+E,b,L,oof,cluster Cyclist,71,-0.07033552702608138,-0.2276580293961232,0.06821279560740962,-0.28073817917495536,0.1042690623311597,1.0052250985544486,-0.06996992726029871
Q1+C+E,b,L,oof,cluster Foreign Object Debris,78,0.21557748327270532,0.017321421269546538,0.44403650516399046,-0.018178983783798095,0.5237423833768953,1.2223880225862003,0.17635765345328655
Q1+C+E,b,L,oof,cluster Interections,116,0.026954692196309697,-0.2162734407124344,0.24878112165478278,-0.28327069177925673,0.31486666255176604,1.1365226366004706,0.023716810671660437
Q1+C+E,b,L,oof,cluster Multi-Lane Maneuvers,42,0.3313173112415132,0.042568819282817943,0.6922212435812265,-0.02286728401858435,0.8091855527062285,1.3919412902935275,0.23802534887922336
Q1+C+E,b,L,oof,cluster Others,22,-0.10856553776697679,-0.23668027176138232,0.01407481041871169,-0.27763749831143697,0.051319024463711664,0.6287174013634506,-0.17267780012377446
Q1+C+E,b,L,oof,cluster Pedestrian,52,0.09685480790750052,-0.05349900016794623,0.2853832820704885,-0.08696592852193255,0.3565448912285658,0.9236990431022998,0.10485537322005631
Q1+C+E,b,L,oof,cluster Single-Lane Maneuvers,38,-0.005239410669003662,-0.3970848406524518,0.3208416338882677,-0.5571394161041826,0.3936117169328885,0.8356722535462101,-0.006269695621423356
Q1+C+E,b,L,oof,cluster Special Vehicles,25,0.5860679914057255,0.01676042605343179,1.3112136255386526,-0.09638928274984937,1.5548859536753168,1.4522340225793409,0.4035630499585727
Q1+C+E,b,L,rep3,all,479,0.07902288060443721,-0.02469555212253977,0.1920899444800478,-0.05073136204917713,0.22858128812411066,1.0678815111702824,0.07399967110380692
Q1+C+E,b,L,rep3,stopped,120,0.18208426979444436,-0.0792694208495753,0.4615640771292393,-0.14744791342575364,0.5530956712480115,1.3756505391859042,0.1323623003137119
Q1+C+E,b,L,rep3,moving,359,0.018840301249420724,-0.0689877822919067,0.11293253958651636,-0.09177911569011606,0.14362943491421556,0.9433390063297361,0.01997193068769941
Q1+C+E,b,L,rep3,turn,52,1.041551363639831,0.5348325562745831,1.725585804414578,0.38400605507934144,1.9188657201613395,2.4388325420599433,0.4270696514325218
Q1+C+E,b,L,rep3,straight,427,-0.07440160182319433,-0.14415522490482538,-0.008488556451623561,-0.1627852421609879,0.00772104855080922,0.8679092909057665,-0.0857250897101786
Q1+C+E,b,L,rep3,cluster Construction,15,-0.1390100136399269,-0.4444444444444444,0.0,-0.5602901867174572,0.0,0.8593240592732693,-0.16176669574163643
Q1+C+E,b,L,rep3,cluster Cut_ins,20,0.1274034247500822,-0.060648562019004634,0.4072662733542356,-0.09711182092062452,0.5064783069255104,1.2230912838036063,0.10416509907083892
Q1+C+E,b,L,rep3,cluster Cyclist,71,-0.10613886928054649,-0.28888429146988887,0.05623755741483784,-0.34682527933778906,0.09318366872793653,1.0052250985544486,-0.10558716593246444
Q1+C+E,b,L,rep3,cluster Foreign Object Debris,78,0.23355336912358418,-0.011917577290022663,0.5097869476636718,-0.06381001379096067,0.5957964838436326,1.2223880225862003,0.1910632015433663
Q1+C+E,b,L,rep3,cluster Interections,116,0.010183428442266223,-0.26656212017455255,0.26590297427784093,-0.3303120825252729,0.3450521519495175,1.1365226366004706,0.008960163321274939
Q1+C+E,b,L,rep3,cluster Multi-Lane Maneuvers,42,0.30450123894427505,0.009650796307250858,0.6895498117929656,-0.062253942030549236,0.810299518181158,1.3919412902935275,0.2187601165851348
Q1+C+E,b,L,rep3,cluster Others,22,-0.19862329418008978,-0.3973853414878249,-0.02130842213095589,-0.4656517808111558,0.013210132103413232,0.6287174013634506,-0.3159182388611336
Q1+C+E,b,L,rep3,cluster Pedestrian,52,0.017634639946314003,-0.19476204603804761,0.24227603891094288,-0.24478144469840282,0.31396353549916606,0.9236990431022998,0.019091326420656436
Q1+C+E,b,L,rep3,cluster Single-Lane Maneuvers,38,-0.029303681203409246,-0.36722618642334753,0.29033781158369654,-0.4780443574211353,0.3889573755208401,0.8356722535462101,-0.03506599755951912
Q1+C+E,b,L,rep3,cluster Special Vehicles,25,0.5700285631418228,-0.09298471957712508,1.388652480452097,-0.2597451204849338,1.6292283634543387,1.4522340225793409,0.3925183918562823
Q1+C+E,b,L,ins,all,479,0.2352597422174917,0.11890407848106997,0.36425561868311596,0.08765482870375714,0.40264631612300167,1.0678815111702824,0.22030509916748398
Q1+C+E,b,L,ins,stopped,120,0.29310173717909693,-0.004175833797172901,0.5982223597828291,-0.09156890166146471,0.6939756957173988,1.3756505391859042,0.2130640950081345
Q1+C+E,b,L,ins,moving,359,0.19040324064912323,0.08540838011626768,0.31028288761389317,0.050654733940338405,0.3493432290048077,0.9433390063297361,0.20183967732864996
Q1+C+E,b,L,ins,turn,52,1.340105611599799,0.8397500859455519,2.1008213016925206,0.6854275344865653,2.277465612648719,2.4388325420599433,0.5494865221323838
Q1+C+E,b,L,ins,straight,427,0.07237855142460359,-0.020734900411067233,0.173847246563578,-0.04351748915616866,0.2030817835040259,0.8679092909057665,0.08339414289374407
Q1+C+E,b,L,ins,cluster Construction,15,-0.033696707089742026,-0.08515020211537679,0.0,-0.10583782236565624,0.0,0.8593240592732693,-0.039213038115375645
Q1+C+E,b,L,ins,cluster Cut_ins,20,0.15410917550325393,-0.007689031958580017,0.4224133218228818,-0.012815053264300028,0.5202295508209821,1.2230912838036063,0.12599973325294295
Q1+C+E,b,L,ins,cluster Cyclist,71,0.021450197192984567,-0.14918484737247942,0.18131279972466569,-0.20992647416995455,0.22950145994258275,1.0052250985544486,0.021338700380472746
Q1+C+E,b,L,ins,cluster Foreign Object Debris,78,0.4781566945215066,0.1998335479970344,0.8021923868040465,0.1378607852238467,0.879103812731309,1.2223880225862003,0.3911660501301975
Q1+C+E,b,L,ins,cluster Interections,116,0.18161683224526973,-0.09947240798501296,0.46456038830241875,-0.18088058496787518,0.5574440141281355,1.1365226366004706,0.15980045306314009
Q1+C+E,b,L,ins,cluster Multi-Lane Maneuvers,42,0.6472442746162415,0.1989916909102316,1.1650863784022238,0.0941907230191889,1.3371462569692252,1.3919412902935275,0.464993947036195
Q1+C+E,b,L,ins,cluster Others,22,-0.19195792891762473,-0.48362706490912033,0.025785959519091132,-0.5770187535125649,0.0650490402217422,0.6287174013634506,-0.30531671065782573
Q1+C+E,b,L,ins,cluster Pedestrian,52,0.2699561951538691,0.004537274746695669,0.6141149772983046,-0.04545716305881597,0.7173803225647423,0.9236990431022998,0.29225557520034307
Q1+C+E,b,L,ins,cluster Single-Lane Maneuvers,38,0.07248538850169432,-0.38367159102199744,0.47879905485106933,-0.5514444637013366,0.5878659645036853,0.8356722535462101,0.08673901543828881
Q1+C+E,b,L,ins,cluster Special Vehicles,25,0.753233300447464,-0.009895454354959877,1.62463953674677,-0.18977157208137213,1.925674030601978,1.4522340225793409,0.5186721208401602
QV+C+E,b,L,oof,all,479,0.07922802814730141,-0.017667353869096424,0.1842728746511747,-0.0414515590428909,0.21073849536145853,1.0678815111702824,0.07419177813133601
QV+C+E,b,L,oof,stopped,120,0.16107527167069272,-0.09588600934895379,0.44216954799428365,-0.17073291260285545,0.5325718715211165,1.3756505391859042,0.11709025445227929
QV+C+E,b,L,oof,moving,359,0.03730383223040714,-0.02603236245888834,0.10476142127588807,-0.04533168861548055,0.12888712282478393,0.9433390063297361,0.0395444606658912
QV+C+E,b,L,oof,turn,52,0.934385600201911,0.4856646683281436,1.5597723888028205,0.34711652690376926,1.7437624722826774,2.4388325420599433,0.38312823208955893
QV+C+E,b,L,oof,straight,427,-0.05612641917331834,-0.1256396659957472,0.007321835206529567,-0.1441423703981837,0.02411381834337673,0.8679092909057665,-0.0646685313332039
QV+C+E,b,L,oof,cluster Construction,15,-0.3028825173775355,-0.7477700064579645,-0.003930009328402006,-0.9367904264203549,0.0,0.8593240592732693,-0.35246600407497425
QV+C+E,b,L,oof,cluster Cut_ins,20,0.08685374408960342,-0.11133562345325092,0.37649880000031916,-0.1484263636462171,0.4744649479494783,1.2230912838036063,0.0710116613859785
QV+C+E,b,L,oof,cluster Cyclist,71,-0.09168296579507665,-0.2350010932094223,0.03115406631634683,-0.274608615981753,0.058331771156194596,1.0052250985544486,-0.09120640334878247
QV+C+E,b,L,oof,cluster Foreign Object Debris,78,0.18079036029480333,-0.01804904025913254,0.4100532923296988,-0.058015177697130306,0.4828576451362674,1.2223880225862003,0.1478993224363456
QV+C+E,b,L,oof,cluster Interections,116,0.006222387169616233,-0.23752932098297114,0.2345939603783436,-0.3091804500924066,0.28808296224446284,1.1365226366004706,0.005474934655264266
QV+C+E,b,L,oof,cluster Multi-Lane Maneuvers,42,0.3153783439525536,0.05167441048913382,0.6590720125544601,0.0043311369726621515,0.7707774326172558,1.3919412902935275,0.22657445838541634
QV+C+E,b,L,oof,cluster Others,22,-0.02670229802077467,-0.18271800008763495,0.16774053893362484,-0.21520142381344284,0.25552727226245503,0.6287174013634506,-0.04247106563754633
QV+C+E,b,L,oof,cluster Pedestrian,52,0.06785661372571038,-0.09047488319281233,0.25291252576539824,-0.13038393615124338,0.32987964015029353,0.9236990431022998,0.07346182096043943
QV+C+E,b,L,oof,cluster Single-Lane Maneuvers,38,0.020109048995532487,-0.24287543607143952,0.2649460488897085,-0.33941204744370135,0.3360782362069957,0.8356722535462101,0.024063320171513292
QV+C+E,b,L,oof,cluster Special Vehicles,25,0.5363375644385815,-0.05686403985837483,1.2716246998266536,-0.16027209060654665,1.51504105328815,1.4522340225793409,0.3693189638168523
QV+C+E,b,L,rep3,all,479,0.05975801934143858,-0.04324649229284822,0.1754346514535091,-0.06962713003657701,0.20065419170024368,1.0678815111702824,0.055959410024760396
QV+C+E,b,L,rep3,stopped,120,0.15135157935511145,-0.1342634481029489,0.45518352548636704,-0.229041101037566,0.5525067300607458,1.3756505391859042,0.11002182243513658
QV+C+E,b,L,rep3,moving,359,0.008415776466497469,-0.06462967352646508,0.08762537111574258,-0.0827075691875163,0.1122418911081897,0.9433390063297361,0.00892126415851377
QV+C+E,b,L,rep3,turn,52,0.9812465004357739,0.49411807792674217,1.636065268812568,0.3418595304439559,1.8176123200744085,2.4388325420599433,0.40234271255334764
QV+C+E,b,L,rep3,straight,427,-0.08921667412523726,-0.16769223350291648,-0.01486559239194418,-0.19103694805833732,0.003840268266794287,0.8679092909057665,-0.10279492921677225
QV+C+E,b,L,rep3,cluster Construction,15,-0.2669617548584938,-0.6581451276110278,0.0,-0.8384295413277596,0.0,0.8593240592732693,-0.3106648207711809
QV+C+E,b,L,rep3,cluster Cut_ins,20,0.07649037099909037,-0.15750391144305467,0.37771318197350184,-0.20366448043344113,0.48838330021128024,1.2230912838036063,0.06253856274833249
QV+C+E,b,L,rep3,cluster Cyclist,71,-0.12980615526018008,-0.29080703402934077,0.010364454426485465,-0.3555633169313551,0.04057380793048348,1.0052250985544486,-0.1291314308077327
QV+C+E,b,L,rep3,cluster Foreign Object Debris,78,0.18476617470001563,-0.030491785747343722,0.42245215682242176,-0.09374366208523542,0.5047825966138004,1.2223880225862003,0.15115182027807075
QV+C+E,b,L,rep3,cluster Interections,116,-0.0027210886212836564,-0.26880398975118047,0.24680066785034316,-0.3494954341519457,0.3137000052407391,1.1365226366004706,-0.0023942229865503498
QV+C+E,b,L,rep3,cluster Multi-Lane Maneuvers,42,0.24806387385442144,-0.06259031281281915,0.6324438124537797,-0.15530325525082908,0.7609207241063896,1.3919412902935275,0.17821432238863366
QV+C+E,b,L,rep3,cluster Others,22,-0.10091042925011028,-0.35519980260116213,0.18736104104667917,-0.4326665371362316,0.3093785596288295,0.6287174013634506,-0.16050204596098927
QV+C+E,b,L,rep3,cluster Pedestrian,52,0.03702674741641833,-0.1971878683958511,0.27436733025373244,-0.24735265610950244,0.3540116654717297,0.9236990431022998,0.040085293681870374
QV+C+E,b,L,rep3,cluster Single-Lane Maneuvers,38,-0.01491778638017805,-0.23302189159707318,0.2265252462660318,-0.29405180890107235,0.2962248032133732,0.8356722535462101,-0.01785124050352731
QV+C+E,b,L,rep3,cluster Special Vehicles,25,0.5665502408146859,-0.10942361125988619,1.3744350562639096,-0.25001764665847936,1.6205881131347257,1.4522340225793409,0.39012323909642677
QV+C+E,b,L,ins,all,479,0.3086413093294523,0.1650393708139608,0.46716385665145926,0.12742280492696137,0.5243850331432969,1.0678815111702824,0.2890220554443487
QV+C+E,b,L,ins,stopped,120,0.43436530271275675,0.11462699907930805,0.7836075128470111,0.020867911656949845,0.901673111265436,1.3756505391859042,0.315752649629905
QV+C+E,b,L,ins,moving,359,0.24054702658744437,0.10612090392404852,0.4039399194834551,0.07541808527075614,0.46028417617259687,0.9433390063297361,0.2549953144875716
QV+C+E,b,L,ins,turn,52,1.4325248119799836,0.9663853349895049,2.190641360729852,0.8018534907573783,2.3641899161139297,2.4388325420599433,0.5873813750123291
QV+C+E,b,L,ins,straight,427,0.13565071131419953,0.011042995466420846,0.27848447013242345,-0.015549859714482977,0.32675652347234857,0.8679092909057665,0.15629595481416253
QV+C+E,b,L,ins,cluster Construction,15,0.3750746726989746,-0.46262677737644736,1.344772051206002,-0.6842244955209585,1.6645450225472438,0.8593240592732693,0.43647640101706847
QV+C+E,b,L,ins,cluster Cut_ins,20,0.015930749475955963,-0.24594158136919372,0.32010642602862377,-0.32069250959903,0.4039348771529538,1.2230912838036063,0.013024988148402167
QV+C+E,b,L,ins,cluster Cyclist,71,0.10605098490773791,-0.0313770825867532,0.25898262016293483,-0.06825348795764132,0.30955097475363047,1.0052250985544486,0.10549973837724824
QV+C+E,b,L,ins,cluster Foreign Object Debris,78,0.48254092410206795,0.185613570602579,0.8128072243039726,0.12306177831821455,0.9075481560161837,1.2223880225862003,0.39475266051867763
QV+C+E,b,L,ins,cluster Interections,116,0.22671762198723597,-0.03654449414510691,0.4968432848784006,-0.10055141507894812,0.5778888012770482,1.1365226366004706,0.19948359556250134
QV+C+E,b,L,ins,cluster Multi-Lane Maneuvers,42,0.40234224249919254,0.013531482864432417,0.8942091025476118,-0.06587521427260101,1.0328010445104483,1.3919412902935275,0.2890511584826599
QV+C+E,b,L,ins,cluster Others,22,-0.024431063370271164,-0.300506971248736,0.2691791580885837,-0.37859000722436525,0.3763982368552167,0.6287174013634506,-0.03885857671075974
QV+C+E,b,L,ins,cluster Pedestrian,52,0.26524773612618446,-0.027856647187755216,0.6268327747001089,-0.08796210119732442,0.7403760727238748,0.9236990431022998,0.28715818004458865
QV+C+E,b,L,ins,cluster Single-Lane Maneuvers,38,0.39262461152515915,0.047718449726059875,0.8419703970676604,-0.010116610143450083,1.0066205748905797,0.8356722535462101,0.4698308575629264
QV+C+E,b,L,ins,cluster Special Vehicles,25,0.8443146133422852,0.15380357901255293,1.7003485473900735,0.0,1.9412786013772827,1.4522340225793409,0.5813901893323513
QL+C+E,b,L,oof,all,479,0.08663487113315853,-0.005979957445556129,0.18987898529782843,-0.03415513579025516,0.21748793407962705,1.0678815111702824,0.08112779388624876
QL+C+E,b,L,oof,stopped,120,0.19050533084198934,-0.050294624487900286,0.45271065812148653,-0.11950669495779173,0.539279313462355,1.3756505391859042,0.13848381214223812
QL+C+E,b,L,oof,moving,359,0.03793443080754848,-0.028316878105890973,0.10838269178016884,-0.051332714129705956,0.13031087608844216,0.9433390063297361,0.04021293570287161
QL+C+E,b,L,oof,turn,52,0.9295293393684171,0.47925344465554215,1.5635080824295329,0.33872408611898797,1.738550731279255,2.4388325420599433,0.38113700852265014
QL+C+E,b,L,oof,straight,427,-0.04764903032682021,-0.11175370106663503,0.011576230109945207,-0.12787048812492857,0.02512545730473285,0.8679092909057665,-0.05490093357232388
QL+C+E,b,L,oof,cluster Construction,15,-0.20575876161456108,-0.5910387264771594,0.06252400875091553,-0.7497579590613235,0.09865156932235612,0.8593240592732693,-0.2394425704647108
QL+C+E,b,L,oof,cluster Cut_ins,20,0.07416408285498619,-0.13789580546658145,0.3672714057043196,-0.18977926729171715,0.47616476323148516,1.2230912838036063,0.06063658848450663
QL+C+E,b,L,oof,cluster Cyclist,71,-0.1023621988436863,-0.24232775254119096,0.016735833998148646,-0.2890191107384134,0.04779728646205468,1.0052250985544486,-0.10183012639744768
QL+C+E,b,L,oof,cluster Foreign Object Debris,78,0.2048133698266704,0.006297927948813208,0.43879560578642174,-0.030045129049240563,0.5107989655212646,1.2223880225862003,0.16755184609331147
QL+C+E,b,L,oof,cluster Interections,116,0.02862059455043797,-0.20825524492740402,0.24519497003166804,-0.2824402518073419,0.3118403993556792,1.1365226366004706,0.025182599649794003
QL+C+E,b,L,oof,cluster Multi-Lane Maneuvers,42,0.288690045298565,0.01020522973881024,0.6664360346379969,-0.05923858610188795,0.8010529504893888,1.3919412902935275,0.20740102137331318
QL+C+E,b,L,oof,cluster Others,22,-0.025410502302375706,-0.17666795989498496,0.1544882962475126,-0.21620406931726716,0.22242407062920994,0.6287174013634506,-0.040416413236328316
QL+C+E,b,L,oof,cluster Pedestrian,52,0.08232249409103623,-0.0683674921276344,0.26061774581394476,-0.10506878597195658,0.3361595851413665,0.9236990431022998,0.08912263654030765
QL+C+E,b,L,oof,cluster Single-Lane Maneuvers,38,0.0078067281528523096,-0.28425799525613266,0.26859377558494724,-0.3927804405086732,0.3406973942911708,0.8356722535462101,0.009341853962153384
QL+C+E,b,L,oof,cluster Special Vehicles,25,0.5134628593176603,-0.03835637680529495,1.2011626479474253,-0.13651102278520175,1.460122507180299,1.4522340225793409,0.3535675733623766
QL+C+E,b,L,rep3,all,479,0.08287071627618288,-0.0238286912213277,0.20081569475418404,-0.050430982438865554,0.22933459536661904,1.0678815111702824,0.07760291325333048
QL+C+E,b,L,rep3,stopped,120,0.16858419892980242,-0.12035880505168997,0.4739641525865167,-0.21327780885836461,0.5597406497393873,1.3756505391859042,0.1225487099576676
QL+C+E,b,L,rep3,moving,359,0.03947624181030536,-0.033380527427437585,0.11829766005410536,-0.05578079004778362,0.14469885276300593,0.9433390063297361,0.0418473544986719
QL+C+E,b,L,rep3,turn,52,1.011503160781818,0.5206770735398054,1.6839859646453434,0.3660385192550481,1.8661738195142341,2.4388325420599433,0.41474891913958906
QL+C+E,b,L,rep3,straight,427,-0.06804272479592041,-0.14954601398534417,0.005634480312321547,-0.17077792910952086,0.02351995133399194,0.8679092909057665,-0.0783984288552894
QL+C+E,b,L,rep3,cluster Construction,15,-0.325442632039388,-0.8136065800984701,0.0,-1.0403086341917516,0.0,0.8593240592732693,-0.3787193300681177
QL+C+E,b,L,rep3,cluster Cut_ins,20,0.1274034247500822,-0.060648562019004634,0.4072662733542356,-0.09711182092062452,0.5064783069255104,1.2230912838036063,0.10416509907083892
QL+C+E,b,L,rep3,cluster Cyclist,71,-0.11247084195345221,-0.261787987567464,0.01331327055681901,-0.3153031586899192,0.03369543548888711,1.0052250985544486,-0.11188622539885792
QL+C+E,b,L,rep3,cluster Foreign Object Debris,78,0.2447497433910403,0.02082517807777578,0.5011625360524555,-0.025364441980078235,0.5741637818137888,1.2223880225862003,0.2002226288778783
QL+C+E,b,L,rep3,cluster Interections,116,0.06530542656426029,-0.19849735417905345,0.3057277221462455,-0.26966303335245845,0.37880141477278056,1.1365226366004706,0.05746073545846808
QL+C+E,b,L,rep3,cluster Multi-Lane Maneuvers,42,0.24536573478863352,-0.06323961976873264,0.6265421584615066,-0.13311695410761137,0.7540105379321665,1.3919412902935275,0.1762759223392904
QL+C+E,b,L,rep3,cluster Others,22,-0.03499905053864826,-0.22286509715897193,0.16875723487670935,-0.27536900481320026,0.24764760139149883,0.6287174013634506,-0.05566738007051903
QL+C+E,b,L,rep3,cluster Pedestrian,52,0.06325244889236413,-0.137781792499125,0.2767071874712174,-0.1872035048054015,0.350789013957266,0.9236990431022998,0.06847733508516682
QL+C+E,b,L,rep3,cluster Single-Lane Maneuvers,38,-0.004302874207496643,-0.3042559061747978,0.27098667303898505,-0.4288315442133823,0.3345139583407822,0.8356722535462101,-0.005148997336260976
QL+C+E,b,L,rep3,cluster Special Vehicles,25,0.5598457831144333,-0.12016983963549137,1.3700328970061881,-0.25770267285014453,1.6169361009173804,1.4522340225793409,0.3855065880635963
QL+C+E,b,L,ins,all,479,0.21986315998413578,0.09444404323226398,0.35379022709481284,0.058573069315703497,0.3920154185013913,1.0678815111702824,0.2058872240827445
QL+C+E,b,L,ins,stopped,120,0.35369204781549973,0.009006649485637985,0.7021164875990188,-0.07225421689535277,0.8023125487104598,1.3756505391859042,0.25710893700140663
QL+C+E,b,L,ins,moving,359,0.16074682662764564,0.06211540042211029,0.2724570307195945,0.030881792504153335,0.30241249901364353,0.9433390063297361,0.17040197166559012
QL+C+E,b,L,ins,turn,52,1.2674699110794723,0.7230127479962534,2.039522845726115,0.5379590495803455,2.272598703330832,2.4388325420599433,0.519703542256703
QL+C+E,b,L,ins,straight,427,0.06151596650922815,-0.04198645203708569,0.17093316641080383,-0.07748958474579222,0.20004421645028717,0.8679092909057665,0.07087833619689556
QL+C+E,b,L,ins,cluster Construction,15,-0.2258060057957967,-0.6687477297253079,0.0,-0.8416533313062671,0.0,0.8593240592732693,-0.26277165565079247
QL+C+E,b,L,ins,cluster Cut_ins,20,0.07291157394647599,-0.20299400389194489,0.3925588781183416,-0.29581717188127726,0.4986600875854492,1.2230912838036063,0.05961253662092446
QL+C+E,b,L,ins,cluster Cyclist,71,-0.12250420445917358,-0.3615878771027596,0.09980896769660084,-0.4311838366962781,0.15936194916788912,1.0052250985544486,-0.12186743510019718
QL+C+E,b,L,ins,cluster Foreign Object Debris,78,0.4727461468323898,0.1854728269966839,0.8005917285147639,0.1119583321628237,0.8986518613938639,1.2223880225862003,0.38673983882155777
QL+C+E,b,L,ins,cluster Interections,116,0.35436861387229174,0.06045728347336409,0.6462507782864465,-0.009889997586885201,0.7349925241346124,1.1365226366004706,0.3118007529812759
QL+C+E,b,L,ins,cluster Multi-Lane Maneuvers,42,0.6269961719711622,0.23957287094080343,1.1025285486571699,0.1416758233236008,1.238767793326916,1.3919412902935275,0.4504472827578407
QL+C+E,b,L,ins,cluster Others,22,-0.043341203169389206,-0.3456342684796878,0.27688453179597855,-0.4447149693063512,0.3896478647771089,0.6287174013634506,-0.06893590518633412
QL+C+E,b,L,ins,cluster Pedestrian,52,0.25502692807752353,-0.09751621500034123,0.6366799783832707,-0.18754249257234684,0.7453262685568255,0.9236990431022998,0.2760930954534715
QL+C+E,b,L,ins,cluster Single-Lane Maneuvers,38,0.05500027811840961,-0.38470491672950713,0.43299875590950254,-0.5726748916020318,0.5606961999117628,0.8356722535462101,0.06581560879281756
QL+C+E,b,L,ins,cluster Special Vehicles,25,0.753233300447464,-0.009895454354959877,1.62463953674677,-0.18977157208137213,1.925674030601978,1.4522340225793409,0.5186721208401602
Q1v+E,b,L,oof,all,479,0.08952886778547943,-0.009704976074877263,0.1924716551116247,-0.03238597071773928,0.21815118528739796,1.0678815111702824,0.08383782924321397
Q1v+E,b,L,oof,stopped,120,0.22541677577462543,0.007914058072784348,0.4619450559346573,-0.04723514059489086,0.518661556707102,1.3756505391859042,0.16386194702327872
Q1v+E,b,L,oof,moving,359,0.030914753964831353,-0.05946894589031096,0.12510669923975737,-0.08569224776322207,0.14985867115554427,0.9433390063297361,0.03277162690972768
Q1v+E,b,L,oof,turn,52,0.985095789111495,0.5345992331944958,1.6125141581966596,0.3913396350257462,1.7859367764517988,2.4388325420599433,0.4039210450584855
Q1v+E,b,L,oof,straight,427,-0.047816318952364295,-0.117278712032088,0.01841220466752522,-0.1358456957719283,0.03668182124423677,0.8679092909057665,-0.05509368254655078
Q1v+E,b,L,oof,cluster Construction,15,-0.05721057342986266,-0.4929180769969455,0.34104004773226654,-0.6386294011215796,0.4606263635214418,0.8593240592732693,-0.0665762500333642
Q1v+E,b,L,oof,cluster Cut_ins,20,0.09638296188786626,-0.10371274624194483,0.38531263604921934,-0.14528759113329995,0.48761244551210164,1.2230912838036063,0.07880275427041848
Q1v+E,b,L,oof,cluster Cyclist,71,-0.09825974153223592,-0.20975127619740153,-6.598703338429652e-05,-0.24863877557509276,0.026923277724712806,1.0052250985544486,-0.09774899340808055
Q1v+E,b,L,oof,cluster Foreign Object Debris,78,0.18668554725053793,0.0013220296732020195,0.41073105482138034,-0.03358706428221828,0.4826366857841614,1.2223880225862003,0.15272200299833455
Q1v+E,b,L,oof,cluster Interections,116,0.044472475407709336,-0.2033880637421124,0.27699583045065534,-0.269917952721689,0.33995198630488804,1.1365226366004706,0.03913030323859976
Q1v+E,b,L,oof,cluster Multi-Lane Maneuvers,42,0.3419131453902948,0.03774716687492199,0.7369121431705286,-0.02522956845959068,0.8572493264547936,1.3919412902935275,0.2456376197577941
Q1v+E,b,L,oof,cluster Others,22,-0.21456768685443836,-0.5205672617894238,0.0024693068582564677,-0.6319117214017109,0.040269712843776936,0.6287174013634506,-0.3412784287330398
Q1v+E,b,L,oof,cluster Pedestrian,52,0.08243173066204271,-0.06637218800730052,0.2787066803952822,-0.09638800542651298,0.3442847461505909,0.9236990431022998,0.08924089645604773
Q1v+E,b,L,oof,cluster Single-Lane Maneuvers,38,0.00431258692161033,-0.3470602409837861,0.27090204754755465,-0.4914867113149094,0.33350548961639226,0.8356722535462101,0.0051606199718965025
Q1v+E,b,L,oof,cluster Special Vehicles,25,0.5091282321512699,0.024803081379436397,1.1342083386899464,-0.05702106049530865,1.3494945721522578,1.4522340225793409,0.3505827740125503
Q1v+E,b,L,rep3,all,479,0.09577541505519423,-0.003866967899817646,0.205676294381106,-0.03412401138863022,0.23558291474132428,1.0678815111702824,0.0896873052425402
Q1v+E,b,L,rep3,stopped,120,0.26332090215630605,0.0194732450122319,0.5400759738861045,-0.04619748985045996,0.609503610209692,1.3756505391859042,0.19141554824827578
Q1v+E,b,L,rep3,moving,359,0.01993569454509974,-0.07730451256589004,0.11200692791086893,-0.10071260776549688,0.14015426042288717,0.9433390063297361,0.021133118010951184
Q1v+E,b,L,rep3,turn,52,1.0260554049362953,0.5418849899411441,1.683809866171614,0.34972159627621147,1.8489767630214071,2.4388325420599433,0.4207158085850555
Q1v+E,b,L,rep3,straight,427,-0.057136997613813675,-0.12317255542336951,0.002797989193065177,-0.13732711248816343,0.01815234020080706,0.8679092909057665,-0.06583291389147872
Q1v+E,b,L,rep3,cluster Construction,15,-0.13333333333333333,-0.4444444444444444,0.0,-0.5455176767676767,0.0,0.8593240592732693,-0.15516071253270086
Q1v+E,b,L,rep3,cluster Cut_ins,20,0.0727647342486307,-0.16063394960268762,0.3759114479557216,-0.22502717078619752,0.48178395919645967,1.2230912838036063,0.059492480415970855
Q1v+E,b,L,rep3,cluster Cyclist,71,-0.13388195088211918,-0.2738818253562734,-0.020625298479534232,-0.3254797653973619,0.001134031779902439,1.0052250985544486,-0.13318604069341927
Q1v+E,b,L,rep3,cluster Foreign Object Debris,78,0.1627263276336285,-0.028733833565926868,0.383344668846533,-0.06604710311497025,0.4498905399952029,1.2223880225862003,0.1331216640108672
Q1v+E,b,L,rep3,cluster Interections,116,0.10211939481889894,-0.1614635791819036,0.35682203727704825,-0.23689466227489878,0.4323296059074149,1.1365226366004706,0.08985249526076765
Q1v+E,b,L,rep3,cluster Multi-Lane Maneuvers,42,0.316917762337696,0.04213238068975191,0.6782544233332404,-0.01846735157519965,0.7951644657334187,1.3919412902935275,0.22768040904287387
Q1v+E,b,L,rep3,cluster Others,22,-0.20422926579009404,-0.5906743027661976,0.06345201013868469,-0.7294295730174083,0.11252194952633644,0.6287174013634506,-0.3248347593802842
Q1v+E,b,L,rep3,cluster Pedestrian,52,0.13930825473597416,-0.025678392239098475,0.35840775832699434,-0.061440272297925105,0.42404088031507997,0.9236990431022998,0.15081563175393023
Q1v+E,b,L,rep3,cluster Single-Lane Maneuvers,38,0.05435385417781378,-0.25835124241993634,0.3204114764600638,-0.3832377900143808,0.39393654146057067,0.8356722535462101,0.06504207115548102
Q1v+E,b,L,rep3,cluster Special Vehicles,25,0.581008372604847,-0.03245029813066745,1.3530207361086557,-0.1595844128332071,1.6000739557027377,1.4522340225793409,0.40007902553674285
Q1v+E,b,L,ins,all,479,0.2522090258185817,0.12796120884928505,0.3910856181596407,0.10064686786003765,0.4275538891593409,1.0678815111702824,0.2361769757977998
Q1v+E,b,L,ins,stopped,120,0.39010497632742797,0.160605692536216,0.6516467017045144,0.10686301574470311,0.7486188981679296,1.3756505391859042,0.2835785435436881
Q1v+E,b,L,ins,moving,359,0.18436346054475514,0.04068465954487143,0.3541106802722615,-0.0005435811067720767,0.40381967337705443,0.9433390063297361,0.1954371220819766
Q1v+E,b,L,ins,turn,52,1.4312445508059026,0.9220597189639426,2.1919585538172117,0.7441433613348877,2.362351399207739,2.4388325420599433,0.5868564266396953
Q1v+E,b,L,ins,straight,427,0.07603183030473383,-0.01637913872499555,0.18303280206522018,-0.03519414368779876,0.21680292749878724,0.8679092909057665,0.08760342941528552
Q1v+E,b,L,ins,cluster Construction,15,0.295953369140625,-0.046875,1.0142890082465277,-0.0625,1.3041877217653406,0.8593240592732693,0.3444025172423461
Q1v+E,b,L,ins,cluster Cut_ins,20,0.15410917550325393,-0.007689031958580017,0.4224133218228818,-0.012815053264300028,0.5202295508209821,1.2230912838036063,0.12599973325294295
Q1v+E,b,L,ins,cluster Cyclist,71,0.00817104460487903,-0.12866924274022934,0.13363046739708112,-0.17646305565504827,0.16804346227513214,1.0052250985544486,0.008128572014993753
Q1v+E,b,L,ins,cluster Foreign Object Debris,78,0.34274178084272605,0.09369471079822796,0.6289173046546057,0.03598930964997403,0.7322666796067585,1.2223880225862003,0.28038705755443266
Q1v+E,b,L,ins,cluster Interections,116,0.22834979733131056,-0.030244499772460104,0.48511806403543595,-0.10320315365807585,0.5689991533600859,1.1365226366004706,0.20091970892400612
Q1v+E,b,L,ins,cluster Multi-Lane Maneuvers,42,0.5932484904215449,0.21898992835496195,1.0629864326108218,0.14586577341692256,1.210594993893449,1.3919412902935275,0.42620223608457136
Q1v+E,b,L,ins,cluster Others,22,-0.1572886271910234,-0.5984311487136866,0.24302266883137444,-0.739135704978424,0.36998357947464233,0.6287174013634506,-0.25017380917073995
Q1v+E,b,L,ins,cluster Pedestrian,52,0.284379272076946,0.02334314402767147,0.6243885657377543,-0.005307376067689124,0.7311523666724449,0.9236990431022998,0.30787005161534087
Q1v+E,b,L,ins,cluster Single-Lane Maneuvers,38,0.09919265500809017,-0.3710006722418422,0.4971777164894674,-0.5460752212008196,0.6039790630224156,0.8356722535462101,0.11869803572771741
Q1v+E,b,L,ins,cluster Special Vehicles,25,0.673233300447464,0.06626796837036426,1.428697286797809,-0.016302414018633388,1.6816696201603645,1.4522340225793409,0.46358458070808817
QVv+E,b,L,oof,all,479,0.07751790834380343,-0.019983280511253802,0.1816289676158287,-0.04530098246480536,0.21049828263070314,1.0678815111702824,0.07259036469210166
QVv+E,b,L,oof,stopped,120,0.17998199549095453,-0.05781958256411042,0.44056442884420777,-0.12173172554796997,0.5173147729650822,1.3756505391859042,0.13083409657038772
QVv+E,b,L,oof,moving,359,0.03224784175206687,-0.046363615764160336,0.1126269611539138,-0.07336092922695063,0.13159479447986158,0.9433390063297361,0.03418478567692654
QVv+E,b,L,oof,turn,52,0.8869849908325558,0.45084527321944157,1.480961728829856,0.30417344082276737,1.6683624171927753,2.4388325420599433,0.36369245347340245
QVv+E,b,L,oof,straight,427,-0.050973107033702114,-0.12524993296685616,0.01616262035344172,-0.14236410703897617,0.037564662378492125,0.8679092909057665,-0.05873091527860661
QVv+E,b,L,oof,cluster Construction,15,-0.18156808391213416,-0.6450523539224551,0.21266720632735944,-0.8233530363859609,0.31268007929126423,0.8593240592732693,-0.2112917495475297
QVv+E,b,L,oof,cluster Cut_ins,20,0.08505243491381406,-0.11624671644433156,0.3679946056089833,-0.15102963353822227,0.4795482900924257,1.2230912838036063,0.06953891016974255
QVv+E,b,L,oof,cluster Cyclist,71,-0.05994681494546608,-0.1445157547966695,0.012662906464549458,-0.17576065827416026,0.030104573627679834,1.0052250985544486,-0.05963521506941266
QVv+E,b,L,oof,cluster Foreign Object Debris,78,0.20747830284138521,0.023665982284282724,0.42147891501145857,-0.012107529246473542,0.4901768040489166,1.2223880225862003,0.16973195009095754
QVv+E,b,L,oof,cluster Interections,116,0.005781969456965554,-0.22952013445568512,0.2264069339278369,-0.29974750293717467,0.29429432458802596,1.1365226366004706,0.0050874212890826285
QVv+E,b,L,oof,cluster Multi-Lane Maneuvers,42,0.37087566361186053,0.09628379438280096,0.7328813496976125,0.035568046142091796,0.8664362911472596,1.3919412902935275,0.26644490410486465
QVv+E,b,L,oof,cluster Others,22,-0.2000022456049919,-0.5197201145688692,0.09559493408176237,-0.6349973401271108,0.17680994519658844,0.6287174013634506,-0.31811151587543557
QVv+E,b,L,oof,cluster Pedestrian,52,0.08962131645351362,-0.04230872895775569,0.2657520696529281,-0.06678172382495137,0.3339850597357791,0.9236990431022998,0.09702436862174821
QVv+E,b,L,oof,cluster Single-Lane Maneuvers,38,0.019795806588310944,-0.2786396001014068,0.2555758058758719,-0.40411492519165304,0.31995394406137856,0.8356722535462101,0.023688481344578106
QVv+E,b,L,oof,cluster Special Vehicles,25,0.43809073403477666,-0.08738126186871278,1.0938222708622243,-0.17868974969256668,1.3564515663805652,1.4522340225793409,0.3016667611578713
QVv+E,b,L,rep3,all,479,0.06280950711780603,-0.04355790230552515,0.17360634209426212,-0.0757500100623989,0.20334072005381995,1.0678815111702824,0.05881692534312502
QVv+E,b,L,rep3,stopped,120,0.1429592042817639,-0.1264943844103821,0.43511135581987936,-0.19955027092695446,0.5151637577716484,1.3756505391859042,0.10392116326750082
QVv+E,b,L,rep3,moving,359,0.019703301444193994,-0.06707132706419777,0.10534109469459656,-0.0883620309632394,0.12701629324029848,0.9433390063297361,0.02088676638195418
QVv+E,b,L,rep3,turn,52,0.9423369603700122,0.4836382357153893,1.5599289556605715,0.328043847559083,1.7055072947573113,2.4388325420599433,0.386388546207471
QVv+E,b,L,rep3,straight,427,-0.08069896223187656,-0.16989357373451858,0.0002253230947963427,-0.19714966901089037,0.02318992317677193,0.8679092909057665,-0.0929808714775453
QVv+E,b,L,rep3,cluster Construction,15,-0.33099818776051204,-0.8188432313915756,0.0,-1.0406932058730827,0.0,0.8593240592732693,-0.38518435994965317
QVv+E,b,L,rep3,cluster Cut_ins,20,0.08816053527407348,-0.11589152005216793,0.37884523665460834,-0.15022229167962745,0.48323249747680463,1.2230912838036063,0.0720800944635213
QVv+E,b,L,rep3,cluster Cyclist,71,-0.09442759462645356,-0.22366996499796435,0.009717130474746235,-0.27235151847222455,0.03045231056293989,1.0052250985544486,-0.09393676576743257
QVv+E,b,L,rep3,cluster Foreign Object Debris,78,0.2007189746468495,0.010568852312862875,0.42102298011344214,-0.023107424133922902,0.489449347690694,1.2223880225862003,0.16420234077734938
QVv+E,b,L,rep3,cluster Interections,116,0.07288908526895503,-0.18523269265591832,0.3181376961492406,-0.25640932230651015,0.3865991217374954,1.1365226366004706,0.06413342147498134
QVv+E,b,L,rep3,cluster Multi-Lane Maneuvers,42,0.3627805710725841,0.07746966669910595,0.7334143623592005,0.01229795818038912,0.8606789270871086,1.3919412902935275,0.2606292187769516
QVv+E,b,L,rep3,cluster Others,22,-0.268230141563849,-0.6946340485361584,0.14566773637241706,-0.8475395522330814,0.2670288775648388,0.6287174013634506,-0.4266306944617075
QVv+E,b,L,rep3,cluster Pedestrian,52,0.016937201842665672,-0.11744046554538524,0.20378357606332786,-0.15463885863814292,0.28198048979512913,0.9236990431022998,0.018336277350446357
QVv+E,b,L,rep3,cluster Single-Lane Maneuvers,38,0.13082698850255264,-0.13660912309606105,0.4026479981315943,-0.2287105239358627,0.47361582059300295,0.8356722535462101,0.1565529882646969
QVv+E,b,L,rep3,cluster Special Vehicles,25,0.44943763852119445,-0.1574524452615725,1.1677529796361925,-0.2732439386844635,1.370017891123963,1.4522340225793409,0.3094801743612504
QVv+E,b,L,ins,all,479,0.20256136368090455,0.07396120845139799,0.34598124919935197,0.03891689632497696,0.38830332552871255,1.0678815111702824,0.18968524275593016
QVv+E,b,L,ins,stopped,120,0.25773919811423024,-0.001316666393200222,0.5423370297325614,-0.06781331003890288,0.6280741625222185,1.3756505391859042,0.18735804680944454
QVv+E,b,L,ins,moving,359,0.1701017001989979,0.030693068830513728,0.3318762568366646,-0.007616578074753583,0.3813217490400122,0.9433390063297361,0.18031873913580151
QVv+E,b,L,ins,turn,52,1.3013278226781604,0.7724511173635185,2.0718345029909098,0.6164846150364361,2.230610807428855,2.4388325420599433,0.5335863780048641
QVv+E,b,L,ins,straight,427,0.03362484554647457,-0.06953406143597807,0.14696262292759965,-0.09346016194278098,0.1833950267575199,0.8679092909057665,0.038742350034509994
QVv+E,b,L,ins,cluster Construction,15,0.10384407043457031,-0.5562688174572856,0.9211934407552084,-0.7622254439375616,1.1725011030832901,0.8593240592732693,0.12084389970692928
QVv+E,b,L,ins,cluster Cut_ins,20,0.15410917550325393,-0.007689031958580017,0.4224133218228818,-0.012815053264300028,0.5202295508209821,1.2230912838036063,0.12599973325294295
QVv+E,b,L,ins,cluster Cyclist,71,0.023092924709051426,-0.031337619535929895,0.07737485933068551,-0.04760079558715749,0.09686678496220603,1.0052250985544486,0.022972889099426505
QVv+E,b,L,ins,cluster Foreign Object Debris,78,0.35338064139852154,0.10371283008590125,0.6358306776259196,0.04939959811084243,0.7517309200924567,1.2223880225862003,0.28909039917691265
QVv+E,b,L,ins,cluster Interections,116,0.0888530243316601,-0.18463657734592612,0.3504870982313979,-0.263233769886438,0.4362764503766847,1.1365226366004706,0.0781797224887965
QVv+E,b,L,ins,cluster Multi-Lane Maneuvers,42,0.5849900958793504,0.21419292186697325,1.0561509225144983,0.13176932935868654,1.2055786181257278,1.3919412902935275,0.42026923115125764
QVv+E,b,L,ins,cluster Others,22,-0.2481977181001143,-0.7264290670864284,0.18899888558136796,-0.8968840033518416,0.34504254426557607,0.6287174013634506,-0.39476832923960303
QVv+E,b,L,ins,cluster Pedestrian,52,0.22380193451849315,0.02334314402767147,0.47819934781979434,-0.005307376067689124,0.5454952343633654,0.9236990431022998,0.24228880195311306
QVv+E,b,L,ins,cluster Single-Lane Maneuvers,38,0.1485061876867947,-0.35674519538879396,0.6292815843502636,-0.5276441500569536,0.7970608908358467,0.8356722535462101,0.1777086496010876
QVv+E,b,L,ins,cluster Special Vehicles,25,0.593233300447464,0.03319380031738964,1.335434525760157,-0.016302414018633388,1.600053932666778,1.4522340225793409,0.40849704057601605
Q1@L09_mean+E,b,L,oof,all,479,0.10621310890536476,0.00922681245191887,0.21306307238603048,-0.01738460679908693,0.24021738549792687,1.0678815111702824,0.09946151122044121
Q1@L09_mean+E,b,L,oof,stopped,120,0.2158521720008325,0.009746815671625182,0.4440283372660521,-0.04410882646557337,0.5187516626019555,1.3756505391859042,0.15690916104941274
Q1@L09_mean+E,b,L,oof,moving,359,0.0517092114721299,-0.051531386350142816,0.17088922760965222,-0.08508574949158326,0.203148198813492,0.9433390063297361,0.054815088875965964
Q1@L09_mean+E,b,L,oof,turn,52,0.8988391264991772,0.4511186869367516,1.5031121668634377,0.29381545654314095,1.6597155339409764,2.4388325420599433,0.36855303141886847
Q1@L09_mean+E,b,L,oof,straight,427,-0.020138933214321066,-0.08944344584620782,0.055210253671468756,-0.10805274672656119,0.08141494934946777,0.8679092909057665,-0.02320396085782616
Q1@L09_mean+E,b,L,oof,cluster Construction,15,0.19994510486721992,-0.0523934472690929,0.7134402049681506,-0.07204098999500275,0.8968224448018821,0.8593240592732693,0.2326771870396758
Q1@L09_mean+E,b,L,oof,cluster Cut_ins,20,0.08954487890005111,-0.12158651771023869,0.3814559776431828,-0.17158017256629784,0.4894476431501588,1.2230912838036063,0.07321193445315197
Q1@L09_mean+E,b,L,oof,cluster Cyclist,71,-0.10193858946785068,-0.223773706632827,-0.0032247901686777874,-0.256185771498167,0.019285883017226804,1.0052250985544486,-0.10140871891722779
Q1@L09_mean+E,b,L,oof,cluster Foreign Object Debris,78,0.19823390877139993,0.016716202908185325,0.408677649517763,-0.02130360636515448,0.47672233914448414,1.2223880225862003,0.16216938084193383
Q1@L09_mean+E,b,L,oof,cluster Interections,116,0.05184365293524902,-0.1698243958127007,0.2645310914655983,-0.23725850460352782,0.3316780138952939,1.1365226366004706,0.045616031978317706
Q1@L09_mean+E,b,L,oof,cluster Multi-Lane Maneuvers,42,0.3239651785365173,0.027981715424007837,0.7073408653253532,-0.049893078267786314,0.8339654835963377,1.3919412902935275,0.2327434215764953
Q1@L09_mean+E,b,L,oof,cluster Others,22,-0.21565901758995923,-0.5494638364114192,0.009074580646120019,-0.6882304271105179,0.04846849721568548,0.6287174013634506,-0.3430142336163693
Q1@L09_mean+E,b,L,oof,cluster Pedestrian,52,0.059204022462766334,-0.10687723552116757,0.2476551967483636,-0.15559095165679912,0.30936516366438754,0.9236990431022998,0.06409449366097209
Q1@L09_mean+E,b,L,oof,cluster Single-Lane Maneuvers,38,0.031163419743901806,-0.2991248597049826,0.2890504693007312,-0.4409747095501356,0.3398057461226061,0.8356722535462101,0.03729143765592136
Q1@L09_mean+E,b,L,oof,cluster Special Vehicles,25,0.42582852989435194,-0.090756379423663,1.0728403652203269,-0.18335390847370675,1.2942742091942845,1.4522340225793409,0.29322307787420493
Q1@L09_mean+E,b,L,rep3,all,479,0.10750465013199909,0.0013186060289110519,0.22226005321104486,-0.023515062141034333,0.25257301852192826,1.0678815111702824,0.10067095366618496
Q1@L09_mean+E,b,L,rep3,stopped,120,0.25056144175309314,0.02476853209488651,0.5043015253007551,-0.026924022405240323,0.585095828679752,1.3756505391859042,0.1821403289685568
Q1@L09_mean+E,b,L,rep3,moving,359,0.03754897072107895,-0.07494477881853484,0.1615098781305955,-0.1099208751957089,0.1980751761579901,0.9433390063297361,0.03980432322752275
Q1@L09_mean+E,b,L,rep3,turn,52,0.9406751186435055,0.47802183306081547,1.5773023086208946,0.320129388767278,1.7471312930740739,2.4388325420599433,0.38570713750152386
Q1@L09_mean+E,b,L,rep3,straight,427,-0.03427333525334841,-0.11113629099142211,0.04545730064160782,-0.13082148849367362,0.0697520620117584,0.8679092909057665,-0.039489536075342745
Q1@L09_mean+E,b,L,rep3,cluster Construction,15,0.20841336250305176,0.0,0.6947112083435059,0.0,0.893200125013079,0.8593240592732693,0.24253174370482194
Q1@L09_mean+E,b,L,rep3,cluster Cut_ins,20,0.04554901216179132,-0.21318900312430092,0.36597570933949447,-0.29080758384355393,0.4590025364311544,1.2230912838036063,0.03724089343531386
Q1@L09_mean+E,b,L,rep3,cluster Cyclist,71,-0.12850104198909143,-0.2712544760858776,-0.011174746421410841,-0.32474599057923514,0.009908400265227423,1.0052250985544486,-0.12783310143556975
Q1@L09_mean+E,b,L,rep3,cluster Foreign Object Debris,78,0.20401830334986487,0.020490559922912065,0.42214658296366836,-0.016202385742710237,0.4893032476648421,1.2223880225862003,0.16690142539046182
Q1@L09_mean+E,b,L,rep3,cluster Interections,116,0.09901035974075183,-0.141153346593572,0.3332242876635334,-0.20812571411020425,0.4027397642709794,1.1365226366004706,0.08711692715325793
Q1@L09_mean+E,b,L,rep3,cluster Multi-Lane Maneuvers,42,0.1826970913403091,-0.10900422689451345,0.5541381242047202,-0.19363825100658405,0.6745906660494962,1.3919412902935275,0.13125344625834226
Q1@L09_mean+E,b,L,rep3,cluster Others,22,-0.16261038048700852,-0.5392955953044736,0.0813988463452885,-0.6893832170544003,0.12769142249990376,0.6287174013634506,-0.2586382691720764
Q1@L09_mean+E,b,L,rep3,cluster Pedestrian,52,0.06971325567708565,-0.14721540517593715,0.3111021718971266,-0.21336122573468638,0.3804569551566234,0.9236990431022998,0.07547182840305801
Q1@L09_mean+E,b,L,rep3,cluster Single-Lane Maneuvers,38,0.11604371098311324,-0.14303966579279803,0.36608466286576097,-0.24514014074141444,0.43931565131060774,0.8356722535462101,0.13886270663011355
Q1@L09_mean+E,b,L,rep3,cluster Special Vehicles,25,0.44071282804012296,-0.17668898335099217,1.196312807247691,-0.3434807777379296,1.4409153689589824,1.4522340225793409,0.303472320017241
Q1@L09_mean+E,b,L,ins,all,479,0.20403703786862343,0.08509745857527556,0.339038176987488,0.05867010583213601,0.37678538037336057,1.0678815111702824,0.19106711347125108
Q1@L09_mean+E,b,L,ins,stopped,120,0.32937404161275613,0.10138607988756264,0.5866697114840806,0.04569836732783009,0.6793100042291504,1.3756505391859042,0.2394314778575061
Q1@L09_mean+E,b,L,ins,moving,359,0.1435049136660838,0.005920045489662492,0.3039197163083017,-0.0316877101848575,0.35214982710423176,0.9433390063297361,0.1521244353336142
Q1@L09_mean+E,b,L,ins,turn,52,1.3329350187786786,0.8213382037475581,2.0808878994821796,0.6528795807685365,2.259383519793362,2.4388325420599433,0.5465463478082117
Q1@L09_mean+E,b,L,ins,straight,427,0.03848507291147919,-0.04706329425954464,0.1378281885983776,-0.06911388477149698,0.171634486396217,0.8679092909057665,0.044342275528950086
Q1@L09_mean+E,b,L,ins,cluster Construction,15,0.31262003580729164,0.0,1.0420667860243056,0.0,1.3398001534598214,0.8593240592732693,0.3637976063089337
Q1@L09_mean+E,b,L,ins,cluster Cut_ins,20,0.07291157394647599,-0.20299400389194489,0.3925588781183416,-0.29581717188127726,0.4986600875854492,1.2230912838036063,0.05961253662092446
Q1@L09_mean+E,b,L,ins,cluster Cyclist,71,0.022648133022684445,-0.13280716677259954,0.17712738753324764,-0.17855747826415952,0.22273633307903185,1.0052250985544486,0.02253040941302929
Q1@L09_mean+E,b,L,ins,cluster Foreign Object Debris,78,0.4037505979530322,0.13420583251832674,0.7145599403529472,0.06763278058130497,0.8167314812474046,1.2223880225862003,0.3302965919927938
Q1@L09_mean+E,b,L,ins,cluster Interections,116,0.13008554963844604,-0.1294242268626126,0.3791240372185482,-0.20075767197717254,0.46118754986074917,1.1365226366004706,0.11445926851712668
Q1@L09_mean+E,b,L,ins,cluster Multi-Lane Maneuvers,42,0.45728210430769695,0.14729398694137733,0.8519740700637655,0.0839481968043827,0.9938880763126031,1.3919412902935275,0.32852111471689077
Q1@L09_mean+E,b,L,ins,cluster Others,22,-0.24290812828324057,-0.6496366262435913,0.04171263745852879,-0.7697758459175627,0.07365246085593323,0.6287174013634506,-0.386355026529351
Q1@L09_mean+E,b,L,ins,cluster Pedestrian,52,0.24083994357631758,-0.034722609899335836,0.5942817334963895,-0.08420392296310249,0.692879954704658,0.9236990431022998,0.2607342135674861
Q1@L09_mean+E,b,L,ins,cluster Single-Lane Maneuvers,38,0.04990726827006591,-0.3880431994311996,0.3917292806157407,-0.5591211413060889,0.47468046597646246,0.8356722535462101,0.05972110245168765
Q1@L09_mean+E,b,L,ins,cluster Special Vehicles,25,0.593233300447464,0.03319380031738964,1.335434525760157,-0.016302414018633388,1.600053932666778,1.4522340225793409,0.40849704057601605
Q1@L27_mean+E,b,L,oof,all,479,0.10670844972807084,0.0020356488282622623,0.22067215550281713,-0.02225762846440432,0.25781739206874477,1.0678815111702824,0.09992536495095784
Q1@L27_mean+E,b,L,oof,stopped,120,0.20520472785409363,-0.02161837733472882,0.44969572733407265,-0.08026435227565759,0.5198497428969068,1.3756505391859042,0.14916922721924106
Q1@L27_mean+E,b,L,oof,moving,359,0.06815632428134859,-0.0357063378737757,0.19986808744672627,-0.056729525739326145,0.24528734900800733,0.9433390063297361,0.07225008594367943
Q1@L27_mean+E,b,L,oof,turn,52,0.9089506593069214,0.45629330563426485,1.5159449092375987,0.30545138128542854,1.6914111464868236,2.4388325420599433,0.37269908598939
Q1@L27_mean+E,b,L,oof,straight,427,-0.01801639188781766,-0.09181165272430435,0.06890757336892016,-0.10994791750239416,0.10202128665206653,0.8679092909057665,-0.020758381177156674
Q1@L27_mean+E,b,L,oof,cluster Construction,15,0.16186133275429407,-0.2709475024913748,0.8464504341967405,-0.3631639629602432,1.1104467096978,0.8593240592732693,0.18835889791236646
Q1@L27_mean+E,b,L,oof,cluster Cut_ins,20,0.06216938311699778,-0.15983935605804045,0.363642047927848,-0.20314841530252678,0.4764912682716383,1.2230912838036063,0.05082971642448596
Q1@L27_mean+E,b,L,oof,cluster Cyclist,71,-0.11381972014976167,-0.23217842268860828,-0.012604108044021569,-0.2665488279846906,0.012509280608014397,1.0052250985544486,-0.1132280922088383
Q1@L27_mean+E,b,L,oof,cluster Foreign Object Debris,78,0.1886673916604382,0.006914222208336596,0.40228763877770124,-0.0246660861579979,0.46388499248803583,1.2223880225862003,0.15434329212525785
Q1@L27_mean+E,b,L,oof,cluster Interections,116,0.07403289046989561,-0.15200990060149336,0.28950033489119886,-0.22190191897291156,0.3597894939064614,1.1365226366004706,0.06513982923502551
Q1@L27_mean+E,b,L,oof,cluster Multi-Lane Maneuvers,42,0.2936801549402021,-0.012436595763802396,0.687029823310478,-0.08081653749842833,0.8013373391730342,1.3919412902935275,0.21098602145660317
Q1@L27_mean+E,b,L,oof,cluster Others,22,-0.1786197332495993,-0.39279524677469596,-0.0006209726638898388,-0.4657546864598242,0.03971467081146936,0.6287174013634506,-0.28410178064459574
Q1@L27_mean+E,b,L,oof,cluster Pedestrian,52,0.07593398081819312,-0.07561758975601858,0.27315810422320386,-0.1056767616014633,0.32962975346128415,0.9236990431022998,0.08220640844572513
Q1@L27_mean+E,b,L,oof,cluster Single-Lane Maneuvers,38,0.004043222552067355,-0.3212819876033757,0.2371700290387721,-0.46415828328477926,0.27969544135231633,0.8356722535462101,0.00483828742058836
Q1@L27_mean+E,b,L,oof,cluster Special Vehicles,25,0.49913559436798094,-0.05711931141799893,1.1671097298205964,-0.16154833675328906,1.3847279439499185,1.4522340225793409,0.3437019010761479
Q1@L27_mean+E,b,L,rep3,all,479,0.10115433881347421,-0.015058948444068777,0.22864936182038706,-0.0453225521455741,0.2729707415706717,1.0678815111702824,0.09472430953750667
Q1@L27_mean+E,b,L,rep3,stopped,120,0.18745926227083848,-0.0677144837747524,0.46246184508367716,-0.14713960876754203,0.5375030385331458,1.3756505391859042,0.1362695371615054
Q1@L27_mean+E,b,L,rep3,moving,359,0.06768460590391698,-0.04848652727689133,0.21428908314081446,-0.07601047502902533,0.26738722032350465,0.9433390063297361,0.07175003413381424
Q1@L27_mean+E,b,L,rep3,turn,52,0.9268653674073565,0.4555109369026835,1.5645911419041998,0.29983043603121184,1.7342925470684087,2.4388325420599433,0.38004469409961456
Q1@L27_mean+E,b,L,rep3,straight,427,-0.036417204051111915,-0.1306176312131152,0.07012241929878195,-0.15417909818086853,0.10500329513479403,0.8679092909057665,-0.0419596891434429
Q1@L27_mean+E,b,L,rep3,cluster Construction,15,0.1096947138508161,-0.46298980024953684,0.9211934402585029,-0.6000201275634268,1.191611270935504,0.8593240592732693,0.12765232471622517
Q1@L27_mean+E,b,L,rep3,cluster Cut_ins,20,0.045876847207546236,-0.19269997466666003,0.354378068583707,-0.2523563280655071,0.47479804209544346,1.2230912838036063,0.037508931520529705
Q1@L27_mean+E,b,L,rep3,cluster Cyclist,71,-0.11144317161868995,-0.25380884432731077,-0.0010519237291594715,-0.29978623963156237,0.017258931199891636,1.0052250985544486,-0.11086389683161454
Q1@L27_mean+E,b,L,rep3,cluster Foreign Object Debris,78,0.1755746279571516,-0.021821795419786384,0.4055504868488342,-0.06216241112450093,0.4687004362285552,1.2223880225862003,0.14363248388649066
Q1@L27_mean+E,b,L,rep3,cluster Interections,116,0.08716839723738617,-0.1463880042490089,0.3162644081456336,-0.2071553175283745,0.3946192896480457,1.1365226366004706,0.0766974580445854
Q1@L27_mean+E,b,L,rep3,cluster Multi-Lane Maneuvers,42,0.19859956479853108,-0.14250427297860122,0.6144859973866335,-0.23722287122877753,0.7305903251950413,1.3919412902935275,0.1426781188139416
Q1@L27_mean+E,b,L,rep3,cluster Others,22,-0.18177756531672043,-0.4666756694693314,0.047282665967941284,-0.5512986723442614,0.09748270992973891,0.6287174013634506,-0.28912443797883364
Q1@L27_mean+E,b,L,rep3,cluster Pedestrian,52,0.04077953673326052,-0.16234695059318954,0.26280549755354515,-0.22716848559586653,0.34195001561227917,0.9236990431022998,0.044148077274498355
Q1@L27_mean+E,b,L,rep3,cluster Single-Lane Maneuvers,38,0.08644959977582882,-0.17081555176165797,0.34052412178382857,-0.27644523609544136,0.40795384285828235,0.8356722535462101,0.10344916850951594
Q1@L27_mean+E,b,L,rep3,cluster Special Vehicles,25,0.5606208375096321,-0.0765464157276299,1.308681484790978,-0.21428876154539525,1.551395977440599,1.4522340225793409,0.3860402860648469
Q1@L27_mean+E,b,L,ins,all,479,0.2261230687400607,0.10635973570963655,0.3615563213435312,0.07566115215337288,0.39673647433449516,1.0678815111702824,0.21174921222510382
Q1@L27_mean+E,b,L,ins,stopped,120,0.32448146638835784,0.09153563788636761,0.5814185779280627,0.04563705469239712,0.6666211623975687,1.3756505391859042,0.23587492400532378
Q1@L27_mean+E,b,L,ins,moving,359,0.1715050767418728,0.03164592151969297,0.33573993670084445,-0.003522511641318852,0.3813706699780869,0.9433390063297361,0.1818064085032912
Q1@L27_mean+E,b,L,ins,turn,52,1.4422034816817346,0.9244379271548725,2.177738791604111,0.739571886118021,2.3654053712618612,2.4388325420599433,0.5913499417485988
Q1@L27_mean+E,b,L,ins,straight,427,0.048296894804393295,-0.03571193347371765,0.14989496698432728,-0.05838154922541497,0.18274870013187247,0.8679092909057665,0.05564739922761945
Q1@L27_mean+E,b,L,ins,cluster Construction,15,0.3328702449798584,0.0,1.0420667860243056,0.0,1.3398001534598214,0.8593240592732693,0.38736288294007143
Q1@L27_mean+E,b,L,ins,cluster Cut_ins,20,0.15410917550325393,-0.007689031958580017,0.4224133218228818,-0.012815053264300028,0.5202295508209821,1.2230912838036063,0.12599973325294295
Q1@L27_mean+E,b,L,ins,cluster Cyclist,71,-0.0563151198373714,-0.24107671473453293,0.09173556036702274,-0.2926322156905089,0.13507335378741653,1.0052250985544486,-0.056022397290273244
Q1@L27_mean+E,b,L,ins,cluster Foreign Object Debris,78,0.3607769000033538,0.10591540399413461,0.6556443062804052,0.04230304968889214,0.7687849937956782,1.2223880225862003,0.295141062688147
Q1@L27_mean+E,b,L,ins,cluster Interections,116,0.15197160496408568,-0.11090453909193872,0.41242789805070945,-0.18037411329561076,0.4868841432504078,1.1365226366004706,0.1337163027554455
Q1@L27_mean+E,b,L,ins,cluster Multi-Lane Maneuvers,42,0.5932484904215449,0.21898992835496195,1.0629864326108218,0.14586577341692256,1.210594993893449,1.3919412902935275,0.42620223608457136
Q1@L27_mean+E,b,L,ins,cluster Others,22,-0.24290812828324057,-0.6496366262435913,0.04171263745852879,-0.7697758459175627,0.07365246085593323,0.6287174013634506,-0.386355026529351
Q1@L27_mean+E,b,L,ins,cluster Pedestrian,52,0.23291080416395113,0.0334054163599274,0.48662164149776344,0.0,0.5544608313427102,0.9236990431022998,0.25215009791685605
Q1@L27_mean+E,b,L,ins,cluster Single-Lane Maneuvers,38,0.10133341503770728,-0.3693373666398904,0.5007366007843683,-0.5460752212008196,0.6039917737850912,0.8356722535462101,0.12125975776710869
Q1@L27_mean+E,b,L,ins,cluster Special Vehicles,25,0.633233300447464,0.06284884300957556,1.3709360101469683,-0.016302414018633388,1.6241891631058285,1.4522340225793409,0.4360408106420521
Q1@L36_mean+E,b,L,oof,all,479,0.10121741542396082,-0.005430736898227898,0.22054218698092093,-0.034218574829351804,0.2552189360786878,1.0678815111702824,0.09478337658738702
Q1@L36_mean+E,b,L,oof,stopped,120,0.21358811481829837,-0.005283396280583887,0.45324866525200785,-0.060339022263510976,0.5350994681016656,1.3756505391859042,0.15526335267145508
Q1@L36_mean+E,b,L,oof,moving,359,0.05764856906320568,-0.055857104523385735,0.19447205985083,-0.08330107806270533,0.2388332739597382,0.9433390063297361,0.061111189801744625
Q1@L36_mean+E,b,L,oof,turn,52,0.9716053243018704,0.4990298122488376,1.591011977841887,0.3360209855058157,1.7516429967123388,2.4388325420599433,0.3983895193891462
Q1@L36_mean+E,b,L,oof,straight,427,-0.03299937275079394,-0.11051268608176586,0.058579762987632594,-0.1357829050312436,0.0935988101386283,0.8679092909057665,-0.038021683943900604
Q1@L36_mean+E,b,L,oof,cluster Construction,15,0.13816964303453763,-0.33872692763938433,0.8441143940738404,-0.4382069921121001,1.1125501333735883,0.8593240592732693,0.1607887519772084
Q1@L36_mean+E,b,L,oof,cluster Cut_ins,20,0.05895484089851379,-0.1688232854257027,0.36196387712378053,-0.22549882218437758,0.4759923155295352,1.2230912838036063,0.04820150521813404
Q1@L36_mean+E,b,L,oof,cluster Cyclist,71,-0.1347695906026761,-0.2716181881343558,-0.012346536120669658,-0.3231315832872598,0.01625419038058294,1.0052250985544486,-0.13406906651702172
Q1@L36_mean+E,b,L,oof,cluster Foreign Object Debris,78,0.19580668939996917,0.00845730581332468,0.41624947286736047,-0.026268724735930758,0.4919016120903493,1.2223880225862003,0.16018374344482036
Q1@L36_mean+E,b,L,oof,cluster Interections,116,0.060092094500854225,-0.1820784911609583,0.2874974889836661,-0.2541375804694608,0.3578271348223197,1.1365226366004706,0.052873645069314
Q1@L36_mean+E,b,L,oof,cluster Multi-Lane Maneuvers,42,0.3157273630301158,0.004802022695777915,0.6964184928943028,-0.07890149283581055,0.8075518968549523,1.3919412902935275,0.2268252010568178
Q1@L36_mean+E,b,L,oof,cluster Others,22,-0.21472331254997037,-0.5285766605499597,0.0098745872900748,-0.6437012831344165,0.05660997296231074,0.6287174013634506,-0.341525957583354
Q1@L36_mean+E,b,L,oof,cluster Pedestrian,52,0.072856581904209,-0.11010281591695081,0.28208431659416466,-0.15378109063669376,0.3441776932608465,0.9236990431022998,0.07887480500089696
Q1@L36_mean+E,b,L,oof,cluster Single-Lane Maneuvers,38,0.014091374646676215,-0.3224971406094523,0.2705264529709783,-0.4555070269309148,0.3313012852870176,0.8356722535462101,0.01686232202502701
Q1@L36_mean+E,b,L,oof,cluster Special Vehicles,25,0.5059684699773789,-0.02739877998901505,1.170715962616461,-0.1300608972627513,1.406497945244191,1.4522340225793409,0.34840697994302494
Q1@L36_mean+E,b,L,rep3,all,479,0.0782323354141306,-0.03790811884721995,0.20398225224957425,-0.0664163437201018,0.23479540475177563,1.0678815111702824,0.07325937811995306
Q1@L36_mean+E,b,L,rep3,stopped,120,0.2203525055255246,-0.033366042206226104,0.5048500025805305,-0.09550273167405808,0.5888442704898532,1.3756505391859042,0.16018058311228298
Q1@L36_mean+E,b,L,rep3,moving,359,0.021193493141997765,-0.09798044255187088,0.14976282884309278,-0.13185300452418033,0.19250387492530033,0.9433390063297361,0.022466465395569322
Q1@L36_mean+E,b,L,rep3,turn,52,0.9540904323770446,0.45626263462843325,1.61261122607073,0.2989529724323428,1.7767815558897018,2.4388325420599433,0.39120784880587933
Q1@L36_mean+E,b,L,rep3,straight,427,-0.07242011606831747,-0.1591940557128366,0.016508510819853824,-0.18440275730683336,0.04601816477974337,0.8679092909057665,-0.0834420334327087
Q1@L36_mean+E,b,L,rep3,cluster Construction,15,0.016478027403354644,-0.45883151780594794,0.5802030998874798,-0.5867072018561884,0.7815501093864441,0.8593240592732693,0.01917556854778408
Q1@L36_mean+E,b,L,rep3,cluster Cut_ins,20,-0.02526949197053909,-0.3344366587672317,0.329530203539659,-0.43801476041600107,0.4345826571000111,1.2230912838036063,-0.020660348336352507
Q1@L36_mean+E,b,L,rep3,cluster Cyclist,71,-0.132084335764529,-0.27588523634398976,-0.01182980990825917,-0.326127179302514,0.01648221540603637,1.0052250985544486,-0.1313977694692176
Q1@L36_mean+E,b,L,rep3,cluster Foreign Object Debris,78,0.1465849302979992,-0.04050773494801704,0.3683791972412684,-0.08069447349921272,0.4315479331295195,1.2223880225862003,0.11991685748676612
Q1@L36_mean+E,b,L,rep3,cluster Interections,116,0.05418848948039372,-0.20791796645225835,0.30728802816407297,-0.27829776921992605,0.37222153963555227,1.1365226366004706,0.04767919945922112
Q1@L36_mean+E,b,L,rep3,cluster Multi-Lane Maneuvers,42,0.21830888580353486,-0.1592320535245288,0.6325755961696903,-0.268295366682847,0.7545904204142098,1.3919412902935275,0.15683771099102797
Q1@L36_mean+E,b,L,rep3,cluster Others,22,-0.2488997226411646,-0.6294014694094658,0.007337042068441718,-0.762527699519295,0.02595512737765123,0.6287174013634506,-0.3958848953462957
Q1@L36_mean+E,b,L,rep3,cluster Pedestrian,52,0.11837725742505147,-0.10130440187555821,0.35697120743536814,-0.15549681807394056,0.42986311359741103,0.9236990431022998,0.12815565666006776
Q1@L36_mean+E,b,L,rep3,cluster Single-Lane Maneuvers,38,0.10842240660598404,-0.1326316744550353,0.36192608847195085,-0.18982422439576388,0.43716808928736656,0.8356722535462101,0.12974273843111223
Q1@L36_mean+E,b,L,rep3,cluster Special Vehicles,25,0.5262169075012207,-0.1242705395600448,1.3294535258164009,-0.25462013359509766,1.5735472276260871,1.4522340225793409,0.3623499376268549
Q1@L36_mean+E,b,L,ins,all,479,0.2822518124854384,0.14909438405428194,0.4301618361434188,0.11645475305484809,0.46933644922525036,1.0678815111702824,0.2643100470726579
Q1@L36_mean+E,b,L,ins,stopped,120,0.462100824743437,0.19748518966941564,0.7529580705064699,0.11591204647174064,0.8299031436607068,1.3756505391859042,0.33591439946434615
Q1@L36_mean+E,b,L,ins,moving,359,0.1882911020023446,0.03300050465371266,0.3656559113331333,-0.00041735040755715977,0.41195268032863014,0.9433390063297361,0.19960067456017933
Q1@L36_mean+E,b,L,ins,turn,52,1.4515179618519336,0.9942230059678423,2.2117514179503037,0.842881610832518,2.414152098822062,2.4388325420599433,0.5951691790310124
Q1@L36_mean+E,b,L,ins,straight,427,0.10713163555002522,-0.009550209874365372,0.2344560452007896,-0.04110417771378056,0.27595575070820816,0.8679092909057665,0.12343644280869563
Q1@L36_mean+E,b,L,ins,cluster Construction,15,0.295953369140625,-0.046875,1.0142890082465277,-0.0625,1.3041877217653406,0.8593240592732693,0.3444025172423461
Q1@L36_mean+E,b,L,ins,cluster Cut_ins,20,0.07773959189653397,-0.19092395901679993,0.38950555447542506,-0.26957728320656854,0.4947775668252191,1.2230912838036063,0.06355992633254406
Q1@L36_mean+E,b,L,ins,cluster Cyclist,71,0.033323329938969144,-0.12249862908477514,0.18139013700699239,-0.16336826682887612,0.23033331113240738,1.0052250985544486,0.03315011730893841
Q1@L36_mean+E,b,L,ins,cluster Foreign Object Debris,78,0.434679200538458,0.13910392503251054,0.7639558989483487,0.063737703099037,0.8651049815546236,1.2223880225862003,0.3555983799798769
Q1@L36_mean+E,b,L,ins,cluster Interections,116,0.31724034699386566,0.06615492673972082,0.5843739557146579,0.00884255754317089,0.6466748128161022,1.1365226366004706,0.2791324490841508
Q1@L36_mean+E,b,L,ins,cluster Multi-Lane Maneuvers,42,0.6342176181219873,0.19664035849057246,1.1683524615008658,0.10376562022386786,1.3749911579779872,1.3919412902935275,0.4556353220819003
Q1@L36_mean+E,b,L,ins,cluster Others,22,-0.4178056127645753,-0.9226494362304608,-0.018292759069138045,-1.122000267451097,0.003697034946110576,0.6287174013634506,-0.6645364226574813
Q1@L36_mean+E,b,L,ins,cluster Pedestrian,52,0.2874263653961512,-0.09297454561470055,0.7145559447791111,-0.1837816271950037,0.8448267609403571,0.9236990431022998,0.31116884611118806
Q1@L36_mean+E,b,L,ins,cluster Single-Lane Maneuvers,38,0.3665106151449053,0.02221580435073486,0.8249293253221857,-0.04552127439312117,0.9955550645682683,0.8356722535462101,0.43858176885687206
Q1@L36_mean+E,b,L,ins,cluster Special Vehicles,25,0.793233300447464,0.1230957363286744,1.6184913277858868,0.0,1.8696174772558165,1.4522340225793409,0.5462158909061964
Q1@L18_last+E,b,L,oof,all,479,0.10412561104424704,0.01902293481829197,0.1992294612545886,-0.003553765964677266,0.22767287240856773,1.0678815111702824,0.09750670833333996
Q1@L18_last+E,b,L,oof,stopped,120,0.22430690919309124,0.024761024278889376,0.452869196510338,-0.028919173709670176,0.5237189310703887,1.3756505391859042,0.16305515303751036
Q1@L18_last+E,b,L,oof,moving,359,0.047887212005619836,-0.028148507436507483,0.1264515471657386,-0.04550312680531994,0.14706037291139634,0.9433390063297361,0.05076352370070582
Q1@L18_last+E,b,L,oof,turn,52,1.042696322349472,0.6272225639493313,1.6294284530739656,0.4952531239584276,1.8254739448108803,2.4388325420599433,0.4275391214309309
Q1@L18_last+E,b,L,oof,straight,427,-0.03660052323635572,-0.08909331175961334,0.013729529959509256,-0.1024218160270703,0.02783000708769502,0.8679092909057665,-0.0421709084346346
Q1@L18_last+E,b,L,oof,cluster Construction,15,-0.13263696804642677,-0.4328205189791819,0.08172771756404215,-0.5350410783708749,0.12480155011173331,0.8593240592732693,-0.15435034852695492
Q1@L18_last+E,b,L,oof,cluster Cut_ins,20,0.13311294168233873,-0.051552729691777904,0.4152526658400894,-0.07414984583879024,0.5161810120028492,1.2230912838036063,0.10883320275848918
Q1@L18_last+E,b,L,oof,cluster Cyclist,71,-0.07591778785482206,-0.15716056266917694,-0.002466963879962424,-0.18161931895228384,0.019864327352683123,1.0052250985544486,-0.07552317183881967
Q1@L18_last+E,b,L,oof,cluster Foreign Object Debris,78,0.2908167830395635,0.09309009069167846,0.5223915227078444,0.05825630247788184,0.5874088083782557,1.2223880225862003,0.23790873083350725
Q1@L18_last+E,b,L,oof,cluster Interections,116,0.029422671891395646,-0.20742041729134114,0.25768956482345196,-0.2684178614851958,0.3261197668963315,1.1365226366004706,0.025888328964044027
Q1@L18_last+E,b,L,oof,cluster Multi-Lane Maneuvers,42,0.37451794663710253,0.06543258186716301,0.7813239882400663,-0.008825590561433738,0.9191810129563579,1.3919412902935275,0.2690615971009277
Q1@L18_last+E,b,L,oof,cluster Others,22,-0.11507273397662422,-0.3554412043121244,0.075972386898216,-0.43179236048987757,0.11595090889313699,0.6287174013634506,-0.1830277541659813
Q1@L18_last+E,b,L,oof,cluster Pedestrian,52,0.028483528679666612,-0.11697920093040719,0.18821284943343417,-0.16622894639280952,0.24614735673685595,0.9236990431022998,0.030836373483730087
Q1@L18_last+E,b,L,oof,cluster Single-Lane Maneuvers,38,0.06152536068111658,-0.16582228725044323,0.28518978121392186,-0.24072318794172523,0.35388271120637027,0.8356722535462101,0.07362379260533199
Q1@L18_last+E,b,L,oof,cluster Special Vehicles,25,0.44700436770915986,-0.03385156920260708,1.0744600422779194,-0.10055039522229453,1.3094803260425676,1.4522340225793409,0.30780463806737346
Q1@L18_last+E,b,L,rep3,all,479,0.09910701238445332,0.017992951461755523,0.1867980799552295,-0.0060596701247492704,0.21418775229189696,1.0678815111702824,0.09280712452437048
Q1@L18_last+E,b,L,rep3,stopped,120,0.2101761128623663,0.01559642674618789,0.4241617894890498,-0.03989567388661773,0.47345905469822047,1.3756505391859042,0.1527830701732915
Q1@L18_last+E,b,L,rep3,moving,359,0.04738060755243352,-0.023459363206025458,0.12655717006072362,-0.04615425920121243,0.15004835217853493,0.9433390063297361,0.050226490407492
Q1@L18_last+E,b,L,rep3,turn,52,0.9829007931415595,0.585640999293181,1.5512466065470194,0.45271371993066467,1.700295070870277,2.4388325420599433,0.40302102591732647
Q1@L18_last+E,b,L,rep3,straight,427,-0.03402159953746403,-0.08526712490169898,0.013619841411522081,-0.10059859661782244,0.026651463445292248,0.8679092909057665,-0.03919948765839164
Q1@L18_last+E,b,L,rep3,cluster Construction,15,-0.10377394507328669,-0.42857142857142855,0.09356947830955814,-0.5338054171630314,0.1237939961840782,0.8593240592732693,-0.12076229444925395
Q1@L18_last+E,b,L,rep3,cluster Cut_ins,20,0.12865264862775802,-0.0567900110487685,0.4111295094092687,-0.08487776246313986,0.5031467767716628,1.2230912838036063,0.10518646509168973
Q1@L18_last+E,b,L,rep3,cluster Cyclist,71,-0.04994300731890638,-0.13870488164081635,0.02760095578096283,-0.16784439758742273,0.04802571612845565,1.0052250985544486,-0.049683406622781597
Q1@L18_last+E,b,L,rep3,cluster Foreign Object Debris,78,0.2701770121183915,0.08325067649345978,0.4942964110810398,0.049660614073087396,0.5587009302877327,1.2223880225862003,0.22102393603855783
Q1@L18_last+E,b,L,rep3,cluster Interections,116,0.016313662752509117,-0.2402368467431842,0.26095816923856807,-0.3158917866545232,0.3417260035686192,1.1365226366004706,0.014354014805464863
Q1@L18_last+E,b,L,rep3,cluster Multi-Lane Maneuvers,42,0.2877714353657904,-0.02754100297298282,0.6985450866778433,-0.09282719358850616,0.8427504654597605,1.3919412902935275,0.20674107261025804
Q1@L18_last+E,b,L,rep3,cluster Others,22,-0.04951734705404802,-0.207961676719097,0.10568647875505335,-0.25079880475138244,0.14838018313795326,0.6287174013634506,-0.07875930735599745
Q1@L18_last+E,b,L,rep3,cluster Pedestrian,52,0.03629178654115934,-0.05713046131607136,0.1629085091424624,-0.08441341326199472,0.2022001823410391,0.9236990431022998,0.039289622320351394
Q1@L18_last+E,b,L,rep3,cluster Single-Lane Maneuvers,38,0.04005385151034907,-0.164521798455999,0.24930078755432403,-0.2266910987834914,0.32198574842018557,0.8356722535462101,0.04793009620742926
Q1@L18_last+E,b,L,rep3,cluster Special Vehicles,25,0.4150440263748169,-0.03130109442165739,0.9699293876069598,-0.12243619823296155,1.1522266646806636,1.4522340225793409,0.2857969307437442
Q1@L18_last+E,b,L,ins,all,479,0.20559421939480824,0.1028211608797672,0.3256903198300381,0.07789734965857537,0.36427721767916865,1.0678815111702824,0.19252531038719758
Q1@L18_last+E,b,L,ins,stopped,120,0.3528476951410584,0.13814034406036613,0.6061998673963789,0.09403388373899231,0.6899031752668482,1.3756505391859042,0.2564951527223404
Q1@L18_last+E,b,L,ins,moving,359,0.14200498261924363,0.02317690449632678,0.2921005861576678,-0.00045456143428469564,0.34078310173022336,0.9433390063297361,0.1505344119838155
Q1@L18_last+E,b,L,ins,turn,52,1.2770925565665303,0.8542852683336924,1.9514548009798258,0.7065775208872688,2.112688790456968,2.4388325420599433,0.5236491372580435
Q1@L18_last+E,b,L,ins,straight,427,0.03964093312412832,-0.032057805065416306,0.13104906275283718,-0.04819722129170498,0.16099574286471277,0.8679092909057665,0.045674050893911154
Q1@L18_last+E,b,L,ins,cluster Construction,15,0.31262003580729164,0.0,1.0420667860243056,0.0,1.3398001534598214,0.8593240592732693,0.3637976063089337
Q1@L18_last+E,b,L,ins,cluster Cut_ins,20,0.15410917550325393,-0.007689031958580017,0.4224133218228818,-0.012815053264300028,0.5202295508209821,1.2230912838036063,0.12599973325294295
Q1@L18_last+E,b,L,ins,cluster Cyclist,71,0.02974259013860998,-0.008336152455636433,0.07774764147820057,-0.018722055932775657,0.098746163661163,1.0052250985544486,0.029587989974962762
Q1@L18_last+E,b,L,ins,cluster Foreign Object Debris,78,0.30129140720535547,0.09942129562679568,0.5486217033186648,0.06208675972314142,0.6177008387343221,1.2223880225862003,0.2464777154539806
Q1@L18_last+E,b,L,ins,cluster Interections,116,0.11692135472749841,-0.12338015236113138,0.35158474242697857,-0.19188231156398058,0.4175772848209699,1.1365226366004706,0.10287639767319527
Q1@L18_last+E,b,L,ins,cluster Multi-Lane Maneuvers,42,0.43848658565964016,0.12557132783095767,0.8404167995947164,0.06464581929850488,0.9751003891306496,1.3919412902935275,0.31501801743892066
Q1@L18_last+E,b,L,ins,cluster Others,22,-0.15199903737414966,-0.5229952507949712,0.06385300470723056,-0.6546723539856347,0.09220688280306365,0.6287174013634506,-0.2417605064604879
Q1@L18_last+E,b,L,ins,cluster Pedestrian,52,0.12320440463148631,-0.009594102891591879,0.32814927294074253,-0.014254952340980398,0.40459522117233365,0.9236990431022998,0.13338154407705866
Q1@L18_last+E,b,L,ins,cluster Single-Lane Maneuvers,38,0.1272510643068113,0.0,0.3148379902659902,0.0,0.3857666252557182,0.8356722535462101,0.15227388939481487
Q1@L18_last+E,b,L,ins,cluster Special Vehicles,25,0.6043146133422852,0.04616105556488037,1.3487182351227471,0.0,1.600053932666778,1.4522340225793409,0.41612756893613495
Q1+C+E (k/2 each),b,L,oof,all,479,0.10415930089767227,0.01239840979552053,0.20439374446425496,-0.011320261776919015,0.2367032599165629,1.0678815111702824,0.09753825664003206
Q1+C+E (k/2 each),b,L,oof,stopped,120,0.23597445410009632,0.009515844133785001,0.48775698002336365,-0.04474170485607247,0.5634858954648176,1.3756505391859042,0.17153662749243248
Q1+C+E (k/2 each),b,L,oof,moving,359,0.04314632208339865,-0.035856390915945176,0.12603594247159167,-0.06253878716788219,0.15170695534905063,0.9433390063297361,0.0457378755610549
Q1+C+E (k/2 each),b,L,oof,turn,52,0.9231782363805636,0.4550490509535257,1.5653063502194722,0.3001880530047208,1.755071214647418,2.4388325420599433,0.37853285146048093
Q1+C+E (k/2 each),b,L,oof,straight,427,-0.02077208316375442,-0.0775154791399087,0.039752221774952606,-0.09344002644971242,0.0541851143591432,0.8679092909057665,-0.023933472520009876
Q1+C+E (k/2 each),b,L,oof,cluster Construction,15,0.026935495932896934,-0.26628792433425635,0.36765653482254823,-0.3621039994060993,0.4820967856708625,0.8593240592732693,0.03134498056027466
Q1+C+E (k/2 each),b,L,oof,cluster Cut_ins,20,0.09308216948993504,-0.14363635482303308,0.3966034994736713,-0.19642057219978454,0.5095676665907373,1.2230912838036063,0.07610402487741168
Q1+C+E (k/2 each),b,L,oof,cluster Cyclist,71,-0.06759629264132867,-0.19846592599240512,0.05051187282553159,-0.23423150157363734,0.07402718224465081,1.0052250985544486,-0.06724493124826934
Q1+C+E (k/2 each),b,L,oof,cluster Foreign Object Debris,78,0.21574460313870356,0.02436989867438873,0.4342084407716264,-0.015175918544967101,0.49421580032916196,1.2223880225862003,0.1764943693429307
Q1+C+E (k/2 each),b,L,oof,cluster Interections,116,-0.02724382788713636,-0.2778073492820465,0.2024005850347189,-0.3407066659331006,0.26693535369210225,1.1365226366004706,-0.023971214483353546
Q1+C+E (k/2 each),b,L,oof,cluster Multi-Lane Maneuvers,42,0.24789584365983805,-0.000827371769696833,0.5683272665003393,-0.05880712775622818,0.6797487403767903,1.3919412902935275,0.17809360595055174
Q1+C+E (k/2 each),b,L,oof,cluster Others,22,-0.07915738106451252,-0.19441290740961722,0.007603252515093338,-0.23363798424280025,0.024233266269064583,0.6287174013634506,-0.1259029587742443
Q1+C+E (k/2 each),b,L,oof,cluster Pedestrian,52,0.07118616717903373,-0.09982665680359455,0.29015351833956804,-0.13587802986652464,0.3560931136697683,0.9236990431022998,0.07706640784205061
Q1+C+E (k/2 each),b,L,oof,cluster Single-Lane Maneuvers,38,-0.029715123831441526,-0.42518016395069824,0.27630182416255894,-0.5706592944636941,0.3531739948021274,0.8356722535462101,-0.03555834683435301
Q1+C+E (k/2 each),b,L,oof,cluster Special Vehicles,25,0.5904613550007344,0.04331942264812056,1.285853710763157,-0.04207645297982548,1.5300894035119765,1.4522340225793409,0.4065882948755081
Q1+C+E (k/2 each),b,L,rep3,all,479,0.09310595815997096,-0.007405476067074764,0.20060059995568644,-0.03678449369248167,0.2360093876303101,1.0678815111702824,0.08718753643176846
Q1+C+E (k/2 each),b,L,rep3,stopped,120,0.20350638232349416,-0.05204485123349812,0.4683208019154923,-0.11166491309307033,0.5501227737134118,1.3756505391859042,0.14793465093535102
Q1+C+E (k/2 each),b,L,rep3,moving,359,0.04328004306642429,-0.042106853946925815,0.1332089978418579,-0.06547369352320649,0.16108262119830932,0.9433390063297361,0.04587962840083824
Q1+C+E (k/2 each),b,L,rep3,turn,52,0.9321911515944878,0.4907030712753828,1.5931047960960492,0.3385061667390979,1.764287545335504,2.4388325420599433,0.38222843738468365
Q1+C+E (k/2 each),b,L,rep3,straight,427,-0.035856657301311406,-0.11491954570907179,0.044784513201141574,-0.13706487909972692,0.06663631963671059,0.8679092909057665,-0.041313830462502275
Q1+C+E (k/2 each),b,L,rep3,cluster Construction,15,-0.07247167179981867,-0.5714215301731158,0.3694943310351422,-0.7464218768478271,0.4885235312166198,0.8593240592732693,-0.08433567176171931
Q1+C+E (k/2 each),b,L,rep3,cluster Cut_ins,20,0.10321440256666392,-0.1358999007794244,0.40846960401753546,-0.19450753014007205,0.5240153423013783,1.2230912838036063,0.08438814333275653
Q1+C+E (k/2 each),b,L,rep3,cluster Cyclist,71,-0.07383756486462875,-0.20258368514943867,0.03906500948939747,-0.23659155028870119,0.05949015669015723,1.0052250985544486,-0.07345376172044445
Q1+C+E (k/2 each),b,L,rep3,cluster Foreign Object Debris,78,0.23451415998622394,0.02641415609152067,0.4577748566539762,-0.016047406720494126,0.5169776313585261,1.2223880225862003,0.19184919653422608
Q1+C+E (k/2 each),b,L,rep3,cluster Interections,116,0.017321402708807124,-0.24894914100189802,0.27198338846733683,-0.31854453259845006,0.33966988393744074,1.1365226366004706,0.015240701901563824
Q1+C+E (k/2 each),b,L,rep3,cluster Multi-Lane Maneuvers,42,0.28168483406660105,-0.031775239325749376,0.6808197623420766,-0.11734906677894931,0.7946309550584331,1.3919412902935275,0.2023683297786219
Q1+C+E (k/2 each),b,L,rep3,cluster Others,22,-0.12934801998463544,-0.2993861883878708,0.0010739489997688195,-0.35727303905040025,0.016928536827021702,0.6287174013634506,-0.2057331635868968
Q1+C+E (k/2 each),b,L,rep3,cluster Pedestrian,52,0.05974930976159298,-0.14599152024214465,0.2949289757469786,-0.18921687611979818,0.37515970128058057,0.9236990431022998,0.06468482370721232
Q1+C+E (k/2 each),b,L,rep3,cluster Single-Lane Maneuvers,38,0.023628306232000653,-0.3501342437217955,0.36061255667979536,-0.4572901973227364,0.45137793729215947,0.8356722535462101,0.028274609012962856
Q1+C+E (k/2 each),b,L,rep3,cluster Special Vehicles,25,0.48660442292690276,-0.030419527000880662,1.136324866064916,-0.13735607719213208,1.3602658629054594,1.4522340225793409,0.3350730084553695
QV+C+E (k/2 each),b,L,oof,all,479,0.08627949435476141,-0.008736831315076287,0.18654086217626445,-0.03789450808034408,0.21317402160089438,1.0678815111702824,0.08079500717285426
QV+C+E (k/2 each),b,L,oof,stopped,120,0.15248313945849207,-0.07585213746319469,0.3878485408698621,-0.1342471254123039,0.4459447783185469,1.3756505391859042,0.11084438606677682
QV+C+E (k/2 each),b,L,oof,moving,359,0.059440447922740135,-0.025248247031926827,0.14494596245776373,-0.047090653544065435,0.1689199643412203,0.9433390063297361,0.06301069660418901
QV+C+E (k/2 each),b,L,oof,turn,52,0.918138143159682,0.4777469257336699,1.5535836323134786,0.34467947762300766,1.7104019495009457,2.4388325420599433,0.3764662506857412
QV+C+E (k/2 each),b,L,oof,straight,427,-0.03277683885918151,-0.1072446296157275,0.03812235951781073,-0.12544432407435196,0.05594856510766533,0.8679092909057665,-0.03776528169778547
QV+C+E (k/2 each),b,L,oof,cluster Construction,15,-0.16215443710486094,-0.6484500906325598,0.2787487097371083,-0.8384005072684242,0.42143749164891986,0.8593240592732693,-0.1886999850114694
QV+C+E (k/2 each),b,L,oof,cluster Cut_ins,20,0.0895328440470621,-0.14391366020224888,0.3900661873463209,-0.21618369109928606,0.49986335038981616,1.2230912838036063,0.07320209475177532
QV+C+E (k/2 each),b,L,oof,cluster Cyclist,71,-0.05043810858345315,-0.19182348376254907,0.07390014212499987,-0.2331895469939195,0.10812741404366857,1.0052250985544486,-0.05017593438124957
QV+C+E (k/2 each),b,L,oof,cluster Foreign Object Debris,78,0.2536568035049221,0.052057210077276116,0.48759921213813157,0.007007746601304375,0.5616670271465514,1.2223880225862003,0.2075092350530903
QV+C+E (k/2 each),b,L,oof,cluster Interections,116,-0.02029321909328152,-0.26805491627963784,0.21398879154663786,-0.3400075438614016,0.2857216872935738,1.1365226366004706,-0.017855534451985868
QV+C+E (k/2 each),b,L,oof,cluster Multi-Lane Maneuvers,42,0.3221648425928184,0.08608109981752933,0.6626660078335902,0.037686133627942056,0.775022996347268,1.3919412902935275,0.23145002223828093
QV+C+E (k/2 each),b,L,oof,cluster Others,22,-0.10154041774909604,-0.21983618560814017,0.003382141629304787,-0.2574263651208538,0.029804007436062954,0.6287174013634506,-0.1615040676922465
QV+C+E (k/2 each),b,L,oof,cluster Pedestrian,52,0.052787775066323005,-0.12523637123672277,0.25918328117335304,-0.167371619860577,0.33110166300946714,0.9236990431022998,0.05714824050161623
QV+C+E (k/2 each),b,L,oof,cluster Single-Lane Maneuvers,38,-0.016047521543345954,-0.4281335660954937,0.32103973833214056,-0.5800551050706417,0.4065806957494188,0.8356722535462101,-0.019203128349957327
QV+C+E (k/2 each),b,L,oof,cluster Special Vehicles,25,0.49512638241052626,0.033673363598063596,1.0584184841131559,-0.06765023439567622,1.2140652218744867,1.4522340225793409,0.34094118076859453
QV+C+E (k/2 each),b,L,rep3,all,479,0.06541439837582844,-0.03644419582763562,0.17327186061892563,-0.06592820392590502,0.20025306158912012,1.0678815111702824,0.06125623272954819
QV+C+E (k/2 each),b,L,rep3,stopped,120,0.18133843096559416,-0.06842574931670325,0.43635708133627193,-0.13320179653110747,0.5101065226399502,1.3756505391859042,0.13182012858651468
QV+C+E (k/2 each),b,L,rep3,moving,359,0.021290411623086335,-0.06413487958107139,0.10495528315714263,-0.08672170743721426,0.13507536233445294,0.9433390063297361,0.02256920521703144
QV+C+E (k/2 each),b,L,rep3,turn,52,0.9654306285405829,0.49250662271391976,1.6225162394415613,0.35020921779548864,1.7831521228519203,2.4388325420599433,0.3958576949793931
QV+C+E (k/2 each),b,L,rep3,straight,427,-0.06098188984537969,-0.1383665671805374,0.016257498499360784,-0.1618731054099044,0.03706653469035704,0.8679092909057665,-0.07026297619390368
QV+C+E (k/2 each),b,L,rep3,cluster Construction,15,-0.2781939908862114,-0.6675053243007925,-0.006550015738377204,-0.8465043807668345,0.0,0.8593240592732693,-0.3237358338616519
QV+C+E (k/2 each),b,L,rep3,cluster Cut_ins,20,0.04728038772009313,-0.23417421643223083,0.3700345642899629,-0.3274156665441114,0.48265047191972127,1.2230912838036063,0.03865646689350868
QV+C+E (k/2 each),b,L,rep3,cluster Cyclist,71,-0.058621310851943324,-0.21499600587364956,0.06662014244108758,-0.25455560979003267,0.09536850094047486,1.0052250985544486,-0.05831660086506293
QV+C+E (k/2 each),b,L,rep3,cluster Foreign Object Debris,78,0.2375526925883232,0.008392187162701575,0.4948950644983695,-0.044829326565645033,0.5731768840260663,1.2223880225862003,0.1943349314612345
QV+C+E (k/2 each),b,L,rep3,cluster Interections,116,0.01432099158409983,-0.24764152540930073,0.26517016227240575,-0.3238664749204395,0.3396359903079579,1.1365226366004706,0.012600709500108428
QV+C+E (k/2 each),b,L,rep3,cluster Multi-Lane Maneuvers,42,0.33306551148139296,0.0938657991665726,0.6758469329948174,0.05023530820555364,0.7928750214027653,1.3919412902935275,0.23928129282748506
QV+C+E (k/2 each),b,L,rep3,cluster Others,22,-0.1764809243719686,-0.40035756501652625,0.025660433753649577,-0.47598563946402545,0.07633584447160807,0.6287174013634506,-0.28069992016961537
QV+C+E (k/2 each),b,L,rep3,cluster Pedestrian,52,0.002755403012717859,-0.1934212002556639,0.23266362163949475,-0.2409347203010481,0.2952358277378151,0.9236990431022998,0.00298300949134219
QV+C+E (k/2 each),b,L,rep3,cluster Single-Lane Maneuvers,38,-0.0006119989250835619,-0.45600785802910354,0.39580908740208237,-0.6255972998520178,0.5074990209146604,0.8356722535462101,-0.0007323432392143199
QV+C+E (k/2 each),b,L,rep3,cluster Special Vehicles,25,0.5330772224068642,-0.02897127974261009,1.200617985223635,-0.16666959784924984,1.3877700030373195,1.4522340225793409,0.36707391103539594
E,b,L,frac0.25,all,479,0.035306294604200726,-0.02755617235195342,0.10619512961319914,-0.04618119277166017,0.12732697125453166,1.0678815111702824,0.03306199633094954
E,b,L,frac0.25,stopped,120,0.06779317036565728,-0.04549099813327549,0.18708476318119002,-0.07624925242929025,0.21438078084804174,1.3756505391859042,0.049280808195500424
E,b,L,frac0.25,moving,359,0.022427516992452157,-0.055035151189454526,0.11750953728229119,-0.07047811693455196,0.14829613933409824,0.9433390063297361,0.02377461002032689
E,b,L,frac0.25,turn,52,0.47448669265079463,0.2393425300635586,0.7768851338946882,0.16712443166980487,0.8739734967125115,2.4388325420599433,0.19455484723441596
E,b,L,frac0.25,straight,427,-0.03253802888050834,-0.08963708278832283,0.03474276361698909,-0.10411550744077626,0.05434833798249358,0.8679092909057665,-0.037490126239518695
E,b,L,frac0.25,cluster Construction,15,0.17020068516333897,-0.18462130239322072,0.6553157324902714,-0.2715402369524012,0.8386959727977852,0.8593240592732693,0.19806344687623173
E,b,L,frac0.25,cluster Cut_ins,20,0.027599534764885903,-0.1364164056796134,0.23096096123141402,-0.17595448767694716,0.30070126322814467,1.2230912838036063,0.022565392403955355
E,b,L,frac0.25,cluster Cyclist,71,-0.06395229489319551,-0.16020228259322608,0.021217204966093927,-0.18829516155003204,0.043571596547638945,1.0052250985544486,-0.06361987477746159
E,b,L,frac0.25,cluster Foreign Object Debris,78,0.1617272429001064,0.02426875930311846,0.32462394215673374,-0.0040593693325209354,0.3688129882673895,1.2223880225862003,0.13230434192077642
E,b,L,frac0.25,cluster Interections,116,-0.04133444465696812,-0.18602442831769997,0.08357432791065653,-0.2273770800783863,0.11449422463296224,1.1365226366004706,-0.036369222508938634
E,b,L,frac0.25,cluster Multi-Lane Maneuvers,42,0.25482968107930254,0.017022343105948048,0.5266974776401185,-0.05156947207006235,0.6043209826639058,1.3919412902935275,0.1830750210919923
E,b,L,frac0.25,cluster Others,22,-0.14514797655018893,-0.31436458003622564,-0.015205892951864943,-0.3831479082349688,0.004134101420640945,0.6287174013634506,-0.2308636220906528
E,b,L,frac0.25,cluster Pedestrian,52,-0.1410635851072864,-0.31056199637071513,0.024771786180711144,-0.3557095887396424,0.07421144713344748,0.9236990431022998,-0.15271595890531153
E,b,L,frac0.25,cluster Single-Lane Maneuvers,38,-0.00476654256252866,-0.1443973333719704,0.15870647405917412,-0.18652343333758986,0.20551341194360914,0.8356722535462101,-0.005703842077203878
E,b,L,frac0.25,cluster Special Vehicles,25,0.13497064590454103,-0.054232066652427115,0.35860645433915367,-0.10608256063202308,0.4228922475947352,1.4522340225793409,0.09294001091147627
E,b,L,frac0.5,all,479,0.0909632359170158,0.01697183393240249,0.1747658335152331,-0.0032274601215790855,0.1948138263874892,1.0678815111702824,0.08518101958458851
E,b,L,frac0.5,stopped,120,0.19404256320648827,0.014203381338396567,0.4010266327756942,-0.02429990651819125,0.46933830544074184,1.3756505391859042,0.1410551282314189
E,b,L,frac0.5,moving,359,0.049811456079202905,-0.016080914344236703,0.12092166464399072,-0.03413444897432629,0.14007990202918735,0.9433390063297361,0.05280334614064685
E,b,L,frac0.5,turn,52,0.7734845862919648,0.38552771941681085,1.3069233127953455,0.26103016812825675,1.4537671051912973,2.4388325420599433,0.31715362697212757
E,b,L,frac0.5,straight,427,-0.021522403572840063,-0.06649299379560222,0.024288735853689392,-0.07800211077182886,0.03612428555295835,0.8679092909057665,-0.024797987299316586
E,b,L,frac0.5,cluster Construction,15,-0.05351881831884384,-0.30102785572070967,0.2017546123242938,-0.37630323587717224,0.27864323721991646,0.8593240592732693,-0.06228013488194981
E,b,L,frac0.5,cluster Cut_ins,20,0.12960416190326213,-0.04770333363729365,0.4098948659747841,-0.06864915748240286,0.5007937286412829,1.2230912838036063,0.1059644227863477
E,b,L,frac0.5,cluster Cyclist,71,-0.04417245142476659,-0.13041915212990718,0.021692260285769323,-0.16367461179051718,0.035437260551734226,1.0052250985544486,-0.043942845725090066
E,b,L,frac0.5,cluster Foreign Object Debris,78,0.18041923951405364,0.01256738111215627,0.37834068559566425,-0.02372972634345612,0.44814934700834513,1.2223880225862003,0.14759571934641633
E,b,L,frac0.5,cluster Interections,116,0.02712994428544209,-0.18606802674687042,0.23477146262334425,-0.2471534387330503,0.29195713965968634,1.1365226366004706,0.023871010934364046
E,b,L,frac0.5,cluster Multi-Lane Maneuvers,42,0.299021201474326,0.08662113560532982,0.6093467298685575,0.052877871330525426,0.7185832072447592,1.3919412902935275,0.21482314201001212
E,b,L,frac0.5,cluster Others,22,-0.1558295197107575,-0.32549057126369163,-0.03130647210031746,-0.38764352774116817,0.0,0.6287174013634506,-0.24785304076652268
E,b,L,frac0.5,cluster Pedestrian,52,0.0510241458317838,-0.057633023865732796,0.21103847835367476,-0.07378616119955271,0.26835614943991876,0.9236990431022998,0.055238928970215324
E,b,L,frac0.5,cluster Single-Lane Maneuvers,38,0.011881255985874879,-0.19079249230782486,0.20444169128936307,-0.2569664762140532,0.2567361168642737,0.8356722535462101,0.014217602577393556
E,b,L,frac0.5,cluster Special Vehicles,25,0.4640731996297836,-0.0055581085942685545,1.0589917695759956,-0.08005738912800711,1.227113719584027,1.4522340225793409,0.3195581376103104
E,b,L,frac0.75,all,479,0.10906042128141928,0.028271993537608685,0.19878789306589514,0.005501853850002656,0.22082539478827026,1.0678815111702824,0.10212782985810934
E,b,L,frac0.75,stopped,120,0.23163141260660464,0.049972058451854776,0.4468432485796972,0.0033482253337219687,0.509734830681359,1.3756505391859042,0.16837954553754744
E,b,L,frac0.75,moving,359,0.05986157124054292,-0.013862611333334518,0.13560542497904568,-0.03181189374312662,0.15195761732646046,0.9433390063297361,0.06345711439776806
E,b,L,frac0.75,turn,52,0.8252185248766684,0.36510975486901176,1.4176921953688144,0.20732808754853674,1.5753011709999103,2.4388325420599433,0.33836621032604935
E,b,L,frac0.75,straight,427,-0.0046565171563519815,-0.04337245818248616,0.03598361439287583,-0.05571052400899977,0.04962395389776587,0.8679092909057665,-0.005365211785545413
E,b,L,frac0.75,cluster Construction,15,-0.05184781402349472,-0.28236824452138903,0.15980374813079834,-0.35823032039870784,0.21770396566358724,0.8593240592732693,-0.060335578253613006
E,b,L,frac0.75,cluster Cut_ins,20,0.14855285584926606,-0.0034950145266272807,0.3705845803859081,-0.009611289948225021,0.4534862377024476,1.2230912838036063,0.12145688373094433
E,b,L,frac0.75,cluster Cyclist,71,-0.04291281786183236,-0.14627253751359726,0.03644320901991292,-0.18872091263271215,0.053743003767986706,1.0052250985544486,-0.04268975966034135
E,b,L,frac0.75,cluster Foreign Object Debris,78,0.20444927125787124,0.049245487215037256,0.39151082024432415,0.018891058362344105,0.4433470987269091,1.2223880225862003,0.1672539876702317
E,b,L,frac0.75,cluster Interections,116,0.05767912982063818,-0.15681576666892505,0.2602135605241023,-0.2200185667676199,0.31936301437519976,1.1365226366004706,0.05075053321697675
E,b,L,frac0.75,cluster Multi-Lane Maneuvers,42,0.39122982411867097,0.12397386771498788,0.7252188233220787,0.0739112975250464,0.8235876055789128,1.3919412902935275,0.2810677625894479
E,b,L,frac0.75,cluster Others,22,-0.05628448453816501,-0.14244642853736877,0.0,-0.16885345361449502,0.0,0.6287174013634506,-0.08952270832031246
E,b,L,frac0.75,cluster Pedestrian,52,0.050943009465789564,-0.09378013959137614,0.2507907768325121,-0.12393031748158492,0.3198555125754532,0.9236990431022998,0.05515109044033904
E,b,L,frac0.75,cluster Single-Lane Maneuvers,38,-0.10721559763738983,-0.4982419875814558,0.16754276432274354,-0.6430856294874907,0.21044012882630336,0.8356722535462101,-0.12829862087967617
E,b,L,frac0.75,cluster Special Vehicles,25,0.49601083636283877,0.013279495639847476,1.1229669866850005,-0.05377819704590365,1.3056567712821492,1.4522340225793409,0.3415502106760069
C+E,b,L,frac0.25,all,479,0.01964803883789737,-0.05152196498352443,0.09297368892768319,-0.07007976904943333,0.11493953413216962,1.0678815111702824,0.01839908138906277
C+E,b,L,frac0.25,stopped,120,0.0956085074236953,-0.09055863229584027,0.2833614332426103,-0.13387941986173837,0.32683074805903944,1.3756505391859042,0.06950057787225193
C+E,b,L,frac0.25,moving,359,-0.00960811066700933,-0.07149610947263038,0.056468353913688915,-0.09052856141945681,0.07590595163935956,0.9433390063297361,-0.010185215073838362
C+E,b,L,frac0.25,turn,52,0.4110668033123116,0.13355263513419866,0.8441263883005004,0.038454808369841685,0.9967999580032731,2.4388325420599433,0.16855064717362958
C+E,b,L,frac0.25,straight,427,-0.04727446573651423,-0.11538413377622006,0.01743859914073696,-0.13200273346666316,0.035256847667436975,0.8679092909057665,-0.054469362445904584
C+E,b,L,frac0.25,cluster Construction,15,-0.07525784646471341,-0.5522553922789585,0.3767233408532214,-0.7152101323663373,0.4833627586332299,0.8593240592732693,-0.08757795810856152
C+E,b,L,frac0.25,cluster Cut_ins,20,0.11511271223425865,-0.09047731252697606,0.33944270469558746,-0.1563920194702223,0.4383176258418899,1.2230912838036063,0.09411620682658914
C+E,b,L,frac0.25,cluster Cyclist,71,-0.12681800757639738,-0.2344636154039398,-0.027152305723789853,-0.26495856755531516,-0.0034276642292297215,1.0052250985544486,-0.12615881533277118
C+E,b,L,frac0.25,cluster Foreign Object Debris,78,0.08519122877362698,-0.06947911514740225,0.2623333937538784,-0.10950303676858766,0.31496510977593495,1.2223880225862003,0.06969246033136706
C+E,b,L,frac0.25,cluster Interections,116,-0.05427293201651553,-0.20009440994537944,0.08142019633398799,-0.24383776925193026,0.12176632694651572,1.1365226366004706,-0.04775349849507173
C+E,b,L,frac0.25,cluster Multi-Lane Maneuvers,42,0.22537597109164512,-0.04258892790179537,0.5457273768453688,-0.10078805949560245,0.6474605845505411,1.3919412902935275,0.1619148542135126
C+E,b,L,frac0.25,cluster Others,22,-0.049930036745288155,-0.19273562522398102,0.08749225251924468,-0.23426731631257816,0.14073962848518187,0.6287174013634506,-0.07941570670226204
C+E,b,L,frac0.25,cluster Pedestrian,52,-0.17037292710469606,-0.35472805692670645,0.025876058593879887,-0.3993006587590722,0.09803048039329194,0.9236990431022998,-0.18444636094077585
C+E,b,L,frac0.25,cluster Single-Lane Maneuvers,38,0.04570185353881434,-0.08350706487960581,0.2147549047119296,-0.11093424287471354,0.2709100672317861,0.8356722535462101,0.054688729157724957
C+E,b,L,frac0.25,cluster Special Vehicles,25,0.20175037264823914,-0.04805333968251942,0.48506505597721444,-0.10053314387887007,0.5684274422060697,1.4522340225793409,0.13892414687400478
C+E,b,L,frac0.5,all,479,0.05601904429711484,-0.04175692072538295,0.1588278209720617,-0.07751755807151481,0.18268225404990152,1.0678815111702824,0.05245810861143577
C+E,b,L,frac0.5,stopped,120,0.19031324131147176,-0.06525592718005238,0.4480391150004106,-0.14172394081530035,0.5322548300694178,1.3756505391859042,0.13834417672972177
C+E,b,L,frac0.5,moving,359,-0.012520939506852702,-0.09050107014990608,0.06456321345499264,-0.11159716607549268,0.08764319737026476,0.9433390063297361,-0.013273000928444715
C+E,b,L,frac0.5,turn,52,0.7848368584181524,0.4177609454503019,1.271852617689047,0.3010539468783026,1.4000888654375294,2.4388325420599433,0.3218084246798041
C+E,b,L,frac0.5,straight,427,-0.05533212790207744,-0.1420949959898316,0.021271033537708272,-0.17128773516390242,0.03941005811162776,0.8679092909057665,-0.06375335358414218
C+E,b,L,frac0.5,cluster Construction,15,-0.13759326214591663,-0.7627724936177187,0.3582986110720227,-0.9846366785371276,0.4892118625529774,0.8593240592732693,-0.16011801445694343
C+E,b,L,frac0.5,cluster Cut_ins,20,0.0464243006426841,-0.1477965770404659,0.26230279993164335,-0.20296524748644934,0.3393856435784768,1.2230912838036063,0.037956529702601105
C+E,b,L,frac0.5,cluster Cyclist,71,-0.08316217991195514,-0.21254358111251248,0.04114949884928286,-0.2462758067886213,0.07868682334781618,1.0052250985544486,-0.08272990798931053
C+E,b,L,frac0.5,cluster Foreign Object Debris,78,0.13535090822439927,-0.031898319542986046,0.31795804907829966,-0.06862194386544863,0.365261087086946,1.2223880225862003,0.11072663157974832
C+E,b,L,frac0.5,cluster Interections,116,-0.019526070120326918,-0.26539696533718155,0.20613667565980756,-0.32621608010669984,0.26779120558012187,1.1365226366004706,-0.01718053780145784
C+E,b,L,frac0.5,cluster Multi-Lane Maneuvers,42,0.28413835753287586,0.040886343763231546,0.5701583309871395,-0.030277989045987556,0.6420318427286101,1.3919412902935275,0.2041309928186395
C+E,b,L,frac0.5,cluster Others,22,-0.12672886231236838,-0.41795796614063896,0.1295658328027154,-0.5220975734591171,0.20062880768691901,0.6287174013634506,-0.20156728927422932
C+E,b,L,frac0.5,cluster Pedestrian,52,-0.030445808688035376,-0.20559792119319145,0.15985768695465394,-0.2510159282909242,0.2309332927090417,0.9236990431022998,-0.032960745077510595
C+E,b,L,frac0.5,cluster Single-Lane Maneuvers,38,-0.03787482274990333,-0.21278656261923154,0.14857986192068748,-0.26151082234981005,0.21429082902733415,0.8356722535462101,-0.04532258022110934
C+E,b,L,frac0.5,cluster Special Vehicles,25,0.5296078824996948,0.0773972575452977,1.143137211755566,-0.0022108299682210932,1.3238212425090174,1.4522340225793409,0.36468494351829606
C+E,b,L,frac0.75,all,479,0.10251616771501956,0.011385021582005796,0.20291681056562266,-0.011382341710491106,0.22992405857038414,1.0678815111702824,0.09599957171528604
C+E,b,L,frac0.75,stopped,120,0.23793538429812738,0.003956122692217188,0.4955230868476497,-0.04553205092191551,0.5776759422741378,1.3756505391859042,0.17296208413434352
C+E,b,L,frac0.75,moving,359,0.04595221988093874,-0.02267050184658841,0.1231740744380052,-0.045079293292353655,0.14461879627841148,0.9433390063297361,0.04871230763554002
C+E,b,L,frac0.75,turn,52,0.9261844505099448,0.47893249444785474,1.5423368291764166,0.3259294954981198,1.7380641415999918,2.4388325420599433,0.3797654962105965
C+E,b,L,frac0.75,straight,427,-0.02772322635801815,-0.08215778863649383,0.02228359457315811,-0.09949513814926537,0.03534355200079347,0.8679092909057665,-0.03194253898248476
C+E,b,L,frac0.75,cluster Construction,15,-0.14758448203404745,-0.5419143324451787,0.12312366398802986,-0.6853641109033064,0.17435567531827256,0.8593240592732693,-0.17174485043379295
C+E,b,L,frac0.75,cluster Cut_ins,20,0.14544188119471074,-0.029386500277641146,0.419470037217252,-0.05351775459236341,0.5174585278217451,1.2230912838036063,0.1189133494128183
C+E,b,L,frac0.75,cluster Cyclist,71,-0.02946656340943046,-0.1351831437340337,0.06317169819773795,-0.17097416183931125,0.08656485277443131,1.0052250985544486,-0.029313398015831958
C+E,b,L,frac0.75,cluster Foreign Object Debris,78,0.19485019405300802,0.01939226100523327,0.3904817152299037,-0.022750282872569975,0.4524689626493579,1.2223880225862003,0.15940126249009248
C+E,b,L,frac0.75,cluster Interections,116,0.017742544380498344,-0.21701770277257082,0.2348626564430882,-0.2789258307179372,0.28871653188205765,1.1365226366004706,0.01561125472482384
C+E,b,L,frac0.75,cluster Multi-Lane Maneuvers,42,0.3365827525433685,0.04632701929576051,0.7143525343394322,-0.0018434708865953824,0.848682735317076,1.3919412902935275,0.24180815303811495
C+E,b,L,frac0.75,cluster Others,22,-0.0006585707041350278,-0.071324208839729,0.08792193197204096,-0.09012718279572095,0.11956030135896678,0.6287174013634506,-0.0010474828638539933
C+E,b,L,frac0.75,cluster Pedestrian,52,0.003117667708116082,-0.15071492787470472,0.2008090457093205,-0.18871645695611752,0.2735414639234914,0.9236990431022998,0.003375198590273737
C+E,b,L,frac0.75,cluster Single-Lane Maneuvers,38,-0.06435552847228553,-0.40639291641069575,0.1898633868541635,-0.5199270468914325,0.2586597209268688,0.8356722535462101,-0.07701048850095256
C+E,b,L,frac0.75,cluster Special Vehicles,25,0.5694917818903923,0.005675633471571284,1.2762053141891958,-0.06738723656526682,1.4949157152090715,1.4522340225793409,0.39214876737215326
Q1+E,b,L,frac0.25,all,479,-0.04212798924923593,-0.12842570856229515,0.0442943468440094,-0.15207865482501387,0.06286472888996307,1.0678815111702824,-0.039450059588603814
Q1+E,b,L,frac0.25,stopped,120,0.008613936902176612,-0.17912803950190898,0.18998006651679208,-0.2401609258092017,0.23473769269662398,1.3756505391859042,0.006261718842689693
Q1+E,b,L,frac0.25,moving,359,-0.05624609607090092,-0.1398325282421781,0.04426085664730721,-0.16251104416153006,0.07589110460820467,0.9433390063297361,-0.059624478255954336
Q1+E,b,L,frac0.25,turn,52,0.45734736979603063,0.2202993575298431,0.8118817069891456,0.14919181208811827,0.9269728041415852,2.4388325420599433,0.18752717208280947
Q1+E,b,L,frac0.25,straight,427,-0.11582570403794716,-0.20296325048471223,-0.029022352316062792,-0.22298917432467344,-0.004787544350100657,0.8679092909057665,-0.13345369758292283
Q1+E,b,L,frac0.25,cluster Construction,15,-0.16914677917957305,-0.7991186075177975,0.45622439967202305,-0.9967476391283774,0.6783959842946691,0.8593240592732693,-0.19683701085085475
Q1+E,b,L,frac0.25,cluster Cut_ins,20,-0.07839655834250152,-0.2727480382759639,0.10979824336801279,-0.3293140881956788,0.1681426955219649,1.2230912838036063,-0.06409706240298069
Q1+E,b,L,frac0.25,cluster Cyclist,71,-0.14185653569203027,-0.26037501501381377,-0.031465295913701154,-0.2980744237804061,-0.005058964346916233,1.0052250985544486,-0.1411191740994383
Q1+E,b,L,frac0.25,cluster Foreign Object Debris,78,0.11481512160315059,-0.03247961649934937,0.28032783528167177,-0.07182180478833228,0.3294994097366188,1.2223880225862003,0.09392690330868655
Q1+E,b,L,frac0.25,cluster Interections,116,-0.08061817551738229,-0.2442423344808842,0.07309254959751177,-0.29510725703726093,0.11750935334865456,1.1365226366004706,-0.07093406934552993
Q1+E,b,L,frac0.25,cluster Multi-Lane Maneuvers,42,0.22819290913286663,-0.0300231280500065,0.5180311622048157,-0.07810466772225616,0.6070697077428563,1.3919412902935275,0.16393860195407103
Q1+E,b,L,frac0.25,cluster Others,22,-0.22529968784444712,-0.4064558891743258,-0.06564540993232461,-0.4645391703474273,-0.02145662610431725,0.6287174013634506,-0.35834810259085753
Q1+E,b,L,frac0.25,cluster Pedestrian,52,-0.10668591868418914,-0.32258854167927153,0.12574550058878958,-0.37743308777163703,0.1909305190232643,0.9236990431022998,-0.11549857010339423
Q1+E,b,L,frac0.25,cluster Single-Lane Maneuvers,38,-0.021101234382704684,-0.1646758254035376,0.13293871975732613,-0.20204804257424686,0.19148758868925314,0.8356722535462101,-0.02525061026396499
Q1+E,b,L,frac0.25,cluster Special Vehicles,25,0.058816966414451596,-0.1743305810479726,0.3163546788665867,-0.23974719771952896,0.40113118912148105,1.4522340225793409,0.04050102497253552
Q1+E,b,L,frac0.5,all,479,0.05377305986026102,-0.035058738025341964,0.1518450245345664,-0.06763327134196169,0.1833667741186799,1.0678815111702824,0.05035489358864503
Q1+E,b,L,frac0.5,stopped,120,0.16683681313912638,-0.03861179529581027,0.3939547798100811,-0.09370210301844158,0.4536246940601067,1.3756505391859042,0.12127848489621404
Q1+E,b,L,frac0.5,moving,359,0.007250277916433082,-0.06990836722735527,0.09238882519009246,-0.09403163484845548,0.11108850110120735,0.9433390063297361,0.0076857607580988856
Q1+E,b,L,frac0.5,turn,52,0.7319935882008022,0.32325745001758494,1.240979605381258,0.19646598451394273,1.3879237116003806,2.4388325420599433,0.30014097957809305
Q1+E,b,L,frac0.5,straight,427,-0.05310203840686141,-0.12200570858674345,0.02226301848356557,-0.14405999131096403,0.04262738058311887,0.8679092909057665,-0.06118385753359446
Q1+E,b,L,frac0.5,cluster Construction,15,-0.2004740819334984,-0.5845232518389821,0.16439849548254698,-0.7160348931948344,0.2725539611220092,0.8593240592732693,-0.233292760478555
Q1+E,b,L,frac0.5,cluster Cut_ins,20,0.005911575257778167,-0.2923662261407384,0.2996721499040724,-0.3905231373354357,0.3899221220060894,1.2230912838036063,0.0048333066681614896
Q1+E,b,L,frac0.5,cluster Cyclist,71,-0.15106886462636396,-0.2912811350510259,-0.023759299877565317,-0.3306375380394121,0.008359269975373156,1.0052250985544486,-0.15028361791165645
Q1+E,b,L,frac0.5,cluster Foreign Object Debris,78,0.1750127223248665,0.019949917315638492,0.3563393226745756,-0.021872190916344424,0.40244894038653,1.2223880225862003,0.1431728052722514
Q1+E,b,L,frac0.5,cluster Interections,116,0.04493240514320546,-0.15030977928395137,0.22597071692691234,-0.20803547918277093,0.2762084845586255,1.1365226366004706,0.039534984782710364
Q1+E,b,L,frac0.5,cluster Multi-Lane Maneuvers,42,0.32810061362882453,0.010238822833700043,0.7071222133370803,-0.07667997199758068,0.7986210704110341,1.3919412902935275,0.2357144054255592
Q1+E,b,L,frac0.5,cluster Others,22,-0.1519531776959246,-0.3800541040168977,0.06621526962157735,-0.4524049807222212,0.14397625824968727,0.6287174013634506,-0.2416875648206898
Q1+E,b,L,frac0.5,cluster Pedestrian,52,-0.04747768140469606,-0.2634572912907925,0.1661029750093611,-0.32041121191048827,0.2421349341369024,0.9236990431022998,-0.05139951346624693
Q1+E,b,L,frac0.5,cluster Single-Lane Maneuvers,38,-0.019781831847993953,-0.2220337785413545,0.15538394429908645,-0.2816934809168597,0.20291164959130298,0.8356722535462101,-0.02367175859201849
Q1+E,b,L,frac0.5,cluster Special Vehicles,25,0.5545289197564125,0.057624899008526256,1.1831141869680815,-0.03986436763608997,1.3815604480416714,1.4522340225793409,0.3818454265184498
Q1+E,b,L,frac0.75,all,479,0.0941611878105357,0.008543560287909655,0.18874645699673034,-0.01859655530782882,0.21273897266393943,1.0678815111702824,0.08817568880590998
Q1+E,b,L,frac0.75,stopped,120,0.22511633923269045,0.03805508609224723,0.43897646225055215,-0.008387627770857246,0.4950538719102488,1.3756505391859042,0.16364355104742806
Q1+E,b,L,frac0.75,moving,359,0.036450400993583654,-0.05553565042616945,0.13179806040471184,-0.07880632651860406,0.15923167259959647,0.9433390063297361,0.03863976868231263
Q1+E,b,L,frac0.75,turn,52,0.7974251307124212,0.40368344510294996,1.2963081099151723,0.26818478776076576,1.4217444695118338,2.4388325420599433,0.32697002232013905
Q1+E,b,L,frac0.75,straight,427,-0.018935062604858385,-0.08602468839025654,0.05057383211114368,-0.103423130907615,0.06984107334156756,0.8679092909057665,-0.021816868194943963
Q1+E,b,L,frac0.75,cluster Construction,15,0.025078498323758445,-0.28097353359827626,0.4080671171979472,-0.3557324260102839,0.5500994457921479,0.8593240592732693,0.029183982518733786
Q1+E,b,L,frac0.75,cluster Cut_ins,20,0.11907069878652692,-0.0369766374523737,0.38453838703222576,-0.05748180921678667,0.48288578104498814,1.2230912838036063,0.09735225846450091
Q1+E,b,L,frac0.75,cluster Cyclist,71,-0.11035239329220543,-0.24790549213738483,0.005687105446209586,-0.29048228550925215,0.03566404198304832,1.0052250985544486,-0.1097787883041284
Q1+E,b,L,frac0.75,cluster Foreign Object Debris,78,0.16813124078684127,0.017009665404912087,0.3401815894083432,-0.006495961379637663,0.3986270364970346,1.2223880225862003,0.1375432658699705
Q1+E,b,L,frac0.75,cluster Interections,116,0.10643365279096982,-0.0936761509665633,0.30599353698988996,-0.1450689318696892,0.3603463662996095,1.1365226366004706,0.0936485111368575
Q1+E,b,L,frac0.75,cluster Multi-Lane Maneuvers,42,0.36972842773511294,0.08861203522364976,0.7238634443422779,0.03633777833513937,0.8345412003901638,1.3919412902935275,0.26562070563848705
Q1+E,b,L,frac0.75,cluster Others,22,-0.2614958608015017,-0.6119958538263239,-0.0008950614732586584,-0.7543017894875569,0.02371037631362135,0.6287174013634506,-0.4159195534184611
Q1+E,b,L,frac0.75,cluster Pedestrian,52,-0.059056441604088135,-0.2549773951744472,0.13250429057387125,-0.3164098560148042,0.19828735728343125,0.9236990431022998,-0.06393472207759733
Q1+E,b,L,frac0.75,cluster Single-Lane Maneuvers,38,0.03658109707267661,-0.1413745872968552,0.17819897693203687,-0.21353919715837402,0.21323941230114238,0.8356722535462101,0.043774454539376166
Q1+E,b,L,frac0.75,cluster Special Vehicles,25,0.5474929583072662,0.06253596341237426,1.153289475879417,-0.034102674766133226,1.371804640322835,1.4522340225793409,0.37700050390973033
QV+E,b,L,frac0.25,all,479,0.028663628252218985,-0.04120877700111873,0.10278144392659659,-0.057370968860155254,0.1286487874318036,1.0678815111702824,0.026841581160822567
QV+E,b,L,frac0.25,stopped,120,0.10299649302489094,-0.0127222254489457,0.22316769254373248,-0.03252968292220857,0.2552215246559199,1.3756505391859042,0.07487111740300208
QV+E,b,L,frac0.25,moving,359,0.000666002175333727,-0.08780776013661983,0.10160455493217697,-0.10343169595848252,0.1388824529417447,0.9433390063297361,0.0007060051273878222
QV+E,b,L,frac0.25,turn,52,0.3720828124497376,0.14070298623258828,0.759176493307573,0.06471649700583904,0.8794037309363602,2.4388325420599433,0.15256595359985659
QV+E,b,L,frac0.25,straight,427,-0.03207829670806375,-0.09612534746683501,0.040465818240863045,-0.11126182893744264,0.06389027038771154,0.8679092909057665,-0.03696042552394645
QV+E,b,L,frac0.25,cluster Construction,15,0.03742765784263611,-0.31035773538053035,0.5449789687991143,-0.369670124823284,0.7439548211068739,0.8593240592732693,0.04355476544470161
QV+E,b,L,frac0.25,cluster Cut_ins,20,-0.11521859653294086,-0.3235015247564982,0.09622384211905104,-0.39212550060152457,0.1614196979541979,1.2230912838036063,-0.09420277787822229
QV+E,b,L,frac0.25,cluster Cyclist,71,-0.09152318302109103,-0.1962225465119075,0.004798276130273001,-0.22714696863074013,0.03332608157006083,1.0052250985544486,-0.09104745111587921
QV+E,b,L,frac0.25,cluster Foreign Object Debris,78,0.10898598230097634,-0.013857504609521858,0.25357370948736313,-0.04294138904510289,0.30327299152531717,1.2223880225862003,0.08915825440631792
QV+E,b,L,frac0.25,cluster Interections,116,-0.02913093131742087,-0.17389660360022619,0.1096973101850453,-0.21722464782008158,0.15140248636084644,1.1365226366004706,-0.025631633175874403
QV+E,b,L,frac0.25,cluster Multi-Lane Maneuvers,42,0.23290736596321776,-0.07397625943257784,0.5605451577156781,-0.14749654255956343,0.653566076730567,1.3919412902935275,0.16732556724005443
QV+E,b,L,frac0.25,cluster Others,22,-0.12950914725661278,-0.33229117734581615,0.05256243384443227,-0.403721097551641,0.10125382574593729,0.6287174013634506,-0.20598944291307408
QV+E,b,L,frac0.25,cluster Pedestrian,52,0.03290557176268731,-0.11253534070688286,0.19271096045945474,-0.15191326888859924,0.2382340622667438,0.9236990431022998,0.03562369367859464
QV+E,b,L,frac0.25,cluster Single-Lane Maneuvers,38,0.07498775981366634,-0.05033887465110785,0.2483651162633765,-0.07983769845254994,0.30009832156979976,0.8356722535462101,0.08973345650217852
QV+E,b,L,frac0.25,cluster Special Vehicles,25,0.16480380296707153,-0.034785381167125796,0.4018054822749048,-0.08903611101365339,0.4692543686118819,1.4522340225793409,0.11348295137333328
QV+E,b,L,frac0.5,all,479,0.06078843777750824,-0.030346657684118587,0.16009413763575203,-0.05801009088550262,0.19136503817119985,1.0678815111702824,0.056924328346963045
QV+E,b,L,frac0.5,stopped,120,0.17536479944635383,-0.03435594056478666,0.40319978883783963,-0.0908685824954025,0.47653684215266545,1.3756505391859042,0.1274777237757875
QV+E,b,L,frac0.5,moving,359,0.01285338644705738,-0.07893728355985304,0.10778175064991517,-0.10604970254071053,0.13572846851454579,0.9433390063297361,0.01362541606019903
QV+E,b,L,frac0.5,turn,52,0.771025984932298,0.436075002130801,1.2408807093269814,0.3386296551619631,1.353602538616332,2.4388325420599433,0.31614552111932054
QV+E,b,L,frac0.5,straight,427,-0.049927950414519154,-0.12912553367652102,0.0309052439577466,-0.15349436712960862,0.056655499834688025,0.8679092909057665,-0.057526691945437525
QV+E,b,L,frac0.5,cluster Construction,15,-0.20884579718112944,-0.6822559084239251,0.27978750563367755,-0.8635748245792153,0.44645780466031276,0.8593240592732693,-0.2430349702506298
QV+E,b,L,frac0.5,cluster Cut_ins,20,-0.0005319096148014068,-0.18889515188268638,0.20637308364113174,-0.2466465341383992,0.2793979062169397,1.2230912838036063,-0.00043488954736661865
QV+E,b,L,frac0.5,cluster Cyclist,71,-0.06924182676028093,-0.1728675480104995,0.027536797648146878,-0.20860324816882395,0.058404152086772146,1.0052250985544486,-0.06888191198155842
QV+E,b,L,frac0.5,cluster Foreign Object Debris,78,0.13411624820377582,0.02172638642451992,0.26691173502271165,-0.0015962202446321125,0.30966765137655555,1.2223880225862003,0.1097165922159698
QV+E,b,L,frac0.5,cluster Interections,116,0.030857256549442637,-0.1881986843885674,0.2403312931392676,-0.24852454924164158,0.2947337897128485,1.1365226366004706,0.02715058684773922
QV+E,b,L,frac0.5,cluster Multi-Lane Maneuvers,42,0.30888151554834276,0.06071340704824598,0.6107384377828322,3.0085688922558802e-05,0.6998279471514999,1.3919412902935275,0.22190699974365077
QV+E,b,L,frac0.5,cluster Others,22,-0.28278192471374164,-0.6586604960432106,0.034667827379974536,-0.8010892757219422,0.1284772591224018,0.6287174013634506,-0.44977588356946135
QV+E,b,L,frac0.5,cluster Pedestrian,52,0.07198561562332682,-0.1275080819805832,0.26849711033018087,-0.18226469683618307,0.3310162319450376,0.9236990431022998,0.07793189368428782
QV+E,b,L,frac0.5,cluster Single-Lane Maneuvers,38,0.09597279170626088,-0.02067036785068922,0.23385599282679753,-0.04277380103940134,0.2811141643422275,0.8356722535462101,0.11484501405783946
QV+E,b,L,frac0.5,cluster Special Vehicles,25,0.527472408413887,0.02576474922064405,1.1626406632121895,-0.07044066599727421,1.3480152553029774,1.4522340225793409,0.3632144683382593
QV+E,b,L,frac0.75,all,479,0.06930961051702714,-0.03342891631836023,0.17655119866300137,-0.05700372409669542,0.20390749007625525,1.0678815111702824,0.06490383979124362
QV+E,b,L,frac0.75,stopped,120,0.1368694686869199,-0.11435731644362104,0.4059880013899334,-0.17900694870174455,0.48819655335792284,1.3756505391859042,0.09949435906005448
QV+E,b,L,frac0.75,moving,359,0.04153511244976748,-0.04482401090385213,0.13033741805570678,-0.06373956799359326,0.1564954076133666,0.9433390063297361,0.0440298897544466
QV+E,b,L,frac0.75,turn,52,0.8492290787934583,0.4741348929324794,1.3693867657960521,0.3587390770779643,1.4975397340063397,2.4388325420599433,0.3482113118255191
QV+E,b,L,frac0.75,straight,427,-0.056758946046742934,-0.14403283292795632,0.026947668270107146,-0.1702745391528568,0.05328023939881642,0.8679092909057665,-0.06539732509086085
QV+E,b,L,frac0.75,cluster Construction,15,-0.2859476218620936,-0.8848787489942171,0.23569984854975104,-1.1191952398230294,0.3601249402010414,0.8593240592732693,-0.33275877566365314
QV+E,b,L,frac0.75,cluster Cut_ins,20,0.09456568444147706,-0.09047376875008922,0.37480090233252256,-0.11403339438807135,0.47350570589660856,1.2230912838036063,0.07731694738874587
QV+E,b,L,frac0.75,cluster Cyclist,71,-0.037377788462269475,-0.14915024608204455,0.08139034478530544,-0.1807287702769071,0.12234495268749326,1.0052250985544486,-0.03718350100491933
QV+E,b,L,frac0.75,cluster Foreign Object Debris,78,0.19383810957272848,0.012554421980151692,0.39890344412887807,-0.026013853952815157,0.46248858085490363,1.2223880225862003,0.15857330568621422
QV+E,b,L,frac0.75,cluster Interections,116,0.03826739083461721,-0.1935921012584258,0.25679620082521565,-0.2602869467023038,0.3204682414910643,1.1365226366004706,0.0336705927381098
QV+E,b,L,frac0.75,cluster Multi-Lane Maneuvers,42,0.40958191906767233,0.14182694851943722,0.7702693061246362,0.09833319603211846,0.8798268291472323,1.3919412902935275,0.29425229492351734
QV+E,b,L,frac0.75,cluster Others,22,-0.23104555498469959,-0.6089504373060273,0.11841514777112759,-0.7456217471613652,0.2239634111705054,0.6287174013634506,-0.3674871325076243
QV+E,b,L,frac0.75,cluster Pedestrian,52,-0.03333117334673611,-0.19522206062233619,0.12906707154543037,-0.2401853317843972,0.1802642972310291,0.9236990431022998,-0.03608445152740586
QV+E,b,L,frac0.75,cluster Single-Lane Maneuvers,38,0.10987314277965772,0.020957300012337053,0.2184932427054152,0.0013026582879163994,0.2546068145648091,0.8356722535462101,0.13147874937023032
QV+E,b,L,frac0.75,cluster Special Vehicles,25,0.43467199712991716,-0.08344599363152626,1.0776705051096422,-0.1831807451089844,1.3135916391504265,1.4522340225793409,0.29931263857727824
Q1+C+E,b,L,frac0.25,all,479,-0.002189564804036656,-0.08793407182435613,0.08166688722679069,-0.11255218126864641,0.09989794683612686,1.0678815111702824,-0.0020503817896773305
Q1+C+E,b,L,frac0.25,stopped,120,0.03311922425994275,-0.16374925009474026,0.21996595422563847,-0.2382883789915114,0.2706787071835557,1.3756505391859042,0.02407531805246292
Q1+C+E,b,L,frac0.25,moving,359,-0.018393652829389633,-0.09213175413672511,0.06062636335907002,-0.10596649419413492,0.08523544923063016,0.9433390063297361,-0.019498454644586476
Q1+C+E,b,L,frac0.25,turn,52,0.47934318893331945,0.23653630484698288,0.8087763154911903,0.17237422183155096,0.9230586455575618,2.4388325420599433,0.19654616734302122
Q1+C+E,b,L,frac0.25,straight,427,-0.0750701599641208,-0.16400589376767824,0.006357007461009188,-0.18454162753723619,0.028882542422160932,0.8679092909057665,-0.08649539848314812
Q1+C+E,b,L,frac0.25,cluster Construction,15,-0.17812379846970242,-0.8447743276396813,0.3640651685687212,-1.1108040994983355,0.4798038675909322,0.8593240592732693,-0.20728361617192678
Q1+C+E,b,L,frac0.25,cluster Cut_ins,20,0.032945915358141065,-0.18838972138561075,0.24292152215105794,-0.2648950096607318,0.30806350352431716,1.2230912838036063,0.02693659565268494
Q1+C+E,b,L,frac0.25,cluster Cyclist,71,-0.13682356924736794,-0.2640641846854547,-0.020432769633381736,-0.3002849424075521,0.012957050280425817,1.0052250985544486,-0.13611236870639756
Q1+C+E,b,L,frac0.25,cluster Foreign Object Debris,78,0.11811375177542989,-0.029978358358824935,0.2873582927927904,-0.07170853132271306,0.34248266144604134,1.2223880225862003,0.09662541647417096
Q1+C+E,b,L,frac0.25,cluster Interections,116,-0.1299710118388436,-0.3087181102554368,0.03741630270437381,-0.3694345441712123,0.08088916241051404,1.1365226366004706,-0.11435848935451796
Q1+C+E,b,L,frac0.25,cluster Multi-Lane Maneuvers,42,0.18496766597742126,-0.04859813450360091,0.4667625929851941,-0.10614447604229613,0.5580019963203489,1.3919412902935275,0.132884674998337
Q1+C+E,b,L,frac0.25,cluster Others,22,-0.13524246046488936,-0.37597578107963814,0.09319566026653937,-0.4562531854095203,0.16212682104914572,0.6287174013634506,-0.21510850530238157
Q1+C+E,b,L,frac0.25,cluster Pedestrian,52,-0.0666570995325366,-0.2288469056450587,0.10450402398391644,-0.2647678627528156,0.16007878244719725,0.9236990431022998,-0.07216322245897824
Q1+C+E,b,L,frac0.25,cluster Single-Lane Maneuvers,38,0.12834300061589793,-0.060968517284931203,0.349429538538937,-0.09949408348921376,0.41801104231830294,0.8356722535462101,0.15358054556827638
Q1+C+E,b,L,frac0.25,cluster Special Vehicles,25,0.16055195778608322,-0.05599235487687918,0.40668665660778064,-0.11833366623024463,0.47328573380643285,1.4522340225793409,0.11055515522279515
Q1+C+E,b,L,frac0.5,all,479,0.050742968024908894,-0.03063744429658185,0.1385561706364971,-0.0499996216359377,0.16627455180112252,1.0678815111702824,0.04751741414578861
Q1+C+E,b,L,frac0.5,stopped,120,0.2233779091463441,0.023211759456009538,0.45064405115188766,-0.018971912059056004,0.5091240149130302,1.3756505391859042,0.16237983614540422
Q1+C+E,b,L,frac0.5,moving,359,-0.02771414691778007,-0.10354680762947512,0.04728022768291487,-0.12772161255935469,0.06933944950135329,0.9433390063297361,-0.02937877765238176
Q1+C+E,b,L,frac0.5,turn,52,0.722147055814771,0.3628530510639151,1.213205602341746,0.26047418807875594,1.346758433056874,2.4388325420599433,0.29610358372732487
Q1+C+E,b,L,frac0.5,straight,427,-0.05848605951570955,-0.11737001439035571,-0.0030648740700989436,-0.13536641507498293,0.012163814934206528,0.8679092909057665,-0.06738729511084321
Q1+C+E,b,L,frac0.5,cluster Construction,15,-0.25612491369247437,-0.5754168502760656,0.036847097533089776,-0.6837010127104198,0.11444203543166287,0.8593240592732693,-0.29805393079425624
Q1+C+E,b,L,frac0.5,cluster Cut_ins,20,0.08887306679971516,-0.024388624161574585,0.22439681238884276,-0.047933347848759564,0.2661606237436219,1.2230912838036063,0.07266266056882933
Q1+C+E,b,L,frac0.5,cluster Cyclist,71,-0.08691767269325718,-0.22179490537249127,0.039137873417837185,-0.2593834233859846,0.07886214264916198,1.0052250985544486,-0.0864658799489269
Q1+C+E,b,L,frac0.5,cluster Foreign Object Debris,78,0.11227458705886817,-0.01355558557828006,0.24663796256607098,-0.043327588027910854,0.2897146072457572,1.2223880225862003,0.09184856607260383
Q1+C+E,b,L,frac0.5,cluster Interections,116,0.025390006268621777,-0.18483791998278015,0.21215445552758466,-0.233666243743966,0.25500813894181434,1.1365226366004706,0.02234007968778126
Q1+C+E,b,L,frac0.5,cluster Multi-Lane Maneuvers,42,0.20933823260877812,-0.00877206690330058,0.48148631355578175,-0.06257654055645014,0.5852416518884206,1.3919412902935275,0.1503930044094271
Q1+C+E,b,L,frac0.5,cluster Others,22,-0.270907578820532,-0.5130575027590727,-0.05887949395148698,-0.5920390143907363,-0.006932180693231432,0.6287174013634506,-0.4308892647682978
Q1+C+E,b,L,frac0.5,cluster Pedestrian,52,0.0698689657729119,-0.08110677682430643,0.25138876353213124,-0.11795685729360196,0.31489392748434064,0.9236990431022998,0.07564040072863203
Q1+C+E,b,L,frac0.5,cluster Single-Lane Maneuvers,38,0.07336668748604624,-0.09684532448589321,0.26125061425669877,-0.1379368869869763,0.3182320850423388,0.8356722535462101,0.08779361427247541
Q1+C+E,b,L,frac0.5,cluster Special Vehicles,25,0.5422682994604111,0.0377521141897887,1.2031775041123516,-0.041331469440479676,1.3692900617501786,1.4522340225793409,0.37340283386094886
Q1+C+E,b,L,frac0.75,all,479,0.08330733151336192,-0.008760198735028455,0.18657779684970868,-0.03640268363425214,0.2162969075996848,1.0678815111702824,0.0780117743794123
Q1+C+E,b,L,frac0.75,stopped,120,0.22417994983550438,-0.007720324694534507,0.48910286895472666,-0.060129460868718364,0.561401634236576,1.3756505391859042,0.1629628626236513
Q1+C+E,b,L,frac0.75,moving,359,0.024523445115132703,-0.0480141220654789,0.10264005455162273,-0.06712746414061974,0.12406599524587043,0.9433390063297361,0.02599642859097543
Q1+C+E,b,L,frac0.75,turn,52,0.9533076151424213,0.4834069406205956,1.593086131349994,0.3386788144996651,1.764720139049619,2.4388325420599433,0.39088686849209275
Q1+C+E,b,L,frac0.75,straight,427,-0.056574636792723655,-0.11457179130078783,0.003212521293673017,-0.13417326077826955,0.017276578532238903,0.8679092909057665,-0.06518496504822675
Q1+C+E,b,L,frac0.75,cluster Construction,15,-0.28192014396190646,-0.5935486914590001,-0.022214061145981123,-0.7143113613128662,0.0,0.8593240592732693,-0.32807197810838257
Q1+C+E,b,L,frac0.75,cluster Cut_ins,20,0.07380608101375401,-0.10226261239877202,0.30978725890842423,-0.14764635122372835,0.40901368939465904,1.2230912838036063,0.06034388601333959
Q1+C+E,b,L,frac0.75,cluster Cyclist,71,-0.06403565764571474,-0.20928374459085955,0.06836828528132147,-0.2572039192866116,0.10302752182636213,1.0052250985544486,-0.06370280421549404
Q1+C+E,b,L,frac0.75,cluster Foreign Object Debris,78,0.170792688926061,-0.05092700765044852,0.42321144777720116,-0.0974444483177297,0.4961198380629288,1.2223880225862003,0.13972051899258287
Q1+C+E,b,L,frac0.75,cluster Interections,116,0.05533431846134622,-0.17919298792507526,0.27988914437483375,-0.240867738379574,0.35632993664130463,1.1365226366004706,0.04868738789652305
Q1+C+E,b,L,frac0.75,cluster Multi-Lane Maneuvers,42,0.3563658215460323,0.053652555670960125,0.748770712645023,-0.008743335999529745,0.8720424300331201,1.3919412902935275,0.2560207273331788
Q1+C+E,b,L,frac0.75,cluster Others,22,-0.11845193904909221,-0.3431129939616749,0.08211660494562242,-0.416957942030355,0.14119863822548223,0.6287174013634506,-0.18840251405832684
Q1+C+E,b,L,frac0.75,cluster Pedestrian,52,0.049814086550703414,-0.11489162142756149,0.2614003468255756,-0.1614548117923883,0.344793564131775,0.9236990431022998,0.05392891431758959
Q1+C+E,b,L,frac0.75,cluster Single-Lane Maneuvers,38,0.02225385047495365,-0.20155920748611264,0.24717579400440792,-0.26666326437620086,0.3080143835901217,0.8356722535462101,0.026629878376981535
Q1+C+E,b,L,frac0.75,cluster Special Vehicles,25,0.569114208817482,-9.610033035277898e-05,1.2984427248971429,-0.10772712667253058,1.561450391758311,1.4522340225793409,0.39188877272456907
E0,a,L,oof,all,479,0.11323695043797836,0.04718505647036795,0.19295579797815424,0.03073509693507974,0.21718455542353715,1.0678815111702824,0.10603887159155227
E0,a,L,oof,stopped,120,0.27669191104565244,0.1000195735591267,0.49155141492321525,0.060724622328483656,0.5799030371853944,1.3756505391859042,0.20113531973708662
E0,a,L,oof,moving,359,0.048407720001530916,-0.005214880357807892,0.11010135635944061,-0.017948981372069,0.1329543192458958,0.9433390063297361,0.05131529564315547
E0,a,L,oof,turn,52,0.6095642597386332,0.25093441090224433,1.145073518880233,0.16364069150796806,1.3128102033984288,2.4388325420599433,0.24994100629138272
E0,a,L,oof,straight,427,0.03357680071227724,-0.007228017570223081,0.08000467079927433,-0.017221962430929133,0.09525235846109381,0.8679092909057665,0.03868699305803704
E0,a,L,oof,cluster Construction,15,0.10534483591715495,0.0,0.35114945305718315,0.0,0.45147786821637836,0.8593240592732693,0.12259034851909666
E0,a,L,oof,cluster Cut_ins,20,0.18428127318620682,-0.007689031958580017,0.4878755321754427,-0.011831225541529626,0.5921709767846683,1.2230912838036063,0.15066845428995565
E0,a,L,oof,cluster Cyclist,71,0.03423340723548137,-0.05731680765433211,0.12429952177529534,-0.08502379564138558,0.15200021130352598,1.0052250985544486,0.034055464079349285
E0,a,L,oof,cluster Foreign Object Debris,78,0.09589179538381405,0.0007199615517481702,0.22942279546688765,0.0,0.27174288315456646,1.2223880225862003,0.07844628187777582
E0,a,L,oof,cluster Interections,116,0.05312355376523117,-0.08898172569882777,0.20775022205430416,-0.1288281376870582,0.2576503211882422,1.1365226366004706,0.04674218713683751
E0,a,L,oof,cluster Multi-Lane Maneuvers,42,0.27472399955704097,0.031456193010857766,0.6303510624089209,0.0,0.7549121402553283,1.3919412902935275,0.1973675193578805
E0,a,L,oof,cluster Others,22,0.0,0.0,0.0,0.0,0.0,0.6287174013634506,0.0
E0,a,L,oof,cluster Pedestrian,52,0.0,-0.2286263736263736,0.2222222222222222,-0.3076923076923077,0.2857578397212537,0.9236990431022998,0.0
E0,a,L,oof,cluster Single-Lane Maneuvers,38,0.06477063933485433,-0.014522683142373958,0.2195544107393785,-0.021513821009327385,0.274923340807906,0.8356722535462101,0.07750722733703005
E0,a,L,oof,cluster Special Vehicles,25,0.32,0.0,0.9090909090909091,0.0,1.0909090909090908,1.4522340225793409,0.22035016052828857
E0,c,L,oof,all,479,0.11093709075154476,0.025808156604992687,0.20687330657896866,0.005472770781569159,0.23305685646622798,1.0678815111702824,0.10388520598129818
E0,c,L,oof,stopped,120,0.3281206457131597,0.12304330250699934,0.5735137872023677,0.07542594704711453,0.6538953324290376,1.3756505391859042,0.2385203482763421
E0,c,L,oof,moving,359,0.016627198306027317,-0.06509454722035117,0.0913444257938428,-0.09216065210641636,0.11360295228990833,0.9433390063297361,0.01762589927317754
E0,c,L,oof,turn,52,0.9182210735190066,0.5032466696745449,1.5123167189918583,0.3728747255766955,1.66876426994231,2.4388325420599433,0.3765002548077522
E0,c,L,oof,straight,427,-0.017455451201822923,-0.06640448978723429,0.023093566171568904,-0.08133674796478715,0.034497315188762236,0.8679092909057665,-0.02011206860524109
E0,c,L,oof,cluster Construction,15,0.03106896678606669,0.0,0.08214052057441544,0.0,0.09982759031382474,0.8593240592732693,0.036155122681356934
E0,c,L,oof,cluster Cut_ins,20,0.17419522553682326,-0.0034950145266272807,0.4463006457944115,-0.009611289948225021,0.5419039587955922,1.2230912838036063,0.14242209706139486
E0,c,L,oof,cluster Cyclist,71,0.012446872575182311,-0.042355473475431595,0.06227585647646496,-0.057409558847535014,0.07423386674779169,1.0052250985544486,0.012382174493137289
E0,c,L,oof,cluster Foreign Object Debris,78,0.21346371463285044,0.04979542390765529,0.4036725273989443,0.010607924176778699,0.45922429478434745,1.2223880225862003,0.17462844096036406
E0,c,L,oof,cluster Interections,116,0.04030262486174189,-0.16150576425067756,0.23279632869859426,-0.2339263974360556,0.2855267399054771,1.1365226366004706,0.03546134811911339
E0,c,L,oof,cluster Multi-Lane Maneuvers,42,0.25649171100840684,-0.01802614842365319,0.6210570215914264,-0.08293391622236657,0.7487263018197221,1.3919412902935275,0.18426905847036035
E0,c,L,oof,cluster Others,22,-0.16762423786250027,-0.5160094975777295,0.008342527207874116,-0.6436290519684553,0.021899133920669556,0.6287174013634506,-0.266613008482009
E0,c,L,oof,cluster Pedestrian,52,0.04406234278128697,-0.0837383804515142,0.23240452345305673,-0.10565896858383898,0.30293068931690814,0.9236990431022998,0.04770205524225823
E0,c,L,oof,cluster Single-Lane Maneuvers,38,-0.09949507819194543,-0.40401262536637744,0.13734070550994362,-0.5033554151362235,0.17957490490355446,0.8356722535462101,-0.11905992782425635
E0,c,L,oof,cluster Special Vehicles,25,0.6044587653875351,0.05612459160121425,1.3083778813779356,-0.028924457728862762,1.571596349676689,1.4522340225793409,0.41622683120585774
E0,c,L,ins,all,479,0.13727392058922597,0.0501042617320481,0.23197396186794353,0.027031324394964945,0.2591496927359896,1.0678815111702824,0.12854789520495455
E0,c,L,ins,stopped,120,0.3454051275844349,0.13409564533909615,0.5967274208499969,0.08787737618677545,0.6824135788906167,1.3756505391859042,0.25108493599605763
E0,c,L,ins,moving,359,0.04660777615145513,-0.031490300344149326,0.12163954214267407,-0.05733523063516078,0.1426435194502544,0.9433390063297361,0.04940723943218752
E0,c,L,ins,turn,52,1.0214599285588322,0.6251238617958449,1.6291525091561267,0.4939647046141979,1.7766829727795526,2.4388325420599433,0.41883151505599603
E0,c,L,ins,straight,427,-0.004415091338909235,-0.05121441360362289,0.03276230572365031,-0.06862048126751119,0.043412792756739295,0.8679092909057665,-0.005087042373174232
E0,c,L,ins,cluster Construction,15,0.0,0.0,0.0,0.0,0.0,0.8593240592732693,0.0
E0,c,L,ins,cluster Cut_ins,20,0.10410917550325394,-0.010485043579881842,0.3598456382751465,-0.014645775159200033,0.45050237086370465,1.2230912838036063,0.08511971010004427
E0,c,L,ins,cluster Cyclist,71,0.02719115371435461,-0.010190136283636093,0.07406625281530986,-0.020002454640316476,0.09135520565470581,1.0052250985544486,0.027049815761123062
E0,c,L,ins,cluster Foreign Object Debris,78,0.223018347309568,0.050663435077294705,0.42901926288533876,0.02331018042240574,0.5041566745671443,1.2223880225862003,0.1824448073679004
E0,c,L,ins,cluster Interections,116,0.12198757046255572,-0.06472788274883141,0.31317719461019433,-0.11278871223486342,0.37226734242786313,1.1365226366004706,0.10733404380526987
E0,c,L,ins,cluster Multi-Lane Maneuvers,42,0.2861763905911219,0.048152546791029184,0.6302622407514443,0.01876808406655179,0.7545384628426692,1.3919412902935275,0.2055951587805647
E0,c,L,ins,cluster Others,22,-0.16984476284547287,-0.5525787274042765,0.0,-0.6912112937710787,0.0,0.6287174013634506,-0.2701448416683612
E0,c,L,ins,cluster Pedestrian,52,0.07212602547728099,-0.013483604063858857,0.24489795918367346,-0.017403256408003873,0.32000899914857367,0.9236990431022998,0.07808390191142921
E0,c,L,ins,cluster Single-Lane Maneuvers,38,0.023660692337312196,-0.1162963404622703,0.19471240832982503,-0.1567464317660779,0.25507063288469506,0.8356722535462101,0.028313363566765632
E0,c,L,ins,cluster Special Vehicles,25,0.6843146133422852,0.08686594202898554,1.428697286797809,0.0,1.6844049762295135,1.4522340225793409,0.47121510906820707
E,a,L,oof,all,479,0.05211122731606096,-0.025447898677301586,0.13736755593784644,-0.045511751889037506,0.1695896377648129,1.0678815111702824,0.04879869795568677
E,a,L,oof,stopped,120,0.19938118265419413,-0.03644077427782609,0.45548747516327703,-0.09680886288057472,0.5540498723510096,1.3756505391859042,0.14493592447700115
E,a,L,oof,moving,359,-0.006659113114530389,-0.02584812015729332,0.014994776447614034,-0.03167386668593997,0.021750736507514565,0.9433390063297361,-0.007059088058320735
E,a,L,oof,turn,52,0.6264645596345265,0.24301757474562954,1.1617075035291287,0.15134695918337351,1.3160289428114795,2.4388325420599433,0.256870674320832
E,a,L,oof,straight,427,-0.046357439470638875,-0.09222646923556099,-0.012691227929665774,-0.11216696850517778,-0.007661639901138705,0.8679092909057665,-0.05341277015511538
E,a,L,oof,cluster Construction,15,-0.09703331788380941,-0.3789999485015869,0.05,-0.4869140337432633,0.0625,0.8593240592732693,-0.1129181905669795
E,a,L,oof,cluster Cut_ins,20,0.0,0.0,0.0,0.0,0.0,1.2230912838036063,0.0
E,a,L,oof,cluster Cyclist,71,-0.03982919706425197,-0.10811487881475537,0.0,-0.13206010880125407,0.0,1.0052250985544486,-0.03962216733498581
E,a,L,oof,cluster Foreign Object Debris,78,0.023569765763405044,-0.04688101414413679,0.13612421259257315,-0.06147266113804653,0.17286451883614048,1.2223880225862003,0.019281738145256536
E,a,L,oof,cluster Interections,116,-0.050647694489051556,-0.13817775806655055,0.0071455204957409915,-0.16767093122065732,0.013935735992672262,1.1365226366004706,-0.04456373578316688
E,a,L,oof,cluster Multi-Lane Maneuvers,42,0.10715226190430778,-0.12014474080880091,0.4439140130187488,-0.16514687378928294,0.5653894108308005,1.3919412902935275,0.07698044641071887
E,a,L,oof,cluster Others,22,-0.133321382782676,-0.43996056318283083,0.0,-0.5499507039785385,0.0,0.6287174013634506,-0.21205295494216045
E,a,L,oof,cluster Pedestrian,52,0.08653846153846154,0.0,0.2604166666666667,0.0,0.3333533653846151,0.9236990431022998,0.09368685848998698
E,a,L,oof,cluster Single-Lane Maneuvers,38,0.06468337617422405,-0.014797082150975862,0.21945298384225956,-0.021806409253793603,0.27492289026441363,0.8356722535462101,0.07740280462793571
E,a,L,oof,cluster Special Vehicles,25,0.56,0.0,1.3044314381270907,0.0,1.5653306159420275,1.4522340225793409,0.385612780924505
E,c,L,oof,all,479,0.07612710244291422,-0.026960607373157884,0.18240760545033163,-0.05534165102240613,0.2146575514187896,1.0678815111702824,0.0712879674819795
E,c,L,oof,stopped,120,0.1273322880788578,-0.15416086851373353,0.42309366183717606,-0.24864856162584506,0.5138583220066674,1.3756505391859042,0.09256150777523173
E,c,L,oof,moving,359,0.054158623358488256,-0.009237096195784306,0.12104269571306177,-0.029982819912335375,0.13674084390446695,0.9433390063297361,0.05741162296384209
E,c,L,oof,turn,52,0.8810192638901548,0.4399899296556105,1.4803057435959344,0.3133164240286165,1.6642638393206814,2.4388325420599433,0.3612463130191005
E,c,L,oof,straight,427,-0.04431058783638878,-0.12690615256158486,0.033550663584220625,-0.1449177420796961,0.05698554270493693,0.8679092909057665,-0.051054399694402876
E,c,L,oof,cluster Construction,15,-0.23746896559993427,-0.7115840031229891,0.1430256432631896,-0.8909704300682504,0.21145861549768585,0.8593240592732693,-0.2763439043016692
E,c,L,oof,cluster Cut_ins,20,0.1793141609057784,-0.00244651006704027,0.4531778215849772,-0.006727902684360743,0.5531040687825427,1.2230912838036063,0.1466073409894164
E,c,L,oof,cluster Cyclist,71,-0.05051144867033606,-0.16970861094985787,0.053258246905508,-0.2018321023285805,0.07970560509103732,1.0052250985544486,-0.05024889325084841
E,c,L,oof,cluster Foreign Object Debris,78,0.16021897328587678,-0.025488908288948234,0.3727888628305703,-0.06106372338711639,0.4411729569122825,1.2223880225862003,0.13107047052612827
E,c,L,oof,cluster Interections,116,0.047458604042386186,-0.18407973517630447,0.2694479794171365,-0.25546563360822244,0.3351594480566314,1.1365226366004706,0.041757728807182246
E,c,L,oof,cluster Multi-Lane Maneuvers,42,0.3520230920541854,0.07084994039732498,0.7136458657771384,0.021634307510896844,0.8316778742135297,1.3919412902935275,0.25290081881251764
E,c,L,oof,cluster Others,22,-0.1871968934481794,-0.45501497739359087,0.06816970200041694,-0.5372303556747889,0.14253903788451397,0.6287174013634506,-0.2977440946317377
E,c,L,oof,cluster Pedestrian,52,0.06979017790693504,-0.18092128607168295,0.3505086000520263,-0.2416085043576567,0.43293713768618164,0.9236990431022998,0.07555510469355955
E,c,L,oof,cluster Single-Lane Maneuvers,38,-0.14506807286096246,-0.46247473989693677,0.10167766193579254,-0.5741213910914916,0.15028949155448915,0.8356722535462101,-0.17359445912600308
E,c,L,oof,cluster Special Vehicles,25,0.5727113968133927,-0.01628997974611561,1.2578230631715133,-0.14385897464238181,1.4935571156890892,1.4522340225793409,0.3943657757006608
E,c,L,ins,all,479,0.1220497558704146,-0.04600438775574101,0.2861609522939901,-0.09174467053895684,0.3381929039305952,1.0678815111702824,0.11429147765341614
E,c,L,ins,stopped,120,0.04623827714036913,-0.35059967352730426,0.46802282431862513,-0.46911414736863116,0.5737471604659714,1.3756505391859042,0.033611935461263634
E,c,L,ins,moving,359,0.16016502416396258,0.04526912521403019,0.30698693408752653,0.021572847933097262,0.3551860910575629,0.9433390063297361,0.1697852236462893
E,c,L,ins,turn,52,1.2589286370155415,0.7543676044235124,2.0001380210406654,0.5856020678792753,2.2313333542904736,2.4388325420599433,0.5162013444154702
E,c,L,ins,straight,427,-0.037783748743741755,-0.19292269091745298,0.1171449282449007,-0.24169277353507734,0.16015877390832775,0.8679092909057665,-0.04353421393186138
E,c,L,ins,cluster Construction,15,-0.3598557631174723,-1.5079215439883145,0.7253688544034963,-1.9128437525814488,1.0405737907167463,0.8593240592732693,-0.41876607460729365
E,c,L,ins,cluster Cut_ins,20,0.15410917550325393,-0.007689031958580017,0.4224133218228818,-0.012815053264300028,0.5202295508209821,1.2230912838036063,0.12599973325294295
E,c,L,ins,cluster Cyclist,71,-0.023854789966848533,-0.20640822327872618,0.15052017194518288,-0.2522338361749559,0.20136311153696362,1.0052250985544486,-0.023730794228230687
E,c,L,ins,cluster Foreign Object Debris,78,0.24449026188216147,-0.013298015636734332,0.5261410308177252,-0.08277221532045154,0.6154449900491159,1.2223880225862003,0.20001035462119027
E,c,L,ins,cluster Interections,116,0.22121273061453267,-0.05378865933984242,0.5050275992209899,-0.12044233077272744,0.5852230417725259,1.1365226366004706,0.19463996887577795
E,c,L,ins,cluster Multi-Lane Maneuvers,42,0.44074390083551407,0.04450917776596151,0.9280197640604064,-0.05103782326368421,1.1003761954537428,1.3919412902935275,0.3166397203021196
E,c,L,ins,cluster Others,22,-0.22127509794451974,-0.6101789147518575,0.15523767536015903,-0.7475956464064835,0.27233270548635663,0.6287174013634506,-0.3519468324952636
E,c,L,ins,cluster Pedestrian,52,0.15442790621175215,-0.1768127698005766,0.5341490347673626,-0.25046439761062655,0.6445963270170614,0.9236990431022998,0.1671842223556891
E,c,L,ins,cluster Single-Lane Maneuvers,38,-0.10273406576169164,-0.5254621133165485,0.21492201594447646,-0.6843591923776975,0.2905011796898905,0.8356722535462101,-0.12293583438451539
E,c,L,ins,cluster Special Vehicles,25,0.713233300447464,-0.010292538886682844,1.5793240899935475,-0.19547412471224862,1.8649853202780422,1.4522340225793409,0.49112835077412426
C+E,a,L,oof,all,479,-0.016177148793993394,-0.10114755247721632,0.07163398895313772,-0.12716218718510247,0.09957605093127837,1.0678815111702824,-0.0151488237456841
C+E,a,L,oof,stopped,120,0.01596488606396609,-0.24417305526812522,0.28552488050981684,-0.32252902070499123,0.3980043854700589,1.3756505391859042,0.011605335518869454
C+E,a,L,oof,moving,359,-0.022216016518155652,-0.06135259228182993,0.007621831927588974,-0.07535905638916314,0.013169280701284784,0.9433390063297361,-0.023550405918856102
C+E,a,L,oof,turn,52,0.48195313530910927,0.10363833686060034,1.0531782657160422,0.017761130265966815,1.2618081311173797,2.4388325420599433,0.1976163295336509
C+E,a,L,oof,straight,427,-0.08502013472302214,-0.15426248057286437,-0.026055302033998567,-0.17504263100842476,-0.013796793677625482,0.8679092909057665,-0.09795970110458609
C+E,a,L,oof,cluster Construction,15,-0.26201993425687153,-0.7392711370870346,0.07295385003089905,-0.9092180534693247,0.11721573611721396,0.8593240592732693,-0.3049139977280072
C+E,a,L,oof,cluster Cut_ins,20,0.0,0.0,0.0,0.0,0.0,1.2230912838036063,0.0
C+E,a,L,oof,cluster Cyclist,71,-0.18952000009971606,-0.3797452328091263,-0.029838480505374965,-0.4344477873225067,-0.0006191606649045052,1.0052250985544486,-0.1885348867355709
C+E,a,L,oof,cluster Foreign Object Debris,78,0.058648947244271256,-0.07940467852839662,0.2208579160812262,-0.1142570432147308,0.2795980171342764,1.2223880225862003,0.04797899370789643
C+E,a,L,oof,cluster Interections,116,0.00029387106669360194,-0.12709671247493606,0.12342501145738792,-0.16636222022959068,0.1613780738929882,1.1365226366004706,0.0002585703594717827
C+E,a,L,oof,cluster Multi-Lane Maneuvers,42,0.11905702380906968,-0.10033652046893504,0.4551970454224317,-0.1425761638469055,0.5834989914907978,1.3919412902935275,0.08553307861423047
C+E,a,L,oof,cluster Others,22,-0.17877592823722147,-0.4888450702031453,0.0,-0.5866140842437744,0.0,0.6287174013634506,-0.284350214976592
C+E,a,L,oof,cluster Pedestrian,52,0.058908213216524855,-0.15121233528686892,0.32824828541413054,-0.20911298593692226,0.4145685735486802,0.9236990431022998,0.06377424947705695
C+E,a,L,oof,cluster Single-Lane Maneuvers,38,-0.12836368068268425,-0.385490761641413,0.011283882566400477,-0.47932162169462594,0.016928762360685672,0.8356722535462101,-0.15360529219196595
C+E,a,L,oof,cluster Special Vehicles,25,0.36,0.0,0.9583333333333334,0.0,1.1363636363636365,1.4522340225793409,0.24789393059432463
C+E,c,L,oof,all,479,0.032281914852587516,-0.0699973088322599,0.13730577967752855,-0.09939268430413285,0.17289859628581236,1.0678815111702824,0.03022986587454823
C+E,c,L,oof,stopped,120,0.13122294941848076,-0.12746904120272123,0.42118526185852667,-0.21340375458296187,0.4995763809673813,1.3756505391859042,0.09538974156629716
C+E,c,L,oof,moving,359,0.010044861200907218,-0.0700320169136317,0.08948070146107838,-0.0895845662853644,0.11285521402760762,0.9433390063297361,0.010648198721251778
C+E,c,L,oof,turn,52,0.7571398699158886,0.3311468092998194,1.343712632458559,0.18506703518113896,1.5139088486131198,2.4388325420599433,0.3104517661046033
C+E,c,L,oof,straight,427,-0.07906175707303761,-0.1624074938847883,0.0018977373622126902,-0.18396909323211072,0.021154926324298953,0.8679092909057665,-0.09109449328572952
C+E,c,L,oof,cluster Construction,15,-0.12304784829417864,-0.6908379538849528,0.415035430341959,-0.9009942371211946,0.5576661989903254,0.8593240592732693,-0.1431914386270533
C+E,c,L,oof,cluster Cut_ins,20,-0.010835388116538525,-0.23461002530530095,0.26194114350713804,-0.29682795965256026,0.34148317670981787,1.2230912838036063,-0.008859018341494763
C+E,c,L,oof,cluster Cyclist,71,-0.019747457506371215,-0.13423766800180773,0.09042170828414849,-0.17489617649632105,0.12434073776512922,1.0052250985544486,-0.019644811430562965
C+E,c,L,oof,cluster Foreign Object Debris,78,0.15094747031346345,-0.05203247144148052,0.3738080641129211,-0.11564068372880888,0.45004805586743785,1.2223880225862003,0.1234857242744449
C+E,c,L,oof,cluster Interections,116,-0.01683792905432397,-0.24821102239688236,0.2102103126550637,-0.3164018628220373,0.2651287518032509,1.1365226366004706,-0.014815304607296723
C+E,c,L,oof,cluster Multi-Lane Maneuvers,42,0.21766637886563936,-0.05993819723685159,0.5775805696417435,-0.12711158786402194,0.7066028577309668,1.3919412902935275,0.1563761204466739
C+E,c,L,oof,cluster Others,22,-0.1942964792251587,-0.4348175553354974,0.004255936757633207,-0.5135812638399787,0.046921752510592336,0.6287174013634506,-0.3090362678109482
C+E,c,L,oof,cluster Pedestrian,52,-0.036147691282586984,-0.2571922190979297,0.17255734094277853,-0.325256773031956,0.22862208585573013,0.9236990431022998,-0.039133624260541344
C+E,c,L,oof,cluster Single-Lane Maneuvers,38,-0.020530252227265584,-0.4113033159699683,0.25249858051936735,-0.5538680664052656,0.32018338813583036,0.8356722535462101,-0.024567349388644414
C+E,c,L,oof,cluster Special Vehicles,25,0.37564834505319594,-0.10135977498441935,0.9749068616237492,-0.19026343126781284,1.1731698701014595,1.4522340225793409,0.25866929104580516
C+E,c,L,ins,all,479,0.14431439727515594,0.036278333481563736,0.2625935077474674,-0.0038302876174807696,0.2974302474475554,1.0678815111702824,0.13514083329058016
C+E,c,L,ins,stopped,120,0.2556865777344832,-0.04194781545235018,0.5768764604010367,-0.12026294476867755,0.6619163659835187,1.3756505391859042,0.1858659379334783
C+E,c,L,ins,moving,359,0.11809040868498191,0.03456446100321754,0.20652760616402602,0.006688805710905171,0.23473263328618968,0.9433390063297361,0.12518342599278082
C+E,c,L,ins,turn,52,1.3340635139095547,0.8471843395819738,2.042208724208781,0.6899880413826757,2.2376120966610453,2.4388325420599433,0.5470090672083402
C+E,c,L,ins,straight,427,-0.02702342974513191,-0.09947793822518262,0.038568727358993984,-0.12659934813807716,0.05702862598513039,0.8679092909057665,-0.031136237425145832
C+E,c,L,ins,cluster Construction,15,-0.28914246559143064,-0.7636721319427677,0.03333333333333333,-0.9327711520533936,0.05555555555555555,0.8593240592732693,-0.3364766323847124
C+E,c,L,ins,cluster Cut_ins,20,0.15410917550325393,-0.007689031958580017,0.4224133218228818,-0.012815053264300028,0.5202295508209821,1.2230912838036063,0.12599973325294295
C+E,c,L,ins,cluster Cyclist,71,0.09258681157944908,0.00020461799410145782,0.21623331131836085,-0.012964509254262083,0.2525221624150158,1.0052250985544486,0.09210555099807236
C+E,c,L,ins,cluster Foreign Object Debris,78,0.3054467618274383,0.08016715217168185,0.5628842580823396,0.03362500498021942,0.64195376321183,1.2223880225862003,0.24987708991225724
C+E,c,L,ins,cluster Interections,116,0.18714924297969918,-0.053231103593248674,0.43588983416195637,-0.11329077071126678,0.5069689460554216,1.1365226366004706,0.16466829340020353
C+E,c,L,ins,cluster Multi-Lane Maneuvers,42,0.3826955716524805,0.017306475734720148,0.8222573060169818,-0.08554723525844525,0.9581531231191976,1.3919412902935275,0.27493657550152784
C+E,c,L,ins,cluster Others,22,-0.12591958858750082,-0.4387261455257734,0.06147125520204243,-0.547701471708715,0.09220688280306365,0.6287174013634506,-0.20028010726986212
C+E,c,L,ins,cluster Pedestrian,52,0.07200716235316716,-0.17862751267173074,0.32456730351171326,-0.25919570821940024,0.40376330797407445,0.9236990431022998,0.07795522025369507
C+E,c,L,ins,cluster Single-Lane Maneuvers,38,-0.009021999412461332,-0.4509967518642872,0.32317359596925044,-0.5998136822710529,0.39518146072255633,0.8356722535462101,-0.010796097841200423
C+E,c,L,ins,cluster Special Vehicles,25,0.673233300447464,0.06626796837036426,1.428697286797809,-0.016302414018633388,1.6816696201603645,1.4522340225793409,0.46358458070808817
Q1+E,a,L,oof,all,479,0.05580387208203119,-0.020930564330090103,0.1414063690014048,-0.04106212860431302,0.17227621718915678,1.0678815111702824,0.052256614145211856
Q1+E,a,L,oof,stopped,120,0.19847678766048774,-0.03712051608876987,0.4546774084323351,-0.09681413851803801,0.5522402127530259,1.3756505391859042,0.14427849370665333
Q1+E,a,L,oof,moving,359,-0.0013931554968738976,-0.01767984409876635,0.017776983307189305,-0.020953968597307072,0.026261805882691825,0.9433390063297361,-0.0014768344015522793
Q1+E,a,L,oof,turn,52,0.6264645596345265,0.24301757474562954,1.1617075035291287,0.15134695918337351,1.3160289428114795,2.4388325420599433,0.256870674320832
Q1+E,a,L,oof,straight,427,-0.04230422118132932,-0.08706222013117132,-0.009283112484056976,-0.10563374108598578,-0.005558960248544956,0.8679092909057665,-0.048742675789516944
Q1+E,a,L,oof,cluster Construction,15,-0.09703331788380941,-0.3789999485015869,0.05,-0.4869140337432633,0.0625,0.8593240592732693,-0.1129181905669795
Q1+E,a,L,oof,cluster Cut_ins,20,0.0,0.0,0.0,0.0,0.0,1.2230912838036063,0.0
Q1+E,a,L,oof,cluster Cyclist,71,-0.03592456226617518,-0.10291977987793992,0.0,-0.12374608199913185,0.0,1.0052250985544486,-0.03573782858967215
Q1+E,a,L,oof,cluster Foreign Object Debris,78,0.022108820004340928,-0.04840745384920969,0.1345334927757065,-0.06259084286789099,0.17133964171221375,1.2223880225862003,0.01808658101669338
Q1+E,a,L,oof,cluster Interections,116,-0.0161649358683619,-0.052492107310584034,0.011855960406106094,-0.0636473161810602,0.016837562011953935,1.1365226366004706,-0.014223153457562384
Q1+E,a,L,oof,cluster Multi-Lane Maneuvers,42,0.10715226190430778,-0.12014474080880091,0.4439140130187488,-0.16514687378928294,0.5653894108308005,1.3919412902935275,0.07698044641071887
Q1+E,a,L,oof,cluster Others,22,-0.133321382782676,-0.43996056318283083,0.0,-0.5499507039785385,0.0,0.6287174013634506,-0.21205295494216045
Q1+E,a,L,oof,cluster Pedestrian,52,0.08653846153846154,0.0,0.2604166666666667,0.0,0.3333533653846151,0.9236990431022998,0.09368685848998698
Q1+E,a,L,oof,cluster Single-Lane Maneuvers,38,0.06468337617422405,-0.014797082150975862,0.21945298384225956,-0.021806409253793603,0.27492289026441363,0.8356722535462101,0.07740280462793571
Q1+E,a,L,oof,cluster Special Vehicles,25,0.56,0.0,1.3044314381270907,0.0,1.5653306159420275,1.4522340225793409,0.385612780924505
Q1+E,c,L,oof,all,479,0.060974836852347634,-0.04595351875815788,0.17212246743280585,-0.07813408462183029,0.2062110677651442,1.0678815111702824,0.05709887868133031
Q1+E,c,L,oof,stopped,120,0.12456341579424704,-0.1544514814212679,0.4242060032250149,-0.2469205865005045,0.5022003616993498,1.3756505391859042,0.09054873475931059
Q1+E,c,L,oof,moving,359,0.03115318467092244,-0.04772427740094405,0.11676609112522186,-0.07239144233373575,0.13831120451393542,0.9433390063297361,0.03302437878841735
Q1+E,c,L,oof,turn,52,0.8527277796553872,0.4024970752822368,1.4689115632849943,0.2663287603976842,1.6326504265225557,2.4388325420599433,0.349645892019768
Q1+E,c,L,oof,straight,427,-0.06413017603669872,-0.15188309329632688,0.021756099740489282,-0.17254839550132783,0.04430532087475357,0.8679092909057665,-0.07389041309809147
Q1+E,c,L,oof,cluster Construction,15,-0.2006629173954328,-0.7159822741413817,0.2620860825831953,-0.9134753608440933,0.4002108745152197,0.8593240592732693,-0.23351250931474385
Q1+E,c,L,oof,cluster Cut_ins,20,0.08326973516959697,-0.08950766186051837,0.32392639792762407,-0.12531915904041133,0.4137274356783903,1.2230912838036063,0.06808137403337731
Q1+E,c,L,oof,cluster Cyclist,71,-0.16022163518035495,-0.328953030619916,-0.01512307022417669,-0.3768875742124584,0.02549709871456321,1.0052250985544486,-0.15938881292434864
Q1+E,c,L,oof,cluster Foreign Object Debris,78,0.19288923963326035,0.015835713006461777,0.4014282514237258,-0.020500803699492108,0.47388501449580284,1.2223880225862003,0.1577970628550217
Q1+E,c,L,oof,cluster Interections,116,0.022033653896430444,-0.21425939162677743,0.2436181077727564,-0.2809482060586927,0.3080277148505693,1.1365226366004706,0.019386902809377198
Q1+E,c,L,oof,cluster Multi-Lane Maneuvers,42,0.31952956194678944,0.00038939394160277923,0.7047389580665724,-0.06305491723549529,0.8182317699123676,1.3919412902935275,0.22955678100432542
Q1+E,c,L,oof,cluster Others,22,-0.3150153134695508,-0.6453834904513012,-0.012299570912495226,-0.7593204665157542,0.08524726744544575,0.6287174013634506,-0.5010443687201939
Q1+E,c,L,oof,cluster Pedestrian,52,0.07491962636749332,-0.14694755386807165,0.3293445533692755,-0.19285977555529982,0.4101235669867422,0.9236990431022998,0.08110826456620672
Q1+E,c,L,oof,cluster Single-Lane Maneuvers,38,-0.023360539423791987,-0.30849605129478064,0.21159077408649626,-0.40512784707261534,0.27565969877949775,0.8356722535462101,-0.027954188169656898
Q1+E,c,L,oof,cluster Special Vehicles,25,0.6163669569790363,0.008210339103453231,1.3515575102796513,-0.11198636340823383,1.5716502040634421,1.4522340225793409,0.4244267434833231
Q1+E,c,L,ins,all,479,0.2384854145009478,0.10225572352913401,0.3834419755454537,0.06243124212237629,0.4217433444967714,1.0678815111702824,0.22332572669002726
Q1+E,c,L,ins,stopped,120,0.3543822191440873,0.01910104132425105,0.6900074106550332,-0.06859011417605543,0.7831501730740231,1.3756505391859042,0.25761064241926374
Q1+E,c,L,ins,moving,359,0.1759479697078672,0.03562275898238916,0.33713725626569185,-0.002254206564780555,0.37943303918548793,0.9433390063297361,0.18651616070921387
Q1+E,c,L,ins,turn,52,1.3308241981054338,0.8130848502812854,2.0743767019127572,0.6398048748913705,2.2611390781693483,2.4388325420599433,0.5456808432535357
Q1+E,c,L,ins,straight,427,0.07944969510237526,-0.03703112112893587,0.2070305854161474,-0.06789097356846908,0.2515243653692137,0.8679092909057665,0.09154147321024765
Q1+E,c,L,ins,cluster Construction,15,0.295953369140625,-0.046875,1.0142890082465277,-0.0625,1.3041877217653406,0.8593240592732693,0.3444025172423461
Q1+E,c,L,ins,cluster Cut_ins,20,0.07291157394647599,-0.20299400389194489,0.3925588781183416,-0.29581717188127726,0.4986600875854492,1.2230912838036063,0.05961253662092446
Q1+E,c,L,ins,cluster Cyclist,71,-0.08187207910166659,-0.31000546341556995,0.12308494217304725,-0.3851372786298049,0.17990300409352467,1.0052250985544486,-0.081446513044095
Q1+E,c,L,ins,cluster Foreign Object Debris,78,0.38335476863460666,0.13087580736515503,0.6704984905122464,0.07568776525382419,0.769974590694309,1.2223880225862003,0.31361135871042395
Q1+E,c,L,ins,cluster Interections,116,0.3051943221803883,0.03609649828204659,0.5744337240547607,-0.03381051160015954,0.6514058798954501,1.1365226366004706,0.2685334302652128
Q1+E,c,L,ins,cluster Multi-Lane Maneuvers,42,0.6053489230218387,0.2047653502082516,1.0874179648705153,0.1186285757439454,1.2448080719793975,1.3919412902935275,0.4348954422454017
Q1+E,c,L,ins,cluster Others,22,-0.2481977181001143,-0.7264290670864284,0.18899888558136796,-0.8968840033518416,0.34504254426557607,0.6287174013634506,-0.39476832923960303
Q1+E,c,L,ins,cluster Pedestrian,52,0.25066262096739733,-0.11827225387265736,0.6468348937043845,-0.21317463944082116,0.7651797855070859,0.9236990431022998,0.2713682804363763
Q1+E,c,L,ins,cluster Single-Lane Maneuvers,38,0.11923300396454961,-0.34694355025110557,0.5334866901487113,-0.5217341412106005,0.6521362142084933,0.8356722535462101,0.14267914658956232
Q1+E,c,L,ins,cluster Special Vehicles,25,0.6822653603553772,-0.041339047035496464,1.553693919888859,-0.2164581489478206,1.825319458584746,1.4522340225793409,0.46980400524124377
QV+E,a,L,oof,all,479,0.044016557975972447,-0.029130896322941538,0.12927194809520975,-0.04809347390391364,0.15467414909350752,1.0678815111702824,0.04121857857407332
QV+E,a,L,oof,stopped,120,0.16789007323615027,-0.06546337840650536,0.4293856713859759,-0.12592565993552424,0.5196350915318159,1.3756505391859042,0.12204412999794692
QV+E,a,L,oof,moving,359,-0.00875298544829026,-0.020401818600185594,-0.000399171735216341,-0.024182688815560655,0.0002151457543862109,0.9433390063297361,-0.009278727360533557
QV+E,a,L,oof,turn,52,0.44203096155566396,0.11260484729928001,0.9387646413523797,0.04915681246787596,1.1107347662143763,2.4388325420599433,0.18124695071614286
QV+E,a,L,oof,straight,427,-0.020081538548034426,-0.07795651919071728,0.042856651224957625,-0.09592806791744102,0.06260492022434033,0.8679092909057665,-0.023137831059599503
QV+E,a,L,oof,cluster Construction,15,-0.09703331788380941,-0.3789999485015869,0.05,-0.4869140337432633,0.0625,0.8593240592732693,-0.1129181905669795
QV+E,a,L,oof,cluster Cut_ins,20,0.0,0.0,0.0,0.0,0.0,1.2230912838036063,0.0
QV+E,a,L,oof,cluster Cyclist,71,-0.03592456226617518,-0.10291977987793992,0.0,-0.12374608199913185,0.0,1.0052250985544486,-0.03573782858967215
QV+E,a,L,oof,cluster Foreign Object Debris,78,-0.003842119223032242,-0.10065893793693731,0.11735952721373304,-0.12242935343897544,0.16148004326219614,1.2223880225862003,-0.003143125711346132
QV+E,a,L,oof,cluster Interections,116,0.0046574391167739345,-0.02383540911672132,0.030366023683338128,-0.03251254713823979,0.03818508795080466,1.1365226366004706,0.004097973033520137
QV+E,a,L,oof,cluster Multi-Lane Maneuvers,42,0.10715226190430778,-0.12014474080880091,0.4439140130187488,-0.16514687378928294,0.5653894108308005,1.3919412902935275,0.07698044641071887
QV+E,a,L,oof,cluster Others,22,0.06074988842010498,-0.366633802652359,0.5809519712937707,-0.5057292805551769,0.7597679947743868,0.6287174013634506,0.0966251105637627
QV+E,a,L,oof,cluster Pedestrian,52,0.08653846153846154,0.0,0.2604166666666667,0.0,0.3333533653846151,0.9236990431022998,0.09368685848998698
QV+E,a,L,oof,cluster Single-Lane Maneuvers,38,-0.0021324718469067625,-0.0190107157597175,0.011864669620990753,-0.025350096366571213,0.017037366598656768,0.8356722535462101,-0.002551804056982303
QV+E,a,L,oof,cluster Special Vehicles,25,0.32,0.0,0.9090909090909091,0.0,1.0909090909090908,1.4522340225793409,0.22035016052828857
QV+E,c,L,oof,all,479,0.0505383450119415,-0.05309237497405618,0.16293319060440237,-0.08242412435503743,0.19046739981656385,1.0678815111702824,0.04732579830561628
QV+E,c,L,oof,stopped,120,0.13395857699074773,-0.15207527588570516,0.44349797525677087,-0.23834608812373617,0.5266465884830668,1.3756505391859042,0.09737834804326326
QV+E,c,L,oof,moving,359,0.012606341689790584,-0.06011232427876526,0.08499860013240351,-0.08183865000627505,0.10963513004820206,0.9433390063297361,0.013363532733410734
QV+E,c,L,oof,turn,52,0.8579883787474591,0.3828634923802174,1.4887565871492692,0.24890835547837156,1.6606533704532187,2.4388325420599433,0.3518029073134989
QV+E,c,L,oof,straight,427,-0.08067701155819215,-0.16048474151228861,-0.005503460512860144,-0.18389910851223631,0.016214894086612867,0.8679092909057665,-0.09295558003993262
QV+E,c,L,oof,cluster Construction,15,-0.29729698921243347,-0.766005246110224,0.07200218850844792,-0.9520094148497181,0.14833412834628046,0.8593240592732693,-0.3459660951002089
QV+E,c,L,oof,cluster Cut_ins,20,0.07618516781367361,-0.09564088137914278,0.3016299746609626,-0.13840694625645744,0.38296849552136664,1.2230912838036063,0.06228902848260898
QV+E,c,L,oof,cluster Cyclist,71,-0.10972223401358219,-0.25503377827386126,0.01779564393069769,-0.3041342389263854,0.053236718604323885,1.0052250985544486,-0.1091519045548772
QV+E,c,L,oof,cluster Foreign Object Debris,78,0.16755412860463062,0.006046044547858951,0.35590009199079264,-0.02777397682150227,0.41447597440361,1.2223880225862003,0.13707114722061592
QV+E,c,L,oof,cluster Interections,116,0.02677437720884537,-0.19438421793166394,0.23519229829460395,-0.2579808927628449,0.29649561985763956,1.1365226366004706,0.023558155681731086
QV+E,c,L,oof,cluster Multi-Lane Maneuvers,42,0.2728247454478627,0.009582050836440204,0.6178427842180318,-0.04045701334195179,0.7523355004775095,1.3919412902935275,0.1960030551219085
QV+E,c,L,oof,cluster Others,22,-0.3176719153469259,-0.6860966114061219,0.01983950523245669,-0.7797267459044676,0.1350468547061155,0.6287174013634506,-0.5052697995283978
QV+E,c,L,oof,cluster Pedestrian,52,0.06446030583734122,-0.17724304753575576,0.3302152582376248,-0.24202000118766961,0.4016553295352975,0.9236990431022998,0.06978496548058266
QV+E,c,L,oof,cluster Single-Lane Maneuvers,38,-0.012480861948508965,-0.2755663104153847,0.20832144788507495,-0.3719988962087055,0.27139937644509676,0.8356722535462101,-0.014935115884900936
QV+E,c,L,oof,cluster Special Vehicles,25,0.6347567257285118,-0.008607468732322253,1.421949382200837,-0.13675986575407853,1.6747137536115613,1.4522340225793409,0.4370898325334013
QV+E,c,L,ins,all,479,0.26972103482496484,0.1443411435877106,0.4132062095353164,0.11330007144771367,0.4491043771248225,1.0678815111702824,0.25257580733781954
QV+E,c,L,ins,stopped,120,0.4631284886416347,0.19366537751262075,0.7538261658158534,0.12046294330244049,0.8530000157729835,1.3756505391859042,0.3366614379519012
QV+E,c,L,ins,moving,359,0.20644004492976636,0.0897642702813656,0.3587654467909162,0.06354060707422744,0.4097081837192753,0.9433390063297361,0.21883972097471713
QV+E,c,L,ins,turn,52,1.3233366206524864,0.8958633562627059,1.993363909104548,0.7589438505811208,2.1832601916877183,2.4388325420599433,0.5426106950068573
QV+E,c,L,ins,straight,427,0.10816681262372689,0.005271829821298064,0.2273972201329242,-0.01771440926448933,0.2630707322932009,0.8679092909057665,0.12462916776803018
QV+E,c,L,ins,cluster Construction,15,0.006811324755350749,-0.6991802056630453,0.8355559298866674,-0.8625341355800629,1.1723251342773438,0.8593240592732693,0.00792637501748885
QV+E,c,L,ins,cluster Cut_ins,20,0.05108034927397966,0.0,0.16906744283106592,0.0,0.21894395027590488,1.2230912838036063,0.0417633172195688
QV+E,c,L,ins,cluster Cyclist,71,-0.05107893527183734,-0.16559632231821547,0.03543812835118059,-0.19829986877731878,0.05083829587997916,1.0052250985544486,-0.05081343009171853
QV+E,c,L,ins,cluster Foreign Object Debris,78,0.43714002615366226,0.17749797674428142,0.7451107912733231,0.11322761271209851,0.8300617485850424,1.2223880225862003,0.3576115096651612
QV+E,c,L,ins,cluster Interections,116,0.34422836635775605,0.07099326054613178,0.6353441099100249,0.00615774476212756,0.7106977371870152,1.1365226366004706,0.3028785835602894
QV+E,c,L,ins,cluster Multi-Lane Maneuvers,42,0.6120291380655198,0.16212113760294666,1.158983479759725,0.08212634096532939,1.3151669970181743,1.3919412902935275,0.4396946497193552
QV+E,c,L,ins,cluster Others,22,0.05770763483914462,-0.13043478260869565,0.3231308746337891,-0.17391304347826086,0.4126487211747603,0.6287174013634506,0.09178628540262852
QV+E,c,L,ins,cluster Pedestrian,52,0.1494367542461707,-0.0015513743710009317,0.3641109149976585,-0.022255893737455876,0.43840888910839315,0.9236990431022998,0.16178078277993904
QV+E,c,L,ins,cluster Single-Lane Maneuvers,38,0.1855410764876165,0.02349188704538059,0.3872532388630687,0.0006117425156602021,0.46351076644616546,0.8356722535462101,0.22202613010096386
QV+E,c,L,ins,cluster Special Vehicles,25,0.9043146133422851,0.2419280752058952,1.7262310761760398,0.08333333333333333,1.9510172061622137,1.4522340225793409,0.6227058444314054
Q1+C+E,a,L,oof,all,479,0.037760948155775055,-0.04679010485338505,0.13259871778603263,-0.07033418290206259,0.16265851789036923,1.0678815111702824,0.03536061609905873
Q1+C+E,a,L,oof,stopped,120,0.21611916719495633,-0.04347897959456957,0.4982282470888684,-0.1051506159751667,0.5877933525853325,1.3756505391859042,0.15710324754632338
Q1+C+E,a,L,oof,moving,359,-0.02855985877031726,-0.07646294248432156,0.014656762605866213,-0.09014075508571237,0.02610791868503751,0.9433390063297361,-0.03027528659228833
Q1+C+E,a,L,oof,turn,52,0.5624217548497656,0.16636430091482743,1.13334484136826,0.09343123829086322,1.3106945589172752,2.4388325420599433,0.2306110588366678
Q1+C+E,a,L,oof,straight,427,-0.03539000274660663,-0.10158627271427276,0.035858456100913316,-0.12240762825833461,0.057685460338118104,0.8679092909057665,-0.040776153818647284
Q1+C+E,a,L,oof,cluster Construction,15,-0.08036665121714275,-0.36546423605510164,0.1,-0.47374993562698364,0.125,0.8593240592732693,-0.09352310150039189
Q1+C+E,a,L,oof,cluster Cut_ins,20,0.0,0.0,0.0,0.0,0.0,1.2230912838036063,0.0
Q1+C+E,a,L,oof,cluster Cyclist,71,-0.12950897841176517,-0.30132902782622717,0.023141275360580294,-0.3475220879048545,0.05300221195359798,1.0052250985544486,-0.12883579866639217
Q1+C+E,a,L,oof,cluster Foreign Object Debris,78,0.03889843305716148,-0.19437826551950538,0.2632600267233478,-0.26571019797842593,0.3222890955981154,1.2223880225862003,0.03182167391894454
Q1+C+E,a,L,oof,cluster Interections,116,0.01498927034694573,-0.10153015024747926,0.132353972411276,-0.13978233589094224,0.16559619902670747,1.1365226366004706,0.013188712537905224
Q1+C+E,a,L,oof,cluster Multi-Lane Maneuvers,42,0.16519425028846377,-0.05930784556364256,0.4969771375661934,-0.10111675751775434,0.6309731397600983,1.3919412902935275,0.11867903584757386
Q1+C+E,a,L,oof,cluster Others,22,0.07125723361968994,-0.37109323042329,0.6099382809230259,-0.5157595406283535,0.8006614990549444,0.6287174013634506,0.11333746046341316
Q1+C+E,a,L,oof,cluster Pedestrian,52,0.058908213216524855,-0.15121233528686892,0.32824828541413054,-0.20911298593692226,0.4145685735486802,0.9236990431022998,0.06377424947705695
Q1+C+E,a,L,oof,cluster Single-Lane Maneuvers,38,-0.09997843676491787,-0.36891991379478617,0.06775742612387005,-0.4631534786702345,0.09568526761399375,0.8356722535462101,-0.11963833469479834
Q1+C+E,a,L,oof,cluster Special Vehicles,25,0.33821614742279055,-0.0236781006274016,0.9448534589793002,-0.05445963144302368,1.1304528985507243,1.4522340225793409,0.23289369493084752
Q1+C+E,c,L,oof,all,479,0.0562820385030212,-0.041035152549684255,0.16083455278976766,-0.06725543686024575,0.19124618416817799,1.0678815111702824,0.0527043851909583
Q1+C+E,c,L,oof,stopped,120,0.1448033072834184,-0.1040093331191264,0.4182998196235572,-0.1785279447161607,0.500710772488237,1.3756505391859042,0.10526169485537475
Q1+C+E,c,L,oof,moving,359,0.025557196880626843,-0.045683353285417796,0.09848457526198728,-0.06399200900140853,0.1197434335426351,0.9433390063297361,0.027092271928903514
Q1+C+E,c,L,oof,turn,52,0.8600040413966082,0.37792520770457544,1.5006461473192405,0.241607280792881,1.6892802438286705,2.4388325420599433,0.35262939400923843
Q1+C+E,c,L,oof,straight,427,-0.0691930409000697,-0.13868980920663748,-0.001554259451705101,-0.15846021509286426,0.015650598145890704,0.8679092909057665,-0.07972381633091925
Q1+C+E,c,L,oof,cluster Construction,15,-0.2781567978362242,-0.6743497895986019,0.03685836916789419,-0.815953858398081,0.08820874666715794,0.8593240592732693,-0.3236925521106223
Q1+C+E,c,L,oof,cluster Cut_ins,20,-0.024432468879967927,-0.2340184092652757,0.2278182950732299,-0.28926581400736073,0.29848273737684794,1.2230912838036063,-0.01997599786991131
Q1+C+E,c,L,oof,cluster Cyclist,71,-0.06598999965148912,-0.2299102286840425,0.08509201360220242,-0.2814198507506515,0.12573979687406406,1.0052250985544486,-0.06564698767110493
Q1+C+E,c,L,oof,cluster Foreign Object Debris,78,0.16812507015390274,-0.060558302938551085,0.40845432309282914,-0.1136024391950729,0.48434545548759556,1.2223880225862003,0.13753821785508122
Q1+C+E,c,L,oof,cluster Interections,116,0.04325971614312509,-0.17501261685138023,0.24713327568926868,-0.23330348287982977,0.3143341459452028,1.1365226366004706,0.03806322439166029
Q1+C+E,c,L,oof,cluster Multi-Lane Maneuvers,42,0.1557473222769442,-0.17023775202747676,0.5317870022172321,-0.2658199499475969,0.6528151217113601,1.3919412902935275,0.11189216338578531
Q1+C+E,c,L,oof,cluster Others,22,-0.10758792033249681,-0.2617683440894605,0.019069116555242686,-0.31506714817934806,0.04621196354057791,0.6287174013634506,-0.171122860762529
Q1+C+E,c,L,oof,cluster Pedestrian,52,0.04782038559474481,-0.163976340261288,0.2691146146906563,-0.21923365479036636,0.32449847889014993,0.9236990431022998,0.051770526289750304
Q1+C+E,c,L,oof,cluster Single-Lane Maneuvers,38,0.03921460958295747,-0.30525683333702613,0.32314584358030113,-0.44558959397703135,0.4047140995640879,0.8356722535462101,0.04692582458798726
Q1+C+E,c,L,oof,cluster Special Vehicles,25,0.5848204679787159,0.028272791795263236,1.2828971175398067,-0.0666224808484794,1.5237202152255032,1.4522340225793409,0.402704012497934
Q1+C+E,c,L,ins,all,479,0.19925378677537267,0.10292719142917756,0.31212691431390466,0.07954791714991796,0.35113253318467363,1.0678815111702824,0.18658791700308783
Q1+C+E,c,L,ins,stopped,120,0.2832548638094936,0.006488467818880436,0.5840863336655409,-0.0662231162338752,0.6637068696200185,1.3756505391859042,0.20590611913482104
Q1+C+E,c,L,ins,moving,359,0.16113295442799797,0.0908814943242826,0.24491265121314942,0.07652634753798152,0.27553576203513197,0.9433390063297361,0.17081129196058634
Q1+C+E,c,L,ins,turn,52,1.3653529529576693,0.9365846904278676,2.063356435662861,0.826325840391247,2.2495187413654527,2.4388325420599433,0.5598387463718331
Q1+C+E,c,L,ins,straight,427,0.02365119603299002,-0.04418112172782639,0.08566484606811946,-0.06282783675948367,0.1016982456754686,0.8679092909057665,0.027250769499548952
Q1+C+E,c,L,ins,cluster Construction,15,-0.2322921593983968,-0.6650925505906343,0.03333333333333333,-0.867504934797644,0.05555555555555555,0.8593240592732693,-0.2703196272601123
Q1+C+E,c,L,ins,cluster Cut_ins,20,0.10410917550325394,-0.010485043579881842,0.3598456382751465,-0.014645775159200033,0.45050237086370465,1.2230912838036063,0.08511971010004427
Q1+C+E,c,L,ins,cluster Cyclist,71,0.09779092333686183,0.007058260600118862,0.2183604582582383,-1.4546801909226261e-06,0.25803162498455945,1.0052250985544486,0.09728261210099991
Q1+C+E,c,L,ins,cluster Foreign Object Debris,78,0.43458979968459177,0.17127299951718133,0.7421173626178643,0.11879254822550246,0.8132709898985921,1.2223880225862003,0.3555252437479977
Q1+C+E,c,L,ins,cluster Interections,116,0.22926361579447985,0.019530313510084406,0.45654689389040404,-0.035520763740036564,0.5371167453194025,1.1365226366004706,0.20172375666906706
Q1+C+E,c,L,ins,cluster Multi-Lane Maneuvers,42,0.31990300828502294,-0.06988628469407558,0.7810417823591516,-0.1920522079663351,0.8917378312124244,1.3919412902935275,0.22982507273533279
Q1+C+E,c,L,ins,cluster Others,22,0.0,0.0,0.0,0.0,0.0,0.6287174013634506,0.0
Q1+C+E,c,L,ins,cluster Pedestrian,52,0.19756958490380874,-0.005093399904585968,0.4487062240184332,-0.0249952969433895,0.5227572933900881,0.9236990431022998,0.21388956325023267
Q1+C+E,c,L,ins,cluster Single-Lane Maneuvers,38,0.11728930630181965,-0.0703742877777236,0.3465932270454276,-0.11161297992639009,0.406313328270934,0.8356722535462101,0.14035323753313286
Q1+C+E,c,L,ins,cluster Special Vehicles,25,0.7243146133422852,0.12490530303030306,1.4738576889038086,0.0,1.700007761842326,1.4522340225793409,0.49875887913424316
QV+C+E,a,L,oof,all,479,0.01894792059656287,-0.0647343840347749,0.11363041022105667,-0.08842888329344437,0.14050458675026653,1.0678815111702824,0.017743467227743275
QV+C+E,a,L,oof,stopped,120,0.17161168174422303,-0.0957535404812966,0.4562382392645511,-0.152912118848904,0.5438704795988968,1.3756505391859042,0.12474947441650483
QV+C+E,a,L,oof,moving,359,-0.043608374181783524,-0.08930708794956947,-0.006564675583903707,-0.10228811855269321,-5.5427910200337636e-05,0.9433390063297361,-0.04622768049362372
QV+C+E,a,L,oof,turn,52,0.4803538109445984,0.10008015472461622,1.0624420096199696,0.026196231547258655,1.2586566762428126,2.4388325420599433,0.1969605549624456
QV+C+E,a,L,oof,straight,427,-0.049574993624679924,-0.11555143923265854,0.01861507698599685,-0.13835393677761748,0.041585288370231815,0.8679092909057665,-0.057120017200118375
QV+C+E,a,L,oof,cluster Construction,15,-0.11369998455047607,-0.3935768695978018,0.0,-0.5016175788991591,0.0,0.8593240592732693,-0.1323132796335671
QV+C+E,a,L,oof,cluster Cut_ins,20,0.0,0.0,0.0,0.0,0.0,1.2230912838036063,0.0
QV+C+E,a,L,oof,cluster Cyclist,71,-0.2196316202236733,-0.41343829049938463,-0.05728554109662216,-0.47696920545607646,-0.02392134979017602,1.0052250985544486,-0.21848998850059734
QV+C+E,a,L,oof,cluster Foreign Object Debris,78,0.03723194431035946,-0.19935792264493205,0.2634047964194292,-0.2744371218180631,0.33095000806998653,1.2223880225862003,0.03045836806514843
QV+C+E,a,L,oof,cluster Interections,116,-0.0001328742966569703,-0.10225717667684908,0.10023788008772427,-0.1289974883072653,0.1250290176265874,1.1365226366004706,-0.00011691302256365045
QV+C+E,a,L,oof,cluster Multi-Lane Maneuvers,42,0.15328948838370188,-0.06973580853819386,0.4850798839825461,-0.10983314010244544,0.6257693943174623,1.3919412902935275,0.11012640364406227
QV+C+E,a,L,oof,cluster Others,22,0.0385707901282744,-0.38511310897446704,0.5569785331828677,-0.5263293044963995,0.7321002458866946,0.6287174013634506,0.061348373760021474
QV+C+E,a,L,oof,cluster Pedestrian,52,0.07169093535496639,-0.13793103448275862,0.339085886669132,-0.19608840629274965,0.4195037641023335,0.9236990431022998,0.0776128717360018
QV+C+E,a,L,oof,cluster Single-Lane Maneuvers,38,-0.0860733350640849,-0.3591348050230541,0.10367955700043709,-0.4537077329321099,0.13973107318083428,0.8356722535462101,-0.10299891458502913
QV+C+E,a,L,oof,cluster Special Vehicles,25,0.3082338619232178,-0.021789144586633752,0.9000806451612906,-0.03676918148994446,1.0833333333333333,1.4522340225793409,0.21224806548448552
QV+C+E,c,L,oof,all,479,0.03252783723146255,-0.07313238494722958,0.14592486529289486,-0.09886745948939889,0.1686306352690407,1.0678815111702824,0.03046015582366958
QV+C+E,c,L,oof,stopped,120,0.13653696961228684,-0.1272605237725338,0.4162700826395692,-0.2076947800575038,0.5045890928775519,1.3756505391859042,0.09925265590568373
QV+C+E,c,L,oof,moving,359,-0.0005844145358530229,-0.0784111299963768,0.07643233562134925,-0.10045031378522339,0.10107154799052973,0.9433390063297361,-0.0006195169837477767
QV+C+E,c,L,oof,turn,52,0.7462622017359979,0.2988263653277385,1.3397843686379864,0.1696508814536987,1.5053033603303527,2.4388325420599433,0.30599157132193777
QV+C+E,c,L,oof,straight,427,-0.08012472553578363,-0.16484468464002056,0.004157998967712491,-0.19149149724389736,0.024198292530784784,0.8679092909057665,-0.0923192393206944
QV+C+E,c,L,oof,cluster Construction,15,-0.2077797437707583,-0.7933969661920217,0.3070488512483344,-1.007087098994108,0.41203767472158437,0.8593240592732693,-0.24179439819999654
QV+C+E,c,L,oof,cluster Cut_ins,20,-0.026822412689216434,-0.31007537851840455,0.27846835226023725,-0.39484548648001183,0.3640887644949492,1.2230912838036063,-0.021930017035035426
QV+C+E,c,L,oof,cluster Cyclist,71,-0.08721629220625045,-0.23599838549843136,0.055871240588361126,-0.2833881085421803,0.10547718199741561,1.0052250985544486,-0.0867629472559636
QV+C+E,c,L,oof,cluster Foreign Object Debris,78,0.14308277022642776,-0.060463259839016244,0.3678089047216515,-0.11294758168536645,0.424721139569004,1.2223880225862003,0.11705184244501043
QV+C+E,c,L,oof,cluster Interections,116,-0.003339995854887469,-0.23066404109403973,0.21334827239224982,-0.292011188130289,0.2748143333599851,1.1365226366004706,-0.0029387851568693393
QV+C+E,c,L,oof,cluster Multi-Lane Maneuvers,42,0.1785892198483149,-0.10777657417752642,0.5284237766296369,-0.18270916256989864,0.648457873924116,1.3919412902935275,0.12830226468147565
QV+C+E,c,L,oof,cluster Others,22,-0.171375342390754,-0.37003517349716275,0.0029556763674990585,-0.4327815129333458,0.05448443457729307,0.6287174013634506,-0.2725792892309098
QV+C+E,c,L,oof,cluster Pedestrian,52,0.016830468792110108,-0.2010836620846441,0.23476991401006744,-0.26365794772869294,0.29920758122052865,0.9236990431022998,0.018220727755204714
QV+C+E,c,L,oof,cluster Single-Lane Maneuvers,38,0.03575704099708482,-0.2762829291467101,0.30147611646785455,-0.4041459565072086,0.3730907825755518,0.8356722535462101,0.042788354938611786
QV+C+E,c,L,oof,cluster Special Vehicles,25,0.44755265936255456,-0.08464072768080544,1.096170598235913,-0.1851517954875964,1.319284517189729,1.4522340225793409,0.30818218854812923
QV+C+E,c,L,ins,all,479,0.3210167438980191,0.17440701176781465,0.4835736777709852,0.13808894530998556,0.5296473835627428,1.0678815111702824,0.30061082670700007
QV+C+E,c,L,ins,stopped,120,0.5929849095920671,0.26757195112237914,0.9511515113167727,0.1692924957034189,1.0447199158494673,1.3756505391859042,0.4310578106144526
QV+C+E,c,L,ins,moving,359,0.2061349489461139,0.05922129458844203,0.3777560550991916,0.026509807943712264,0.4386785349492917,0.9433390063297361,0.21851629961547586
QV+C+E,c,L,ins,turn,52,1.3817918275306007,0.9389545369809288,2.0988806507252695,0.7945381840940396,2.305256534624872,2.4388325420599433,0.5665792151368785
QV+C+E,c,L,ins,straight,427,0.1579229675757289,0.023204001391641103,0.3071632414225543,-0.003095275205282005,0.36186382707882464,0.8679092909057665,0.1819579179880855
QV+C+E,c,L,ins,cluster Construction,15,0.5982288757960001,-0.02692688408999414,1.485448808471362,-0.05165458336472511,1.8202350946515797,0.8593240592732693,0.6961621396960799
QV+C+E,c,L,ins,cluster Cut_ins,20,-0.11125993859022856,-0.5776208125885265,0.31415272960512386,-0.7577031408624652,0.42670508834511195,1.2230912838036063,-0.09096617731117258
QV+C+E,c,L,ins,cluster Cyclist,71,0.01818532890207331,-0.2154986408915274,0.2603860622638881,-0.29044272772357865,0.3475091908077781,1.0052250985544486,0.01809080267516648
QV+C+E,c,L,ins,cluster Foreign Object Debris,78,0.4603812215993038,0.12556173655586542,0.8135310071710583,0.03530644171504613,0.9127474788198254,1.2223880225862003,0.3766244540136098
QV+C+E,c,L,ins,cluster Interections,116,0.4803377806674689,0.16200213896812674,0.8028606714829297,0.09155849114971502,0.8874247767637334,1.1365226366004706,0.42263811137474533
QV+C+E,c,L,ins,cluster Multi-Lane Maneuvers,42,0.3693484238215855,-0.0679566161520779,0.8961284688549649,-0.16883958277568403,1.0181863312337374,1.3919412902935275,0.26534770280699027
QV+C+E,c,L,ins,cluster Others,22,-0.06405087221752513,-0.41770847070784795,0.2815580348670484,-0.5163893353517937,0.3945613444196901,0.6287174013634506,-0.10187545641113636
QV+C+E,c,L,ins,cluster Pedestrian,52,0.2946520202721541,-0.05126695671334679,0.6988878140048225,-0.1401279642775594,0.8209368305730999,0.9236990431022998,0.31899136680119017
QV+C+E,c,L,ins,cluster Single-Lane Maneuvers,38,0.25332308717464147,-0.006314236584857289,0.5670415981516781,-0.06685451153194705,0.6736711715071402,0.8356722535462101,0.3031368890131919
QV+C+E,c,L,ins,cluster Special Vehicles,25,0.911021511554718,0.17740482236561064,1.7823385832257896,0.019479404747000217,2.0408304113297437,1.4522340225793409,0.6273241759868944
E0,a,M,oof,all,479,0.07903812622871006,0.027131775763910123,0.1471010347742517,0.016714955117610727,0.17050845132727072,1.0678815111702824,0.07401394761680333
E0,a,M,oof,stopped,120,0.27119467967572564,0.09490693977465284,0.4896669786891172,0.059470521333240725,0.5627196591477431,1.3756505391859042,0.19713922391671931
E0,a,M,oof,moving,359,0.007654013976205777,-3.525171039709404e-05,0.025057229392468718,-5.062068777624517e-05,0.032175486637319756,0.9433390063297361,0.008113746940228168
E0,a,M,oof,turn,52,0.6035062928367344,0.2441486675541715,1.1467111545697435,0.16844684083444048,1.3009452587365975,2.4388325420599433,0.24745704447874348
E0,a,M,oof,straight,427,0.0,0.0,0.0,0.0,0.0,0.8679092909057665,0.0
E0,a,M,oof,cluster Construction,15,0.0,0.0,0.0,0.0,0.0,0.8593240592732693,0.0
E0,a,M,oof,cluster Cut_ins,20,0.0,0.0,0.0,0.0,0.0,1.2230912838036063,0.0
E0,a,M,oof,cluster Cyclist,71,0.0,0.0,0.0,0.0,0.0,1.0052250985544486,0.0
E0,a,M,oof,cluster Foreign Object Debris,78,0.08218123090381806,-0.000302803153410936,0.212702535045006,-0.0004601413303034817,0.2511426365485962,1.2223880225862003,0.06723006883685562
E0,a,M,oof,cluster Interections,116,0.10767129121412491,0.004743623793112629,0.2467079677839071,0.0,0.2873100204862523,1.1365226366004706,0.09473748058040249
E0,a,M,oof,cluster Multi-Lane Maneuvers,42,0.13241862115405856,0.0,0.4426318407058716,0.0,0.5788544622334566,1.3919412902935275,0.09513233214465144
E0,a,M,oof,cluster Others,22,0.0,0.0,0.0,0.0,0.0,0.6287174013634506,0.0
E0,a,M,oof,cluster Pedestrian,52,0.07692307692307693,0.0,0.25,0.0,0.32653061224489793,0.9236990431022998,0.08327720754665509
E0,a,M,oof,cluster Single-Lane Maneuvers,38,0.07118704209202215,0.0,0.2259020277432033,0.0,0.2773728635576036,0.8356722535462101,0.08518536039689838
E0,a,M,oof,cluster Special Vehicles,25,0.32,0.0,0.9090909090909091,0.0,1.0909090909090908,1.4522340225793409,0.22035016052828857
E0,b,M,oof,all,479,-0.003964979167891869,-0.011216645017439332,0.0017525624457782067,-0.0135640414513853,0.00305575213338605,1.0678815111702824,-0.0037129392413084122
E0,b,M,oof,stopped,120,0.0014025263291187388,-0.0004926189687152544,0.0052299991095426475,-0.000660117943253782,0.006358813967773333,1.3756505391859042,0.0010195367858095265
E0,b,M,oof,moving,359,-0.00721090836565243,-0.018169432802061854,0.000879306123762823,-0.021815576446450706,0.0025694081588867796,0.9433390063297361,-0.007644026502951494
E0,b,M,oof,turn,52,-0.03421740847504902,-0.04216997130618741,0.01344755469688348,-0.044529519975185394,0.017531437116364637,2.4388325420599433,-0.014030241062040085
E0,b,M,oof,straight,427,-0.0025730037173403797,-0.007726951479778587,0.0018988718660030088,-0.009086830660255871,0.0031176427282256836,0.8679092909057665,-0.002964599808184038
E0,b,M,oof,cluster Construction,15,-0.023333332935969033,-0.08076922939373897,0.0,-0.10499999821186065,0.0,0.8593240592732693,-0.027153124230807693
E0,b,M,oof,cluster Cut_ins,20,0.01003574461210519,-0.0010984318463930062,0.03430681792087853,-0.0015378045849502088,0.04346982303908781,1.2230912838036063,0.008205229441988768
E0,b,M,oof,cluster Cyclist,71,-0.006832695684172738,-0.024796130234608426,0.004699160307317752,-0.030008061525165004,0.006674675366099768,1.0052250985544486,-0.006797179750086235
E0,b,M,oof,cluster Foreign Object Debris,78,-0.0006410256028175354,-0.009375,0.007434121781481889,-0.012346643518296774,0.009375930245511132,1.2223880225862003,-0.0005244043552237372
E0,b,M,oof,cluster Interections,116,-0.0011120076323377676,-0.007233128465455154,0.0036456794027359255,-0.009323686485068271,0.0050230426785159606,1.1365226366004706,-0.0009784298143536926
E0,b,M,oof,cluster Multi-Lane Maneuvers,42,-0.0071980344752470655,-0.042280827960930766,0.016216216457856668,-0.05355076605869848,0.020402615671581456,1.3919412902935275,-0.005171219882218718
E0,b,M,oof,cluster Others,22,0.0,0.0,0.0,0.0,0.0,0.6287174013634506,0.0
E0,b,M,oof,cluster Pedestrian,52,-0.010568439960479736,-0.03383247443732429,0.0,-0.04333711949107395,0.0,0.9236990431022998,-0.011441432184432046
E0,b,M,oof,cluster Single-Lane Maneuvers,38,0.0,0.0,0.0,0.0,0.0,0.8356722535462101,0.0
E0,b,M,oof,cluster Special Vehicles,25,0.0,0.0,0.0,0.0,0.0,1.4522340225793409,0.0
E0,c,M,oof,all,479,0.03575954194596962,-0.05606348384535461,0.13356062213038525,-0.08333842358334542,0.16444538508654538,1.0678815111702824,0.03348643231661633
E0,c,M,oof,stopped,120,0.198205454375007,-0.043438781061393164,0.4640939767264436,-0.13011176319641612,0.5488031636362315,1.3756505391859042,0.14408125372618466
E0,c,M,oof,moving,359,-0.03579400874445361,-0.10695885776328984,0.016934371949160906,-0.13173257520762985,0.02817705275391545,0.9433390063297361,-0.037943950694584255
E0,c,M,oof,turn,52,0.7261075786421073,0.32274745374757735,1.296767715187817,0.20866699763327728,1.4699180844834565,2.4388325420599433,0.2977275258221729
E0,c,M,oof,straight,427,-0.07357425637094504,-0.14229461537737634,-0.013430411367853324,-0.16384422870623938,-2.806344826299432e-05,0.8679092909057665,-0.0847718271274197
E0,c,M,oof,cluster Construction,15,-0.32372686862945554,-0.6449973982923172,-0.06174394062587193,-0.7407654326342578,0.0,0.8593240592732693,-0.3767226870189478
E0,c,M,oof,cluster Cut_ins,20,0.14006013572216033,0.0,0.3387503396897089,0.0,0.4160086883419825,1.2230912838036063,0.11451323182240093
E0,c,M,oof,cluster Cyclist,71,-0.14021338697221183,-0.2933290682695152,-0.018502345272113144,-0.3569407379944387,0.0035186223056488737,1.0052250985544486,-0.1394845663661243
E0,c,M,oof,cluster Foreign Object Debris,78,-0.015825693626911976,-0.23834768653961685,0.17379901884090296,-0.29388843121016744,0.2228106558871517,1.2223880225862003,-0.012946538525000951
E0,c,M,oof,cluster Interections,116,0.05905375944386269,-0.07459852161833591,0.2085936857852131,-0.10907278157099234,0.25774276333473817,1.1365226366004706,0.05196003805124583
E0,c,M,oof,cluster Multi-Lane Maneuvers,42,0.2160032445875307,0.013987526483599643,0.5436066236169663,-0.009740031504877348,0.6502224152620273,1.3919412902935275,0.15518128968067377
E0,c,M,oof,cluster Others,22,-0.2497065311128443,-0.6328378655595912,-0.015360064378806522,-0.8120730813332123,0.011768487153144925,0.6287174013634506,-0.39716815626754587
E0,c,M,oof,cluster Pedestrian,52,0.008799715970571224,-0.21791618802529925,0.24551436146316322,-0.2704432159089125,0.3101314046903454,0.9236990431022998,0.009526605052027378
E0,c,M,oof,cluster Single-Lane Maneuvers,38,0.023151045567110964,-0.09841182887554169,0.1874376273742228,-0.12338170617633411,0.24391331854964707,0.8356722535462101,0.02770349915157352
E0,c,M,oof,cluster Special Vehicles,25,0.6399999985098839,0.04999999837441878,1.4000999985113745,-0.040916570307325976,1.625,1.4522340225793409,0.44070032003049175
E,a,M,oof,all,479,0.06450815842371678,-0.010999654061222759,0.14993002715742834,-0.03146727503156906,0.18303627791173013,1.0678815111702824,0.06040759929725052
E,a,M,oof,stopped,120,0.20975696715728318,-0.025290227782342502,0.4697120563660025,-0.08867418997950507,0.5692451660900125,1.3756505391859042,0.1524783810875509
E,a,M,oof,moving,359,0.006825855961351683,-0.0019769457143706246,0.0241631746095335,-0.0027091478308041888,0.03142598255186951,0.9433390063297361,0.007235846196914032
E,a,M,oof,turn,52,0.6566486600071493,0.27543586514771934,1.1971007479559905,0.17691687827209074,1.3602964458124447,2.4388325420599433,0.26924712897775077
E,a,M,oof,straight,427,-0.03553873515125337,-0.07927919954643893,-0.004063204619483913,-0.0987786050557902,-0.0006517863911479877,0.8679092909057665,-0.04094752242387505
E,a,M,oof,cluster Construction,15,-0.09703331788380941,-0.3789999485015869,0.05,-0.4869140337432633,0.0625,0.8593240592732693,-0.1129181905669795
E,a,M,oof,cluster Cut_ins,20,0.0,0.0,0.0,0.0,0.0,1.2230912838036063,0.0
E,a,M,oof,cluster Cyclist,71,0.0,0.0,0.0,0.0,0.0,1.0052250985544486,0.0
E,a,M,oof,cluster Foreign Object Debris,78,0.023569765763405044,-0.04688101414413679,0.13612421259257315,-0.06147266113804653,0.17286451883614048,1.2223880225862003,0.019281738145256536
E,a,M,oof,cluster Interections,116,0.009595632553100586,-0.04423430472743172,0.08007372757002104,-0.05737381633634465,0.10188219728484245,1.1365226366004706,0.008442975303864364
E,a,M,oof,cluster Multi-Lane Maneuvers,42,0.13096178571383157,-0.08619936173384948,0.46480072032736275,-0.13046766569272483,0.5884782708125809,1.3919412902935275,0.09408571081774206
E,a,M,oof,cluster Others,22,-0.133321382782676,-0.43996056318283083,0.0,-0.5499507039785385,0.0,0.6287174013634506,-0.21205295494216045
E,a,M,oof,cluster Pedestrian,52,0.08653846153846154,0.0,0.2604166666666667,0.0,0.3333533653846151,0.9236990431022998,0.09368685848998698
E,a,M,oof,cluster Single-Lane Maneuvers,38,0.06477063933485433,-0.014522683142373958,0.2195544107393785,-0.021513821009327385,0.274923340807906,0.8356722535462101,0.07750722733703005
E,a,M,oof,cluster Special Vehicles,25,0.56,0.0,1.3044314381270907,0.0,1.5653306159420275,1.4522340225793409,0.385612780924505
E,b,M,oof,all,479,0.0,0.0,0.0,0.0,0.0,1.0678815111702824,0.0
E,b,M,oof,stopped,120,0.0,0.0,0.0,0.0,0.0,1.3756505391859042,0.0
E,b,M,oof,moving,359,0.0,0.0,0.0,0.0,0.0,0.9433390063297361,0.0
E,b,M,oof,turn,52,0.0,0.0,0.0,0.0,0.0,2.4388325420599433,0.0
E,b,M,oof,straight,427,0.0,0.0,0.0,0.0,0.0,0.8679092909057665,0.0
E,b,M,oof,cluster Construction,15,0.0,0.0,0.0,0.0,0.0,0.8593240592732693,0.0
E,b,M,oof,cluster Cut_ins,20,0.0,0.0,0.0,0.0,0.0,1.2230912838036063,0.0
E,b,M,oof,cluster Cyclist,71,0.0,0.0,0.0,0.0,0.0,1.0052250985544486,0.0
E,b,M,oof,cluster Foreign Object Debris,78,0.0,0.0,0.0,0.0,0.0,1.2223880225862003,0.0
E,b,M,oof,cluster Interections,116,0.0,0.0,0.0,0.0,0.0,1.1365226366004706,0.0
E,b,M,oof,cluster Multi-Lane Maneuvers,42,0.0,0.0,0.0,0.0,0.0,1.3919412902935275,0.0
E,b,M,oof,cluster Others,22,0.0,0.0,0.0,0.0,0.0,0.6287174013634506,0.0
E,b,M,oof,cluster Pedestrian,52,0.0,0.0,0.0,0.0,0.0,0.9236990431022998,0.0
E,b,M,oof,cluster Single-Lane Maneuvers,38,0.0,0.0,0.0,0.0,0.0,0.8356722535462101,0.0
E,b,M,oof,cluster Special Vehicles,25,0.0,0.0,0.0,0.0,0.0,1.4522340225793409,0.0
E,c,M,oof,all,479,0.10378746431541372,0.0176567390796575,0.2019796506943524,-0.007149801401238385,0.2352869990313832,1.0678815111702824,0.09719005641522335
E,c,M,oof,stopped,120,0.2864124606974502,0.026612087630074957,0.5762093844846968,-0.0447125991972952,0.6803279040435211,1.3756505391859042,0.20820146726140648
E,c,M,oof,moving,359,0.019658013600887078,-0.00301566469706248,0.045554495704189395,-0.008345167782688232,0.05401003615745404,0.9433390063297361,0.020838758356204117
E,c,M,oof,turn,52,0.7167101285846375,0.33936204087665894,1.2613453677809114,0.22823826183438486,1.4386656681288237,2.4388325420599433,0.2938742682100154
E,c,M,oof,straight,427,-0.0003672833419204588,-0.061276829452901464,0.06419621420168058,-0.0786324613221937,0.084089065300608,0.8679092909057665,-0.00042318171468950973
E,c,M,oof,cluster Construction,15,-0.09703330993652344,-0.3789999220106337,0.05,-0.4869139986879686,0.0625,0.8593240592732693,-0.11291818131868035
E,c,M,oof,cluster Cut_ins,20,0.05,0.0,0.16666666666666666,0.0,0.21742149758454063,1.2230912838036063,0.04088002315289869
E,c,M,oof,cluster Cyclist,71,-0.06093397547661419,-0.15370672523609435,-0.0001405055706317608,-0.19359553194449916,0.0,1.0052250985544486,-0.06061724440052236
E,c,M,oof,cluster Foreign Object Debris,78,0.06939497972146058,-0.045538153644249416,0.21853388760193723,-0.0680540137975964,0.2588986955882726,1.2223880225862003,0.05677000955444734
E,c,M,oof,cluster Interections,116,-0.004983509794391435,-0.06509776681745016,0.06947677216167612,-0.08312479096726383,0.09457894906211942,1.1365226366004706,-0.0043848750864285
E,c,M,oof,cluster Multi-Lane Maneuvers,42,0.23645777290775663,-0.019131811866254508,0.5918607643926922,-0.06192696327522024,0.7189154576692107,1.3919412902935275,0.16987625452068691
E,c,M,oof,cluster Others,22,0.05675810033624822,-0.36061538188334774,0.5757090744551491,-0.5087624709533787,0.7597156361579055,0.6287174013634506,0.09027601305954208
E,c,M,oof,cluster Pedestrian,52,0.09924367012885901,-0.002727348376977277,0.2797783107270022,-0.0071450895696346245,0.34930817887186993,0.9236990431022998,0.10744156429516596
E,c,M,oof,cluster Single-Lane Maneuvers,38,0.08897091526734202,-0.007972381058193388,0.24789665728807456,-0.016334913671016693,0.30754913147008733,0.8356722535462101,0.10646627896258398
E,c,M,oof,cluster Special Vehicles,25,0.6,0.043478260869565216,1.35,0.0,1.5883088235294105,1.4522340225793409,0.41315655099054105
C+E,a,M,oof,all,479,-0.00828734605820767,-0.08162291738230908,0.07081204014207547,-0.10478641011053232,0.09839247341911317,1.0678815111702824,-0.00776054831132495
C+E,a,M,oof,stopped,120,-0.020890657715762213,-0.2480225748224073,0.2250606775552042,-0.3152637276650876,0.3219662473423639,1.3756505391859042,-0.015186020810288846
C+E,a,M,oof,moving,359,-0.0007388584993102334,-0.00243823304772377,0.0,-0.003146320888459118,0.0,0.9433390063297361,-0.0007832375152013715
C+E,a,M,oof,turn,52,0.36461764261836094,0.08235607352367248,0.7911830703782129,0.03943392133362414,0.9762054412390766,2.4388325420599433,0.14950499320071772
C+E,a,M,oof,straight,427,-0.07067127372674616,-0.1326542551850804,-0.02164433742790255,-0.15426325097229193,-0.013965355811170192,0.8679092909057665,-0.0814270275330182
C+E,a,M,oof,cluster Construction,15,-0.2891255776087443,-0.7636125722060016,0.03333333333333333,-0.9326860206238194,0.05555555555555555,0.8593240592732693,-0.336456979749011
C+E,a,M,oof,cluster Cut_ins,20,0.0,0.0,0.0,0.0,0.0,1.2230912838036063,0.0
C+E,a,M,oof,cluster Cyclist,71,0.0,0.0,0.0,0.0,0.0,1.0052250985544486,0.0
C+E,a,M,oof,cluster Foreign Object Debris,78,0.0042413068123352835,-0.07477690539968497,0.1194186809607059,-0.09027645144223491,0.1586458075823437,1.2223880225862003,0.0034696894390064226
C+E,a,M,oof,cluster Interections,116,-0.0479775479641454,-0.12378961636595451,0.0041691570672776485,-0.1547172175125014,0.010735268669187474,1.1365226366004706,-0.042214335569816956
C+E,a,M,oof,cluster Multi-Lane Maneuvers,42,0.13096178571383157,-0.0865441202071675,0.46757579613994416,-0.1326594929956582,0.5938037879665655,1.3919412902935275,0.09408571081774206
C+E,a,M,oof,cluster Others,22,-0.17877592823722147,-0.4888450702031453,0.0,-0.5866140842437744,0.0,0.6287174013634506,-0.284350214976592
C+E,a,M,oof,cluster Pedestrian,52,0.009615384615384616,0.0,0.031914893617021274,0.0,0.03968452380952378,0.9236990431022998,0.010409650943331886
C+E,a,M,oof,cluster Single-Lane Maneuvers,38,-0.031812883913517,-0.10757936111518315,0.01159732374880049,-0.13702468170092147,0.017893013783863612,0.8356722535462101,-0.03806861335711183
C+E,a,M,oof,cluster Special Vehicles,25,0.32,0.0,0.9090909090909091,0.0,1.0909090909090908,1.4522340225793409,0.22035016052828857
C+E,b,M,oof,all,479,0.0,0.0,0.0,0.0,0.0,1.0678815111702824,0.0
C+E,b,M,oof,stopped,120,0.0,0.0,0.0,0.0,0.0,1.3756505391859042,0.0
C+E,b,M,oof,moving,359,0.0,0.0,0.0,0.0,0.0,0.9433390063297361,0.0
C+E,b,M,oof,turn,52,0.0,0.0,0.0,0.0,0.0,2.4388325420599433,0.0
C+E,b,M,oof,straight,427,0.0,0.0,0.0,0.0,0.0,0.8679092909057665,0.0
C+E,b,M,oof,cluster Construction,15,0.0,0.0,0.0,0.0,0.0,0.8593240592732693,0.0
C+E,b,M,oof,cluster Cut_ins,20,0.0,0.0,0.0,0.0,0.0,1.2230912838036063,0.0
C+E,b,M,oof,cluster Cyclist,71,0.0,0.0,0.0,0.0,0.0,1.0052250985544486,0.0
C+E,b,M,oof,cluster Foreign Object Debris,78,0.0,0.0,0.0,0.0,0.0,1.2223880225862003,0.0
C+E,b,M,oof,cluster Interections,116,0.0,0.0,0.0,0.0,0.0,1.1365226366004706,0.0
C+E,b,M,oof,cluster Multi-Lane Maneuvers,42,0.0,0.0,0.0,0.0,0.0,1.3919412902935275,0.0
C+E,b,M,oof,cluster Others,22,0.0,0.0,0.0,0.0,0.0,0.6287174013634506,0.0
C+E,b,M,oof,cluster Pedestrian,52,0.0,0.0,0.0,0.0,0.0,0.9236990431022998,0.0
C+E,b,M,oof,cluster Single-Lane Maneuvers,38,0.0,0.0,0.0,0.0,0.0,0.8356722535462101,0.0
C+E,b,M,oof,cluster Special Vehicles,25,0.0,0.0,0.0,0.0,0.0,1.4522340225793409,0.0
C+E,c,M,oof,all,479,0.0035949718828817367,-0.08075310996366912,0.0960000526250823,-0.10883901033198537,0.12584578501815852,1.0678815111702824,0.003366452031688457
C+E,c,M,oof,stopped,120,0.049331242015800476,-0.21413077154624482,0.3279995055722788,-0.278774039953116,0.4078807583678661,1.3756505391859042,0.03586030071633905
C+E,c,M,oof,moving,359,-0.0227740618935613,-0.05731951016786864,0.009074767269069955,-0.06724369507066719,0.01570326511665976,0.9433390063297361,-0.0241419698970879
C+E,c,M,oof,turn,52,0.37487454007878296,0.07675321579087578,0.8215760028202537,-0.002290303419614264,0.9869842939643761,2.4388325420599433,0.1537106519671694
C+E,c,M,oof,straight,427,-0.058150018380660265,-0.13378786344682167,0.020650184496372008,-0.15918079312199104,0.041609739808393026,0.8679092909057665,-0.06700011048386613
C+E,c,M,oof,cluster Construction,15,-0.2757922351360321,-0.7534804702550173,0.06000000238418579,-0.9213187712080338,0.10000000397364299,0.8593240592732693,-0.3209408978601969
C+E,c,M,oof,cluster Cut_ins,20,0.015623515704646707,-0.10406956118298694,0.1468050208510249,-0.13270341236052038,0.18138937761053314,1.2230912838036063,0.012773793674712671
C+E,c,M,oof,cluster Cyclist,71,-0.11897696187378655,-0.2582293061007937,0.0018114342812917726,-0.2974945878659797,0.034638254714049826,1.0052250985544486,-0.11835852690594363
C+E,c,M,oof,cluster Foreign Object Debris,78,-0.0024095502896950794,-0.1661994452000926,0.16624327451512128,-0.2035340415495611,0.21598028310228135,1.2223880225862003,-0.0019711828365245316
C+E,c,M,oof,cluster Interections,116,-0.01065597746216146,-0.11085277832536904,0.08327325188607317,-0.13801307089217416,0.10991063841318892,1.1365226366004706,-0.009375948282064379
C+E,c,M,oof,cluster Multi-Lane Maneuvers,42,0.10285177600703069,-0.13642597792146263,0.44462363126855026,-0.178753222091725,0.5834474044606873,1.3919412902935275,0.07389088657995171
C+E,c,M,oof,cluster Others,22,-0.025752291548997164,-0.4569272426940281,0.5068298042903189,-0.5760623571289415,0.7122062103566428,0.6287174013634506,-0.04096004260920753
C+E,c,M,oof,cluster Pedestrian,52,0.04256660786520045,-0.026747343895632443,0.13521374249742604,-0.04279470826825921,0.16731728039446217,0.9236990431022998,0.046082767090715925
C+E,c,M,oof,cluster Single-Lane Maneuvers,38,-0.05679161601552838,-0.2784170319867159,0.10206586612177186,-0.35937817358726853,0.1372443895633822,0.8356722535462101,-0.06795919784883461
C+E,c,M,oof,cluster Special Vehicles,25,0.36528645157814027,0.00682289054989815,0.9322258400524921,-0.03270372310653329,1.123334036415442,1.4522340225793409,0.2515341507626629
Q1+E,a,M,oof,all,479,0.06465206071536019,-0.011086770466492285,0.14972186432516063,-0.03144883382660482,0.18059925591861198,1.0678815111702824,0.06054235422103013
Q1+E,a,M,oof,stopped,120,0.21314552037942192,-0.026890781426974257,0.47213486995557874,-0.08897148110274782,0.5706145101986884,1.3756505391859042,0.15494161802572276
Q1+E,a,M,oof,moving,359,0.007047014951189874,-0.0018060985538694593,0.024654471507288504,-0.002522873065005437,0.031862600262371414,0.9433390063297361,0.007470288945866667
Q1+E,a,M,oof,turn,52,0.6359260224332712,0.2521249749884009,1.1766869022302024,0.1564290518632621,1.3159430437859125,2.4388325420599433,0.260750179221465
Q1+E,a,M,oof,straight,427,-0.03400389812102426,-0.07806859215904886,-0.0025585559588536533,-0.0974178329937597,0.0005013382018767007,0.8679092909057665,-0.03917909219008031
Q1+E,a,M,oof,cluster Construction,15,-0.09703331788380941,-0.3789999485015869,0.05,-0.4869140337432633,0.0625,0.8593240592732693,-0.1129181905669795
Q1+E,a,M,oof,cluster Cut_ins,20,0.0,0.0,0.0,0.0,0.0,1.2230912838036063,0.0
Q1+E,a,M,oof,cluster Cyclist,71,0.0,0.0,0.0,0.0,0.0,1.0052250985544486,0.0
Q1+E,a,M,oof,cluster Foreign Object Debris,78,0.039540526194450185,-0.038731582765079674,0.1533960634539294,-0.0550919482750552,0.19336214523646214,1.2223880225862003,0.032346951592992945
Q1+E,a,M,oof,cluster Interections,116,-0.004936104961510362,-0.030479765614349542,0.011254232123354774,-0.03810061499457426,0.013661519118339467,1.1365226366004706,-0.004343164669623368
Q1+E,a,M,oof,cluster Multi-Lane Maneuvers,42,0.13096178571383157,-0.08619936173384948,0.46480072032736275,-0.13046766569272483,0.5884782708125809,1.3919412902935275,0.09408571081774206
Q1+E,a,M,oof,cluster Others,22,-0.133321382782676,-0.43996056318283083,0.0,-0.5499507039785385,0.0,0.6287174013634506,-0.21205295494216045
Q1+E,a,M,oof,cluster Pedestrian,52,0.08653846153846154,0.0,0.2604166666666667,0.0,0.3333533653846151,0.9236990431022998,0.09368685848998698
Q1+E,a,M,oof,cluster Single-Lane Maneuvers,38,0.06477063933485433,-0.014522683142373958,0.2195544107393785,-0.021513821009327385,0.274923340807906,0.8356722535462101,0.07750722733703005
Q1+E,a,M,oof,cluster Special Vehicles,25,0.56,0.0,1.3044314381270907,0.0,1.5653306159420275,1.4522340225793409,0.385612780924505
Q1+E,b,M,oof,all,479,-0.008181314505768608,-0.017870234615511436,-0.00041750937472803435,-0.021167828815214514,0.0015276325835789865,1.0678815111702824,-0.00766125681565811
Q1+E,b,M,oof,stopped,120,-0.012387268291704187,-0.03483951546675446,0.002202590510485051,-0.043208501568319985,0.003846865999222313,1.3756505391859042,-0.009004662113558902
Q1+E,b,M,oof,moving,359,-0.005309066671731327,-0.012365348791555243,0.0012703321793723795,-0.014426911116431504,0.0033744210969397304,0.9433390063297361,-0.005627952025844236
Q1+E,b,M,oof,turn,52,-0.00035439109435988586,-0.039147282947224235,0.037629592394221284,-0.053570373340753076,0.049925996386438645,2.4388325420599433,-0.00014531177858589334
Q1+E,b,M,oof,straight,427,-0.008729166333873401,-0.017728523998338887,-0.0024351612937583687,-0.020763004785069993,-0.0014165521374961128,0.8679092909057665,-0.010057694306698202
Q1+E,b,M,oof,cluster Construction,15,-0.03325460354487101,-0.10688979710851397,0.0,-0.14251972947801864,0.0,0.8593240592732693,-0.03869855985761
Q1+E,b,M,oof,cluster Cut_ins,20,-0.0071238529635593295,-0.022464672724405926,0.0,-0.029301747031833813,0.0,1.2230912838036063,-0.005824465481763025
Q1+E,b,M,oof,cluster Cyclist,71,-0.009818486213474207,-0.024035779034779957,0.0,-0.028696992950696897,0.0003426953874201968,1.0052250985544486,-0.009767450322911314
Q1+E,b,M,oof,cluster Foreign Object Debris,78,-0.007867459225683259,-0.031038334126035034,0.012063537115729816,-0.03774578198577877,0.01736813144748779,1.2223880225862003,-0.006436139000313595
Q1+E,b,M,oof,cluster Interections,116,-0.005544450583642927,-0.018748161469032805,0.005108848548161545,-0.022805647784511423,0.007692043431473019,1.1365226366004706,-0.004878433922114659
Q1+E,b,M,oof,cluster Multi-Lane Maneuvers,42,-0.003026074508116359,-0.026365361381485534,0.01568520078052969,-0.034327134723656824,0.019768981635570518,1.3919412902935275,-0.002173995792220684
Q1+E,b,M,oof,cluster Others,22,0.0,0.0,0.0,0.0,0.0,0.6287174013634506,0.0
Q1+E,b,M,oof,cluster Pedestrian,52,-0.00031673356604117615,-0.0010980096956094106,0.0,-0.0013445016680931558,0.0,0.9236990431022998,-0.00034289692991064174
Q1+E,b,M,oof,cluster Single-Lane Maneuvers,38,-0.006215461774876243,-0.05454562703203974,0.03934629269609986,-0.06993534401473071,0.05501449779056373,0.8356722535462101,-0.00743767876521049
Q1+E,b,M,oof,cluster Special Vehicles,25,-0.00864602267742157,-0.028820075591405234,0.0,-0.03726733912681711,0.0,1.4522340225793409,-0.005953601515315832
Q1+E,c,M,oof,all,479,0.0906475093850565,0.0035642139989702152,0.1894267628003244,-0.017121167532241174,0.2169393249712939,1.0678815111702824,0.08488536268945855
Q1+E,c,M,oof,stopped,120,0.2934261504826044,0.01951191105659661,0.586011961653213,-0.03728605107362779,0.6884216226627446,1.3756505391859042,0.2132999203825784
Q1+E,c,M,oof,moving,359,0.0016873232852592708,-0.03013418330695035,0.036611880956315464,-0.0390554659991912,0.04499260963053259,0.9433390063297361,0.0017886711711669445
Q1+E,c,M,oof,turn,52,0.7730214135764778,0.3655755427018662,1.34970130661444,0.2558178903228395,1.5359093367590817,2.4388325420599433,0.3169637112204311
Q1+E,c,M,oof,straight,427,-0.019806071590347002,-0.08180653561530948,0.045981257976803906,-0.1013865846066899,0.0696376159180574,0.8679092909057665,-0.022820439644881566
Q1+E,c,M,oof,cluster Construction,15,-0.11624247233072917,-0.39357662200927734,0.03571428571428571,-0.5078983885428262,0.05555555555555555,0.8593240592732693,-0.13527198625049028
Q1+E,c,M,oof,cluster Cut_ins,20,0.04918794394470751,-0.04074400921107123,0.17642576033912383,-0.05510044108805932,0.22308865470806696,1.2230912838036063,0.040216085746062516
Q1+E,c,M,oof,cluster Cyclist,71,-0.08994198330796101,-0.2012625649589937,-0.009283537933665613,-0.24389248642413347,-0.0008991738711483801,1.0052250985544486,-0.0894744703821074
Q1+E,c,M,oof,cluster Foreign Object Debris,78,0.0144751364699541,-0.10626109711844883,0.1562711200944322,-0.14393600657357114,0.20074916994525108,1.2223880225862003,0.01184168709321049
Q1+E,c,M,oof,cluster Interections,116,-0.009365390473374584,-0.08956460837760931,0.08557789282669816,-0.11161594820031899,0.11480766241291741,1.1365226366004706,-0.008240390619396755
Q1+E,c,M,oof,cluster Multi-Lane Maneuvers,42,0.23558132871541948,-0.018424833002710177,0.5929379506031629,-0.07359698379190974,0.732045180771012,1.3919412902935275,0.169246598515474
Q1+E,c,M,oof,cluster Others,22,0.06777813844382763,-0.3205014840374438,0.5762247297090369,-0.4478477823294635,0.7642755212706757,0.6287174013634506,0.10780382139390837
Q1+E,c,M,oof,cluster Pedestrian,52,0.11007763506495394,-0.1380384712309288,0.41282627530676547,-0.21040418889515214,0.5213773705335577,0.9236990431022998,0.11917045480013864
Q1+E,c,M,oof,cluster Single-Lane Maneuvers,38,0.05492475315144187,-0.0764671816602396,0.22507689907673814,-0.11598968925252008,0.28415526450697265,0.8356722535462101,0.06572523249200436
Q1+E,c,M,oof,cluster Special Vehicles,25,0.5900000041723251,0.05576388955944114,1.2923295493830336,0.011763292032281334,1.547575730951502,1.4522340225793409,0.40627061134707115
QV+E,a,M,oof,all,479,0.037571765694763795,-0.026228981366664742,0.11090359664335478,-0.045124979932769364,0.13503104372582828,1.0678815111702824,0.03518345930869166
QV+E,a,M,oof,stopped,120,0.15157034921622467,-0.04997352590617473,0.384668894774946,-0.10085339085228821,0.4641694945455267,1.3756505391859042,0.11018085254844041
QV+E,a,M,oof,moving,359,0.0002048845092455546,0.0,0.0006977148152686454,0.0,0.0008827245855319335,0.9433390063297361,0.00021719075313412722
QV+E,a,M,oof,turn,52,0.46608955487716425,0.13376197873787196,0.9676709529531955,0.07193118299963357,1.1272314197052065,2.4388325420599433,0.19111174992092114
QV+E,a,M,oof,straight,427,-0.030242560361467996,-0.07414127751661777,0.0014226636066958377,-0.09356058031552197,0.004997165057521488,0.8679092909057665,-0.03484530086076886
QV+E,a,M,oof,cluster Construction,15,-0.09703331788380941,-0.3789999485015869,0.05,-0.4869140337432633,0.0625,0.8593240592732693,-0.1129181905669795
QV+E,a,M,oof,cluster Cut_ins,20,0.0,0.0,0.0,0.0,0.0,1.2230912838036063,0.0
QV+E,a,M,oof,cluster Cyclist,71,0.0,0.0,0.0,0.0,0.0,1.0052250985544486,0.0
QV+E,a,M,oof,cluster Foreign Object Debris,78,0.047906797665816084,-0.02666666666666667,0.1595208667119344,-0.03947697368421052,0.2012262673375019,1.2223880225862003,0.03919115434758589
QV+E,a,M,oof,cluster Interections,116,0.0032670816470836772,-0.03037240898417746,0.030042881928272733,-0.04104562921941615,0.03638482656593272,1.1365226366004706,0.0028746296306566012
QV+E,a,M,oof,cluster Multi-Lane Maneuvers,42,0.1428665476185935,-0.07799055747687816,0.47542184929386905,-0.11961579567203436,0.5988941090928979,1.3919412902935275,0.10263834302125366
QV+E,a,M,oof,cluster Others,22,-0.133321382782676,-0.43996056318283083,0.0,-0.5499507039785385,0.0,0.6287174013634506,-0.21205295494216045
QV+E,a,M,oof,cluster Pedestrian,52,0.08653846153846154,0.0,0.2604166666666667,0.0,0.3333533653846151,0.9236990431022998,0.09368685848998698
QV+E,a,M,oof,cluster Single-Lane Maneuvers,38,0.005493469144168653,0.0,0.01841927889515372,0.0,0.023858785446896964,0.8356722535462101,0.006573712506137289
QV+E,a,M,oof,cluster Special Vehicles,25,0.32,0.0,0.9090909090909091,0.0,1.0909090909090908,1.4522340225793409,0.22035016052828857
QV+E,b,M,oof,all,479,0.0,0.0,0.0,0.0,0.0,1.0678815111702824,0.0
QV+E,b,M,oof,stopped,120,0.0,0.0,0.0,0.0,0.0,1.3756505391859042,0.0
QV+E,b,M,oof,moving,359,0.0,0.0,0.0,0.0,0.0,0.9433390063297361,0.0
QV+E,b,M,oof,turn,52,0.0,0.0,0.0,0.0,0.0,2.4388325420599433,0.0
QV+E,b,M,oof,straight,427,0.0,0.0,0.0,0.0,0.0,0.8679092909057665,0.0
QV+E,b,M,oof,cluster Construction,15,0.0,0.0,0.0,0.0,0.0,0.8593240592732693,0.0
QV+E,b,M,oof,cluster Cut_ins,20,0.0,0.0,0.0,0.0,0.0,1.2230912838036063,0.0
QV+E,b,M,oof,cluster Cyclist,71,0.0,0.0,0.0,0.0,0.0,1.0052250985544486,0.0
QV+E,b,M,oof,cluster Foreign Object Debris,78,0.0,0.0,0.0,0.0,0.0,1.2223880225862003,0.0
QV+E,b,M,oof,cluster Interections,116,0.0,0.0,0.0,0.0,0.0,1.1365226366004706,0.0
QV+E,b,M,oof,cluster Multi-Lane Maneuvers,42,0.0,0.0,0.0,0.0,0.0,1.3919412902935275,0.0
QV+E,b,M,oof,cluster Others,22,0.0,0.0,0.0,0.0,0.0,0.6287174013634506,0.0
QV+E,b,M,oof,cluster Pedestrian,52,0.0,0.0,0.0,0.0,0.0,0.9236990431022998,0.0
QV+E,b,M,oof,cluster Single-Lane Maneuvers,38,0.0,0.0,0.0,0.0,0.0,0.8356722535462101,0.0
QV+E,b,M,oof,cluster Special Vehicles,25,0.0,0.0,0.0,0.0,0.0,1.4522340225793409,0.0
QV+E,c,M,oof,all,479,0.06842004140796727,-0.009194808490875896,0.15905315977576165,-0.03069929193086625,0.18660270585997496,1.0678815111702824,0.06407081749452365
QV+E,c,M,oof,stopped,120,0.23553335305147394,-0.014698016709060582,0.5017938255670612,-0.08129967416060148,0.629007147787035,1.3756505391859042,0.17121597843509018
QV+E,c,M,oof,moving,359,0.003620145147872622,-0.01925656492869146,0.023948542946644585,-0.02563095014190773,0.02913559901346808,0.9433390063297361,0.0038375866190009226
QV+E,c,M,oof,turn,52,0.6510893010882417,0.2650855614214449,1.2239059036887567,0.16451591997313134,1.4053220200652898,2.4388325420599433,0.2669676125193506
QV+E,c,M,oof,straight,427,-0.015729678602574453,-0.07741321252248211,0.04821766971586632,-0.09748830996975194,0.07097281817425384,0.8679092909057665,-0.018123643527491982
QV+E,c,M,oof,cluster Construction,15,-0.11624253590901693,-0.39357684208796573,0.03571428571428571,-0.507898661305034,0.05555555555555555,0.8593240592732693,-0.13527206023688348
QV+E,c,M,oof,cluster Cut_ins,20,0.06079536899924278,0.0,0.17871052881931543,0.0,0.22878765066464743,1.2230912838036063,0.04970632184556127
QV+E,c,M,oof,cluster Cyclist,71,-0.054532202931357104,-0.14780223097668976,-0.00020283099044771756,-0.17384516271318834,0.003079127583207858,1.0052250985544486,-0.05424874787724307
QV+E,c,M,oof,cluster Foreign Object Debris,78,0.048773957368655085,-0.06570506871081151,0.18570116281426782,-0.09736758407894502,0.22476048610082522,1.2223880225862003,0.03990055241662485
QV+E,c,M,oof,cluster Interections,116,0.03130880450621119,-0.04219107550757751,0.11586566375090959,-0.06083565412540868,0.14319255225382632,1.1365226366004706,0.027547893458471764
QV+E,c,M,oof,cluster Multi-Lane Maneuvers,42,0.18189704524619238,-0.044100561850714155,0.521608369531722,-0.08946238975913728,0.6347601489582096,1.3919412902935275,0.13067867625928
QV+E,c,M,oof,cluster Others,22,0.007152984363280914,-0.424627962788578,0.5321308568504137,-0.5512282730317591,0.7296364225706654,0.6287174013634506,0.011377105751755547
QV+E,c,M,oof,cluster Pedestrian,52,0.15325028999583223,-0.09010922875994043,0.45459913553300824,-0.16769270153740792,0.5644582877120075,0.9236990431022998,0.16590933068538402
QV+E,c,M,oof,cluster Single-Lane Maneuvers,38,0.033796701874387894,-0.004495689187950285,0.09386490722985143,-0.007653972503755216,0.11171101438874169,0.8356722535462101,0.04044253202253656
QV+E,c,M,oof,cluster Special Vehicles,25,0.33800000056624413,0.006521739227616269,0.9269318182529375,0.0021739130758720894,1.1117693035677303,1.4522340225793409,0.23274485744791726
QL+E,b,M,oof,all,479,0.0,0.0,0.0,0.0,0.0,1.0678815111702824,0.0
QL+E,b,M,oof,stopped,120,0.0,0.0,0.0,0.0,0.0,1.3756505391859042,0.0
QL+E,b,M,oof,moving,359,0.0,0.0,0.0,0.0,0.0,0.9433390063297361,0.0
QL+E,b,M,oof,turn,52,0.0,0.0,0.0,0.0,0.0,2.4388325420599433,0.0
QL+E,b,M,oof,straight,427,0.0,0.0,0.0,0.0,0.0,0.8679092909057665,0.0
QL+E,b,M,oof,cluster Construction,15,0.0,0.0,0.0,0.0,0.0,0.8593240592732693,0.0
QL+E,b,M,oof,cluster Cut_ins,20,0.0,0.0,0.0,0.0,0.0,1.2230912838036063,0.0
QL+E,b,M,oof,cluster Cyclist,71,0.0,0.0,0.0,0.0,0.0,1.0052250985544486,0.0
QL+E,b,M,oof,cluster Foreign Object Debris,78,0.0,0.0,0.0,0.0,0.0,1.2223880225862003,0.0
QL+E,b,M,oof,cluster Interections,116,0.0,0.0,0.0,0.0,0.0,1.1365226366004706,0.0
QL+E,b,M,oof,cluster Multi-Lane Maneuvers,42,0.0,0.0,0.0,0.0,0.0,1.3919412902935275,0.0
QL+E,b,M,oof,cluster Others,22,0.0,0.0,0.0,0.0,0.0,0.6287174013634506,0.0
QL+E,b,M,oof,cluster Pedestrian,52,0.0,0.0,0.0,0.0,0.0,0.9236990431022998,0.0
QL+E,b,M,oof,cluster Single-Lane Maneuvers,38,0.0,0.0,0.0,0.0,0.0,0.8356722535462101,0.0
QL+E,b,M,oof,cluster Special Vehicles,25,0.0,0.0,0.0,0.0,0.0,1.4522340225793409,0.0
Q1+C+E,a,M,oof,all,479,0.023234541495815896,-0.04153383966250283,0.09862813015374465,-0.06071248140549272,0.12186263187550667,1.0678815111702824,0.021757602554943908
Q1+C+E,a,M,oof,stopped,120,0.08509927658032383,-0.1296527589359643,0.32702006244357296,-0.1801959560971155,0.4050122439869032,1.3756505391859042,0.06186111527327624
Q1+C+E,a,M,oof,moving,359,0.0,0.0,0.0,0.0,0.0,0.9433390063297361,0.0
Q1+C+E,a,M,oof,turn,52,0.45183432500427767,0.12151569727833002,0.9530847771538847,0.054546629353869884,1.116497014246761,2.4388325420599433,0.18526664591027595
Q1+C+E,a,M,oof,straight,427,-0.04420215295213595,-0.08953012329254602,-0.008921521472917226,-0.10610910671471951,-0.001123108960917563,0.8679092909057665,-0.05092946165607439
Q1+C+E,a,M,oof,cluster Construction,15,-0.09703331788380941,-0.3789999485015869,0.05,-0.4869140337432633,0.0625,0.8593240592732693,-0.1129181905669795
Q1+C+E,a,M,oof,cluster Cut_ins,20,0.0,0.0,0.0,0.0,0.0,1.2230912838036063,0.0
Q1+C+E,a,M,oof,cluster Cyclist,71,-0.037461761017920266,-0.12665643010820662,0.0,-0.15645794307484345,0.0,1.0052250985544486,-0.037267037076363974
Q1+C+E,a,M,oof,cluster Foreign Object Debris,78,-0.01016647158524929,-0.12669801197321764,0.12346229710782643,-0.15394441282332944,0.1643049309219987,1.2223880225862003,-0.008316893979163945
Q1+C+E,a,M,oof,cluster Interections,116,0.0031737926705130213,-0.024821993678507178,0.028640909044404392,-0.03402374742122797,0.036186369465402844,1.1365226366004706,0.0027925468163189134
Q1+C+E,a,M,oof,cluster Multi-Lane Maneuvers,42,0.13096178571383157,-0.08619936173384948,0.46480072032736275,-0.13046766569272483,0.5884782708125809,1.3919412902935275,0.09408571081774206
Q1+C+E,a,M,oof,cluster Others,22,-0.17877592823722147,-0.4888450702031453,0.0,-0.5866140842437744,0.0,0.6287174013634506,-0.284350214976592
Q1+C+E,a,M,oof,cluster Pedestrian,52,0.09615384615384616,0.0,0.2708333333333333,0.0,0.34375,0.9236990431022998,0.10409650943331887
Q1+C+E,a,M,oof,cluster Single-Lane Maneuvers,38,0.005493469144168653,0.0,0.01841927889515372,0.0,0.023858785446896964,0.8356722535462101,0.006573712506137289
Q1+C+E,a,M,oof,cluster Special Vehicles,25,0.32,0.0,0.9090909090909091,0.0,1.0909090909090908,1.4522340225793409,0.22035016052828857
Q1+C+E,b,M,oof,all,479,0.0,0.0,0.0,0.0,0.0,1.0678815111702824,0.0
Q1+C+E,b,M,oof,stopped,120,0.0,0.0,0.0,0.0,0.0,1.3756505391859042,0.0
Q1+C+E,b,M,oof,moving,359,0.0,0.0,0.0,0.0,0.0,0.9433390063297361,0.0
Q1+C+E,b,M,oof,turn,52,0.0,0.0,0.0,0.0,0.0,2.4388325420599433,0.0
Q1+C+E,b,M,oof,straight,427,0.0,0.0,0.0,0.0,0.0,0.8679092909057665,0.0
Q1+C+E,b,M,oof,cluster Construction,15,0.0,0.0,0.0,0.0,0.0,0.8593240592732693,0.0
Q1+C+E,b,M,oof,cluster Cut_ins,20,0.0,0.0,0.0,0.0,0.0,1.2230912838036063,0.0
Q1+C+E,b,M,oof,cluster Cyclist,71,0.0,0.0,0.0,0.0,0.0,1.0052250985544486,0.0
Q1+C+E,b,M,oof,cluster Foreign Object Debris,78,0.0,0.0,0.0,0.0,0.0,1.2223880225862003,0.0
Q1+C+E,b,M,oof,cluster Interections,116,0.0,0.0,0.0,0.0,0.0,1.1365226366004706,0.0
Q1+C+E,b,M,oof,cluster Multi-Lane Maneuvers,42,0.0,0.0,0.0,0.0,0.0,1.3919412902935275,0.0
Q1+C+E,b,M,oof,cluster Others,22,0.0,0.0,0.0,0.0,0.0,0.6287174013634506,0.0
Q1+C+E,b,M,oof,cluster Pedestrian,52,0.0,0.0,0.0,0.0,0.0,0.9236990431022998,0.0
Q1+C+E,b,M,oof,cluster Single-Lane Maneuvers,38,0.0,0.0,0.0,0.0,0.0,0.8356722535462101,0.0
Q1+C+E,b,M,oof,cluster Special Vehicles,25,0.0,0.0,0.0,0.0,0.0,1.4522340225793409,0.0
Q1+C+E,c,M,oof,all,479,-0.007619699091996041,-0.09990689451827879,0.09423300440305912,-0.12497036837411529,0.12064779291915173,1.0678815111702824,-0.007135341339176924
Q1+C+E,c,M,oof,stopped,120,0.0763682416900668,-0.2076287938165424,0.37082119007551884,-0.28028018069640454,0.47119931249024394,1.3756505391859042,0.055514274530260234
Q1+C+E,c,M,oof,moving,359,-0.050840599355521675,-0.10434134371709412,-0.006856478259662404,-0.11842745726845455,0.0015577210121165207,0.9433390063297361,-0.05389430418373983
Q1+C+E,c,M,oof,turn,52,0.48549510550964314,0.04900294529512479,1.0610250261213783,-0.04819276969176642,1.2367862330931032,2.4388325420599433,0.19906865155225992
Q1+C+E,c,M,oof,straight,427,-0.07665911538821114,-0.15456452825910416,0.0022752398619808843,-0.1787079377622925,0.026609826055572057,0.8679092909057665,-0.08832618361327627
Q1+C+E,c,M,oof,cluster Construction,15,-0.31555742025375366,-0.7780479329904275,0.019230769230769232,-0.9564095013774931,0.045454545454545456,0.8593240592732693,-0.3672158562866501
Q1+C+E,c,M,oof,cluster Cut_ins,20,0.03289244510233402,-0.05385287834797054,0.16374261305226312,-0.06842625708346639,0.21420902154635674,1.2230912838036063,0.026892878346777276
Q1+C+E,c,M,oof,cluster Cyclist,71,-0.05978883710086451,-0.16169009076192956,0.01753317194601077,-0.18977277432944065,0.033137509546871814,1.0052250985544486,-0.05947805838398096
Q1+C+E,c,M,oof,cluster Foreign Object Debris,78,-0.06476146866901754,-0.28512198964459806,0.12290514648083015,-0.3488460247278802,0.1642417347208095,1.2223880225862003,-0.05297946926214315
Q1+C+E,c,M,oof,cluster Interections,116,-0.05093940391189194,-0.14946650188120728,0.03615904618278088,-0.18273034064096383,0.06430299379359414,1.1365226366004706,-0.04482040416217333
Q1+C+E,c,M,oof,cluster Multi-Lane Maneuvers,42,0.12326496123291907,-0.11951251335398695,0.47111357509099017,-0.167056160137236,0.6012576976994046,1.3919412902935275,0.08855614966844284
Q1+C+E,c,M,oof,cluster Others,22,-0.03232290807434104,-0.4607223073875701,0.5000267136190087,-0.5913139958863006,0.7048160633982407,0.6287174013634506,-0.051410869182632546
Q1+C+E,c,M,oof,cluster Pedestrian,52,0.10113327107795228,-0.11910336898861114,0.36133157594207554,-0.19673438819976552,0.4493524854889441,0.9236990431022998,0.10948725327059991
Q1+C+E,c,M,oof,cluster Single-Lane Maneuvers,38,-0.03745170976770552,-0.16953520098981745,0.0696294590474709,-0.21083427527325896,0.09411349198673906,0.8356722535462101,-0.04481626571754372
Q1+C+E,c,M,oof,cluster Special Vehicles,25,0.22733407944440842,-0.25721371105007296,0.8810927832178,-0.37591337733902036,1.0538353038052815,1.4522340225793409,0.15654094030976906
QV+C+E,a,M,oof,all,479,0.007526803619500616,-0.06863037960962742,0.0898924774782139,-0.09300943224010692,0.1111759021322174,1.0678815111702824,0.0070483509085685495
QV+C+E,a,M,oof,stopped,120,0.025848025400881405,-0.2223747381523694,0.282634212635372,-0.28367611254908937,0.35315936070010207,1.3756505391859042,0.018789674168395994
QV+C+E,a,M,oof,moving,359,0.0,0.0,0.0,0.0,0.0,0.9433390063297361,0.0
QV+C+E,a,M,oof,turn,52,0.4427078893776408,0.1137695110288501,0.9388093974829678,0.049755294227149714,1.1125117017470654,2.4388325420599433,0.1815245129555761
QV+C+E,a,M,oof,straight,427,-0.05988268674575076,-0.12079477976156315,-0.010560282831211363,-0.14538281159087996,-0.0021632115999573095,0.8679092909057665,-0.0689964808226169
QV+C+E,a,M,oof,cluster Construction,15,-0.2891255776087443,-0.7636125722060016,0.03333333333333333,-0.9326860206238194,0.05555555555555555,0.8593240592732693,-0.336456979749011
QV+C+E,a,M,oof,cluster Cut_ins,20,0.0,0.0,0.0,0.0,0.0,1.2230912838036063,0.0
QV+C+E,a,M,oof,cluster Cyclist,71,-0.037461761017920266,-0.12665643010820662,0.0,-0.15645794307484345,0.0,1.0052250985544486,-0.037267037076363974
QV+C+E,a,M,oof,cluster Foreign Object Debris,78,-0.008929511675467858,-0.12111262266338152,0.12533286384173806,-0.15133562545742144,0.1644499539608807,1.2223880225862003,-0.007304973143123355
QV+C+E,a,M,oof,cluster Interections,116,0.02009774127910877,-0.018605443553792105,0.06732356096641356,-0.029132076917852318,0.08291931030838642,1.1365226366004706,0.017683538041287482
QV+C+E,a,M,oof,cluster Multi-Lane Maneuvers,42,0.1428665476185935,-0.07799055747687816,0.47542184929386905,-0.11961579567203436,0.5988941090928979,1.3919412902935275,0.10263834302125366
QV+C+E,a,M,oof,cluster Others,22,-0.133321382782676,-0.43996056318283083,0.0,-0.5499507039785385,0.0,0.6287174013634506,-0.21205295494216045
QV+C+E,a,M,oof,cluster Pedestrian,52,0.08653846153846154,0.0,0.2604166666666667,0.0,0.3333533653846151,0.9236990431022998,0.09368685848998698
QV+C+E,a,M,oof,cluster Single-Lane Maneuvers,38,-0.025396481156349182,-0.10039062586117099,0.014910844819886344,-0.13043381119073896,0.019883130572324218,0.8356722535462101,-0.030390480297243512
QV+C+E,a,M,oof,cluster Special Vehicles,25,0.32,0.0,0.9090909090909091,0.0,1.0909090909090908,1.4522340225793409,0.22035016052828857
QV+C+E,b,M,oof,all,479,0.0,0.0,0.0,0.0,0.0,1.0678815111702824,0.0
QV+C+E,b,M,oof,stopped,120,0.0,0.0,0.0,0.0,0.0,1.3756505391859042,0.0
QV+C+E,b,M,oof,moving,359,0.0,0.0,0.0,0.0,0.0,0.9433390063297361,0.0
QV+C+E,b,M,oof,turn,52,0.0,0.0,0.0,0.0,0.0,2.4388325420599433,0.0
QV+C+E,b,M,oof,straight,427,0.0,0.0,0.0,0.0,0.0,0.8679092909057665,0.0
QV+C+E,b,M,oof,cluster Construction,15,0.0,0.0,0.0,0.0,0.0,0.8593240592732693,0.0
QV+C+E,b,M,oof,cluster Cut_ins,20,0.0,0.0,0.0,0.0,0.0,1.2230912838036063,0.0
QV+C+E,b,M,oof,cluster Cyclist,71,0.0,0.0,0.0,0.0,0.0,1.0052250985544486,0.0
QV+C+E,b,M,oof,cluster Foreign Object Debris,78,0.0,0.0,0.0,0.0,0.0,1.2223880225862003,0.0
QV+C+E,b,M,oof,cluster Interections,116,0.0,0.0,0.0,0.0,0.0,1.1365226366004706,0.0
QV+C+E,b,M,oof,cluster Multi-Lane Maneuvers,42,0.0,0.0,0.0,0.0,0.0,1.3919412902935275,0.0
QV+C+E,b,M,oof,cluster Others,22,0.0,0.0,0.0,0.0,0.0,0.6287174013634506,0.0
QV+C+E,b,M,oof,cluster Pedestrian,52,0.0,0.0,0.0,0.0,0.0,0.9236990431022998,0.0
QV+C+E,b,M,oof,cluster Single-Lane Maneuvers,38,0.0,0.0,0.0,0.0,0.0,0.8356722535462101,0.0
QV+C+E,b,M,oof,cluster Special Vehicles,25,0.0,0.0,0.0,0.0,0.0,1.4522340225793409,0.0
QV+C+E,c,M,oof,all,479,0.00739597260609468,-0.08011219810571615,0.1031256378401808,-0.10548062397955638,0.13022661494538407,1.0678815111702824,0.006925836367360173
QV+C+E,c,M,oof,stopped,120,0.03708580327318814,-0.24036112039320373,0.32427399456879114,-0.3040095934477755,0.41597702263751424,1.3756505391859042,0.026958738587152472
QV+C+E,c,M,oof,moving,359,-0.012471424257787942,-0.044076329639501026,0.01499023327354616,-0.05513305155610298,0.021724293356014415,0.9433390063297361,-0.013220511580784418
QV+C+E,c,M,oof,turn,52,0.433109204494764,0.08011079741065348,0.9460849474908635,0.013560870370134565,1.1307629564533381,2.4388325420599433,0.1775887425747326
QV+C+E,c,M,oof,straight,427,-0.060039127361158476,-0.13657726065002174,0.019252766383531805,-0.16203286235757652,0.04045450975877943,0.8679092909057665,-0.06917673078312195
QV+C+E,c,M,oof,cluster Construction,15,-0.28912556966145836,-0.7636125648722929,0.03333333333333333,-0.9326860205799925,0.05555555555555555,0.8593240592732693,-0.3364569705007119
QV+C+E,c,M,oof,cluster Cut_ins,20,0.036720161442644894,-0.029443357383743637,0.16130977797194912,-0.03619022672187145,0.21031053291308505,1.2230912838036063,0.030022420999070015
QV+C+E,c,M,oof,cluster Cyclist,71,-0.055854304313239914,-0.1617652459432589,0.02349367970836952,-0.1911667377356159,0.0362331770703428,1.0052250985544486,-0.055563977057039755
QV+C+E,c,M,oof,cluster Foreign Object Debris,78,-0.08000020445802082,-0.298044064981795,0.10738669942692143,-0.36513240304152267,0.14883165610861065,1.2223880225862003,-0.06544583469393359
QV+C+E,c,M,oof,cluster Interections,116,-0.027594135945727086,-0.1336531885639987,0.06430084301716019,-0.16935089423400146,0.08770648719753803,1.1365226366004706,-0.02427944244759239
QV+C+E,c,M,oof,cluster Multi-Lane Maneuvers,42,0.12386279766048704,-0.12108272443505025,0.4730408703753104,-0.16846221518392362,0.5893220604238816,1.3919412902935275,0.08898564797540225
QV+C+E,c,M,oof,cluster Others,22,0.017307619479569523,-0.4140477051511843,0.5390652632739927,-0.5409271198340917,0.7409373793844638,0.6287174013634506,0.027528456254011475
QV+C+E,c,M,oof,cluster Pedestrian,52,0.03452605559365251,-0.13754350998955178,0.2307862490520516,-0.20319415826704548,0.31519514334771215,0.9236990431022998,0.037378035466719375
QV+C+E,c,M,oof,cluster Single-Lane Maneuvers,38,-0.02090292355339778,-0.13516171706280494,0.07864021489941178,-0.169906913023745,0.09875006137378299,0.8356722535462101,-0.025013303319208396
QV+C+E,c,M,oof,cluster Special Vehicles,25,0.33502022981643675,-0.029737821647099087,0.9376412219422708,-0.0657362373251664,1.1126659005440072,1.4522340225793409,0.23069300443836238
QL+C+E,b,M,oof,all,479,0.0,0.0,0.0,0.0,0.0,1.0678815111702824,0.0
QL+C+E,b,M,oof,stopped,120,0.0,0.0,0.0,0.0,0.0,1.3756505391859042,0.0
QL+C+E,b,M,oof,moving,359,0.0,0.0,0.0,0.0,0.0,0.9433390063297361,0.0
QL+C+E,b,M,oof,turn,52,0.0,0.0,0.0,0.0,0.0,2.4388325420599433,0.0
QL+C+E,b,M,oof,straight,427,0.0,0.0,0.0,0.0,0.0,0.8679092909057665,0.0
QL+C+E,b,M,oof,cluster Construction,15,0.0,0.0,0.0,0.0,0.0,0.8593240592732693,0.0
QL+C+E,b,M,oof,cluster Cut_ins,20,0.0,0.0,0.0,0.0,0.0,1.2230912838036063,0.0
QL+C+E,b,M,oof,cluster Cyclist,71,0.0,0.0,0.0,0.0,0.0,1.0052250985544486,0.0
QL+C+E,b,M,oof,cluster Foreign Object Debris,78,0.0,0.0,0.0,0.0,0.0,1.2223880225862003,0.0
QL+C+E,b,M,oof,cluster Interections,116,0.0,0.0,0.0,0.0,0.0,1.1365226366004706,0.0
QL+C+E,b,M,oof,cluster Multi-Lane Maneuvers,42,0.0,0.0,0.0,0.0,0.0,1.3919412902935275,0.0
QL+C+E,b,M,oof,cluster Others,22,0.0,0.0,0.0,0.0,0.0,0.6287174013634506,0.0
QL+C+E,b,M,oof,cluster Pedestrian,52,0.0,0.0,0.0,0.0,0.0,0.9236990431022998,0.0
QL+C+E,b,M,oof,cluster Single-Lane Maneuvers,38,0.0,0.0,0.0,0.0,0.0,0.8356722535462101,0.0
QL+C+E,b,M,oof,cluster Special Vehicles,25,0.0,0.0,0.0,0.0,0.0,1.4522340225793409,0.0
