arm,gid,base_id,world,cls,k_name,pick,U_pick,U_op,U_or,travel_pick,travel_op
vrep,200000,11333,minus,ped,k1,shift_L,0.0,1.0,0.0,12.852125022928156,9.527448365969358
vrep,200001,11333,plus,ped,k1,shift_L,0.0,0.0,0.0,13.05083459539972,8.483452055828044
vrep,200002,11333,minus,ped,k1b,shift_L,0.0,1.0,0.0,9.830986014978766,6.530716355558926
vrep,200003,11333,plus,ped,k1b,shift_L,0.0,1.0,0.0,9.829964051732542,6.539764075214579
vrep,200004,11333,minus,ped,k2,shift_L,0.0,1.0,0.0,8.237469631795413,5.083538493363891
vrep,200005,11333,plus,ped,k2,shift_L_slow,0.0,1.0,0.0,4.385415730208859,5.111810172721769
vrep,200006,11381,minus,ped,k1,shift_L,0.0,1.0,0.0,19.26892057602199,13.468179684311044
vrep,200007,11381,plus,ped,k1,shift_L,0.0,1.0,0.0,19.05024481355156,13.465952055894958
vrep,200008,11381,minus,ped,k1b,shift_L,0.0,1.0,0.0,16.247207373581993,11.415256998810397
vrep,200009,11381,plus,ped,k1b,shift_L,0.0,1.0,0.0,16.110460076219795,11.40478714844299
vrep,200010,11381,minus,ped,k2,shift_L,0.0,0.0,0.0,13.678415726483616,8.203178947234585
vrep,200011,11381,plus,ped,k2,shift_L,0.0,0.0,0.0,13.50854269860664,8.002941917564163
vrep,200012,13674,minus,ped,k1,shift_L,0.0,0.0,0.0,22.913676785834884,22.531525827124824
vrep,200013,13674,plus,ped,k1,shift_L,0.0,0.0,0.0,23.078206237599282,22.70006403600721
vrep,200014,13674,minus,ped,k1b,shift_L_slow,0.0,0.0,0.0,15.010035942387354,30.993764261242756
vrep,200015,13674,plus,ped,k1b,shift_L_slow,0.0,0.0,0.0,15.887881525375,31.084408298035395
vrep,200016,13674,minus,ped,k2,shift_L,0.0,0.0,0.0,27.435845847665057,27.16298486644696
vrep,200017,13674,plus,ped,k2,shift_L,0.0,0.0,0.0,27.31806383033674,27.04700539758147
vrep,200018,14382,minus,ped,k1,shift_L,0.0,0.0,0.0,16.11509529791087,15.683332864812677
vrep,200019,14382,plus,ped,k1,shift_L,0.0,0.0,0.0,16.247292992226985,15.77189264953795
vrep,200020,14382,minus,ped,k1b,shift_L,0.0,0.0,0.0,17.065519596214646,16.52018735156521
vrep,200021,14382,plus,ped,k1b,shift_L,0.0,0.0,0.0,16.906472638547186,16.34994026453228
vrep,200022,14382,minus,ped,k2,shift_L,0.0,0.0,0.0,20.044685550685724,19.699216449968304
vrep,200023,14382,plus,ped,k2,shift_L,0.0,1.0,0.0,20.934210265509883,20.568944075354352
vrep,200024,14382,minus,ped,k3,hold,0.0,0.0,0.0,21.11038316956136,21.16151502612425
vrep,200025,14382,plus,ped,k3,op_slow,1.0,1.0,1.0,4.88742218320933,21.311960578118452
vrep,200026,1711,minus,cutin,k3,shift_R,0.0,0.0,0.0,23.822482683457753,23.56036410775192
vrep,200027,1711,plus,cutin,k3,hold,1.0,1.0,0.0,17.049892971807537,14.471681957804202
vrep,200036,17921,minus,ped,k1,hold,0.0,0.0,0.0,21.79443495356424,18.70242407144309
vrep,200037,17921,plus,ped,k1,hold,0.0,0.0,0.0,21.79443495356424,18.383133394758282
vrep,200038,17921,minus,ped,k1b,hold,0.0,0.0,0.0,21.021081816692934,18.408967456367105
vrep,200039,17921,plus,ped,k1b,hold,1.0,0.0,0.0,21.021081816692934,18.445249942739828
vrep,200040,17921,minus,ped,k2,hold,0.0,0.0,0.0,21.820363704679192,19.011649901345827
vrep,200041,17921,plus,ped,k2,hold,1.0,1.0,0.0,21.7799927535158,19.022240910898354
vrep,200042,17921,minus,ped,k3,hold,0.0,0.0,0.0,21.683577525935963,17.471371479451385
vrep,200043,17921,plus,ped,k3,op_stop,0.0,1.0,0.0,5.461335749527325,17.83338653042428
vrep,200044,18027,minus,ped,k1,hold,0.0,0.0,0.0,20.99867849003464,20.31453228105609
vrep,200045,18027,plus,ped,k1,hold,0.0,0.0,0.0,20.99867849003464,20.362704845051482
vrep,200046,18027,minus,ped,k1b,hold,0.0,0.0,0.0,21.711790696303428,21.413987007423593
vrep,200047,18027,plus,ped,k1b,hold,0.0,0.0,0.0,21.711790696303428,21.345846148521836
vrep,200048,18027,minus,ped,k2,hold,0.0,0.0,0.0,21.00903584445293,20.42112001523982
vrep,200049,18027,plus,ped,k2,hold,0.0,0.0,0.0,21.00903584445293,20.372370533505325
vrep,200050,18027,minus,ped,k3,hold,0.0,0.0,0.0,21.346186041759484,20.89647695157929
vrep,200051,18027,plus,ped,k3,brake_mild,1.0,1.0,0.0,11.85779688612444,20.447166733335255
vrep,200052,18344,minus,cutin,k3,op,0.0,0.0,0.0,17.934131062383898,17.934131062383898
vrep,200053,18344,plus,cutin,k3,op_stop,0.0,1.0,0.0,5.34350535958564,15.360321820282921
vrep,200054,22531,minus,cutin,k1,op,0.0,0.0,0.0,22.043459092070634,22.043459092070634
vrep,200055,22531,plus,cutin,k1,op,0.0,0.0,0.0,22.011798449990547,22.011798449990547
vrep,200056,22531,minus,cutin,k1b,op,0.0,0.0,0.0,22.603508176258675,22.603508176258675
vrep,200057,22531,plus,cutin,k1b,op,0.0,0.0,0.0,22.770188316800358,22.770188316800358
vrep,200058,22531,minus,cutin,k2,op,0.0,0.0,0.0,22.107730539970703,22.107730539970703
vrep,200059,22531,plus,cutin,k2,op,0.0,0.0,0.0,22.20263876433425,22.20263876433425
vrep,200060,22531,minus,cutin,k3,shift_L,0.0,0.0,0.0,21.46160407721299,21.127336838755806
vrep,200061,22531,plus,cutin,k3,brake_hard,0.0,1.0,0.0,3.2425343829428988,9.047806385222767
vrep,200062,22535,minus,cutin,k1,hold,0.0,0.0,0.0,15.044455102362466,7.3881020735524405
vrep,200063,22535,plus,cutin,k1,hold,0.0,0.0,0.0,15.044455102362466,7.430033214680861
vrep,200064,22535,minus,cutin,k1b,nudge_L,0.0,0.0,0.0,27.56807336400812,27.453660346725115
vrep,200065,22535,plus,cutin,k1b,shift_L,0.0,0.0,0.0,27.769547400427946,27.44155161303583
vrep,200066,22535,minus,cutin,k2,nudge_L,0.0,0.0,0.0,30.515496479302776,30.429248868275224
vrep,200067,22535,plus,cutin,k2,nudge_L,0.0,0.0,0.0,30.439372999567816,30.36249166029483
vrep,200068,22535,minus,cutin,k3,hold,0.0,0.0,0.0,21.68984536661349,20.968105890322867
vrep,200069,22535,plus,cutin,k3,op,0.0,0.0,0.0,8.46034125677371,8.46034125677371
vrep,200070,23697,minus,cutin,k1,nudge_L,0.0,0.0,0.0,31.247854577062753,31.268094780542857
vrep,200071,23697,plus,cutin,k1,nudge_L,0.0,0.0,0.0,31.195507752168577,31.145016225934558
vrep,200072,23697,minus,cutin,k1b,shift_L,0.0,0.0,0.0,23.135502284912306,22.70156837807967
vrep,200073,23697,plus,cutin,k1b,shift_L,0.0,0.0,0.0,23.047047353178648,22.61116313356558
vrep,200074,23697,minus,cutin,k2,shift_L,0.0,0.0,0.0,26.568173301946988,26.18440812116231
vrep,200075,23697,plus,cutin,k2,shift_L,0.0,0.0,0.0,26.504235601319007,26.120483149488116
vrep,200076,23697,minus,cutin,k3,op,0.0,0.0,0.0,19.849843442478413,19.849843442478413
vrep,200077,23697,plus,cutin,k3,hold,0.0,0.0,0.0,22.275304577421405,17.729938186910065
vrep,200078,24211,minus,ped,k1,op,0.0,0.0,0.0,16.689987169407065,16.689987169407065
vrep,200079,24211,plus,ped,k1,op,0.0,0.0,0.0,16.82477507166086,16.82477507166086
vrep,200080,24211,minus,ped,k1b,op,0.0,0.0,0.0,16.344014250535473,16.344014250535473
vrep,200081,24211,plus,ped,k1b,op,0.0,0.0,0.0,16.3748496793438,16.3748496793438
vrep,200082,24211,minus,ped,k2,hold,0.0,0.0,0.0,22.014130458948852,15.534546366104943
vrep,200083,24211,plus,ped,k2,hold,0.0,0.0,0.0,22.014130458948852,15.711895310590895
vrep,200084,24211,minus,ped,k3,op,0.0,0.0,0.0,17.97915260119719,17.97915260119719
vrep,200085,24211,plus,ped,k3,op_stop,1.0,1.0,1.0,5.4029015046683995,18.07355454709548
vrep,200086,24294,minus,ped,k1,op,0.0,0.0,0.0,40.99739898764824,40.99739898764824
vrep,200087,24294,plus,ped,k1,op,1.0,1.0,0.0,40.91803606314226,40.91803606314226
vrep,200088,24294,minus,ped,k1b,hold,0.0,0.0,0.0,40.01828973176318,37.3440413781203
vrep,200089,24294,plus,ped,k1b,hold,1.0,1.0,0.0,39.954770197188395,37.2659986198148
vrep,200090,24294,minus,ped,k2,hold,0.0,0.0,0.0,40.65255198852443,36.34767157176209
vrep,200091,24294,plus,ped,k2,hold,1.0,1.0,0.0,40.63378079998872,36.062923521345844
vrep,200092,24294,minus,ped,k3,op,0.0,0.0,0.0,35.021707415606734,35.021707415606734
vrep,200093,24294,plus,ped,k3,shift_L_slow,0.0,1.0,0.0,15.7312036400182,35.03378922688786
vrep,200094,2460,minus,ped,k1,op,0.0,0.0,0.0,22.224503126064153,22.224503126064153
vrep,200095,2460,plus,ped,k1,op,0.0,0.0,0.0,22.107414047373233,22.107414047373233
vrep,200096,2460,minus,ped,k1b,hold,0.0,0.0,0.0,20.941869042805962,20.85209494231288
vrep,200097,2460,plus,ped,k1b,hold,0.0,0.0,0.0,20.941869042805962,20.85315994410294
vrep,200098,2460,minus,ped,k2,hold,0.0,0.0,0.0,21.73389148798064,20.411655752588302
vrep,200099,2460,plus,ped,k2,hold,0.0,0.0,0.0,21.73389148798064,20.523572627920725
vrep,200100,2460,minus,ped,k3,hold,0.0,0.0,0.0,21.585515368527574,22.35236833819869
vrep,200101,2460,plus,ped,k3,op_stop,1.0,1.0,1.0,5.319056086472016,21.77042638125797
vrep,200102,24759,minus,cutin,k3,shift_R,0.0,0.0,0.0,24.395523248604558,23.560592981612103
vrep,200103,24759,plus,cutin,k3,op_stop,0.0,1.0,0.0,6.218319197799937,17.77714557083059
vrep,200104,26405,minus,cutin,k1,op_stop,0.0,0.0,0.0,6.009582903244295,22.348945303476192
vrep,200105,26405,plus,cutin,k1,op_stop,0.0,0.0,0.0,6.00623464588057,22.463843477668668
vrep,200106,26405,minus,cutin,k1b,brake_hard,0.0,0.0,0.0,3.1454133425977617,20.466644185811795
vrep,200107,26405,plus,cutin,k1b,brake_hard,0.0,0.0,0.0,3.1454133425977617,20.565793408079262
vrep,200108,26405,minus,cutin,k2,brake_hard,0.0,0.0,0.0,3.4318935725230273,22.269350385537646
vrep,200109,26405,plus,cutin,k2,brake_hard,0.0,0.0,0.0,3.4318935725230273,22.388558505054448
vrep,200110,26405,minus,cutin,k3,op_stop,0.0,0.0,0.0,5.290723205142155,22.231990218683514
vrep,200111,26405,plus,cutin,k3,op_stop,0.0,0.0,0.0,5.267587849322165,17.86712701555785
vrep,200112,3731,minus,ped,k1,shift_L,0.0,1.0,0.0,20.159349149228074,13.776668988887279
vrep,200113,3731,plus,ped,k1,shift_L,0.0,1.0,0.0,19.617552572194104,13.750201027931551
vrep,200114,3731,minus,ped,k1b,brake_mild,0.0,1.0,0.0,7.304263600231785,11.440619192078712
vrep,200115,3731,plus,ped,k1b,brake_mild,0.0,1.0,0.0,7.283490810061686,11.394218181100047
vrep,200116,3731,minus,ped,k2,brake_mild,1.0,1.0,0.0,9.867197809072584,9.87137175946246
vrep,200117,3731,plus,ped,k2,brake_mild,1.0,1.0,0.0,9.869053471704115,9.957683795274848
vrep,200118,3737,minus,ped,k1,hold,1.0,1.0,0.0,9.466596202365295,9.362247560358039
vrep,200119,3737,plus,ped,k1,hold,1.0,1.0,0.0,9.466596202365295,9.367000514085865
vrep,200120,3737,minus,ped,k1b,brake_mild,1.0,1.0,0.0,6.512493340156945,6.490248908455103
vrep,200121,3737,plus,ped,k1b,brake_mild,1.0,1.0,0.0,6.513886732063878,6.488155426415669
vrep,200122,3737,minus,ped,k2,hold,1.0,1.0,0.0,5.204118172459142,5.116888200137204
vrep,200123,3737,plus,ped,k2,brake_mild,1.0,1.0,0.0,5.1291196799980865,5.125534830809468
vrep,200124,3813,minus,cutin,k1,shift_L,0.0,0.0,0.0,25.513021539577494,25.148688406831536
vrep,200125,3813,plus,cutin,k1,shift_L,0.0,0.0,0.0,25.437788726768247,25.073249840960308
vrep,200126,3813,minus,cutin,k1b,shift_L,0.0,0.0,0.0,20.83266269550138,20.4685152723248
vrep,200127,3813,plus,cutin,k1b,shift_L,0.0,0.0,0.0,20.640193103943044,20.271984792271496
vrep,200128,3813,minus,cutin,k2,shift_L,0.0,0.0,0.0,21.452391162608244,21.109393744066764
vrep,200129,3813,plus,cutin,k2,shift_L,0.0,0.0,0.0,20.91728247301589,20.584746450173668
vrep,200130,3813,minus,cutin,k3,hold,0.0,0.0,0.0,21.50122388714812,19.046938754592116
vrep,200131,3813,plus,cutin,k3,hold,0.0,0.0,0.0,21.50122388714812,21.74415695383682
vrep,200132,11333,minus,ped,k1,shift_L,0.0,1.0,0.0,18.642425535083166,11.908113727006816
vrep,200133,11333,plus,ped,k1,shift_L,0.0,1.0,0.0,18.605697107763447,11.939366643976772
vrep,200134,11333,minus,ped,k1b,shift_L,0.0,1.0,0.0,13.744359363720918,8.838913623109338
vrep,200135,11333,plus,ped,k1b,shift_L,0.0,1.0,0.0,10.5264737491012,8.838325794694269
vrep,200136,11333,minus,ped,k2,shift_L,0.0,0.0,0.0,7.898198945059516,7.330703984388254
vrep,200137,11333,plus,ped,k2,shift_L,0.0,0.0,0.0,7.9268939388581305,7.203362928320402
vrep,200138,11381,minus,ped,k1,shift_L,0.0,1.0,0.0,19.156942807854556,15.366504194837601
vrep,200139,11381,plus,ped,k1,shift_L,0.0,1.0,0.0,19.12598763959455,15.339148922040263
vrep,200140,11381,minus,ped,k1b,shift_L,0.0,1.0,0.0,17.10061930762869,13.279721493456833
vrep,200141,11381,plus,ped,k1b,shift_L,0.0,1.0,0.0,16.963056400704538,13.391673899714345
vrep,200142,11381,minus,ped,k2,shift_L,0.0,1.0,0.0,16.99218509826904,12.054220554465605
vrep,200143,11381,plus,ped,k2,shift_L,0.0,1.0,0.0,16.81229275668237,11.894644286211276
vrep,200144,13674,minus,ped,k1,shift_L,0.0,0.0,0.0,23.78356945497255,23.388390136338014
vrep,200145,13674,plus,ped,k1,shift_L,0.0,0.0,0.0,23.927824322421326,23.536315799861683
vrep,200146,13674,minus,ped,k1b,shift_L,0.0,0.0,0.0,31.30446989844357,31.289720117161984
vrep,200147,13674,plus,ped,k1b,shift_L,0.0,0.0,0.0,31.24870568908904,31.208316783415547
vrep,200148,13674,minus,ped,k2,shift_L,0.0,0.0,0.0,27.720064441322382,27.557710961994097
vrep,200149,13674,plus,ped,k2,shift_L,0.0,0.0,0.0,28.175947993027588,27.505256343232414
vrep,200150,14382,minus,ped,k1,shift_L,0.0,0.0,0.0,15.966692322965994,15.454610308223316
vrep,200151,14382,plus,ped,k1,shift_L,0.0,0.0,0.0,16.120241891208906,15.608622251347128
vrep,200152,14382,minus,ped,k1b,shift_L,0.0,0.0,0.0,16.8565688016056,16.268635914809295
vrep,200153,14382,plus,ped,k1b,shift_L,0.0,0.0,0.0,17.103318901877707,16.311008914471344
vrep,200154,14382,minus,ped,k2,shift_L,0.0,0.0,0.0,18.755695884854568,18.348424463910614
vrep,200155,14382,plus,ped,k2,shift_L,0.0,1.0,0.0,20.267956097592947,19.836910729262282
vrep,200156,14382,minus,ped,k3,shift_L,0.0,0.0,0.0,21.479111678744463,21.136740786863815
vrep,200157,14382,plus,ped,k3,brake_hard,1.0,1.0,1.0,3.0364187740545407,21.622156481454144
vrep,200158,1711,minus,cutin,k3,op,0.0,0.0,0.0,23.231180732254526,23.231180732254526
vrep,200159,1711,plus,cutin,k3,op,1.0,1.0,0.0,14.66719426506011,14.66719426506011
vrep,200160,17752,minus,ped,k1,hold,0.0,0.0,0.0,21.14405778257642,17.802988745212023
vrep,200161,17752,plus,ped,k1,hold,1.0,1.0,0.0,21.160554826607022,17.663430153737337
vrep,200162,17752,minus,ped,k1b,hold,0.0,0.0,0.0,22.307814686338535,17.42875480383759
vrep,200163,17752,plus,ped,k1b,op_stop,0.0,1.0,0.0,6.3072034866917415,17.374143920153212
vrep,200164,17752,minus,ped,k2,hold,0.0,0.0,0.0,21.2045039915842,17.143006959371853
vrep,200165,17752,plus,ped,k2,op_stop,0.0,1.0,0.0,5.83991227920734,16.64110762143477
vrep,200166,17752,minus,ped,k3,hold,0.0,0.0,0.0,21.41831062527054,16.828490568178687
vrep,200167,17752,plus,ped,k3,op_stop,1.0,1.0,1.0,5.420238513815269,16.649805451536118
vrep,200168,17921,minus,ped,k1,hold,0.0,0.0,0.0,21.79443495356424,18.873855925174038
vrep,200169,17921,plus,ped,k1,hold,0.0,0.0,0.0,21.79443495356424,18.95221014898903
vrep,200170,17921,minus,ped,k1b,hold,0.0,0.0,0.0,21.021081816692934,18.0900950350074
vrep,200171,17921,plus,ped,k1b,hold,1.0,0.0,0.0,21.021081816692934,18.099491424426017
vrep,200172,17921,minus,ped,k2,hold,0.0,0.0,0.0,21.820363704679192,17.895322107863144
vrep,200173,17921,plus,ped,k2,hold,1.0,1.0,0.0,21.7799927535158,17.845711913483527
vrep,200174,17921,minus,ped,k3,hold,0.0,0.0,0.0,21.683577525935963,20.479107722167804
vrep,200175,17921,plus,ped,k3,op_stop,1.0,1.0,0.0,5.5065642654779365,19.988539693344865
vrep,200176,18027,minus,ped,k1,hold,0.0,0.0,0.0,20.99867849003464,21.334515359890858
vrep,200177,18027,plus,ped,k1,hold,0.0,0.0,0.0,20.99867849003464,21.334596878196468
vrep,200178,18027,minus,ped,k1b,hold,0.0,0.0,0.0,21.711790696303428,21.58824720090149
vrep,200179,18027,plus,ped,k1b,hold,0.0,0.0,0.0,21.711790696303428,21.571837309710393
vrep,200180,18027,minus,ped,k2,hold,0.0,0.0,0.0,21.00903584445293,20.864450646172717
vrep,200181,18027,plus,ped,k2,hold,0.0,0.0,0.0,21.00903584445293,20.823800101734257
vrep,200182,18027,minus,ped,k3,hold,0.0,0.0,0.0,21.346186041759484,20.5554803959952
vrep,200183,18027,plus,ped,k3,brake_mild,1.0,1.0,0.0,11.858036339083247,19.853202581335868
vrep,200184,18344,minus,cutin,k3,op,0.0,0.0,0.0,23.58989323545526,23.58989323545526
vrep,200185,18344,plus,cutin,k3,op_stop,0.0,1.0,0.0,5.276218466698872,16.685999080214938
vrep,200186,22531,minus,cutin,k1,op,0.0,0.0,0.0,23.360984526080706,23.360984526080706
vrep,200187,22531,plus,cutin,k1,op,0.0,0.0,0.0,23.279870151940724,23.279870151940724
vrep,200188,22531,minus,cutin,k1b,op,0.0,0.0,0.0,22.784982852711668,22.784982852711668
vrep,200189,22531,plus,cutin,k1b,op,0.0,0.0,0.0,22.610482465995673,22.610482465995673
vrep,200190,22531,minus,cutin,k2,op,0.0,0.0,0.0,22.381741266561633,22.381741266561633
vrep,200191,22531,plus,cutin,k2,op,0.0,0.0,0.0,22.32069611130083,22.32069611130083
vrep,200192,22531,minus,cutin,k3,shift_L,0.0,0.0,0.0,21.76721774008135,21.42618191383777
vrep,200193,22531,plus,cutin,k3,op_stop,0.0,1.0,0.0,5.93696266046555,8.541518915393695
vrep,200194,22535,minus,cutin,k1,op,0.0,0.0,0.0,7.767074344926566,7.767074344926566
vrep,200195,22535,plus,cutin,k1,op,0.0,0.0,0.0,7.734971960509741,7.734971960509741
vrep,200196,22535,minus,cutin,k1b,nudge_L,0.0,0.0,0.0,27.31830662414635,27.20210779378791
vrep,200197,22535,plus,cutin,k1b,nudge_L,0.0,0.0,0.0,27.306463472692347,27.190238081361866
vrep,200198,22535,minus,cutin,k2,nudge_L,0.0,0.0,0.0,30.110167305369256,30.01762240680069
vrep,200199,22535,plus,cutin,k2,nudge_L,0.0,0.0,0.0,30.09290045637146,30.00029235033875
vrep,200200,22535,minus,cutin,k3,hold,0.0,0.0,0.0,21.68984536661349,20.79085726625983
vrep,200201,22535,plus,cutin,k3,op,0.0,0.0,0.0,8.23079775944576,8.23079775944576
vrep,200202,23697,minus,cutin,k1,nudge_L,0.0,0.0,0.0,31.74142684500665,31.870632922439114
vrep,200203,23697,plus,cutin,k1,nudge_L,0.0,0.0,0.0,31.74175435952974,31.871017260751973
vrep,200204,23697,minus,cutin,k1b,shift_L,0.0,0.0,0.0,26.379532415920433,26.008714410769322
vrep,200205,23697,plus,cutin,k1b,shift_L,0.0,0.0,0.0,26.351669783698032,25.98768995377855
vrep,200206,23697,minus,cutin,k2,nudge_L,0.0,0.0,0.0,28.064339834250408,27.926634087627814
vrep,200207,23697,plus,cutin,k2,nudge_L,0.0,0.0,0.0,28.084884386157384,27.938324232577276
vrep,200208,23697,minus,cutin,k3,op,0.0,0.0,0.0,19.99038993815936,19.99038993815936
vrep,200209,23697,plus,cutin,k3,hold,0.0,0.0,0.0,22.275304577421405,17.73595188803677
vrep,200210,24211,minus,ped,k1,hold,0.0,0.0,0.0,22.013397905811726,13.532705252133946
vrep,200211,24211,plus,ped,k1,hold,0.0,0.0,0.0,22.013397905811726,15.266308928214357
vrep,200212,24211,minus,ped,k1b,hold,0.0,0.0,0.0,20.949250118744484,13.452116979592882
vrep,200213,24211,plus,ped,k1b,hold,0.0,0.0,0.0,20.949250118744484,13.660011903004154
vrep,200214,24211,minus,ped,k2,hold,0.0,0.0,0.0,22.014130458948852,15.067014572786372
vrep,200215,24211,plus,ped,k2,hold,0.0,0.0,0.0,22.014130458948852,13.46732080326202
vrep,200216,24211,minus,ped,k3,hold,0.0,0.0,0.0,21.982041125185326,16.760370127255964
vrep,200217,24211,plus,ped,k3,op_stop,1.0,1.0,1.0,5.450459477169832,18.817973774965537
vrep,200218,24294,minus,ped,k1,op,0.0,0.0,0.0,41.161123416707795,41.161123416707795
vrep,200219,24294,plus,ped,k1,op,1.0,1.0,0.0,41.03962863626469,41.03962863626469
vrep,200220,24294,minus,ped,k1b,hold,0.0,0.0,0.0,40.01828973176318,37.63640098159681
vrep,200221,24294,plus,ped,k1b,hold,1.0,1.0,0.0,39.954770197188395,37.55273473629512
vrep,200222,24294,minus,ped,k2,hold,0.0,0.0,0.0,40.65255198852443,36.60652441298852
vrep,200223,24294,plus,ped,k2,hold,1.0,1.0,0.0,40.63378079998872,36.4015179029095
vrep,200224,24294,minus,ped,k3,shift_L_slow,0.0,0.0,0.0,11.605537586077096,34.98268223671745
vrep,200225,24294,plus,ped,k3,shift_L_slow,1.0,1.0,1.0,11.552045118815967,34.97082515362338
vrep,200226,2460,minus,ped,k1,hold,0.0,0.0,0.0,21.848882598193303,21.599449052579715
vrep,200227,2460,plus,ped,k1,hold,0.0,0.0,0.0,21.848882598193303,21.61015898998751
vrep,200228,2460,minus,ped,k1b,op,0.0,0.0,0.0,22.308464827220558,22.308464827220558
vrep,200229,2460,plus,ped,k1b,op,0.0,0.0,0.0,21.888302663902365,21.888302663902365
vrep,200230,2460,minus,ped,k2,hold,0.0,0.0,0.0,21.73389148798064,21.19118479594317
vrep,200231,2460,plus,ped,k2,hold,0.0,0.0,0.0,21.73389148798064,21.05450825651567
vrep,200232,2460,minus,ped,k3,hold,0.0,0.0,0.0,21.585515368527574,20.36404339259507
vrep,200233,2460,plus,ped,k3,op_stop,1.0,1.0,1.0,5.28024890149308,19.772839272072808
vrep,200234,24759,minus,cutin,k3,hold,0.0,0.0,0.0,22.01625089404258,20.789574899746633
vrep,200235,24759,plus,cutin,k3,op_stop,0.0,1.0,0.0,6.227379460852658,17.117861986199554
vrep,200236,26405,minus,cutin,k1,brake_hard,0.0,0.0,0.0,3.4601515832993295,21.772282875339442
vrep,200237,26405,plus,cutin,k1,brake_hard,0.0,0.0,0.0,3.4601515832993295,22.001832029080973
vrep,200238,26405,minus,cutin,k1b,brake_hard,0.0,0.0,0.0,3.1454133425977617,20.093691721162884
vrep,200239,26405,plus,cutin,k1b,brake_hard,0.0,0.0,0.0,3.1454133425977617,20.27601859165508
vrep,200240,26405,minus,cutin,k2,op_stop,0.0,0.0,0.0,6.1363473087935025,22.101762740730372
vrep,200241,26405,plus,cutin,k2,op_stop,0.0,0.0,0.0,6.011870819808602,22.20071454574073
vrep,200242,26405,minus,cutin,k3,op_stop,0.0,0.0,0.0,5.250524870650855,22.151628575572
vrep,200243,26405,plus,cutin,k3,op_stop,0.0,0.0,0.0,5.274685588363584,17.63724813858283
vrep,200244,3731,minus,ped,k1,shift_L,0.0,1.0,0.0,21.22538962167158,15.127530081014587
vrep,200245,3731,plus,ped,k1,shift_L,0.0,1.0,0.0,20.755076852262274,15.072540538297352
vrep,200246,3731,minus,ped,k1b,brake_mild,0.0,1.0,0.0,7.2723369938035365,12.812255417002522
vrep,200247,3731,plus,ped,k1b,brake_mild,0.0,1.0,0.0,7.562644630463135,12.714585276994772
vrep,200248,3731,minus,ped,k2,brake_mild,1.0,1.0,0.0,11.21644267462296,11.378086147276603
vrep,200249,3731,plus,ped,k2,shift_L,0.0,1.0,0.0,22.72819130778741,11.411668047432231
vrep,200250,3737,minus,ped,k1,brake_mild,1.0,1.0,0.0,9.775035229567521,9.764505155455277
vrep,200251,3737,plus,ped,k1,op,0.0,0.0,0.0,9.611514882915131,9.611514882915131
vrep,200252,3737,minus,ped,k1b,op_stop,0.0,1.0,0.0,5.581766428422204,6.877283262947492
vrep,200253,3737,plus,ped,k1b,op_stop,0.0,1.0,0.0,5.609942422995905,6.895362523942488
vrep,200254,3737,minus,ped,k2,op_stop,1.0,1.0,0.0,5.41182812015905,5.467481585228951
vrep,200255,3737,plus,ped,k2,op_stop,1.0,1.0,0.0,5.433788907849787,5.46632993759767
vrep,200256,3813,minus,cutin,k1,shift_L,0.0,0.0,0.0,25.50979658077074,25.142832835246132
vrep,200257,3813,plus,cutin,k1,shift_L,0.0,0.0,0.0,25.52367957825526,25.15772459521804
vrep,200258,3813,minus,cutin,k1b,shift_L,0.0,0.0,0.0,20.65137198939695,20.26857492681807
vrep,200259,3813,plus,cutin,k1b,shift_L,0.0,0.0,0.0,20.74783487747641,20.375262296626463
vrep,200260,3813,minus,cutin,k2,shift_L,0.0,0.0,0.0,21.019535302828814,20.6772767055809
vrep,200261,3813,plus,cutin,k2,shift_L,0.0,0.0,0.0,21.24781759670006,20.903832259654713
vrep,200262,3813,minus,cutin,k3,hold,0.0,0.0,0.0,21.50122388714812,19.095034319403496
vrep,200263,3813,plus,cutin,k3,hold,0.0,0.0,0.0,21.50122388714812,21.707292369268114
vrep,200414,1773,minus,obstacle,k3,shift_L,0.0,0.0,0.0,29.14825809171275,28.080214116539018
vrep,200415,1773,plus,obstacle,k3,shift_L,0.0,1.0,0.0,25.963778659040436,9.848030940772196
vrep,200416,1790,minus,obstacle,tau4,hold,0.0,0.0,0.0,30.422851617277754,37.55623621196238
vrep,200417,1790,plus,obstacle,tau4,hold,0.0,0.0,0.0,30.137082745643937,34.802878681325936
vrep,200418,1790,minus,obstacle,tau3,op,0.0,0.0,0.0,27.618397770013054,27.618397770013054
vrep,200419,1790,plus,obstacle,tau3,hold,0.0,0.0,0.0,28.129613395093294,24.808324990186883
vrep,200420,1790,minus,obstacle,tau2,hold,0.0,0.0,0.0,29.403129839576714,25.35543546336507
vrep,200421,1790,plus,obstacle,tau2,hold,1.0,0.0,0.0,26.430993354581865,20.332305652407747
vrep,200422,1790,minus,obstacle,k3,hold,0.0,0.0,0.0,29.437733903673937,26.32565621680347
vrep,200423,1790,plus,obstacle,k3,hold,1.0,0.0,0.0,24.716559477756363,16.782044006862268
vrep,200424,1792,minus,obstacle,tau4,shift_L,1.0,0.0,0.0,28.307104305379948,37.41416241449201
vrep,200425,1792,plus,obstacle,tau4,shift_L,1.0,0.0,0.0,27.993796384233544,35.809491511095686
vrep,200426,1792,minus,obstacle,tau3,op,0.0,0.0,0.0,42.619077701895435,42.619077701895435
vrep,200427,1792,plus,obstacle,tau3,shift_L_slow,1.0,1.0,0.0,17.730437857209346,39.148068370123255
vrep,200428,1792,minus,obstacle,tau2,shift_L_slow,1.0,0.0,0.0,21.861699360602877,42.437203810125254
vrep,200429,1792,plus,obstacle,tau2,shift_L_slow,1.0,1.0,0.0,17.87716301712046,35.2717939467673
vrep,200430,1792,minus,obstacle,k3,hold,0.0,0.0,0.0,57.19180025596751,36.50361344993465
vrep,200431,1792,plus,obstacle,k3,shift_L,0.0,0.0,0.0,9.567805569416041,8.84798940851531
vrep,200434,1825,minus,obstacle,k3,hold,0.0,0.0,0.0,29.37354587047713,27.034613912660692
vrep,200435,1825,plus,obstacle,k3,brake_hard,0.0,1.0,0.0,4.895896620997086,6.8681928108336034
vrep,200438,1833,minus,obstacle,tau2,shift_L,0.0,0.0,0.0,15.385646250228636,14.891584763747913
vrep,200439,1833,plus,obstacle,tau2,shift_L,0.0,0.0,0.0,15.237742667442475,14.758277954319942
vrep,200440,1833,minus,obstacle,k3,hold,0.0,0.0,0.0,29.27657868914611,27.072558018874734
vrep,200444,20920,minus,obstacle,tau2,shift_L,0.0,0.0,0.0,14.87090285154766,13.074339663592248
vrep,200445,20920,plus,obstacle,tau2,shift_L,0.0,0.0,0.0,14.99957777576069,13.956899424489345
vrep,200446,20920,minus,obstacle,k3,shift_L,0.0,0.0,0.0,29.339782353895146,29.05709109214477
vrep,200447,20920,plus,obstacle,k3,brake_hard,0.0,1.0,0.0,5.009061270524369,7.4979782410390055
vrep,200454,24367,minus,obstacle,tau2,shift_L,0.0,0.0,0.0,7.788488442590116,6.9993616813393595
vrep,200455,24367,plus,obstacle,tau2,shift_L,0.0,0.0,0.0,13.503366384943469,7.156611892415252
vrep,200456,24367,minus,obstacle,k3,shift_L,1.0,0.0,0.0,25.278227717438188,29.048458998963174
vrep,200457,24367,plus,obstacle,k3,hold,1.0,0.0,0.0,11.006148770751361,5.891970769623553
vrep,200460,24757,minus,obstacle,k3,hold,0.0,0.0,0.0,28.150028268705885,24.49538866953425
vrep,200461,24757,plus,obstacle,k3,shift_L,1.0,1.0,0.0,15.128926668086988,9.17263085052402
vrep,200464,2513,minus,obstacle,tau2,shift_L,0.0,0.0,0.0,12.409028924723563,7.9990441675207915
vrep,200465,2513,plus,obstacle,tau2,shift_L,0.0,0.0,0.0,8.247873060550672,7.652850699164949
vrep,200466,2513,minus,obstacle,k3,hold,0.0,0.0,0.0,29.200743824558646,31.015739826244484
vrep,200467,2513,plus,obstacle,k3,op,1.0,1.0,0.0,13.755817442394395,13.755817442394395
vrep,200470,25383,minus,obstacle,tau2,shift_L,0.0,0.0,0.0,12.666707119248631,7.357626416458042
vrep,200471,25383,plus,obstacle,tau2,shift_L,0.0,0.0,0.0,8.151953021791554,7.117247965737625
vrep,200474,25424,minus,obstacle,tau2,shift_L,0.0,0.0,0.0,14.673676831748022,7.775202038374844
vrep,200475,25424,plus,obstacle,tau2,shift_L,0.0,0.0,0.0,15.355783609749745,13.33632943869751
vrep,200478,2554,minus,obstacle,tau2,shift_L,0.0,0.0,0.0,14.82676955768188,14.30093727017508
vrep,200479,2554,plus,obstacle,tau2,shift_L,0.0,0.0,0.0,14.470749542732317,14.06253561455
vrep,200480,2554,minus,obstacle,k3,shift_R,1.0,1.0,0.0,50.77097911306797,46.596599879811414
vrep,200481,2554,plus,obstacle,k3,shift_L_slow,0.0,1.0,0.0,11.942055764148632,12.79281890851992
vrep,200482,25854,minus,obstacle,tau4,shift_L_slow,0.0,0.0,0.0,23.09409207782192,47.22417393043304
vrep,200483,25854,plus,obstacle,tau4,shift_L_slow,0.0,1.0,0.0,23.569254874902747,43.42419358247487
vrep,200484,25854,minus,obstacle,k3,shift_L_slow,0.0,0.0,0.0,32.634731487949345,44.01870073683246
vrep,200485,25854,plus,obstacle,k3,shift_L,0.0,1.0,0.0,20.429281440858237,19.45106833257657
vrep,200486,25896,minus,obstacle,tau4,nudge_L,0.0,0.0,0.0,34.208889043335375,34.44638218727889
vrep,200487,25896,plus,obstacle,tau4,hold,1.0,1.0,0.0,22.19303031641821,21.832234447144202
vrep,200488,25896,minus,obstacle,tau2,brake_mild,1.0,0.0,0.0,41.40874072643836,26.680144332661552
vrep,200489,25896,plus,obstacle,tau2,hold,1.0,0.0,0.0,13.969897493993011,12.533601980297611
vrep,200490,25896,minus,obstacle,k3,brake_mild,1.0,0.0,0.0,35.37002354167889,19.42879235273762
vrep,200491,25896,plus,obstacle,k3,shift_L,0.0,1.0,0.0,8.634028441403387,6.828611526093876
vrep,200492,25951,minus,obstacle,tau4,op_slow,0.0,0.0,0.0,6.516777622956062,28.980010058663417
vrep,200493,25951,plus,obstacle,tau4,op_slow,0.0,0.0,0.0,6.232448212028646,28.065267311284977
vrep,200494,25951,minus,obstacle,tau3,op_stop,0.0,0.0,0.0,14.031053797085134,21.990149145528278
vrep,200495,25951,plus,obstacle,tau3,op_stop,0.0,0.0,0.0,11.024534059601443,23.440174781271022
vrep,200496,25951,minus,obstacle,tau2,op,0.0,0.0,0.0,23.804484464004922,23.804484464004922
vrep,200497,25951,plus,obstacle,tau2,op_stop,0.0,0.0,0.0,9.578786209483766,19.641211616700147
vrep,200498,25951,minus,obstacle,k3,hold,0.0,0.0,0.0,29.36972886854243,24.398686505920562
vrep,200499,25951,plus,obstacle,k3,op_stop,0.0,1.0,0.0,6.028508195089717,15.424777660071703
vrep,200502,2606,minus,obstacle,tau2,shift_L,1.0,0.0,0.0,13.701282918978501,8.090092296196863
vrep,200503,2606,plus,obstacle,tau2,shift_L,1.0,0.0,0.0,13.634286253738097,8.085661008167497
vrep,200504,2606,minus,obstacle,k3,hold,0.0,0.0,0.0,29.40871012191997,27.37435992088098
vrep,200505,2606,plus,obstacle,k3,shift_L,0.0,1.0,0.0,8.434786325885437,7.696748561496046
vrep,200508,2643,minus,obstacle,tau2,hold,0.0,0.0,0.0,16.52506223453637,13.101427615697167
vrep,200509,2643,plus,obstacle,tau2,shift_L,0.0,0.0,0.0,14.836800581576002,13.405120487901359
vrep,200510,2643,minus,obstacle,k3,op,0.0,0.0,0.0,29.76912748133018,29.76912748133018
vrep,200511,2643,plus,obstacle,k3,brake_hard,1.0,1.0,0.0,4.1991600492303345,4.186129217709026
vrep,200514,2668,minus,obstacle,tau2,shift_L,0.0,0.0,0.0,19.11578184199848,18.473955097594416
vrep,200515,2668,plus,obstacle,tau2,shift_L,0.0,0.0,0.0,18.762692365788944,18.217752805969525
vrep,200516,2668,minus,obstacle,k3,op_stop,0.0,0.0,0.0,24.137434740638692,18.140428055420585
vrep,200517,2668,plus,obstacle,k3,shift_L,0.0,1.0,0.0,8.226133853521718,6.217841109207257
vrep,200518,3436,minus,obstacle,tau4,op,0.0,0.0,0.0,19.1731068384506,19.1731068384506
vrep,200519,3436,plus,obstacle,tau4,op,0.0,0.0,0.0,20.363202569862402,20.363202569862402
vrep,200520,3436,minus,obstacle,tau3,shift_L,0.0,0.0,0.0,24.79711425826237,24.46486245239074
vrep,200521,3436,plus,obstacle,tau3,hold,0.0,0.0,0.0,28.281741014788423,19.80992243424276
vrep,200523,3436,plus,obstacle,tau2,shift_L,1.0,0.0,0.0,14.47558060759867,20.685302173007784
vrep,200524,3436,minus,obstacle,k3,hold,0.0,0.0,0.0,29.200199167910213,24.506843290562106
vrep,200525,3436,plus,obstacle,k3,shift_L,1.0,0.0,0.0,9.176468373093199,8.279429740315443
vrep,200529,1773,plus,obstacle,k3,op,0.0,0.0,0.0,13.53023721158978,13.53023721158978
vrep,200530,1790,minus,obstacle,tau4,hold,0.0,0.0,0.0,31.919251819550418,39.218772906228644
vrep,200531,1790,plus,obstacle,tau4,hold,0.0,0.0,0.0,31.357963912339535,35.16128327226427
vrep,200532,1790,minus,obstacle,tau3,op,0.0,0.0,0.0,32.08465202401774,32.08465202401774
vrep,200533,1790,plus,obstacle,tau3,shift_L,1.0,0.0,0.0,26.48296506632711,27.80469620929705
vrep,200534,1790,minus,obstacle,tau2,hold,0.0,0.0,0.0,29.462855044770333,27.289272401929516
vrep,200536,1792,minus,obstacle,tau4,op,0.0,0.0,0.0,38.94861559641167,38.94861559641167
vrep,200537,1792,plus,obstacle,tau4,hold,0.0,0.0,0.0,33.07141208215232,36.25541258092262
vrep,200538,1792,minus,obstacle,tau3,op,0.0,0.0,0.0,43.36748094561414,43.36748094561414
vrep,200539,1792,plus,obstacle,tau3,hold,1.0,1.0,0.0,36.76542593014213,40.391635509799
vrep,200540,1792,minus,obstacle,tau2,hold,0.0,0.0,0.0,45.0150099343329,44.729959848989274
vrep,200541,1792,plus,obstacle,tau2,shift_L,1.0,1.0,0.0,35.56295192410484,39.10822576388181
vrep,200542,1792,minus,obstacle,k3,shift_L_slow,0.0,0.0,0.0,30.50455189059843,40.214705230909274
vrep,200543,1792,plus,obstacle,k3,shift_L,1.0,1.0,0.0,14.254166196944606,14.421447070655258
vrep,200548,1825,minus,obstacle,k3,brake_mild,0.0,0.0,0.0,20.683415734407248,29.312055809495572
vrep,200549,1825,plus,obstacle,k3,brake_hard,0.0,1.0,0.0,5.195240585696102,6.8495574968314346
vrep,200552,1833,minus,obstacle,tau2,shift_L,0.0,0.0,0.0,16.36873069425812,15.890744967313394
vrep,200553,1833,plus,obstacle,tau2,shift_L,0.0,0.0,0.0,16.39670977696725,15.937447019621173
vrep,200554,1833,minus,obstacle,k3,hold,0.0,0.0,0.0,29.334053738413065,28.071841240960964
vrep,200555,1833,plus,obstacle,k3,brake_hard,0.0,1.0,0.0,4.99059091481196,8.99450686629105
vrep,200558,20920,minus,obstacle,tau2,shift_L,0.0,0.0,0.0,15.936147409189365,15.445659627109643
vrep,200559,20920,plus,obstacle,tau2,shift_L,0.0,0.0,0.0,16.023799528424185,15.552763322495256
vrep,200560,20920,minus,obstacle,k3,shift_L,0.0,0.0,0.0,35.16869509342317,34.97677757376458
vrep,200561,20920,plus,obstacle,k3,brake_hard,0.0,1.0,0.0,4.783719600436904,7.794578671082623
vrep,200568,24367,minus,obstacle,tau2,shift_L,0.0,0.0,0.0,14.386208450745075,7.502330092676311
vrep,200569,24367,plus,obstacle,tau2,shift_L,0.0,0.0,0.0,13.946922988663209,7.297457266658293
vrep,200574,24757,minus,obstacle,k3,hold,0.0,0.0,0.0,28.655739319233938,26.563667602046003
vrep,200575,24757,plus,obstacle,k3,shift_L,0.0,1.0,0.0,28.65503949930813,20.91174179589045
vrep,200578,2513,minus,obstacle,tau2,shift_L,0.0,0.0,0.0,11.667883860367311,7.327890157550628
vrep,200579,2513,plus,obstacle,tau2,shift_L,0.0,0.0,0.0,8.1163023083412,7.596297702266827
vrep,200580,2513,minus,obstacle,k3,hold,0.0,0.0,0.0,29.246138071502752,30.358558768039664
vrep,200581,2513,plus,obstacle,k3,hold,1.0,0.0,0.0,12.213775466710576,7.8208711729617235
vrep,200584,25383,minus,obstacle,tau2,shift_L,0.0,0.0,0.0,15.688360589574497,15.405845611067823
vrep,200585,25383,plus,obstacle,tau2,shift_L,0.0,0.0,0.0,14.794442861247978,14.445518214619533
vrep,200586,25383,minus,obstacle,k3,hold,0.0,0.0,0.0,29.0090694889317,24.334110026827666
vrep,200587,25383,plus,obstacle,k3,shift_L_slow,1.0,0.0,0.0,4.983038115286918,6.2931558327263275
vrep,200590,25424,minus,obstacle,tau2,shift_L,0.0,0.0,0.0,12.858084944713383,7.559119055565097
vrep,200591,25424,plus,obstacle,tau2,hold,0.0,0.0,0.0,16.98578584131383,7.445862082729125
vrep,200594,2554,minus,obstacle,tau2,shift_L,0.0,0.0,0.0,13.244705650863523,8.257092924159409
vrep,200595,2554,plus,obstacle,tau2,shift_L,0.0,0.0,0.0,13.384091646356298,12.83841219567326
vrep,200596,2554,minus,obstacle,k3,shift_L,0.0,0.0,0.0,25.834379024505775,25.50660823554386
vrep,200597,2554,plus,obstacle,k3,shift_L,0.0,0.0,0.0,19.899024669549345,19.362950736448393
vrep,200598,25854,minus,obstacle,tau4,shift_L_slow,0.0,0.0,0.0,22.913066128107207,47.73127402483102
vrep,200599,25854,plus,obstacle,tau4,shift_L_slow,0.0,1.0,0.0,23.735095652353117,43.255508980311696
vrep,200600,25854,minus,obstacle,k3,brake_mild,0.0,0.0,0.0,47.71202277098924,43.2331776092625
vrep,200601,25854,plus,obstacle,k3,op_slow,0.0,1.0,0.0,5.519299893455777,9.718673260609691
vrep,200602,25896,minus,obstacle,tau4,shift_L,0.0,0.0,0.0,31.04252696656439,30.57747645882862
vrep,200603,25896,plus,obstacle,tau4,hold,1.0,1.0,0.0,21.04232630905563,20.71167762333996
vrep,200604,25896,minus,obstacle,tau2,brake_mild,1.0,0.0,0.0,41.02996650130886,33.677894516065884
vrep,200605,25896,plus,obstacle,tau2,hold,1.0,1.0,0.0,14.631860288833632,14.093283613695471
vrep,200606,25896,minus,obstacle,k3,op_stop,0.0,0.0,0.0,27.043843880153243,19.21841601390644
vrep,200607,25896,plus,obstacle,k3,op_slow,1.0,1.0,0.0,5.355283177555713,5.554827200750545
vrep,200608,25951,minus,obstacle,tau4,shift_L,0.0,0.0,0.0,29.414891241680813,29.79197608603497
vrep,200609,25951,plus,obstacle,tau4,shift_L,0.0,0.0,0.0,28.493519395963773,28.904660921118843
vrep,200610,25951,minus,obstacle,tau3,op_stop,0.0,0.0,0.0,11.858986660832759,25.09916588125884
vrep,200611,25951,plus,obstacle,tau3,op_stop,0.0,0.0,0.0,11.31998582792229,21.505799033913657
vrep,200612,25951,minus,obstacle,tau2,brake_mild,0.0,0.0,0.0,19.687727453129423,23.727870370734475
vrep,200613,25951,plus,obstacle,tau2,op_stop,0.0,0.0,0.0,9.303026026421255,19.935674912507235
vrep,200614,25951,minus,obstacle,k3,hold,0.0,0.0,0.0,29.44127405723738,24.257962178659852
vrep,200615,25951,plus,obstacle,k3,op_stop,0.0,1.0,0.0,6.280365944677891,16.697242152511752
vrep,200618,2606,minus,obstacle,tau2,shift_L,1.0,0.0,0.0,15.417920528029377,14.892807481849102
vrep,200619,2606,plus,obstacle,tau2,shift_L,1.0,0.0,0.0,15.408174854498128,14.869328657642939
vrep,200620,2606,minus,obstacle,k3,hold,0.0,0.0,0.0,29.515637645429717,27.258587227201467
vrep,200621,2606,plus,obstacle,k3,shift_L,1.0,1.0,0.0,20.809725484727,8.364103420523627
vrep,200624,2643,minus,obstacle,tau2,shift_L,1.0,0.0,0.0,16.222955069747925,15.726701308380651
vrep,200625,2643,plus,obstacle,tau2,shift_L,1.0,0.0,0.0,16.42339867126632,15.841914534490423
vrep,200626,2643,minus,obstacle,k3,hold,0.0,0.0,0.0,28.952521728904436,26.045848361841745
vrep,200627,2643,plus,obstacle,k3,brake_hard,1.0,1.0,0.0,3.9386182499644864,4.057490987609463
vrep,200630,2668,minus,obstacle,tau2,shift_L,0.0,0.0,0.0,20.98215642061277,20.501684907972272
vrep,200631,2668,plus,obstacle,tau2,shift_L,0.0,0.0,0.0,21.09229886311842,20.624159654015102
vrep,200632,2668,minus,obstacle,k3,shift_L,0.0,0.0,0.0,19.628928365549037,15.857331755168879
vrep,200633,2668,plus,obstacle,k3,shift_L_slow,0.0,1.0,0.0,6.236578280817095,5.280297122907422
vrep,200634,3436,minus,obstacle,tau4,op,0.0,0.0,0.0,21.21840434069388,21.21840434069388
vrep,200635,3436,plus,obstacle,tau4,op,0.0,0.0,0.0,22.381970731116724,22.381970731116724
vrep,200636,3436,minus,obstacle,tau3,shift_L,0.0,0.0,0.0,24.44671810857487,24.117700482906542
vrep,200637,3436,plus,obstacle,tau3,hold,0.0,0.0,0.0,28.312991262900283,20.323624008888935
vrep,200638,3436,minus,obstacle,tau2,hold,0.0,0.0,0.0,29.458988194593765,24.72953795035078
vrep,200640,3436,minus,obstacle,k3,hold,0.0,0.0,0.0,29.406253348605567,25.597183475657793
vrep,200641,3436,plus,obstacle,k3,shift_L,1.0,1.0,0.0,10.297167053584209,15.754869835179061
A,200000,11333,minus,ped,k1,shift_L,0.0,1.0,0.0,12.852125022928156,9.527448365969358
A,200001,11333,plus,ped,k1,shift_L,0.0,0.0,0.0,13.05083459539972,8.483452055828044
A,200002,11333,minus,ped,k1b,shift_L_slow,0.0,1.0,0.0,4.804662761287069,6.530716355558926
A,200003,11333,plus,ped,k1b,shift_L,0.0,1.0,0.0,9.829964051732542,6.539764075214579
A,200004,11333,minus,ped,k2,nudge_L,1.0,1.0,0.0,7.150692598945242,5.083538493363891
A,200005,11333,plus,ped,k2,nudge_L,1.0,1.0,0.0,7.416050041842132,5.111810172721769
A,200006,11381,minus,ped,k1,shift_L,0.0,1.0,0.0,19.26892057602199,13.468179684311044
A,200007,11381,plus,ped,k1,shift_L,0.0,1.0,0.0,19.05024481355156,13.465952055894958
A,200008,11381,minus,ped,k1b,shift_L,0.0,1.0,0.0,16.247207373581993,11.415256998810397
A,200009,11381,plus,ped,k1b,shift_L,0.0,1.0,0.0,16.110460076219795,11.40478714844299
A,200010,11381,minus,ped,k2,shift_L,0.0,0.0,0.0,13.678415726483616,8.203178947234585
A,200011,11381,plus,ped,k2,shift_L,0.0,0.0,0.0,13.50854269860664,8.002941917564163
A,200012,13674,minus,ped,k1,shift_L,0.0,0.0,0.0,22.913676785834884,22.531525827124824
A,200013,13674,plus,ped,k1,shift_L,0.0,0.0,0.0,23.078206237599282,22.70006403600721
A,200014,13674,minus,ped,k1b,hold,0.0,0.0,0.0,22.405326530932413,30.993764261242756
A,200015,13674,plus,ped,k1b,hold,0.0,0.0,0.0,22.405326530932413,31.084408298035395
A,200016,13674,minus,ped,k2,shift_L,0.0,0.0,0.0,27.435845847665057,27.16298486644696
A,200017,13674,plus,ped,k2,shift_L,0.0,0.0,0.0,27.31806383033674,27.04700539758147
A,200018,14382,minus,ped,k1,shift_L,0.0,0.0,0.0,16.11509529791087,15.683332864812677
A,200019,14382,plus,ped,k1,shift_L,0.0,0.0,0.0,16.247292992226985,15.77189264953795
A,200020,14382,minus,ped,k1b,shift_L,0.0,0.0,0.0,17.065519596214646,16.52018735156521
A,200021,14382,plus,ped,k1b,shift_L,0.0,0.0,0.0,16.906472638547186,16.34994026453228
A,200022,14382,minus,ped,k2,shift_L,0.0,0.0,0.0,20.044685550685724,19.699216449968304
A,200023,14382,plus,ped,k2,shift_L,0.0,1.0,0.0,20.934210265509883,20.568944075354352
A,200024,14382,minus,ped,k3,hold,0.0,0.0,0.0,21.11038316956136,21.16151502612425
A,200025,14382,plus,ped,k3,op_slow,1.0,1.0,1.0,4.88742218320933,21.311960578118452
A,200026,1711,minus,cutin,k3,hold,0.0,0.0,0.0,21.461354736131465,23.56036410775192
A,200027,1711,plus,cutin,k3,hold,1.0,1.0,0.0,17.049892971807537,14.471681957804202
A,200036,17921,minus,ped,k1,hold,0.0,0.0,0.0,21.79443495356424,18.70242407144309
A,200037,17921,plus,ped,k1,hold,0.0,0.0,0.0,21.79443495356424,18.383133394758282
A,200038,17921,minus,ped,k1b,hold,0.0,0.0,0.0,21.021081816692934,18.408967456367105
A,200039,17921,plus,ped,k1b,hold,1.0,0.0,0.0,21.021081816692934,18.445249942739828
A,200040,17921,minus,ped,k2,hold,0.0,0.0,0.0,21.820363704679192,19.011649901345827
A,200041,17921,plus,ped,k2,hold,1.0,1.0,0.0,21.7799927535158,19.022240910898354
A,200042,17921,minus,ped,k3,hold,0.0,0.0,0.0,21.683577525935963,17.471371479451385
A,200043,17921,plus,ped,k3,op_stop,0.0,1.0,0.0,5.461335749527325,17.83338653042428
A,200044,18027,minus,ped,k1,hold,0.0,0.0,0.0,20.99867849003464,20.31453228105609
A,200045,18027,plus,ped,k1,hold,0.0,0.0,0.0,20.99867849003464,20.362704845051482
A,200046,18027,minus,ped,k1b,hold,0.0,0.0,0.0,21.711790696303428,21.413987007423593
A,200047,18027,plus,ped,k1b,hold,0.0,0.0,0.0,21.711790696303428,21.345846148521836
A,200048,18027,minus,ped,k2,hold,0.0,0.0,0.0,21.00903584445293,20.42112001523982
A,200049,18027,plus,ped,k2,hold,0.0,0.0,0.0,21.00903584445293,20.372370533505325
A,200050,18027,minus,ped,k3,hold,0.0,0.0,0.0,21.346186041759484,20.89647695157929
A,200051,18027,plus,ped,k3,shift_R_slow,0.0,1.0,0.0,5.132492897203229,20.447166733335255
A,200052,18344,minus,cutin,k3,hold,0.0,0.0,0.0,21.417039286687547,17.934131062383898
A,200053,18344,plus,cutin,k3,op_stop,0.0,1.0,0.0,5.34350535958564,15.360321820282921
A,200054,22531,minus,cutin,k1,nudge_L,1.0,0.0,0.0,12.598448963083442,22.043459092070634
A,200055,22531,plus,cutin,k1,nudge_L,1.0,0.0,0.0,12.597614474426724,22.011798449990547
A,200056,22531,minus,cutin,k1b,op,0.0,0.0,0.0,22.603508176258675,22.603508176258675
A,200057,22531,plus,cutin,k1b,op,0.0,0.0,0.0,22.770188316800358,22.770188316800358
A,200058,22531,minus,cutin,k2,op,0.0,0.0,0.0,22.107730539970703,22.107730539970703
A,200059,22531,plus,cutin,k2,op,0.0,0.0,0.0,22.20263876433425,22.20263876433425
A,200060,22531,minus,cutin,k3,op,0.0,0.0,0.0,21.127336838755806,21.127336838755806
A,200061,22531,plus,cutin,k3,nudge_L,0.0,1.0,0.0,9.284879658753946,9.047806385222767
A,200062,22535,minus,cutin,k1,hold,0.0,0.0,0.0,15.044455102362466,7.3881020735524405
A,200063,22535,plus,cutin,k1,hold,0.0,0.0,0.0,15.044455102362466,7.430033214680861
A,200064,22535,minus,cutin,k1b,nudge_L,0.0,0.0,0.0,27.56807336400812,27.453660346725115
A,200065,22535,plus,cutin,k1b,nudge_L,0.0,0.0,0.0,27.555513194724025,27.44155161303583
A,200066,22535,minus,cutin,k2,nudge_L,0.0,0.0,0.0,30.515496479302776,30.429248868275224
A,200067,22535,plus,cutin,k2,nudge_L,0.0,0.0,0.0,30.439372999567816,30.36249166029483
A,200068,22535,minus,cutin,k3,hold,0.0,0.0,0.0,21.68984536661349,20.968105890322867
A,200069,22535,plus,cutin,k3,brake_mild,0.0,0.0,0.0,12.359194950347856,8.46034125677371
A,200070,23697,minus,cutin,k1,nudge_L,0.0,0.0,0.0,31.247854577062753,31.268094780542857
A,200071,23697,plus,cutin,k1,nudge_L,0.0,0.0,0.0,31.195507752168577,31.145016225934558
A,200072,23697,minus,cutin,k1b,nudge_L,0.0,0.0,0.0,22.856993357998885,22.70156837807967
A,200073,23697,plus,cutin,k1b,nudge_L,0.0,0.0,0.0,22.767878498502338,22.61116313356558
A,200074,23697,minus,cutin,k2,nudge_L,0.0,0.0,0.0,26.32407575272839,26.18440812116231
A,200075,23697,plus,cutin,k2,nudge_L,0.0,0.0,0.0,26.265974392083407,26.120483149488116
A,200076,23697,minus,cutin,k3,hold,0.0,0.0,0.0,22.275304577421405,19.849843442478413
A,200077,23697,plus,cutin,k3,hold,0.0,0.0,0.0,22.275304577421405,17.729938186910065
A,200078,24211,minus,ped,k1,op,0.0,0.0,0.0,16.689987169407065,16.689987169407065
A,200079,24211,plus,ped,k1,op,0.0,0.0,0.0,16.82477507166086,16.82477507166086
A,200080,24211,minus,ped,k1b,hold,0.0,0.0,0.0,20.949250118744484,16.344014250535473
A,200081,24211,plus,ped,k1b,hold,0.0,0.0,0.0,20.949250118744484,16.3748496793438
A,200082,24211,minus,ped,k2,hold,0.0,0.0,0.0,22.014130458948852,15.534546366104943
A,200083,24211,plus,ped,k2,hold,0.0,0.0,0.0,22.014130458948852,15.711895310590895
A,200084,24211,minus,ped,k3,hold,0.0,0.0,0.0,21.982041125185326,17.97915260119719
A,200085,24211,plus,ped,k3,shift_R_slow,1.0,1.0,1.0,4.937865915826631,18.07355454709548
A,200086,24294,minus,ped,k1,nudge_L,0.0,0.0,0.0,41.05227682877301,40.99739898764824
A,200087,24294,plus,ped,k1,nudge_L,0.0,1.0,0.0,41.06738654379078,40.91803606314226
A,200088,24294,minus,ped,k1b,nudge_L,0.0,0.0,0.0,37.408967598169866,37.3440413781203
A,200089,24294,plus,ped,k1b,nudge_L,0.0,1.0,0.0,37.37607797181311,37.2659986198148
A,200090,24294,minus,ped,k2,hold,0.0,0.0,0.0,40.65255198852443,36.34767157176209
A,200091,24294,plus,ped,k2,hold,1.0,1.0,0.0,40.63378079998872,36.062923521345844
A,200092,24294,minus,ped,k3,brake_mild,0.0,0.0,0.0,30.558935089142906,35.021707415606734
A,200093,24294,plus,ped,k3,op_slow,1.0,1.0,0.0,17.515355041879264,35.03378922688786
A,200094,2460,minus,ped,k1,nudge_L,1.0,0.0,0.0,15.531680431981831,22.224503126064153
A,200095,2460,plus,ped,k1,nudge_L,1.0,0.0,0.0,16.06232108448177,22.107414047373233
A,200096,2460,minus,ped,k1b,hold,0.0,0.0,0.0,20.941869042805962,20.85209494231288
A,200097,2460,plus,ped,k1b,hold,0.0,0.0,0.0,20.941869042805962,20.85315994410294
A,200098,2460,minus,ped,k2,hold,0.0,0.0,0.0,21.73389148798064,20.411655752588302
A,200099,2460,plus,ped,k2,hold,0.0,0.0,0.0,21.73389148798064,20.523572627920725
A,200100,2460,minus,ped,k3,hold,0.0,0.0,0.0,21.585515368527574,22.35236833819869
A,200101,2460,plus,ped,k3,op_stop,1.0,1.0,1.0,5.319056086472016,21.77042638125797
A,200102,24759,minus,cutin,k3,hold,0.0,0.0,0.0,22.01625089404258,23.560592981612103
A,200103,24759,plus,cutin,k3,op_stop,0.0,1.0,0.0,6.218319197799937,17.77714557083059
A,200104,26405,minus,cutin,k1,op,0.0,0.0,0.0,22.348945303476192,22.348945303476192
A,200105,26405,plus,cutin,k1,op,0.0,0.0,0.0,22.463843477668668,22.463843477668668
A,200106,26405,minus,cutin,k1b,op,0.0,0.0,0.0,20.466644185811795,20.466644185811795
A,200107,26405,plus,cutin,k1b,op,0.0,0.0,0.0,20.565793408079262,20.565793408079262
A,200108,26405,minus,cutin,k2,op,0.0,0.0,0.0,22.269350385537646,22.269350385537646
A,200109,26405,plus,cutin,k2,op,0.0,0.0,0.0,22.388558505054448,22.388558505054448
A,200110,26405,minus,cutin,k3,op,0.0,0.0,0.0,22.231990218683514,22.231990218683514
A,200111,26405,plus,cutin,k3,brake_mild,0.0,0.0,0.0,11.81879166915337,17.86712701555785
A,200112,3731,minus,ped,k1,hold,1.0,1.0,0.0,13.78612484484359,13.776668988887279
A,200113,3731,plus,ped,k1,op,1.0,1.0,0.0,13.750201027931551,13.750201027931551
A,200114,3731,minus,ped,k1b,hold,1.0,1.0,0.0,11.467098621469155,11.440619192078712
A,200115,3731,plus,ped,k1b,op,1.0,1.0,0.0,11.394218181100047,11.394218181100047
A,200116,3731,minus,ped,k2,shift_L,0.0,1.0,0.0,20.43487584446002,9.87137175946246
A,200117,3731,plus,ped,k2,shift_L,0.0,1.0,0.0,20.63128398547895,9.957683795274848
A,200118,3737,minus,ped,k1,hold,1.0,1.0,0.0,9.466596202365295,9.362247560358039
A,200119,3737,plus,ped,k1,hold,1.0,1.0,0.0,9.466596202365295,9.367000514085865
A,200120,3737,minus,ped,k1b,op,1.0,1.0,0.0,6.490248908455103,6.490248908455103
A,200121,3737,plus,ped,k1b,brake_mild,1.0,1.0,0.0,6.513886732063878,6.488155426415669
A,200122,3737,minus,ped,k2,brake_mild,1.0,1.0,0.0,5.129890656428897,5.116888200137204
A,200123,3737,plus,ped,k2,brake_mild,1.0,1.0,0.0,5.1291196799980865,5.125534830809468
A,200124,3813,minus,cutin,k1,nudge_L,0.0,0.0,0.0,25.277045800207155,25.148688406831536
A,200125,3813,plus,cutin,k1,nudge_L,0.0,0.0,0.0,25.202215415295605,25.073249840960308
A,200126,3813,minus,cutin,k1b,hold,0.0,0.0,0.0,21.193853713675367,20.4685152723248
A,200127,3813,plus,cutin,k1b,hold,0.0,0.0,0.0,21.193853713675367,20.271984792271496
A,200128,3813,minus,cutin,k2,hold,0.0,0.0,0.0,22.376717540733186,21.109393744066764
A,200129,3813,plus,cutin,k2,hold,0.0,0.0,0.0,22.376717540733186,20.584746450173668
A,200130,3813,minus,cutin,k3,hold,0.0,0.0,0.0,21.50122388714812,19.046938754592116
A,200131,3813,plus,cutin,k3,hold,0.0,0.0,0.0,21.50122388714812,21.74415695383682
A,200132,11333,minus,ped,k1,shift_L,0.0,1.0,0.0,18.642425535083166,11.908113727006816
A,200133,11333,plus,ped,k1,shift_L,0.0,1.0,0.0,18.605697107763447,11.939366643976772
A,200134,11333,minus,ped,k1b,shift_L,0.0,1.0,0.0,13.744359363720918,8.838913623109338
A,200135,11333,plus,ped,k1b,shift_L,0.0,1.0,0.0,10.5264737491012,8.838325794694269
A,200136,11333,minus,ped,k2,nudge_L,0.0,0.0,0.0,7.579495046766774,7.330703984388254
A,200137,11333,plus,ped,k2,nudge_L,0.0,0.0,0.0,7.671406313685437,7.203362928320402
A,200138,11381,minus,ped,k1,shift_L,0.0,1.0,0.0,19.156942807854556,15.366504194837601
A,200139,11381,plus,ped,k1,shift_L,0.0,1.0,0.0,19.12598763959455,15.339148922040263
A,200140,11381,minus,ped,k1b,shift_L,0.0,1.0,0.0,17.10061930762869,13.279721493456833
A,200141,11381,plus,ped,k1b,shift_L,0.0,1.0,0.0,16.963056400704538,13.391673899714345
A,200142,11381,minus,ped,k2,shift_L,0.0,1.0,0.0,16.99218509826904,12.054220554465605
A,200143,11381,plus,ped,k2,shift_L,0.0,1.0,0.0,16.81229275668237,11.894644286211276
A,200144,13674,minus,ped,k1,op,0.0,0.0,0.0,23.388390136338014,23.388390136338014
A,200145,13674,plus,ped,k1,op,0.0,0.0,0.0,23.536315799861683,23.536315799861683
A,200146,13674,minus,ped,k1b,shift_L,0.0,0.0,0.0,31.30446989844357,31.289720117161984
A,200147,13674,plus,ped,k1b,shift_L,0.0,0.0,0.0,31.24870568908904,31.208316783415547
A,200148,13674,minus,ped,k2,shift_L,0.0,0.0,0.0,27.720064441322382,27.557710961994097
A,200149,13674,plus,ped,k2,shift_L,0.0,0.0,0.0,28.175947993027588,27.505256343232414
A,200150,14382,minus,ped,k1,shift_L,0.0,0.0,0.0,15.966692322965994,15.454610308223316
A,200151,14382,plus,ped,k1,shift_L,0.0,0.0,0.0,16.120241891208906,15.608622251347128
A,200152,14382,minus,ped,k1b,shift_L,0.0,0.0,0.0,16.8565688016056,16.268635914809295
A,200153,14382,plus,ped,k1b,shift_L,0.0,0.0,0.0,17.103318901877707,16.311008914471344
A,200154,14382,minus,ped,k2,shift_L,0.0,0.0,0.0,18.755695884854568,18.348424463910614
A,200155,14382,plus,ped,k2,shift_L,0.0,1.0,0.0,20.267956097592947,19.836910729262282
A,200156,14382,minus,ped,k3,hold,0.0,0.0,0.0,21.11038316956136,21.136740786863815
A,200157,14382,plus,ped,k3,brake_hard,1.0,1.0,1.0,3.0364187740545407,21.622156481454144
A,200158,1711,minus,cutin,k3,hold,0.0,0.0,0.0,21.461354736131465,23.231180732254526
A,200159,1711,plus,cutin,k3,hold,1.0,1.0,0.0,16.686383474500044,14.66719426506011
A,200160,17752,minus,ped,k1,hold,0.0,0.0,0.0,21.14405778257642,17.802988745212023
A,200161,17752,plus,ped,k1,hold,1.0,1.0,0.0,21.160554826607022,17.663430153737337
A,200162,17752,minus,ped,k1b,hold,0.0,0.0,0.0,22.307814686338535,17.42875480383759
A,200163,17752,plus,ped,k1b,brake_mild,1.0,1.0,0.0,13.008213406123886,17.374143920153212
A,200164,17752,minus,ped,k2,hold,0.0,0.0,0.0,21.2045039915842,17.143006959371853
A,200165,17752,plus,ped,k2,brake_mild,1.0,1.0,0.0,11.745860611567835,16.64110762143477
A,200166,17752,minus,ped,k3,hold,0.0,0.0,0.0,21.41831062527054,16.828490568178687
A,200167,17752,plus,ped,k3,brake_mild,1.0,1.0,1.0,12.102574757298788,16.649805451536118
A,200168,17921,minus,ped,k1,hold,0.0,0.0,0.0,21.79443495356424,18.873855925174038
A,200169,17921,plus,ped,k1,hold,0.0,0.0,0.0,21.79443495356424,18.95221014898903
A,200170,17921,minus,ped,k1b,hold,0.0,0.0,0.0,21.021081816692934,18.0900950350074
A,200171,17921,plus,ped,k1b,hold,1.0,0.0,0.0,21.021081816692934,18.099491424426017
A,200172,17921,minus,ped,k2,hold,0.0,0.0,0.0,21.820363704679192,17.895322107863144
A,200173,17921,plus,ped,k2,hold,1.0,1.0,0.0,21.7799927535158,17.845711913483527
A,200174,17921,minus,ped,k3,hold,0.0,0.0,0.0,21.683577525935963,20.479107722167804
A,200175,17921,plus,ped,k3,op_stop,1.0,1.0,0.0,5.5065642654779365,19.988539693344865
A,200176,18027,minus,ped,k1,nudge_L,1.0,0.0,0.0,11.26294930758698,21.334515359890858
A,200177,18027,plus,ped,k1,nudge_L,1.0,0.0,0.0,10.728265076615193,21.334596878196468
A,200178,18027,minus,ped,k1b,nudge_L,1.0,0.0,0.0,13.42991053961704,21.58824720090149
A,200179,18027,plus,ped,k1b,hold,0.0,0.0,0.0,21.711790696303428,21.571837309710393
A,200180,18027,minus,ped,k2,hold,0.0,0.0,0.0,21.00903584445293,20.864450646172717
A,200181,18027,plus,ped,k2,hold,0.0,0.0,0.0,21.00903584445293,20.823800101734257
A,200182,18027,minus,ped,k3,hold,0.0,0.0,0.0,21.346186041759484,20.5554803959952
A,200183,18027,plus,ped,k3,shift_R_slow,0.0,1.0,0.0,5.0928218786324155,19.853202581335868
A,200184,18344,minus,cutin,k3,op,0.0,0.0,0.0,23.58989323545526,23.58989323545526
A,200185,18344,plus,cutin,k3,op_stop,0.0,1.0,0.0,5.276218466698872,16.685999080214938
A,200186,22531,minus,cutin,k1,nudge_L,1.0,0.0,0.0,17.958137711524238,23.360984526080706
A,200187,22531,plus,cutin,k1,nudge_L,1.0,0.0,0.0,22.25057221428029,23.279870151940724
A,200188,22531,minus,cutin,k1b,op,0.0,0.0,0.0,22.784982852711668,22.784982852711668
A,200189,22531,plus,cutin,k1b,op,0.0,0.0,0.0,22.610482465995673,22.610482465995673
A,200190,22531,minus,cutin,k2,op,0.0,0.0,0.0,22.381741266561633,22.381741266561633
A,200191,22531,plus,cutin,k2,op,0.0,0.0,0.0,22.32069611130083,22.32069611130083
A,200192,22531,minus,cutin,k3,op,0.0,0.0,0.0,21.42618191383777,21.42618191383777
A,200193,22531,plus,cutin,k3,nudge_L,0.0,1.0,0.0,9.0762689431458,8.541518915393695
A,200194,22535,minus,cutin,k1,hold,0.0,0.0,0.0,15.044455102362466,7.767074344926566
A,200195,22535,plus,cutin,k1,hold,0.0,0.0,0.0,15.044455102362466,7.734971960509741
A,200196,22535,minus,cutin,k1b,nudge_L,0.0,0.0,0.0,27.31830662414635,27.20210779378791
A,200197,22535,plus,cutin,k1b,nudge_L,0.0,0.0,0.0,27.306463472692347,27.190238081361866
A,200198,22535,minus,cutin,k2,nudge_L,0.0,0.0,0.0,30.110167305369256,30.01762240680069
A,200199,22535,plus,cutin,k2,nudge_L,0.0,0.0,0.0,30.09290045637146,30.00029235033875
A,200200,22535,minus,cutin,k3,hold,0.0,0.0,0.0,21.68984536661349,20.79085726625983
A,200201,22535,plus,cutin,k3,brake_mild,0.0,0.0,0.0,12.375817667919438,8.23079775944576
A,200202,23697,minus,cutin,k1,nudge_L,0.0,0.0,0.0,31.74142684500665,31.870632922439114
A,200203,23697,plus,cutin,k1,nudge_L,0.0,0.0,0.0,31.74175435952974,31.871017260751973
A,200204,23697,minus,cutin,k1b,nudge_L,0.0,0.0,0.0,26.147816203867944,26.008714410769322
A,200205,23697,plus,cutin,k1b,nudge_L,0.0,0.0,0.0,26.126492951246796,25.98768995377855
A,200206,23697,minus,cutin,k2,nudge_L,0.0,0.0,0.0,28.064339834250408,27.926634087627814
A,200207,23697,plus,cutin,k2,nudge_L,0.0,0.0,0.0,28.084884386157384,27.938324232577276
A,200208,23697,minus,cutin,k3,hold,0.0,0.0,0.0,22.275304577421405,19.99038993815936
A,200209,23697,plus,cutin,k3,hold,0.0,0.0,0.0,22.275304577421405,17.73595188803677
A,200210,24211,minus,ped,k1,hold,0.0,0.0,0.0,22.013397905811726,13.532705252133946
A,200211,24211,plus,ped,k1,hold,0.0,0.0,0.0,22.013397905811726,15.266308928214357
A,200212,24211,minus,ped,k1b,hold,0.0,0.0,0.0,20.949250118744484,13.452116979592882
A,200213,24211,plus,ped,k1b,hold,0.0,0.0,0.0,20.949250118744484,13.660011903004154
A,200214,24211,minus,ped,k2,hold,0.0,0.0,0.0,22.014130458948852,15.067014572786372
A,200215,24211,plus,ped,k2,hold,0.0,0.0,0.0,22.014130458948852,13.46732080326202
A,200216,24211,minus,ped,k3,hold,0.0,0.0,0.0,21.982041125185326,16.760370127255964
A,200217,24211,plus,ped,k3,op_stop,1.0,1.0,1.0,5.450459477169832,18.817973774965537
A,200218,24294,minus,ped,k1,nudge_L,0.0,0.0,0.0,41.21629049016559,41.161123416707795
A,200219,24294,plus,ped,k1,nudge_L,0.0,1.0,0.0,41.19607505368609,41.03962863626469
A,200220,24294,minus,ped,k1b,nudge_L,0.0,0.0,0.0,37.695474230029326,37.63640098159681
A,200221,24294,plus,ped,k1b,nudge_L,0.0,1.0,0.0,37.65319642460403,37.55273473629512
A,200222,24294,minus,ped,k2,hold,0.0,0.0,0.0,40.65255198852443,36.60652441298852
A,200223,24294,plus,ped,k2,hold,1.0,1.0,0.0,40.63378079998872,36.4015179029095
A,200224,24294,minus,ped,k3,brake_mild,0.0,0.0,0.0,30.558940083009325,34.98268223671745
A,200225,24294,plus,ped,k3,op_slow,1.0,1.0,1.0,17.549408469984108,34.97082515362338
A,200226,2460,minus,ped,k1,hold,0.0,0.0,0.0,21.848882598193303,21.599449052579715
A,200227,2460,plus,ped,k1,hold,0.0,0.0,0.0,21.848882598193303,21.61015898998751
A,200228,2460,minus,ped,k1b,nudge_L,1.0,0.0,0.0,10.403150191936582,22.308464827220558
A,200229,2460,plus,ped,k1b,nudge_L,1.0,0.0,0.0,10.342885119730731,21.888302663902365
A,200230,2460,minus,ped,k2,hold,0.0,0.0,0.0,21.73389148798064,21.19118479594317
A,200231,2460,plus,ped,k2,hold,0.0,0.0,0.0,21.73389148798064,21.05450825651567
A,200232,2460,minus,ped,k3,hold,0.0,0.0,0.0,21.585515368527574,20.36404339259507
A,200233,2460,plus,ped,k3,op_stop,1.0,1.0,1.0,5.28024890149308,19.772839272072808
A,200234,24759,minus,cutin,k3,hold,0.0,0.0,0.0,22.01625089404258,20.789574899746633
A,200235,24759,plus,cutin,k3,shift_R_slow,0.0,1.0,0.0,5.107850891423169,17.117861986199554
A,200236,26405,minus,cutin,k1,op,0.0,0.0,0.0,21.772282875339442,21.772282875339442
A,200237,26405,plus,cutin,k1,op,0.0,0.0,0.0,22.001832029080973,22.001832029080973
A,200238,26405,minus,cutin,k1b,op,0.0,0.0,0.0,20.093691721162884,20.093691721162884
A,200239,26405,plus,cutin,k1b,op,0.0,0.0,0.0,20.27601859165508,20.27601859165508
A,200240,26405,minus,cutin,k2,op,0.0,0.0,0.0,22.101762740730372,22.101762740730372
A,200241,26405,plus,cutin,k2,op,0.0,0.0,0.0,22.20071454574073,22.20071454574073
A,200242,26405,minus,cutin,k3,op,0.0,0.0,0.0,22.151628575572,22.151628575572
A,200243,26405,plus,cutin,k3,brake_mild,0.0,0.0,0.0,11.803070090514888,17.63724813858283
A,200244,3731,minus,ped,k1,op,1.0,1.0,0.0,15.127530081014587,15.127530081014587
A,200245,3731,plus,ped,k1,hold,1.0,1.0,0.0,15.063904931460389,15.072540538297352
A,200246,3731,minus,ped,k1b,hold,1.0,1.0,0.0,12.868435145954226,12.812255417002522
A,200247,3731,plus,ped,k1b,hold,1.0,1.0,0.0,12.868435145954226,12.714585276994772
A,200248,3731,minus,ped,k2,shift_L,0.0,1.0,0.0,22.693761878884146,11.378086147276603
A,200249,3731,plus,ped,k2,shift_L,0.0,1.0,0.0,22.72819130778741,11.411668047432231
A,200250,3737,minus,ped,k1,brake_mild,1.0,1.0,0.0,9.775035229567521,9.764505155455277
A,200251,3737,plus,ped,k1,brake_mild,1.0,0.0,0.0,9.775499588353904,9.611514882915131
A,200252,3737,minus,ped,k1b,op_stop,0.0,1.0,0.0,5.581766428422204,6.877283262947492
A,200253,3737,plus,ped,k1b,op_stop,0.0,1.0,0.0,5.609942422995905,6.895362523942488
A,200254,3737,minus,ped,k2,op_stop,1.0,1.0,0.0,5.41182812015905,5.467481585228951
A,200255,3737,plus,ped,k2,op_stop,1.0,1.0,0.0,5.433788907849787,5.46632993759767
A,200256,3813,minus,cutin,k1,nudge_L,0.0,0.0,0.0,25.27232090850097,25.142832835246132
A,200257,3813,plus,cutin,k1,nudge_L,0.0,0.0,0.0,25.287017827474926,25.15772459521804
A,200258,3813,minus,cutin,k1b,hold,0.0,0.0,0.0,21.193853713675367,20.26857492681807
A,200259,3813,plus,cutin,k1b,hold,0.0,0.0,0.0,21.193853713675367,20.375262296626463
A,200260,3813,minus,cutin,k2,hold,0.0,0.0,0.0,22.376717540733186,20.6772767055809
A,200261,3813,plus,cutin,k2,hold,0.0,0.0,0.0,22.376717540733186,20.903832259654713
A,200262,3813,minus,cutin,k3,hold,0.0,0.0,0.0,21.50122388714812,19.095034319403496
A,200263,3813,plus,cutin,k3,hold,0.0,0.0,0.0,21.50122388714812,21.707292369268114
A,200414,1773,minus,obstacle,k3,hold,0.0,0.0,0.0,31.05327302393476,28.080214116539018
A,200415,1773,plus,obstacle,k3,shift_L,0.0,1.0,0.0,25.963778659040436,9.848030940772196
A,200416,1790,minus,obstacle,tau4,op,0.0,0.0,0.0,37.55623621196238,37.55623621196238
A,200417,1790,plus,obstacle,tau4,op,0.0,0.0,0.0,34.802878681325936,34.802878681325936
A,200418,1790,minus,obstacle,tau3,hold,0.0,0.0,0.0,29.396051499948097,27.618397770013054
A,200419,1790,plus,obstacle,tau3,hold,0.0,0.0,0.0,28.129613395093294,24.808324990186883
A,200420,1790,minus,obstacle,tau2,hold,0.0,0.0,0.0,29.403129839576714,25.35543546336507
A,200421,1790,plus,obstacle,tau2,hold,1.0,0.0,0.0,26.430993354581865,20.332305652407747
A,200422,1790,minus,obstacle,k3,hold,0.0,0.0,0.0,29.437733903673937,26.32565621680347
A,200423,1790,plus,obstacle,k3,hold,1.0,0.0,0.0,24.716559477756363,16.782044006862268
A,200424,1792,minus,obstacle,tau4,nudge_L,0.0,0.0,0.0,37.49821731128483,37.41416241449201
A,200425,1792,plus,obstacle,tau4,nudge_L,0.0,0.0,0.0,35.89522833207713,35.809491511095686
A,200426,1792,minus,obstacle,tau3,nudge_L,0.0,0.0,0.0,42.702337490777566,42.619077701895435
A,200427,1792,plus,obstacle,tau3,brake_mild,0.0,1.0,0.0,31.078094273663755,39.148068370123255
A,200428,1792,minus,obstacle,tau2,op_stop,0.0,0.0,0.0,30.586210063042113,42.437203810125254
A,200429,1792,plus,obstacle,tau2,shift_L_slow,1.0,1.0,0.0,17.87716301712046,35.2717939467673
A,200430,1792,minus,obstacle,k3,brake_mild,0.0,0.0,0.0,48.156376430087235,36.50361344993465
A,200431,1792,plus,obstacle,k3,shift_L,0.0,0.0,0.0,9.567805569416041,8.84798940851531
A,200434,1825,minus,obstacle,k3,hold,0.0,0.0,0.0,29.37354587047713,27.034613912660692
A,200435,1825,plus,obstacle,k3,nudge_L,1.0,1.0,0.0,6.923896402357569,6.8681928108336034
A,200438,1833,minus,obstacle,tau2,shift_L,0.0,0.0,0.0,15.385646250228636,14.891584763747913
A,200439,1833,plus,obstacle,tau2,shift_L,0.0,0.0,0.0,15.237742667442475,14.758277954319942
A,200440,1833,minus,obstacle,k3,hold,0.0,0.0,0.0,29.27657868914611,27.072558018874734
A,200444,20920,minus,obstacle,tau2,shift_L,0.0,0.0,0.0,14.87090285154766,13.074339663592248
A,200445,20920,plus,obstacle,tau2,shift_L,0.0,0.0,0.0,14.99957777576069,13.956899424489345
A,200446,20920,minus,obstacle,k3,shift_L,0.0,0.0,0.0,29.339782353895146,29.05709109214477
A,200447,20920,plus,obstacle,k3,nudge_L,1.0,1.0,0.0,8.022869432887125,7.4979782410390055
A,200454,24367,minus,obstacle,tau2,shift_L,0.0,0.0,0.0,7.788488442590116,6.9993616813393595
A,200455,24367,plus,obstacle,tau2,shift_L,0.0,0.0,0.0,13.503366384943469,7.156611892415252
A,200456,24367,minus,obstacle,k3,nudge_L,1.0,0.0,0.0,29.147187512227486,29.048458998963174
A,200457,24367,plus,obstacle,k3,hold,1.0,0.0,0.0,11.006148770751361,5.891970769623553
A,200460,24757,minus,obstacle,k3,hold,0.0,0.0,0.0,28.150028268705885,24.49538866953425
A,200461,24757,plus,obstacle,k3,shift_L,1.0,1.0,0.0,15.128926668086988,9.17263085052402
A,200464,2513,minus,obstacle,tau2,hold,0.0,0.0,0.0,16.749539641446077,7.9990441675207915
A,200465,2513,plus,obstacle,tau2,hold,0.0,0.0,0.0,16.749539641446077,7.652850699164949
A,200466,2513,minus,obstacle,k3,shift_R,0.0,0.0,0.0,31.206759859520613,31.015739826244484
A,200467,2513,plus,obstacle,k3,nudge_L,1.0,1.0,0.0,17.826221352410276,13.755817442394395
A,200470,25383,minus,obstacle,tau2,hold,0.0,0.0,0.0,16.975105018486357,7.357626416458042
A,200471,25383,plus,obstacle,tau2,hold,0.0,0.0,0.0,16.975105018486357,7.117247965737625
A,200474,25424,minus,obstacle,tau2,hold,0.0,0.0,0.0,16.9661188859036,7.775202038374844
A,200475,25424,plus,obstacle,tau2,shift_L,0.0,0.0,0.0,15.355783609749745,13.33632943869751
A,200478,2554,minus,obstacle,tau2,shift_L,0.0,0.0,0.0,14.82676955768188,14.30093727017508
A,200479,2554,plus,obstacle,tau2,shift_L,0.0,0.0,0.0,14.470749542732317,14.06253561455
A,200480,2554,minus,obstacle,k3,shift_R,1.0,1.0,0.0,50.77097911306797,46.596599879811414
A,200481,2554,plus,obstacle,k3,shift_L_slow,0.0,1.0,0.0,11.942055764148632,12.79281890851992
A,200482,25854,minus,obstacle,tau4,brake_mild,0.0,0.0,0.0,34.269498518537915,47.22417393043304
A,200483,25854,plus,obstacle,tau4,shift_L_slow,0.0,1.0,0.0,23.569254874902747,43.42419358247487
A,200484,25854,minus,obstacle,k3,op_stop,0.0,0.0,0.0,38.489028922319974,44.01870073683246
A,200485,25854,plus,obstacle,k3,shift_L,0.0,1.0,0.0,20.429281440858237,19.45106833257657
A,200486,25896,minus,obstacle,tau4,nudge_L,0.0,0.0,0.0,34.208889043335375,34.44638218727889
A,200487,25896,plus,obstacle,tau4,hold,1.0,1.0,0.0,22.19303031641821,21.832234447144202
A,200488,25896,minus,obstacle,tau2,nudge_L,0.0,0.0,0.0,29.220083385094878,26.680144332661552
A,200489,25896,plus,obstacle,tau2,nudge_L,0.0,0.0,0.0,19.127831834259325,12.533601980297611
A,200490,25896,minus,obstacle,k3,shift_L,0.0,0.0,0.0,18.44807489037326,19.42879235273762
A,200491,25896,plus,obstacle,k3,shift_R,0.0,1.0,0.0,8.607069299744559,6.828611526093876
A,200492,25951,minus,obstacle,tau4,brake_mild,0.0,0.0,0.0,21.091375432600778,28.980010058663417
A,200493,25951,plus,obstacle,tau4,brake_mild,0.0,0.0,0.0,20.468205775022806,28.065267311284977
A,200494,25951,minus,obstacle,tau3,hold,0.0,0.0,0.0,31.790776705221848,21.990149145528278
A,200495,25951,plus,obstacle,tau3,brake_mild,0.0,0.0,0.0,18.553529599803962,23.440174781271022
A,200496,25951,minus,obstacle,tau2,op,0.0,0.0,0.0,23.804484464004922,23.804484464004922
A,200497,25951,plus,obstacle,tau2,op_stop,0.0,0.0,0.0,9.578786209483766,19.641211616700147
A,200498,25951,minus,obstacle,k3,shift_R,1.0,0.0,0.0,12.061662719477882,24.398686505920562
A,200499,25951,plus,obstacle,k3,op_stop,0.0,1.0,0.0,6.028508195089717,15.424777660071703
A,200502,2606,minus,obstacle,tau2,hold,0.0,0.0,0.0,16.862313423959872,8.090092296196863
A,200503,2606,plus,obstacle,tau2,hold,0.0,0.0,0.0,16.862313423959872,8.085661008167497
A,200504,2606,minus,obstacle,k3,hold,0.0,0.0,0.0,29.40871012191997,27.37435992088098
A,200505,2606,plus,obstacle,k3,nudge_L,1.0,1.0,0.0,8.048852035444565,7.696748561496046
A,200508,2643,minus,obstacle,tau2,hold,0.0,0.0,0.0,16.52506223453637,13.101427615697167
A,200509,2643,plus,obstacle,tau2,hold,0.0,0.0,0.0,16.52506223453637,13.405120487901359
A,200510,2643,minus,obstacle,k3,nudge_L,0.0,0.0,0.0,29.8702279671741,29.76912748133018
A,200511,2643,plus,obstacle,k3,shift_L_slow,0.0,1.0,0.0,6.15976992711838,4.186129217709026
A,200514,2668,minus,obstacle,tau2,shift_L,0.0,0.0,0.0,19.11578184199848,18.473955097594416
A,200515,2668,plus,obstacle,tau2,shift_L,0.0,0.0,0.0,18.762692365788944,18.217752805969525
A,200516,2668,minus,obstacle,k3,nudge_L,0.0,0.0,0.0,21.697511094473356,18.140428055420585
A,200517,2668,plus,obstacle,k3,nudge_L,0.0,1.0,0.0,8.223259985028577,6.217841109207257
A,200518,3436,minus,obstacle,tau4,nudge_L,0.0,0.0,0.0,20.808744773123337,19.1731068384506
A,200519,3436,plus,obstacle,tau4,nudge_L,0.0,0.0,0.0,21.007304871786115,20.363202569862402
A,200520,3436,minus,obstacle,tau3,nudge_L,0.0,0.0,0.0,24.58253002518824,24.46486245239074
A,200521,3436,plus,obstacle,tau3,hold,0.0,0.0,0.0,28.281741014788423,19.80992243424276
A,200523,3436,plus,obstacle,tau2,brake_mild,0.0,0.0,0.0,17.037389368952425,20.685302173007784
A,200524,3436,minus,obstacle,k3,nudge_L,0.0,0.0,0.0,24.58821909890311,24.506843290562106
A,200525,3436,plus,obstacle,k3,op,0.0,0.0,0.0,8.279429740315443,8.279429740315443
A,200529,1773,plus,obstacle,k3,op_stop,0.0,0.0,0.0,2.4988045398685954,13.53023721158978
A,200530,1790,minus,obstacle,tau4,op,0.0,0.0,0.0,39.218772906228644,39.218772906228644
A,200531,1790,plus,obstacle,tau4,op,0.0,0.0,0.0,35.16128327226427,35.16128327226427
A,200532,1790,minus,obstacle,tau3,nudge_L,1.0,0.0,0.0,31.641649098712886,32.08465202401774
A,200533,1790,plus,obstacle,tau3,nudge_L,1.0,0.0,0.0,27.28118526894064,27.80469620929705
A,200534,1790,minus,obstacle,tau2,hold,0.0,0.0,0.0,29.462855044770333,27.289272401929516
A,200536,1792,minus,obstacle,tau4,op,0.0,0.0,0.0,38.94861559641167,38.94861559641167
A,200537,1792,plus,obstacle,tau4,op,0.0,0.0,0.0,36.25541258092262,36.25541258092262
A,200538,1792,minus,obstacle,tau3,nudge_L,0.0,0.0,0.0,43.44130849953866,43.36748094561414
A,200539,1792,plus,obstacle,tau3,op,1.0,1.0,0.0,40.391635509799,40.391635509799
A,200540,1792,minus,obstacle,tau2,hold,0.0,0.0,0.0,45.0150099343329,44.729959848989274
A,200541,1792,plus,obstacle,tau2,op_stop,0.0,1.0,0.0,26.096249437025882,39.10822576388181
A,200542,1792,minus,obstacle,k3,nudge_L,0.0,0.0,0.0,40.60018763974813,40.214705230909274
A,200543,1792,plus,obstacle,k3,brake_hard,0.0,1.0,0.0,13.522630435901718,14.421447070655258
A,200548,1825,minus,obstacle,k3,hold,0.0,0.0,0.0,30.450698205193945,29.312055809495572
A,200549,1825,plus,obstacle,k3,nudge_L,1.0,1.0,0.0,7.189062292744251,6.8495574968314346
A,200552,1833,minus,obstacle,tau2,shift_L,0.0,0.0,0.0,16.36873069425812,15.890744967313394
A,200553,1833,plus,obstacle,tau2,shift_L,0.0,0.0,0.0,16.39670977696725,15.937447019621173
A,200554,1833,minus,obstacle,k3,hold,0.0,0.0,0.0,29.334053738413065,28.071841240960964
A,200555,1833,plus,obstacle,k3,nudge_L,1.0,1.0,0.0,8.738460922672848,8.99450686629105
A,200558,20920,minus,obstacle,tau2,shift_L,0.0,0.0,0.0,15.936147409189365,15.445659627109643
A,200559,20920,plus,obstacle,tau2,shift_L,0.0,0.0,0.0,16.023799528424185,15.552763322495256
A,200560,20920,minus,obstacle,k3,nudge_L,0.0,0.0,0.0,35.03958660769931,34.97677757376458
A,200561,20920,plus,obstacle,k3,nudge_L,1.0,1.0,0.0,7.558668317799857,7.794578671082623
A,200568,24367,minus,obstacle,tau2,shift_L,0.0,0.0,0.0,14.386208450745075,7.502330092676311
A,200569,24367,plus,obstacle,tau2,shift_L,0.0,0.0,0.0,13.946922988663209,7.297457266658293
A,200574,24757,minus,obstacle,k3,hold,0.0,0.0,0.0,28.655739319233938,26.563667602046003
A,200575,24757,plus,obstacle,k3,shift_L,0.0,1.0,0.0,28.65503949930813,20.91174179589045
A,200578,2513,minus,obstacle,tau2,hold,0.0,0.0,0.0,16.287625216691367,7.327890157550628
A,200579,2513,plus,obstacle,tau2,hold,0.0,0.0,0.0,16.287625216691367,7.596297702266827
A,200580,2513,minus,obstacle,k3,hold,0.0,0.0,0.0,29.246138071502752,30.358558768039664
A,200581,2513,plus,obstacle,k3,brake_mild,0.0,0.0,0.0,7.24635076320841,7.8208711729617235
A,200584,25383,minus,obstacle,tau2,shift_L,0.0,0.0,0.0,15.688360589574497,15.405845611067823
A,200585,25383,plus,obstacle,tau2,shift_L,0.0,0.0,0.0,14.794442861247978,14.445518214619533
A,200586,25383,minus,obstacle,k3,hold,0.0,0.0,0.0,29.0090694889317,24.334110026827666
A,200587,25383,plus,obstacle,k3,op,0.0,0.0,0.0,6.2931558327263275,6.2931558327263275
A,200590,25424,minus,obstacle,tau2,hold,0.0,0.0,0.0,16.98578584131383,7.559119055565097
A,200591,25424,plus,obstacle,tau2,hold,0.0,0.0,0.0,16.98578584131383,7.445862082729125
A,200594,2554,minus,obstacle,tau2,hold,0.0,0.0,0.0,16.38942166443633,8.257092924159409
A,200595,2554,plus,obstacle,tau2,hold,0.0,0.0,0.0,16.38942166443633,12.83841219567326
A,200596,2554,minus,obstacle,k3,shift_L,0.0,0.0,0.0,25.834379024505775,25.50660823554386
A,200597,2554,plus,obstacle,k3,nudge_L,0.0,0.0,0.0,19.56060147368115,19.362950736448393
A,200598,25854,minus,obstacle,tau4,brake_mild,0.0,0.0,0.0,34.41574364512617,47.73127402483102
A,200599,25854,plus,obstacle,tau4,shift_L_slow,0.0,1.0,0.0,23.735095652353117,43.255508980311696
A,200600,25854,minus,obstacle,k3,nudge_L,0.0,0.0,0.0,43.32582927088522,43.2331776092625
A,200601,25854,plus,obstacle,k3,nudge_L,0.0,1.0,0.0,9.985075841270897,9.718673260609691
A,200602,25896,minus,obstacle,tau4,nudge_L,0.0,0.0,0.0,30.571585368914736,30.57747645882862
A,200603,25896,plus,obstacle,tau4,nudge_L,0.0,1.0,0.0,23.092013401269764,20.71167762333996
A,200604,25896,minus,obstacle,tau2,nudge_L,0.0,0.0,0.0,34.753479642580004,33.677894516065884
A,200605,25896,plus,obstacle,tau2,nudge_L,0.0,1.0,0.0,20.666874399835773,14.093283613695471
A,200606,25896,minus,obstacle,k3,brake_mild,1.0,0.0,0.0,33.709417195814225,19.21841601390644
A,200607,25896,plus,obstacle,k3,shift_R_slow,0.0,1.0,0.0,7.721158138131103,5.554827200750545
A,200608,25951,minus,obstacle,tau4,hold,0.0,0.0,0.0,29.734696776868223,29.79197608603497
A,200609,25951,plus,obstacle,tau4,brake_mild,0.0,0.0,0.0,20.025554384803005,28.904660921118843
A,200610,25951,minus,obstacle,tau3,op,0.0,0.0,0.0,25.09916588125884,25.09916588125884
A,200611,25951,plus,obstacle,tau3,brake_mild,0.0,0.0,0.0,18.334577863590386,21.505799033913657
A,200612,25951,minus,obstacle,tau2,hold,0.0,0.0,0.0,29.39456603325649,23.727870370734475
A,200613,25951,plus,obstacle,tau2,op_stop,0.0,0.0,0.0,9.303026026421255,19.935674912507235
A,200614,25951,minus,obstacle,k3,shift_R,1.0,0.0,0.0,12.086676615785356,24.257962178659852
A,200615,25951,plus,obstacle,k3,op_stop,0.0,1.0,0.0,6.280365944677891,16.697242152511752
A,200618,2606,minus,obstacle,tau2,shift_L,1.0,0.0,0.0,15.417920528029377,14.892807481849102
A,200619,2606,plus,obstacle,tau2,shift_L,1.0,0.0,0.0,15.408174854498128,14.869328657642939
A,200620,2606,minus,obstacle,k3,hold,0.0,0.0,0.0,29.515637645429717,27.258587227201467
A,200621,2606,plus,obstacle,k3,shift_L,1.0,1.0,0.0,20.809725484727,8.364103420523627
A,200624,2643,minus,obstacle,tau2,hold,0.0,0.0,0.0,16.922073155476227,15.726701308380651
A,200625,2643,plus,obstacle,tau2,hold,0.0,0.0,0.0,16.922073155476227,15.841914534490423
A,200626,2643,minus,obstacle,k3,hold,0.0,0.0,0.0,28.952521728904436,26.045848361841745
A,200627,2643,plus,obstacle,k3,shift_L_slow,0.0,1.0,0.0,6.24127752625372,4.057490987609463
A,200630,2668,minus,obstacle,tau2,shift_L,0.0,0.0,0.0,20.98215642061277,20.501684907972272
A,200631,2668,plus,obstacle,tau2,shift_L,0.0,0.0,0.0,21.09229886311842,20.624159654015102
A,200632,2668,minus,obstacle,k3,nudge_L,0.0,0.0,0.0,16.217644289876702,15.857331755168879
A,200633,2668,plus,obstacle,k3,nudge_L,0.0,1.0,0.0,9.073630572423323,5.280297122907422
A,200634,3436,minus,obstacle,tau4,nudge_L,0.0,0.0,0.0,21.665180172794766,21.21840434069388
A,200635,3436,plus,obstacle,tau4,nudge_L,0.0,0.0,0.0,25.249420731694958,22.381970731116724
A,200636,3436,minus,obstacle,tau3,nudge_L,0.0,0.0,0.0,24.223307886636025,24.117700482906542
A,200637,3436,plus,obstacle,tau3,hold,0.0,0.0,0.0,28.312991262900283,20.323624008888935
A,200638,3436,minus,obstacle,tau2,hold,0.0,0.0,0.0,29.458988194593765,24.72953795035078
A,200640,3436,minus,obstacle,k3,nudge_L,0.0,0.0,0.0,25.697042111620092,25.597183475657793
A,200641,3436,plus,obstacle,k3,shift_R,1.0,1.0,0.0,16.218680047897475,15.754869835179061
B,200000,11333,minus,ped,k1,shift_L,0.0,1.0,0.0,12.852125022928156,9.527448365969358
B,200001,11333,plus,ped,k1,shift_L,0.0,0.0,0.0,13.05083459539972,8.483452055828044
B,200002,11333,minus,ped,k1b,shift_L,0.0,1.0,0.0,9.830986014978766,6.530716355558926
B,200003,11333,plus,ped,k1b,shift_L,0.0,1.0,0.0,9.829964051732542,6.539764075214579
B,200004,11333,minus,ped,k2,nudge_L,1.0,1.0,0.0,7.150692598945242,5.083538493363891
B,200005,11333,plus,ped,k2,nudge_L,1.0,1.0,0.0,7.416050041842132,5.111810172721769
B,200006,11381,minus,ped,k1,shift_L,0.0,1.0,0.0,19.26892057602199,13.468179684311044
B,200007,11381,plus,ped,k1,shift_L,0.0,1.0,0.0,19.05024481355156,13.465952055894958
B,200008,11381,minus,ped,k1b,shift_L,0.0,1.0,0.0,16.247207373581993,11.415256998810397
B,200009,11381,plus,ped,k1b,shift_L,0.0,1.0,0.0,16.110460076219795,11.40478714844299
B,200010,11381,minus,ped,k2,shift_L,0.0,0.0,0.0,13.678415726483616,8.203178947234585
B,200011,11381,plus,ped,k2,shift_L,0.0,0.0,0.0,13.50854269860664,8.002941917564163
B,200012,13674,minus,ped,k1,brake_mild,0.0,0.0,0.0,7.047278388561513,22.531525827124824
B,200013,13674,plus,ped,k1,brake_mild,0.0,0.0,0.0,6.982197155717384,22.70006403600721
B,200014,13674,minus,ped,k1b,brake_mild,0.0,0.0,0.0,13.149545478402306,30.993764261242756
B,200015,13674,plus,ped,k1b,brake_mild,0.0,0.0,0.0,13.150345168970434,31.084408298035395
B,200016,13674,minus,ped,k2,shift_L,0.0,0.0,0.0,27.435845847665057,27.16298486644696
B,200017,13674,plus,ped,k2,hold,0.0,0.0,0.0,21.0097379875236,27.04700539758147
B,200018,14382,minus,ped,k1,shift_L,0.0,0.0,0.0,16.11509529791087,15.683332864812677
B,200019,14382,plus,ped,k1,shift_L,0.0,0.0,0.0,16.247292992226985,15.77189264953795
B,200020,14382,minus,ped,k1b,shift_L,0.0,0.0,0.0,17.065519596214646,16.52018735156521
B,200021,14382,plus,ped,k1b,shift_L,0.0,0.0,0.0,16.906472638547186,16.34994026453228
B,200022,14382,minus,ped,k2,shift_L,0.0,0.0,0.0,20.044685550685724,19.699216449968304
B,200023,14382,plus,ped,k2,shift_L,0.0,1.0,0.0,20.934210265509883,20.568944075354352
B,200024,14382,minus,ped,k3,hold,0.0,0.0,0.0,21.11038316956136,21.16151502612425
B,200025,14382,plus,ped,k3,brake_hard,1.0,1.0,1.0,3.0364187740545407,21.311960578118452
B,200026,1711,minus,cutin,k3,hold,0.0,0.0,0.0,21.461354736131465,23.56036410775192
B,200027,1711,plus,cutin,k3,hold,1.0,1.0,0.0,17.049892971807537,14.471681957804202
B,200036,17921,minus,ped,k1,hold,0.0,0.0,0.0,21.79443495356424,18.70242407144309
B,200037,17921,plus,ped,k1,hold,0.0,0.0,0.0,21.79443495356424,18.383133394758282
B,200038,17921,minus,ped,k1b,hold,0.0,0.0,0.0,21.021081816692934,18.408967456367105
B,200039,17921,plus,ped,k1b,hold,1.0,0.0,0.0,21.021081816692934,18.445249942739828
B,200040,17921,minus,ped,k2,hold,0.0,0.0,0.0,21.820363704679192,19.011649901345827
B,200041,17921,plus,ped,k2,hold,1.0,1.0,0.0,21.7799927535158,19.022240910898354
B,200042,17921,minus,ped,k3,hold,0.0,0.0,0.0,21.683577525935963,17.471371479451385
B,200043,17921,plus,ped,k3,op_stop,0.0,1.0,0.0,5.461335749527325,17.83338653042428
B,200044,18027,minus,ped,k1,hold,0.0,0.0,0.0,20.99867849003464,20.31453228105609
B,200045,18027,plus,ped,k1,hold,0.0,0.0,0.0,20.99867849003464,20.362704845051482
B,200046,18027,minus,ped,k1b,hold,0.0,0.0,0.0,21.711790696303428,21.413987007423593
B,200047,18027,plus,ped,k1b,hold,0.0,0.0,0.0,21.711790696303428,21.345846148521836
B,200048,18027,minus,ped,k2,hold,0.0,0.0,0.0,21.00903584445293,20.42112001523982
B,200049,18027,plus,ped,k2,hold,0.0,0.0,0.0,21.00903584445293,20.372370533505325
B,200050,18027,minus,ped,k3,hold,0.0,0.0,0.0,21.346186041759484,20.89647695157929
B,200051,18027,plus,ped,k3,op_stop,0.0,1.0,0.0,5.720403579448146,20.447166733335255
B,200052,18344,minus,cutin,k3,brake_mild,0.0,0.0,0.0,11.965374505739094,17.934131062383898
B,200053,18344,plus,cutin,k3,op_stop,0.0,1.0,0.0,5.34350535958564,15.360321820282921
B,200054,22531,minus,cutin,k1,op,0.0,0.0,0.0,22.043459092070634,22.043459092070634
B,200055,22531,plus,cutin,k1,op,0.0,0.0,0.0,22.011798449990547,22.011798449990547
B,200056,22531,minus,cutin,k1b,op,0.0,0.0,0.0,22.603508176258675,22.603508176258675
B,200057,22531,plus,cutin,k1b,op,0.0,0.0,0.0,22.770188316800358,22.770188316800358
B,200058,22531,minus,cutin,k2,op,0.0,0.0,0.0,22.107730539970703,22.107730539970703
B,200059,22531,plus,cutin,k2,op,0.0,0.0,0.0,22.20263876433425,22.20263876433425
B,200060,22531,minus,cutin,k3,nudge_L,0.0,0.0,0.0,21.227240485132906,21.127336838755806
B,200061,22531,plus,cutin,k3,nudge_L,0.0,1.0,0.0,9.284879658753946,9.047806385222767
B,200062,22535,minus,cutin,k1,hold,0.0,0.0,0.0,15.044455102362466,7.3881020735524405
B,200063,22535,plus,cutin,k1,hold,0.0,0.0,0.0,15.044455102362466,7.430033214680861
B,200064,22535,minus,cutin,k1b,nudge_L,0.0,0.0,0.0,27.56807336400812,27.453660346725115
B,200065,22535,plus,cutin,k1b,nudge_L,0.0,0.0,0.0,27.555513194724025,27.44155161303583
B,200066,22535,minus,cutin,k2,nudge_L,0.0,0.0,0.0,30.515496479302776,30.429248868275224
B,200067,22535,plus,cutin,k2,nudge_L,0.0,0.0,0.0,30.439372999567816,30.36249166029483
B,200068,22535,minus,cutin,k3,hold,0.0,0.0,0.0,21.68984536661349,20.968105890322867
B,200069,22535,plus,cutin,k3,brake_mild,0.0,0.0,0.0,12.359194950347856,8.46034125677371
B,200070,23697,minus,cutin,k1,nudge_L,0.0,0.0,0.0,31.247854577062753,31.268094780542857
B,200071,23697,plus,cutin,k1,nudge_L,0.0,0.0,0.0,31.195507752168577,31.145016225934558
B,200072,23697,minus,cutin,k1b,shift_L,0.0,0.0,0.0,23.135502284912306,22.70156837807967
B,200073,23697,plus,cutin,k1b,shift_L,0.0,0.0,0.0,23.047047353178648,22.61116313356558
B,200074,23697,minus,cutin,k2,nudge_L,0.0,0.0,0.0,26.32407575272839,26.18440812116231
B,200075,23697,plus,cutin,k2,nudge_L,0.0,0.0,0.0,26.265974392083407,26.120483149488116
B,200076,23697,minus,cutin,k3,op,0.0,0.0,0.0,19.849843442478413,19.849843442478413
B,200077,23697,plus,cutin,k3,hold,0.0,0.0,0.0,22.275304577421405,17.729938186910065
B,200078,24211,minus,ped,k1,op,0.0,0.0,0.0,16.689987169407065,16.689987169407065
B,200079,24211,plus,ped,k1,op,0.0,0.0,0.0,16.82477507166086,16.82477507166086
B,200080,24211,minus,ped,k1b,hold,0.0,0.0,0.0,20.949250118744484,16.344014250535473
B,200081,24211,plus,ped,k1b,op,0.0,0.0,0.0,16.3748496793438,16.3748496793438
B,200082,24211,minus,ped,k2,hold,0.0,0.0,0.0,22.014130458948852,15.534546366104943
B,200083,24211,plus,ped,k2,op,0.0,0.0,0.0,15.711895310590895,15.711895310590895
B,200084,24211,minus,ped,k3,hold,0.0,0.0,0.0,21.982041125185326,17.97915260119719
B,200085,24211,plus,ped,k3,op_stop,1.0,1.0,1.0,5.4029015046683995,18.07355454709548
B,200086,24294,minus,ped,k1,op,0.0,0.0,0.0,40.99739898764824,40.99739898764824
B,200087,24294,plus,ped,k1,op,1.0,1.0,0.0,40.91803606314226,40.91803606314226
B,200088,24294,minus,ped,k1b,hold,0.0,0.0,0.0,40.01828973176318,37.3440413781203
B,200089,24294,plus,ped,k1b,hold,1.0,1.0,0.0,39.954770197188395,37.2659986198148
B,200090,24294,minus,ped,k2,op,0.0,0.0,0.0,36.34767157176209,36.34767157176209
B,200091,24294,plus,ped,k2,op,1.0,1.0,0.0,36.062923521345844,36.062923521345844
B,200092,24294,minus,ped,k3,brake_mild,0.0,0.0,0.0,30.558935089142906,35.021707415606734
B,200093,24294,plus,ped,k3,brake_hard,1.0,1.0,0.0,14.746353606882536,35.03378922688786
B,200094,2460,minus,ped,k1,op,0.0,0.0,0.0,22.224503126064153,22.224503126064153
B,200095,2460,plus,ped,k1,op,0.0,0.0,0.0,22.107414047373233,22.107414047373233
B,200096,2460,minus,ped,k1b,hold,0.0,0.0,0.0,20.941869042805962,20.85209494231288
B,200097,2460,plus,ped,k1b,hold,0.0,0.0,0.0,20.941869042805962,20.85315994410294
B,200098,2460,minus,ped,k2,hold,0.0,0.0,0.0,21.73389148798064,20.411655752588302
B,200099,2460,plus,ped,k2,hold,0.0,0.0,0.0,21.73389148798064,20.523572627920725
B,200100,2460,minus,ped,k3,hold,0.0,0.0,0.0,21.585515368527574,22.35236833819869
B,200101,2460,plus,ped,k3,op_stop,1.0,1.0,1.0,5.319056086472016,21.77042638125797
B,200102,24759,minus,cutin,k3,hold,0.0,0.0,0.0,22.01625089404258,23.560592981612103
B,200103,24759,plus,cutin,k3,op_stop,0.0,1.0,0.0,6.218319197799937,17.77714557083059
B,200104,26405,minus,cutin,k1,op,0.0,0.0,0.0,22.348945303476192,22.348945303476192
B,200105,26405,plus,cutin,k1,op,0.0,0.0,0.0,22.463843477668668,22.463843477668668
B,200106,26405,minus,cutin,k1b,op,0.0,0.0,0.0,20.466644185811795,20.466644185811795
B,200107,26405,plus,cutin,k1b,op,0.0,0.0,0.0,20.565793408079262,20.565793408079262
B,200108,26405,minus,cutin,k2,op,0.0,0.0,0.0,22.269350385537646,22.269350385537646
B,200109,26405,plus,cutin,k2,op,0.0,0.0,0.0,22.388558505054448,22.388558505054448
B,200110,26405,minus,cutin,k3,hold,0.0,0.0,0.0,21.28266016300532,22.231990218683514
B,200111,26405,plus,cutin,k3,brake_mild,0.0,0.0,0.0,11.81879166915337,17.86712701555785
B,200112,3731,minus,ped,k1,hold,1.0,1.0,0.0,13.78612484484359,13.776668988887279
B,200113,3731,plus,ped,k1,shift_L,0.0,1.0,0.0,19.617552572194104,13.750201027931551
B,200114,3731,minus,ped,k1b,hold,1.0,1.0,0.0,11.467098621469155,11.440619192078712
B,200115,3731,plus,ped,k1b,hold,1.0,1.0,0.0,11.467098621469155,11.394218181100047
B,200116,3731,minus,ped,k2,shift_L,0.0,1.0,0.0,20.43487584446002,9.87137175946246
B,200117,3731,plus,ped,k2,shift_L,0.0,1.0,0.0,20.63128398547895,9.957683795274848
B,200118,3737,minus,ped,k1,op,1.0,1.0,0.0,9.362247560358039,9.362247560358039
B,200119,3737,plus,ped,k1,hold,1.0,1.0,0.0,9.466596202365295,9.367000514085865
B,200120,3737,minus,ped,k1b,brake_mild,1.0,1.0,0.0,6.512493340156945,6.490248908455103
B,200121,3737,plus,ped,k1b,brake_mild,1.0,1.0,0.0,6.513886732063878,6.488155426415669
B,200122,3737,minus,ped,k2,brake_mild,1.0,1.0,0.0,5.129890656428897,5.116888200137204
B,200123,3737,plus,ped,k2,brake_mild,1.0,1.0,0.0,5.1291196799980865,5.125534830809468
B,200124,3813,minus,cutin,k1,op,0.0,0.0,0.0,25.148688406831536,25.148688406831536
B,200125,3813,plus,cutin,k1,op,0.0,0.0,0.0,25.073249840960308,25.073249840960308
B,200126,3813,minus,cutin,k1b,hold,0.0,0.0,0.0,21.193853713675367,20.4685152723248
B,200127,3813,plus,cutin,k1b,hold,0.0,0.0,0.0,21.193853713675367,20.271984792271496
B,200128,3813,minus,cutin,k2,hold,0.0,0.0,0.0,22.376717540733186,21.109393744066764
B,200129,3813,plus,cutin,k2,hold,0.0,0.0,0.0,22.376717540733186,20.584746450173668
B,200130,3813,minus,cutin,k3,hold,0.0,0.0,0.0,21.50122388714812,19.046938754592116
B,200131,3813,plus,cutin,k3,hold,0.0,0.0,0.0,21.50122388714812,21.74415695383682
B,200132,11333,minus,ped,k1,shift_L,0.0,1.0,0.0,18.642425535083166,11.908113727006816
B,200133,11333,plus,ped,k1,shift_L,0.0,1.0,0.0,18.605697107763447,11.939366643976772
B,200134,11333,minus,ped,k1b,shift_L,0.0,1.0,0.0,13.744359363720918,8.838913623109338
B,200135,11333,plus,ped,k1b,shift_L,0.0,1.0,0.0,10.5264737491012,8.838325794694269
B,200136,11333,minus,ped,k2,nudge_L,0.0,0.0,0.0,7.579495046766774,7.330703984388254
B,200137,11333,plus,ped,k2,nudge_L,0.0,0.0,0.0,7.671406313685437,7.203362928320402
B,200138,11381,minus,ped,k1,shift_L,0.0,1.0,0.0,19.156942807854556,15.366504194837601
B,200139,11381,plus,ped,k1,shift_L,0.0,1.0,0.0,19.12598763959455,15.339148922040263
B,200140,11381,minus,ped,k1b,shift_L,0.0,1.0,0.0,17.10061930762869,13.279721493456833
B,200141,11381,plus,ped,k1b,shift_L,0.0,1.0,0.0,16.963056400704538,13.391673899714345
B,200142,11381,minus,ped,k2,shift_L,0.0,1.0,0.0,16.99218509826904,12.054220554465605
B,200143,11381,plus,ped,k2,shift_L,0.0,1.0,0.0,16.81229275668237,11.894644286211276
B,200144,13674,minus,ped,k1,hold,0.0,0.0,0.0,19.302041868762256,23.388390136338014
B,200145,13674,plus,ped,k1,hold,0.0,0.0,0.0,19.302041868762256,23.536315799861683
B,200146,13674,minus,ped,k1b,op,0.0,0.0,0.0,31.289720117161984,31.289720117161984
B,200147,13674,plus,ped,k1b,op,0.0,0.0,0.0,31.208316783415547,31.208316783415547
B,200148,13674,minus,ped,k2,shift_L,0.0,0.0,0.0,27.720064441322382,27.557710961994097
B,200149,13674,plus,ped,k2,hold,0.0,0.0,0.0,21.0097379875236,27.505256343232414
B,200150,14382,minus,ped,k1,shift_L,0.0,0.0,0.0,15.966692322965994,15.454610308223316
B,200151,14382,plus,ped,k1,shift_L,0.0,0.0,0.0,16.120241891208906,15.608622251347128
B,200152,14382,minus,ped,k1b,shift_L,0.0,0.0,0.0,16.8565688016056,16.268635914809295
B,200153,14382,plus,ped,k1b,shift_L,0.0,0.0,0.0,17.103318901877707,16.311008914471344
B,200154,14382,minus,ped,k2,shift_L,0.0,0.0,0.0,18.755695884854568,18.348424463910614
B,200155,14382,plus,ped,k2,shift_L,0.0,1.0,0.0,20.267956097592947,19.836910729262282
B,200156,14382,minus,ped,k3,shift_L,0.0,0.0,0.0,21.479111678744463,21.136740786863815
B,200157,14382,plus,ped,k3,brake_hard,1.0,1.0,1.0,3.0364187740545407,21.622156481454144
B,200158,1711,minus,cutin,k3,hold,0.0,0.0,0.0,21.461354736131465,23.231180732254526
B,200159,1711,plus,cutin,k3,hold,1.0,1.0,0.0,16.686383474500044,14.66719426506011
B,200160,17752,minus,ped,k1,hold,0.0,0.0,0.0,21.14405778257642,17.802988745212023
B,200161,17752,plus,ped,k1,hold,1.0,1.0,0.0,21.160554826607022,17.663430153737337
B,200162,17752,minus,ped,k1b,hold,0.0,0.0,0.0,22.307814686338535,17.42875480383759
B,200163,17752,plus,ped,k1b,op_stop,0.0,1.0,0.0,6.3072034866917415,17.374143920153212
B,200164,17752,minus,ped,k2,hold,0.0,0.0,0.0,21.2045039915842,17.143006959371853
B,200165,17752,plus,ped,k2,brake_mild,1.0,1.0,0.0,11.745860611567835,16.64110762143477
B,200166,17752,minus,ped,k3,hold,0.0,0.0,0.0,21.41831062527054,16.828490568178687
B,200167,17752,plus,ped,k3,op_stop,1.0,1.0,1.0,5.420238513815269,16.649805451536118
B,200168,17921,minus,ped,k1,hold,0.0,0.0,0.0,21.79443495356424,18.873855925174038
B,200169,17921,plus,ped,k1,hold,0.0,0.0,0.0,21.79443495356424,18.95221014898903
B,200170,17921,minus,ped,k1b,hold,0.0,0.0,0.0,21.021081816692934,18.0900950350074
B,200171,17921,plus,ped,k1b,hold,1.0,0.0,0.0,21.021081816692934,18.099491424426017
B,200172,17921,minus,ped,k2,hold,0.0,0.0,0.0,21.820363704679192,17.895322107863144
B,200173,17921,plus,ped,k2,hold,1.0,1.0,0.0,21.7799927535158,17.845711913483527
B,200174,17921,minus,ped,k3,hold,0.0,0.0,0.0,21.683577525935963,20.479107722167804
B,200175,17921,plus,ped,k3,op_stop,1.0,1.0,0.0,5.5065642654779365,19.988539693344865
B,200176,18027,minus,ped,k1,op,0.0,0.0,0.0,21.334515359890858,21.334515359890858
B,200177,18027,plus,ped,k1,op,0.0,0.0,0.0,21.334596878196468,21.334596878196468
B,200178,18027,minus,ped,k1b,nudge_L,1.0,0.0,0.0,13.42991053961704,21.58824720090149
B,200179,18027,plus,ped,k1b,nudge_L,1.0,0.0,0.0,13.472423764083308,21.571837309710393
B,200180,18027,minus,ped,k2,hold,0.0,0.0,0.0,21.00903584445293,20.864450646172717
B,200181,18027,plus,ped,k2,hold,0.0,0.0,0.0,21.00903584445293,20.823800101734257
B,200182,18027,minus,ped,k3,hold,0.0,0.0,0.0,21.346186041759484,20.5554803959952
B,200183,18027,plus,ped,k3,op_stop,0.0,1.0,0.0,5.747738186829804,19.853202581335868
B,200184,18344,minus,cutin,k3,op,0.0,0.0,0.0,23.58989323545526,23.58989323545526
B,200185,18344,plus,cutin,k3,op_stop,0.0,1.0,0.0,5.276218466698872,16.685999080214938
B,200186,22531,minus,cutin,k1,op,0.0,0.0,0.0,23.360984526080706,23.360984526080706
B,200187,22531,plus,cutin,k1,op,0.0,0.0,0.0,23.279870151940724,23.279870151940724
B,200188,22531,minus,cutin,k1b,op,0.0,0.0,0.0,22.784982852711668,22.784982852711668
B,200189,22531,plus,cutin,k1b,op,0.0,0.0,0.0,22.610482465995673,22.610482465995673
B,200190,22531,minus,cutin,k2,op,0.0,0.0,0.0,22.381741266561633,22.381741266561633
B,200191,22531,plus,cutin,k2,op,0.0,0.0,0.0,22.32069611130083,22.32069611130083
B,200192,22531,minus,cutin,k3,nudge_L,1.0,0.0,0.0,20.8744916527079,21.42618191383777
B,200193,22531,plus,cutin,k3,nudge_L,0.0,1.0,0.0,9.0762689431458,8.541518915393695
B,200194,22535,minus,cutin,k1,hold,0.0,0.0,0.0,15.044455102362466,7.767074344926566
B,200195,22535,plus,cutin,k1,hold,0.0,0.0,0.0,15.044455102362466,7.734971960509741
B,200196,22535,minus,cutin,k1b,nudge_L,0.0,0.0,0.0,27.31830662414635,27.20210779378791
B,200197,22535,plus,cutin,k1b,nudge_L,0.0,0.0,0.0,27.306463472692347,27.190238081361866
B,200198,22535,minus,cutin,k2,nudge_L,0.0,0.0,0.0,30.110167305369256,30.01762240680069
B,200199,22535,plus,cutin,k2,nudge_L,0.0,0.0,0.0,30.09290045637146,30.00029235033875
B,200200,22535,minus,cutin,k3,hold,0.0,0.0,0.0,21.68984536661349,20.79085726625983
B,200201,22535,plus,cutin,k3,brake_mild,0.0,0.0,0.0,12.375817667919438,8.23079775944576
B,200202,23697,minus,cutin,k1,nudge_L,0.0,0.0,0.0,31.74142684500665,31.870632922439114
B,200203,23697,plus,cutin,k1,nudge_L,0.0,0.0,0.0,31.74175435952974,31.871017260751973
B,200204,23697,minus,cutin,k1b,nudge_L,0.0,0.0,0.0,26.147816203867944,26.008714410769322
B,200205,23697,plus,cutin,k1b,nudge_L,0.0,0.0,0.0,26.126492951246796,25.98768995377855
B,200206,23697,minus,cutin,k2,nudge_L,0.0,0.0,0.0,28.064339834250408,27.926634087627814
B,200207,23697,plus,cutin,k2,nudge_L,0.0,0.0,0.0,28.084884386157384,27.938324232577276
B,200208,23697,minus,cutin,k3,op,0.0,0.0,0.0,19.99038993815936,19.99038993815936
B,200209,23697,plus,cutin,k3,hold,0.0,0.0,0.0,22.275304577421405,17.73595188803677
B,200210,24211,minus,ped,k1,hold,0.0,0.0,0.0,22.013397905811726,13.532705252133946
B,200211,24211,plus,ped,k1,op,0.0,0.0,0.0,15.266308928214357,15.266308928214357
B,200212,24211,minus,ped,k1b,op,0.0,0.0,0.0,13.452116979592882,13.452116979592882
B,200213,24211,plus,ped,k1b,hold,0.0,0.0,0.0,20.949250118744484,13.660011903004154
B,200214,24211,minus,ped,k2,hold,0.0,0.0,0.0,22.014130458948852,15.067014572786372
B,200215,24211,plus,ped,k2,hold,0.0,0.0,0.0,22.014130458948852,13.46732080326202
B,200216,24211,minus,ped,k3,hold,0.0,0.0,0.0,21.982041125185326,16.760370127255964
B,200217,24211,plus,ped,k3,op_stop,1.0,1.0,1.0,5.450459477169832,18.817973774965537
B,200218,24294,minus,ped,k1,op,0.0,0.0,0.0,41.161123416707795,41.161123416707795
B,200219,24294,plus,ped,k1,op,1.0,1.0,0.0,41.03962863626469,41.03962863626469
B,200220,24294,minus,ped,k1b,hold,0.0,0.0,0.0,40.01828973176318,37.63640098159681
B,200221,24294,plus,ped,k1b,hold,1.0,1.0,0.0,39.954770197188395,37.55273473629512
B,200222,24294,minus,ped,k2,op,0.0,0.0,0.0,36.60652441298852,36.60652441298852
B,200223,24294,plus,ped,k2,op,1.0,1.0,0.0,36.4015179029095,36.4015179029095
B,200224,24294,minus,ped,k3,brake_mild,0.0,0.0,0.0,30.558940083009325,34.98268223671745
B,200225,24294,plus,ped,k3,brake_hard,1.0,1.0,1.0,14.746353606882536,34.97082515362338
B,200226,2460,minus,ped,k1,op,0.0,0.0,0.0,21.599449052579715,21.599449052579715
B,200227,2460,plus,ped,k1,op,0.0,0.0,0.0,21.61015898998751,21.61015898998751
B,200228,2460,minus,ped,k1b,op,0.0,0.0,0.0,22.308464827220558,22.308464827220558
B,200229,2460,plus,ped,k1b,op,0.0,0.0,0.0,21.888302663902365,21.888302663902365
B,200230,2460,minus,ped,k2,hold,0.0,0.0,0.0,21.73389148798064,21.19118479594317
B,200231,2460,plus,ped,k2,hold,0.0,0.0,0.0,21.73389148798064,21.05450825651567
B,200232,2460,minus,ped,k3,hold,0.0,0.0,0.0,21.585515368527574,20.36404339259507
B,200233,2460,plus,ped,k3,op_stop,1.0,1.0,1.0,5.28024890149308,19.772839272072808
B,200234,24759,minus,cutin,k3,hold,0.0,0.0,0.0,22.01625089404258,20.789574899746633
B,200235,24759,plus,cutin,k3,op_stop,0.0,1.0,0.0,6.227379460852658,17.117861986199554
B,200236,26405,minus,cutin,k1,op,0.0,0.0,0.0,21.772282875339442,21.772282875339442
B,200237,26405,plus,cutin,k1,op,0.0,0.0,0.0,22.001832029080973,22.001832029080973
B,200238,26405,minus,cutin,k1b,op,0.0,0.0,0.0,20.093691721162884,20.093691721162884
B,200239,26405,plus,cutin,k1b,op,0.0,0.0,0.0,20.27601859165508,20.27601859165508
B,200240,26405,minus,cutin,k2,op,0.0,0.0,0.0,22.101762740730372,22.101762740730372
B,200241,26405,plus,cutin,k2,op,0.0,0.0,0.0,22.20071454574073,22.20071454574073
B,200242,26405,minus,cutin,k3,op,0.0,0.0,0.0,22.151628575572,22.151628575572
B,200243,26405,plus,cutin,k3,brake_mild,0.0,0.0,0.0,11.803070090514888,17.63724813858283
B,200244,3731,minus,ped,k1,op,1.0,1.0,0.0,15.127530081014587,15.127530081014587
B,200245,3731,plus,ped,k1,shift_L,0.0,1.0,0.0,20.755076852262274,15.072540538297352
B,200246,3731,minus,ped,k1b,brake_mild,0.0,1.0,0.0,7.2723369938035365,12.812255417002522
B,200247,3731,plus,ped,k1b,hold,1.0,1.0,0.0,12.868435145954226,12.714585276994772
B,200248,3731,minus,ped,k2,shift_L,0.0,1.0,0.0,22.693761878884146,11.378086147276603
B,200249,3731,plus,ped,k2,shift_L,0.0,1.0,0.0,22.72819130778741,11.411668047432231
B,200250,3737,minus,ped,k1,brake_mild,1.0,1.0,0.0,9.775035229567521,9.764505155455277
B,200251,3737,plus,ped,k1,brake_mild,1.0,0.0,0.0,9.775499588353904,9.611514882915131
B,200252,3737,minus,ped,k1b,brake_mild,1.0,1.0,0.0,6.928839221405364,6.877283262947492
B,200253,3737,plus,ped,k1b,brake_mild,1.0,1.0,0.0,6.93596377622941,6.895362523942488
B,200254,3737,minus,ped,k2,op_stop,1.0,1.0,0.0,5.41182812015905,5.467481585228951
B,200255,3737,plus,ped,k2,op_stop,1.0,1.0,0.0,5.433788907849787,5.46632993759767
B,200256,3813,minus,cutin,k1,op,0.0,0.0,0.0,25.142832835246132,25.142832835246132
B,200257,3813,plus,cutin,k1,op,0.0,0.0,0.0,25.15772459521804,25.15772459521804
B,200258,3813,minus,cutin,k1b,hold,0.0,0.0,0.0,21.193853713675367,20.26857492681807
B,200259,3813,plus,cutin,k1b,hold,0.0,0.0,0.0,21.193853713675367,20.375262296626463
B,200260,3813,minus,cutin,k2,hold,0.0,0.0,0.0,22.376717540733186,20.6772767055809
B,200261,3813,plus,cutin,k2,hold,0.0,0.0,0.0,22.376717540733186,20.903832259654713
B,200262,3813,minus,cutin,k3,hold,0.0,0.0,0.0,21.50122388714812,19.095034319403496
B,200263,3813,plus,cutin,k3,hold,0.0,0.0,0.0,21.50122388714812,21.707292369268114
B,200414,1773,minus,obstacle,k3,hold,0.0,0.0,0.0,31.05327302393476,28.080214116539018
B,200415,1773,plus,obstacle,k3,shift_L,0.0,1.0,0.0,25.963778659040436,9.848030940772196
B,200416,1790,minus,obstacle,tau4,nudge_L,1.0,0.0,0.0,37.436664393560946,37.55623621196238
B,200417,1790,plus,obstacle,tau4,nudge_L,1.0,0.0,0.0,34.86860538340448,34.802878681325936
B,200418,1790,minus,obstacle,tau3,hold,0.0,0.0,0.0,29.396051499948097,27.618397770013054
B,200419,1790,plus,obstacle,tau3,hold,0.0,0.0,0.0,28.129613395093294,24.808324990186883
B,200420,1790,minus,obstacle,tau2,hold,0.0,0.0,0.0,29.403129839576714,25.35543546336507
B,200421,1790,plus,obstacle,tau2,hold,1.0,0.0,0.0,26.430993354581865,20.332305652407747
B,200422,1790,minus,obstacle,k3,hold,0.0,0.0,0.0,29.437733903673937,26.32565621680347
B,200423,1790,plus,obstacle,k3,hold,1.0,0.0,0.0,24.716559477756363,16.782044006862268
B,200424,1792,minus,obstacle,tau4,nudge_L,0.0,0.0,0.0,37.49821731128483,37.41416241449201
B,200425,1792,plus,obstacle,tau4,nudge_L,0.0,0.0,0.0,35.89522833207713,35.809491511095686
B,200426,1792,minus,obstacle,tau3,nudge_L,0.0,0.0,0.0,42.702337490777566,42.619077701895435
B,200427,1792,plus,obstacle,tau3,shift_R,0.0,1.0,0.0,39.35630564946612,39.148068370123255
B,200428,1792,minus,obstacle,tau2,op_stop,0.0,0.0,0.0,30.586210063042113,42.437203810125254
B,200429,1792,plus,obstacle,tau2,brake_hard,0.0,1.0,0.0,21.404209169055857,35.2717939467673
B,200430,1792,minus,obstacle,k3,brake_mild,0.0,0.0,0.0,48.156376430087235,36.50361344993465
B,200431,1792,plus,obstacle,k3,nudge_L,0.0,0.0,0.0,9.202852963731168,8.84798940851531
B,200434,1825,minus,obstacle,k3,hold,0.0,0.0,0.0,29.37354587047713,27.034613912660692
B,200435,1825,plus,obstacle,k3,hold,1.0,1.0,0.0,7.662859827521317,6.8681928108336034
B,200438,1833,minus,obstacle,tau2,shift_L,0.0,0.0,0.0,15.385646250228636,14.891584763747913
B,200439,1833,plus,obstacle,tau2,shift_L,0.0,0.0,0.0,15.237742667442475,14.758277954319942
B,200440,1833,minus,obstacle,k3,op,0.0,0.0,0.0,27.072558018874734,27.072558018874734
B,200444,20920,minus,obstacle,tau2,hold,0.0,0.0,0.0,16.612222281078218,13.074339663592248
B,200445,20920,plus,obstacle,tau2,hold,0.0,0.0,0.0,16.612222281078218,13.956899424489345
B,200446,20920,minus,obstacle,k3,hold,0.0,0.0,0.0,29.32526886605877,29.05709109214477
B,200447,20920,plus,obstacle,k3,nudge_L,1.0,1.0,0.0,8.022869432887125,7.4979782410390055
B,200454,24367,minus,obstacle,tau2,hold,0.0,0.0,0.0,17.247513807125284,6.9993616813393595
B,200455,24367,plus,obstacle,tau2,hold,0.0,0.0,0.0,17.247513807125284,7.156611892415252
B,200456,24367,minus,obstacle,k3,hold,0.0,0.0,0.0,29.34688000787531,29.048458998963174
B,200457,24367,plus,obstacle,k3,hold,1.0,0.0,0.0,11.006148770751361,5.891970769623553
B,200460,24757,minus,obstacle,k3,hold,0.0,0.0,0.0,28.150028268705885,24.49538866953425
B,200461,24757,plus,obstacle,k3,shift_L,1.0,1.0,0.0,15.128926668086988,9.17263085052402
B,200464,2513,minus,obstacle,tau2,hold,0.0,0.0,0.0,16.749539641446077,7.9990441675207915
B,200465,2513,plus,obstacle,tau2,hold,0.0,0.0,0.0,16.749539641446077,7.652850699164949
B,200466,2513,minus,obstacle,k3,hold,0.0,0.0,0.0,29.200743824558646,31.015739826244484
B,200467,2513,plus,obstacle,k3,shift_L,1.0,1.0,0.0,26.78969216586264,13.755817442394395
B,200470,25383,minus,obstacle,tau2,hold,0.0,0.0,0.0,16.975105018486357,7.357626416458042
B,200471,25383,plus,obstacle,tau2,hold,0.0,0.0,0.0,16.975105018486357,7.117247965737625
B,200474,25424,minus,obstacle,tau2,hold,0.0,0.0,0.0,16.9661188859036,7.775202038374844
B,200475,25424,plus,obstacle,tau2,hold,0.0,0.0,0.0,16.9661188859036,13.33632943869751
B,200478,2554,minus,obstacle,tau2,shift_L,0.0,0.0,0.0,14.82676955768188,14.30093727017508
B,200479,2554,plus,obstacle,tau2,shift_L,0.0,0.0,0.0,14.470749542732317,14.06253561455
B,200480,2554,minus,obstacle,k3,nudge_L,1.0,1.0,0.0,50.50462956260621,46.596599879811414
B,200481,2554,plus,obstacle,k3,shift_R,1.0,1.0,0.0,13.653636463193838,12.79281890851992
B,200482,25854,minus,obstacle,tau4,op_stop,0.0,0.0,0.0,24.832766861304137,47.22417393043304
B,200483,25854,plus,obstacle,tau4,brake_hard,0.0,1.0,0.0,15.031553250113653,43.42419358247487
B,200484,25854,minus,obstacle,k3,nudge_L,0.0,0.0,0.0,43.74677120341479,44.01870073683246
B,200485,25854,plus,obstacle,k3,shift_L,0.0,1.0,0.0,20.429281440858237,19.45106833257657
B,200486,25896,minus,obstacle,tau4,op,0.0,0.0,0.0,34.44638218727889,34.44638218727889
B,200487,25896,plus,obstacle,tau4,hold,1.0,1.0,0.0,22.19303031641821,21.832234447144202
B,200488,25896,minus,obstacle,tau2,nudge_L,0.0,0.0,0.0,29.220083385094878,26.680144332661552
B,200489,25896,plus,obstacle,tau2,shift_L,0.0,0.0,0.0,20.367515366307398,12.533601980297611
B,200490,25896,minus,obstacle,k3,hold,1.0,0.0,0.0,37.44562786541956,19.42879235273762
B,200491,25896,plus,obstacle,k3,shift_R,0.0,1.0,0.0,8.607069299744559,6.828611526093876
B,200492,25951,minus,obstacle,tau4,op_stop,0.0,0.0,0.0,13.314851232464271,28.980010058663417
B,200493,25951,plus,obstacle,tau4,op_stop,0.0,0.0,0.0,12.729786323365538,28.065267311284977
B,200494,25951,minus,obstacle,tau3,op_stop,0.0,0.0,0.0,14.031053797085134,21.990149145528278
B,200495,25951,plus,obstacle,tau3,op_stop,0.0,0.0,0.0,11.024534059601443,23.440174781271022
B,200496,25951,minus,obstacle,tau2,hold,0.0,0.0,0.0,29.605963402719826,23.804484464004922
B,200497,25951,plus,obstacle,tau2,op_stop,0.0,0.0,0.0,9.578786209483766,19.641211616700147
B,200498,25951,minus,obstacle,k3,hold,0.0,0.0,0.0,29.36972886854243,24.398686505920562
B,200499,25951,plus,obstacle,k3,op_stop,0.0,1.0,0.0,6.028508195089717,15.424777660071703
B,200502,2606,minus,obstacle,tau2,hold,0.0,0.0,0.0,16.862313423959872,8.090092296196863
B,200503,2606,plus,obstacle,tau2,hold,0.0,0.0,0.0,16.862313423959872,8.085661008167497
B,200504,2606,minus,obstacle,k3,hold,0.0,0.0,0.0,29.40871012191997,27.37435992088098
B,200505,2606,plus,obstacle,k3,brake_mild,1.0,1.0,0.0,7.769358801454672,7.696748561496046
B,200508,2643,minus,obstacle,tau2,hold,0.0,0.0,0.0,16.52506223453637,13.101427615697167
B,200509,2643,plus,obstacle,tau2,hold,0.0,0.0,0.0,16.52506223453637,13.405120487901359
B,200510,2643,minus,obstacle,k3,nudge_L,0.0,0.0,0.0,29.8702279671741,29.76912748133018
B,200511,2643,plus,obstacle,k3,brake_hard,1.0,1.0,0.0,4.1991600492303345,4.186129217709026
B,200514,2668,minus,obstacle,tau2,shift_L,0.0,0.0,0.0,19.11578184199848,18.473955097594416
B,200515,2668,plus,obstacle,tau2,shift_L,0.0,0.0,0.0,18.762692365788944,18.217752805969525
B,200516,2668,minus,obstacle,k3,shift_L,0.0,0.0,0.0,23.335016443704845,18.140428055420585
B,200517,2668,plus,obstacle,k3,nudge_L,0.0,1.0,0.0,8.223259985028577,6.217841109207257
B,200518,3436,minus,obstacle,tau4,shift_R,0.0,0.0,0.0,21.13498433307604,19.1731068384506
B,200519,3436,plus,obstacle,tau4,op,0.0,0.0,0.0,20.363202569862402,20.363202569862402
B,200520,3436,minus,obstacle,tau3,op,0.0,0.0,0.0,24.46486245239074,24.46486245239074
B,200521,3436,plus,obstacle,tau3,hold,0.0,0.0,0.0,28.281741014788423,19.80992243424276
B,200523,3436,plus,obstacle,tau2,nudge_L,0.0,0.0,0.0,20.736398575249815,20.685302173007784
B,200524,3436,minus,obstacle,k3,hold,0.0,0.0,0.0,29.200199167910213,24.506843290562106
B,200525,3436,plus,obstacle,k3,shift_L,1.0,0.0,0.0,9.176468373093199,8.279429740315443
B,200529,1773,plus,obstacle,k3,shift_L,1.0,0.0,0.0,8.80361289812139,13.53023721158978
B,200530,1790,minus,obstacle,tau4,nudge_L,1.0,0.0,0.0,38.18292677150865,39.218772906228644
B,200531,1790,plus,obstacle,tau4,nudge_L,1.0,0.0,0.0,32.20465234581246,35.16128327226427
B,200532,1790,minus,obstacle,tau3,nudge_L,1.0,0.0,0.0,31.641649098712886,32.08465202401774
B,200533,1790,plus,obstacle,tau3,hold,1.0,0.0,0.0,31.137643743879647,27.80469620929705
B,200534,1790,minus,obstacle,tau2,hold,0.0,0.0,0.0,29.462855044770333,27.289272401929516
B,200536,1792,minus,obstacle,tau4,nudge_L,0.0,0.0,0.0,39.027475039691254,38.94861559641167
B,200537,1792,plus,obstacle,tau4,op,0.0,0.0,0.0,36.25541258092262,36.25541258092262
B,200538,1792,minus,obstacle,tau3,nudge_L,0.0,0.0,0.0,43.44130849953866,43.36748094561414
B,200539,1792,plus,obstacle,tau3,op,1.0,1.0,0.0,40.391635509799,40.391635509799
B,200540,1792,minus,obstacle,tau2,op,0.0,0.0,0.0,44.729959848989274,44.729959848989274
B,200541,1792,plus,obstacle,tau2,op_stop,0.0,1.0,0.0,26.096249437025882,39.10822576388181
B,200542,1792,minus,obstacle,k3,nudge_L,0.0,0.0,0.0,40.60018763974813,40.214705230909274
B,200543,1792,plus,obstacle,k3,shift_R,0.0,1.0,0.0,14.297428559569939,14.421447070655258
B,200548,1825,minus,obstacle,k3,hold,0.0,0.0,0.0,30.450698205193945,29.312055809495572
B,200549,1825,plus,obstacle,k3,brake_mild,1.0,1.0,0.0,6.9627362418631,6.8495574968314346
B,200552,1833,minus,obstacle,tau2,shift_L,0.0,0.0,0.0,16.36873069425812,15.890744967313394
B,200553,1833,plus,obstacle,tau2,shift_L,0.0,0.0,0.0,16.39670977696725,15.937447019621173
B,200554,1833,minus,obstacle,k3,op,0.0,0.0,0.0,28.071841240960964,28.071841240960964
B,200555,1833,plus,obstacle,k3,shift_L,0.0,1.0,0.0,22.253718565948812,8.99450686629105
B,200558,20920,minus,obstacle,tau2,shift_L,0.0,0.0,0.0,15.936147409189365,15.445659627109643
B,200559,20920,plus,obstacle,tau2,shift_L,0.0,0.0,0.0,16.023799528424185,15.552763322495256
B,200560,20920,minus,obstacle,k3,op,0.0,0.0,0.0,34.97677757376458,34.97677757376458
B,200561,20920,plus,obstacle,k3,nudge_L,1.0,1.0,0.0,7.558668317799857,7.794578671082623
B,200568,24367,minus,obstacle,tau2,shift_L,0.0,0.0,0.0,14.386208450745075,7.502330092676311
B,200569,24367,plus,obstacle,tau2,shift_L,0.0,0.0,0.0,13.946922988663209,7.297457266658293
B,200574,24757,minus,obstacle,k3,hold,0.0,0.0,0.0,28.655739319233938,26.563667602046003
B,200575,24757,plus,obstacle,k3,shift_L,0.0,1.0,0.0,28.65503949930813,20.91174179589045
B,200578,2513,minus,obstacle,tau2,hold,0.0,0.0,0.0,16.287625216691367,7.327890157550628
B,200579,2513,plus,obstacle,tau2,hold,0.0,0.0,0.0,16.287625216691367,7.596297702266827
B,200580,2513,minus,obstacle,k3,hold,0.0,0.0,0.0,29.246138071502752,30.358558768039664
B,200581,2513,plus,obstacle,k3,hold,1.0,0.0,0.0,12.213775466710576,7.8208711729617235
B,200584,25383,minus,obstacle,tau2,shift_L,0.0,0.0,0.0,15.688360589574497,15.405845611067823
B,200585,25383,plus,obstacle,tau2,shift_L,0.0,0.0,0.0,14.794442861247978,14.445518214619533
B,200586,25383,minus,obstacle,k3,hold,0.0,0.0,0.0,29.0090694889317,24.334110026827666
B,200587,25383,plus,obstacle,k3,op,0.0,0.0,0.0,6.2931558327263275,6.2931558327263275
B,200590,25424,minus,obstacle,tau2,hold,0.0,0.0,0.0,16.98578584131383,7.559119055565097
B,200591,25424,plus,obstacle,tau2,hold,0.0,0.0,0.0,16.98578584131383,7.445862082729125
B,200594,2554,minus,obstacle,tau2,hold,0.0,0.0,0.0,16.38942166443633,8.257092924159409
B,200595,2554,plus,obstacle,tau2,hold,0.0,0.0,0.0,16.38942166443633,12.83841219567326
B,200596,2554,minus,obstacle,k3,shift_L,0.0,0.0,0.0,25.834379024505775,25.50660823554386
B,200597,2554,plus,obstacle,k3,nudge_L,0.0,0.0,0.0,19.56060147368115,19.362950736448393
B,200598,25854,minus,obstacle,tau4,op_stop,0.0,0.0,0.0,24.98250870201596,47.73127402483102
B,200599,25854,plus,obstacle,tau4,brake_hard,0.0,1.0,0.0,15.055289485195537,43.255508980311696
B,200600,25854,minus,obstacle,k3,nudge_L,0.0,0.0,0.0,43.32582927088522,43.2331776092625
B,200601,25854,plus,obstacle,k3,shift_R,0.0,1.0,0.0,10.777791293243862,9.718673260609691
B,200602,25896,minus,obstacle,tau4,op,0.0,0.0,0.0,30.57747645882862,30.57747645882862
B,200603,25896,plus,obstacle,tau4,hold,1.0,1.0,0.0,21.04232630905563,20.71167762333996
B,200604,25896,minus,obstacle,tau2,nudge_L,0.0,0.0,0.0,34.753479642580004,33.677894516065884
B,200605,25896,plus,obstacle,tau2,shift_L,0.0,1.0,0.0,21.81289055841406,14.093283613695471
B,200606,25896,minus,obstacle,k3,brake_mild,1.0,0.0,0.0,33.709417195814225,19.21841601390644
B,200607,25896,plus,obstacle,k3,shift_R_slow,0.0,1.0,0.0,7.721158138131103,5.554827200750545
B,200608,25951,minus,obstacle,tau4,brake_mild,0.0,0.0,0.0,20.027935232653743,29.79197608603497
B,200609,25951,plus,obstacle,tau4,op_stop,0.0,0.0,0.0,12.26416751576733,28.904660921118843
B,200610,25951,minus,obstacle,tau3,hold,0.0,0.0,0.0,29.340581138955827,25.09916588125884
B,200611,25951,plus,obstacle,tau3,op_stop,0.0,0.0,0.0,11.31998582792229,21.505799033913657
B,200612,25951,minus,obstacle,tau2,hold,0.0,0.0,0.0,29.39456603325649,23.727870370734475
B,200613,25951,plus,obstacle,tau2,op_stop,0.0,0.0,0.0,9.303026026421255,19.935674912507235
B,200614,25951,minus,obstacle,k3,op,0.0,0.0,0.0,24.257962178659852,24.257962178659852
B,200615,25951,plus,obstacle,k3,op_stop,0.0,1.0,0.0,6.280365944677891,16.697242152511752
B,200618,2606,minus,obstacle,tau2,hold,0.0,0.0,0.0,16.62501478595496,14.892807481849102
B,200619,2606,plus,obstacle,tau2,shift_L,1.0,0.0,0.0,15.408174854498128,14.869328657642939
B,200620,2606,minus,obstacle,k3,hold,0.0,0.0,0.0,29.515637645429717,27.258587227201467
B,200621,2606,plus,obstacle,k3,shift_L,1.0,1.0,0.0,20.809725484727,8.364103420523627
B,200624,2643,minus,obstacle,tau2,hold,0.0,0.0,0.0,16.922073155476227,15.726701308380651
B,200625,2643,plus,obstacle,tau2,hold,0.0,0.0,0.0,16.922073155476227,15.841914534490423
B,200626,2643,minus,obstacle,k3,hold,0.0,0.0,0.0,28.952521728904436,26.045848361841745
B,200627,2643,plus,obstacle,k3,shift_L_slow,0.0,1.0,0.0,6.24127752625372,4.057490987609463
B,200630,2668,minus,obstacle,tau2,shift_L,0.0,0.0,0.0,20.98215642061277,20.501684907972272
B,200631,2668,plus,obstacle,tau2,shift_L,0.0,0.0,0.0,21.09229886311842,20.624159654015102
B,200632,2668,minus,obstacle,k3,shift_R,0.0,0.0,0.0,16.496965254437402,15.857331755168879
B,200633,2668,plus,obstacle,k3,nudge_L,0.0,1.0,0.0,9.073630572423323,5.280297122907422
B,200634,3436,minus,obstacle,tau4,shift_R,0.0,0.0,0.0,22.4089157043499,21.21840434069388
B,200635,3436,plus,obstacle,tau4,shift_R,0.0,0.0,0.0,26.317137304276958,22.381970731116724
B,200636,3436,minus,obstacle,tau3,op,0.0,0.0,0.0,24.117700482906542,24.117700482906542
B,200637,3436,plus,obstacle,tau3,hold,0.0,0.0,0.0,28.312991262900283,20.323624008888935
B,200638,3436,minus,obstacle,tau2,hold,0.0,0.0,0.0,29.458988194593765,24.72953795035078
B,200640,3436,minus,obstacle,k3,hold,0.0,0.0,0.0,29.406253348605567,25.597183475657793
B,200641,3436,plus,obstacle,k3,nudge_L,0.0,1.0,0.0,15.723231214741398,15.754869835179061
Bs,200000,11333,minus,ped,k1,shift_L,0.0,1.0,0.0,12.852125022928156,9.527448365969358
Bs,200001,11333,plus,ped,k1,shift_L,0.0,0.0,0.0,13.05083459539972,8.483452055828044
Bs,200002,11333,minus,ped,k1b,op_stop,1.0,1.0,0.0,6.495094143513568,6.530716355558926
Bs,200003,11333,plus,ped,k1b,shift_L,0.0,1.0,0.0,9.829964051732542,6.539764075214579
Bs,200004,11333,minus,ped,k2,nudge_L,1.0,1.0,0.0,7.150692598945242,5.083538493363891
Bs,200005,11333,plus,ped,k2,nudge_L,1.0,1.0,0.0,7.416050041842132,5.111810172721769
Bs,200006,11381,minus,ped,k1,shift_L,0.0,1.0,0.0,19.26892057602199,13.468179684311044
Bs,200007,11381,plus,ped,k1,shift_L,0.0,1.0,0.0,19.05024481355156,13.465952055894958
Bs,200008,11381,minus,ped,k1b,shift_L,0.0,1.0,0.0,16.247207373581993,11.415256998810397
Bs,200009,11381,plus,ped,k1b,shift_L,0.0,1.0,0.0,16.110460076219795,11.40478714844299
Bs,200010,11381,minus,ped,k2,shift_L,0.0,0.0,0.0,13.678415726483616,8.203178947234585
Bs,200011,11381,plus,ped,k2,shift_L,0.0,0.0,0.0,13.50854269860664,8.002941917564163
Bs,200012,13674,minus,ped,k1,shift_L,0.0,0.0,0.0,22.913676785834884,22.531525827124824
Bs,200013,13674,plus,ped,k1,shift_L,0.0,0.0,0.0,23.078206237599282,22.70006403600721
Bs,200014,13674,minus,ped,k1b,shift_L,0.0,0.0,0.0,31.115021873570882,30.993764261242756
Bs,200015,13674,plus,ped,k1b,shift_L,0.0,0.0,0.0,31.18680154092529,31.084408298035395
Bs,200016,13674,minus,ped,k2,shift_L,0.0,0.0,0.0,27.435845847665057,27.16298486644696
Bs,200017,13674,plus,ped,k2,shift_L,0.0,0.0,0.0,27.31806383033674,27.04700539758147
Bs,200018,14382,minus,ped,k1,shift_L,0.0,0.0,0.0,16.11509529791087,15.683332864812677
Bs,200019,14382,plus,ped,k1,shift_L,0.0,0.0,0.0,16.247292992226985,15.77189264953795
Bs,200020,14382,minus,ped,k1b,shift_L,0.0,0.0,0.0,17.065519596214646,16.52018735156521
Bs,200021,14382,plus,ped,k1b,shift_L,0.0,0.0,0.0,16.906472638547186,16.34994026453228
Bs,200022,14382,minus,ped,k2,shift_L,0.0,0.0,0.0,20.044685550685724,19.699216449968304
Bs,200023,14382,plus,ped,k2,shift_L,0.0,1.0,0.0,20.934210265509883,20.568944075354352
Bs,200024,14382,minus,ped,k3,hold,0.0,0.0,0.0,21.11038316956136,21.16151502612425
Bs,200025,14382,plus,ped,k3,brake_hard,1.0,1.0,1.0,3.0364187740545407,21.311960578118452
Bs,200026,1711,minus,cutin,k3,hold,0.0,0.0,0.0,21.461354736131465,23.56036410775192
Bs,200027,1711,plus,cutin,k3,hold,1.0,1.0,0.0,17.049892971807537,14.471681957804202
Bs,200036,17921,minus,ped,k1,hold,0.0,0.0,0.0,21.79443495356424,18.70242407144309
Bs,200037,17921,plus,ped,k1,hold,0.0,0.0,0.0,21.79443495356424,18.383133394758282
Bs,200038,17921,minus,ped,k1b,hold,0.0,0.0,0.0,21.021081816692934,18.408967456367105
Bs,200039,17921,plus,ped,k1b,hold,1.0,0.0,0.0,21.021081816692934,18.445249942739828
Bs,200040,17921,minus,ped,k2,hold,0.0,0.0,0.0,21.820363704679192,19.011649901345827
Bs,200041,17921,plus,ped,k2,hold,1.0,1.0,0.0,21.7799927535158,19.022240910898354
Bs,200042,17921,minus,ped,k3,hold,0.0,0.0,0.0,21.683577525935963,17.471371479451385
Bs,200043,17921,plus,ped,k3,op_stop,0.0,1.0,0.0,5.461335749527325,17.83338653042428
Bs,200044,18027,minus,ped,k1,hold,0.0,0.0,0.0,20.99867849003464,20.31453228105609
Bs,200045,18027,plus,ped,k1,hold,0.0,0.0,0.0,20.99867849003464,20.362704845051482
Bs,200046,18027,minus,ped,k1b,nudge_L,1.0,0.0,0.0,8.345144885990088,21.413987007423593
Bs,200047,18027,plus,ped,k1b,nudge_L,1.0,0.0,0.0,8.363531434901141,21.345846148521836
Bs,200048,18027,minus,ped,k2,hold,0.0,0.0,0.0,21.00903584445293,20.42112001523982
Bs,200049,18027,plus,ped,k2,hold,0.0,0.0,0.0,21.00903584445293,20.372370533505325
Bs,200050,18027,minus,ped,k3,hold,0.0,0.0,0.0,21.346186041759484,20.89647695157929
Bs,200051,18027,plus,ped,k3,op_stop,0.0,1.0,0.0,5.720403579448146,20.447166733335255
Bs,200052,18344,minus,cutin,k3,brake_mild,0.0,0.0,0.0,11.965374505739094,17.934131062383898
Bs,200053,18344,plus,cutin,k3,op_stop,0.0,1.0,0.0,5.34350535958564,15.360321820282921
Bs,200054,22531,minus,cutin,k1,op,0.0,0.0,0.0,22.043459092070634,22.043459092070634
Bs,200055,22531,plus,cutin,k1,op,0.0,0.0,0.0,22.011798449990547,22.011798449990547
Bs,200056,22531,minus,cutin,k1b,op,0.0,0.0,0.0,22.603508176258675,22.603508176258675
Bs,200057,22531,plus,cutin,k1b,op,0.0,0.0,0.0,22.770188316800358,22.770188316800358
Bs,200058,22531,minus,cutin,k2,op,0.0,0.0,0.0,22.107730539970703,22.107730539970703
Bs,200059,22531,plus,cutin,k2,op,0.0,0.0,0.0,22.20263876433425,22.20263876433425
Bs,200060,22531,minus,cutin,k3,nudge_L,0.0,0.0,0.0,21.227240485132906,21.127336838755806
Bs,200061,22531,plus,cutin,k3,nudge_L,0.0,1.0,0.0,9.284879658753946,9.047806385222767
Bs,200062,22535,minus,cutin,k1,hold,0.0,0.0,0.0,15.044455102362466,7.3881020735524405
Bs,200063,22535,plus,cutin,k1,hold,0.0,0.0,0.0,15.044455102362466,7.430033214680861
Bs,200064,22535,minus,cutin,k1b,nudge_L,0.0,0.0,0.0,27.56807336400812,27.453660346725115
Bs,200065,22535,plus,cutin,k1b,nudge_L,0.0,0.0,0.0,27.555513194724025,27.44155161303583
Bs,200066,22535,minus,cutin,k2,nudge_L,0.0,0.0,0.0,30.515496479302776,30.429248868275224
Bs,200067,22535,plus,cutin,k2,nudge_L,0.0,0.0,0.0,30.439372999567816,30.36249166029483
Bs,200068,22535,minus,cutin,k3,hold,0.0,0.0,0.0,21.68984536661349,20.968105890322867
Bs,200069,22535,plus,cutin,k3,brake_mild,0.0,0.0,0.0,12.359194950347856,8.46034125677371
Bs,200070,23697,minus,cutin,k1,nudge_L,0.0,0.0,0.0,31.247854577062753,31.268094780542857
Bs,200071,23697,plus,cutin,k1,nudge_L,0.0,0.0,0.0,31.195507752168577,31.145016225934558
Bs,200072,23697,minus,cutin,k1b,nudge_L,0.0,0.0,0.0,22.856993357998885,22.70156837807967
Bs,200073,23697,plus,cutin,k1b,nudge_L,0.0,0.0,0.0,22.767878498502338,22.61116313356558
Bs,200074,23697,minus,cutin,k2,nudge_L,0.0,0.0,0.0,26.32407575272839,26.18440812116231
Bs,200075,23697,plus,cutin,k2,nudge_L,0.0,0.0,0.0,26.265974392083407,26.120483149488116
Bs,200076,23697,minus,cutin,k3,nudge_L,0.0,0.0,0.0,20.017298938055728,19.849843442478413
Bs,200077,23697,plus,cutin,k3,hold,0.0,0.0,0.0,22.275304577421405,17.729938186910065
Bs,200078,24211,minus,ped,k1,hold,0.0,0.0,0.0,22.013397905811726,16.689987169407065
Bs,200079,24211,plus,ped,k1,hold,0.0,0.0,0.0,22.013397905811726,16.82477507166086
Bs,200080,24211,minus,ped,k1b,hold,0.0,0.0,0.0,20.949250118744484,16.344014250535473
Bs,200081,24211,plus,ped,k1b,hold,0.0,0.0,0.0,20.949250118744484,16.3748496793438
Bs,200082,24211,minus,ped,k2,hold,0.0,0.0,0.0,22.014130458948852,15.534546366104943
Bs,200083,24211,plus,ped,k2,hold,0.0,0.0,0.0,22.014130458948852,15.711895310590895
Bs,200084,24211,minus,ped,k3,hold,0.0,0.0,0.0,21.982041125185326,17.97915260119719
Bs,200085,24211,plus,ped,k3,op_stop,1.0,1.0,1.0,5.4029015046683995,18.07355454709548
Bs,200086,24294,minus,ped,k1,op,0.0,0.0,0.0,40.99739898764824,40.99739898764824
Bs,200087,24294,plus,ped,k1,op,1.0,1.0,0.0,40.91803606314226,40.91803606314226
Bs,200088,24294,minus,ped,k1b,hold,0.0,0.0,0.0,40.01828973176318,37.3440413781203
Bs,200089,24294,plus,ped,k1b,hold,1.0,1.0,0.0,39.954770197188395,37.2659986198148
Bs,200090,24294,minus,ped,k2,hold,0.0,0.0,0.0,40.65255198852443,36.34767157176209
Bs,200091,24294,plus,ped,k2,hold,1.0,1.0,0.0,40.63378079998872,36.062923521345844
Bs,200092,24294,minus,ped,k3,nudge_L,0.0,0.0,0.0,35.09190253574605,35.021707415606734
Bs,200093,24294,plus,ped,k3,brake_hard,1.0,1.0,0.0,14.746353606882536,35.03378922688786
Bs,200094,2460,minus,ped,k1,op,0.0,0.0,0.0,22.224503126064153,22.224503126064153
Bs,200095,2460,plus,ped,k1,op,0.0,0.0,0.0,22.107414047373233,22.107414047373233
Bs,200096,2460,minus,ped,k1b,hold,0.0,0.0,0.0,20.941869042805962,20.85209494231288
Bs,200097,2460,plus,ped,k1b,hold,0.0,0.0,0.0,20.941869042805962,20.85315994410294
Bs,200098,2460,minus,ped,k2,hold,0.0,0.0,0.0,21.73389148798064,20.411655752588302
Bs,200099,2460,plus,ped,k2,hold,0.0,0.0,0.0,21.73389148798064,20.523572627920725
Bs,200100,2460,minus,ped,k3,nudge_L,1.0,0.0,0.0,11.029452084943324,22.35236833819869
Bs,200101,2460,plus,ped,k3,op_stop,1.0,1.0,1.0,5.319056086472016,21.77042638125797
Bs,200102,24759,minus,cutin,k3,shift_R,0.0,0.0,0.0,24.395523248604558,23.560592981612103
Bs,200103,24759,plus,cutin,k3,op_stop,0.0,1.0,0.0,6.218319197799937,17.77714557083059
Bs,200104,26405,minus,cutin,k1,nudge_L,1.0,0.0,0.0,22.24283243157502,22.348945303476192
Bs,200105,26405,plus,cutin,k1,nudge_L,1.0,0.0,0.0,22.36191236071433,22.463843477668668
Bs,200106,26405,minus,cutin,k1b,nudge_L,1.0,0.0,0.0,20.40212441999503,20.466644185811795
Bs,200107,26405,plus,cutin,k1b,nudge_L,1.0,0.0,0.0,20.506011377141846,20.565793408079262
Bs,200108,26405,minus,cutin,k2,nudge_L,0.0,0.0,0.0,22.222324696016894,22.269350385537646
Bs,200109,26405,plus,cutin,k2,nudge_L,0.0,0.0,0.0,22.341765527282774,22.388558505054448
Bs,200110,26405,minus,cutin,k3,op,0.0,0.0,0.0,22.231990218683514,22.231990218683514
Bs,200111,26405,plus,cutin,k3,shift_R,0.0,0.0,0.0,18.5408840907118,17.86712701555785
Bs,200112,3731,minus,ped,k1,hold,1.0,1.0,0.0,13.78612484484359,13.776668988887279
Bs,200113,3731,plus,ped,k1,op,1.0,1.0,0.0,13.750201027931551,13.750201027931551
Bs,200114,3731,minus,ped,k1b,op,1.0,1.0,0.0,11.440619192078712,11.440619192078712
Bs,200115,3731,plus,ped,k1b,op,1.0,1.0,0.0,11.394218181100047,11.394218181100047
Bs,200116,3731,minus,ped,k2,shift_L,0.0,1.0,0.0,20.43487584446002,9.87137175946246
Bs,200117,3731,plus,ped,k2,shift_L,0.0,1.0,0.0,20.63128398547895,9.957683795274848
Bs,200118,3737,minus,ped,k1,op,1.0,1.0,0.0,9.362247560358039,9.362247560358039
Bs,200119,3737,plus,ped,k1,nudge_L,1.0,1.0,0.0,10.02640269015094,9.367000514085865
Bs,200120,3737,minus,ped,k1b,op,1.0,1.0,0.0,6.490248908455103,6.490248908455103
Bs,200121,3737,plus,ped,k1b,brake_mild,1.0,1.0,0.0,6.513886732063878,6.488155426415669
Bs,200122,3737,minus,ped,k2,brake_mild,1.0,1.0,0.0,5.129890656428897,5.116888200137204
Bs,200123,3737,plus,ped,k2,brake_mild,1.0,1.0,0.0,5.1291196799980865,5.125534830809468
Bs,200124,3813,minus,cutin,k1,nudge_L,0.0,0.0,0.0,25.277045800207155,25.148688406831536
Bs,200125,3813,plus,cutin,k1,nudge_L,0.0,0.0,0.0,25.202215415295605,25.073249840960308
Bs,200126,3813,minus,cutin,k1b,hold,0.0,0.0,0.0,21.193853713675367,20.4685152723248
Bs,200127,3813,plus,cutin,k1b,hold,0.0,0.0,0.0,21.193853713675367,20.271984792271496
Bs,200128,3813,minus,cutin,k2,hold,0.0,0.0,0.0,22.376717540733186,21.109393744066764
Bs,200129,3813,plus,cutin,k2,hold,0.0,0.0,0.0,22.376717540733186,20.584746450173668
Bs,200130,3813,minus,cutin,k3,hold,0.0,0.0,0.0,21.50122388714812,19.046938754592116
Bs,200131,3813,plus,cutin,k3,hold,0.0,0.0,0.0,21.50122388714812,21.74415695383682
Bs,200132,11333,minus,ped,k1,shift_L,0.0,1.0,0.0,18.642425535083166,11.908113727006816
Bs,200133,11333,plus,ped,k1,shift_L,0.0,1.0,0.0,18.605697107763447,11.939366643976772
Bs,200134,11333,minus,ped,k1b,shift_L,0.0,1.0,0.0,13.744359363720918,8.838913623109338
Bs,200135,11333,plus,ped,k1b,shift_L,0.0,1.0,0.0,10.5264737491012,8.838325794694269
Bs,200136,11333,minus,ped,k2,nudge_L,0.0,0.0,0.0,7.579495046766774,7.330703984388254
Bs,200137,11333,plus,ped,k2,op,0.0,0.0,0.0,7.203362928320402,7.203362928320402
Bs,200138,11381,minus,ped,k1,shift_L,0.0,1.0,0.0,19.156942807854556,15.366504194837601
Bs,200139,11381,plus,ped,k1,shift_L,0.0,1.0,0.0,19.12598763959455,15.339148922040263
Bs,200140,11381,minus,ped,k1b,shift_L,0.0,1.0,0.0,17.10061930762869,13.279721493456833
Bs,200141,11381,plus,ped,k1b,shift_L,0.0,1.0,0.0,16.963056400704538,13.391673899714345
Bs,200142,11381,minus,ped,k2,shift_L,0.0,1.0,0.0,16.99218509826904,12.054220554465605
Bs,200143,11381,plus,ped,k2,shift_L,0.0,1.0,0.0,16.81229275668237,11.894644286211276
Bs,200144,13674,minus,ped,k1,nudge_L,0.0,0.0,0.0,23.52688456921643,23.388390136338014
Bs,200145,13674,plus,ped,k1,nudge_L,0.0,0.0,0.0,23.673541664696067,23.536315799861683
Bs,200146,13674,minus,ped,k1b,shift_L,0.0,0.0,0.0,31.30446989844357,31.289720117161984
Bs,200147,13674,plus,ped,k1b,shift_L,0.0,0.0,0.0,31.24870568908904,31.208316783415547
Bs,200148,13674,minus,ped,k2,shift_L,0.0,0.0,0.0,27.720064441322382,27.557710961994097
Bs,200149,13674,plus,ped,k2,shift_L,0.0,0.0,0.0,28.175947993027588,27.505256343232414
Bs,200150,14382,minus,ped,k1,shift_L,0.0,0.0,0.0,15.966692322965994,15.454610308223316
Bs,200151,14382,plus,ped,k1,shift_L,0.0,0.0,0.0,16.120241891208906,15.608622251347128
Bs,200152,14382,minus,ped,k1b,shift_L,0.0,0.0,0.0,16.8565688016056,16.268635914809295
Bs,200153,14382,plus,ped,k1b,shift_L,0.0,0.0,0.0,17.103318901877707,16.311008914471344
Bs,200154,14382,minus,ped,k2,shift_L,0.0,0.0,0.0,18.755695884854568,18.348424463910614
Bs,200155,14382,plus,ped,k2,shift_L,0.0,1.0,0.0,20.267956097592947,19.836910729262282
Bs,200156,14382,minus,ped,k3,hold,0.0,0.0,0.0,21.11038316956136,21.136740786863815
Bs,200157,14382,plus,ped,k3,brake_hard,1.0,1.0,1.0,3.0364187740545407,21.622156481454144
Bs,200158,1711,minus,cutin,k3,hold,0.0,0.0,0.0,21.461354736131465,23.231180732254526
Bs,200159,1711,plus,cutin,k3,hold,1.0,1.0,0.0,16.686383474500044,14.66719426506011
Bs,200160,17752,minus,ped,k1,hold,0.0,0.0,0.0,21.14405778257642,17.802988745212023
Bs,200161,17752,plus,ped,k1,hold,1.0,1.0,0.0,21.160554826607022,17.663430153737337
Bs,200162,17752,minus,ped,k1b,hold,0.0,0.0,0.0,22.307814686338535,17.42875480383759
Bs,200163,17752,plus,ped,k1b,brake_mild,1.0,1.0,0.0,13.008213406123886,17.374143920153212
Bs,200164,17752,minus,ped,k2,hold,0.0,0.0,0.0,21.2045039915842,17.143006959371853
Bs,200165,17752,plus,ped,k2,brake_mild,1.0,1.0,0.0,11.745860611567835,16.64110762143477
Bs,200166,17752,minus,ped,k3,hold,0.0,0.0,0.0,21.41831062527054,16.828490568178687
Bs,200167,17752,plus,ped,k3,brake_mild,1.0,1.0,1.0,12.102574757298788,16.649805451536118
Bs,200168,17921,minus,ped,k1,brake_mild,0.0,0.0,0.0,12.458794124231602,18.873855925174038
Bs,200169,17921,plus,ped,k1,brake_mild,0.0,0.0,0.0,12.45862847345495,18.95221014898903
Bs,200170,17921,minus,ped,k1b,hold,0.0,0.0,0.0,21.021081816692934,18.0900950350074
Bs,200171,17921,plus,ped,k1b,hold,1.0,0.0,0.0,21.021081816692934,18.099491424426017
Bs,200172,17921,minus,ped,k2,hold,0.0,0.0,0.0,21.820363704679192,17.895322107863144
Bs,200173,17921,plus,ped,k2,hold,1.0,1.0,0.0,21.7799927535158,17.845711913483527
Bs,200174,17921,minus,ped,k3,hold,0.0,0.0,0.0,21.683577525935963,20.479107722167804
Bs,200175,17921,plus,ped,k3,op_stop,1.0,1.0,0.0,5.5065642654779365,19.988539693344865
Bs,200176,18027,minus,ped,k1,nudge_L,1.0,0.0,0.0,11.26294930758698,21.334515359890858
Bs,200177,18027,plus,ped,k1,nudge_L,1.0,0.0,0.0,10.728265076615193,21.334596878196468
Bs,200178,18027,minus,ped,k1b,nudge_L,1.0,0.0,0.0,13.42991053961704,21.58824720090149
Bs,200179,18027,plus,ped,k1b,nudge_L,1.0,0.0,0.0,13.472423764083308,21.571837309710393
Bs,200180,18027,minus,ped,k2,hold,0.0,0.0,0.0,21.00903584445293,20.864450646172717
Bs,200181,18027,plus,ped,k2,hold,0.0,0.0,0.0,21.00903584445293,20.823800101734257
Bs,200182,18027,minus,ped,k3,hold,0.0,0.0,0.0,21.346186041759484,20.5554803959952
Bs,200183,18027,plus,ped,k3,op_stop,0.0,1.0,0.0,5.747738186829804,19.853202581335868
Bs,200184,18344,minus,cutin,k3,op,0.0,0.0,0.0,23.58989323545526,23.58989323545526
Bs,200185,18344,plus,cutin,k3,op_stop,0.0,1.0,0.0,5.276218466698872,16.685999080214938
Bs,200186,22531,minus,cutin,k1,op,0.0,0.0,0.0,23.360984526080706,23.360984526080706
Bs,200187,22531,plus,cutin,k1,op,0.0,0.0,0.0,23.279870151940724,23.279870151940724
Bs,200188,22531,minus,cutin,k1b,op,0.0,0.0,0.0,22.784982852711668,22.784982852711668
Bs,200189,22531,plus,cutin,k1b,op,0.0,0.0,0.0,22.610482465995673,22.610482465995673
Bs,200190,22531,minus,cutin,k2,op,0.0,0.0,0.0,22.381741266561633,22.381741266561633
Bs,200191,22531,plus,cutin,k2,op,0.0,0.0,0.0,22.32069611130083,22.32069611130083
Bs,200192,22531,minus,cutin,k3,nudge_L,1.0,0.0,0.0,20.8744916527079,21.42618191383777
Bs,200193,22531,plus,cutin,k3,op_stop,0.0,1.0,0.0,5.93696266046555,8.541518915393695
Bs,200194,22535,minus,cutin,k1,hold,0.0,0.0,0.0,15.044455102362466,7.767074344926566
Bs,200195,22535,plus,cutin,k1,hold,0.0,0.0,0.0,15.044455102362466,7.734971960509741
Bs,200196,22535,minus,cutin,k1b,nudge_L,0.0,0.0,0.0,27.31830662414635,27.20210779378791
Bs,200197,22535,plus,cutin,k1b,nudge_L,0.0,0.0,0.0,27.306463472692347,27.190238081361866
Bs,200198,22535,minus,cutin,k2,nudge_L,0.0,0.0,0.0,30.110167305369256,30.01762240680069
Bs,200199,22535,plus,cutin,k2,nudge_L,0.0,0.0,0.0,30.09290045637146,30.00029235033875
Bs,200200,22535,minus,cutin,k3,hold,0.0,0.0,0.0,21.68984536661349,20.79085726625983
Bs,200201,22535,plus,cutin,k3,brake_mild,0.0,0.0,0.0,12.375817667919438,8.23079775944576
Bs,200202,23697,minus,cutin,k1,nudge_L,0.0,0.0,0.0,31.74142684500665,31.870632922439114
Bs,200203,23697,plus,cutin,k1,nudge_L,0.0,0.0,0.0,31.74175435952974,31.871017260751973
Bs,200204,23697,minus,cutin,k1b,nudge_L,0.0,0.0,0.0,26.147816203867944,26.008714410769322
Bs,200205,23697,plus,cutin,k1b,shift_R,0.0,0.0,0.0,26.278960320496427,25.98768995377855
Bs,200206,23697,minus,cutin,k2,nudge_L,0.0,0.0,0.0,28.064339834250408,27.926634087627814
Bs,200207,23697,plus,cutin,k2,nudge_L,0.0,0.0,0.0,28.084884386157384,27.938324232577276
Bs,200208,23697,minus,cutin,k3,nudge_L,0.0,0.0,0.0,20.156561164881868,19.99038993815936
Bs,200209,23697,plus,cutin,k3,hold,0.0,0.0,0.0,22.275304577421405,17.73595188803677
Bs,200210,24211,minus,ped,k1,hold,0.0,0.0,0.0,22.013397905811726,13.532705252133946
Bs,200211,24211,plus,ped,k1,hold,0.0,0.0,0.0,22.013397905811726,15.266308928214357
Bs,200212,24211,minus,ped,k1b,hold,0.0,0.0,0.0,20.949250118744484,13.452116979592882
Bs,200213,24211,plus,ped,k1b,hold,0.0,0.0,0.0,20.949250118744484,13.660011903004154
Bs,200214,24211,minus,ped,k2,hold,0.0,0.0,0.0,22.014130458948852,15.067014572786372
Bs,200215,24211,plus,ped,k2,hold,0.0,0.0,0.0,22.014130458948852,13.46732080326202
Bs,200216,24211,minus,ped,k3,hold,0.0,0.0,0.0,21.982041125185326,16.760370127255964
Bs,200217,24211,plus,ped,k3,op_stop,1.0,1.0,1.0,5.450459477169832,18.817973774965537
Bs,200218,24294,minus,ped,k1,op,0.0,0.0,0.0,41.161123416707795,41.161123416707795
Bs,200219,24294,plus,ped,k1,op,1.0,1.0,0.0,41.03962863626469,41.03962863626469
Bs,200220,24294,minus,ped,k1b,hold,0.0,0.0,0.0,40.01828973176318,37.63640098159681
Bs,200221,24294,plus,ped,k1b,hold,1.0,1.0,0.0,39.954770197188395,37.55273473629512
Bs,200222,24294,minus,ped,k2,hold,0.0,0.0,0.0,40.65255198852443,36.60652441298852
Bs,200223,24294,plus,ped,k2,hold,1.0,1.0,0.0,40.63378079998872,36.4015179029095
Bs,200224,24294,minus,ped,k3,op,0.0,0.0,0.0,34.98268223671745,34.98268223671745
Bs,200225,24294,plus,ped,k3,op_slow,1.0,1.0,1.0,17.549408469984108,34.97082515362338
Bs,200226,2460,minus,ped,k1,hold,0.0,0.0,0.0,21.848882598193303,21.599449052579715
Bs,200227,2460,plus,ped,k1,hold,0.0,0.0,0.0,21.848882598193303,21.61015898998751
Bs,200228,2460,minus,ped,k1b,nudge_L,1.0,0.0,0.0,10.403150191936582,22.308464827220558
Bs,200229,2460,plus,ped,k1b,nudge_L,1.0,0.0,0.0,10.342885119730731,21.888302663902365
Bs,200230,2460,minus,ped,k2,hold,0.0,0.0,0.0,21.73389148798064,21.19118479594317
Bs,200231,2460,plus,ped,k2,hold,0.0,0.0,0.0,21.73389148798064,21.05450825651567
Bs,200232,2460,minus,ped,k3,hold,0.0,0.0,0.0,21.585515368527574,20.36404339259507
Bs,200233,2460,plus,ped,k3,op_stop,1.0,1.0,1.0,5.28024890149308,19.772839272072808
Bs,200234,24759,minus,cutin,k3,hold,0.0,0.0,0.0,22.01625089404258,20.789574899746633
Bs,200235,24759,plus,cutin,k3,op_stop,0.0,1.0,0.0,6.227379460852658,17.117861986199554
Bs,200236,26405,minus,cutin,k1,op,0.0,0.0,0.0,21.772282875339442,21.772282875339442
Bs,200237,26405,plus,cutin,k1,op,0.0,0.0,0.0,22.001832029080973,22.001832029080973
Bs,200238,26405,minus,cutin,k1b,op,0.0,0.0,0.0,20.093691721162884,20.093691721162884
Bs,200239,26405,plus,cutin,k1b,op,0.0,0.0,0.0,20.27601859165508,20.27601859165508
Bs,200240,26405,minus,cutin,k2,nudge_L,0.0,0.0,0.0,22.040449791538652,22.101762740730372
Bs,200241,26405,plus,cutin,k2,nudge_L,0.0,0.0,0.0,22.142549059187225,22.20071454574073
Bs,200242,26405,minus,cutin,k3,nudge_L,0.0,0.0,0.0,22.103283792258573,22.151628575572
Bs,200243,26405,plus,cutin,k3,shift_R,0.0,0.0,0.0,18.342217681492613,17.63724813858283
Bs,200244,3731,minus,ped,k1,op,1.0,1.0,0.0,15.127530081014587,15.127530081014587
Bs,200245,3731,plus,ped,k1,hold,1.0,1.0,0.0,15.063904931460389,15.072540538297352
Bs,200246,3731,minus,ped,k1b,brake_mild,0.0,1.0,0.0,7.2723369938035365,12.812255417002522
Bs,200247,3731,plus,ped,k1b,op,1.0,1.0,0.0,12.714585276994772,12.714585276994772
Bs,200248,3731,minus,ped,k2,shift_L,0.0,1.0,0.0,22.693761878884146,11.378086147276603
Bs,200249,3731,plus,ped,k2,shift_L,0.0,1.0,0.0,22.72819130778741,11.411668047432231
Bs,200250,3737,minus,ped,k1,brake_mild,1.0,1.0,0.0,9.775035229567521,9.764505155455277
Bs,200251,3737,plus,ped,k1,brake_mild,1.0,0.0,0.0,9.775499588353904,9.611514882915131
Bs,200252,3737,minus,ped,k1b,brake_mild,1.0,1.0,0.0,6.928839221405364,6.877283262947492
Bs,200253,3737,plus,ped,k1b,brake_mild,1.0,1.0,0.0,6.93596377622941,6.895362523942488
Bs,200254,3737,minus,ped,k2,op,1.0,1.0,0.0,5.467481585228951,5.467481585228951
Bs,200255,3737,plus,ped,k2,op,1.0,1.0,0.0,5.46632993759767,5.46632993759767
Bs,200256,3813,minus,cutin,k1,nudge_L,0.0,0.0,0.0,25.27232090850097,25.142832835246132
Bs,200257,3813,plus,cutin,k1,nudge_L,0.0,0.0,0.0,25.287017827474926,25.15772459521804
Bs,200258,3813,minus,cutin,k1b,hold,0.0,0.0,0.0,21.193853713675367,20.26857492681807
Bs,200259,3813,plus,cutin,k1b,hold,0.0,0.0,0.0,21.193853713675367,20.375262296626463
Bs,200260,3813,minus,cutin,k2,hold,0.0,0.0,0.0,22.376717540733186,20.6772767055809
Bs,200261,3813,plus,cutin,k2,hold,0.0,0.0,0.0,22.376717540733186,20.903832259654713
Bs,200262,3813,minus,cutin,k3,hold,0.0,0.0,0.0,21.50122388714812,19.095034319403496
Bs,200263,3813,plus,cutin,k3,hold,0.0,0.0,0.0,21.50122388714812,21.707292369268114
Bs,200414,1773,minus,obstacle,k3,hold,0.0,0.0,0.0,31.05327302393476,28.080214116539018
Bs,200415,1773,plus,obstacle,k3,shift_L,0.0,1.0,0.0,25.963778659040436,9.848030940772196
Bs,200416,1790,minus,obstacle,tau4,op,0.0,0.0,0.0,37.55623621196238,37.55623621196238
Bs,200417,1790,plus,obstacle,tau4,nudge_L,1.0,0.0,0.0,34.86860538340448,34.802878681325936
Bs,200418,1790,minus,obstacle,tau3,hold,0.0,0.0,0.0,29.396051499948097,27.618397770013054
Bs,200419,1790,plus,obstacle,tau3,hold,0.0,0.0,0.0,28.129613395093294,24.808324990186883
Bs,200420,1790,minus,obstacle,tau2,hold,0.0,0.0,0.0,29.403129839576714,25.35543546336507
Bs,200421,1790,plus,obstacle,tau2,nudge_L,0.0,0.0,0.0,20.53713015774506,20.332305652407747
Bs,200422,1790,minus,obstacle,k3,hold,0.0,0.0,0.0,29.437733903673937,26.32565621680347
Bs,200423,1790,plus,obstacle,k3,hold,1.0,0.0,0.0,24.716559477756363,16.782044006862268
Bs,200424,1792,minus,obstacle,tau4,shift_L,1.0,0.0,0.0,28.307104305379948,37.41416241449201
Bs,200425,1792,plus,obstacle,tau4,nudge_L,0.0,0.0,0.0,35.89522833207713,35.809491511095686
Bs,200426,1792,minus,obstacle,tau3,nudge_L,0.0,0.0,0.0,42.702337490777566,42.619077701895435
Bs,200427,1792,plus,obstacle,tau3,nudge_L,0.0,1.0,0.0,39.23065743979142,39.148068370123255
Bs,200428,1792,minus,obstacle,tau2,op_stop,0.0,0.0,0.0,30.586210063042113,42.437203810125254
Bs,200429,1792,plus,obstacle,tau2,brake_hard,0.0,1.0,0.0,21.404209169055857,35.2717939467673
Bs,200430,1792,minus,obstacle,k3,brake_mild,0.0,0.0,0.0,48.156376430087235,36.50361344993465
Bs,200431,1792,plus,obstacle,k3,nudge_L,0.0,0.0,0.0,9.202852963731168,8.84798940851531
Bs,200434,1825,minus,obstacle,k3,hold,0.0,0.0,0.0,29.37354587047713,27.034613912660692
Bs,200435,1825,plus,obstacle,k3,hold,1.0,1.0,0.0,7.662859827521317,6.8681928108336034
Bs,200438,1833,minus,obstacle,tau2,hold,0.0,0.0,0.0,16.67949467606709,14.891584763747913
Bs,200439,1833,plus,obstacle,tau2,shift_L,0.0,0.0,0.0,15.237742667442475,14.758277954319942
Bs,200440,1833,minus,obstacle,k3,op,0.0,0.0,0.0,27.072558018874734,27.072558018874734
Bs,200444,20920,minus,obstacle,tau2,hold,0.0,0.0,0.0,16.612222281078218,13.074339663592248
Bs,200445,20920,plus,obstacle,tau2,hold,0.0,0.0,0.0,16.612222281078218,13.956899424489345
Bs,200446,20920,minus,obstacle,k3,hold,0.0,0.0,0.0,29.32526886605877,29.05709109214477
Bs,200447,20920,plus,obstacle,k3,op_stop,1.0,1.0,0.0,6.262596206650797,7.4979782410390055
Bs,200454,24367,minus,obstacle,tau2,hold,0.0,0.0,0.0,17.247513807125284,6.9993616813393595
Bs,200455,24367,plus,obstacle,tau2,hold,0.0,0.0,0.0,17.247513807125284,7.156611892415252
Bs,200456,24367,minus,obstacle,k3,hold,0.0,0.0,0.0,29.34688000787531,29.048458998963174
Bs,200457,24367,plus,obstacle,k3,hold,1.0,0.0,0.0,11.006148770751361,5.891970769623553
Bs,200460,24757,minus,obstacle,k3,hold,0.0,0.0,0.0,28.150028268705885,24.49538866953425
Bs,200461,24757,plus,obstacle,k3,shift_L,1.0,1.0,0.0,15.128926668086988,9.17263085052402
Bs,200464,2513,minus,obstacle,tau2,hold,0.0,0.0,0.0,16.749539641446077,7.9990441675207915
Bs,200465,2513,plus,obstacle,tau2,hold,0.0,0.0,0.0,16.749539641446077,7.652850699164949
Bs,200466,2513,minus,obstacle,k3,shift_R,0.0,0.0,0.0,31.206759859520613,31.015739826244484
Bs,200467,2513,plus,obstacle,k3,hold,1.0,1.0,0.0,13.93851044868319,13.755817442394395
Bs,200470,25383,minus,obstacle,tau2,hold,0.0,0.0,0.0,16.975105018486357,7.357626416458042
Bs,200471,25383,plus,obstacle,tau2,hold,0.0,0.0,0.0,16.975105018486357,7.117247965737625
Bs,200474,25424,minus,obstacle,tau2,shift_L,0.0,0.0,0.0,14.673676831748022,7.775202038374844
Bs,200475,25424,plus,obstacle,tau2,shift_L,0.0,0.0,0.0,15.355783609749745,13.33632943869751
Bs,200478,2554,minus,obstacle,tau2,shift_L,0.0,0.0,0.0,14.82676955768188,14.30093727017508
Bs,200479,2554,plus,obstacle,tau2,shift_L,0.0,0.0,0.0,14.470749542732317,14.06253561455
Bs,200480,2554,minus,obstacle,k3,nudge_L,1.0,1.0,0.0,50.50462956260621,46.596599879811414
Bs,200481,2554,plus,obstacle,k3,shift_L,1.0,1.0,0.0,36.1755751449865,12.79281890851992
Bs,200482,25854,minus,obstacle,tau4,shift_L_slow,0.0,0.0,0.0,23.09409207782192,47.22417393043304
Bs,200483,25854,plus,obstacle,tau4,brake_hard,0.0,1.0,0.0,15.031553250113653,43.42419358247487
Bs,200484,25854,minus,obstacle,k3,op,0.0,0.0,0.0,44.01870073683246,44.01870073683246
Bs,200485,25854,plus,obstacle,k3,shift_L,0.0,1.0,0.0,20.429281440858237,19.45106833257657
Bs,200486,25896,minus,obstacle,tau4,op,0.0,0.0,0.0,34.44638218727889,34.44638218727889
Bs,200487,25896,plus,obstacle,tau4,hold,1.0,1.0,0.0,22.19303031641821,21.832234447144202
Bs,200488,25896,minus,obstacle,tau2,op_slow,0.0,0.0,0.0,30.182188561935813,26.680144332661552
Bs,200489,25896,plus,obstacle,tau2,shift_L,0.0,0.0,0.0,20.367515366307398,12.533601980297611
Bs,200490,25896,minus,obstacle,k3,op_stop,0.0,0.0,0.0,27.54033976058509,19.42879235273762
Bs,200491,25896,plus,obstacle,k3,shift_R,0.0,1.0,0.0,8.607069299744559,6.828611526093876
Bs,200492,25951,minus,obstacle,tau4,hold,0.0,0.0,0.0,30.860770853898824,28.980010058663417
Bs,200493,25951,plus,obstacle,tau4,hold,0.0,0.0,0.0,30.231069981558846,28.065267311284977
Bs,200494,25951,minus,obstacle,tau3,hold,0.0,0.0,0.0,31.790776705221848,21.990149145528278
Bs,200495,25951,plus,obstacle,tau3,hold,0.0,0.0,0.0,28.275623774549775,23.440174781271022
Bs,200496,25951,minus,obstacle,tau2,shift_R,1.0,0.0,0.0,10.900345672312513,23.804484464004922
Bs,200497,25951,plus,obstacle,tau2,shift_R,1.0,0.0,0.0,11.92806665539123,19.641211616700147
Bs,200498,25951,minus,obstacle,k3,shift_R,1.0,0.0,0.0,12.061662719477882,24.398686505920562
Bs,200499,25951,plus,obstacle,k3,shift_R,1.0,1.0,0.0,15.43062045353283,15.424777660071703
Bs,200502,2606,minus,obstacle,tau2,hold,0.0,0.0,0.0,16.862313423959872,8.090092296196863
Bs,200503,2606,plus,obstacle,tau2,hold,0.0,0.0,0.0,16.862313423959872,8.085661008167497
Bs,200504,2606,minus,obstacle,k3,hold,0.0,0.0,0.0,29.40871012191997,27.37435992088098
Bs,200505,2606,plus,obstacle,k3,nudge_L,1.0,1.0,0.0,8.048852035444565,7.696748561496046
Bs,200508,2643,minus,obstacle,tau2,hold,0.0,0.0,0.0,16.52506223453637,13.101427615697167
Bs,200509,2643,plus,obstacle,tau2,hold,0.0,0.0,0.0,16.52506223453637,13.405120487901359
Bs,200510,2643,minus,obstacle,k3,nudge_L,0.0,0.0,0.0,29.8702279671741,29.76912748133018
Bs,200511,2643,plus,obstacle,k3,brake_hard,1.0,1.0,0.0,4.1991600492303345,4.186129217709026
Bs,200514,2668,minus,obstacle,tau2,shift_L,0.0,0.0,0.0,19.11578184199848,18.473955097594416
Bs,200515,2668,plus,obstacle,tau2,shift_L,0.0,0.0,0.0,18.762692365788944,18.217752805969525
Bs,200516,2668,minus,obstacle,k3,shift_L,0.0,0.0,0.0,23.335016443704845,18.140428055420585
Bs,200517,2668,plus,obstacle,k3,nudge_L,0.0,1.0,0.0,8.223259985028577,6.217841109207257
Bs,200518,3436,minus,obstacle,tau4,shift_R,0.0,0.0,0.0,21.13498433307604,19.1731068384506
Bs,200519,3436,plus,obstacle,tau4,op,0.0,0.0,0.0,20.363202569862402,20.363202569862402
Bs,200520,3436,minus,obstacle,tau3,shift_L,0.0,0.0,0.0,24.79711425826237,24.46486245239074
Bs,200521,3436,plus,obstacle,tau3,hold,0.0,0.0,0.0,28.281741014788423,19.80992243424276
Bs,200523,3436,plus,obstacle,tau2,brake_mild,0.0,0.0,0.0,17.037389368952425,20.685302173007784
Bs,200524,3436,minus,obstacle,k3,hold,0.0,0.0,0.0,29.200199167910213,24.506843290562106
Bs,200525,3436,plus,obstacle,k3,shift_R,1.0,0.0,0.0,14.307128403612676,8.279429740315443
Bs,200529,1773,plus,obstacle,k3,shift_L,1.0,0.0,0.0,8.80361289812139,13.53023721158978
Bs,200530,1790,minus,obstacle,tau4,op,0.0,0.0,0.0,39.218772906228644,39.218772906228644
Bs,200531,1790,plus,obstacle,tau4,nudge_L,1.0,0.0,0.0,32.20465234581246,35.16128327226427
Bs,200532,1790,minus,obstacle,tau3,nudge_L,1.0,0.0,0.0,31.641649098712886,32.08465202401774
Bs,200533,1790,plus,obstacle,tau3,hold,1.0,0.0,0.0,31.137643743879647,27.80469620929705
Bs,200534,1790,minus,obstacle,tau2,hold,0.0,0.0,0.0,29.462855044770333,27.289272401929516
Bs,200536,1792,minus,obstacle,tau4,nudge_L,0.0,0.0,0.0,39.027475039691254,38.94861559641167
Bs,200537,1792,plus,obstacle,tau4,nudge_L,0.0,0.0,0.0,36.33719778972383,36.25541258092262
Bs,200538,1792,minus,obstacle,tau3,nudge_L,0.0,0.0,0.0,43.44130849953866,43.36748094561414
Bs,200539,1792,plus,obstacle,tau3,nudge_L,0.0,1.0,0.0,40.4704500046127,40.391635509799
Bs,200540,1792,minus,obstacle,tau2,nudge_L,0.0,0.0,0.0,44.804633263071146,44.729959848989274
Bs,200541,1792,plus,obstacle,tau2,op_stop,0.0,1.0,0.0,26.096249437025882,39.10822576388181
Bs,200542,1792,minus,obstacle,k3,nudge_L,0.0,0.0,0.0,40.60018763974813,40.214705230909274
Bs,200543,1792,plus,obstacle,k3,shift_R,0.0,1.0,0.0,14.297428559569939,14.421447070655258
Bs,200548,1825,minus,obstacle,k3,hold,0.0,0.0,0.0,30.450698205193945,29.312055809495572
Bs,200549,1825,plus,obstacle,k3,brake_mild,1.0,1.0,0.0,6.9627362418631,6.8495574968314346
Bs,200552,1833,minus,obstacle,tau2,shift_L,0.0,0.0,0.0,16.36873069425812,15.890744967313394
Bs,200553,1833,plus,obstacle,tau2,shift_L,0.0,0.0,0.0,16.39670977696725,15.937447019621173
Bs,200554,1833,minus,obstacle,k3,op,0.0,0.0,0.0,28.071841240960964,28.071841240960964
Bs,200555,1833,plus,obstacle,k3,nudge_L,1.0,1.0,0.0,8.738460922672848,8.99450686629105
Bs,200558,20920,minus,obstacle,tau2,hold,0.0,0.0,0.0,17.068880307893682,15.445659627109643
Bs,200559,20920,plus,obstacle,tau2,hold,0.0,0.0,0.0,17.068880307893682,15.552763322495256
Bs,200560,20920,minus,obstacle,k3,op,0.0,0.0,0.0,34.97677757376458,34.97677757376458
Bs,200561,20920,plus,obstacle,k3,op_stop,0.0,1.0,0.0,6.043790174676698,7.794578671082623
Bs,200568,24367,minus,obstacle,tau2,hold,0.0,0.0,0.0,17.22688428797211,7.502330092676311
Bs,200569,24367,plus,obstacle,tau2,hold,0.0,0.0,0.0,17.22688428797211,7.297457266658293
Bs,200574,24757,minus,obstacle,k3,hold,0.0,0.0,0.0,28.655739319233938,26.563667602046003
Bs,200575,24757,plus,obstacle,k3,shift_L,0.0,1.0,0.0,28.65503949930813,20.91174179589045
Bs,200578,2513,minus,obstacle,tau2,hold,0.0,0.0,0.0,16.287625216691367,7.327890157550628
Bs,200579,2513,plus,obstacle,tau2,hold,0.0,0.0,0.0,16.287625216691367,7.596297702266827
Bs,200580,2513,minus,obstacle,k3,hold,0.0,0.0,0.0,29.246138071502752,30.358558768039664
Bs,200581,2513,plus,obstacle,k3,hold,1.0,0.0,0.0,12.213775466710576,7.8208711729617235
Bs,200584,25383,minus,obstacle,tau2,shift_L,0.0,0.0,0.0,15.688360589574497,15.405845611067823
Bs,200585,25383,plus,obstacle,tau2,hold,0.0,0.0,0.0,16.754034554917535,14.445518214619533
Bs,200586,25383,minus,obstacle,k3,hold,0.0,0.0,0.0,29.0090694889317,24.334110026827666
Bs,200587,25383,plus,obstacle,k3,op,0.0,0.0,0.0,6.2931558327263275,6.2931558327263275
Bs,200590,25424,minus,obstacle,tau2,hold,0.0,0.0,0.0,16.98578584131383,7.559119055565097
Bs,200591,25424,plus,obstacle,tau2,hold,0.0,0.0,0.0,16.98578584131383,7.445862082729125
Bs,200594,2554,minus,obstacle,tau2,hold,0.0,0.0,0.0,16.38942166443633,8.257092924159409
Bs,200595,2554,plus,obstacle,tau2,hold,0.0,0.0,0.0,16.38942166443633,12.83841219567326
Bs,200596,2554,minus,obstacle,k3,shift_L,0.0,0.0,0.0,25.834379024505775,25.50660823554386
Bs,200597,2554,plus,obstacle,k3,nudge_L,0.0,0.0,0.0,19.56060147368115,19.362950736448393
Bs,200598,25854,minus,obstacle,tau4,brake_mild,0.0,0.0,0.0,34.41574364512617,47.73127402483102
Bs,200599,25854,plus,obstacle,tau4,brake_hard,0.0,1.0,0.0,15.055289485195537,43.255508980311696
Bs,200600,25854,minus,obstacle,k3,brake_mild,0.0,0.0,0.0,47.71202277098924,43.2331776092625
Bs,200601,25854,plus,obstacle,k3,shift_R,0.0,1.0,0.0,10.777791293243862,9.718673260609691
Bs,200602,25896,minus,obstacle,tau4,op,0.0,0.0,0.0,30.57747645882862,30.57747645882862
Bs,200603,25896,plus,obstacle,tau4,hold,1.0,1.0,0.0,21.04232630905563,20.71167762333996
Bs,200604,25896,minus,obstacle,tau2,nudge_L,0.0,0.0,0.0,34.753479642580004,33.677894516065884
Bs,200605,25896,plus,obstacle,tau2,shift_L,0.0,1.0,0.0,21.81289055841406,14.093283613695471
Bs,200606,25896,minus,obstacle,k3,op_stop,0.0,0.0,0.0,27.043843880153243,19.21841601390644
Bs,200607,25896,plus,obstacle,k3,shift_R_slow,0.0,1.0,0.0,7.721158138131103,5.554827200750545
Bs,200608,25951,minus,obstacle,tau4,shift_R,1.0,0.0,0.0,16.54325360588025,29.79197608603497
Bs,200609,25951,plus,obstacle,tau4,shift_R,1.0,0.0,0.0,21.073236421233524,28.904660921118843
Bs,200610,25951,minus,obstacle,tau3,hold,0.0,0.0,0.0,29.340581138955827,25.09916588125884
Bs,200611,25951,plus,obstacle,tau3,shift_R,0.0,0.0,0.0,23.164129570464027,21.505799033913657
Bs,200612,25951,minus,obstacle,tau2,shift_R,1.0,0.0,0.0,10.842268902279987,23.727870370734475
Bs,200613,25951,plus,obstacle,tau2,shift_R,1.0,0.0,0.0,10.588694286934853,19.935674912507235
Bs,200614,25951,minus,obstacle,k3,shift_R,1.0,0.0,0.0,12.086676615785356,24.257962178659852
Bs,200615,25951,plus,obstacle,k3,shift_R,1.0,1.0,0.0,15.542860332114278,16.697242152511752
Bs,200618,2606,minus,obstacle,tau2,shift_L,1.0,0.0,0.0,15.417920528029377,14.892807481849102
Bs,200619,2606,plus,obstacle,tau2,shift_L,1.0,0.0,0.0,15.408174854498128,14.869328657642939
Bs,200620,2606,minus,obstacle,k3,hold,0.0,0.0,0.0,29.515637645429717,27.258587227201467
Bs,200621,2606,plus,obstacle,k3,shift_L,1.0,1.0,0.0,20.809725484727,8.364103420523627
Bs,200624,2643,minus,obstacle,tau2,hold,0.0,0.0,0.0,16.922073155476227,15.726701308380651
Bs,200625,2643,plus,obstacle,tau2,hold,0.0,0.0,0.0,16.922073155476227,15.841914534490423
Bs,200626,2643,minus,obstacle,k3,hold,0.0,0.0,0.0,28.952521728904436,26.045848361841745
Bs,200627,2643,plus,obstacle,k3,brake_hard,1.0,1.0,0.0,3.9386182499644864,4.057490987609463
Bs,200630,2668,minus,obstacle,tau2,shift_L,0.0,0.0,0.0,20.98215642061277,20.501684907972272
Bs,200631,2668,plus,obstacle,tau2,shift_L,0.0,0.0,0.0,21.09229886311842,20.624159654015102
Bs,200632,2668,minus,obstacle,k3,shift_L,0.0,0.0,0.0,19.628928365549037,15.857331755168879
Bs,200633,2668,plus,obstacle,k3,shift_L,0.0,1.0,0.0,9.401185325589717,5.280297122907422
Bs,200634,3436,minus,obstacle,tau4,op,0.0,0.0,0.0,21.21840434069388,21.21840434069388
Bs,200635,3436,plus,obstacle,tau4,nudge_L,0.0,0.0,0.0,25.249420731694958,22.381970731116724
Bs,200636,3436,minus,obstacle,tau3,op,0.0,0.0,0.0,24.117700482906542,24.117700482906542
Bs,200637,3436,plus,obstacle,tau3,hold,0.0,0.0,0.0,28.312991262900283,20.323624008888935
Bs,200638,3436,minus,obstacle,tau2,hold,0.0,0.0,0.0,29.458988194593765,24.72953795035078
Bs,200640,3436,minus,obstacle,k3,hold,0.0,0.0,0.0,29.406253348605567,25.597183475657793
Bs,200641,3436,plus,obstacle,k3,op_stop,0.0,1.0,0.0,7.574003000087852,15.754869835179061
T,200000,11333,minus,ped,k1,shift_L,0.0,1.0,0.0,12.852125022928156,9.527448365969358
T,200001,11333,plus,ped,k1,shift_L,0.0,0.0,0.0,13.05083459539972,8.483452055828044
T,200002,11333,minus,ped,k1b,shift_L,0.0,1.0,0.0,9.830986014978766,6.530716355558926
T,200003,11333,plus,ped,k1b,shift_L,0.0,1.0,0.0,9.829964051732542,6.539764075214579
T,200004,11333,minus,ped,k2,nudge_L,1.0,1.0,0.0,7.150692598945242,5.083538493363891
T,200005,11333,plus,ped,k2,nudge_L,1.0,1.0,0.0,7.416050041842132,5.111810172721769
T,200006,11381,minus,ped,k1,nudge_L,1.0,1.0,0.0,14.27141242718975,13.468179684311044
T,200007,11381,plus,ped,k1,nudge_L,1.0,1.0,0.0,14.305297746676358,13.465952055894958
T,200008,11381,minus,ped,k1b,nudge_L,1.0,1.0,0.0,12.209002934814189,11.415256998810397
T,200009,11381,plus,ped,k1b,nudge_L,1.0,1.0,0.0,12.20901967417689,11.40478714844299
T,200010,11381,minus,ped,k2,shift_L,0.0,0.0,0.0,13.678415726483616,8.203178947234585
T,200011,11381,plus,ped,k2,shift_L,0.0,0.0,0.0,13.50854269860664,8.002941917564163
T,200012,13674,minus,ped,k1,shift_L,0.0,0.0,0.0,22.913676785834884,22.531525827124824
T,200013,13674,plus,ped,k1,shift_L,0.0,0.0,0.0,23.078206237599282,22.70006403600721
T,200014,13674,minus,ped,k1b,shift_L,0.0,0.0,0.0,31.115021873570882,30.993764261242756
T,200015,13674,plus,ped,k1b,shift_L,0.0,0.0,0.0,31.18680154092529,31.084408298035395
T,200016,13674,minus,ped,k2,shift_L,0.0,0.0,0.0,27.435845847665057,27.16298486644696
T,200017,13674,plus,ped,k2,shift_L,0.0,0.0,0.0,27.31806383033674,27.04700539758147
T,200018,14382,minus,ped,k1,shift_L,0.0,0.0,0.0,16.11509529791087,15.683332864812677
T,200019,14382,plus,ped,k1,shift_L,0.0,0.0,0.0,16.247292992226985,15.77189264953795
T,200020,14382,minus,ped,k1b,shift_L,0.0,0.0,0.0,17.065519596214646,16.52018735156521
T,200021,14382,plus,ped,k1b,shift_L,0.0,0.0,0.0,16.906472638547186,16.34994026453228
T,200022,14382,minus,ped,k2,shift_L,0.0,0.0,0.0,20.044685550685724,19.699216449968304
T,200023,14382,plus,ped,k2,shift_L,0.0,1.0,0.0,20.934210265509883,20.568944075354352
T,200024,14382,minus,ped,k3,hold,0.0,0.0,0.0,21.11038316956136,21.16151502612425
T,200025,14382,plus,ped,k3,op_slow,1.0,1.0,1.0,4.88742218320933,21.311960578118452
T,200026,1711,minus,cutin,k3,op,0.0,0.0,0.0,23.56036410775192,23.56036410775192
T,200027,1711,plus,cutin,k3,shift_R,0.0,1.0,0.0,23.25269813617729,14.471681957804202
T,200036,17921,minus,ped,k1,hold,0.0,0.0,0.0,21.79443495356424,18.70242407144309
T,200037,17921,plus,ped,k1,hold,0.0,0.0,0.0,21.79443495356424,18.383133394758282
T,200038,17921,minus,ped,k1b,shift_L,0.0,0.0,0.0,18.804056645783348,18.408967456367105
T,200039,17921,plus,ped,k1b,shift_L,0.0,0.0,0.0,18.82012493322313,18.445249942739828
T,200040,17921,minus,ped,k2,shift_L,0.0,0.0,0.0,19.32658349108469,19.011649901345827
T,200041,17921,plus,ped,k2,shift_L,1.0,1.0,0.0,19.36779705049691,19.022240910898354
T,200042,17921,minus,ped,k3,hold,0.0,0.0,0.0,21.683577525935963,17.471371479451385
T,200043,17921,plus,ped,k3,op_stop,0.0,1.0,0.0,5.461335749527325,17.83338653042428
T,200044,18027,minus,ped,k1,nudge_L,1.0,0.0,0.0,11.721213409203093,20.31453228105609
T,200045,18027,plus,ped,k1,nudge_L,1.0,0.0,0.0,11.745030474807855,20.362704845051482
T,200046,18027,minus,ped,k1b,nudge_L,1.0,0.0,0.0,8.345144885990088,21.413987007423593
T,200047,18027,plus,ped,k1b,nudge_L,1.0,0.0,0.0,8.363531434901141,21.345846148521836
T,200048,18027,minus,ped,k2,nudge_L,1.0,0.0,0.0,12.846859211362444,20.42112001523982
T,200049,18027,plus,ped,k2,nudge_L,1.0,0.0,0.0,12.693399795054662,20.372370533505325
T,200050,18027,minus,ped,k3,hold,0.0,0.0,0.0,21.346186041759484,20.89647695157929
T,200051,18027,plus,ped,k3,op_stop,0.0,1.0,0.0,5.720403579448146,20.447166733335255
T,200052,18344,minus,cutin,k3,hold,0.0,0.0,0.0,21.417039286687547,17.934131062383898
T,200053,18344,plus,cutin,k3,op_stop,0.0,1.0,0.0,5.34350535958564,15.360321820282921
T,200054,22531,minus,cutin,k1,op,0.0,0.0,0.0,22.043459092070634,22.043459092070634
T,200055,22531,plus,cutin,k1,op,0.0,0.0,0.0,22.011798449990547,22.011798449990547
T,200056,22531,minus,cutin,k1b,op,0.0,0.0,0.0,22.603508176258675,22.603508176258675
T,200057,22531,plus,cutin,k1b,op,0.0,0.0,0.0,22.770188316800358,22.770188316800358
T,200058,22531,minus,cutin,k2,op,0.0,0.0,0.0,22.107730539970703,22.107730539970703
T,200059,22531,plus,cutin,k2,op,0.0,0.0,0.0,22.20263876433425,22.20263876433425
T,200060,22531,minus,cutin,k3,hold,0.0,0.0,0.0,21.743782805521104,21.127336838755806
T,200061,22531,plus,cutin,k3,op_stop,0.0,1.0,0.0,5.990173673778362,9.047806385222767
T,200062,22535,minus,cutin,k1,op,0.0,0.0,0.0,7.3881020735524405,7.3881020735524405
T,200063,22535,plus,cutin,k1,op,0.0,0.0,0.0,7.430033214680861,7.430033214680861
T,200064,22535,minus,cutin,k1b,nudge_L,0.0,0.0,0.0,27.56807336400812,27.453660346725115
T,200065,22535,plus,cutin,k1b,nudge_L,0.0,0.0,0.0,27.555513194724025,27.44155161303583
T,200066,22535,minus,cutin,k2,nudge_L,0.0,0.0,0.0,30.515496479302776,30.429248868275224
T,200067,22535,plus,cutin,k2,nudge_L,0.0,0.0,0.0,30.439372999567816,30.36249166029483
T,200068,22535,minus,cutin,k3,nudge_L,1.0,0.0,0.0,21.06844341066528,20.968105890322867
T,200069,22535,plus,cutin,k3,brake_mild,0.0,0.0,0.0,12.359194950347856,8.46034125677371
T,200070,23697,minus,cutin,k1,nudge_L,0.0,0.0,0.0,31.247854577062753,31.268094780542857
T,200071,23697,plus,cutin,k1,nudge_L,0.0,0.0,0.0,31.195507752168577,31.145016225934558
T,200072,23697,minus,cutin,k1b,shift_R,0.0,0.0,0.0,23.04473771827084,22.70156837807967
T,200073,23697,plus,cutin,k1b,shift_L,0.0,0.0,0.0,23.047047353178648,22.61116313356558
T,200074,23697,minus,cutin,k2,shift_R,0.0,0.0,0.0,26.47924387905685,26.18440812116231
T,200075,23697,plus,cutin,k2,shift_R,0.0,0.0,0.0,26.417034320330472,26.120483149488116
T,200076,23697,minus,cutin,k3,shift_R,0.0,0.0,0.0,20.242107309930574,19.849843442478413
T,200077,23697,plus,cutin,k3,hold,0.0,0.0,0.0,22.275304577421405,17.729938186910065
T,200078,24211,minus,ped,k1,hold,0.0,0.0,0.0,22.013397905811726,16.689987169407065
T,200079,24211,plus,ped,k1,hold,0.0,0.0,0.0,22.013397905811726,16.82477507166086
T,200080,24211,minus,ped,k1b,hold,0.0,0.0,0.0,20.949250118744484,16.344014250535473
T,200081,24211,plus,ped,k1b,hold,0.0,0.0,0.0,20.949250118744484,16.3748496793438
T,200082,24211,minus,ped,k2,hold,0.0,0.0,0.0,22.014130458948852,15.534546366104943
T,200083,24211,plus,ped,k2,hold,0.0,0.0,0.0,22.014130458948852,15.711895310590895
T,200084,24211,minus,ped,k3,brake_mild,0.0,0.0,0.0,12.620572908742027,17.97915260119719
T,200085,24211,plus,ped,k3,op_stop,1.0,1.0,1.0,5.4029015046683995,18.07355454709548
T,200086,24294,minus,ped,k1,hold,0.0,0.0,0.0,39.95373728132604,40.99739898764824
T,200087,24294,plus,ped,k1,hold,1.0,1.0,0.0,39.855665144633605,40.91803606314226
T,200088,24294,minus,ped,k1b,hold,0.0,0.0,0.0,40.01828973176318,37.3440413781203
T,200089,24294,plus,ped,k1b,hold,1.0,1.0,0.0,39.954770197188395,37.2659986198148
T,200090,24294,minus,ped,k2,hold,0.0,0.0,0.0,40.65255198852443,36.34767157176209
T,200091,24294,plus,ped,k2,hold,1.0,1.0,0.0,40.63378079998872,36.062923521345844
T,200092,24294,minus,ped,k3,hold,0.0,0.0,0.0,40.2472861738626,35.021707415606734
T,200093,24294,plus,ped,k3,brake_hard,1.0,1.0,0.0,14.746353606882536,35.03378922688786
T,200094,2460,minus,ped,k1,hold,0.0,0.0,0.0,21.848882598193303,22.224503126064153
T,200095,2460,plus,ped,k1,hold,0.0,0.0,0.0,21.848882598193303,22.107414047373233
T,200096,2460,minus,ped,k1b,hold,0.0,0.0,0.0,20.941869042805962,20.85209494231288
T,200097,2460,plus,ped,k1b,hold,0.0,0.0,0.0,20.941869042805962,20.85315994410294
T,200098,2460,minus,ped,k2,hold,0.0,0.0,0.0,21.73389148798064,20.411655752588302
T,200099,2460,plus,ped,k2,hold,0.0,0.0,0.0,21.73389148798064,20.523572627920725
T,200100,2460,minus,ped,k3,hold,0.0,0.0,0.0,21.585515368527574,22.35236833819869
T,200101,2460,plus,ped,k3,op_stop,1.0,1.0,1.0,5.319056086472016,21.77042638125797
T,200102,24759,minus,cutin,k3,shift_R,0.0,0.0,0.0,24.395523248604558,23.560592981612103
T,200103,24759,plus,cutin,k3,shift_L,1.0,1.0,0.0,21.703732367302297,17.77714557083059
T,200104,26405,minus,cutin,k1,nudge_L,1.0,0.0,0.0,22.24283243157502,22.348945303476192
T,200105,26405,plus,cutin,k1,nudge_L,1.0,0.0,0.0,22.36191236071433,22.463843477668668
T,200106,26405,minus,cutin,k1b,nudge_L,1.0,0.0,0.0,20.40212441999503,20.466644185811795
T,200107,26405,plus,cutin,k1b,nudge_L,1.0,0.0,0.0,20.506011377141846,20.565793408079262
T,200108,26405,minus,cutin,k2,op,0.0,0.0,0.0,22.269350385537646,22.269350385537646
T,200109,26405,plus,cutin,k2,op,0.0,0.0,0.0,22.388558505054448,22.388558505054448
T,200110,26405,minus,cutin,k3,nudge_L,0.0,0.0,0.0,22.1893366596254,22.231990218683514
T,200111,26405,plus,cutin,k3,shift_R,0.0,0.0,0.0,18.5408840907118,17.86712701555785
T,200112,3731,minus,ped,k1,shift_R_slow,0.0,1.0,0.0,10.941592780593115,13.776668988887279
T,200113,3731,plus,ped,k1,hold,1.0,1.0,0.0,13.78612484484359,13.750201027931551
T,200114,3731,minus,ped,k1b,shift_L,0.0,1.0,0.0,20.244563582823805,11.440619192078712
T,200115,3731,plus,ped,k1b,brake_mild,0.0,1.0,0.0,7.283490810061686,11.394218181100047
T,200116,3731,minus,ped,k2,shift_L,0.0,1.0,0.0,20.43487584446002,9.87137175946246
T,200117,3731,plus,ped,k2,nudge_L,1.0,1.0,0.0,10.791687281779085,9.957683795274848
T,200118,3737,minus,ped,k1,shift_L,0.0,1.0,0.0,16.95266194013927,9.362247560358039
T,200119,3737,plus,ped,k1,shift_L,0.0,1.0,0.0,17.05138504394449,9.367000514085865
T,200120,3737,minus,ped,k1b,brake_mild,1.0,1.0,0.0,6.512493340156945,6.490248908455103
T,200121,3737,plus,ped,k1b,brake_mild,1.0,1.0,0.0,6.513886732063878,6.488155426415669
T,200122,3737,minus,ped,k2,brake_mild,1.0,1.0,0.0,5.129890656428897,5.116888200137204
T,200123,3737,plus,ped,k2,brake_mild,1.0,1.0,0.0,5.1291196799980865,5.125534830809468
T,200124,3813,minus,cutin,k1,op,0.0,0.0,0.0,25.148688406831536,25.148688406831536
T,200125,3813,plus,cutin,k1,op,0.0,0.0,0.0,25.073249840960308,25.073249840960308
T,200126,3813,minus,cutin,k1b,hold,0.0,0.0,0.0,21.193853713675367,20.4685152723248
T,200127,3813,plus,cutin,k1b,hold,0.0,0.0,0.0,21.193853713675367,20.271984792271496
T,200128,3813,minus,cutin,k2,hold,0.0,0.0,0.0,22.376717540733186,21.109393744066764
T,200129,3813,plus,cutin,k2,hold,0.0,0.0,0.0,22.376717540733186,20.584746450173668
T,200130,3813,minus,cutin,k3,hold,0.0,0.0,0.0,21.50122388714812,19.046938754592116
T,200131,3813,plus,cutin,k3,hold,0.0,0.0,0.0,21.50122388714812,21.74415695383682
T,200132,11333,minus,ped,k1,shift_L,0.0,1.0,0.0,18.642425535083166,11.908113727006816
T,200133,11333,plus,ped,k1,shift_L,0.0,1.0,0.0,18.605697107763447,11.939366643976772
T,200134,11333,minus,ped,k1b,hold,1.0,1.0,0.0,9.255293364814813,8.838913623109338
T,200135,11333,plus,ped,k1b,shift_L,0.0,1.0,0.0,10.5264737491012,8.838325794694269
T,200136,11333,minus,ped,k2,hold,1.0,0.0,0.0,7.819164656660401,7.330703984388254
T,200137,11333,plus,ped,k2,hold,1.0,0.0,0.0,7.819164656660401,7.203362928320402
T,200138,11381,minus,ped,k1,shift_L,0.0,1.0,0.0,19.156942807854556,15.366504194837601
T,200139,11381,plus,ped,k1,nudge_L,1.0,1.0,0.0,15.744858359044079,15.339148922040263
T,200140,11381,minus,ped,k1b,op,1.0,1.0,0.0,13.279721493456833,13.279721493456833
T,200141,11381,plus,ped,k1b,op,1.0,1.0,0.0,13.391673899714345,13.391673899714345
T,200142,11381,minus,ped,k2,shift_L,0.0,1.0,0.0,16.99218509826904,12.054220554465605
T,200143,11381,plus,ped,k2,shift_L,0.0,1.0,0.0,16.81229275668237,11.894644286211276
T,200144,13674,minus,ped,k1,shift_L,0.0,0.0,0.0,23.78356945497255,23.388390136338014
T,200145,13674,plus,ped,k1,shift_L,0.0,0.0,0.0,23.927824322421326,23.536315799861683
T,200146,13674,minus,ped,k1b,shift_L,0.0,0.0,0.0,31.30446989844357,31.289720117161984
T,200147,13674,plus,ped,k1b,shift_L,0.0,0.0,0.0,31.24870568908904,31.208316783415547
T,200148,13674,minus,ped,k2,shift_L,0.0,0.0,0.0,27.720064441322382,27.557710961994097
T,200149,13674,plus,ped,k2,shift_L,0.0,0.0,0.0,28.175947993027588,27.505256343232414
T,200150,14382,minus,ped,k1,nudge_L,0.0,0.0,0.0,15.645312873123101,15.454610308223316
T,200151,14382,plus,ped,k1,shift_L,0.0,0.0,0.0,16.120241891208906,15.608622251347128
T,200152,14382,minus,ped,k1b,shift_L,0.0,0.0,0.0,16.8565688016056,16.268635914809295
T,200153,14382,plus,ped,k1b,shift_L,0.0,0.0,0.0,17.103318901877707,16.311008914471344
T,200154,14382,minus,ped,k2,shift_L,0.0,0.0,0.0,18.755695884854568,18.348424463910614
T,200155,14382,plus,ped,k2,shift_L,0.0,1.0,0.0,20.267956097592947,19.836910729262282
T,200156,14382,minus,ped,k3,hold,0.0,0.0,0.0,21.11038316956136,21.136740786863815
T,200157,14382,plus,ped,k3,op_slow,1.0,1.0,1.0,4.928692978987483,21.622156481454144
T,200158,1711,minus,cutin,k3,op,0.0,0.0,0.0,23.231180732254526,23.231180732254526
T,200159,1711,plus,cutin,k3,op,1.0,1.0,0.0,14.66719426506011,14.66719426506011
T,200160,17752,minus,ped,k1,hold,0.0,0.0,0.0,21.14405778257642,17.802988745212023
T,200161,17752,plus,ped,k1,hold,1.0,1.0,0.0,21.160554826607022,17.663430153737337
T,200162,17752,minus,ped,k1b,hold,0.0,0.0,0.0,22.307814686338535,17.42875480383759
T,200163,17752,plus,ped,k1b,op_stop,0.0,1.0,0.0,6.3072034866917415,17.374143920153212
T,200164,17752,minus,ped,k2,hold,0.0,0.0,0.0,21.2045039915842,17.143006959371853
T,200165,17752,plus,ped,k2,op_stop,0.0,1.0,0.0,5.83991227920734,16.64110762143477
T,200166,17752,minus,ped,k3,hold,0.0,0.0,0.0,21.41831062527054,16.828490568178687
T,200167,17752,plus,ped,k3,op_stop,1.0,1.0,1.0,5.420238513815269,16.649805451536118
T,200168,17921,minus,ped,k1,hold,0.0,0.0,0.0,21.79443495356424,18.873855925174038
T,200169,17921,plus,ped,k1,hold,0.0,0.0,0.0,21.79443495356424,18.95221014898903
T,200170,17921,minus,ped,k1b,hold,0.0,0.0,0.0,21.021081816692934,18.0900950350074
T,200171,17921,plus,ped,k1b,hold,1.0,0.0,0.0,21.021081816692934,18.099491424426017
T,200172,17921,minus,ped,k2,shift_L,0.0,0.0,0.0,18.337841841290707,17.895322107863144
T,200173,17921,plus,ped,k2,shift_L,1.0,1.0,0.0,18.296628846302106,17.845711913483527
T,200174,17921,minus,ped,k3,hold,0.0,0.0,0.0,21.683577525935963,20.479107722167804
T,200175,17921,plus,ped,k3,op_stop,1.0,1.0,0.0,5.5065642654779365,19.988539693344865
T,200176,18027,minus,ped,k1,nudge_L,1.0,0.0,0.0,11.26294930758698,21.334515359890858
T,200177,18027,plus,ped,k1,nudge_L,1.0,0.0,0.0,10.728265076615193,21.334596878196468
T,200178,18027,minus,ped,k1b,nudge_L,1.0,0.0,0.0,13.42991053961704,21.58824720090149
T,200179,18027,plus,ped,k1b,nudge_L,1.0,0.0,0.0,13.472423764083308,21.571837309710393
T,200180,18027,minus,ped,k2,nudge_L,1.0,0.0,0.0,20.98704148218638,20.864450646172717
T,200181,18027,plus,ped,k2,nudge_L,1.0,0.0,0.0,20.932585397972687,20.823800101734257
T,200182,18027,minus,ped,k3,hold,0.0,0.0,0.0,21.346186041759484,20.5554803959952
T,200183,18027,plus,ped,k3,op_stop,0.0,1.0,0.0,5.747738186829804,19.853202581335868
T,200184,18344,minus,cutin,k3,op,0.0,0.0,0.0,23.58989323545526,23.58989323545526
T,200185,18344,plus,cutin,k3,brake_mild,1.0,1.0,0.0,11.962249159681113,16.685999080214938
T,200186,22531,minus,cutin,k1,op,0.0,0.0,0.0,23.360984526080706,23.360984526080706
T,200187,22531,plus,cutin,k1,op,0.0,0.0,0.0,23.279870151940724,23.279870151940724
T,200188,22531,minus,cutin,k1b,op,0.0,0.0,0.0,22.784982852711668,22.784982852711668
T,200189,22531,plus,cutin,k1b,op,0.0,0.0,0.0,22.610482465995673,22.610482465995673
T,200190,22531,minus,cutin,k2,op,0.0,0.0,0.0,22.381741266561633,22.381741266561633
T,200191,22531,plus,cutin,k2,op,0.0,0.0,0.0,22.32069611130083,22.32069611130083
T,200192,22531,minus,cutin,k3,hold,0.0,0.0,0.0,21.743782805521104,21.42618191383777
T,200193,22531,plus,cutin,k3,op_stop,0.0,1.0,0.0,5.93696266046555,8.541518915393695
T,200194,22535,minus,cutin,k1,op,0.0,0.0,0.0,7.767074344926566,7.767074344926566
T,200195,22535,plus,cutin,k1,op,0.0,0.0,0.0,7.734971960509741,7.734971960509741
T,200196,22535,minus,cutin,k1b,nudge_L,0.0,0.0,0.0,27.31830662414635,27.20210779378791
T,200197,22535,plus,cutin,k1b,nudge_L,0.0,0.0,0.0,27.306463472692347,27.190238081361866
T,200198,22535,minus,cutin,k2,nudge_L,0.0,0.0,0.0,30.110167305369256,30.01762240680069
T,200199,22535,plus,cutin,k2,nudge_L,0.0,0.0,0.0,30.09290045637146,30.00029235033875
T,200200,22535,minus,cutin,k3,hold,0.0,0.0,0.0,21.68984536661349,20.79085726625983
T,200201,22535,plus,cutin,k3,brake_mild,0.0,0.0,0.0,12.375817667919438,8.23079775944576
T,200202,23697,minus,cutin,k1,shift_L,0.0,0.0,0.0,31.677842887356928,31.870632922439114
T,200203,23697,plus,cutin,k1,shift_L,0.0,0.0,0.0,31.675643167005536,31.871017260751973
T,200204,23697,minus,cutin,k1b,nudge_L,0.0,0.0,0.0,26.147816203867944,26.008714410769322
T,200205,23697,plus,cutin,k1b,shift_R,0.0,0.0,0.0,26.278960320496427,25.98768995377855
T,200206,23697,minus,cutin,k2,op,0.0,0.0,0.0,27.926634087627814,27.926634087627814
T,200207,23697,plus,cutin,k2,op,0.0,0.0,0.0,27.938324232577276,27.938324232577276
T,200208,23697,minus,cutin,k3,shift_R,0.0,0.0,0.0,20.37460608498928,19.99038993815936
T,200209,23697,plus,cutin,k3,hold,0.0,0.0,0.0,22.275304577421405,17.73595188803677
T,200210,24211,minus,ped,k1,hold,0.0,0.0,0.0,22.013397905811726,13.532705252133946
T,200211,24211,plus,ped,k1,hold,0.0,0.0,0.0,22.013397905811726,15.266308928214357
T,200212,24211,minus,ped,k1b,hold,0.0,0.0,0.0,20.949250118744484,13.452116979592882
T,200213,24211,plus,ped,k1b,hold,0.0,0.0,0.0,20.949250118744484,13.660011903004154
T,200214,24211,minus,ped,k2,hold,0.0,0.0,0.0,22.014130458948852,15.067014572786372
T,200215,24211,plus,ped,k2,hold,0.0,0.0,0.0,22.014130458948852,13.46732080326202
T,200216,24211,minus,ped,k3,hold,0.0,0.0,0.0,21.982041125185326,16.760370127255964
T,200217,24211,plus,ped,k3,op_stop,1.0,1.0,1.0,5.450459477169832,18.817973774965537
T,200218,24294,minus,ped,k1,hold,0.0,0.0,0.0,39.95373728132604,41.161123416707795
T,200219,24294,plus,ped,k1,hold,1.0,1.0,0.0,39.855665144633605,41.03962863626469
T,200220,24294,minus,ped,k1b,hold,0.0,0.0,0.0,40.01828973176318,37.63640098159681
T,200221,24294,plus,ped,k1b,hold,1.0,1.0,0.0,39.954770197188395,37.55273473629512
T,200222,24294,minus,ped,k2,hold,0.0,0.0,0.0,40.65255198852443,36.60652441298852
T,200223,24294,plus,ped,k2,hold,1.0,1.0,0.0,40.63378079998872,36.4015179029095
T,200224,24294,minus,ped,k3,nudge_L,0.0,0.0,0.0,35.052188646180355,34.98268223671745
T,200225,24294,plus,ped,k3,brake_hard,1.0,1.0,1.0,14.746353606882536,34.97082515362338
T,200226,2460,minus,ped,k1,hold,0.0,0.0,0.0,21.848882598193303,21.599449052579715
T,200227,2460,plus,ped,k1,hold,0.0,0.0,0.0,21.848882598193303,21.61015898998751
T,200228,2460,minus,ped,k1b,hold,0.0,0.0,0.0,20.941869042805962,22.308464827220558
T,200229,2460,plus,ped,k1b,hold,0.0,0.0,0.0,20.941869042805962,21.888302663902365
T,200230,2460,minus,ped,k2,hold,0.0,0.0,0.0,21.73389148798064,21.19118479594317
T,200231,2460,plus,ped,k2,hold,0.0,0.0,0.0,21.73389148798064,21.05450825651567
T,200232,2460,minus,ped,k3,hold,0.0,0.0,0.0,21.585515368527574,20.36404339259507
T,200233,2460,plus,ped,k3,op_stop,1.0,1.0,1.0,5.28024890149308,19.772839272072808
T,200234,24759,minus,cutin,k3,hold,0.0,0.0,0.0,22.01625089404258,20.789574899746633
T,200235,24759,plus,cutin,k3,op_stop,0.0,1.0,0.0,6.227379460852658,17.117861986199554
T,200236,26405,minus,cutin,k1,nudge_L,1.0,0.0,0.0,9.472649651507652,21.772282875339442
T,200237,26405,plus,cutin,k1,nudge_L,1.0,0.0,0.0,9.537895104520265,22.001832029080973
T,200238,26405,minus,cutin,k1b,nudge_L,1.0,0.0,0.0,19.99168091637,20.093691721162884
T,200239,26405,plus,cutin,k1b,nudge_L,1.0,0.0,0.0,20.16998983319483,20.27601859165508
T,200240,26405,minus,cutin,k2,nudge_L,0.0,0.0,0.0,22.040449791538652,22.101762740730372
T,200241,26405,plus,cutin,k2,nudge_L,0.0,0.0,0.0,22.142549059187225,22.20071454574073
T,200242,26405,minus,cutin,k3,nudge_L,0.0,0.0,0.0,22.103283792258573,22.151628575572
T,200243,26405,plus,cutin,k3,nudge_L,0.0,0.0,0.0,17.078601732237264,17.63724813858283
T,200244,3731,minus,ped,k1,shift_R_slow,0.0,1.0,0.0,11.39290385317962,15.127530081014587
T,200245,3731,plus,ped,k1,shift_R_slow,0.0,1.0,0.0,11.172029603113973,15.072540538297352
T,200246,3731,minus,ped,k1b,shift_L,0.0,1.0,0.0,21.402938903200152,12.812255417002522
T,200247,3731,plus,ped,k1b,brake_mild,0.0,1.0,0.0,7.562644630463135,12.714585276994772
T,200248,3731,minus,ped,k2,shift_L,0.0,1.0,0.0,22.693761878884146,11.378086147276603
T,200249,3731,plus,ped,k2,shift_L,0.0,1.0,0.0,22.72819130778741,11.411668047432231
T,200250,3737,minus,ped,k1,shift_L,0.0,1.0,0.0,10.7970648845481,9.764505155455277
T,200251,3737,plus,ped,k1,brake_mild,1.0,0.0,0.0,9.775499588353904,9.611514882915131
T,200252,3737,minus,ped,k1b,brake_mild,1.0,1.0,0.0,6.928839221405364,6.877283262947492
T,200253,3737,plus,ped,k1b,brake_mild,1.0,1.0,0.0,6.93596377622941,6.895362523942488
T,200254,3737,minus,ped,k2,brake_mild,1.0,1.0,0.0,5.491328926846848,5.467481585228951
T,200255,3737,plus,ped,k2,brake_mild,1.0,1.0,0.0,5.4934112074457,5.46632993759767
T,200256,3813,minus,cutin,k1,op,0.0,0.0,0.0,25.142832835246132,25.142832835246132
T,200257,3813,plus,cutin,k1,op,0.0,0.0,0.0,25.15772459521804,25.15772459521804
T,200258,3813,minus,cutin,k1b,hold,0.0,0.0,0.0,21.193853713675367,20.26857492681807
T,200259,3813,plus,cutin,k1b,hold,0.0,0.0,0.0,21.193853713675367,20.375262296626463
T,200260,3813,minus,cutin,k2,hold,0.0,0.0,0.0,22.376717540733186,20.6772767055809
T,200261,3813,plus,cutin,k2,hold,0.0,0.0,0.0,22.376717540733186,20.903832259654713
T,200262,3813,minus,cutin,k3,hold,0.0,0.0,0.0,21.50122388714812,19.095034319403496
T,200263,3813,plus,cutin,k3,hold,0.0,0.0,0.0,21.50122388714812,21.707292369268114
T,200414,1773,minus,obstacle,k3,hold,0.0,0.0,0.0,31.05327302393476,28.080214116539018
T,200415,1773,plus,obstacle,k3,brake_hard,0.0,1.0,0.0,7.898479405136432,9.848030940772196
T,200416,1790,minus,obstacle,tau4,nudge_L,1.0,0.0,0.0,37.436664393560946,37.55623621196238
T,200417,1790,plus,obstacle,tau4,op,0.0,0.0,0.0,34.802878681325936,34.802878681325936
T,200418,1790,minus,obstacle,tau3,hold,0.0,0.0,0.0,29.396051499948097,27.618397770013054
T,200419,1790,plus,obstacle,tau3,hold,0.0,0.0,0.0,28.129613395093294,24.808324990186883
T,200420,1790,minus,obstacle,tau2,hold,0.0,0.0,0.0,29.403129839576714,25.35543546336507
T,200421,1790,plus,obstacle,tau2,hold,1.0,0.0,0.0,26.430993354581865,20.332305652407747
T,200422,1790,minus,obstacle,k3,hold,0.0,0.0,0.0,29.437733903673937,26.32565621680347
T,200423,1790,plus,obstacle,k3,brake_mild,0.0,0.0,0.0,15.670308984379012,16.782044006862268
T,200424,1792,minus,obstacle,tau4,nudge_L,0.0,0.0,0.0,37.49821731128483,37.41416241449201
T,200425,1792,plus,obstacle,tau4,nudge_L,0.0,0.0,0.0,35.89522833207713,35.809491511095686
T,200426,1792,minus,obstacle,tau3,nudge_L,0.0,0.0,0.0,42.702337490777566,42.619077701895435
T,200427,1792,plus,obstacle,tau3,nudge_L,0.0,1.0,0.0,39.23065743979142,39.148068370123255
T,200428,1792,minus,obstacle,tau2,hold,0.0,0.0,0.0,48.77387972096123,42.437203810125254
T,200429,1792,plus,obstacle,tau2,nudge_L,0.0,1.0,0.0,37.53722392844135,35.2717939467673
T,200430,1792,minus,obstacle,k3,brake_mild,0.0,0.0,0.0,48.156376430087235,36.50361344993465
T,200431,1792,plus,obstacle,k3,op_stop,1.0,0.0,0.0,13.177624800004207,8.84798940851531
T,200434,1825,minus,obstacle,k3,hold,0.0,0.0,0.0,29.37354587047713,27.034613912660692
T,200435,1825,plus,obstacle,k3,nudge_L,1.0,1.0,0.0,6.923896402357569,6.8681928108336034
T,200438,1833,minus,obstacle,tau2,hold,0.0,0.0,0.0,16.67949467606709,14.891584763747913
T,200439,1833,plus,obstacle,tau2,shift_L,0.0,0.0,0.0,15.237742667442475,14.758277954319942
T,200440,1833,minus,obstacle,k3,hold,0.0,0.0,0.0,29.27657868914611,27.072558018874734
T,200444,20920,minus,obstacle,tau2,hold,0.0,0.0,0.0,16.612222281078218,13.074339663592248
T,200445,20920,plus,obstacle,tau2,hold,0.0,0.0,0.0,16.612222281078218,13.956899424489345
T,200446,20920,minus,obstacle,k3,hold,0.0,0.0,0.0,29.32526886605877,29.05709109214477
T,200447,20920,plus,obstacle,k3,nudge_L,1.0,1.0,0.0,8.022869432887125,7.4979782410390055
T,200454,24367,minus,obstacle,tau2,hold,0.0,0.0,0.0,17.247513807125284,6.9993616813393595
T,200455,24367,plus,obstacle,tau2,hold,0.0,0.0,0.0,17.247513807125284,7.156611892415252
T,200456,24367,minus,obstacle,k3,hold,0.0,0.0,0.0,29.34688000787531,29.048458998963174
T,200457,24367,plus,obstacle,k3,hold,1.0,0.0,0.0,11.006148770751361,5.891970769623553
T,200460,24757,minus,obstacle,k3,hold,0.0,0.0,0.0,28.150028268705885,24.49538866953425
T,200461,24757,plus,obstacle,k3,shift_L,1.0,1.0,0.0,15.128926668086988,9.17263085052402
T,200464,2513,minus,obstacle,tau2,hold,0.0,0.0,0.0,16.749539641446077,7.9990441675207915
T,200465,2513,plus,obstacle,tau2,hold,0.0,0.0,0.0,16.749539641446077,7.652850699164949
T,200466,2513,minus,obstacle,k3,hold,0.0,0.0,0.0,29.200743824558646,31.015739826244484
T,200467,2513,plus,obstacle,k3,shift_L,1.0,1.0,0.0,26.78969216586264,13.755817442394395
T,200470,25383,minus,obstacle,tau2,hold,0.0,0.0,0.0,16.975105018486357,7.357626416458042
T,200471,25383,plus,obstacle,tau2,hold,0.0,0.0,0.0,16.975105018486357,7.117247965737625
T,200474,25424,minus,obstacle,tau2,hold,0.0,0.0,0.0,16.9661188859036,7.775202038374844
T,200475,25424,plus,obstacle,tau2,hold,0.0,0.0,0.0,16.9661188859036,13.33632943869751
T,200478,2554,minus,obstacle,tau2,shift_L,0.0,0.0,0.0,14.82676955768188,14.30093727017508
T,200479,2554,plus,obstacle,tau2,shift_L,0.0,0.0,0.0,14.470749542732317,14.06253561455
T,200480,2554,minus,obstacle,k3,shift_R,1.0,1.0,0.0,50.77097911306797,46.596599879811414
T,200481,2554,plus,obstacle,k3,shift_L,1.0,1.0,0.0,36.1755751449865,12.79281890851992
T,200482,25854,minus,obstacle,tau4,nudge_L,0.0,0.0,0.0,47.256337501501065,47.22417393043304
T,200483,25854,plus,obstacle,tau4,op_slow,0.0,1.0,0.0,24.400666369863213,43.42419358247487
T,200484,25854,minus,obstacle,k3,nudge_L,0.0,0.0,0.0,43.74677120341479,44.01870073683246
T,200485,25854,plus,obstacle,k3,shift_L,0.0,1.0,0.0,20.429281440858237,19.45106833257657
T,200486,25896,minus,obstacle,tau4,nudge_L,0.0,0.0,0.0,34.208889043335375,34.44638218727889
T,200487,25896,plus,obstacle,tau4,shift_L,0.0,1.0,0.0,25.647896744970772,21.832234447144202
T,200488,25896,minus,obstacle,tau2,brake_mild,1.0,0.0,0.0,41.40874072643836,26.680144332661552
T,200489,25896,plus,obstacle,tau2,shift_L,0.0,0.0,0.0,20.367515366307398,12.533601980297611
T,200490,25896,minus,obstacle,k3,op_stop,0.0,0.0,0.0,27.54033976058509,19.42879235273762
T,200491,25896,plus,obstacle,k3,shift_R,0.0,1.0,0.0,8.607069299744559,6.828611526093876
T,200492,25951,minus,obstacle,tau4,shift_R,0.0,0.0,0.0,29.811571339243038,28.980010058663417
T,200493,25951,plus,obstacle,tau4,nudge_L,0.0,0.0,0.0,27.799004502810682,28.065267311284977
T,200494,25951,minus,obstacle,tau3,hold,0.0,0.0,0.0,31.790776705221848,21.990149145528278
T,200495,25951,plus,obstacle,tau3,hold,0.0,0.0,0.0,28.275623774549775,23.440174781271022
T,200496,25951,minus,obstacle,tau2,hold,0.0,0.0,0.0,29.605963402719826,23.804484464004922
T,200497,25951,plus,obstacle,tau2,shift_R,1.0,0.0,0.0,11.92806665539123,19.641211616700147
T,200498,25951,minus,obstacle,k3,hold,0.0,0.0,0.0,29.36972886854243,24.398686505920562
T,200499,25951,plus,obstacle,k3,nudge_L,0.0,1.0,0.0,15.432906782677634,15.424777660071703
T,200502,2606,minus,obstacle,tau2,hold,0.0,0.0,0.0,16.862313423959872,8.090092296196863
T,200503,2606,plus,obstacle,tau2,hold,0.0,0.0,0.0,16.862313423959872,8.085661008167497
T,200504,2606,minus,obstacle,k3,hold,0.0,0.0,0.0,29.40871012191997,27.37435992088098
T,200505,2606,plus,obstacle,k3,brake_mild,1.0,1.0,0.0,7.769358801454672,7.696748561496046
T,200508,2643,minus,obstacle,tau2,hold,0.0,0.0,0.0,16.52506223453637,13.101427615697167
T,200509,2643,plus,obstacle,tau2,hold,0.0,0.0,0.0,16.52506223453637,13.405120487901359
T,200510,2643,minus,obstacle,k3,shift_L,0.0,0.0,0.0,30.125674503799296,29.76912748133018
T,200511,2643,plus,obstacle,k3,shift_L,0.0,1.0,0.0,8.562713434586886,4.186129217709026
T,200514,2668,minus,obstacle,tau2,shift_L,0.0,0.0,0.0,19.11578184199848,18.473955097594416
T,200515,2668,plus,obstacle,tau2,shift_L,0.0,0.0,0.0,18.762692365788944,18.217752805969525
T,200516,2668,minus,obstacle,k3,shift_L,0.0,0.0,0.0,23.335016443704845,18.140428055420585
T,200517,2668,plus,obstacle,k3,nudge_L,0.0,1.0,0.0,8.223259985028577,6.217841109207257
T,200518,3436,minus,obstacle,tau4,nudge_L,0.0,0.0,0.0,20.808744773123337,19.1731068384506
T,200519,3436,plus,obstacle,tau4,op,0.0,0.0,0.0,20.363202569862402,20.363202569862402
T,200520,3436,minus,obstacle,tau3,op,0.0,0.0,0.0,24.46486245239074,24.46486245239074
T,200521,3436,plus,obstacle,tau3,hold,0.0,0.0,0.0,28.281741014788423,19.80992243424276
T,200523,3436,plus,obstacle,tau2,op_stop,0.0,0.0,0.0,9.647362539438646,20.685302173007784
T,200524,3436,minus,obstacle,k3,hold,0.0,0.0,0.0,29.200199167910213,24.506843290562106
T,200525,3436,plus,obstacle,k3,nudge_L,0.0,0.0,0.0,8.847096715966602,8.279429740315443
T,200529,1773,plus,obstacle,k3,shift_L,1.0,0.0,0.0,8.80361289812139,13.53023721158978
T,200530,1790,minus,obstacle,tau4,op,0.0,0.0,0.0,39.218772906228644,39.218772906228644
T,200531,1790,plus,obstacle,tau4,hold,0.0,0.0,0.0,31.357963912339535,35.16128327226427
T,200532,1790,minus,obstacle,tau3,op,0.0,0.0,0.0,32.08465202401774,32.08465202401774
T,200533,1790,plus,obstacle,tau3,hold,1.0,0.0,0.0,31.137643743879647,27.80469620929705
T,200534,1790,minus,obstacle,tau2,hold,0.0,0.0,0.0,29.462855044770333,27.289272401929516
T,200536,1792,minus,obstacle,tau4,nudge_L,0.0,0.0,0.0,39.027475039691254,38.94861559641167
T,200537,1792,plus,obstacle,tau4,nudge_L,0.0,0.0,0.0,36.33719778972383,36.25541258092262
T,200538,1792,minus,obstacle,tau3,nudge_L,0.0,0.0,0.0,43.44130849953866,43.36748094561414
T,200539,1792,plus,obstacle,tau3,nudge_L,0.0,1.0,0.0,40.4704500046127,40.391635509799
T,200540,1792,minus,obstacle,tau2,hold,0.0,0.0,0.0,45.0150099343329,44.729959848989274
T,200541,1792,plus,obstacle,tau2,nudge_L,0.0,1.0,0.0,39.3080980671259,39.10822576388181
T,200542,1792,minus,obstacle,k3,brake_mild,0.0,0.0,0.0,46.43427133716979,40.214705230909274
T,200543,1792,plus,obstacle,k3,shift_L,1.0,1.0,0.0,14.254166196944606,14.421447070655258
T,200548,1825,minus,obstacle,k3,brake_mild,0.0,0.0,0.0,20.683415734407248,29.312055809495572
T,200549,1825,plus,obstacle,k3,op_stop,1.0,1.0,0.0,6.130679048592488,6.8495574968314346
T,200552,1833,minus,obstacle,tau2,shift_L,0.0,0.0,0.0,16.36873069425812,15.890744967313394
T,200553,1833,plus,obstacle,tau2,shift_L,0.0,0.0,0.0,16.39670977696725,15.937447019621173
T,200554,1833,minus,obstacle,k3,hold,0.0,0.0,0.0,29.334053738413065,28.071841240960964
T,200555,1833,plus,obstacle,k3,op_stop,0.0,1.0,0.0,6.188962491424162,8.99450686629105
T,200558,20920,minus,obstacle,tau2,hold,0.0,0.0,0.0,17.068880307893682,15.445659627109643
T,200559,20920,plus,obstacle,tau2,hold,0.0,0.0,0.0,17.068880307893682,15.552763322495256
T,200560,20920,minus,obstacle,k3,op,0.0,0.0,0.0,34.97677757376458,34.97677757376458
T,200561,20920,plus,obstacle,k3,brake_mild,1.0,1.0,0.0,7.091210748770708,7.794578671082623
T,200568,24367,minus,obstacle,tau2,shift_L,0.0,0.0,0.0,14.386208450745075,7.502330092676311
T,200569,24367,plus,obstacle,tau2,shift_L,0.0,0.0,0.0,13.946922988663209,7.297457266658293
T,200574,24757,minus,obstacle,k3,hold,0.0,0.0,0.0,28.655739319233938,26.563667602046003
T,200575,24757,plus,obstacle,k3,shift_L,0.0,1.0,0.0,28.65503949930813,20.91174179589045
T,200578,2513,minus,obstacle,tau2,hold,0.0,0.0,0.0,16.287625216691367,7.327890157550628
T,200579,2513,plus,obstacle,tau2,hold,0.0,0.0,0.0,16.287625216691367,7.596297702266827
T,200580,2513,minus,obstacle,k3,hold,0.0,0.0,0.0,29.246138071502752,30.358558768039664
T,200581,2513,plus,obstacle,k3,hold,1.0,0.0,0.0,12.213775466710576,7.8208711729617235
T,200584,25383,minus,obstacle,tau2,shift_L,0.0,0.0,0.0,15.688360589574497,15.405845611067823
T,200585,25383,plus,obstacle,tau2,shift_L,0.0,0.0,0.0,14.794442861247978,14.445518214619533
T,200586,25383,minus,obstacle,k3,hold,0.0,0.0,0.0,29.0090694889317,24.334110026827666
T,200587,25383,plus,obstacle,k3,brake_mild,0.0,0.0,0.0,5.830093571764835,6.2931558327263275
T,200590,25424,minus,obstacle,tau2,hold,0.0,0.0,0.0,16.98578584131383,7.559119055565097
T,200591,25424,plus,obstacle,tau2,hold,0.0,0.0,0.0,16.98578584131383,7.445862082729125
T,200594,2554,minus,obstacle,tau2,hold,0.0,0.0,0.0,16.38942166443633,8.257092924159409
T,200595,2554,plus,obstacle,tau2,hold,0.0,0.0,0.0,16.38942166443633,12.83841219567326
T,200596,2554,minus,obstacle,k3,shift_L,0.0,0.0,0.0,25.834379024505775,25.50660823554386
T,200597,2554,plus,obstacle,k3,nudge_L,0.0,0.0,0.0,19.56060147368115,19.362950736448393
T,200598,25854,minus,obstacle,tau4,nudge_L,0.0,0.0,0.0,47.80560497988796,47.73127402483102
T,200599,25854,plus,obstacle,tau4,op_slow,0.0,1.0,0.0,24.363147769174518,43.255508980311696
T,200600,25854,minus,obstacle,k3,brake_mild,0.0,0.0,0.0,47.71202277098924,43.2331776092625
T,200601,25854,plus,obstacle,k3,nudge_L,0.0,1.0,0.0,9.985075841270897,9.718673260609691
T,200602,25896,minus,obstacle,tau4,hold,0.0,0.0,0.0,44.629740091985255,30.57747645882862
T,200603,25896,plus,obstacle,tau4,shift_L,0.0,1.0,0.0,23.405650555484083,20.71167762333996
T,200604,25896,minus,obstacle,tau2,brake_mild,1.0,0.0,0.0,41.02996650130886,33.677894516065884
T,200605,25896,plus,obstacle,tau2,shift_L,0.0,1.0,0.0,21.81289055841406,14.093283613695471
T,200606,25896,minus,obstacle,k3,op_stop,0.0,0.0,0.0,27.043843880153243,19.21841601390644
T,200607,25896,plus,obstacle,k3,shift_L,0.0,1.0,0.0,11.155126190749343,5.554827200750545
T,200608,25951,minus,obstacle,tau4,shift_R,1.0,0.0,0.0,16.54325360588025,29.79197608603497
T,200609,25951,plus,obstacle,tau4,shift_R,1.0,0.0,0.0,21.073236421233524,28.904660921118843
T,200610,25951,minus,obstacle,tau3,hold,0.0,0.0,0.0,29.340581138955827,25.09916588125884
T,200611,25951,plus,obstacle,tau3,hold,0.0,0.0,0.0,28.0374269168571,21.505799033913657
T,200612,25951,minus,obstacle,tau2,nudge_L,0.0,0.0,0.0,23.530793974194594,23.727870370734475
T,200613,25951,plus,obstacle,tau2,nudge_L,0.0,0.0,0.0,19.78811979229446,19.935674912507235
T,200614,25951,minus,obstacle,k3,hold,0.0,0.0,0.0,29.44127405723738,24.257962178659852
T,200615,25951,plus,obstacle,k3,nudge_L,0.0,1.0,0.0,16.703444041430416,16.697242152511752
T,200618,2606,minus,obstacle,tau2,shift_L,1.0,0.0,0.0,15.417920528029377,14.892807481849102
T,200619,2606,plus,obstacle,tau2,shift_L,1.0,0.0,0.0,15.408174854498128,14.869328657642939
T,200620,2606,minus,obstacle,k3,hold,0.0,0.0,0.0,29.515637645429717,27.258587227201467
T,200621,2606,plus,obstacle,k3,nudge_L,1.0,1.0,0.0,7.9614696340951,8.364103420523627
T,200624,2643,minus,obstacle,tau2,hold,0.0,0.0,0.0,16.922073155476227,15.726701308380651
T,200625,2643,plus,obstacle,tau2,hold,0.0,0.0,0.0,16.922073155476227,15.841914534490423
T,200626,2643,minus,obstacle,k3,hold,0.0,0.0,0.0,28.952521728904436,26.045848361841745
T,200627,2643,plus,obstacle,k3,shift_L,0.0,1.0,0.0,7.9618354706356635,4.057490987609463
T,200630,2668,minus,obstacle,tau2,shift_L,0.0,0.0,0.0,20.98215642061277,20.501684907972272
T,200631,2668,plus,obstacle,tau2,shift_L,0.0,0.0,0.0,21.09229886311842,20.624159654015102
T,200632,2668,minus,obstacle,k3,shift_L,0.0,0.0,0.0,19.628928365549037,15.857331755168879
T,200633,2668,plus,obstacle,k3,shift_L,0.0,1.0,0.0,9.401185325589717,5.280297122907422
T,200634,3436,minus,obstacle,tau4,hold,0.0,0.0,0.0,30.497561817876097,21.21840434069388
T,200635,3436,plus,obstacle,tau4,brake_mild,0.0,0.0,0.0,20.49371875434806,22.381970731116724
T,200636,3436,minus,obstacle,tau3,op,0.0,0.0,0.0,24.117700482906542,24.117700482906542
T,200637,3436,plus,obstacle,tau3,nudge_L,0.0,0.0,0.0,20.722288547859822,20.323624008888935
T,200638,3436,minus,obstacle,tau2,hold,0.0,0.0,0.0,29.458988194593765,24.72953795035078
T,200640,3436,minus,obstacle,k3,hold,0.0,0.0,0.0,29.406253348605567,25.597183475657793
T,200641,3436,plus,obstacle,k3,op_stop,0.0,1.0,0.0,7.574003000087852,15.754869835179061
