dom,set,scene,log,grp,k,now,t_to_ev,v_e,lat_off,clr_any,obj_any,hit_any,ti_any,di_any,obj_hit,v_plan0,v_plan_max,kap_max,alat,dpsi4,arc4,yaw_dem,yaw_del,track_lat,hit_frozen,clr_frozen,hit_trunc,hit_any_p0,clr_any_p0,arc4_p0,base_gap,base_lat,alat_p0,clr_st,hit_st,ti_st,di_st,short_st,gap_st,ylo_st,yhi_st,yc_st,obj_v,in_corr,plan_y_at_obj,clr_st_p0,hit_st_p0
pai,pai-v1,13fb89b9,13fb89b9,C,0,0.14,6.6,8.584,-0.0,1.398,6,False,,,,8.862,9.178,0.0,0.025,-0.125,30.769,0.001,0.001,0.004,True,0.0,False,True,0.0,20.536,4.222,0.04,0.018,2.47,False,,,0.0,-2.79,3.557,5.551,4.554,10.947,False,0.0,2.493,False
pai,pai-v1,13fb89b9,13fb89b9,C,1,0.24,6.5,8.585,-0.0,1.409,6,False,,,,8.818,9.097,0.0,0.021,-0.041,30.678,0.002,0.001,-0.002,True,0.0,False,True,0.0,20.329,4.247,0.037,0.018,2.462,False,,,0.0,-2.553,3.551,5.548,4.55,10.964,False,0.0,2.491,False
pai,pai-v1,13fb89b9,13fb89b9,C,2,0.34,6.4,8.595,-0.001,1.424,6,False,,,,8.923,9.583,0.0,0.019,-0.042,35.025,0.001,0.001,-0.008,True,0.0,False,False,1.027,25.414,4.279,0.036,0.017,2.459,False,,,0.0,-2.313,3.546,5.542,4.544,10.989,False,0.0,2.478,False
pai,pai-v1,13fb89b9,13fb89b9,C,3,0.44,6.3,8.621,-0.001,1.437,6,False,,,,8.934,9.668,0.0,0.014,0.091,35.854,0.001,0.0,-0.009,True,0.0,False,False,1.438,26.243,4.314,0.035,0.017,2.455,False,,,0.0,-2.071,3.545,5.537,4.541,11.02,False,0.001,2.481,False
pai,pai-v1,13fb89b9,13fb89b9,C,4,0.54,6.2,8.651,-0.001,1.45,6,False,,,,8.979,10.066,0.0,0.021,-0.024,38.568,0.001,-0.0,-0.007,True,0.0,False,False,1.451,30.067,3.974,0.022,0.009,2.46,False,,,0.0,-1.829,3.543,5.53,4.536,11.053,False,0.0,2.478,False
pai,pai-v1,13fb89b9,13fb89b9,C,5,0.64,6.1,8.671,-0.001,1.459,6,False,,,,9.029,10.175,0.0,0.021,-0.055,39.059,0.001,-0.001,-0.007,True,0.0,False,False,1.459,32.196,3.294,0.023,0.011,2.459,False,,,0.0,-1.588,3.54,5.52,4.53,11.087,False,0.001,2.472,False
pai,pai-v1,13fb89b9,13fb89b9,C,6,0.74,6.0,8.677,-0.001,1.461,6,False,,,,8.981,10.056,0.0,0.014,0.053,39.162,0.001,-0.002,-0.005,True,0.0,False,False,1.461,33.086,3.067,0.004,0.009,2.464,False,,,0.0,-1.344,3.534,5.51,4.522,11.118,False,0.0,2.479,False
pai,pai-v1,13fb89b9,13fb89b9,C,7,0.84,5.9,8.68,-0.001,1.461,6,False,,,,8.963,9.989,0.0,0.013,0.033,39.082,0.001,-0.002,-0.005,True,0.0,False,False,1.461,33.218,3.006,-0.007,0.01,2.469,False,,,0.0,-1.099,3.522,5.503,4.513,11.148,False,0.001,2.481,False
pai,pai-v1,13fb89b9,13fb89b9,C,8,0.94,5.8,8.689,-0.0,1.461,6,False,,,,8.994,10.054,0.0,0.01,0.104,39.286,0.001,-0.002,-0.002,True,0.0,False,False,1.462,33.608,2.992,-0.014,0.017,2.475,False,,,0.0,-0.852,3.51,5.495,4.502,11.175,False,-0.0,2.484,False
pai,pai-v1,13fb89b9,13fb89b9,C,9,1.04,5.7,8.705,-0.0,1.467,6,False,,,,9.003,10.084,0.0,0.01,0.089,39.431,-0.001,-0.002,-0.001,True,0.0,False,False,1.467,35.051,2.338,-0.003,0.016,2.479,False,,,0.0,-0.604,3.498,5.481,4.49,11.202,False,-0.0,2.483,False
pai,pai-v1,13fb89b9,13fb89b9,C,10,1.14,5.6,8.723,-0.0,1.478,6,False,,,,9.03,10.074,0.0,0.018,0.13,39.298,-0.001,-0.002,0.007,True,0.0,False,False,1.478,34.95,2.322,-0.002,0.016,2.481,False,,,0.0,-0.353,3.49,5.465,4.477,11.232,False,-0.0,2.484,False
pai,pai-v1,13fb89b9,13fb89b9,C,11,1.24,5.5,8.738,-0.0,1.543,6,False,,,,9.064,10.149,0.0,0.019,0.072,39.476,-0.002,-0.002,0.011,True,0.0,False,False,1.544,35.325,2.225,0.001,0.017,2.483,False,,,0.0,-0.106,3.472,5.459,4.465,11.267,False,0.002,2.484,False
pai,pai-v1,13fb89b9,13fb89b9,C,12,1.34,5.4,8.746,-0.001,1.747,6,False,,,,9.106,10.149,0.0,0.023,0.119,39.36,-0.002,-0.002,0.02,True,0.0,False,False,1.749,34.546,2.456,0.009,0.016,2.485,False,,,0.0,0.144,3.454,5.455,4.454,11.307,False,0.001,2.484,False
pai,pai-v1,13fb89b9,13fb89b9,C,13,1.44,5.3,8.753,-0.001,2.044,6,False,,,,9.106,10.102,0.0,0.025,0.16,39.116,-0.002,-0.001,0.022,True,0.0,False,False,2.046,33.345,2.872,0.024,0.016,2.511,False,,,0.0,0.398,3.438,5.453,4.446,11.352,False,0.0,2.51,False
pai,pai-v1,13fb89b9,13fb89b9,C,14,1.54,5.2,8.765,-0.001,2.397,6,False,,,,9.094,10.013,0.0,0.02,0.176,38.871,-0.001,-0.0,0.022,True,0.0,False,False,2.399,33.244,2.702,0.021,0.017,2.564,False,,,0.0,0.657,3.426,5.451,4.439,11.402,False,-0.001,2.562,False
pai,pai-v1,13fb89b9,13fb89b9,C,15,1.64,5.1,8.78,-0.001,2.638,22,False,,,,9.056,9.864,0.0,0.018,0.141,38.276,-0.002,0.001,0.014,True,0.0,False,False,2.636,32.297,2.83,0.019,0.013,2.638,False,,,0.0,0.92,3.415,5.445,4.43,11.452,False,0.002,2.636,False
pai,pai-v1,13fb89b9,13fb89b9,C,16,1.74,5.0,8.793,-0.002,2.737,22,False,,,,9.062,9.923,0.0,0.015,0.107,38.659,-0.001,0.003,0.007,True,0.0,False,False,2.735,33.175,2.618,0.024,0.01,2.737,False,,,0.0,1.189,3.411,5.438,4.424,11.498,False,0.004,2.735,False
pai,pai-v1,13fb89b9,13fb89b9,C,17,1.84,4.9,8.811,-0.002,2.861,22,False,,,,9.077,9.946,0.0,0.015,0.062,38.744,-0.001,0.005,0.005,True,0.0,False,False,2.859,32.578,2.831,0.017,0.011,2.861,False,,,0.0,1.462,3.414,5.432,4.423,11.537,False,0.003,2.859,False
pai,pai-v1,13fb89b9,13fb89b9,C,18,1.94,4.8,8.849,-0.007,3.01,22,False,,,,9.132,10.269,0.0,0.015,0.133,40.081,-0.0,0.005,0.001,True,0.0,False,False,3.007,33.456,2.917,0.037,0.007,3.01,False,,,0.0,1.74,3.419,5.428,4.423,11.564,False,0.007,3.007,False
pai,pai-v1,13fb89b9,13fb89b9,C,19,2.04,4.7,8.918,-0.012,3.176,22,False,,,,9.198,10.507,0.0,0.015,0.167,41.022,0.0,0.006,0.001,True,0.0,False,False,3.174,33.026,3.469,0.062,0.022,3.176,False,,,0.0,2.015,3.425,5.426,4.426,11.58,False,0.008,3.174,False
pai,pai-v1,13fb89b9,13fb89b9,C,20,2.14,4.6,9.018,-0.016,3.352,22,False,,,,9.329,10.945,0.0,0.019,0.221,42.209,0.001,0.006,-0.001,True,0.0,False,False,3.349,33.721,3.59,0.06,0.026,3.352,False,,,0.0,2.282,3.428,5.427,4.427,11.582,False,0.012,3.349,False
pai,pai-v1,13fb89b9,13fb89b9,C,21,2.24,4.5,9.144,-0.015,3.531,22,False,,,,9.465,11.142,0.0,0.025,0.19,43.036,0.002,0.007,-0.002,True,0.0,False,False,3.528,34.82,3.504,0.057,0.036,3.531,False,,,0.0,2.535,3.426,5.429,4.427,11.574,False,0.015,3.528,False
pai,pai-v1,13fb89b9,13fb89b9,C,22,2.34,4.4,9.291,-0.012,3.707,22,False,,,,9.601,11.184,0.0,0.034,0.257,43.372,0.003,0.007,-0.001,True,0.0,False,False,3.704,34.19,3.873,0.053,0.042,3.707,False,,,0.0,2.771,3.418,5.432,4.425,11.556,False,0.017,3.704,False
pai,pai-v1,13fb89b9,13fb89b9,C,23,2.44,4.3,9.452,-0.008,3.148,21,False,,,,9.754,11.29,0.0,0.042,0.269,43.889,0.004,0.008,0.0,True,0.0,False,False,3.871,34.829,3.87,0.051,0.043,3.874,False,,,0.0,2.99,3.408,5.433,4.421,11.533,False,0.016,3.871,False
pai,pai-v1,13fb89b9,13fb89b9,C,24,2.54,4.2,9.621,-0.002,2.416,21,False,,,,9.933,11.501,0.001,0.05,0.213,44.642,0.005,0.009,-0.001,True,0.0,False,False,4.026,35.929,3.749,0.048,0.056,3.539,False,,,0.0,3.19,3.396,5.431,4.414,11.507,False,0.02,4.026,False
pai,pai-v1,13fb89b9,13fb89b9,C,25,2.64,4.1,9.794,0.005,2.253,21,False,,,,10.089,11.497,0.001,0.051,0.21,44.674,0.005,0.009,0.0,True,0.0,False,False,4.167,36.803,3.374,0.045,0.061,3.546,False,,,0.0,3.371,3.386,5.424,4.405,11.48,False,0.021,4.167,False
pai,pai-v1,13fb89b9,13fb89b9,C,26,2.74,4.0,9.967,0.013,2.05,21,False,,,,10.223,11.567,0.001,0.065,0.155,44.832,0.006,0.01,0.0,True,0.0,False,False,4.292,36.555,3.291,0.033,0.064,3.418,False,,,0.0,3.534,3.379,5.409,4.394,11.454,False,0.025,4.292,False
pai,pai-v1,13fb89b9,13fb89b9,C,27,2.84,3.9,10.137,0.026,1.867,21,False,,,,10.382,11.655,0.001,0.075,0.128,45.127,0.007,0.011,0.003,True,0.0,False,False,4.401,36.533,3.346,0.018,0.071,3.167,False,,,0.0,3.68,3.374,5.388,4.381,11.429,False,0.025,4.401,False
pai,pai-v1,13fb89b9,13fb89b9,C,28,2.94,3.8,10.302,0.04,1.875,21,False,,,,10.528,11.787,0.001,0.083,0.078,45.343,0.008,0.012,0.002,True,0.0,False,False,4.495,35.701,3.64,0.023,0.084,2.944,False,,,0.0,3.807,3.367,5.365,4.366,11.407,False,0.028,4.495,False
pai,pai-v1,13fb89b9,13fb89b9,C,29,3.04,3.7,10.461,0.055,1.912,21,False,,,,10.706,12.037,0.001,0.084,0.08,46.395,0.008,0.012,0.004,True,0.0,False,False,4.575,37.642,3.279,0.019,0.091,2.213,False,,,0.0,3.916,3.357,5.34,4.348,11.387,False,0.028,4.575,False
pai,pai-v1,13fb89b9,13fb89b9,C,30,3.14,3.6,10.616,0.072,1.922,22,False,,,,10.866,12.186,0.001,0.088,0.069,46.864,0.008,0.013,0.005,True,0.0,False,False,4.641,37.206,3.558,0.01,0.097,1.922,False,,,0.0,4.005,3.338,5.32,4.329,11.368,False,0.029,4.641,False
pai,pai-v1,13fb89b9,13fb89b9,C,31,3.24,3.5,10.767,0.089,2.114,21,False,,,,10.938,11.936,0.001,0.107,0.124,45.94,0.01,0.014,0.004,True,0.0,False,False,4.693,35.951,3.804,-0.005,0.103,2.185,False,,,0.0,4.074,3.31,5.304,4.307,11.348,False,0.033,4.693,False
pai,pai-v1,13fb89b9,13fb89b9,C,32,3.34,3.4,10.913,0.103,1.491,22,False,,,,11.108,12.22,0.001,0.13,0.232,47.139,0.012,0.015,0.005,True,0.0,False,False,4.73,37.572,3.696,-0.022,0.118,1.491,False,,,0.0,4.122,3.273,5.294,4.284,11.328,False,0.036,4.73,False
pai,pai-v1,13fb89b9,13fb89b9,C,33,3.44,3.3,11.052,0.118,1.654,22,False,,,,11.214,12.037,0.001,0.141,0.138,46.258,0.013,0.017,0.006,True,0.0,False,False,4.753,36.708,3.724,-0.036,0.114,1.654,False,,,0.0,4.153,3.23,5.286,4.258,11.306,False,0.037,4.753,False
pai,pai-v1,13fb89b9,13fb89b9,C,34,3.54,3.2,11.183,0.132,1.119,22,False,,,,11.348,12.204,0.001,0.187,0.369,47.039,0.016,0.019,0.008,True,0.0,False,False,4.762,37.419,3.738,-0.039,0.136,1.119,False,,,0.0,4.169,3.184,5.276,4.23,11.283,False,0.041,4.762,False
pai,pai-v1,13fb89b9,13fb89b9,C,35,3.64,3.1,11.306,0.148,0.657,22,False,,,,11.485,12.39,0.002,0.244,0.742,47.822,0.021,0.022,0.01,True,0.0,False,False,4.757,38.385,3.632,0.004,0.181,0.657,False,,,0.0,4.17,3.137,5.263,4.2,11.259,False,0.048,4.757,False
pai,pai-v1,13fb89b9,13fb89b9,C,36,3.74,3.0,11.423,0.164,0.106,22,False,,,,11.607,12.532,0.002,0.317,1.235,48.338,0.026,0.025,0.009,True,0.0,False,False,4.376,39.741,3.568,0.011,0.214,0.106,False,,,0.0,4.159,3.092,5.243,4.168,11.235,False,0.06,4.738,False
pai,pai-v1,13fb89b9,13fb89b9,C,37,3.84,2.9,11.539,0.182,0.0,22,True,3.9,48.323,22,11.738,12.774,0.002,0.345,1.22,49.545,0.029,0.028,0.013,True,0.0,True,False,3.676,40.884,3.718,-0.002,0.223,0.0,True,3.9,48.323,-0.1,4.137,3.047,5.215,4.131,11.21,False,0.06,4.706,False
pai,pai-v1,13fb89b9,13fb89b9,C,38,3.94,2.8,11.656,0.202,0.0,22,True,3.2,39.891,22,11.865,12.849,0.003,0.447,1.68,49.566,0.034,0.03,0.012,True,0.0,True,False,3.945,41.617,3.369,0.029,0.29,0.0,True,3.2,39.891,-0.6,4.104,3.001,5.18,4.09,11.186,False,0.07,4.467,False
pai,pai-v1,13fb89b9,13fb89b9,C,39,4.04,2.7,11.774,0.224,0.0,22,True,3.0,37.565,22,11.953,12.849,0.003,0.475,1.544,49.675,0.036,0.033,0.011,True,0.0,True,False,3.351,42.488,3.176,0.167,0.418,0.0,True,3.0,37.565,-0.8,4.058,2.951,5.139,4.045,11.164,False,0.077,3.351,False
pai,pai-v1,13fb89b9,13fb89b9,C,40,4.14,2.6,11.892,0.247,0.0,22,True,2.8,34.992,22,12.061,12.834,0.003,0.479,1.446,49.154,0.038,0.036,0.008,True,0.0,True,False,3.407,42.162,3.122,0.212,0.459,0.0,True,2.8,34.992,-0.9,4.0,2.898,5.091,3.995,11.143,False,0.083,3.407,False
pai,pai-v1,13fb89b9,13fb89b9,C,41,4.24,2.5,12.006,0.272,0.0,22,True,2.6,32.7,22,12.169,12.911,0.003,0.498,1.259,49.115,0.041,0.038,0.01,True,0.0,True,False,3.268,42.007,3.015,0.189,0.467,0.0,True,2.6,32.7,-1.0,3.928,2.838,5.04,3.939,11.123,False,0.084,3.268,False
pai,pai-v1,13fb89b9,13fb89b9,C,42,4.34,2.4,12.116,0.3,0.0,22,True,2.4,30.39,22,12.274,12.981,0.003,0.518,1.161,49.111,0.042,0.04,0.009,True,0.0,True,False,2.595,42.374,2.894,0.184,0.48,0.0,True,2.4,30.39,-1.2,3.844,2.773,4.982,3.878,11.105,False,0.087,2.595,False
pai,pai-v1,13fb89b9,13fb89b9,C,43,4.44,2.3,12.221,0.328,0.0,22,True,2.3,29.161,22,12.349,12.936,0.004,0.543,0.805,49.04,0.044,0.042,0.012,True,0.0,True,False,1.981,42.662,2.78,0.177,0.467,0.0,True,2.3,29.161,-1.2,3.748,2.701,4.92,3.811,11.088,False,0.084,1.981,False
pai,pai-v1,13fb89b9,13fb89b9,C,44,4.54,2.2,12.32,0.357,0.0,22,True,2.2,28.311,22,12.46,13.163,0.004,0.546,0.492,49.975,0.044,0.042,0.013,True,0.0,True,False,0.361,43.94,2.602,0.167,0.494,0.0,True,2.2,28.311,-1.3,3.641,2.624,4.851,3.737,11.074,False,0.081,0.361,False
pai,pai-v1,13fb89b9,13fb89b9,C,45,4.64,2.1,12.413,0.389,0.0,22,True,2.1,26.962,22,12.531,13.064,0.003,0.548,-0.294,49.724,0.044,0.043,0.013,True,0.0,True,True,0.0,44.475,2.49,0.179,0.52,0.0,True,2.1,26.962,-1.2,3.523,2.54,4.778,3.659,11.062,False,0.078,0.0,True
pai,pai-v1,13fb89b9,13fb89b9,C,46,4.74,2.0,12.501,0.43,0.0,22,True,2.0,26.027,22,12.621,13.241,0.003,0.536,-0.557,50.729,0.042,0.042,0.014,True,0.0,True,True,0.0,45.887,2.331,0.12,0.51,0.0,True,2.0,26.027,-1.3,3.395,2.452,4.698,3.575,11.052,False,0.074,0.0,True
pai,pai-v1,13fb89b9,13fb89b9,C,47,4.84,1.9,12.584,0.475,0.0,22,True,1.8,23.371,22,12.689,13.197,0.003,0.543,-0.929,50.448,0.043,0.042,0.013,True,0.0,True,True,0.0,46.07,2.273,0.099,0.512,0.0,True,1.8,23.371,-1.4,3.257,2.358,4.613,3.485,11.044,False,0.07,0.0,True
pai,pai-v1,13fb89b9,13fb89b9,C,48,4.94,1.8,12.662,0.524,0.0,22,True,1.7,22.144,22,12.764,13.198,0.003,0.528,-1.319,50.512,0.041,0.04,0.011,True,0.0,True,True,0.0,46.217,2.247,0.08,0.504,0.0,True,1.7,22.144,-1.5,3.11,2.258,4.525,3.391,11.037,False,0.067,0.0,True
pai,pai-v1,13fb89b9,13fb89b9,C,49,5.04,1.7,12.734,0.579,0.0,22,True,1.6,20.805,22,12.804,13.137,0.003,0.495,-1.781,50.545,0.039,0.038,0.012,True,0.0,True,True,0.0,46.262,2.225,0.049,0.464,0.0,True,1.6,20.805,-1.4,2.952,2.151,4.436,3.293,11.028,False,0.06,0.0,True
pai,pai-v1,13fb89b9,13fb89b9,C,50,5.14,1.6,12.796,0.641,0.0,22,True,1.5,19.205,22,12.782,12.852,0.003,0.483,-2.019,49.135,0.038,0.035,0.013,True,0.0,True,True,0.0,44.296,2.476,-0.012,0.407,0.0,True,1.5,19.205,-1.5,2.784,2.036,4.347,3.191,11.017,False,0.052,0.0,True
pai,pai-v1,13fb89b9,13fb89b9,C,51,5.24,1.5,12.846,0.709,0.0,22,True,1.4,18.01,22,12.86,12.932,0.003,0.445,-2.405,48.843,0.035,0.032,0.013,True,0.0,True,True,0.0,42.895,2.822,-0.016,0.368,0.0,True,1.4,18.01,-1.5,2.606,1.915,4.26,3.087,11.0,False,0.047,0.0,True
pai,pai-v1,13fb89b9,13fb89b9,C,52,5.34,1.4,12.882,0.784,0.0,22,True,1.3,16.747,22,12.912,12.943,0.002,0.393,-2.631,48.153,0.03,0.028,0.017,True,0.0,True,True,0.0,41.267,3.13,-0.038,0.317,0.0,True,1.3,16.747,-1.6,2.42,1.789,4.174,2.982,10.976,False,0.039,0.0,True
pai,pai-v1,13fb89b9,13fb89b9,C,53,5.44,1.3,12.903,0.868,0.0,22,True,1.2,15.42,22,12.935,12.935,0.002,0.333,-3.117,46.953,0.025,0.024,0.014,True,0.0,True,False,1.173,39.001,3.547,-0.034,0.27,0.0,True,1.2,15.42,-1.5,2.227,1.663,4.087,2.875,10.944,False,0.036,1.173,False
pai,pai-v1,13fb89b9,13fb89b9,C,54,5.54,1.2,12.911,0.959,0.0,22,True,1.1,14.038,22,12.899,12.899,0.003,0.332,-3.314,45.937,0.022,0.019,0.015,True,0.0,True,False,1.451,37.233,3.985,-0.059,0.221,0.0,True,1.1,14.038,-1.5,2.029,1.539,3.996,2.768,10.905,False,0.029,1.451,False
pai,pai-v1,13fb89b9,13fb89b9,C,55,5.64,1.1,12.908,1.058,0.0,22,True,1.0,12.935,22,12.968,12.968,0.002,0.347,-3.6,46.521,0.015,0.014,0.015,True,0.0,True,False,0.503,38.698,3.548,-0.041,0.236,0.0,True,1.0,12.935,-1.5,1.826,1.421,3.9,2.66,10.858,False,0.023,0.503,False
pai,pai-v1,13fb89b9,13fb89b9,C,56,5.74,1.0,12.896,1.162,0.0,22,True,0.9,11.554,22,12.919,12.919,0.003,0.352,-3.746,45.036,0.014,0.009,0.014,True,0.0,True,False,0.835,36.4,3.984,-0.06,0.222,0.0,True,0.9,11.554,-1.5,1.621,1.312,3.798,2.555,10.806,False,0.017,0.835,False
pai,pai-v1,13fb89b9,13fb89b9,C,57,5.84,0.9,12.877,1.273,0.0,22,True,0.8,10.304,22,12.924,12.924,0.003,0.376,-4.033,45.539,0.009,0.004,0.012,True,0.0,True,False,0.137,37.259,3.693,-0.071,0.243,0.0,True,0.8,10.304,-1.5,1.413,1.214,3.69,2.452,10.751,False,0.012,0.137,False
pai,pai-v1,13fb89b9,13fb89b9,C,58,5.94,0.8,12.854,1.387,0.0,22,True,0.7,8.999,22,12.902,12.902,0.003,0.361,-4.048,44.719,0.007,-0.002,0.014,True,0.0,True,False,0.155,36.095,3.962,-0.118,0.247,0.0,True,0.7,8.999,-1.5,1.202,1.125,3.58,2.352,10.693,False,0.004,0.155,False
pai,pai-v1,13fb89b9,13fb89b9,C,59,6.04,0.7,12.829,1.505,0.0,22,True,0.6,7.719,22,12.88,12.88,0.003,0.384,-4.294,45.732,0.001,-0.008,0.014,True,0.0,True,True,0.0,37.702,3.616,-0.096,0.281,0.0,True,0.6,7.719,-1.4,0.987,1.042,3.469,2.256,10.634,False,-0.001,0.0,True
pai,pai-v1,13fb89b9,13fb89b9,C,60,6.14,0.6,12.806,1.627,0.0,22,True,0.5,6.454,22,12.907,12.919,0.003,0.409,-4.491,46.728,-0.003,-0.014,0.014,True,0.0,True,True,0.0,38.007,3.873,-0.118,0.304,0.0,True,0.5,6.454,-1.4,0.768,0.963,3.363,2.163,10.575,True,-0.007,0.0,True
pai,pai-v1,13fb89b9,13fb89b9,C,61,6.24,0.5,12.787,1.749,0.0,22,True,0.4,5.153,22,12.883,12.883,0.003,0.426,-4.58,46.903,-0.007,-0.02,0.013,True,0.0,True,True,0.0,36.675,4.455,-0.129,0.287,0.0,True,0.4,5.153,-1.4,0.543,0.887,3.263,2.075,10.514,True,-0.012,0.0,True
pai,pai-v1,13fb89b9,13fb89b9,C,62,6.34,0.4,12.773,1.87,0.0,22,True,0.3,3.849,22,12.829,12.829,0.003,0.417,-4.541,46.428,-0.014,-0.026,0.016,True,0.0,True,True,0.0,34.564,5.139,-0.16,0.289,0.0,True,0.3,3.849,-1.3,0.313,0.814,3.169,1.992,10.452,True,-0.019,0.0,True
pai,pai-v1,13fb89b9,13fb89b9,C,63,6.44,0.3,12.763,1.99,0.0,22,True,0.2,2.562,22,12.812,12.812,0.003,0.423,-4.558,46.781,-0.018,-0.032,0.014,True,0.0,True,True,0.0,34.478,5.521,-0.154,0.301,0.0,True,0.2,2.562,-1.2,0.075,0.744,3.083,1.914,10.386,True,-0.021,0.0,True
pai,pai-v1,13fb89b9,13fb89b9,C,64,6.54,0.2,12.753,2.107,0.0,22,True,0.1,1.286,22,12.859,12.859,0.003,0.452,-4.586,47.379,-0.024,-0.036,0.011,True,0.0,True,True,0.0,35.295,5.292,-0.157,0.331,0.0,True,0.1,1.286,-1.2,-0.17,0.679,3.004,1.841,10.317,True,-0.022,0.0,True
pai,pai-v1,13fb89b9,13fb89b9,C,65,6.64,0.1,12.746,2.221,0.0,22,True,0.0,0.0,22,12.86,12.904,0.003,0.459,-4.356,47.718,-0.027,-0.04,0.011,True,0.0,True,True,0.0,36.573,4.926,-0.131,0.351,0.0,True,0.0,0.0,-1.2,-0.422,0.619,2.93,1.774,10.243,True,-0.024,0.0,True
pai,pai-v1,9ea70552,9ea70552,C,0,0.17,12.5,10.685,0.002,1.108,27,False,,,,10.863,11.033,0.01,1.037,21.231,41.327,0.078,0.061,-0.013,False,1.149,False,False,1.115,38.67,0.916,-0.04,0.945,9.0,False,,,0.0,59.173,13.209,16.584,14.896,13.967,False,0.0,9.0,False
pai,pai-v1,9ea70552,9ea70552,C,1,0.27,12.4,10.653,0.003,1.112,27,False,,,,10.79,10.903,0.012,1.147,23.537,41.136,0.073,0.067,-0.009,False,1.125,False,False,1.085,40.154,0.357,-0.096,1.124,9.0,False,,,0.0,59.481,13.349,16.713,15.031,13.96,False,0.0,9.0,False
pai,pai-v1,9ea70552,9ea70552,C,2,0.37,12.3,10.618,0.002,1.106,27,False,,,,10.684,10.847,0.01,1.109,21.76,42.714,0.074,0.076,-0.012,False,1.106,False,False,1.103,39.917,1.196,0.138,1.052,9.0,False,,,0.0,59.787,13.527,16.888,15.208,13.949,False,0.0,9.0,False
pai,pai-v1,9ea70552,9ea70552,C,3,0.47,12.2,10.596,0.001,1.093,27,False,,,,10.751,11.225,0.01,1.14,22.04,43.823,0.076,0.086,0.004,False,1.093,False,False,1.08,39.6,1.512,-0.011,0.983,9.0,False,,,0.0,60.094,13.723,17.087,15.405,13.931,False,0.0,9.0,False
pai,pai-v1,9ea70552,9ea70552,C,4,0.57,12.1,10.583,0.001,1.07,27,False,,,,10.743,11.208,0.008,1.011,19.086,44.085,0.07,0.092,0.02,False,1.089,False,False,1.046,38.672,1.896,-0.003,0.82,9.0,False,,,0.0,60.403,13.875,17.249,15.562,13.911,False,0.0,9.0,False
pai,pai-v1,9ea70552,9ea70552,C,5,0.67,12.0,10.554,0.001,1.08,27,False,,,,10.687,10.813,0.008,0.913,18.42,41.956,0.069,0.093,0.019,False,1.097,False,False,1.096,36.561,1.949,0.21,0.749,9.0,False,,,0.0,60.742,13.915,17.3,15.607,13.89,False,0.0,9.0,False
pai,pai-v1,9ea70552,9ea70552,C,6,0.77,11.9,10.516,0.001,1.109,27,False,,,,10.669,10.79,0.008,0.863,18.294,41.524,0.076,0.088,0.008,False,1.12,False,False,1.119,39.499,0.949,0.303,0.969,9.0,False,,,0.0,61.115,13.822,17.211,15.517,13.87,False,0.0,9.0,False
pai,pai-v1,9ea70552,9ea70552,C,7,0.87,11.8,10.479,0.001,1.161,27,False,,,,10.569,10.569,0.009,0.974,20.288,40.151,0.092,0.081,-0.01,False,1.161,False,False,1.16,36.833,1.353,0.227,1.014,9.0,False,,,0.0,61.51,13.659,17.039,15.349,13.85,False,0.0,9.0,False
pai,pai-v1,9ea70552,9ea70552,C,8,0.97,11.7,10.453,0.001,1.197,27,False,,,,10.587,10.703,0.01,1.075,19.779,41.738,0.102,0.076,-0.023,False,1.2,False,False,1.198,41.186,0.473,-0.031,1.021,9.0,False,,,0.0,61.899,13.498,16.868,15.183,13.829,False,0.0,9.0,False
pai,pai-v1,9ea70552,9ea70552,C,9,1.07,11.6,10.436,-0.0,1.17,27,False,,,,10.577,10.8,0.01,1.113,19.375,42.915,0.105,0.078,-0.027,False,1.17,False,False,1.17,41.032,0.876,-0.159,0.929,9.0,False,,,0.0,62.28,13.41,16.766,15.088,13.806,False,0.0,9.0,False
pai,pai-v1,9ea70552,9ea70552,C,10,1.17,11.5,10.415,-0.001,1.15,27,False,,,,10.554,10.904,0.009,1.029,18.041,43.137,0.097,0.085,-0.025,False,1.15,False,False,1.15,42.566,0.4,-0.195,0.899,9.0,False,,,0.0,62.639,13.382,16.709,15.046,13.779,False,0.0,9.0,False
pai,pai-v1,9ea70552,9ea70552,C,11,1.27,11.4,10.393,-0.001,1.142,27,False,,,,10.502,10.66,0.008,0.923,18.114,42.242,0.088,0.093,-0.014,False,1.142,False,False,1.142,41.513,0.436,-0.109,0.879,9.0,False,,,0.0,62.991,13.399,16.703,15.051,13.746,False,0.0,9.0,False
pai,pai-v1,9ea70552,9ea70552,C,12,1.37,11.3,10.363,-0.0,1.16,27,False,,,,10.505,10.872,0.007,0.871,17.19,43.006,0.078,0.101,0.006,False,1.16,False,False,1.161,40.7,0.958,0.014,0.827,9.0,False,,,0.0,63.342,13.427,16.712,15.069,13.707,False,0.0,9.0,False
pai,pai-v1,9ea70552,9ea70552,C,13,1.47,11.2,10.341,0.0,1.187,27,False,,,,10.494,10.74,0.008,0.892,17.379,42.52,0.073,0.105,0.022,False,1.187,False,False,1.187,42.081,0.382,0.028,0.892,9.0,False,,,0.0,63.699,13.398,16.667,15.032,13.662,False,0.0,9.0,False
pai,pai-v1,9ea70552,9ea70552,C,14,1.57,11.1,10.308,0.001,1.221,27,False,,,,10.479,10.677,0.007,0.836,16.561,42.378,0.076,0.105,0.026,False,1.221,False,False,1.221,42.348,0.341,0.023,0.892,9.0,False,,,0.0,64.094,13.207,16.442,14.824,13.612,False,0.0,9.0,False
pai,pai-v1,9ea70552,9ea70552,C,15,1.67,11.0,10.263,0.0,1.26,27,False,,,,10.398,10.491,0.009,0.922,16.966,40.746,0.089,0.105,0.012,False,1.26,False,False,1.259,42.781,0.33,-0.056,1.035,9.0,False,,,0.0,64.507,12.891,16.104,14.497,13.558,False,0.0,9.0,False
pai,pai-v1,9ea70552,9ea70552,C,16,1.77,10.9,10.227,-0.001,1.299,27,False,,,,10.355,10.619,0.01,1.027,16.271,42.163,0.099,0.104,0.008,False,1.299,False,False,1.3,44.283,0.604,-0.169,1.026,9.0,False,,,0.0,64.928,12.549,15.729,14.139,13.505,False,0.0,9.0,False
pai,pai-v1,9ea70552,9ea70552,C,17,1.87,10.8,10.206,-0.002,1.337,27,False,,,,10.32,10.596,0.011,1.148,18.009,42.118,0.111,0.103,0.002,False,1.337,False,False,1.339,43.828,0.563,-0.364,0.969,9.0,False,,,0.0,65.335,12.262,15.386,13.824,13.451,False,0.0,9.0,False
pai,pai-v1,9ea70552,9ea70552,C,18,1.97,10.7,10.205,-0.004,1.373,27,False,,,,10.343,10.78,0.011,1.139,17.356,42.614,0.11,0.104,0.01,False,1.373,False,False,1.375,44.67,0.726,-0.47,0.885,9.0,False,,,0.0,65.721,12.033,15.116,13.574,13.399,False,0.0,9.0,False
pai,pai-v1,9ea70552,9ea70552,C,19,2.07,10.6,10.216,-0.006,1.414,27,False,,,,10.35,10.988,0.009,1.016,14.994,43.077,0.098,0.103,0.016,False,1.414,False,False,1.417,43.887,0.353,-0.328,0.856,9.0,False,,,0.0,66.116,11.726,14.76,13.243,13.346,False,0.0,9.0,False
pai,pai-v1,9ea70552,9ea70552,C,20,2.17,10.5,10.242,-0.005,1.461,27,False,,,,10.418,11.585,0.009,0.955,12.325,44.529,0.092,0.1,0.018,False,1.461,False,False,1.465,44.091,0.261,-0.151,0.931,9.0,False,,,0.0,66.514,11.355,14.341,12.848,13.292,False,0.0,9.0,False
pai,pai-v1,9ea70552,9ea70552,C,21,2.27,10.4,10.286,0.001,1.51,27,False,,,,10.462,11.573,0.009,0.943,12.072,44.619,0.09,0.097,0.013,False,1.51,False,False,1.516,42.964,0.706,-0.096,0.958,9.0,False,,,0.0,66.9,10.976,13.916,12.446,13.233,False,0.0,9.0,False
pai,pai-v1,9ea70552,9ea70552,C,22,2.37,10.3,10.346,0.011,1.564,27,False,,,,10.53,11.648,0.009,0.982,12.085,44.992,0.093,0.094,0.012,False,1.564,False,False,1.57,43.63,0.627,-0.172,0.934,9.0,False,,,0.0,67.268,10.608,13.508,12.058,13.17,False,0.0,9.0,False
pai,pai-v1,9ea70552,9ea70552,C,23,2.47,10.2,10.419,0.025,1.62,27,False,,,,10.577,11.588,0.009,1.017,11.43,44.957,0.096,0.092,0.008,False,1.62,False,False,1.627,44.682,0.419,-0.277,0.87,9.0,False,,,0.0,67.617,10.25,13.118,11.684,13.103,False,0.0,9.0,False
pai,pai-v1,9ea70552,9ea70552,C,24,2.57,10.1,10.5,0.045,1.694,27,False,,,,10.667,11.886,0.009,0.984,10.847,45.745,0.092,0.089,0.007,False,1.694,False,False,1.701,45.33,0.41,-0.236,0.878,9.0,False,,,0.0,67.945,9.892,12.739,11.315,13.034,False,0.0,9.0,False
pai,pai-v1,9ea70552,9ea70552,C,25,2.67,10.0,10.585,0.066,1.835,27,False,,,,10.742,12.085,0.008,0.923,10.194,46.225,0.086,0.087,0.012,False,1.779,False,False,1.842,46.409,0.228,-0.2,0.852,9.0,False,,,0.0,68.254,9.526,12.367,10.947,12.963,False,0.0,9.0,False
pai,pai-v1,9ea70552,9ea70552,C,26,2.77,9.9,10.674,0.088,2.031,27,False,,,,10.859,12.103,0.008,0.928,10.411,46.573,0.085,0.085,0.011,False,1.847,False,False,2.038,46.391,0.398,-0.287,0.833,9.0,False,,,0.0,68.543,9.159,12.0,10.58,12.891,False,0.0,9.0,False
pai,pai-v1,9ea70552,9ea70552,C,27,2.87,9.8,10.765,0.109,2.264,27,False,,,,10.926,12.137,0.008,0.914,9.469,46.696,0.084,0.083,0.009,False,1.922,False,False,2.271,47.295,0.269,-0.264,0.817,9.0,False,,,0.0,68.811,8.803,11.644,10.223,12.817,False,0.0,9.0,False
pai,pai-v1,9ea70552,9ea70552,C,28,2.97,9.7,10.858,0.131,2.519,27,False,,,,11.035,12.198,0.007,0.895,9.044,47.319,0.081,0.082,0.009,False,2.0,False,False,2.526,47.498,0.301,-0.255,0.784,9.0,False,,,0.0,69.062,8.456,11.286,9.871,12.74,False,0.0,9.0,False
pai,pai-v1,9ea70552,9ea70552,C,29,3.07,9.6,10.954,0.157,2.786,27,False,,,,11.123,12.213,0.007,0.898,8.642,47.459,0.081,0.081,0.007,False,2.064,False,False,2.794,47.906,0.294,-0.237,0.793,9.0,False,,,0.0,69.296,8.122,10.92,9.521,12.658,False,0.0,9.0,False
pai,pai-v1,9ea70552,9ea70552,C,30,3.17,9.5,11.05,0.188,3.06,27,False,,,,11.215,12.171,0.007,0.898,8.652,47.633,0.08,0.081,0.005,False,2.122,False,False,3.068,47.081,0.578,-0.276,0.782,9.0,False,,,0.0,69.512,7.793,10.542,9.167,12.57,False,0.0,9.0,False
pai,pai-v1,9ea70552,9ea70552,C,31,3.27,9.4,11.147,0.222,2.916,89,False,,,,11.276,11.942,0.007,0.923,8.728,47.169,0.082,0.08,0.002,False,2.187,False,False,3.345,46.262,0.672,-0.293,0.8,9.0,False,,,0.0,69.71,7.459,10.15,8.804,12.477,False,0.0,9.0,False
pai,pai-v1,9ea70552,9ea70552,C,32,3.37,9.3,11.24,0.256,2.847,89,False,,,,11.383,12.071,0.007,0.905,8.449,47.681,0.08,0.08,0.008,False,2.227,False,False,3.624,46.73,0.798,-0.312,0.757,9.0,False,,,0.0,69.891,7.118,9.736,8.427,12.379,False,0.0,9.0,False
pai,pai-v1,9ea70552,9ea70552,C,33,3.47,9.2,11.328,0.293,2.663,89,False,,,,11.414,11.855,0.007,0.941,8.286,46.899,0.082,0.081,0.006,False,2.273,False,False,3.814,45.843,0.829,-0.321,0.768,9.0,False,,,0.0,70.051,6.76,9.313,8.036,12.275,False,0.0,9.0,False
pai,pai-v1,9ea70552,9ea70552,C,34,3.57,9.1,11.409,0.331,2.48,89,False,,,,11.49,11.864,0.007,0.959,8.109,46.958,0.083,0.082,0.004,False,2.314,False,False,3.399,47.249,0.371,-0.264,0.812,9.0,False,,,0.0,70.19,6.39,8.885,7.638,12.17,False,0.0,9.0,False
pai,pai-v1,9ea70552,9ea70552,C,35,3.67,9.0,11.481,0.371,2.177,89,False,,,,11.561,11.945,0.007,0.996,8.219,46.599,0.086,0.084,0.005,False,2.376,False,False,3.131,45.34,0.775,-0.268,0.812,9.0,False,,,0.0,70.308,6.012,8.458,7.235,12.066,False,0.0,9.0,False
pai,pai-v1,9ea70552,9ea70552,C,36,3.77,8.9,11.546,0.411,2.28,89,False,,,,11.649,12.123,0.007,0.985,7.324,47.837,0.085,0.086,0.012,False,2.42,False,False,3.047,48.425,0.279,-0.245,0.849,9.0,False,,,0.0,70.405,5.615,8.02,6.817,11.967,False,0.0,9.0,False
pai,pai-v1,9ea70552,9ea70552,C,37,3.87,8.8,11.607,0.452,2.05,89,False,,,,11.724,12.215,0.007,1.015,7.075,47.254,0.087,0.088,0.01,False,2.483,False,False,2.556,46.108,0.656,-0.154,0.901,9.0,False,,,0.0,70.486,5.188,7.559,6.374,11.873,False,0.0,9.0,False
pai,pai-v1,9ea70552,9ea70552,C,38,3.97,8.7,11.667,0.495,1.949,89,False,,,,11.755,12.176,0.008,1.046,6.458,47.384,0.089,0.09,0.01,False,2.555,False,False,2.337,46.296,0.763,-0.125,0.927,9.0,False,,,0.0,70.549,4.728,7.074,5.901,11.789,False,0.0,9.0,False
pai,pai-v1,9ea70552,9ea70552,C,39,4.07,8.6,11.727,0.54,2.041,89,False,,,,11.835,12.268,0.007,1.045,5.608,47.053,0.088,0.092,0.01,False,2.642,False,False,2.163,46.091,0.54,-0.049,0.982,9.0,False,,,0.0,70.596,4.231,6.558,5.395,11.715,False,0.0,9.0,False
pai,pai-v1,9ea70552,9ea70552,C,40,4.17,8.5,11.788,0.589,2.053,89,False,,,,11.903,12.345,0.007,1.032,4.813,47.669,0.087,0.092,0.009,False,2.734,False,False,2.125,47.249,0.33,-0.026,1.034,9.0,False,,,0.0,70.629,3.703,6.008,4.855,11.651,False,0.0,9.0,False
pai,pai-v1,9ea70552,9ea70552,C,41,4.27,8.4,11.848,0.641,2.049,89,False,,,,11.939,12.318,0.007,1.04,4.061,47.464,0.087,0.092,0.007,False,2.842,False,False,2.028,46.632,0.477,0.017,1.056,9.0,False,,,0.0,70.648,3.143,5.426,4.285,11.596,False,0.0,9.0,False
pai,pai-v1,9ea70552,9ea70552,C,42,4.37,8.3,11.907,0.697,1.907,89,False,,,,11.992,12.352,0.007,1.057,3.556,47.72,0.088,0.09,0.007,False,2.959,False,False,1.933,48.07,0.01,-0.009,1.086,9.0,False,,,0.0,70.654,2.559,4.817,3.688,11.549,False,0.0,9.0,False
pai,pai-v1,9ea70552,9ea70552,C,43,4.47,8.2,11.964,0.756,2.015,89,False,,,,12.038,12.362,0.007,1.027,2.745,47.71,0.085,0.087,0.007,False,3.073,False,False,1.944,46.877,0.535,0.056,1.044,9.0,False,,,0.0,70.647,1.963,4.185,3.074,11.508,False,0.0,9.0,False
pai,pai-v1,9ea70552,9ea70552,C,44,4.57,8.1,12.016,0.819,1.835,89,False,,,,12.058,12.247,0.007,1.043,2.388,47.362,0.086,0.084,0.0,False,3.219,False,False,1.792,46.934,0.395,0.032,1.04,9.0,False,,,0.0,70.629,1.366,3.536,2.451,11.47,False,0.0,9.0,False
pai,pai-v1,9ea70552,9ea70552,C,45,4.67,8.0,12.064,0.886,1.925,89,False,,,,12.13,12.335,0.007,0.959,1.638,47.757,0.079,0.08,0.002,False,3.332,False,False,1.855,47.041,0.492,0.057,0.986,9.0,False,,,0.0,70.602,0.78,2.879,1.829,11.432,True,0.0,9.0,False
pai,pai-v1,9ea70552,9ea70552,C,46,4.77,7.9,12.106,0.957,1.875,89,False,,,,12.161,12.355,0.006,0.9,1.249,47.748,0.074,0.074,0.003,False,3.44,False,False,1.839,47.337,0.381,0.044,0.924,9.0,False,,,0.0,70.561,0.196,2.228,1.212,11.391,True,0.0,9.0,False
pai,pai-v1,9ea70552,9ea70552,C,47,4.87,7.8,12.145,1.029,1.873,89,False,,,,12.226,12.456,0.006,0.824,0.538,47.863,0.067,0.068,0.001,False,3.542,False,False,1.818,47.083,0.504,0.066,0.87,9.0,False,,,0.0,70.507,-0.375,1.591,0.608,11.343,True,0.0,9.0,False
pai,pai-v1,9ea70552,9ea70552,C,48,4.97,7.7,12.181,1.104,1.846,89,False,,,,12.194,12.34,0.005,0.747,0.096,47.235,0.061,0.061,-0.005,False,3.659,False,False,1.868,46.744,0.475,0.003,0.775,9.0,False,,,0.0,70.433,-0.938,0.991,0.027,11.286,True,0.0,9.0,False
pai,pai-v1,9ea70552,9ea70552,C,49,5.07,7.6,12.213,1.182,1.873,89,False,,,,12.229,12.39,0.004,0.626,-0.388,47.644,0.051,0.053,-0.002,False,3.747,False,False,1.871,46.519,0.713,0.012,0.652,9.0,False,,,0.0,70.329,-1.508,0.454,-0.527,11.215,True,0.0,9.0,False
pai,pai-v1,9ea70552,9ea70552,C,50,5.17,7.5,12.243,1.265,1.83,89,False,,,,12.313,12.602,0.004,0.545,-0.799,47.626,0.044,0.044,-0.007,False,3.854,False,False,1.845,47.564,0.178,-0.004,0.595,9.0,False,,,0.0,70.216,-2.03,-0.057,-1.043,11.127,True,0.0,9.0,False
pai,pai-v1,9ea70552,9ea70552,C,51,5.27,7.4,12.272,1.352,1.86,89,False,,,,12.328,12.492,0.003,0.427,-1.173,47.21,0.035,0.035,-0.002,False,3.942,False,False,1.882,46.182,0.646,-0.007,0.46,9.0,False,,,0.0,70.091,-2.498,-0.523,-1.511,11.022,True,0.0,9.0,False
pai,pai-v1,9ea70552,9ea70552,C,52,5.37,7.3,12.301,1.442,1.834,89,False,,,,12.36,12.516,0.002,0.367,-1.613,46.876,0.03,0.027,-0.009,False,4.057,False,False,1.867,45.982,0.66,-0.02,0.38,9.0,False,,,0.0,69.951,-2.908,-0.937,-1.923,10.896,True,0.0,9.0,False
pai,pai-v1,9ea70552,9ea70552,C,53,5.47,7.2,12.33,1.534,1.92,89,False,,,,12.429,12.613,0.002,0.233,-2.11,48.5,0.019,0.019,-0.004,False,4.124,False,False,1.909,49.985,0.393,-0.0,0.271,9.0,False,,,0.0,69.794,-3.258,-1.287,-2.273,10.75,False,0.0,9.0,False
pai,pai-v1,9ea70552,9ea70552,C,54,5.57,7.1,12.36,1.627,1.853,89,False,,,,12.464,12.652,0.001,0.234,-2.21,47.6,0.015,0.011,-0.008,False,3.726,False,False,1.883,48.113,0.282,-0.037,0.247,9.0,False,,,0.0,69.615,-3.553,-1.567,-2.56,10.582,False,0.0,9.0,False
pai,pai-v1,9ea70552,9ea70552,C,55,5.67,7.0,12.392,1.718,1.896,89,False,,,,12.492,12.755,0.002,0.273,-2.659,49.574,0.008,0.005,-0.006,False,1.988,False,False,1.892,51.563,0.901,-0.011,0.278,9.0,False,,,0.0,69.415,-3.788,-1.776,-2.782,10.394,False,0.0,9.0,False
pai,pai-v1,9ea70552,9ea70552,C,56,5.77,6.9,12.425,1.801,1.872,89,False,,,,12.465,12.532,0.002,0.261,-2.645,48.103,0.005,-0.001,-0.005,False,1.881,False,False,1.909,47.658,0.106,-0.037,0.241,9.0,False,,,0.0,69.192,-3.967,-1.925,-2.946,10.189,False,0.0,9.0,False
pai,pai-v1,9ea70552,9ea70552,C,57,5.87,6.8,12.456,1.868,1.899,89,False,,,,12.48,12.541,0.002,0.274,-2.894,48.913,-0.001,-0.006,-0.002,False,1.973,False,False,1.928,47.439,0.599,-0.013,0.229,9.0,False,,,0.0,68.946,-4.094,-2.022,-3.058,9.968,False,0.0,9.0,False
pai,pai-v1,9ea70552,9ea70552,C,58,5.97,6.7,12.485,1.916,1.894,89,False,,,,12.567,12.772,0.002,0.27,-2.805,49.274,-0.005,-0.01,-0.004,False,1.913,False,False,1.923,48.185,0.47,-0.019,0.254,9.0,False,,,0.0,68.678,-4.17,-2.075,-3.123,9.736,False,0.0,9.0,False
pai,pai-v1,9ea70552,9ea70552,C,59,6.07,6.6,12.511,1.944,1.866,89,False,,,,12.599,12.757,0.002,0.25,-2.723,48.697,-0.007,-0.013,-0.009,False,1.819,False,False,1.9,46.234,1.083,-0.018,0.233,9.0,False,,,0.0,68.389,-4.194,-2.093,-3.143,9.496,False,0.0,9.0,False
pai,pai-v1,9ea70552,9ea70552,C,60,6.17,6.5,12.539,1.946,1.888,89,False,,,,12.683,12.984,0.002,0.27,-2.687,49.514,-0.011,-0.016,-0.008,False,1.852,False,False,1.933,46.979,1.129,-0.041,0.268,9.0,False,,,0.0,68.078,-4.172,-2.081,-3.126,9.251,False,0.0,9.0,False
pai,pai-v1,9ea70552,9ea70552,C,61,6.27,6.4,12.571,1.925,1.88,89,False,,,,12.665,12.813,0.002,0.254,-2.616,48.524,-0.013,-0.018,-0.011,False,1.825,False,False,1.932,45.526,1.42,-0.044,0.254,9.0,False,,,0.0,67.742,-4.118,-2.046,-3.082,9.0,False,0.0,9.0,False
pai,pai-v1,9ea70552,9ea70552,C,62,6.37,6.3,12.605,1.883,1.887,89,False,,,,12.722,12.873,0.002,0.255,-2.519,48.037,-0.018,-0.02,-0.013,False,1.828,False,False,1.92,45.068,1.327,-0.028,0.253,9.0,False,,,0.0,67.379,-4.04,-1.99,-3.015,8.746,False,0.0,9.0,False
pai,pai-v1,9ea70552,9ea70552,C,63,6.47,6.2,12.641,1.82,1.89,89,False,,,,12.743,12.866,0.001,0.24,-2.383,48.134,-0.019,-0.022,-0.016,False,1.802,False,False,1.92,45.808,1.015,-0.033,0.252,9.0,False,,,0.0,66.986,-3.947,-1.913,-2.93,8.488,False,0.0,9.0,False
pai,pai-v1,9ea70552,9ea70552,C,64,6.57,6.1,12.677,1.743,1.897,89,False,,,,12.857,13.129,0.002,0.254,-2.222,49.388,-0.02,-0.024,-0.016,False,1.804,False,False,1.915,47.672,0.666,-0.022,0.257,9.0,False,,,0.0,66.563,-3.844,-1.817,-2.83,8.223,False,0.0,9.0,False
pai,pai-v1,9ea70552,9ea70552,C,65,6.67,6.0,12.714,1.657,1.908,89,False,,,,12.833,13.008,0.002,0.259,-2.15,49.296,-0.02,-0.025,-0.013,False,1.83,False,False,1.927,47.481,0.87,-0.015,0.266,9.0,False,,,0.0,66.106,-3.73,-1.698,-2.714,7.949,False,0.0,9.0,False
pai,pai-v1,9ea70552,9ea70552,C,66,6.77,5.9,12.753,1.567,1.909,89,False,,,,12.816,12.908,0.002,0.261,-1.986,48.661,-0.02,-0.026,-0.014,False,1.833,False,False,1.934,47.417,0.655,-0.033,0.282,9.0,False,,,0.0,65.618,-3.599,-1.556,-2.578,7.664,False,0.0,9.0,False
pai,pai-v1,9ea70552,9ea70552,C,67,6.87,5.8,12.789,1.474,1.91,89,False,,,,12.827,12.889,0.002,0.259,-1.891,48.856,-0.02,-0.027,-0.014,False,1.846,False,False,1.937,47.204,0.898,-0.039,0.279,9.0,False,,,0.0,65.096,-3.455,-1.4,-2.428,7.369,False,0.0,9.0,False
pai,pai-v1,9ea70552,9ea70552,C,68,6.97,5.7,12.819,1.379,1.916,89,False,,,,12.872,12.972,0.001,0.245,-1.718,48.667,-0.019,-0.027,-0.015,False,1.855,False,False,1.945,46.859,0.919,-0.056,0.301,9.0,False,,,0.0,64.542,-3.298,-1.238,-2.268,7.066,False,0.0,9.0,False
pai,pai-v1,9ea70552,9ea70552,C,69,7.07,5.6,12.844,1.284,1.923,89,False,,,,12.904,13.044,0.001,0.244,-1.578,49.26,-0.019,-0.027,-0.014,False,1.878,False,False,1.948,47.589,0.857,-0.055,0.317,9.0,False,,,0.0,63.956,-3.136,-1.081,-2.109,6.756,False,0.0,9.0,False
pai,pai-v1,9ea70552,9ea70552,C,70,7.17,5.5,12.866,1.19,1.925,89,False,,,,12.922,13.029,0.001,0.25,-1.414,48.871,-0.019,-0.027,-0.016,False,1.889,False,False,1.946,47.433,0.743,-0.042,0.297,9.0,False,,,0.0,63.34,-2.959,-0.925,-1.942,6.443,True,0.0,9.0,False
pai,pai-v1,9ea70552,9ea70552,C,71,7.27,5.4,12.887,1.099,1.924,89,False,,,,12.971,13.099,0.001,0.245,-1.277,48.959,-0.019,-0.027,-0.017,False,1.901,False,False,1.942,46.908,0.934,-0.027,0.289,9.0,False,,,0.0,62.692,-2.772,-0.766,-1.769,6.13,True,0.0,9.0,False
pai,pai-v1,9ea70552,9ea70552,C,72,7.37,5.3,12.908,1.013,1.922,89,False,,,,12.999,13.162,0.001,0.228,-1.093,49.436,-0.018,-0.027,-0.015,False,1.922,False,False,1.937,47.07,1.045,-0.032,0.289,9.0,False,,,0.0,62.01,-2.586,-0.606,-1.596,5.82,True,0.0,9.0,False
pai,pai-v1,9ea70552,9ea70552,C,73,7.47,5.2,12.93,0.93,1.945,89,False,,,,12.978,13.033,0.001,0.244,-0.981,48.856,-0.019,-0.026,-0.015,False,1.945,False,False,1.959,46.968,0.823,-0.018,0.283,9.0,False,,,0.0,61.293,-2.4,-0.442,-1.421,5.515,True,0.0,9.0,False
pai,pai-v1,9ea70552,9ea70552,C,74,7.57,5.1,12.953,0.855,1.974,89,False,,,,13.042,13.192,0.001,0.208,-0.766,48.995,-0.016,-0.025,-0.016,False,1.974,False,False,1.988,45.032,1.902,-0.028,0.246,9.0,False,,,0.0,60.542,-2.22,-0.274,-1.247,5.217,True,0.0,9.0,False
pai,pai-v1,9ea70552,9ea70552,C,75,7.67,5.0,12.976,0.788,3.832,89,False,,,,13.075,13.254,0.001,0.212,-0.623,49.251,-0.016,-0.024,-0.015,False,3.832,False,False,3.831,46.442,1.318,-0.016,0.244,9.0,False,,,0.0,59.755,-2.048,-0.104,-1.076,4.927,True,0.0,9.0,False
pai,pai-v1,9ea70552,9ea70552,C,76,7.77,4.9,13.003,0.728,5.755,88,False,,,,13.146,13.45,0.001,0.186,-0.433,49.784,-0.014,-0.023,-0.017,False,4.735,False,False,5.774,43.923,2.806,-0.014,0.219,9.0,False,,,0.0,58.936,-1.884,0.066,-0.909,4.647,True,0.0,9.0,False
pai,pai-v1,9ea70552,9ea70552,C,77,7.87,4.8,13.036,0.673,5.751,88,False,,,,13.211,13.516,0.001,0.173,-0.316,49.853,-0.013,-0.02,-0.017,False,4.711,False,False,5.769,44.961,2.304,-0.016,0.215,9.0,False,,,0.0,58.085,-1.726,0.235,-0.746,4.378,True,0.0,9.0,False
pai,pai-v1,9ea70552,9ea70552,C,78,7.97,4.7,13.076,0.625,5.781,88,False,,,,13.214,13.489,0.001,0.141,-0.187,49.588,-0.011,-0.018,-0.018,False,4.716,False,False,5.801,42.627,3.339,-0.014,0.171,9.0,False,,,0.0,57.203,-1.579,0.393,-0.593,4.117,True,0.0,9.0,False
pai,pai-v1,9ea70552,9ea70552,C,79,8.07,4.6,13.122,0.579,5.998,88,False,,,,13.236,13.421,0.001,0.134,0.017,49.054,-0.01,-0.016,-0.019,False,4.691,False,False,6.016,43.346,2.749,-0.003,0.172,9.0,False,,,0.0,56.293,-1.44,0.535,-0.453,3.866,True,0.0,9.0,False
pai,pai-v1,9ea70552,9ea70552,C,80,8.17,4.5,13.168,0.538,9.0,,False,,,,13.266,13.453,0.001,0.097,0.141,49.202,-0.007,-0.014,-0.02,False,4.692,False,False,9.0,41.381,3.661,0.002,0.136,9.0,False,,,0.0,55.353,-1.315,0.66,-0.327,3.622,True,0.0,9.0,False
pai,pai-v1,9ea70552,9ea70552,C,81,8.27,4.4,13.211,0.501,9.0,,False,,,,13.281,13.351,0.0,0.084,0.272,48.638,-0.006,-0.013,-0.018,False,4.681,False,False,9.0,44.213,1.868,0.015,0.111,9.0,False,,,0.0,54.385,-1.204,0.766,-0.219,3.388,True,0.0,9.0,False
pai,pai-v1,9ea70552,9ea70552,C,82,8.37,4.3,13.248,0.467,9.0,,False,,,,13.357,13.534,0.0,0.073,0.378,48.641,-0.004,-0.011,-0.019,False,4.674,False,False,9.0,41.377,3.03,0.018,0.086,9.0,False,,,0.0,53.391,-1.107,0.855,-0.126,3.162,True,0.0,9.0,False
pai,pai-v1,9ea70552,9ea70552,C,83,8.47,4.2,13.279,0.436,9.0,,False,,,,13.363,13.423,0.0,0.085,0.489,47.494,-0.003,-0.009,-0.019,False,4.672,False,False,9.0,42.113,1.98,0.011,0.079,9.0,False,,,0.0,52.371,-1.018,0.934,-0.042,2.943,True,0.0,9.0,False
pai,pai-v1,9ea70552,9ea70552,C,84,8.57,4.1,13.307,0.408,4.091,17,False,,,,13.459,13.716,0.0,0.077,0.291,49.738,-0.002,-0.008,-0.016,False,1.575,False,False,9.0,43.186,2.578,0.025,0.085,4.091,False,,,0.0,51.327,-0.941,1.001,0.03,2.731,True,0.0,9.0,False
pai,pai-v1,9ea70552,9ea70552,C,85,8.67,4.0,13.335,0.382,5.604,17,False,,,,13.468,13.599,0.001,0.1,0.691,46.893,0.001,-0.006,-0.019,False,3.348,False,False,9.0,40.954,2.274,0.008,0.091,5.604,False,,,0.0,50.26,-0.874,1.057,0.092,2.525,True,0.0,9.0,False
pai,pai-v1,9ea70552,9ea70552,C,86,8.77,3.9,13.364,0.358,2.447,17,False,,,,13.493,13.68,0.0,0.084,0.612,48.72,0.002,-0.005,-0.014,False,0.432,False,False,9.0,40.257,3.385,0.017,0.081,2.447,False,,,0.0,49.17,-0.816,1.105,0.144,2.328,True,0.0,9.0,False
pai,pai-v1,9ea70552,9ea70552,C,87,8.87,3.8,13.393,0.336,3.37,17,False,,,,13.521,13.644,0.001,0.099,0.768,46.462,0.002,-0.004,-0.018,False,1.576,False,False,9.0,39.357,2.76,0.012,0.087,3.37,False,,,0.0,48.053,-0.779,1.15,0.185,2.139,True,0.0,9.0,False
pai,pai-v1,9ea70552,9ea70552,C,88,8.97,3.7,13.421,0.316,1.137,17,False,,,,13.551,13.665,0.0,0.087,0.777,47.356,0.003,-0.003,-0.013,True,0.0,False,False,9.0,38.35,3.567,0.021,0.083,1.137,False,,,0.0,46.91,-0.76,1.198,0.219,1.958,True,0.0,9.0,False
pai,pai-v1,9ea70552,9ea70552,C,89,9.07,3.6,13.447,0.297,1.273,17,False,,,,13.584,13.686,0.001,0.094,0.794,45.877,0.002,-0.002,-0.016,True,0.0,False,False,9.0,38.33,2.895,0.008,0.087,1.273,False,,,0.0,45.748,-0.745,1.234,0.245,1.787,True,0.0,9.0,False
pai,pai-v1,9ea70552,9ea70552,C,90,9.17,3.5,13.471,0.281,0.0,17,True,3.9,46.276,17,13.622,13.776,0.0,0.088,0.894,47.128,0.002,-0.001,-0.017,True,0.0,True,False,9.0,36.622,3.95,0.019,0.081,0.0,True,3.9,46.276,2.0,44.572,-0.724,1.256,0.266,1.626,True,0.0,9.0,False
pai,pai-v1,9ea70552,9ea70552,C,91,9.27,3.4,13.491,0.264,0.0,17,True,4.0,44.663,17,13.619,13.63,0.001,0.101,0.863,44.663,0.004,0.0,-0.019,True,0.0,True,False,9.0,37.107,2.86,0.006,0.091,0.0,True,4.0,44.663,2.0,43.377,-0.709,1.274,0.283,1.475,True,0.0,9.0,False
pai,pai-v1,9ea70552,9ea70552,C,92,9.37,3.3,13.507,0.248,0.0,17,True,3.8,43.239,17,13.574,13.574,0.001,0.097,0.877,44.763,0.003,0.002,-0.018,True,0.0,True,False,9.0,35.86,3.354,0.013,0.083,0.0,True,3.8,43.239,2.0,42.166,-0.698,1.287,0.294,1.334,True,0.0,9.0,False
pai,pai-v1,9ea70552,9ea70552,C,93,9.47,3.2,13.514,0.233,0.0,17,True,3.7,41.898,17,13.614,13.614,0.0,0.09,0.79,44.044,0.002,0.003,-0.021,True,0.0,True,False,5.967,35.799,2.96,0.009,0.084,0.0,True,3.7,41.898,2.0,40.94,-0.694,1.294,0.3,1.2,True,0.0,5.967,False
pai,pai-v1,9ea70552,9ea70552,C,94,9.57,3.1,13.512,0.215,0.0,17,True,3.5,40.846,17,13.605,13.605,0.0,0.082,0.81,44.682,0.002,0.004,-0.021,True,0.0,True,False,5.266,35.152,3.154,0.023,0.087,0.0,True,3.5,40.846,2.1,39.701,-0.696,1.296,0.3,1.075,True,0.27,5.266,False
pai,pai-v1,9ea70552,9ea70552,C,95,9.67,3.0,13.503,0.196,0.0,17,True,3.4,39.171,17,13.654,13.654,0.001,0.095,0.798,43.357,0.005,0.005,-0.019,True,0.0,True,False,4.855,34.216,3.309,0.018,0.088,0.0,True,3.4,39.171,2.0,38.45,-0.703,1.291,0.294,0.958,True,0.314,4.855,False
pai,pai-v1,9ea70552,9ea70552,C,96,9.77,2.9,13.49,0.178,0.0,17,True,3.3,37.742,17,13.583,13.583,0.0,0.089,0.778,42.619,0.006,0.006,-0.016,True,0.0,True,False,4.016,33.711,2.802,0.009,0.087,0.0,True,3.3,37.742,2.1,37.19,-0.716,1.279,0.281,0.847,True,0.288,4.016,False
pai,pai-v1,9ea70552,9ea70552,C,97,9.87,2.8,13.473,0.163,0.0,17,True,3.3,36.358,17,13.581,13.581,0.001,0.108,0.677,40.585,0.008,0.006,-0.015,True,0.0,True,False,4.226,32.155,2.954,0.014,0.094,0.0,True,3.3,36.358,2.0,35.922,-0.733,1.26,0.263,0.743,True,0.296,4.226,False
pai,pai-v1,9ea70552,9ea70552,C,98,9.97,2.7,13.451,0.15,0.0,17,True,3.1,35.076,17,13.573,13.573,0.001,0.118,0.595,40.788,0.009,0.007,-0.014,True,0.0,True,False,4.146,30.891,3.456,0.007,0.093,0.0,True,3.1,35.076,2.0,34.645,-0.753,1.237,0.242,0.645,True,0.272,4.146,False
pai,pai-v1,9ea70552,9ea70552,C,99,10.07,2.6,13.422,0.143,0.0,17,True,3.0,34.018,17,13.554,13.554,0.001,0.125,0.591,40.223,0.009,0.008,-0.012,True,0.0,True,False,3.815,29.877,3.693,0.003,0.095,0.0,True,3.0,34.018,2.0,33.362,-0.775,1.211,0.218,0.554,True,0.275,3.815,False
pai,pai-v1,9ea70552,9ea70552,C,100,10.17,2.5,13.39,0.14,0.0,17,True,2.9,32.797,17,13.535,13.535,0.001,0.123,0.53,39.495,0.009,0.008,-0.013,True,0.0,True,False,3.226,29.124,3.773,-0.003,0.095,0.0,True,2.9,32.797,2.0,32.073,-0.798,1.182,0.192,0.471,True,0.245,3.226,False
pai,pai-v1,9ea70552,9ea70552,C,101,10.27,2.4,13.355,0.143,0.0,17,True,2.7,31.807,17,13.498,13.498,0.001,0.132,0.63,40.941,0.01,0.009,-0.014,True,0.0,True,False,2.155,28.851,4.051,0.004,0.114,0.0,True,2.7,31.807,2.0,30.78,-0.821,1.151,0.165,0.397,True,0.238,2.155,False
pai,pai-v1,9ea70552,9ea70552,C,102,10.37,2.3,13.32,0.149,0.0,17,True,2.5,30.316,17,13.484,13.484,0.001,0.131,0.692,41.496,0.01,0.01,-0.012,True,0.0,True,False,1.345,28.32,4.422,0.002,0.099,0.0,True,2.5,30.316,2.0,29.485,-0.844,1.117,0.136,0.332,True,0.194,1.345,False
pai,pai-v1,9ea70552,9ea70552,C,103,10.47,2.2,13.289,0.158,0.0,17,True,2.3,28.735,17,13.468,13.482,0.002,0.15,1.744,43.034,0.011,0.01,-0.01,True,0.0,True,True,0.0,29.587,4.108,0.015,0.108,0.0,True,2.3,28.735,2.0,28.187,-0.871,1.082,0.105,0.275,True,0.212,0.0,True
pai,pai-v1,9ea70552,9ea70552,C,104,10.57,2.1,13.264,0.169,0.0,17,True,2.2,27.647,17,13.42,13.428,0.002,0.174,2.767,43.142,0.013,0.01,-0.012,True,0.0,True,True,0.0,28.756,4.389,0.037,0.118,0.0,True,2.2,27.647,2.0,26.886,-0.898,1.046,0.074,0.227,True,0.206,0.0,True
pai,pai-v1,9ea70552,9ea70552,C,105,10.67,2.0,13.244,0.183,0.0,17,True,2.1,26.064,17,13.363,13.363,0.003,0.206,3.479,41.637,0.015,0.01,-0.014,True,0.0,True,True,0.0,26.19,4.9,0.041,0.114,0.0,True,2.1,26.064,1.9,25.584,-0.924,1.011,0.044,0.188,True,0.232,0.0,True
pai,pai-v1,9ea70552,9ea70552,C,106,10.77,1.9,13.227,0.198,0.0,17,True,2.0,25.16,17,13.38,13.38,0.002,0.21,2.944,41.851,0.016,0.01,-0.01,True,0.0,True,True,0.0,24.387,5.791,0.04,0.102,0.0,True,2.0,25.16,1.9,24.278,-0.952,0.976,0.012,0.157,True,0.197,0.0,True
pai,pai-v1,9ea70552,9ea70552,C,107,10.87,1.8,13.209,0.212,0.0,17,True,1.9,23.72,17,13.352,13.352,0.002,0.222,3.203,40.934,0.017,0.01,-0.01,True,0.0,True,False,0.08,22.911,6.199,0.062,0.099,0.0,True,1.9,23.72,1.9,22.972,-0.98,0.941,-0.02,0.132,True,0.185,0.08,False
pai,pai-v1,9ea70552,9ea70552,C,108,10.97,1.7,13.187,0.228,0.0,17,True,1.8,22.582,17,13.347,13.347,0.003,0.221,3.525,40.675,0.017,0.01,-0.011,True,0.0,True,True,0.0,21.768,6.679,0.097,0.107,0.0,True,1.8,22.582,1.9,21.663,-1.012,0.913,-0.049,0.114,True,0.148,0.0,True
pai,pai-v1,9ea70552,9ea70552,C,109,11.07,1.6,13.161,0.248,0.0,17,True,1.7,21.385,17,13.322,13.322,0.004,0.285,5.255,40.306,0.017,0.009,-0.011,True,0.0,True,True,0.0,20.832,6.96,0.167,0.1,0.0,True,1.7,21.385,1.9,20.354,-1.043,0.888,-0.078,0.099,True,0.133,0.0,True
pai,pai-v1,9ea70552,9ea70552,C,110,11.17,1.5,13.132,0.27,0.0,17,True,1.5,19.367,17,13.326,13.326,0.005,0.379,6.68,41.392,0.018,0.008,-0.012,True,0.0,True,True,0.0,21.402,7.052,0.217,0.09,0.0,True,1.5,19.367,1.9,19.047,-1.073,0.865,-0.104,0.088,True,0.119,0.0,True
pai,pai-v1,9ea70552,9ea70552,C,111,11.27,1.4,13.102,0.29,0.0,17,True,1.4,17.857,17,13.265,13.265,0.004,0.25,4.635,39.595,0.015,0.007,-0.014,True,0.0,True,True,0.0,20.553,6.845,0.167,0.077,0.0,True,1.4,17.857,1.9,17.742,-1.102,0.845,-0.129,0.078,True,0.08,0.0,True
pai,pai-v1,9ea70552,9ea70552,C,112,11.37,1.3,13.07,0.308,0.0,17,True,1.3,16.773,17,13.257,13.257,0.004,0.282,5.001,41.014,0.014,0.006,-0.017,True,0.0,True,True,0.0,21.595,6.963,0.192,0.071,0.0,True,1.3,16.773,1.9,16.438,-1.13,0.827,-0.151,0.068,True,0.067,0.0,True
pai,pai-v1,9ea70552,9ea70552,C,113,11.47,1.2,13.037,0.324,0.0,17,True,1.2,15.532,17,13.227,13.227,0.003,0.211,3.712,40.615,0.013,0.005,-0.02,True,0.0,True,True,0.0,20.71,7.272,0.167,0.062,0.0,True,1.2,15.532,1.9,15.136,-1.154,0.814,-0.17,0.056,True,0.05,0.0,True
pai,pai-v1,9ea70552,9ea70552,C,114,11.57,1.1,13.007,0.337,0.0,17,True,1.1,14.464,17,13.222,13.24,0.003,0.281,4.569,44.019,0.012,0.004,-0.02,True,0.0,True,True,0.0,21.491,8.139,0.203,0.042,0.0,True,1.1,14.464,1.9,13.837,-1.175,0.803,-0.186,0.044,True,0.038,0.0,True
pai,pai-v1,9ea70552,9ea70552,C,115,11.67,1.0,12.98,0.345,0.0,17,True,1.0,13.17,17,13.204,13.204,0.001,0.136,2.109,42.449,0.01,0.003,-0.023,True,0.0,True,True,0.0,18.559,8.988,0.136,0.027,0.0,True,1.0,13.17,1.9,12.539,-1.194,0.795,-0.199,0.03,True,0.024,0.0,True
pai,pai-v1,9ea70552,9ea70552,C,116,11.77,0.9,12.962,0.361,0.0,17,True,0.9,11.897,17,13.197,13.245,0.002,0.213,3.489,43.938,0.011,0.002,-0.023,True,0.0,True,True,0.0,20.507,8.726,0.18,0.032,0.0,True,0.9,11.897,1.9,11.242,-1.208,0.79,-0.209,0.017,True,0.025,0.0,True
pai,pai-v1,9ea70552,9ea70552,C,117,11.87,0.8,12.951,0.371,0.0,17,True,0.8,10.584,17,13.187,13.3,0.002,0.212,3.332,45.585,0.01,0.001,-0.023,True,0.0,True,True,0.0,18.127,10.561,0.209,0.017,0.0,True,0.8,10.584,1.9,9.946,-1.222,0.787,-0.217,0.007,True,0.02,0.0,True
pai,pai-v1,9ea70552,9ea70552,C,118,11.97,0.7,12.95,0.387,0.0,17,True,0.7,9.227,17,13.151,13.256,0.003,0.368,5.263,46.972,0.011,-0.0,-0.023,True,0.0,True,True,0.0,21.542,9.502,0.233,0.027,0.0,True,0.7,9.227,1.9,8.649,-1.231,0.786,-0.222,0.007,True,0.014,0.0,True
pai,pai-v1,9ea70552,9ea70552,C,119,12.07,0.6,12.96,0.401,0.0,17,True,0.6,7.942,17,13.207,13.384,0.002,0.262,2.729,48.212,0.008,-0.002,-0.024,True,0.0,True,True,0.0,21.101,10.223,0.101,0.028,0.0,True,0.6,7.942,1.9,7.352,-1.238,0.786,-0.226,0.008,True,0.005,0.0,True
pai,pai-v1,9ea70552,9ea70552,C,120,12.17,0.5,12.979,0.412,0.0,17,True,0.5,6.581,17,13.163,13.419,0.003,0.439,4.475,50.558,0.007,-0.003,-0.024,True,0.0,True,True,0.0,25.674,9.154,0.133,0.061,0.0,True,0.5,6.581,1.9,6.053,-1.244,0.788,-0.228,0.005,True,-0.001,0.0,True
pai,pai-v1,9ea70552,9ea70552,C,121,12.27,0.4,13.009,0.422,0.0,17,True,0.4,5.275,17,13.187,13.415,0.004,0.6,6.197,50.836,0.007,-0.005,-0.019,True,0.0,True,True,0.0,21.201,11.205,0.255,0.045,0.0,True,0.4,5.275,1.9,4.753,-1.246,0.789,-0.229,0.005,True,-0.009,0.0,True
pai,pai-v1,9ea70552,9ea70552,C,122,12.37,0.3,13.049,0.436,0.0,17,True,0.3,3.971,17,13.237,13.654,0.007,1.083,9.161,53.29,0.009,-0.006,-0.025,True,0.0,True,True,0.0,20.085,12.524,0.368,0.054,0.0,True,0.3,3.971,1.9,3.451,-1.246,0.791,-0.227,0.014,True,-0.001,0.0,True
pai,pai-v1,9ea70552,9ea70552,C,123,12.47,0.2,13.099,0.44,0.0,17,True,0.2,2.655,17,13.276,13.967,0.02,3.256,36.156,53.351,0.01,-0.01,-0.012,True,0.0,True,True,0.0,36.048,7.555,0.898,1.14,0.0,True,0.2,2.655,1.9,2.146,-1.243,0.794,-0.224,0.024,True,-0.014,0.0,True
pai,pai-v1,9ea70552,9ea70552,C,124,12.57,0.1,13.158,0.445,0.0,17,True,0.1,1.324,17,13.236,14.176,0.005,1.015,9.458,55.388,0.0,-0.019,-0.029,True,0.0,True,True,0.0,41.793,6.271,0.197,0.201,0.0,True,0.1,1.324,1.9,0.838,-1.239,0.797,-0.221,0.031,True,-0.002,0.0,True
pai,pai-v1,a28b6685,a28b6685,C,0,0.04,4.0,0.272,-0.001,0.0,16,True,3.6,2.103,16,0.284,0.711,0.12,0.059,11.989,2.309,0.036,0.065,0.008,True,0.0,True,False,1.622,0.509,0.831,0.123,0.0,0.0,True,3.6,2.103,0.5,1.986,-1.239,0.777,-0.231,0.067,True,0.0,1.622,False
pai,pai-v1,a28b6685,a28b6685,C,1,0.14,3.9,0.276,-0.005,0.191,16,False,,,,0.306,0.633,0.126,0.049,10.852,1.913,0.041,0.067,0.01,False,0.042,False,False,1.421,0.751,0.677,0.151,0.0,0.191,False,,,0.0,1.955,-1.296,0.742,-0.277,0.066,True,0.0,1.421,False
pai,pai-v1,a28b6685,a28b6685,C,2,0.24,3.8,0.284,-0.007,0.0,16,True,3.8,2.098,16,0.329,0.711,0.099,0.044,8.297,2.194,0.038,0.07,0.013,True,0.0,True,False,1.701,0.271,0.933,0.089,0.0,0.0,True,3.8,2.098,0.7,1.927,-1.36,0.697,-0.332,0.063,True,0.0,1.701,False
pai,pai-v1,a28b6685,a28b6685,C,3,0.34,3.7,0.292,-0.008,0.313,16,False,,,,0.328,0.509,0.103,0.023,5.946,1.73,0.04,0.073,0.015,False,0.145,False,False,1.65,0.293,0.657,0.075,0.0,0.313,False,,,0.0,1.896,-1.43,0.648,-0.391,0.058,True,0.0,1.65,False
pai,pai-v1,a28b6685,a28b6685,C,4,0.44,3.6,0.303,-0.009,0.0,16,True,3.7,2.03,16,0.362,0.696,0.097,0.032,5.935,2.239,0.038,0.076,0.018,True,0.0,True,False,0.982,1.195,0.557,0.189,0.001,0.0,True,3.7,2.03,1.2,1.862,-1.504,0.596,-0.454,0.049,True,0.0,0.982,False
pai,pai-v1,a28b6685,a28b6685,C,5,0.54,3.5,0.317,-0.01,0.0,16,True,3.6,2.035,16,0.382,0.759,0.115,0.042,7.857,2.339,0.044,0.08,0.022,True,0.0,True,False,0.68,1.505,0.522,0.201,0.005,0.0,True,3.6,2.035,0.8,1.826,-1.574,0.548,-0.513,0.039,True,0.0,0.68,False
pai,pai-v1,a28b6685,a28b6685,C,6,0.64,3.4,0.336,-0.012,0.0,16,True,3.2,1.942,16,0.407,0.753,0.116,0.055,9.544,2.518,0.047,0.087,0.024,True,0.0,True,False,0.86,1.199,0.715,0.158,0.001,0.0,True,3.2,1.942,0.6,1.789,-1.641,0.5,-0.57,0.029,True,0.0,0.86,False
pai,pai-v1,a28b6685,a28b6685,C,7,0.74,3.3,0.359,-0.014,0.0,16,True,2.6,1.866,16,0.433,1.05,0.103,0.058,7.779,3.181,0.045,0.093,0.023,True,0.0,True,False,0.568,1.466,0.857,0.188,0.004,0.0,True,2.6,1.866,0.8,1.748,-1.713,0.448,-0.632,0.021,True,0.0,0.568,False
pai,pai-v1,a28b6685,a28b6685,C,8,0.84,3.2,0.385,-0.016,0.0,16,True,2.2,1.805,16,0.483,1.346,0.102,0.083,9.21,3.902,0.049,0.099,0.025,True,0.0,True,False,0.033,2.049,0.988,0.236,0.01,0.0,True,2.2,1.805,0.7,1.703,-1.792,0.391,-0.7,0.016,True,0.0,0.033,False
pai,pai-v1,a28b6685,a28b6685,C,9,0.94,3.1,0.414,-0.017,0.0,16,True,2.1,1.731,16,0.505,1.404,0.109,0.089,9.17,4.002,0.055,0.104,0.027,True,0.0,True,False,0.139,2.178,0.935,0.268,0.036,0.0,True,2.1,1.731,0.6,1.652,-1.875,0.335,-0.77,0.015,True,0.0,0.139,False
pai,pai-v1,a28b6685,a28b6685,C,10,1.04,3.0,0.444,-0.018,0.0,16,True,2.1,1.697,16,0.527,1.319,0.11,0.088,8.791,3.805,0.058,0.109,0.028,True,0.0,True,False,0.199,2.238,0.895,0.276,0.038,0.0,True,2.1,1.697,0.6,1.596,-1.962,0.279,-0.842,0.016,True,0.0,0.199,False
pai,pai-v1,a28b6685,a28b6685,C,11,1.14,2.9,0.47,-0.019,0.0,16,True,2.1,1.668,16,0.554,1.218,0.119,0.094,10.403,3.606,0.066,0.114,0.03,True,0.0,True,False,0.343,2.161,0.851,0.288,0.044,0.0,True,2.1,1.668,0.4,1.536,-2.053,0.22,-0.916,0.018,True,0.0,0.343,False
pai,pai-v1,a28b6685,a28b6685,C,12,1.24,2.8,0.493,-0.02,0.0,16,True,2.0,1.661,16,0.584,1.359,0.12,0.106,10.299,3.9,0.07,0.117,0.033,True,0.0,True,False,0.437,2.582,0.868,0.319,0.05,0.0,True,2.0,1.661,0.4,1.473,-2.15,0.16,-0.995,0.025,True,0.0,0.437,False
pai,pai-v1,a28b6685,a28b6685,C,13,1.34,2.7,0.512,-0.021,0.0,16,True,2.0,1.601,16,0.589,1.239,0.127,0.101,10.994,3.673,0.075,0.119,0.033,True,0.0,True,False,0.521,2.441,0.808,0.309,0.052,0.0,True,2.0,1.601,0.3,1.407,-2.252,0.099,-1.077,0.034,True,0.0,0.521,False
pai,pai-v1,a28b6685,a28b6685,C,14,1.44,2.6,0.527,-0.021,0.0,16,True,2.3,1.626,16,0.585,1.227,0.152,0.09,7.894,3.301,0.086,0.117,0.039,True,0.0,True,False,0.5,2.861,0.555,0.273,0.054,0.0,True,2.3,1.626,0.1,1.34,-2.357,0.037,-1.16,0.045,True,0.0,0.5,False
pai,pai-v1,a28b6685,a28b6685,C,15,1.54,2.5,0.54,-0.021,0.0,16,True,2.2,1.576,16,0.604,1.153,0.145,0.085,8.162,3.252,0.084,0.113,0.04,True,0.0,True,False,0.482,2.768,0.565,0.281,0.056,0.0,True,2.2,1.576,0.1,1.271,-2.464,-0.025,-1.244,0.053,True,0.0,0.482,False
pai,pai-v1,a28b6685,a28b6685,C,16,1.64,2.4,0.548,-0.022,0.0,16,True,3.4,2.716,16,0.593,1.361,0.165,0.116,6.992,3.507,0.095,0.108,0.04,True,0.0,True,False,0.547,3.101,0.488,0.286,0.061,0.0,True,3.4,2.716,0.2,1.2,-2.573,-0.088,-1.33,0.055,True,0.0,0.547,False
pai,pai-v1,a28b6685,a28b6685,C,17,1.74,2.3,0.555,-0.022,0.0,16,True,3.4,2.786,16,0.601,1.455,0.16,0.131,6.098,3.632,0.095,0.102,0.041,True,0.0,True,False,0.553,3.221,0.502,0.297,0.063,0.0,True,3.4,2.786,0.2,1.127,-2.682,-0.152,-1.417,0.053,True,0.0,0.553,False
pai,pai-v1,a28b6685,a28b6685,C,18,1.84,2.2,0.564,-0.021,0.0,16,True,3.7,3.839,16,0.611,1.81,0.165,0.199,4.759,4.382,0.101,0.098,0.041,True,0.0,True,False,0.561,3.405,0.633,0.282,0.083,0.0,True,3.7,3.839,0.2,1.054,-2.784,-0.212,-1.498,0.045,True,0.0,0.561,False
pai,pai-v1,a28b6685,a28b6685,C,19,1.94,2.1,0.58,-0.021,0.0,16,True,1.6,1.356,16,0.647,1.977,0.142,0.219,3.538,4.877,0.092,0.096,0.037,True,0.0,True,False,0.35,3.702,0.704,0.225,0.096,0.0,True,1.6,1.356,0.1,0.98,-2.875,-0.266,-1.571,0.034,True,0.0,0.35,False
pai,pai-v1,a28b6685,a28b6685,C,20,2.04,2.0,0.605,-0.02,0.0,16,True,1.4,1.258,16,0.674,2.363,0.131,0.286,0.29,5.793,0.088,0.095,0.034,True,0.0,True,False,0.063,3.883,0.932,0.15,0.117,0.0,True,1.4,1.258,0.1,0.903,-2.96,-0.318,-1.639,0.025,True,0.619,0.063,False
pai,pai-v1,a28b6685,a28b6685,C,21,2.14,1.9,0.641,-0.019,0.0,16,True,1.2,1.173,16,0.735,2.666,0.104,0.334,-2.888,6.696,0.077,0.094,0.03,True,0.0,True,True,0.0,4.276,1.135,0.134,0.134,0.0,True,1.2,1.173,0.2,0.822,-3.043,-0.368,-1.706,0.021,True,0.472,0.0,True
pai,pai-v1,a28b6685,a28b6685,C,22,2.24,1.8,0.686,-0.018,0.0,16,True,1.1,1.166,16,0.795,3.039,0.087,0.409,-6.714,7.903,0.069,0.092,0.028,True,0.0,True,True,0.0,4.657,1.455,0.137,0.162,0.0,True,1.1,1.166,0.3,0.735,-3.126,-0.418,-1.772,0.02,True,0.398,0.0,True
pai,pai-v1,a28b6685,a28b6685,C,23,2.34,1.7,0.742,-0.019,0.0,16,True,1.0,1.07,16,0.847,3.165,0.079,0.433,-8.252,8.39,0.067,0.09,0.026,True,0.0,True,True,0.0,4.144,1.762,0.156,0.131,0.0,True,1.0,1.07,0.3,0.641,-3.209,-0.468,-1.839,0.018,True,0.318,0.0,True
pai,pai-v1,a28b6685,a28b6685,C,24,2.44,1.6,0.81,-0.02,0.0,16,True,0.9,1.03,16,0.924,3.398,0.073,0.502,-10.297,9.174,0.067,0.088,0.023,True,0.0,True,False,0.002,4.423,1.979,0.174,0.151,0.0,True,0.9,1.03,0.3,0.543,-3.291,-0.519,-1.905,0.014,True,0.312,0.002,False
pai,pai-v1,a28b6685,a28b6685,C,25,2.54,1.5,0.888,-0.02,0.0,16,True,0.8,0.985,16,1.022,3.684,0.063,0.549,-11.719,10.088,0.064,0.084,0.02,True,0.0,True,True,0.0,5.112,2.153,0.157,0.199,0.0,True,0.8,0.985,0.3,0.437,-3.371,-0.568,-1.97,0.019,True,0.269,0.0,True
pai,pai-v1,a28b6685,a28b6685,C,26,2.64,1.4,0.977,-0.021,0.0,16,True,0.7,0.913,16,1.125,3.954,0.057,0.625,-13.217,11.117,0.065,0.08,0.018,True,0.0,True,True,0.0,5.88,2.309,0.152,0.234,0.0,True,0.7,0.913,0.3,0.326,-3.448,-0.616,-2.032,0.036,True,0.249,0.0,True
pai,pai-v1,a28b6685,a28b6685,C,27,2.74,1.3,1.078,-0.026,0.0,16,True,0.6,0.801,16,1.226,4.206,0.053,0.666,-14.715,11.923,0.065,0.076,0.018,True,0.0,True,True,0.0,6.143,2.5,0.132,0.236,0.0,True,0.6,0.801,0.3,0.207,-3.521,-0.664,-2.093,0.058,True,0.219,0.0,True
pai,pai-v1,a28b6685,a28b6685,C,28,2.84,1.2,1.189,-0.035,0.0,16,True,0.4,0.537,16,1.342,4.477,0.046,0.706,-15.896,12.824,0.062,0.069,0.015,True,0.0,True,True,0.0,7.757,2.346,0.092,0.319,0.0,True,0.4,0.537,0.3,0.081,-3.59,-0.711,-2.15,0.081,True,0.177,0.0,True
pai,pai-v1,a28b6685,a28b6685,C,29,2.94,1.1,1.309,-0.051,0.0,16,True,0.3,0.44,16,1.466,4.916,0.038,0.715,-16.61,13.896,0.056,0.061,0.015,True,0.0,True,True,0.0,9.45,2.201,0.006,0.375,0.0,True,0.3,0.44,0.3,-0.054,-3.656,-0.755,-2.205,0.102,True,0.13,0.0,True
pai,pai-v1,a28b6685,a28b6685,C,30,3.04,1.0,1.438,-0.066,0.0,16,True,0.2,0.317,16,1.585,5.205,0.037,0.764,-19.033,14.768,0.046,0.052,0.017,True,0.0,True,True,0.0,9.813,2.38,-0.015,0.387,0.0,True,0.2,0.317,0.3,-0.199,-3.719,-0.795,-2.257,0.12,True,0.067,0.0,True
pai,pai-v1,a28b6685,a28b6685,C,31,3.14,0.9,1.573,-0.084,0.0,16,True,0.1,0.17,16,1.695,5.408,0.038,0.776,-21.075,15.293,0.036,0.041,0.017,True,0.0,True,True,0.0,9.466,2.647,-0.048,0.344,0.0,True,0.1,0.17,0.3,-0.355,-3.778,-0.829,-2.304,0.132,True,0.024,0.0,True
pai,pai-v1,a28b6685,a28b6685,C,32,3.24,0.8,1.711,-0.101,0.0,16,True,0.0,0.0,16,1.826,5.581,0.038,0.786,-23.173,15.871,0.023,0.029,0.015,True,0.0,True,True,0.0,9.64,2.77,-0.077,0.329,0.0,True,0.0,0.0,0.3,-0.522,-3.83,-0.86,-2.345,0.139,True,-0.015,0.0,True
pai,pai-v1,a28b6685,a28b6685,C,33,3.34,0.7,1.851,-0.122,0.0,16,True,0.0,0.0,16,1.962,5.572,0.036,0.711,-22.302,16.067,0.013,0.017,0.012,True,0.0,True,True,0.0,10.866,2.451,-0.09,0.35,0.0,True,0.0,0.0,0.3,-0.7,-3.873,-0.886,-2.379,0.14,True,-0.025,0.0,True
pai,pai-v1,a28b6685,a28b6685,C,34,3.44,0.6,1.989,-0.15,0.0,16,True,0.0,0.0,16,2.083,5.531,0.036,0.707,-23.006,16.191,0.007,0.006,0.008,True,0.0,True,True,0.0,10.574,2.594,-0.119,0.322,0.0,True,0.0,0.0,0.3,-0.89,-3.907,-0.904,-2.405,0.134,True,-0.023,0.0,True
pai,pai-v1,a28b6685,a28b6685,C,35,3.54,0.5,2.125,-0.181,0.0,16,True,0.0,0.0,16,2.216,5.647,0.036,0.718,-23.535,16.603,-0.002,-0.005,0.004,True,0.0,True,True,0.0,11.615,2.315,-0.157,0.357,0.0,True,0.0,0.0,0.3,-1.091,-3.932,-0.914,-2.423,0.124,False,-0.021,0.0,True
pai,pai-v1,a28b6685,a28b6685,C,36,3.64,0.4,2.256,-0.212,0.0,16,True,0.0,0.0,16,2.343,5.719,0.033,0.671,-22.279,16.978,-0.009,-0.016,-0.0,True,0.0,True,True,0.0,13.656,1.693,-0.172,0.416,0.0,True,0.0,0.0,0.3,-1.303,-3.946,-0.919,-2.432,0.111,False,-0.011,0.0,True
pai,pai-v1,a28b6685,a28b6685,C,37,3.74,0.3,2.383,-0.246,0.0,16,True,0.0,0.0,16,2.472,5.781,0.031,0.634,-21.396,17.336,-0.018,-0.028,0.005,True,0.0,True,True,0.0,15.125,1.314,-0.219,0.45,0.0,True,0.0,0.0,0.3,-1.526,-3.949,-0.92,-2.434,0.098,False,-0.021,0.0,True
pai,pai-v1,a28b6685,a28b6685,C,38,3.84,0.2,2.505,-0.284,0.0,16,True,0.0,0.0,16,2.583,5.903,0.032,0.659,-22.713,17.686,-0.033,-0.039,0.01,True,0.0,True,True,0.0,16.073,1.053,-0.24,0.513,0.0,True,0.0,0.0,0.3,-1.76,-3.944,-0.917,-2.43,0.088,False,-0.036,0.0,True
pai,pai-v1,a28b6685,a28b6685,C,39,3.94,0.1,2.624,-0.327,0.0,16,True,0.0,0.0,16,2.698,5.887,0.031,0.61,-21.871,17.837,-0.046,-0.049,0.01,True,0.0,True,True,0.0,16.627,0.861,-0.244,0.5,0.0,True,0.0,0.0,0.3,-2.005,-3.931,-0.91,-2.42,0.082,False,-0.032,0.0,True
pai,pai-v1,24a50fcc,24a50fcc,C,0,0.06,12.6,9.356,0.0,7.324,58,False,,,,6.057,6.398,0.002,0.053,1.772,23.343,0.006,0.01,0.005,False,0.682,False,,,,,,,9.0,False,,,0.0,152.118,-12.794,-10.643,-11.718,0.0,False,0.0,,
pai,pai-v1,24a50fcc,24a50fcc,C,1,0.16,12.5,9.36,0.001,3.297,1,False,,,,9.577,9.713,0.008,0.258,5.05,32.559,0.015,0.008,0.001,True,0.0,False,,,,,,,9.0,False,,,0.0,151.168,-12.984,-10.829,-11.906,0.0,False,0.0,,
pai,pai-v1,24a50fcc,24a50fcc,C,2,0.26,12.4,9.368,0.001,1.769,1,False,,,,9.636,9.995,0.001,0.126,1.693,36.094,0.012,0.007,0.002,True,0.0,False,,,,,,,9.0,False,,,0.0,150.218,-13.158,-10.999,-12.079,0.0,False,0.0,,
pai,pai-v1,24a50fcc,24a50fcc,C,3,0.36,12.3,9.377,0.0,1.715,1,False,,,,9.618,9.978,0.001,0.118,2.032,36.413,0.012,0.006,0.002,True,0.0,False,,,,,,,9.0,False,,,0.0,149.268,-13.311,-11.148,-12.229,0.0,False,0.0,,
pai,pai-v1,24a50fcc,24a50fcc,C,4,0.46,12.2,9.385,0.001,1.347,6,False,,,,9.687,10.511,0.001,0.133,1.534,39.968,0.014,0.005,0.0,True,0.0,False,,,,,,,9.0,False,,,0.0,148.319,-13.442,-11.277,-12.359,0.0,False,0.0,,
pai,pai-v1,24a50fcc,24a50fcc,C,5,0.56,12.1,9.394,0.001,1.282,6,False,,,,9.654,10.749,0.001,0.119,1.651,41.095,0.012,0.005,-0.001,True,0.0,False,,,,,,,9.0,False,,,0.0,147.371,-13.549,-11.381,-12.465,0.0,False,0.0,,
pai,pai-v1,24a50fcc,24a50fcc,C,6,0.66,12.0,9.4,0.001,1.558,6,False,,,,9.754,10.573,0.001,0.081,0.939,40.439,0.008,0.004,0.003,True,0.0,False,,,,,,,9.0,False,,,0.0,146.424,-13.639,-11.469,-12.554,0.0,False,0.0,,
pai,pai-v1,24a50fcc,24a50fcc,C,7,0.76,11.9,9.404,0.001,1.655,6,False,,,,9.726,10.217,0.001,0.075,0.766,38.65,0.008,0.004,0.005,True,0.0,False,,,,,,,9.0,False,,,0.0,145.476,-13.725,-11.553,-12.639,0.0,False,0.0,,
pai,pai-v1,24a50fcc,24a50fcc,C,8,0.86,11.8,9.409,0.002,1.671,6,False,,,,9.726,10.333,0.001,0.056,0.602,39.402,0.006,0.005,0.003,True,0.0,False,,,,,,,9.0,False,,,0.0,144.529,-13.803,-11.63,-12.716,0.0,False,0.0,,
pai,pai-v1,24a50fcc,24a50fcc,C,9,0.96,11.7,9.421,0.003,1.618,88,False,,,,9.696,10.24,0.001,0.049,0.463,39.63,0.005,0.004,0.005,True,0.0,False,,,,,,,9.0,False,,,0.0,143.583,-13.862,-11.687,-12.775,0.0,False,0.0,,
pai,pai-v1,24a50fcc,24a50fcc,C,10,1.06,11.6,9.435,0.004,1.426,88,False,,,,9.677,10.307,0.0,0.048,0.582,40.039,0.004,0.003,0.001,True,0.0,False,,,,,,,9.0,False,,,0.0,142.635,-13.917,-11.741,-12.829,0.0,False,0.0,,
pai,pai-v1,24a50fcc,24a50fcc,C,11,1.16,11.5,9.445,0.004,1.459,88,False,,,,9.71,10.238,0.0,0.043,0.446,39.607,0.004,0.003,0.002,True,0.0,False,,,,,,,9.0,False,,,0.0,141.686,-13.975,-11.798,-12.887,0.0,False,0.0,,
pai,pai-v1,24a50fcc,24a50fcc,C,12,1.26,11.4,9.449,0.004,1.369,88,False,,,,9.711,10.242,0.0,0.049,0.583,39.637,0.003,0.002,-0.004,True,0.0,False,,,,,,,9.0,False,,,0.0,140.733,-14.06,-11.881,-12.97,0.0,False,0.0,,
pai,pai-v1,24a50fcc,24a50fcc,C,13,1.36,11.3,9.45,0.005,1.325,88,False,,,,9.71,10.218,0.0,0.049,0.612,39.545,0.003,0.001,-0.01,True,0.0,False,,,,,,,9.0,False,,,0.0,139.78,-14.152,-11.97,-13.061,0.0,False,0.0,,
pai,pai-v1,24a50fcc,24a50fcc,C,14,1.46,11.2,9.451,0.006,1.258,88,False,,,,9.694,10.211,0.001,0.053,0.688,39.642,0.003,0.002,-0.013,True,0.0,False,,,,,,,9.0,False,,,0.0,138.832,-14.183,-12.001,-13.092,0.0,False,0.0,,
pai,pai-v1,24a50fcc,24a50fcc,C,15,1.56,11.1,9.448,0.006,1.332,88,False,,,,9.684,10.212,0.0,0.047,0.55,39.558,0.004,0.003,-0.01,True,0.0,False,,,,,,,9.0,False,,,0.0,137.888,-14.177,-11.995,-13.086,0.0,False,0.0,,
pai,pai-v1,24a50fcc,24a50fcc,C,16,1.66,11.0,9.443,0.007,1.318,88,False,,,,9.723,10.388,0.0,0.043,0.589,40.135,0.004,0.004,-0.011,True,0.0,False,,,,,,,9.0,False,,,0.0,136.943,-14.177,-11.995,-13.086,0.0,False,0.0,,
pai,pai-v1,24a50fcc,24a50fcc,C,17,1.76,10.9,9.449,0.007,1.364,88,False,,,,9.748,10.55,0.0,0.034,0.524,40.778,0.002,0.005,-0.009,True,0.0,False,,,,,,,9.0,False,,,0.0,135.998,-14.194,-12.012,-13.103,0.0,False,0.0,,
pai,pai-v1,24a50fcc,24a50fcc,C,18,1.86,10.8,9.481,0.006,1.368,88,False,,,,9.805,10.833,0.0,0.045,0.674,42.164,0.001,0.006,-0.007,True,0.0,False,,,,,,,9.0,False,,,0.0,135.049,-14.243,-12.06,-13.152,0.0,False,0.0,,
pai,pai-v1,24a50fcc,24a50fcc,C,19,1.96,10.7,9.551,0.006,1.38,88,False,,,,9.911,11.279,0.0,0.049,0.603,43.917,0.002,0.007,-0.01,True,0.0,False,,,,,,,9.0,False,,,0.0,134.094,-14.306,-12.121,-13.214,0.0,False,0.0,,
pai,pai-v1,24a50fcc,24a50fcc,C,20,2.06,10.6,9.657,0.006,1.344,88,False,,,,10.032,11.44,0.001,0.06,0.612,44.511,0.004,0.007,-0.009,True,0.0,False,,,,,,,9.0,False,,,0.0,133.128,-14.381,-12.194,-13.288,0.0,False,0.0,,
pai,pai-v1,24a50fcc,24a50fcc,C,21,2.16,10.5,9.794,0.008,1.308,88,False,,,,10.174,11.652,0.001,0.073,0.629,45.237,0.006,0.008,-0.011,True,0.0,False,,,,,,,9.0,False,,,0.0,132.149,-14.464,-12.276,-13.37,0.0,False,0.0,,
pai,pai-v1,24a50fcc,24a50fcc,C,22,2.26,10.4,9.953,0.009,1.279,88,False,,,,10.298,11.686,0.001,0.08,0.728,45.608,0.007,0.008,-0.01,True,0.0,False,,,,,,,9.0,False,,,0.0,131.153,-14.559,-12.368,-13.463,0.0,False,0.0,,
pai,pai-v1,24a50fcc,24a50fcc,C,23,2.36,10.3,10.123,0.011,1.147,4,False,,,,10.462,11.82,0.001,0.08,0.705,45.91,0.007,0.008,-0.009,True,0.0,False,,,,,,,9.0,False,,,0.0,130.139,-14.665,-12.471,-13.568,0.0,False,0.0,,
pai,pai-v1,24a50fcc,24a50fcc,C,24,2.46,10.2,10.298,0.014,1.14,4,False,,,,10.582,11.873,0.001,0.08,0.629,46.234,0.008,0.008,-0.01,True,0.0,False,,,,,,,9.0,False,,,0.0,129.106,-14.777,-12.581,-13.679,0.0,False,0.0,,
pai,pai-v1,24a50fcc,24a50fcc,C,25,2.56,10.1,10.47,0.019,1.166,4,False,,,,10.725,11.958,0.001,0.076,0.636,46.673,0.007,0.008,-0.009,True,0.0,False,,,,,,,9.0,False,,,0.0,128.055,-14.892,-12.693,-13.792,0.0,False,0.0,,
pai,pai-v1,24a50fcc,24a50fcc,C,26,2.66,10.0,10.635,0.024,1.168,4,False,,,,10.869,12.117,0.001,0.081,0.568,47.326,0.007,0.008,-0.008,True,0.0,False,,,,,,,9.0,False,,,0.0,126.987,-15.009,-12.806,-13.908,0.0,False,0.0,,
pai,pai-v1,24a50fcc,24a50fcc,C,27,2.76,9.9,10.793,0.029,1.199,4,False,,,,11.047,12.413,0.001,0.08,0.61,48.326,0.007,0.008,-0.01,True,0.0,False,,,,,,,9.0,False,,,0.0,125.902,-15.124,-12.918,-14.021,0.0,False,0.0,,
pai,pai-v1,24a50fcc,24a50fcc,C,28,2.86,9.8,10.945,0.035,1.188,4,False,,,,11.162,12.422,0.001,0.075,0.417,48.397,0.007,0.008,-0.008,True,0.0,False,,,,,,,9.0,False,,,0.0,124.803,-15.236,-13.028,-14.132,0.0,False,0.0,,
pai,pai-v1,24a50fcc,24a50fcc,C,29,2.96,9.7,11.094,0.042,1.169,4,False,,,,11.35,12.806,0.001,0.123,-0.105,49.842,0.007,0.008,-0.01,True,0.0,False,,,,,,,9.0,False,,,0.0,123.689,-15.345,-13.134,-14.24,0.0,False,0.0,,
pai,pai-v1,24a50fcc,24a50fcc,C,30,3.06,9.6,11.242,0.051,1.171,4,False,,,,11.509,12.837,0.001,0.139,-0.216,49.941,0.006,0.007,-0.008,True,0.0,False,,,,,,,9.0,False,,,0.0,122.56,-15.451,-13.236,-14.344,0.0,False,0.0,,
pai,pai-v1,24a50fcc,24a50fcc,C,31,3.16,9.5,11.393,0.062,1.177,4,False,,,,11.705,13.09,0.001,0.173,-0.425,51.038,0.007,0.007,-0.009,True,0.0,False,,,,,,,9.0,False,,,0.0,121.416,-15.555,-13.338,-14.446,0.0,False,0.0,,
pai,pai-v1,24a50fcc,24a50fcc,C,32,3.26,9.4,11.549,0.073,1.171,88,False,,,,11.828,13.078,0.001,0.13,-0.147,51.06,0.007,0.006,-0.009,True,0.0,False,,,,,,,9.0,False,,,0.0,120.258,-15.656,-13.437,-14.546,0.0,False,0.0,,
pai,pai-v1,24a50fcc,24a50fcc,C,33,3.36,9.3,11.708,0.086,1.179,88,False,,,,11.992,13.221,0.001,0.157,-0.392,51.506,0.006,0.006,-0.009,True,0.0,False,,,,,,,9.0,False,,,0.0,119.083,-15.752,-13.53,-14.641,0.0,False,0.0,,
pai,pai-v1,24a50fcc,24a50fcc,C,34,3.46,9.2,11.869,0.101,1.173,88,False,,,,12.134,13.361,0.001,0.156,-0.427,51.959,0.006,0.005,-0.012,True,0.0,False,,,,,,,9.0,False,,,0.0,117.894,-15.841,-13.616,-14.728,0.0,False,0.0,,
pai,pai-v1,24a50fcc,24a50fcc,C,35,3.56,9.1,12.027,0.118,1.176,4,False,,,,12.27,13.336,0.001,0.229,-0.927,51.785,0.005,0.005,-0.012,True,0.0,False,,,,,,,9.0,False,,,0.0,116.689,-15.917,-13.69,-14.804,0.0,False,0.0,,
pai,pai-v1,24a50fcc,24a50fcc,C,36,3.66,9.0,12.182,0.135,1.168,4,False,,,,12.41,13.377,0.002,0.269,-1.399,51.801,0.005,0.005,-0.015,True,0.0,False,,,,,,,9.0,False,,,0.0,115.47,-15.988,-13.76,-14.874,0.0,False,0.0,,
pai,pai-v1,24a50fcc,24a50fcc,C,37,3.76,8.9,12.329,0.151,1.169,4,False,,,,12.529,13.389,0.002,0.356,-1.999,51.797,0.004,0.004,-0.013,True,0.0,False,,,,,,,9.0,False,,,0.0,114.235,-16.053,-13.822,-14.938,0.0,False,0.0,,
pai,pai-v1,24a50fcc,24a50fcc,C,38,3.86,8.8,12.467,0.168,1.165,88,False,,,,12.663,13.462,0.003,0.395,-2.449,51.788,0.004,0.004,-0.017,True,0.0,False,,,,,,,9.0,False,,,0.0,112.987,-16.112,-13.879,-14.996,0.0,False,0.0,,
pai,pai-v1,24a50fcc,24a50fcc,C,39,3.96,8.7,12.595,0.186,1.163,88,False,,,,12.785,13.519,0.003,0.443,-2.991,51.997,0.004,0.004,-0.019,True,0.0,False,,,,,,,9.0,False,,,0.0,111.727,-16.165,-13.932,-15.049,0.0,False,0.0,,
pai,pai-v1,24a50fcc,24a50fcc,C,40,4.06,8.6,12.715,0.203,1.161,4,False,,,,12.919,13.631,0.003,0.465,-3.549,51.939,0.004,0.005,-0.022,True,0.0,False,,,,,,,9.0,False,,,0.0,110.454,-16.216,-13.98,-15.098,0.0,False,0.0,,
pai,pai-v1,24a50fcc,24a50fcc,C,41,4.16,8.5,12.828,0.219,1.074,3,False,,,,13.041,13.734,0.003,0.502,-3.994,52.564,0.003,0.005,-0.023,True,0.0,False,,,,,,,9.0,False,,,0.0,109.17,-16.263,-14.026,-15.145,0.0,False,0.0,,
pai,pai-v1,24a50fcc,24a50fcc,C,42,4.26,8.4,12.939,0.236,1.104,3,False,,,,13.184,13.95,0.004,0.562,-4.44,53.362,0.003,0.006,-0.025,True,0.0,False,,,,,,,9.0,False,,,0.0,107.875,-16.315,-14.077,-15.196,0.0,False,0.0,,
pai,pai-v1,24a50fcc,24a50fcc,C,43,4.36,8.3,13.048,0.252,1.078,3,False,,,,13.275,13.959,0.004,0.593,-4.944,53.292,0.004,0.006,-0.026,True,0.0,False,,,,,,,9.0,False,,,0.0,106.569,-16.366,-14.126,-15.246,0.0,False,0.0,,
pai,pai-v1,24a50fcc,24a50fcc,C,44,4.46,8.2,13.156,0.267,1.135,3,False,,,,13.379,13.99,0.004,0.558,-5.225,52.734,0.004,0.006,-0.028,True,0.0,False,,,,,,,9.0,False,,,0.0,105.25,-16.425,-14.183,-15.304,0.0,False,0.0,,
pai,pai-v1,24a50fcc,24a50fcc,C,45,4.56,8.1,13.263,0.286,1.041,3,False,,,,13.454,13.991,0.004,0.536,-5.709,52.476,0.004,0.006,-0.028,True,0.0,False,,,,,,,9.0,False,,,0.0,103.92,-16.49,-14.247,-15.368,0.0,False,0.0,,
pai,pai-v1,24a50fcc,24a50fcc,C,46,4.66,8.0,13.366,0.304,1.005,3,False,,,,13.55,13.995,0.004,0.554,-6.191,52.373,0.004,0.006,-0.03,True,0.0,False,,,,,,,9.0,False,,,0.0,102.578,-16.562,-14.316,-15.439,0.0,False,0.0,,
pai,pai-v1,24a50fcc,24a50fcc,C,47,4.76,7.9,13.462,0.323,1.04,3,False,,,,13.613,13.935,0.004,0.51,-6.19,51.956,0.003,0.005,-0.029,True,0.0,False,,,,,,,9.0,False,,,0.0,101.225,-16.638,-14.39,-15.514,0.0,False,0.0,,
pai,pai-v1,24a50fcc,24a50fcc,C,48,4.86,7.8,13.549,0.345,1.007,3,False,,,,13.706,14.011,0.004,0.55,-6.752,52.063,0.003,0.005,-0.032,True,0.0,False,,,,,,,9.0,False,,,0.0,99.862,-16.714,-14.463,-15.589,0.0,False,0.0,,
pai,pai-v1,24a50fcc,24a50fcc,C,49,4.96,7.7,13.627,0.366,1.136,88,False,,,,13.738,13.924,0.004,0.481,-6.325,50.82,0.002,0.004,-0.032,True,0.0,False,,,,,,,9.0,False,,,0.0,98.493,-16.779,-14.526,-15.653,0.0,False,0.0,,
pai,pai-v1,24a50fcc,24a50fcc,C,50,5.06,7.6,13.695,0.389,1.135,88,False,,,,13.838,14.113,0.004,0.534,-6.779,52.356,0.002,0.002,-0.034,True,0.0,False,,,,,,,9.0,False,,,0.0,97.117,-16.839,-14.585,-15.712,0.0,False,0.0,,
pai,pai-v1,24a50fcc,24a50fcc,C,51,5.16,7.5,13.755,0.414,1.136,88,False,,,,13.91,14.186,0.004,0.528,-6.717,52.356,0.001,0.0,-0.034,True,0.0,False,,,,,,,9.0,False,,,0.0,95.737,-16.885,-14.629,-15.757,0.0,False,0.0,,
pai,pai-v1,24a50fcc,24a50fcc,C,52,5.26,7.4,13.811,0.441,1.136,88,False,,,,13.947,14.216,0.004,0.565,-7.209,53.537,-0.002,-0.002,-0.036,True,0.0,False,,,,,,,9.0,False,,,0.0,94.352,-16.923,-14.665,-15.794,0.0,False,0.0,,
pai,pai-v1,24a50fcc,24a50fcc,C,53,5.36,7.3,13.865,0.471,1.242,88,False,,,,14.006,14.291,0.003,0.545,-7.089,53.509,-0.004,-0.005,-0.035,True,0.0,False,,,,,,,9.0,False,,,0.0,92.964,-16.953,-14.694,-15.823,0.0,False,0.0,,
pai,pai-v1,24a50fcc,24a50fcc,C,54,5.46,7.2,13.919,0.5,1.257,3,False,,,,14.07,14.377,0.003,0.59,-7.706,54.551,-0.006,-0.009,-0.039,True,0.0,False,,,,,,,9.0,False,,,0.0,91.573,-16.961,-14.703,-15.832,0.0,False,0.0,,
pai,pai-v1,24a50fcc,24a50fcc,C,55,5.56,7.1,13.974,0.532,1.204,3,False,,,,14.124,14.391,0.003,0.603,-7.842,54.731,-0.01,-0.012,-0.039,True,0.0,False,,,,,,,9.0,False,,,0.0,90.181,-16.946,-14.688,-15.817,0.0,False,0.0,,
pai,pai-v1,24a50fcc,24a50fcc,C,56,5.66,7.0,14.031,0.561,1.182,3,False,,,,14.215,14.523,0.003,0.639,-8.187,55.3,-0.012,-0.015,-0.041,True,0.0,False,,,,,,,9.0,False,,,0.0,88.789,-16.901,-14.644,-15.773,0.0,False,0.0,,
pai,pai-v1,24a50fcc,24a50fcc,C,57,5.76,6.9,14.088,0.587,1.184,3,False,,,,14.236,14.461,0.003,0.622,-8.091,54.822,-0.015,-0.019,-0.041,True,0.0,False,,,,,,,9.0,False,,,0.0,87.397,-16.818,-14.564,-15.691,0.0,False,0.0,,
pai,pai-v1,24a50fcc,24a50fcc,C,58,5.86,6.8,14.143,0.612,1.155,3,False,,,,14.245,14.378,0.003,0.627,-8.299,54.757,-0.019,-0.022,-0.041,True,0.0,False,,,,,,,9.0,False,,,0.0,86.005,-16.702,-14.453,-15.577,0.0,False,0.0,,
pai,pai-v1,24a50fcc,24a50fcc,C,59,5.96,6.7,14.194,0.635,1.185,3,False,,,,14.294,14.419,0.003,0.636,-8.568,54.636,-0.022,-0.025,-0.044,True,0.0,False,,,,,,,9.0,False,,,0.0,84.613,-16.559,-14.315,-15.437,0.0,False,0.0,,
pai,pai-v1,24a50fcc,24a50fcc,C,60,6.06,6.6,14.238,0.657,1.22,3,False,,,,14.327,14.417,0.003,0.624,-8.443,53.977,-0.025,-0.028,-0.045,True,0.0,False,,,,,,,9.0,False,,,0.0,83.221,-16.385,-14.148,-15.267,0.0,False,0.0,,
pai,pai-v1,24a50fcc,24a50fcc,C,61,6.16,6.5,14.275,0.677,1.211,3,False,,,,14.411,14.589,0.003,0.65,-8.954,54.794,-0.028,-0.032,-0.049,True,0.0,False,,,,,,,9.0,False,,,0.0,81.828,-16.196,-13.966,-15.081,0.0,False,0.0,,
pai,pai-v1,24a50fcc,24a50fcc,C,62,6.26,6.4,14.308,0.696,1.221,3,False,,,,14.438,14.586,0.003,0.664,-9.146,54.119,-0.031,-0.035,-0.054,True,0.0,False,,,,,,,9.0,False,,,0.0,80.438,-15.975,-13.753,-14.864,0.0,False,0.0,,
pai,pai-v1,24a50fcc,24a50fcc,C,63,6.36,6.3,14.338,0.715,1.194,3,False,,,,14.42,14.5,0.003,0.676,-9.256,53.386,-0.035,-0.037,-0.051,True,0.0,False,,,,,,,9.0,False,,,0.0,79.05,-15.723,-13.511,-14.617,0.0,False,0.0,,
pai,pai-v1,24a50fcc,24a50fcc,C,64,6.46,6.2,14.365,0.731,1.209,3,False,,,,14.474,14.564,0.004,0.691,-9.47,53.341,-0.036,-0.04,-0.056,True,0.0,False,,,,,,,9.0,False,,,0.0,77.664,-15.446,-13.245,-14.345,0.0,False,0.0,,
pai,pai-v1,24a50fcc,24a50fcc,C,65,6.56,6.1,14.389,0.745,1.225,3,False,,,,14.513,14.622,0.003,0.647,-9.389,53.854,-0.036,-0.042,-0.056,True,0.0,False,,,,,,,9.0,False,,,0.0,76.277,-15.152,-12.963,-14.058,0.0,False,0.0,,
pai,pai-v1,24a50fcc,24a50fcc,C,66,6.66,6.0,14.414,0.757,0.711,7,False,,,,14.629,14.915,0.003,0.676,-9.713,54.792,-0.036,-0.044,-0.06,True,0.0,False,,,,,,,9.0,False,,,0.0,74.891,-14.848,-12.672,-13.76,0.0,False,0.0,,
pai,pai-v1,24a50fcc,24a50fcc,C,67,6.76,5.9,14.441,0.763,0.436,7,False,,,,14.59,14.776,0.004,0.678,-9.618,54.522,-0.035,-0.045,-0.06,True,0.0,False,,,,,,,9.0,False,,,0.0,73.505,-14.522,-12.361,-13.441,0.0,False,0.0,,
pai,pai-v1,24a50fcc,24a50fcc,C,68,6.86,5.8,14.471,0.762,0.764,7,False,,,,14.595,14.689,0.004,0.669,-9.732,53.637,-0.04,-0.046,-0.052,True,0.0,False,,,,,,,9.0,False,,,0.0,72.12,-14.179,-12.032,-13.106,0.0,False,0.0,,
pai,pai-v1,24a50fcc,24a50fcc,C,69,6.96,5.7,14.501,0.762,0.342,7,False,,,,14.583,14.591,0.003,0.648,-9.377,53.518,-0.04,-0.047,-0.052,True,0.0,False,,,,,,,9.0,False,,,0.0,70.731,-13.83,-11.699,-12.765,0.0,False,0.0,,
pai,pai-v1,24a50fcc,24a50fcc,C,70,7.06,5.6,14.527,0.76,0.0,7,True,3.8,51.598,7,14.679,14.783,0.003,0.631,-9.352,54.026,-0.04,-0.049,-0.057,True,0.0,True,,,,,,,9.0,False,,,0.0,69.339,-13.48,-11.365,-12.422,0.0,False,0.0,,
pai,pai-v1,24a50fcc,24a50fcc,C,71,7.16,5.5,14.549,0.756,0.0,7,True,3.5,48.305,7,14.667,14.763,0.004,0.674,-9.604,54.54,-0.041,-0.05,-0.054,True,0.0,True,,,,,,,9.0,False,,,0.0,67.944,-13.136,-11.037,-12.086,0.0,False,0.0,,
pai,pai-v1,24a50fcc,24a50fcc,C,72,7.26,5.4,14.566,0.753,0.0,7,True,3.5,48.014,7,14.642,14.659,0.004,0.729,-10.01,54.254,-0.044,-0.052,-0.052,True,0.0,True,,,,,,,9.0,False,,,0.0,66.547,-12.784,-10.701,-11.743,0.0,False,0.0,,
pai,pai-v1,24a50fcc,24a50fcc,C,73,7.36,5.3,14.582,0.751,0.0,7,True,3.1,43.578,7,14.686,14.78,0.004,0.753,-10.062,55.074,-0.043,-0.054,-0.056,True,0.0,True,,,,,,,9.0,False,,,0.0,65.15,-12.428,-10.362,-11.395,0.0,False,0.0,,
pai,pai-v1,24a50fcc,24a50fcc,C,74,7.46,5.2,14.595,0.751,0.0,7,True,3.0,42.214,7,14.672,14.734,0.004,0.798,-10.554,54.984,-0.046,-0.056,-0.051,True,0.0,True,,,,,,,9.0,False,,,0.0,63.75,-12.069,-10.022,-11.046,0.0,False,0.0,,
pai,pai-v1,24a50fcc,24a50fcc,C,75,7.56,5.1,14.607,0.756,0.0,7,True,2.8,40.113,7,14.724,14.863,0.004,0.795,-10.297,55.971,-0.046,-0.058,-0.056,True,0.0,True,,,,,,,9.0,False,,,0.0,62.35,-11.705,-9.676,-10.691,0.0,False,0.0,,
pai,pai-v1,24a50fcc,24a50fcc,C,76,7.66,5.0,14.618,0.768,0.0,7,True,2.8,39.252,7,14.668,14.668,0.004,0.825,-10.644,54.579,-0.048,-0.06,-0.049,True,0.0,True,,,,,,,9.0,False,,,0.0,60.95,-11.331,-9.322,-10.326,0.0,False,0.0,,
pai,pai-v1,24a50fcc,24a50fcc,C,77,7.76,4.9,14.627,0.789,0.0,7,True,2.6,36.923,7,14.697,14.724,0.005,0.911,-10.696,55.174,-0.053,-0.061,-0.048,True,0.0,True,,,,,,,9.0,False,,,0.0,59.548,-10.952,-8.963,-9.957,0.0,False,0.0,,
pai,pai-v1,24a50fcc,24a50fcc,C,78,7.86,4.8,14.63,0.813,0.0,7,True,2.7,37.329,7,14.637,14.637,0.005,0.932,-11.047,53.67,-0.055,-0.063,-0.044,True,0.0,True,,,,,,,9.0,False,,,0.0,58.146,-10.571,-8.603,-9.587,0.0,False,0.0,,
pai,pai-v1,24a50fcc,24a50fcc,C,79,7.96,4.7,14.624,0.842,0.0,7,True,2.6,36.001,7,14.612,14.612,0.005,0.938,-9.818,53.656,-0.058,-0.065,-0.04,True,0.0,True,,,,,,,9.0,False,,,0.0,56.743,-10.18,-8.234,-9.207,0.0,False,0.0,,
pai,pai-v1,24a50fcc,24a50fcc,C,80,8.06,4.6,14.606,0.874,0.0,7,True,2.5,34.231,7,14.536,14.536,0.005,1.009,-9.724,53.132,-0.063,-0.068,-0.034,True,0.0,True,,,,,,,9.0,False,,,0.0,55.341,-9.79,-7.865,-8.828,0.0,False,0.0,,
pai,pai-v1,24a50fcc,24a50fcc,C,81,8.16,4.5,14.571,0.909,0.0,7,True,2.5,33.928,7,14.488,14.488,0.005,0.943,-8.759,52.544,-0.062,-0.074,-0.039,True,0.0,True,,,,,,,9.0,False,,,0.0,53.941,-9.4,-7.498,-8.449,0.0,False,0.0,,
pai,pai-v1,24a50fcc,24a50fcc,C,82,8.26,4.4,14.521,0.947,0.0,7,True,2.4,32.394,7,14.402,14.402,0.006,1.185,-9.192,52.562,-0.076,-0.082,-0.032,True,0.0,True,,,,,,,9.0,False,,,0.0,52.543,-9.015,-7.136,-8.076,0.0,False,0.0,,
pai,pai-v1,24a50fcc,24a50fcc,C,83,8.36,4.3,14.457,0.989,0.0,7,True,2.2,30.116,7,14.436,14.436,0.005,1.073,-7.769,52.925,-0.067,-0.093,-0.052,True,0.0,True,,,,,,,9.0,False,,,0.0,51.15,-8.627,-6.773,-7.7,0.0,False,0.0,,
pai,pai-v1,24a50fcc,24a50fcc,C,84,8.46,4.2,14.386,1.033,0.0,7,True,2.0,27.565,7,14.357,14.357,0.007,1.39,-8.089,53.609,-0.082,-0.106,-0.057,True,0.0,True,,,,,,,9.0,False,,,0.0,49.767,-8.216,-6.388,-7.302,0.0,False,0.0,,
pai,pai-v1,24a50fcc,24a50fcc,C,85,8.56,4.1,14.315,1.078,0.132,7,False,,,,14.311,14.311,0.009,1.796,-8.476,55.559,-0.1,-0.121,-0.048,True,0.0,False,,,,,,,3.595,False,,,0.0,48.395,-7.772,-5.973,-6.872,0.0,False,-6.299,,
pai,pai-v1,24a50fcc,24a50fcc,C,86,8.66,4.0,14.251,1.122,0.305,7,False,,,,14.207,14.207,0.009,1.847,-7.699,55.703,-0.111,-0.139,-0.047,True,0.0,False,,,,,,,2.519,False,,,0.0,47.034,-7.275,-5.51,-6.393,0.0,False,-6.064,,
pai,pai-v1,24a50fcc,24a50fcc,C,87,8.76,3.9,14.197,1.163,0.311,155,False,,,,14.156,14.613,0.01,1.916,-7.072,56.977,-0.123,-0.154,-0.037,True,0.0,False,,,,,,,0.311,False,,,0.0,45.682,-6.719,-4.973,-5.846,0.0,False,-5.807,,
pai,pai-v1,24a50fcc,24a50fcc,C,88,8.86,3.8,14.159,1.199,0.0,155,True,3.9,56.868,155,14.176,15.113,0.01,1.912,-5.504,58.379,-0.135,-0.166,-0.03,True,0.0,True,,,,,,,0.0,True,3.9,56.868,-2.0,44.32,-6.143,-4.352,-5.248,0.0,False,-5.354,,
pai,pai-v1,24a50fcc,24a50fcc,C,89,8.96,3.7,14.14,1.222,0.0,155,True,3.6,53.757,155,14.251,15.523,0.01,1.949,-3.697,59.966,-0.137,-0.173,-0.021,True,0.0,True,,,,,,,0.0,True,3.6,53.757,1.9,42.962,-5.503,-3.662,-4.582,0.0,False,-4.587,,
pai,pai-v1,24a50fcc,24a50fcc,C,90,9.06,3.6,14.146,1.236,0.0,155,True,3.5,52.158,155,14.232,15.502,0.01,1.968,-2.353,59.909,-0.138,-0.174,-0.021,True,0.0,True,,,,,,,0.0,True,3.5,52.158,1.6,41.603,-4.78,-2.882,-3.831,0.0,False,-3.657,,
pai,pai-v1,24a50fcc,24a50fcc,C,91,9.16,3.5,14.175,1.236,0.0,155,True,3.5,52.053,155,14.263,15.401,0.009,1.91,-1.805,59.754,-0.134,-0.168,-0.01,True,0.0,True,,,,,,,0.0,True,3.5,52.053,1.3,40.234,-3.995,-2.034,-3.015,0.0,False,-2.642,,
pai,pai-v1,24a50fcc,24a50fcc,C,92,9.26,3.4,14.223,1.22,0.0,155,True,3.4,50.14,155,14.301,15.112,0.009,1.867,-0.553,59.177,-0.131,-0.157,0.0,True,0.0,True,,,,,,,0.0,True,3.4,50.14,1.2,38.849,-3.21,-1.183,-2.196,0.0,False,-1.862,,
pai,pai-v1,24a50fcc,24a50fcc,C,93,9.36,3.3,14.285,1.187,0.0,155,True,3.2,48.204,155,14.423,15.615,0.008,1.647,-0.379,60.586,-0.114,-0.142,-0.001,True,0.0,True,,,,,,,0.0,True,3.2,48.204,1.5,37.444,-2.458,-0.367,-1.413,0.0,False,-1.209,,
pai,pai-v1,24a50fcc,24a50fcc,C,94,9.46,3.2,14.355,1.145,0.0,155,True,3.2,47.76,155,14.49,15.147,0.007,1.458,0.696,59.814,-0.101,-0.123,-0.005,True,0.0,True,,,,,,,0.0,True,3.2,47.76,1.5,36.019,-1.758,0.393,-0.683,0.0,False,-0.584,,
pai,pai-v1,24a50fcc,24a50fcc,C,95,9.56,3.1,14.432,1.096,0.0,155,True,3.0,45.403,155,14.54,15.648,0.006,1.204,0.044,60.896,-0.083,-0.103,-0.006,True,0.0,True,,,,,,,0.0,True,3.0,45.403,-1.6,34.575,-1.126,1.082,-0.022,0.0,False,-0.684,,
pai,pai-v1,24a50fcc,24a50fcc,C,96,9.66,3.0,14.512,1.037,0.0,155,True,2.9,43.703,155,14.626,15.248,0.005,0.965,1.462,60.421,-0.066,-0.082,-0.011,True,0.0,True,,,,,,,0.0,True,2.9,43.703,-1.3,33.115,-0.577,1.681,0.552,0.0,False,-0.424,,
pai,pai-v1,24a50fcc,24a50fcc,C,97,9.76,2.9,14.592,0.976,0.0,155,True,2.8,42.246,155,14.686,15.258,0.003,0.622,1.676,60.428,-0.042,-0.063,-0.034,True,0.0,True,,,,,,,0.0,True,2.8,42.246,-1.2,31.643,-0.125,2.176,1.026,0.0,False,0.037,,
pai,pai-v1,24a50fcc,24a50fcc,C,98,9.86,2.8,14.67,0.916,0.0,155,True,2.7,41.175,155,14.794,15.467,0.003,0.579,2.31,60.749,-0.039,-0.045,-0.016,True,0.0,True,,,,,,,0.0,True,2.7,41.175,-0.5,30.161,0.234,2.57,1.402,0.0,False,-0.102,,
pai,pai-v1,24a50fcc,24a50fcc,C,99,9.96,2.7,14.745,0.856,0.0,155,True,2.7,40.695,155,14.839,15.308,0.002,0.511,3.473,59.371,-0.02,-0.03,-0.032,True,0.0,True,,,,,,,0.0,True,2.7,40.695,-0.6,28.674,0.497,2.86,1.678,0.0,False,0.232,,
pai,pai-v1,24a50fcc,24a50fcc,C,100,10.06,2.6,14.815,0.801,0.0,155,True,2.6,39.077,155,14.894,15.231,0.002,0.438,3.323,58.76,-0.01,-0.018,-0.032,False,0.144,True,,,,,,,0.0,True,2.6,39.077,-0.3,27.182,0.689,3.072,1.88,0.0,False,0.248,,
pai,pai-v1,24a50fcc,24a50fcc,C,101,10.16,2.5,14.878,0.752,0.0,155,True,2.5,37.36,155,14.925,15.132,0.002,0.52,4.051,57.578,-0.001,-0.007,-0.038,True,0.0,True,,,,,,,0.0,True,2.5,37.36,-0.5,25.686,0.819,3.217,2.018,0.0,False,0.38,,
pai,pai-v1,24a50fcc,24a50fcc,C,102,10.26,2.4,14.931,0.703,0.0,155,True,2.4,35.699,155,14.971,15.086,0.003,0.531,2.816,56.493,0.001,0.002,-0.028,False,0.054,True,,,,,,,0.0,True,2.4,35.699,-0.3,24.188,0.9,3.307,2.104,0.0,False,0.368,,
pai,pai-v1,24a50fcc,24a50fcc,C,103,10.36,2.3,14.975,0.659,0.0,155,True,2.3,34.497,155,15.048,15.206,0.004,0.559,2.277,56.748,0.006,0.01,-0.031,False,0.165,True,,,,,,,0.0,True,2.3,34.497,-0.3,22.688,0.941,3.353,2.147,0.0,False,0.398,,
pai,pai-v1,24a50fcc,24a50fcc,C,104,10.46,2.2,15.01,0.617,0.0,155,True,2.2,32.685,155,15.053,15.131,0.007,0.942,0.447,55.243,0.01,0.018,-0.03,False,0.499,True,,,,,,,0.0,True,2.2,32.685,-0.2,21.187,0.955,3.369,2.162,0.0,False,0.383,,
pai,pai-v1,24a50fcc,24a50fcc,C,105,10.56,2.1,15.039,0.572,0.0,155,True,2.1,31.465,155,15.118,15.241,0.01,1.277,-1.546,55.519,0.015,0.024,-0.032,False,0.72,True,,,,,,,0.0,True,2.1,31.465,-0.2,19.685,0.948,3.36,2.154,0.0,False,0.401,,
pai,pai-v1,24a50fcc,24a50fcc,C,106,10.66,2.0,15.062,0.526,0.0,155,True,2.0,29.808,155,15.144,15.192,0.013,1.544,-3.191,54.325,0.021,0.03,-0.028,False,0.813,True,,,,,,,0.0,True,2.0,29.808,-0.3,18.182,0.925,3.334,2.13,0.0,False,0.393,,
pai,pai-v1,24a50fcc,24a50fcc,C,107,10.76,1.9,15.079,0.48,0.0,155,True,1.9,28.141,155,15.143,15.143,0.014,1.613,-4.387,53.854,0.027,0.035,-0.039,True,0.0,True,,,,,,,0.0,True,1.9,28.141,-0.4,16.679,0.886,3.288,2.087,7.033,True,0.43,,
pai,pai-v1,24a50fcc,24a50fcc,C,108,10.86,1.8,15.089,0.433,0.0,155,True,1.8,26.665,155,15.109,15.109,0.01,1.383,-4.523,54.852,0.03,0.039,-0.033,True,0.0,True,,,,,,,0.0,True,1.8,26.665,-0.4,15.177,0.834,3.229,2.032,7.026,True,0.389,,
pai,pai-v1,24a50fcc,24a50fcc,C,109,10.96,1.7,15.089,0.388,0.0,155,True,1.7,25.099,155,15.076,15.076,0.007,0.979,-4.601,55.178,0.035,0.041,-0.038,True,0.0,True,,,,,,,0.0,True,1.7,25.099,-0.4,14.372,0.882,3.26,2.071,7.009,True,0.395,,
pai,pai-v1,24a50fcc,24a50fcc,C,110,11.06,1.6,15.078,0.347,0.0,155,True,1.6,23.552,155,15.072,15.072,0.012,1.49,-7.602,53.545,0.039,0.041,-0.039,True,0.0,True,,,,,,,0.0,True,1.6,23.552,-0.5,13.568,0.923,3.278,2.101,6.974,True,0.378,,
pai,pai-v1,24a50fcc,24a50fcc,C,111,11.16,1.5,15.057,0.308,0.0,155,True,1.5,22.191,155,15.059,15.059,0.011,1.607,-8.279,54.5,0.037,0.041,-0.031,True,0.0,True,,,,,,,0.0,True,1.5,22.191,-0.4,12.761,0.951,3.289,2.12,6.906,True,0.303,,
pai,pai-v1,24a50fcc,24a50fcc,C,112,11.26,1.4,15.026,0.269,0.0,155,True,1.4,20.551,155,15.0,15.0,0.013,1.706,-11.025,53.521,0.039,0.04,-0.035,True,0.0,True,,,,,,,0.0,True,1.4,20.551,-0.4,11.95,0.962,3.291,2.127,6.807,True,0.281,,
pai,pai-v1,24a50fcc,24a50fcc,C,113,11.36,1.3,14.989,0.233,0.0,155,True,1.3,19.157,155,14.954,14.954,0.006,0.939,-5.864,55.546,0.037,0.038,-0.027,True,0.0,True,,,,,,,0.0,True,1.3,19.157,-0.3,11.135,0.973,3.271,2.122,6.681,True,0.213,,
pai,pai-v1,24a50fcc,24a50fcc,C,114,11.46,1.2,14.946,0.202,0.0,155,True,1.2,17.662,155,14.916,14.916,0.007,1.127,-6.048,55.062,0.037,0.036,-0.03,True,0.0,True,,,,,,,0.0,True,1.2,17.662,-0.4,10.31,0.969,3.25,2.11,6.533,True,0.187,,
pai,pai-v1,24a50fcc,24a50fcc,C,115,11.56,1.1,14.902,0.177,0.0,155,True,1.1,16.244,155,14.876,14.876,0.002,0.534,0.546,56.878,0.036,0.036,-0.032,True,0.0,True,,,,,,,0.0,True,1.1,16.244,-0.4,9.474,0.968,3.224,2.096,6.367,True,0.17,,
pai,pai-v1,24a50fcc,24a50fcc,C,116,11.66,1.0,14.86,0.157,0.0,155,True,1.0,14.862,155,14.873,14.873,0.002,0.489,1.501,58.019,0.033,0.036,-0.021,True,0.0,True,,,,,,,0.0,True,1.0,14.862,-0.4,8.624,0.965,3.201,2.083,6.191,True,0.135,,
pai,pai-v1,24a50fcc,24a50fcc,C,117,11.76,0.9,14.827,0.143,0.0,155,True,0.9,13.425,155,14.87,14.974,0.002,0.527,2.903,59.355,0.035,0.036,-0.025,True,0.0,True,,,,,,,0.0,True,0.9,13.425,-0.5,7.759,0.96,3.182,2.071,6.011,True,0.139,,
pai,pai-v1,24a50fcc,24a50fcc,C,118,11.86,0.8,14.806,0.132,0.0,155,True,0.8,11.948,155,14.869,15.177,0.003,0.659,2.61,59.981,0.038,0.037,-0.026,True,0.0,True,,,,,,,0.0,True,0.8,11.948,-0.5,6.878,0.951,3.168,2.059,5.835,True,0.128,,
pai,pai-v1,24a50fcc,24a50fcc,C,119,11.96,0.7,14.799,0.122,0.0,155,True,0.7,10.442,155,14.861,15.204,0.003,0.657,1.162,60.16,0.039,0.039,-0.023,True,0.0,True,,,,,,,0.0,True,0.7,10.442,-0.6,5.982,0.94,3.145,2.042,5.667,True,0.108,,
pai,pai-v1,24a50fcc,24a50fcc,C,120,12.06,0.6,14.808,0.116,0.0,155,True,0.6,8.954,155,14.883,15.218,0.004,0.825,-0.355,60.233,0.041,0.041,-0.024,True,0.0,True,,,,,,,0.0,True,0.6,8.954,-0.6,5.07,0.925,3.115,2.02,5.511,True,0.093,,
pai,pai-v1,24a50fcc,24a50fcc,C,121,12.16,0.5,14.83,0.116,0.0,155,True,0.5,7.47,155,14.941,15.355,0.004,0.787,-0.847,60.563,0.043,0.043,-0.027,True,0.0,True,,,,,,,0.0,True,0.5,7.47,-0.6,4.142,0.905,3.079,1.992,5.37,True,0.075,,
pai,pai-v1,24a50fcc,24a50fcc,C,122,12.26,0.4,14.863,0.121,0.0,155,True,0.4,5.987,155,14.966,15.349,0.004,0.867,-1.964,60.568,0.044,0.046,-0.025,True,0.0,True,,,,,,,0.0,True,0.4,5.987,-0.6,3.198,0.877,3.036,1.956,5.244,True,0.055,,
pai,pai-v1,24a50fcc,24a50fcc,C,123,12.36,0.3,14.905,0.129,0.0,155,True,0.3,4.509,155,15.032,15.513,0.004,0.93,-2.608,60.963,0.05,0.047,-0.026,True,0.0,True,,,,,,,0.0,True,0.3,4.509,-0.6,2.24,0.843,2.982,1.913,5.135,True,0.053,,
pai,pai-v1,24a50fcc,24a50fcc,C,124,12.46,0.2,14.953,0.145,0.0,155,True,0.2,3.007,155,15.036,15.304,0.005,1.124,-4.247,60.371,0.057,0.049,-0.029,True,0.0,True,,,,,,,0.0,True,0.2,3.007,-0.6,1.267,0.803,2.921,1.862,5.041,True,0.049,,
pai,pai-v1,24a50fcc,24a50fcc,C,125,12.56,0.1,15.004,0.165,0.0,155,True,0.1,1.511,155,15.112,15.403,0.005,1.033,-4.479,60.634,0.055,0.049,-0.033,True,0.0,True,,,,,,,0.0,True,0.1,1.511,-0.7,0.28,0.757,2.856,1.806,4.962,True,0.043,,
pai,pai-v1,8a365ac2,8a365ac2,C,0,0.06,5.3,0.001,-0.0,9.0,,False,,,,0.002,3.188,0.073,0.739,21.142,5.799,0.0,0.0,0.002,False,9.0,False,,,,,,,9.0,False,,,0.0,4.237,-38.621,-34.124,-36.373,4.478,False,0.0,,
pai,pai-v1,8a365ac2,8a365ac2,C,1,0.16,5.2,0.002,-0.0,9.0,,False,,,,0.005,3.206,0.073,0.752,21.503,5.843,0.0,0.0,0.002,False,9.0,False,,,,,,,9.0,False,,,0.0,4.144,-38.215,-33.694,-35.954,4.478,False,0.0,,
pai,pai-v1,8a365ac2,8a365ac2,C,2,0.26,5.1,0.002,-0.0,6.814,8,False,,,,0.006,3.477,0.073,0.877,23.942,6.604,0.0,-0.0,0.002,False,9.0,False,,,,,,,6.814,False,,,0.0,4.062,-37.802,-33.269,-35.535,4.484,False,0.0,,
pai,pai-v1,8a365ac2,8a365ac2,C,3,0.36,5.0,0.002,-0.0,6.026,8,False,,,,0.006,3.517,0.074,0.917,24.991,6.743,0.0,-0.0,0.002,False,9.0,False,,,,,,,6.026,False,,,0.0,4.0,-37.38,-32.849,-35.114,4.504,False,0.0,,
pai,pai-v1,8a365ac2,8a365ac2,C,4,0.46,4.9,0.001,-0.0,5.401,8,False,,,,0.007,3.571,0.077,0.982,27.178,6.804,0.0,0.0,0.002,False,9.0,False,,,,,,,5.401,False,,,0.0,3.952,-36.944,-32.433,-34.689,4.551,False,0.0,,
pai,pai-v1,8a365ac2,8a365ac2,C,5,0.56,4.8,0.002,-0.0,4.628,8,False,,,,0.007,3.588,0.078,1.0,27.755,6.87,0.0,0.0,0.003,False,9.0,False,,,,,,,4.628,False,,,0.0,3.912,-36.493,-32.018,-34.256,4.632,False,0.0,,
pai,pai-v1,8a365ac2,8a365ac2,C,6,0.66,4.7,0.002,0.0,3.712,8,False,,,,0.012,3.582,0.076,0.971,26.263,6.744,0.0,0.0,0.002,False,9.0,False,,,,,,,3.712,False,,,0.0,3.879,-36.021,-31.598,-33.81,4.746,False,0.0,,
pai,pai-v1,8a365ac2,8a365ac2,C,7,0.76,4.6,0.002,0.0,2.886,8,False,,,,0.01,3.609,0.076,0.983,26.523,6.815,0.0,0.0,0.001,False,9.0,False,,,,,,,2.886,False,,,0.0,3.855,-35.527,-31.168,-33.347,4.889,False,0.0,,
pai,pai-v1,8a365ac2,8a365ac2,C,8,0.86,4.5,0.003,0.0,1.991,8,False,,,,0.012,3.592,0.074,0.96,25.686,6.721,0.0,-0.0,-0.0,False,9.0,False,,,,,,,1.991,False,,,0.0,3.837,-35.009,-30.72,-32.865,5.052,False,0.0,,
pai,pai-v1,8a365ac2,8a365ac2,C,9,0.96,4.4,0.005,-0.0,1.142,8,False,,,,0.014,3.579,0.074,0.95,25.404,6.658,0.0,-0.0,-0.002,False,9.0,False,,,,,,,1.142,False,,,0.0,3.82,-34.473,-30.248,-32.361,5.225,False,0.0,,
pai,pai-v1,8a365ac2,8a365ac2,C,10,1.06,4.3,0.002,-0.001,0.252,8,False,,,,0.015,3.52,0.074,0.911,24.467,6.47,0.0,-0.0,-0.004,False,9.0,False,,,,,,,0.252,False,,,0.0,3.797,-33.924,-29.744,-31.834,5.398,False,0.0,,
pai,pai-v1,8a365ac2,8a365ac2,C,11,1.16,4.2,0.003,-0.001,0.0,8,True,4.0,6.407,8,0.015,3.5,0.074,0.9,24.254,6.407,0.0,-0.0,-0.004,False,9.0,True,,,,,,,0.0,True,4.0,6.407,0.1,3.767,-33.367,-29.208,-31.287,5.562,False,0.0,,
pai,pai-v1,8a365ac2,8a365ac2,C,12,1.26,4.1,0.009,-0.0,0.0,8,True,4.0,6.417,8,0.017,3.48,0.074,0.899,24.462,6.417,0.0,-0.0,-0.002,False,9.0,True,,,,,,,0.0,True,4.0,6.417,0.1,3.741,-32.8,-28.646,-30.723,5.706,False,0.0,,
pai,pai-v1,8a365ac2,8a365ac2,C,13,1.36,4.0,0.011,0.001,0.09,8,False,,,,0.018,3.361,0.076,0.857,24.119,6.294,0.0,0.0,-0.002,False,9.0,False,,,,,,,0.09,False,,,0.0,3.72,-32.222,-28.065,-30.144,5.825,False,0.0,,
pai,pai-v1,8a365ac2,8a365ac2,C,14,1.46,3.9,0.008,0.002,0.203,8,False,,,,0.013,3.296,0.078,0.843,24.452,6.231,-0.0,0.0,-0.001,False,9.0,False,,,,,,,0.203,False,,,0.0,3.703,-31.638,-27.47,-29.554,5.923,False,0.0,,
pai,pai-v1,8a365ac2,8a365ac2,C,15,1.56,3.8,0.003,0.002,0.45,8,False,,,,0.013,3.346,0.074,0.826,23.131,6.211,0.0,0.0,-0.001,False,9.0,False,,,,,,,0.45,False,,,0.0,3.697,-31.044,-26.869,-28.956,6.006,False,0.0,,
pai,pai-v1,8a365ac2,8a365ac2,C,16,1.66,3.7,0.004,0.001,0.687,8,False,,,,0.016,3.436,0.072,0.853,23.249,6.338,0.001,0.0,-0.001,False,9.0,False,,,,,,,0.687,False,,,0.0,3.711,-30.438,-26.266,-28.352,6.085,False,0.0,,
pai,pai-v1,8a365ac2,8a365ac2,C,17,1.76,3.6,0.009,0.001,1.009,8,False,,,,0.015,3.466,0.072,0.871,23.846,6.378,0.001,0.0,-0.001,False,9.0,False,,,,,,,1.009,False,,,0.0,3.743,-29.819,-25.662,-27.741,6.169,False,0.0,,
pai,pai-v1,8a365ac2,8a365ac2,C,18,1.86,3.5,0.019,0.0,0.981,8,False,,,,0.017,3.578,0.074,0.953,26.41,6.764,0.001,0.0,0.0,False,9.0,False,,,,,,,0.981,False,,,0.0,3.788,-29.187,-25.054,-27.12,6.264,False,0.0,,
pai,pai-v1,8a365ac2,8a365ac2,C,19,1.96,3.4,0.039,-0.002,1.087,8,False,,,,0.055,3.664,0.082,1.069,30.761,7.044,0.001,0.001,-0.0,False,9.0,False,,,,,,,1.087,False,,,0.0,3.798,-28.561,-24.418,-26.49,6.373,False,0.0,,
pai,pai-v1,8a365ac2,8a365ac2,C,20,2.06,3.3,0.07,0.002,1.18,8,False,,,,0.08,3.727,0.082,1.101,31.85,7.296,0.002,0.002,0.001,False,9.0,False,,,,,,,1.18,False,,,0.0,3.787,-27.934,-23.761,-25.848,6.496,False,0.0,,
pai,pai-v1,8a365ac2,8a365ac2,C,21,2.16,3.2,0.11,0.002,1.054,8,False,,,,0.128,3.817,0.085,1.199,34.58,7.81,0.002,0.003,0.001,False,9.0,False,,,,,,,1.054,False,,,0.0,3.778,-27.292,-23.094,-25.193,6.63,False,0.0,,
pai,pai-v1,8a365ac2,8a365ac2,C,22,2.26,3.1,0.158,0.002,0.993,8,False,,,,0.188,3.901,0.091,1.312,38.471,8.28,0.003,0.004,0.002,False,9.0,False,,,,,,,0.993,False,,,0.0,3.774,-26.633,-22.416,-24.524,6.772,False,0.0,,
pai,pai-v1,8a365ac2,8a365ac2,C,23,2.36,3.0,0.214,0.002,0.716,8,False,,,,0.257,4.129,0.095,1.505,43.765,9.155,0.004,0.006,0.003,False,9.0,False,,,,,,,0.716,False,,,0.0,3.776,-25.957,-21.727,-23.842,6.919,False,2.504,,
pai,pai-v1,8a365ac2,8a365ac2,C,24,2.46,2.9,0.28,0.002,0.359,8,False,,,,0.337,4.401,0.098,1.698,49.317,10.088,0.007,0.009,0.004,False,9.0,False,,,,,,,0.359,False,,,0.0,3.778,-25.265,-21.027,-23.146,7.067,False,2.455,,
pai,pai-v1,8a365ac2,8a365ac2,C,25,2.56,2.8,0.357,0.002,0.0,8,True,3.0,6.607,8,0.434,4.706,0.101,1.879,55.081,11.115,0.011,0.013,0.005,False,9.0,True,,,,,,,0.0,True,3.0,6.607,0.1,3.777,-24.558,-20.315,-22.436,7.217,False,2.404,,
pai,pai-v1,8a365ac2,8a365ac2,C,26,2.66,2.7,0.448,0.002,0.0,8,True,2.9,6.819,8,0.539,4.988,0.101,2.006,59.613,11.991,0.017,0.018,0.007,False,9.0,True,,,,,,,0.0,True,2.9,6.819,0.7,3.767,-23.838,-19.589,-21.714,7.366,False,2.451,,
pai,pai-v1,8a365ac2,8a365ac2,C,27,2.76,2.6,0.552,0.002,0.0,8,True,2.7,6.527,8,0.653,5.219,0.1,2.071,62.594,12.785,0.023,0.025,0.009,False,9.0,True,,,,,,,0.0,True,2.7,6.527,0.9,3.745,-23.106,-18.851,-20.979,7.515,False,2.372,,
pai,pai-v1,8a365ac2,8a365ac2,C,28,2.86,2.5,0.669,0.002,0.0,8,True,2.6,6.583,8,0.776,5.466,0.101,2.147,65.774,13.591,0.031,0.032,0.011,False,9.0,True,,,,,,,0.0,True,2.6,6.583,1.3,3.705,-22.364,-18.1,-20.232,7.663,False,2.287,,
pai,pai-v1,8a365ac2,8a365ac2,C,29,2.96,2.4,0.798,0.002,0.0,8,True,2.5,6.546,8,0.906,5.643,0.1,2.205,67.94,14.245,0.041,0.042,0.012,False,9.0,True,,,,,,,0.0,True,2.5,6.546,1.4,3.649,-21.613,-17.339,-19.476,7.811,False,2.292,,
pai,pai-v1,8a365ac2,8a365ac2,C,30,3.06,2.3,0.937,0.002,0.0,8,True,2.3,6.168,8,1.05,5.866,0.099,2.303,70.344,15.059,0.051,0.053,0.014,False,9.0,True,,,,,,,0.0,True,2.3,6.168,1.6,3.573,-20.852,-16.568,-18.71,7.959,False,2.232,,
pai,pai-v1,8a365ac2,8a365ac2,C,31,3.16,2.2,1.085,0.003,0.0,8,True,2.2,6.106,8,1.203,6.028,0.099,2.329,72.074,15.698,0.062,0.065,0.016,False,9.0,True,,,,,,,0.0,True,2.2,6.106,2.0,3.479,-20.082,-15.792,-17.937,8.105,False,2.144,,
pai,pai-v1,8a365ac2,8a365ac2,C,32,3.26,2.1,1.239,0.005,0.0,8,True,2.1,6.075,8,1.363,6.282,0.099,2.443,75.13,16.535,0.076,0.078,0.018,False,9.0,True,,,,,,,0.0,True,2.1,6.075,2.1,3.365,-19.306,-15.01,-17.158,8.25,False,2.054,,
pai,pai-v1,8a365ac2,8a365ac2,C,33,3.36,2.0,1.4,0.007,0.0,8,True,2.0,5.909,8,1.524,6.433,0.101,2.549,77.841,17.122,0.091,0.093,0.02,False,9.0,True,,,,,,,0.0,True,2.0,5.909,2.0,3.23,-18.525,-14.224,-16.374,8.393,False,2.106,,
pai,pai-v1,8a365ac2,8a365ac2,C,34,3.46,1.9,1.566,0.01,0.0,8,True,1.9,5.754,8,1.698,6.534,0.101,2.579,78.872,17.588,0.104,0.108,0.022,False,9.0,True,,,,,,,0.0,True,1.9,5.754,1.9,3.071,-17.74,-13.434,-15.587,8.533,False,2.067,,
pai,pai-v1,8a365ac2,8a365ac2,C,35,3.56,1.8,1.736,0.013,0.0,8,True,1.8,5.545,8,1.862,6.597,0.103,2.583,79.934,17.958,0.119,0.124,0.023,False,9.0,True,,,,,,,0.0,True,1.8,5.545,1.9,2.886,-16.953,-12.64,-14.796,8.669,False,2.004,,
pai,pai-v1,8a365ac2,8a365ac2,C,36,3.66,1.7,1.907,0.017,0.0,8,True,1.7,5.326,8,2.033,6.598,0.104,2.54,79.932,18.303,0.137,0.141,0.024,False,9.0,True,,,,,,,0.0,True,1.7,5.326,1.6,2.677,-16.166,-11.843,-14.005,8.799,False,1.913,,
pai,pai-v1,8a365ac2,8a365ac2,C,37,3.76,1.6,2.078,0.021,0.0,8,True,1.6,5.082,8,2.206,6.642,0.105,2.524,79.768,18.657,0.154,0.158,0.024,False,9.0,True,,,,,,,0.0,True,1.6,5.082,1.6,2.442,-15.38,-11.043,-13.212,8.922,False,1.771,,
pai,pai-v1,8a365ac2,8a365ac2,C,38,3.86,1.5,2.246,0.027,0.0,8,True,1.5,4.809,8,2.364,6.653,0.105,2.527,79.686,18.986,0.175,0.174,0.025,False,9.0,True,,,,,,,0.0,True,1.5,4.809,1.5,2.183,-14.595,-10.241,-12.418,9.037,False,1.722,,
pai,pai-v1,8a365ac2,8a365ac2,C,39,3.96,1.4,2.411,0.033,0.0,8,True,1.4,4.586,8,2.527,6.579,0.103,2.452,78.225,19.14,0.19,0.189,0.028,False,9.0,True,,,,,,,0.0,True,1.4,4.586,1.6,1.903,-13.812,-9.438,-11.625,9.141,False,1.541,,
pai,pai-v1,8a365ac2,8a365ac2,C,40,4.06,1.3,2.571,0.039,0.0,8,True,1.3,4.366,8,2.693,6.561,0.101,2.465,77.869,19.492,0.205,0.203,0.03,False,9.0,True,,,,,,,0.0,True,1.3,4.366,1.7,1.603,-13.032,-8.634,-10.833,9.234,False,1.359,,
pai,pai-v1,8a365ac2,8a365ac2,C,41,4.16,1.2,2.726,0.044,0.0,8,True,1.2,4.092,8,2.844,6.52,0.099,2.414,76.958,19.705,0.219,0.214,0.031,False,9.0,True,,,,,,,0.0,True,1.2,4.092,1.8,1.289,-12.254,-7.83,-10.042,9.317,False,1.13,,
pai,pai-v1,8a365ac2,8a365ac2,C,42,4.26,1.1,2.876,0.049,0.0,8,True,1.1,3.776,8,2.981,6.482,0.097,2.311,75.26,19.843,0.234,0.223,0.034,False,6.262,True,,,,,,,0.0,True,1.1,3.776,1.8,0.969,-11.478,-7.027,-9.252,9.39,False,0.993,,
pai,pai-v1,8a365ac2,8a365ac2,C,43,4.36,1.0,3.021,0.056,0.0,8,True,1.0,3.471,8,3.123,6.444,0.094,2.233,73.373,20.111,0.247,0.23,0.035,False,5.442,True,,,,,,,0.0,True,1.0,3.471,2.0,0.654,-10.701,-6.226,-8.463,9.456,False,0.859,,
pai,pai-v1,8a365ac2,8a365ac2,C,44,4.46,0.9,3.16,0.063,0.0,8,True,0.9,3.217,8,3.269,6.484,0.09,2.188,71.942,20.461,0.25,0.236,0.036,False,4.629,True,,,,,,,0.0,True,0.9,3.217,2.2,0.352,-9.923,-5.427,-7.675,9.518,False,0.707,,
pai,pai-v1,8a365ac2,8a365ac2,C,45,4.56,0.8,3.295,0.069,0.0,8,True,0.8,2.903,8,3.387,6.408,0.09,2.185,72.666,20.538,0.264,0.239,0.034,False,3.822,True,,,,,,,0.0,True,0.8,2.903,2.1,0.072,-9.142,-4.631,-6.886,9.579,False,0.601,,
pai,pai-v1,8a365ac2,8a365ac2,C,46,4.66,0.7,3.424,0.072,0.0,8,True,0.7,2.552,8,3.485,6.247,0.09,2.131,72.273,20.254,0.269,0.24,0.035,False,3.019,True,,,,,,,0.0,True,0.7,2.552,2.2,-0.178,-8.358,-3.836,-6.097,9.644,False,0.49,,
pai,pai-v1,8a365ac2,8a365ac2,C,47,4.76,0.6,3.547,0.068,0.0,8,True,0.6,2.224,8,3.617,6.165,0.089,2.127,71.878,20.33,0.272,0.24,0.036,False,2.226,True,,,,,,,0.0,True,0.6,2.224,2.3,-0.394,-7.571,-3.043,-5.307,9.715,False,0.409,,
pai,pai-v1,8a365ac2,8a365ac2,C,48,4.86,0.5,3.661,0.06,0.0,8,True,0.5,1.859,8,3.718,5.984,0.088,2.09,71.089,20.138,0.275,0.239,0.034,False,1.452,True,,,,,,,0.0,True,0.5,1.859,2.3,-0.573,-6.783,-2.25,-4.517,9.795,False,0.377,,
pai,pai-v1,8a365ac2,8a365ac2,C,49,4.96,0.4,3.765,0.048,0.0,8,True,0.4,1.521,8,3.803,5.676,0.088,1.964,69.132,19.586,0.282,0.236,0.034,False,0.668,True,,,,,,,0.0,True,0.4,1.521,2.4,-0.711,-5.993,-1.459,-3.726,9.884,False,0.339,,
pai,pai-v1,8a365ac2,8a365ac2,C,50,5.06,0.3,3.86,0.033,0.0,8,True,0.3,1.169,8,3.898,5.468,0.089,1.923,68.22,19.274,0.283,0.231,0.031,True,0.0,True,,,,,,,0.0,True,0.3,1.169,2.5,-0.807,-5.203,-0.669,-2.936,9.982,True,0.319,,
pai,pai-v1,8a365ac2,8a365ac2,C,51,5.16,0.2,3.944,0.013,0.0,8,True,0.2,0.795,8,3.976,5.271,0.089,1.826,66.922,18.868,0.285,0.226,0.03,True,0.0,True,,,,,,,0.0,True,0.2,0.795,2.6,-0.856,-4.412,0.12,-2.146,10.088,True,0.298,,
pai,pai-v1,8a365ac2,8a365ac2,C,52,5.26,0.1,4.019,-0.014,0.0,8,True,0.1,0.413,8,4.126,5.077,0.078,1.745,62.309,19.011,0.268,0.219,0.026,True,0.0,True,,,,,,,0.0,True,0.1,0.413,nan,-0.861,-3.622,0.908,-1.357,10.198,True,0.279,,
pai,pai-v1,8ecf02e3,8ecf02e3,C,0,0.2,8.6,14.595,-0.003,9.0,,False,,,,11.062,11.062,0.001,0.117,-2.009,32.192,-0.009,-0.014,-0.015,False,9.0,False,,,,,,,9.0,False,,,0.0,44.556,-2.237,-0.03,-1.134,13.968,True,0.0,,
pai,pai-v1,8ecf02e3,8ecf02e3,C,1,0.3,8.5,14.571,-0.003,9.0,,False,,,,14.659,14.659,0.001,0.123,-1.544,46.863,-0.008,-0.017,-0.015,True,0.0,False,,,,,,,9.0,False,,,0.0,44.488,-2.157,0.044,-1.056,13.956,True,0.0,,
pai,pai-v1,8ecf02e3,8ecf02e3,C,2,0.4,8.4,14.537,-0.002,9.0,,False,,,,14.539,14.539,0.001,0.111,-1.138,51.461,-0.008,-0.019,-0.024,True,0.0,False,,,,,,,9.0,False,,,0.0,44.437,-2.074,0.119,-0.978,13.934,True,-0.159,,
pai,pai-v1,8ecf02e3,8ecf02e3,C,3,0.5,8.3,14.517,0.0,9.0,,False,,,,14.412,14.412,0.001,0.134,-1.365,51.294,-0.009,-0.02,-0.03,True,0.0,False,,,,,,,9.0,False,,,0.0,44.381,-1.986,0.201,-0.892,13.893,True,-0.37,,
pai,pai-v1,8ecf02e3,8ecf02e3,C,4,0.6,8.2,14.496,0.001,9.0,,False,,,,14.756,14.918,0.001,0.184,-1.901,55.936,-0.012,-0.015,-0.028,True,0.0,False,,,,,,,9.0,False,,,0.0,44.316,-1.881,0.299,-0.791,13.837,True,-0.853,,
pai,pai-v1,8ecf02e3,8ecf02e3,C,5,0.7,8.1,14.458,0.001,9.0,,False,,,,14.436,14.441,0.001,0.191,-1.886,53.129,-0.013,-0.004,-0.025,True,0.0,False,,,,,,,9.0,False,,,0.0,44.248,-1.753,0.428,-0.662,13.762,True,-0.844,,
pai,pai-v1,8ecf02e3,8ecf02e3,C,6,0.8,8.0,14.419,0.0,9.0,,False,,,,14.506,14.587,0.001,0.215,-2.162,53.788,-0.015,0.016,-0.006,True,0.0,False,,,,,,,9.0,False,,,0.0,44.184,-1.602,0.583,-0.509,13.671,True,-1.049,,
pai,pai-v1,8ecf02e3,8ecf02e3,C,7,0.9,7.9,14.407,-0.001,9.0,,False,,,,14.503,14.594,0.001,0.236,-2.21,53.725,-0.016,0.041,0.016,True,0.0,False,,,,,,,9.0,False,,,0.0,44.101,-1.446,0.741,-0.353,13.563,True,-1.039,,
pai,pai-v1,8ecf02e3,8ecf02e3,C,8,1.0,7.8,14.411,-0.002,9.0,,False,,,,14.496,14.631,0.001,0.258,-2.164,54.346,-0.018,0.067,0.051,True,0.0,False,,,,,,,9.0,False,,,0.0,44.015,-1.329,0.859,-0.235,13.442,True,-1.024,,
pai,pai-v1,8ecf02e3,8ecf02e3,C,9,1.1,7.7,14.392,-0.002,9.0,,False,,,,14.518,14.55,0.001,0.195,-1.989,53.591,-0.013,0.087,0.091,True,0.0,False,,,,,,,9.0,False,,,0.0,43.911,-1.31,0.871,-0.219,13.31,True,-0.807,,
pai,pai-v1,8ecf02e3,8ecf02e3,C,10,1.2,7.6,14.342,-0.002,9.0,,False,,,,14.371,14.373,0.001,0.166,-0.782,53.552,0.008,0.099,0.105,True,0.0,False,,,,,,,9.0,False,,,0.0,43.798,-1.449,0.706,-0.371,13.169,True,0.329,,
pai,pai-v1,8ecf02e3,8ecf02e3,C,11,1.3,7.5,14.294,-0.001,9.0,,False,,,,14.286,14.286,0.003,0.653,-0.578,52.104,0.046,0.099,0.092,True,0.0,False,,,,,,,9.0,False,,,0.0,43.684,-1.754,0.355,-0.7,13.021,True,1.129,,
pai,pai-v1,8ecf02e3,8ecf02e3,C,12,1.4,7.4,14.265,-0.001,9.0,,False,,,,14.265,14.265,0.005,1.011,-0.982,52.209,0.071,0.089,0.07,False,0.433,False,,,,,,,9.0,False,,,0.0,43.562,-2.193,-0.142,-1.167,12.866,True,1.394,,
pai,pai-v1,8ecf02e3,8ecf02e3,C,13,1.5,7.3,14.247,-0.002,9.0,,False,,,,14.189,14.189,0.006,1.204,-1.2,51.216,0.085,0.072,0.042,False,0.769,False,,,,,,,9.0,False,,,0.0,43.404,-2.704,-0.72,-1.712,12.705,True,1.193,,
pai,pai-v1,8ecf02e3,8ecf02e3,C,14,1.6,7.2,14.229,-0.003,9.0,,False,,,,14.174,14.174,0.007,1.49,0.631,51.691,0.105,0.055,-0.01,False,2.997,False,,,,,,,9.0,False,,,0.0,43.219,-3.267,-1.247,-2.257,12.538,False,2.808,,
pai,pai-v1,8ecf02e3,8ecf02e3,C,15,1.7,7.1,14.203,-0.004,9.0,,False,,,,14.215,14.215,0.007,1.354,-0.612,52.124,0.095,0.037,-0.02,False,2.546,False,,,,,,,9.0,False,,,0.0,43.004,-3.798,-1.718,-2.758,12.366,False,1.89,,
pai,pai-v1,8ecf02e3,8ecf02e3,C,16,1.8,7.0,14.185,-0.005,9.0,,False,,,,14.181,14.181,0.005,1.098,-1.985,51.74,0.077,0.022,-0.033,False,2.495,False,,,,,,,9.0,False,,,0.0,42.774,-4.232,-2.099,-3.165,12.191,False,1.466,,
pai,pai-v1,8ecf02e3,8ecf02e3,C,17,1.9,6.9,14.153,-0.005,9.0,,False,,,,14.176,14.187,0.003,0.552,-4.254,52.491,0.039,0.011,-0.017,False,0.681,False,,,,,,,9.0,False,,,0.0,42.542,-4.54,-2.357,-3.448,12.016,False,-0.545,,
pai,pai-v1,8ecf02e3,8ecf02e3,C,18,2.0,6.8,14.127,-0.007,9.0,,False,,,,14.161,14.161,0.003,0.548,-5.633,52.366,0.01,0.001,-0.002,True,0.0,False,,,,,,,9.0,False,,,0.0,42.3,-4.755,-2.527,-3.641,11.845,False,-1.64,,
pai,pai-v1,8ecf02e3,8ecf02e3,C,19,2.1,6.7,14.114,-0.005,9.0,,False,,,,14.197,14.305,0.003,0.63,-6.225,53.283,-0.007,-0.007,0.006,True,0.0,False,,,,,,,9.0,False,,,0.0,42.047,-4.933,-2.672,-3.802,11.681,False,-2.162,,
pai,pai-v1,8ecf02e3,8ecf02e3,C,20,2.2,6.6,14.106,0.005,9.0,,False,,,,14.159,14.198,0.003,0.659,-6.444,52.923,-0.015,-0.014,-0.001,True,0.0,False,,,,,,,9.0,False,,,0.0,41.784,-5.071,-2.777,-3.924,11.525,False,-2.364,,
pai,pai-v1,8ecf02e3,8ecf02e3,C,21,2.3,6.5,14.105,0.022,9.0,,False,,,,14.178,14.251,0.003,0.662,-6.498,52.64,-0.022,-0.02,-0.001,True,0.0,False,,,,,,,9.0,False,,,0.0,41.51,-5.151,-2.827,-3.989,11.376,False,-2.497,,
pai,pai-v1,8ecf02e3,8ecf02e3,C,22,2.4,6.4,14.109,0.044,9.0,,False,,,,14.164,14.211,0.003,0.626,-6.351,52.376,-0.024,-0.025,-0.012,True,0.0,False,,,,,,,9.0,False,,,0.0,41.228,-5.18,-2.837,-4.008,11.234,False,-2.406,,
pai,pai-v1,8ecf02e3,8ecf02e3,C,23,2.5,6.3,14.115,0.071,9.0,,False,,,,14.136,14.159,0.003,0.631,-6.451,52.032,-0.029,-0.029,-0.013,True,0.0,False,,,,,,,9.0,False,,,0.0,40.938,-5.166,-2.821,-3.993,11.094,False,-2.559,,
pai,pai-v1,8ecf02e3,8ecf02e3,C,24,2.6,6.2,14.12,0.1,9.0,,False,,,,14.129,14.134,0.003,0.614,-6.111,51.669,-0.033,-0.033,-0.011,True,0.0,False,,,,,,,9.0,False,,,0.0,40.635,-5.133,-2.79,-3.962,10.956,False,-2.492,,
pai,pai-v1,8ecf02e3,8ecf02e3,C,25,2.7,6.1,14.124,0.13,9.0,,False,,,,14.178,14.271,0.003,0.619,-6.005,52.121,-0.036,-0.037,-0.011,True,0.0,False,,,,,,,9.0,False,,,0.0,40.32,-5.085,-2.746,-3.916,10.815,False,-2.522,,
pai,pai-v1,8ecf02e3,8ecf02e3,C,26,2.8,6.0,14.128,0.159,9.0,,False,,,,14.17,14.255,0.003,0.589,-5.627,52.057,-0.037,-0.04,-0.017,True,0.0,False,,,,,,,9.0,False,,,0.0,39.993,-5.012,-2.684,-3.848,10.67,False,-2.341,,
pai,pai-v1,8ecf02e3,8ecf02e3,C,27,2.9,5.9,14.132,0.186,9.0,,False,,,,14.169,14.22,0.003,0.588,-5.598,51.38,-0.038,-0.042,-0.016,True,0.0,False,,,,,,,9.0,False,,,0.0,39.658,-4.9,-2.605,-3.753,10.522,False,-2.352,,
pai,pai-v1,8ecf02e3,8ecf02e3,C,28,3.0,5.8,14.136,0.207,9.0,,False,,,,14.182,14.23,0.003,0.57,-5.42,51.032,-0.038,-0.043,-0.02,True,0.0,False,,,,,,,9.0,False,,,0.0,39.309,-4.771,-2.508,-3.639,10.372,False,-2.254,,
pai,pai-v1,8ecf02e3,8ecf02e3,C,29,3.1,5.7,14.141,0.225,9.0,,False,,,,14.213,14.268,0.003,0.58,-5.356,50.792,-0.041,-0.045,-0.019,True,0.0,False,,,,,,,9.0,False,,,0.0,38.941,-4.637,-2.394,-3.516,10.22,False,-2.253,,
pai,pai-v1,8ecf02e3,8ecf02e3,C,30,3.2,5.6,14.145,0.24,9.0,,False,,,,14.188,14.198,0.003,0.607,-5.057,50.144,-0.043,-0.046,-0.018,True,0.0,False,,,,,,,9.0,False,,,0.0,38.56,-4.492,-2.276,-3.384,10.067,False,-2.172,,
pai,pai-v1,8ecf02e3,8ecf02e3,C,31,3.3,5.5,14.147,0.253,9.0,,False,,,,14.202,14.202,0.003,0.612,-4.86,49.136,-0.043,-0.047,-0.017,True,0.0,False,,,,,,,9.0,False,,,0.0,38.164,-4.337,-2.15,-3.244,9.914,False,-2.123,,
pai,pai-v1,8ecf02e3,8ecf02e3,C,32,3.4,5.4,14.146,0.263,9.0,,False,,,,14.202,14.206,0.003,0.603,-4.634,49.329,-0.042,-0.048,-0.019,True,0.0,False,,,,,,,9.0,False,,,0.0,37.751,-4.176,-2.013,-3.095,9.761,False,-1.97,,
pai,pai-v1,8ecf02e3,8ecf02e3,C,33,3.5,5.3,14.141,0.269,9.0,,False,,,,14.159,14.159,0.003,0.588,-4.315,48.772,-0.042,-0.048,-0.015,True,0.0,False,,,,,,,9.0,False,,,0.0,37.322,-4.009,-1.866,-2.937,9.607,False,-1.873,,
pai,pai-v1,8ecf02e3,8ecf02e3,C,34,3.6,5.2,14.133,0.272,9.0,,False,,,,14.175,14.175,0.003,0.575,-4.032,49.361,-0.041,-0.048,-0.014,True,0.0,False,,,,,,,9.0,False,,,0.0,36.877,-3.839,-1.71,-2.775,9.451,False,-1.736,,
pai,pai-v1,8ecf02e3,8ecf02e3,C,35,3.7,5.1,14.123,0.27,9.0,,False,,,,14.23,14.272,0.003,0.561,-3.808,49.613,-0.039,-0.048,-0.016,True,0.0,False,,,,,,,9.0,False,,,0.0,36.416,-3.668,-1.55,-2.609,9.29,False,-1.632,,
pai,pai-v1,8ecf02e3,8ecf02e3,C,36,3.8,5.0,14.114,0.265,9.0,,False,,,,14.216,14.251,0.003,0.549,-3.513,49.65,-0.039,-0.047,-0.016,True,0.0,False,,,,,,,9.0,False,,,0.0,35.941,-3.489,-1.387,-2.438,9.124,False,-1.502,,
pai,pai-v1,8ecf02e3,8ecf02e3,C,37,3.9,4.9,14.108,0.261,9.0,,False,,,,14.2,14.2,0.003,0.53,-3.178,48.672,-0.037,-0.046,-0.015,True,0.0,False,,,,,,,9.0,False,,,0.0,35.449,-3.305,-1.222,-2.264,8.951,False,-1.378,,
pai,pai-v1,8ecf02e3,8ecf02e3,C,38,4.0,4.8,14.105,0.257,5.278,10,False,,,,14.195,14.195,0.003,0.506,-2.829,48.429,-0.036,-0.044,-0.012,True,0.0,False,,,,,,,5.278,False,,,0.0,34.942,-3.118,-1.064,-2.091,8.771,False,-1.221,,
pai,pai-v1,8ecf02e3,8ecf02e3,C,39,4.1,4.7,14.103,0.254,4.335,10,False,,,,14.248,14.315,0.002,0.474,-2.557,48.148,-0.033,-0.041,-0.008,True,0.0,False,,,,,,,4.335,False,,,0.0,34.417,-2.932,-0.914,-1.923,8.584,True,-1.091,,
pai,pai-v1,8ecf02e3,8ecf02e3,C,40,4.2,4.6,14.103,0.248,3.202,10,False,,,,14.221,14.288,0.002,0.452,-2.231,48.053,-0.032,-0.038,-0.007,True,0.0,False,,,,,,,3.202,False,,,0.0,33.874,-2.748,-0.771,-1.76,8.389,True,-0.955,,
pai,pai-v1,8ecf02e3,8ecf02e3,C,41,4.3,4.5,14.104,0.24,3.432,10,False,,,,14.226,14.226,0.002,0.426,-2.129,46.588,-0.03,-0.034,-0.01,True,0.0,False,,,,,,,3.432,False,,,0.0,33.296,-2.598,-0.604,-1.601,8.187,True,-0.84,,
pai,pai-v1,8ecf02e3,8ecf02e3,C,42,4.4,4.4,14.105,0.231,2.731,10,False,,,,14.2,14.2,0.002,0.384,-1.866,46.047,-0.027,-0.031,-0.012,True,0.0,False,,,,,,,2.731,False,,,0.0,32.694,-2.461,-0.441,-1.451,7.979,True,-0.721,,
pai,pai-v1,8ecf02e3,8ecf02e3,C,43,4.5,4.3,14.102,0.221,3.264,10,False,,,,14.223,14.223,0.002,0.356,-1.645,44.268,-0.025,-0.027,-0.011,True,0.0,False,,,,,,,3.264,False,,,0.0,32.073,-2.335,-0.299,-1.317,7.765,True,-0.614,,
pai,pai-v1,8ecf02e3,8ecf02e3,C,44,4.6,4.2,14.093,0.209,1.795,10,False,,,,14.205,14.205,0.002,0.304,-1.328,44.485,-0.021,-0.024,-0.009,True,0.0,False,,,,,,,1.795,False,,,0.0,31.432,-2.222,-0.183,-1.203,7.546,True,-0.514,,
pai,pai-v1,8ecf02e3,8ecf02e3,C,45,4.7,4.1,14.077,0.194,1.82,10,False,,,,14.191,14.191,0.001,0.273,-1.192,43.203,-0.019,-0.022,-0.005,True,0.0,False,,,,,,,1.82,False,,,0.0,30.772,-2.12,-0.088,-1.104,7.322,True,-0.446,,
pai,pai-v1,8ecf02e3,8ecf02e3,C,46,4.8,4.0,14.054,0.176,1.754,10,False,,,,14.183,14.183,0.001,0.241,-1.093,42.005,-0.017,-0.02,-0.009,True,0.0,False,,,,,,,1.754,False,,,0.0,30.09,-2.028,-0.004,-1.016,7.096,True,-0.374,,
pai,pai-v1,8ecf02e3,8ecf02e3,C,47,4.9,3.9,14.025,0.156,1.436,10,False,,,,14.146,14.146,0.001,0.217,-0.992,41.055,-0.015,-0.017,-0.011,True,0.0,False,,,,,,,1.436,False,,,0.0,29.389,-1.946,0.071,-0.937,6.869,True,-0.313,,
pai,pai-v1,8ecf02e3,8ecf02e3,C,48,5.0,3.8,13.988,0.134,1.295,10,False,,,,14.102,14.102,0.001,0.184,-0.81,39.919,-0.013,-0.015,-0.005,True,0.0,False,,,,,,,1.295,False,,,0.0,28.665,-1.878,0.139,-0.87,6.639,True,-0.273,,
pai,pai-v1,8ecf02e3,8ecf02e3,C,49,5.1,3.7,13.945,0.111,0.575,10,False,,,,14.122,14.122,0.001,0.161,-0.705,39.358,-0.011,-0.014,-0.004,True,0.0,False,,,,,,,0.575,False,,,0.0,27.921,-1.822,0.197,-0.812,6.408,True,-0.227,,
pai,pai-v1,8ecf02e3,8ecf02e3,C,50,5.2,3.6,13.895,0.089,0.647,10,False,,,,14.046,14.046,0.001,0.135,-0.678,37.997,-0.01,-0.012,-0.006,True,0.0,False,,,,,,,0.647,False,,,0.0,27.157,-1.775,0.252,-0.761,6.175,True,-0.197,,
pai,pai-v1,8ecf02e3,8ecf02e3,C,51,5.3,3.5,13.841,0.068,0.0,10,True,3.9,37.322,10,14.011,14.011,0.001,0.125,-0.615,37.709,-0.009,-0.011,-0.007,True,0.0,True,,,,,,,0.0,True,3.9,37.322,1.4,26.375,-1.735,0.303,-0.716,5.941,True,-0.171,,
pai,pai-v1,8ecf02e3,8ecf02e3,C,52,5.4,3.4,13.78,0.047,0.251,10,False,,,,13.904,13.904,0.001,0.114,-0.649,35.797,-0.008,-0.01,-0.006,True,0.0,False,,,,,,,0.251,False,,,0.0,25.575,-1.7,0.347,-0.676,5.705,True,-0.162,,
pai,pai-v1,8ecf02e3,8ecf02e3,C,53,5.5,3.3,13.712,0.03,0.0,10,True,3.9,34.79,10,13.858,13.858,0.001,0.103,-0.645,35.098,-0.007,-0.009,-0.004,True,0.0,True,,,,,,,0.0,True,3.9,34.79,1.5,24.757,-1.671,0.386,-0.643,5.465,True,-0.143,,
pai,pai-v1,8ecf02e3,8ecf02e3,C,54,5.6,3.2,13.634,0.015,0.0,10,True,3.7,33.423,10,13.763,13.763,0.001,0.095,-0.577,34.328,-0.007,-0.007,-0.003,True,0.0,True,,,,,,,0.0,True,3.7,33.423,1.5,23.923,-1.645,0.418,-0.613,5.221,True,-0.122,,
pai,pai-v1,8ecf02e3,8ecf02e3,C,55,5.7,3.1,13.545,0.0,0.0,10,True,3.6,31.896,10,13.662,13.662,0.001,0.071,-0.613,32.952,-0.005,-0.006,-0.004,True,0.0,True,,,,,,,0.0,True,3.6,31.896,1.5,23.072,-1.62,0.448,-0.586,4.974,True,-0.096,,
pai,pai-v1,8ecf02e3,8ecf02e3,C,56,5.8,3.0,13.443,-0.012,0.0,10,True,4.0,30.844,10,13.553,13.553,0.001,0.049,-0.655,30.844,-0.004,-0.005,-0.004,True,0.0,True,,,,,,,0.0,True,4.0,30.844,-0.9,22.207,-1.597,0.475,-0.561,4.728,True,-0.074,,
pai,pai-v1,8ecf02e3,8ecf02e3,C,57,5.9,2.9,13.325,-0.026,0.575,10,False,,,,13.408,13.408,0.001,0.039,-0.624,28.97,-0.002,-0.004,-0.001,True,0.0,False,,,,,,,0.575,False,,,0.0,21.328,-1.577,0.495,-0.541,4.483,True,-0.046,,
pai,pai-v1,8ecf02e3,8ecf02e3,C,58,6.0,2.8,13.188,-0.038,1.353,10,False,,,,13.242,13.242,0.001,0.036,-0.604,26.907,-0.002,-0.003,-0.001,True,0.0,False,,,,,,,1.353,False,,,0.0,20.438,-1.562,0.51,-0.526,4.243,True,-0.034,,
pai,pai-v1,8ecf02e3,8ecf02e3,C,59,6.1,2.7,13.029,-0.045,0.095,10,False,,,,13.073,13.073,0.001,0.031,-0.588,26.889,-0.002,-0.002,-0.002,True,0.0,False,,,,,,,0.095,False,,,0.0,19.538,-1.55,0.521,-0.514,4.012,True,-0.027,,
pai,pai-v1,8ecf02e3,8ecf02e3,C,60,6.2,2.6,12.849,-0.051,0.0,10,True,3.8,25.662,10,12.899,12.899,0.001,0.025,-0.52,25.895,-0.001,-0.001,0.002,True,0.0,True,,,,,,,0.0,True,3.8,25.662,1.5,18.632,-1.542,0.531,-0.505,3.795,True,-0.011,,
pai,pai-v1,8ecf02e3,8ecf02e3,C,61,6.3,2.5,12.652,-0.056,0.0,10,True,3.0,24.102,10,12.713,12.713,0.001,0.027,-0.531,25.73,-0.0,-0.0,0.0,True,0.0,True,,,,,,,0.0,True,3.0,24.102,1.6,17.724,-1.538,0.541,-0.498,3.591,True,-0.015,,
pai,pai-v1,8ecf02e3,8ecf02e3,C,62,6.4,2.4,12.443,-0.061,0.0,10,True,2.8,22.641,10,12.477,12.477,0.001,0.032,-0.661,24.919,0.0,0.001,-0.001,True,0.0,True,,,,,,,0.0,True,2.8,22.641,1.6,16.815,-1.537,0.553,-0.492,3.403,True,-0.014,,
pai,pai-v1,8ecf02e3,8ecf02e3,C,63,6.5,2.3,12.226,-0.063,0.0,10,True,2.5,21.296,10,12.282,12.282,0.001,0.036,-0.762,24.326,0.0,0.002,0.0,True,0.0,True,,,,,,,0.0,True,2.5,21.296,1.7,15.908,-1.541,0.563,-0.489,3.231,True,-0.023,,
pai,pai-v1,8ecf02e3,8ecf02e3,C,64,6.6,2.2,12.001,-0.062,0.0,10,True,2.4,20.179,10,12.051,12.051,0.001,0.031,-0.71,23.742,-0.0,0.003,-0.001,True,0.0,True,,,,,,,0.0,True,2.4,20.179,1.6,15.008,-1.548,0.57,-0.489,3.075,True,-0.005,,
pai,pai-v1,8ecf02e3,8ecf02e3,C,65,6.7,2.1,11.77,-0.057,0.0,10,True,2.2,18.681,10,11.809,11.809,0.002,0.028,-0.694,22.641,0.0,0.004,0.001,True,0.0,True,,,,,,,0.0,True,2.2,18.681,1.7,14.117,-1.557,0.572,-0.492,2.935,True,-0.004,,
pai,pai-v1,8ecf02e3,8ecf02e3,C,66,6.8,2.0,11.533,-0.052,0.0,10,True,2.0,17.499,10,11.596,11.596,0.002,0.031,-0.741,22.131,0.001,0.005,-0.002,True,0.0,True,,,,,,,0.0,True,2.0,17.499,1.7,13.237,-1.564,0.567,-0.498,2.809,True,0.005,,
pai,pai-v1,8ecf02e3,8ecf02e3,C,67,6.9,1.9,11.293,-0.045,0.0,10,True,1.8,16.098,10,11.38,11.38,0.002,0.031,-0.738,21.807,0.002,0.007,-0.002,True,0.0,True,,,,,,,0.0,True,1.8,16.098,1.7,12.372,-1.568,0.553,-0.507,2.696,True,0.011,,
pai,pai-v1,8ecf02e3,8ecf02e3,C,68,7.0,1.8,11.051,-0.032,0.0,10,True,1.7,15.053,10,11.138,11.138,0.002,0.036,-0.786,20.883,0.003,0.008,-0.003,True,0.0,True,,,,,,,0.0,True,1.7,15.053,1.7,11.523,-1.569,0.531,-0.519,2.593,True,0.019,,
pai,pai-v1,8ecf02e3,8ecf02e3,C,69,7.1,1.7,10.809,-0.016,0.0,10,True,1.5,13.714,10,10.89,10.89,0.003,0.046,-0.808,20.408,0.004,0.008,-0.003,True,0.0,True,,,,,,,0.0,True,1.5,13.714,1.7,10.69,-1.571,0.501,-0.535,2.501,True,0.018,,
pai,pai-v1,8ecf02e3,8ecf02e3,C,70,7.2,1.6,10.565,0.002,0.0,10,True,1.5,13.109,10,10.62,10.62,0.003,0.053,-0.767,19.166,0.005,0.009,-0.003,True,0.0,True,,,,,,,0.0,True,1.5,13.109,1.6,9.873,-1.574,0.469,-0.552,2.415,True,0.022,,
pai,pai-v1,8ecf02e3,8ecf02e3,C,71,7.3,1.5,10.32,0.02,0.0,10,True,1.3,11.614,10,10.411,10.411,0.003,0.055,-0.782,18.866,0.005,0.01,-0.002,True,0.0,True,,,,,,,0.0,True,1.3,11.614,1.6,9.071,-1.58,0.437,-0.571,2.336,True,0.023,,
pai,pai-v1,8ecf02e3,8ecf02e3,C,72,7.4,1.4,10.069,0.04,0.0,10,True,1.3,10.978,10,10.085,10.085,0.003,0.064,-0.746,17.202,0.006,0.01,-0.001,True,0.0,True,,,,,,,0.0,True,1.3,10.978,1.6,8.285,-1.589,0.408,-0.591,2.261,True,0.022,,
pai,pai-v1,8ecf02e3,8ecf02e3,C,73,7.5,1.3,9.81,0.064,0.0,10,True,1.1,9.64,10,9.857,9.857,0.003,0.067,-0.74,16.921,0.007,0.011,-0.003,True,0.0,True,,,,,,,0.0,True,1.1,9.64,1.6,7.515,-1.602,0.382,-0.61,2.19,True,0.028,,
pai,pai-v1,8ecf02e3,8ecf02e3,C,74,7.6,1.2,9.544,0.089,0.0,10,True,1.0,8.744,10,9.54,9.54,0.003,0.069,-0.814,16.302,0.007,0.011,-0.003,True,0.0,True,,,,,,,0.0,True,1.0,8.744,1.6,6.763,-1.617,0.36,-0.628,2.123,True,0.023,,
pai,pai-v1,8ecf02e3,8ecf02e3,C,75,7.7,1.1,9.27,0.113,0.0,10,True,0.9,7.764,10,9.301,9.301,0.003,0.082,-0.816,15.84,0.009,0.011,-0.004,True,0.0,True,,,,,,,0.0,True,0.9,7.764,1.5,6.031,-1.635,0.341,-0.647,2.059,True,0.03,,
pai,pai-v1,8ecf02e3,8ecf02e3,C,76,7.8,1.0,8.99,0.138,0.0,10,True,0.9,7.481,10,9.002,9.002,0.003,0.084,-0.79,15.537,0.009,0.012,-0.001,True,0.0,True,,,,,,,0.0,True,0.9,7.481,1.5,5.32,-1.653,0.323,-0.665,1.998,True,0.023,,
pai,pai-v1,8ecf02e3,8ecf02e3,C,77,7.9,0.9,8.708,0.161,0.0,10,True,0.8,6.492,10,8.721,8.721,0.004,0.082,-0.813,14.167,0.009,0.012,-0.003,True,0.0,True,,,,,,,0.0,True,0.8,6.492,1.5,4.631,-1.669,0.304,-0.682,1.941,True,0.024,,
pai,pai-v1,8ecf02e3,8ecf02e3,C,78,8.0,0.8,8.422,0.184,0.0,10,True,0.7,5.525,10,8.39,8.39,0.005,0.085,-0.747,12.748,0.01,0.011,-0.002,True,0.0,True,,,,,,,0.0,True,0.7,5.525,1.5,3.965,-1.685,0.287,-0.699,1.887,True,0.021,,
pai,pai-v1,8ecf02e3,8ecf02e3,C,79,8.1,0.7,8.13,0.216,0.0,10,True,0.6,4.673,10,8.082,8.082,0.005,0.072,-0.749,11.896,0.009,0.011,-0.003,True,0.0,True,,,,,,,0.0,True,0.6,4.673,1.5,3.32,-1.704,0.275,-0.715,1.835,True,0.017,,
pai,pai-v1,8ecf02e3,8ecf02e3,C,80,8.2,0.6,7.831,0.246,0.0,10,True,0.5,3.905,10,7.81,7.81,0.005,0.072,-0.84,11.753,0.009,0.01,-0.004,True,0.0,True,,,,,,,0.0,True,0.5,3.905,1.5,2.7,-1.722,0.263,-0.729,1.785,True,0.019,,
pai,pai-v1,8ecf02e3,8ecf02e3,C,81,8.3,0.5,7.528,0.277,0.0,10,True,0.4,3.011,10,7.527,7.527,0.004,0.068,-0.784,11.589,0.009,0.01,-0.005,True,0.0,True,,,,,,,0.0,True,0.4,3.011,1.5,2.107,-1.737,0.251,-0.743,1.736,True,0.019,,
pai,pai-v1,8ecf02e3,8ecf02e3,C,82,8.4,0.4,7.229,0.303,0.0,10,True,0.3,2.17,10,7.234,7.234,0.004,0.067,-0.835,12.249,0.009,0.009,-0.003,True,0.0,True,,,,,,,0.0,True,0.3,2.17,1.5,1.54,-1.749,0.238,-0.755,1.684,True,0.013,,
pai,pai-v1,8ecf02e3,8ecf02e3,C,83,8.5,0.3,6.94,0.33,0.0,10,True,0.2,1.388,10,6.941,6.941,0.004,0.056,-0.91,12.98,0.008,0.01,-0.004,True,0.0,True,,,,,,,0.0,True,0.2,1.388,1.5,0.998,-1.759,0.227,-0.766,1.627,True,0.012,,
pai,pai-v1,8ecf02e3,8ecf02e3,C,84,8.6,0.2,6.667,0.357,0.0,10,True,0.1,0.665,10,6.65,6.65,0.004,0.054,-1.191,16.18,0.007,0.01,-0.006,True,0.0,True,,,,,,,0.0,True,0.1,0.665,1.4,0.479,-1.767,0.215,-0.776,1.563,True,0.015,,
pai,pai-v1,8ecf02e3,8ecf02e3,C,85,8.7,0.1,6.42,0.384,0.0,10,True,0.0,0.0,10,6.458,6.458,0.003,0.073,-1.422,20.25,0.006,0.011,-0.006,True,0.0,True,,,,,,,0.0,True,0.0,0.0,1.3,-0.021,-1.775,0.205,-0.785,1.489,True,0.015,,
pai,pai-v1,0e3771c0,0e3771c0,C,0,0.03,8.4,0.968,0.0,1.0,12,False,,,,0.988,0.988,0.002,0.001,0.195,2.384,0.001,0.0,0.0,False,0.999,False,,,,,,,3.238,False,,,0.0,5.648,-0.966,1.143,0.088,0.042,True,0.0,,
pai,pai-v1,0e3771c0,0e3771c0,C,1,0.13,8.3,0.95,0.001,1.0,12,False,,,,0.942,0.942,0.002,0.001,0.208,1.722,0.001,0.001,-0.001,False,0.996,False,,,,,,,3.802,False,,,0.0,5.551,-0.966,1.136,0.085,0.04,True,0.0,,
pai,pai-v1,0e3771c0,0e3771c0,C,2,0.23,8.2,0.921,0.002,0.995,12,False,,,,0.953,0.953,0.002,0.001,0.276,1.559,0.001,0.001,-0.004,False,0.988,False,,,,,,,3.871,False,,,0.0,5.457,-0.968,1.131,0.082,0.037,True,0.0,,
pai,pai-v1,0e3771c0,0e3771c0,C,3,0.33,8.1,0.891,0.002,0.988,12,False,,,,0.933,0.933,0.003,0.002,0.3,1.53,0.002,0.001,-0.007,False,0.973,False,,,,,,,3.811,False,,,0.0,5.364,-0.974,1.126,0.076,0.033,True,0.0,,
pai,pai-v1,0e3771c0,0e3771c0,C,4,0.43,8.0,0.865,0.002,0.994,12,False,,,,0.928,0.928,0.002,0.002,0.269,1.692,0.002,0.001,-0.004,False,0.981,False,,,,,,,3.56,False,,,0.0,5.273,-0.978,1.124,0.073,0.031,True,0.0,,
pai,pai-v1,0e3771c0,0e3771c0,C,5,0.53,7.9,0.845,0.003,0.994,12,False,,,,0.906,0.909,0.003,0.002,0.284,1.632,0.002,0.001,-0.004,False,0.97,False,,,,,,,3.537,False,,,0.0,5.185,-0.982,1.125,0.071,0.03,True,0.0,,
pai,pai-v1,0e3771c0,0e3771c0,C,6,0.63,7.8,0.827,0.003,0.995,12,False,,,,0.881,0.881,0.003,0.002,0.283,1.597,0.001,0.001,-0.005,False,0.97,False,,,,,,,3.491,False,,,0.0,5.098,-0.986,1.123,0.069,0.029,True,0.0,,
pai,pai-v1,0e3771c0,0e3771c0,C,7,0.73,7.7,0.81,0.003,0.992,12,False,,,,0.86,0.86,0.003,0.002,0.324,1.496,0.002,0.001,-0.005,False,0.956,False,,,,,,,3.513,False,,,0.0,5.013,-0.99,1.121,0.065,0.027,True,0.0,,
pai,pai-v1,0e3771c0,0e3771c0,C,8,0.83,7.6,0.791,0.004,0.996,12,False,,,,0.838,0.838,0.003,0.002,0.275,1.371,0.002,0.001,-0.004,False,0.963,False,,,,,,,3.559,False,,,0.0,4.93,-0.99,1.119,0.065,0.026,True,0.0,,
pai,pai-v1,0e3771c0,0e3771c0,C,9,0.93,7.5,0.774,0.004,0.998,12,False,,,,0.812,0.812,0.002,0.002,0.222,1.251,0.002,0.001,-0.003,False,0.975,False,,,,,,,3.604,False,,,0.0,4.851,-0.988,1.118,0.065,0.023,True,0.0,,
pai,pai-v1,0e3771c0,0e3771c0,C,10,1.03,7.4,0.759,0.004,0.998,12,False,,,,0.794,0.794,0.003,0.001,0.195,1.301,0.001,0.001,-0.004,False,0.988,False,,,,,,,3.48,False,,,0.0,4.773,-0.989,1.113,0.062,0.02,True,0.0,,
pai,pai-v1,0e3771c0,0e3771c0,C,11,1.13,7.3,0.745,0.005,0.997,12,False,,,,0.779,0.779,0.003,0.001,0.222,1.22,0.002,0.0,-0.004,False,0.981,False,,,,,,,3.487,False,,,0.0,4.696,-0.99,1.109,0.059,0.016,True,0.0,,
pai,pai-v1,0e3771c0,0e3771c0,C,12,1.23,7.2,0.728,0.005,0.997,12,False,,,,0.764,0.764,0.003,0.001,0.216,1.258,0.001,0.001,-0.004,False,0.979,False,,,,,,,3.376,False,,,0.0,4.622,-0.989,1.108,0.06,0.011,True,0.0,,
pai,pai-v1,0e3771c0,0e3771c0,C,13,1.33,7.1,0.71,0.005,0.997,12,False,,,,0.758,0.758,0.003,0.001,0.254,1.251,0.002,0.001,-0.004,False,0.971,False,,,,,,,3.312,False,,,0.0,4.549,-0.988,1.108,0.06,0.005,True,0.0,,
pai,pai-v1,0e3771c0,0e3771c0,C,14,1.43,7.0,0.695,0.006,0.998,12,False,,,,0.746,0.746,0.003,0.001,0.255,1.53,0.002,0.001,-0.005,False,0.969,False,,,,,,,2.962,False,,,0.0,4.478,-0.992,1.108,0.058,0.001,True,0.0,,
pai,pai-v1,0e3771c0,0e3771c0,C,15,1.53,6.9,0.682,0.006,1.0,12,False,,,,0.731,0.731,0.003,0.001,0.288,1.52,0.002,0.001,-0.005,False,0.974,False,,,,,,,2.903,False,,,0.0,4.409,-0.993,1.109,0.058,0.004,True,0.0,,
pai,pai-v1,0e3771c0,0e3771c0,C,16,1.63,6.8,0.669,0.006,0.998,12,False,,,,0.705,0.705,0.004,0.001,0.278,1.382,0.002,0.001,-0.007,False,0.976,False,,,,,,,2.971,False,,,0.0,4.341,-0.995,1.111,0.058,0.006,True,0.0,,
pai,pai-v1,0e3771c0,0e3771c0,C,17,1.73,6.7,0.655,0.007,0.997,12,False,,,,0.688,0.688,0.004,0.001,0.277,1.347,0.002,0.001,-0.008,False,0.98,False,,,,,,,2.939,False,,,0.0,4.275,-0.998,1.112,0.057,0.008,True,0.0,,
pai,pai-v1,0e3771c0,0e3771c0,C,18,1.83,6.6,0.642,0.007,0.998,12,False,,,,0.671,0.671,0.003,0.001,0.238,1.344,0.002,0.001,-0.007,False,0.981,False,,,,,,,2.875,False,,,0.0,4.21,-1.0,1.112,0.056,0.01,True,0.0,,
pai,pai-v1,0e3771c0,0e3771c0,C,19,1.93,6.5,0.628,0.006,0.999,12,False,,,,0.655,0.655,0.003,0.001,0.221,1.339,0.002,0.001,-0.006,False,0.986,False,,,,,,,2.814,False,,,0.0,4.148,-1.001,1.108,0.054,0.013,True,0.0,,
pai,pai-v1,0e3771c0,0e3771c0,C,20,2.03,6.4,0.616,0.006,0.999,12,False,,,,0.646,0.646,0.002,0.001,0.211,1.317,0.002,0.001,-0.006,False,0.982,False,,,,,,,2.772,False,,,0.0,4.089,-1.0,1.103,0.052,0.016,True,0.0,,
pai,pai-v1,0e3771c0,0e3771c0,C,21,2.13,6.3,0.604,0.006,0.999,12,False,,,,0.631,0.631,0.003,0.001,0.21,1.28,0.002,0.001,-0.006,False,0.984,False,,,,,,,2.747,False,,,0.0,4.031,-0.999,1.097,0.049,0.018,True,0.0,,
pai,pai-v1,0e3771c0,0e3771c0,C,22,2.23,6.2,0.592,0.006,0.999,12,False,,,,0.621,0.621,0.003,0.001,0.229,1.348,0.002,0.001,-0.005,False,0.993,False,,,,,,,2.619,False,,,0.0,3.975,-0.998,1.091,0.046,0.018,True,0.0,,
pai,pai-v1,0e3771c0,0e3771c0,C,23,2.33,6.1,0.581,0.006,0.999,12,False,,,,0.601,0.601,0.003,0.001,0.223,1.358,0.002,0.001,-0.005,False,0.998,False,,,,,,,2.548,False,,,0.0,3.919,-0.998,1.085,0.044,0.016,True,0.0,,
pai,pai-v1,0e3771c0,0e3771c0,C,24,2.43,6.0,0.57,0.007,1.004,12,False,,,,0.587,0.587,0.003,0.001,0.226,1.389,0.002,0.001,-0.006,False,0.995,False,,,,,,,2.459,False,,,0.0,3.863,-0.999,1.08,0.041,0.012,True,0.0,,
pai,pai-v1,0e3771c0,0e3771c0,C,25,2.53,5.9,0.56,0.007,1.004,12,False,,,,0.582,0.582,0.004,0.001,0.232,1.35,0.002,0.001,-0.006,False,0.992,False,,,,,,,2.441,False,,,0.0,3.808,-0.999,1.076,0.038,0.012,True,0.0,,
pai,pai-v1,0e3771c0,0e3771c0,C,26,2.63,5.8,0.55,0.007,1.004,12,False,,,,0.574,0.574,0.004,0.001,0.261,1.321,0.002,0.001,-0.007,False,0.99,False,,,,,,,2.415,False,,,0.0,3.752,-1.0,1.072,0.036,0.017,True,0.0,,
pai,pai-v1,0e3771c0,0e3771c0,C,27,2.73,5.7,0.54,0.007,1.009,12,False,,,,0.566,0.566,0.004,0.001,0.266,1.27,0.002,0.001,-0.007,False,0.988,False,,,,,,,2.412,False,,,0.0,3.696,-1.002,1.07,0.034,0.023,True,0.0,,
pai,pai-v1,0e3771c0,0e3771c0,C,28,2.83,5.6,0.531,0.007,1.009,12,False,,,,0.56,0.56,0.004,0.001,0.27,1.252,0.002,0.002,-0.007,False,0.985,False,,,,,,,2.376,False,,,0.0,3.639,-1.004,1.068,0.032,0.028,True,0.0,,
pai,pai-v1,0e3771c0,0e3771c0,C,29,2.93,5.5,0.523,0.007,1.01,12,False,,,,0.552,0.552,0.005,0.001,0.276,1.24,0.003,0.002,-0.007,False,0.986,False,,,,,,,2.336,False,,,0.0,3.584,-1.006,1.066,0.03,0.028,True,0.0,,
pai,pai-v1,0e3771c0,0e3771c0,C,30,3.03,5.4,0.516,0.007,1.006,12,False,,,,0.551,0.551,0.005,0.001,0.291,1.212,0.003,0.002,-0.007,False,0.982,False,,,,,,,2.313,False,,,0.0,3.529,-1.007,1.065,0.029,0.025,True,0.0,,
pai,pai-v1,0e3771c0,0e3771c0,C,31,3.13,5.3,0.51,0.007,1.005,12,False,,,,0.544,0.544,0.004,0.001,0.261,1.222,0.002,0.002,-0.008,False,0.986,False,,,,,,,2.252,False,,,0.0,3.475,-1.009,1.063,0.027,0.019,True,0.0,,
pai,pai-v1,0e3771c0,0e3771c0,C,32,3.23,5.2,0.505,0.007,1.007,12,False,,,,0.539,0.539,0.004,0.001,0.268,1.187,0.002,0.002,-0.008,False,0.992,False,,,,,,,2.237,False,,,0.0,3.422,-1.011,1.063,0.026,0.011,True,0.0,,
pai,pai-v1,0e3771c0,0e3771c0,C,33,3.33,5.1,0.5,0.007,1.005,12,False,,,,0.535,0.535,0.004,0.001,0.276,1.132,0.002,0.002,-0.008,False,0.993,False,,,,,,,2.241,False,,,0.0,3.371,-1.012,1.062,0.025,0.005,True,0.0,,
pai,pai-v1,0e3771c0,0e3771c0,C,34,3.43,5.0,0.496,0.008,1.009,12,False,,,,0.527,0.527,0.004,0.001,0.261,1.096,0.002,0.002,-0.007,False,1.001,False,,,,,,,2.227,False,,,0.0,3.321,-1.015,1.062,0.024,0.003,True,0.0,,
pai,pai-v1,0e3771c0,0e3771c0,C,35,3.53,4.9,0.491,0.008,1.002,12,False,,,,0.525,0.525,0.005,0.001,0.292,1.16,0.002,0.002,-0.007,False,0.996,False,,,,,,,2.114,False,,,0.0,3.272,-1.017,1.062,0.022,0.004,True,0.0,,
pai,pai-v1,0e3771c0,0e3771c0,C,36,3.63,4.8,0.487,0.008,1.002,12,False,,,,0.521,0.521,0.005,0.001,0.322,1.156,0.003,0.002,-0.007,False,0.997,False,,,,,,,2.069,False,,,0.0,3.223,-1.02,1.062,0.021,0.003,True,0.0,,
pai,pai-v1,0e3771c0,0e3771c0,C,37,3.73,4.7,0.483,0.008,0.999,12,False,,,,0.517,0.517,0.005,0.001,0.34,1.164,0.003,0.002,-0.007,False,0.997,False,,,,,,,2.013,False,,,0.0,3.174,-1.022,1.06,0.019,0.004,True,0.0,,
pai,pai-v1,0e3771c0,0e3771c0,C,38,3.83,4.6,0.479,0.008,0.999,12,False,,,,0.513,0.513,0.005,0.001,0.325,1.162,0.003,0.002,-0.007,False,0.999,False,,,,,,,1.969,False,,,0.0,3.126,-1.023,1.057,0.017,0.01,True,0.0,,
pai,pai-v1,0e3771c0,0e3771c0,C,39,3.93,4.5,0.476,0.008,0.996,12,False,,,,0.512,0.512,0.005,0.001,0.296,1.232,0.002,0.002,-0.007,False,1.0,False,,,,,,,1.855,False,,,0.0,3.078,-1.024,1.053,0.015,0.016,True,0.0,,
pai,pai-v1,0e3771c0,0e3771c0,C,40,4.03,4.4,0.473,0.008,0.998,12,False,,,,0.508,0.508,0.005,0.001,0.29,1.193,0.002,0.002,-0.006,False,1.002,False,,,,,,,1.854,False,,,0.0,3.031,-1.024,1.047,0.012,0.02,True,0.0,,
pai,pai-v1,0e3771c0,0e3771c0,C,41,4.13,4.3,0.471,0.009,1.003,12,False,,,,0.507,0.507,0.004,0.001,0.277,1.197,0.002,0.002,-0.006,False,1.009,False,,,,,,,1.816,False,,,0.0,2.983,-1.025,1.042,0.009,0.02,True,0.0,,
pai,pai-v1,0e3771c0,0e3771c0,C,42,4.23,4.2,0.469,0.009,1.009,12,False,,,,0.504,0.504,0.004,0.001,0.28,1.283,0.002,0.002,-0.005,False,1.018,False,,,,,,,1.702,False,,,0.0,2.936,-1.025,1.036,0.006,0.018,True,0.0,,
pai,pai-v1,0e3771c0,0e3771c0,C,43,4.33,4.1,0.468,0.01,1.011,12,False,,,,0.498,0.498,0.004,0.001,0.299,1.344,0.002,0.002,-0.005,False,1.022,False,,,,,,,1.619,False,,,0.0,2.889,-1.025,1.031,0.003,0.014,True,0.0,,
pai,pai-v1,0e3771c0,0e3771c0,C,44,4.43,4.0,0.467,0.019,1.01,12,False,,,,0.496,0.496,0.004,0.001,0.297,1.354,0.002,0.002,-0.005,False,1.022,False,,,,,,,1.596,False,,,0.0,2.844,-1.026,1.026,0.0,0.013,True,0.0,,
pai,pai-v1,0e3771c0,0e3771c0,C,45,4.53,3.9,0.467,0.019,1.007,12,False,,,,0.498,0.498,0.004,0.001,0.29,1.408,0.002,0.001,-0.005,False,1.022,False,,,,,,,1.533,False,,,0.0,2.799,-1.027,1.022,-0.003,0.017,True,0.0,,
pai,pai-v1,0e3771c0,0e3771c0,C,46,4.63,3.8,0.466,0.019,1.005,12,False,,,,0.503,0.509,0.004,0.001,0.299,1.372,0.002,0.001,-0.006,False,1.022,False,,,,,,,1.554,False,,,0.0,2.754,-1.029,1.019,-0.005,0.021,True,0.0,,
pai,pai-v1,0e3771c0,0e3771c0,C,47,4.73,3.7,0.466,0.018,1.0,12,False,,,,0.507,0.522,0.004,0.001,0.301,1.392,0.002,0.001,-0.006,False,1.02,False,,,,,,,1.523,False,,,0.0,2.71,-1.03,1.015,-0.007,0.024,True,0.0,,
pai,pai-v1,0e3771c0,0e3771c0,C,48,4.83,3.6,0.467,0.019,0.998,12,False,,,,0.514,0.545,0.004,0.001,0.303,1.401,0.002,0.001,-0.006,False,1.019,False,,,,,,,1.493,False,,,0.0,2.667,-1.03,1.012,-0.009,0.024,True,0.0,,
pai,pai-v1,0e3771c0,0e3771c0,C,49,4.93,3.5,0.47,0.019,0.996,12,False,,,,0.519,0.551,0.004,0.001,0.295,1.391,0.002,0.001,-0.006,False,1.017,False,,,,,,,1.479,False,,,0.0,2.624,-1.029,1.008,-0.011,0.022,True,0.0,,
pai,pai-v1,0e3771c0,0e3771c0,C,50,5.03,3.4,0.474,0.02,0.995,12,False,,,,0.525,0.562,0.004,0.001,0.307,1.432,0.002,0.001,-0.006,False,1.014,False,,,,,,,1.422,False,,,0.0,2.579,-1.03,1.006,-0.012,0.02,True,0.0,,
pai,pai-v1,0e3771c0,0e3771c0,C,51,5.13,3.3,0.479,0.02,0.995,12,False,,,,0.536,0.583,0.004,0.001,0.33,1.453,0.002,0.001,-0.007,False,1.012,False,,,,,,,1.376,False,,,0.0,2.533,-1.031,1.006,-0.013,0.017,True,0.0,,
pai,pai-v1,0e3771c0,0e3771c0,C,52,5.23,3.2,0.485,0.021,0.994,12,False,,,,0.542,0.587,0.004,0.001,0.343,1.508,0.002,0.001,-0.007,False,0.981,False,,,,,,,1.327,False,,,0.0,2.486,-1.033,1.006,-0.014,0.015,True,0.0,,
pai,pai-v1,0e3771c0,0e3771c0,C,53,5.33,3.1,0.493,0.021,0.993,12,False,,,,0.554,0.603,0.004,0.001,0.378,1.53,0.002,0.001,-0.007,False,0.911,False,,,,,,,1.281,False,,,0.0,2.437,-1.036,1.008,-0.014,0.012,True,0.0,,
pai,pai-v1,0e3771c0,0e3771c0,C,54,5.43,3.0,0.502,0.021,0.99,12,False,,,,0.565,0.619,0.004,0.002,0.422,1.64,0.002,0.001,-0.007,False,0.752,False,,,,,,,1.194,False,,,0.0,2.387,-1.039,1.01,-0.014,0.008,True,0.0,,
pai,pai-v1,0e3771c0,0e3771c0,C,55,5.53,2.9,0.512,0.021,0.981,12,False,,,,0.576,0.64,0.005,0.002,0.49,1.787,0.003,0.001,-0.007,False,0.554,False,,,,,,,1.086,False,,,0.0,2.336,-1.042,1.012,-0.015,0.006,True,0.0,,
pai,pai-v1,0e3771c0,0e3771c0,C,56,5.63,2.8,0.523,0.02,0.975,12,False,,,,0.582,0.645,0.006,0.002,0.511,1.886,0.003,0.001,-0.007,False,0.402,False,,,,,,,1.024,False,,,0.0,2.283,-1.044,1.014,-0.015,0.009,True,0.0,,
pai,pai-v1,0e3771c0,0e3771c0,C,57,5.73,2.7,0.534,0.02,0.976,8,False,,,,0.592,0.651,0.006,0.002,0.496,1.943,0.003,0.001,-0.006,False,0.291,False,,,,,,,0.976,False,,,0.0,2.228,-1.045,1.014,-0.016,0.013,True,0.0,,
pai,pai-v1,0e3771c0,0e3771c0,C,58,5.83,2.6,0.547,0.02,0.93,8,False,,,,0.602,0.659,0.005,0.002,0.494,1.98,0.003,0.001,-0.007,False,0.198,False,,,,,,,0.93,False,,,0.0,2.173,-1.045,1.013,-0.016,0.017,True,0.0,,
pai,pai-v1,0e3771c0,0e3771c0,C,59,5.93,2.5,0.559,0.02,0.853,8,False,,,,0.618,0.687,0.005,0.002,0.471,2.046,0.002,0.001,-0.008,False,0.074,False,,,,,,,0.853,False,,,0.0,2.115,-1.047,1.012,-0.017,0.018,True,0.0,,
pai,pai-v1,0e3771c0,0e3771c0,C,60,6.03,2.4,0.572,0.021,0.805,8,False,,,,0.634,0.707,0.006,0.002,0.465,2.058,0.002,0.001,-0.008,False,0.004,False,,,,,,,0.805,False,,,0.0,2.057,-1.047,1.011,-0.018,0.019,True,0.0,,
pai,pai-v1,0e3771c0,0e3771c0,C,61,6.13,2.3,0.585,0.021,0.731,8,False,,,,0.658,0.749,0.004,0.002,0.435,2.024,0.002,0.001,-0.008,True,0.0,False,,,,,,,0.731,False,,,0.0,1.998,-1.047,1.008,-0.02,0.018,True,0.0,,
pai,pai-v1,0e3771c0,0e3771c0,C,62,6.23,2.2,0.6,0.022,0.628,8,False,,,,0.677,0.777,0.005,0.002,0.456,2.244,0.002,0.001,-0.008,True,0.0,False,,,,,,,0.628,False,,,0.0,1.938,-1.047,1.005,-0.021,0.016,True,0.0,,
pai,pai-v1,0e3771c0,0e3771c0,C,63,6.33,2.1,0.616,0.022,0.598,8,False,,,,0.696,0.795,0.005,0.002,0.416,2.191,0.002,0.001,-0.008,True,0.0,False,,,,,,,0.598,False,,,0.0,1.876,-1.048,1.003,-0.023,0.014,True,0.0,,
pai,pai-v1,0e3771c0,0e3771c0,C,64,6.43,2.0,0.634,0.021,0.568,8,False,,,,0.71,0.8,0.005,0.002,0.453,2.262,0.002,0.001,-0.008,True,0.0,False,,,,,,,0.568,False,,,0.0,1.813,-1.05,1.001,-0.024,0.012,True,0.0,,
pai,pai-v1,0e3771c0,0e3771c0,C,65,6.53,1.9,0.652,0.021,0.337,155,False,,,,0.731,0.816,0.005,0.002,0.44,2.23,0.002,0.001,-0.009,True,0.0,False,,,,,,,0.537,False,,,0.0,1.748,-1.05,0.998,-0.026,0.01,True,0.0,,
pai,pai-v1,0e3771c0,0e3771c0,C,66,6.63,1.8,0.672,0.021,0.307,155,False,,,,0.771,0.895,0.004,0.002,0.457,2.483,0.002,0.001,-0.009,True,0.0,False,,,,,,,0.387,False,,,0.0,1.682,-1.051,0.996,-0.028,0.009,True,0.0,,
pai,pai-v1,0e3771c0,0e3771c0,C,67,6.73,1.7,0.692,0.021,0.274,155,False,,,,0.78,0.879,0.004,0.002,0.486,2.609,0.002,0.001,-0.008,True,0.0,False,,,,,,,0.387,False,,,0.0,1.614,-1.052,0.993,-0.029,0.008,True,0.0,,
pai,pai-v1,0e3771c0,0e3771c0,C,68,6.83,1.6,0.713,0.021,0.24,155,False,,,,0.82,0.948,0.004,0.003,0.522,2.765,0.003,0.001,-0.008,True,0.0,False,,,,,,,0.272,False,,,0.0,1.544,-1.053,0.991,-0.031,0.008,True,0.0,,
pai,pai-v1,0e3771c0,0e3771c0,C,69,6.93,1.5,0.736,0.02,0.154,8,False,,,,0.861,1.009,0.003,0.002,0.478,3.057,0.002,0.001,-0.008,True,0.0,False,,,,,,,0.154,False,,,0.0,1.471,-1.054,0.989,-0.033,0.007,True,0.0,,
pai,pai-v1,0e3771c0,0e3771c0,C,70,7.03,1.4,0.762,0.02,0.072,8,False,,,,0.889,1.054,0.003,0.003,0.516,3.33,0.002,0.0,-0.008,True,0.0,False,,,,,,,0.072,False,,,0.0,1.397,-1.053,0.986,-0.034,0.005,True,0.0,,
pai,pai-v1,0e3771c0,0e3771c0,C,71,7.13,1.3,0.791,0.02,0.0,8,True,1.5,1.558,8,0.942,1.171,0.003,0.003,0.439,3.766,0.002,0.0,-0.008,True,0.0,True,,,,,,,0.0,True,1.5,1.558,2.0,1.321,-1.051,0.982,-0.035,0.003,True,0.0,,
pai,pai-v1,0e3771c0,0e3771c0,C,72,7.23,1.2,0.825,0.021,0.0,8,True,1.3,1.443,8,1.0,1.236,0.002,0.003,0.376,3.793,0.002,-0.0,-0.007,True,0.0,True,,,,,,,0.0,True,1.3,1.443,2.0,1.241,-1.05,0.979,-0.035,0.002,True,0.0,,
pai,pai-v1,0e3771c0,0e3771c0,C,73,7.33,1.1,0.866,0.021,0.0,155,True,1.0,1.263,8,1.088,1.494,0.002,0.005,0.43,4.912,0.001,-0.001,-0.008,True,0.0,True,,,,,,,0.0,True,1.0,1.263,2.1,1.157,-1.051,0.98,-0.035,0.006,True,0.0,,
pai,pai-v1,0e3771c0,0e3771c0,C,74,7.43,1.0,0.915,0.02,0.0,155,True,0.9,1.166,8,1.134,1.656,0.002,0.005,0.428,5.377,0.001,-0.001,-0.008,True,0.0,True,,,,,,,0.0,True,0.9,1.166,2.1,1.067,-1.052,0.983,-0.035,0.01,True,-0.032,,
pai,pai-v1,0e3771c0,0e3771c0,C,75,7.53,0.9,0.975,0.02,0.0,155,True,0.8,1.135,8,1.243,1.923,0.002,0.006,0.435,6.387,0.001,-0.001,-0.008,True,0.0,True,,,,,,,0.0,True,0.8,1.135,2.1,0.973,-1.053,0.986,-0.033,0.016,True,-0.023,,
pai,pai-v1,0e3771c0,0e3771c0,C,76,7.63,0.8,1.047,0.02,0.0,155,True,0.7,1.059,8,1.353,2.347,0.001,0.007,0.44,7.625,0.001,-0.001,-0.009,True,0.0,True,,,,,,,0.0,True,0.7,1.059,2.2,0.872,-1.055,0.992,-0.032,0.024,True,-0.005,,
pai,pai-v1,0e3771c0,0e3771c0,C,77,7.73,0.7,1.134,0.02,0.0,155,True,0.6,0.938,8,1.457,2.803,0.001,0.01,0.478,8.967,0.001,-0.001,-0.008,True,0.0,True,,,,,,,0.0,True,0.6,0.938,2.2,0.764,-1.057,0.998,-0.03,0.036,True,-0.005,,
pai,pai-v1,0e3771c0,0e3771c0,C,78,7.83,0.6,1.238,0.019,0.0,155,True,0.5,0.801,8,1.601,3.517,0.001,0.014,0.499,10.965,0.001,-0.001,-0.009,True,0.0,True,,,,,,,0.0,True,0.5,0.801,2.2,0.648,-1.059,1.004,-0.027,0.055,True,0.004,,
pai,pai-v1,0e3771c0,0e3771c0,C,79,7.93,0.5,1.36,0.019,0.0,155,True,0.4,0.695,8,1.738,3.994,0.001,0.019,0.577,12.362,0.001,-0.001,-0.009,True,0.0,True,,,,,,,0.0,True,0.4,0.695,2.2,0.523,-1.06,1.011,-0.025,0.082,True,-0.0,,
pai,pai-v1,0e3771c0,0e3771c0,C,80,8.03,0.4,1.5,0.019,0.0,32,True,0.3,0.543,8,1.809,4.84,0.001,0.028,0.656,14.066,0.001,-0.002,-0.009,True,0.0,True,,,,,,,0.0,True,0.3,0.543,2.2,0.389,-1.061,1.016,-0.023,0.12,True,-0.008,,
pai,pai-v1,0e3771c0,0e3771c0,C,81,8.13,0.3,1.654,0.018,0.0,32,True,0.2,0.395,8,1.975,5.348,0.001,0.038,0.85,15.571,0.001,-0.002,-0.009,True,0.0,True,,,,,,,0.0,True,0.2,0.395,2.2,0.245,-1.062,1.02,-0.021,0.168,True,-0.012,,
pai,pai-v1,0e3771c0,0e3771c0,C,82,8.23,0.2,1.822,0.018,0.0,32,True,0.1,0.218,8,2.18,6.02,0.001,0.041,0.865,17.564,0.001,-0.002,-0.01,True,0.0,True,,,,,,,0.0,True,0.1,0.218,2.2,0.09,-1.061,1.023,-0.019,0.225,True,-0.007,,
pai,pai-v1,0e3771c0,0e3771c0,C,83,8.33,0.1,2.006,0.018,0.0,32,True,0.0,0.0,8,2.489,6.555,0.001,0.042,0.966,20.07,0.001,-0.001,-0.01,True,0.0,True,,,,,,,0.0,True,0.0,0.0,2.2,-0.075,-1.06,1.025,-0.018,0.289,True,-0.002,,
pai,pai-v1,5a38c811,5a38c811,C,0,0.15,8.8,4.727,0.0,2.485,23,False,,,,5.229,5.558,0.001,0.019,-0.324,18.964,-0.002,-0.002,0.003,True,0.0,False,,,,,,,9.0,False,,,0.0,16.347,-1.003,1.065,0.031,5.977,True,0.0,,
pai,pai-v1,5a38c811,5a38c811,C,1,0.25,8.7,4.754,0.0,2.505,23,False,,,,4.942,5.248,0.001,0.017,-0.315,17.738,-0.002,-0.002,0.004,True,0.0,False,,,,,,,9.0,False,,,0.0,16.467,-1.017,1.066,0.025,5.987,True,0.0,,
pai,pai-v1,5a38c811,5a38c811,C,2,0.35,8.6,4.788,0.0,2.507,23,False,,,,5.011,5.53,0.001,0.018,-0.281,20.107,-0.002,-0.002,0.004,True,0.0,False,,,,,,,9.0,False,,,0.0,16.585,-1.031,1.07,0.019,6.004,True,0.0,,
pai,pai-v1,5a38c811,5a38c811,C,3,0.45,8.5,4.825,-0.0,2.505,23,False,,,,5.052,5.653,0.001,0.019,-0.282,20.833,-0.002,-0.002,0.002,True,0.0,False,,,,,,,9.0,False,,,0.0,16.702,-1.044,1.072,0.014,6.025,True,-0.157,,
pai,pai-v1,5a38c811,5a38c811,C,4,0.55,8.4,4.864,-0.0,2.501,23,False,,,,5.095,5.905,0.001,0.016,-0.243,22.931,-0.003,-0.002,-0.003,True,0.0,False,,,,,,,9.0,False,,,0.0,16.818,-1.055,1.073,0.009,6.05,True,-0.129,,
pai,pai-v1,5a38c811,5a38c811,C,5,0.65,8.3,4.894,-0.0,2.501,23,False,,,,5.112,5.906,0.001,0.015,-0.238,22.805,-0.003,-0.002,-0.003,True,0.0,False,,,,,,,9.0,False,,,0.0,16.935,-1.058,1.073,0.007,6.079,True,-0.122,,
pai,pai-v1,5a38c811,5a38c811,C,6,0.75,8.2,4.914,-0.0,2.501,23,False,,,,5.142,6.49,0.0,0.015,-0.213,24.082,-0.002,-0.002,-0.003,True,0.0,False,,,,,,,9.0,False,,,0.0,17.054,-1.056,1.07,0.007,6.108,True,-0.099,,
pai,pai-v1,5a38c811,5a38c811,C,7,0.85,8.1,4.931,-0.0,2.502,23,False,,,,5.178,6.6,0.0,0.017,-0.225,24.457,-0.002,-0.003,-0.002,True,0.0,False,,,,,,,9.0,False,,,0.0,17.176,-1.052,1.068,0.008,6.138,True,-0.095,,
pai,pai-v1,5a38c811,5a38c811,C,8,0.95,8.0,4.952,-0.0,2.503,23,False,,,,5.168,6.65,0.0,0.015,-0.186,24.49,-0.002,-0.003,-0.002,True,0.0,False,,,,,,,9.0,False,,,0.0,17.299,-1.049,1.064,0.008,6.167,True,-0.098,,
pai,pai-v1,5a38c811,5a38c811,C,9,1.05,7.9,4.976,-0.0,2.505,23,False,,,,5.215,6.595,0.0,0.015,-0.177,24.638,-0.002,-0.003,-0.003,True,0.0,False,,,,,,,9.0,False,,,0.0,17.422,-1.046,1.065,0.009,6.196,True,-0.084,,
pai,pai-v1,5a38c811,5a38c811,C,10,1.15,7.8,4.996,-0.001,2.511,23,False,,,,5.234,6.324,0.0,0.012,-0.134,24.198,-0.002,-0.003,-0.003,True,0.0,False,,,,,,,9.0,False,,,0.0,17.543,-1.044,1.071,0.013,6.223,True,-0.074,,
pai,pai-v1,5a38c811,5a38c811,C,11,1.25,7.7,5.008,-0.001,2.512,23,False,,,,5.237,6.1,0.0,0.013,-0.152,23.661,-0.002,-0.003,-0.005,True,0.0,False,,,,,,,9.0,False,,,0.0,17.663,-1.044,1.081,0.019,6.249,True,-0.069,,
pai,pai-v1,5a38c811,5a38c811,C,12,1.35,7.6,5.012,-0.001,2.516,23,False,,,,5.279,6.148,0.001,0.015,-0.128,23.712,-0.003,-0.003,-0.007,True,0.0,False,,,,,,,9.0,False,,,0.0,17.785,-1.045,1.092,0.024,6.273,True,-0.06,,
pai,pai-v1,5a38c811,5a38c811,C,13,1.45,7.5,5.016,-0.001,2.52,23,False,,,,5.272,6.134,0.001,0.015,-0.129,23.814,-0.003,-0.004,-0.005,True,0.0,False,,,,,,,9.0,False,,,0.0,17.91,-1.045,1.103,0.029,6.295,True,-0.069,,
pai,pai-v1,5a38c811,5a38c811,C,14,1.55,7.4,5.029,-0.001,2.523,23,False,,,,5.29,6.148,0.001,0.015,-0.094,23.802,-0.003,-0.004,-0.006,True,0.0,False,,,,,,,9.0,False,,,0.0,18.039,-1.037,1.112,0.038,6.314,True,-0.053,,
pai,pai-v1,5a38c811,5a38c811,C,15,1.65,7.3,5.047,-0.001,2.523,23,False,,,,5.293,6.192,0.001,0.014,-0.075,23.906,-0.003,-0.004,-0.004,True,0.0,False,,,,,,,9.0,False,,,0.0,18.17,-1.022,1.119,0.049,6.329,True,-0.054,,
pai,pai-v1,5a38c811,5a38c811,C,16,1.75,7.2,5.066,-0.001,2.524,23,False,,,,5.307,6.077,0.0,0.014,-0.058,23.59,-0.003,-0.004,-0.002,True,0.0,False,,,,,,,9.0,False,,,0.0,18.302,-1.0,1.122,0.061,6.34,True,-0.043,,
pai,pai-v1,5a38c811,5a38c811,C,17,1.85,7.1,5.085,-0.001,2.525,23,False,,,,5.295,5.957,0.001,0.015,-0.039,23.087,-0.003,-0.003,-0.002,True,0.0,False,,,,,,,9.0,False,,,0.0,18.435,-0.977,1.119,0.071,6.347,True,-0.046,,
pai,pai-v1,5a38c811,5a38c811,C,18,1.95,7.0,5.119,0.0,2.525,23,False,,,,5.375,6.377,0.001,0.016,-0.013,24.552,-0.003,-0.002,-0.003,True,0.0,False,,,,,,,9.0,False,,,0.0,18.569,-0.946,1.12,0.087,6.35,True,-0.033,,
pai,pai-v1,5a38c811,5a38c811,C,19,2.05,6.9,5.178,0.002,2.525,23,False,,,,5.48,6.885,0.001,0.015,0.041,26.218,-0.003,-0.0,-0.003,True,0.0,False,,,,,,,9.0,False,,,0.0,18.697,-0.915,1.124,0.105,6.35,True,-0.019,,
pai,pai-v1,5a38c811,5a38c811,C,20,2.15,6.8,5.268,0.003,2.525,23,False,,,,5.566,7.486,0.0,0.015,0.064,27.734,-0.003,0.002,-0.003,True,0.0,False,,,,,,,9.0,False,,,0.0,18.818,-0.887,1.126,0.119,6.349,True,-0.02,,
pai,pai-v1,5a38c811,5a38c811,C,21,2.25,6.7,5.386,0.004,1.918,9,False,,,,5.674,8.098,0.0,0.014,0.135,29.136,-0.003,0.004,-0.004,True,0.0,False,,,,,,,9.0,False,,,0.0,18.923,-0.875,1.135,0.13,6.349,True,-0.01,,
pai,pai-v1,5a38c811,5a38c811,C,22,2.35,6.6,5.527,0.005,1.815,9,False,,,,5.798,8.299,0.0,0.013,0.155,29.832,-0.002,0.006,-0.006,True,0.0,False,,,,,,,9.0,False,,,0.0,19.009,-0.875,1.148,0.137,6.351,True,0.018,,
pai,pai-v1,5a38c811,5a38c811,C,23,2.45,6.5,5.685,0.006,1.784,9,False,,,,5.956,8.419,0.0,0.012,0.153,30.546,-0.001,0.008,-0.007,True,0.0,False,,,,,,,9.0,False,,,0.0,19.083,-0.877,1.154,0.138,6.356,True,0.036,,
pai,pai-v1,5a38c811,5a38c811,C,24,2.55,6.4,5.853,0.007,1.767,9,False,,,,6.098,8.339,0.0,0.012,0.127,30.611,0.001,0.01,-0.007,True,0.0,False,,,,,,,9.0,False,,,0.0,19.14,-0.885,1.153,0.134,6.366,True,0.044,,
pai,pai-v1,5a38c811,5a38c811,C,25,2.65,6.3,6.026,0.009,1.751,9,False,,,,6.285,8.486,0.0,0.015,0.083,31.36,0.002,0.011,-0.005,True,0.0,False,,,,,,,9.0,False,,,0.0,19.183,-0.899,1.144,0.123,6.381,True,0.046,,
pai,pai-v1,5a38c811,5a38c811,C,26,2.75,6.2,6.2,0.011,1.717,9,False,,,,6.429,8.245,0.001,0.025,0.05,31.168,0.004,0.012,-0.005,True,0.0,False,,,,,,,9.0,False,,,0.0,19.21,-0.917,1.127,0.105,6.401,True,0.056,,
pai,pai-v1,5a38c811,5a38c811,C,27,2.85,6.1,6.371,0.014,1.669,9,False,,,,6.604,8.483,0.001,0.034,0.007,31.977,0.005,0.013,-0.004,True,0.0,False,,,,,,,9.0,False,,,0.0,19.222,-0.94,1.105,0.082,6.424,True,0.068,,
pai,pai-v1,5a38c811,5a38c811,C,28,2.95,6.0,6.539,0.018,1.643,9,False,,,,6.755,8.339,0.001,0.041,-0.066,31.946,0.006,0.013,-0.004,True,0.0,False,,,,,,,9.0,False,,,0.0,19.222,-0.963,1.073,0.055,6.45,True,0.063,,
pai,pai-v1,5a38c811,5a38c811,C,29,3.05,5.9,6.704,0.023,1.592,9,False,,,,6.957,8.651,0.001,0.05,-0.116,33.068,0.007,0.014,-0.002,True,0.0,False,,,,,,,9.0,False,,,0.0,19.209,-0.988,1.035,0.024,6.476,True,0.067,,
pai,pai-v1,5a38c811,5a38c811,C,30,3.15,5.8,6.865,0.028,1.548,9,False,,,,7.07,8.555,0.001,0.061,-0.178,32.897,0.009,0.014,-0.003,True,0.0,False,,,,,,,9.0,False,,,0.0,19.184,-1.014,0.993,-0.01,6.5,True,0.072,,
pai,pai-v1,5a38c811,5a38c811,C,31,3.25,5.7,7.023,0.033,1.51,9,False,,,,7.262,8.889,0.001,0.063,-0.277,33.96,0.009,0.015,-0.003,True,0.0,False,,,,,,,9.0,False,,,0.0,19.136,-1.06,0.967,-0.046,6.521,True,0.072,,
pai,pai-v1,5a38c811,5a38c811,C,32,3.35,5.6,7.179,0.04,1.471,9,False,,,,7.374,8.741,0.001,0.07,-0.336,33.622,0.009,0.015,-0.003,True,0.0,False,,,,,,,9.0,False,,,0.0,19.071,-1.113,0.945,-0.084,6.536,True,0.069,,
pai,pai-v1,5a38c811,5a38c811,C,33,3.45,5.5,7.332,0.051,1.449,9,False,,,,7.569,9.161,0.001,0.07,-0.464,35.018,0.009,0.015,-0.002,True,0.0,False,,,,,,,9.0,False,,,0.0,18.993,-1.166,0.918,-0.124,6.543,True,0.055,,
pai,pai-v1,5a38c811,5a38c811,C,34,3.55,5.4,7.482,0.063,1.439,9,False,,,,7.678,9.019,0.001,0.07,-0.584,34.845,0.009,0.016,-0.002,True,0.0,False,,,,,,,9.0,False,,,0.0,18.901,-1.219,0.888,-0.165,6.54,True,0.034,,
pai,pai-v1,5a38c811,5a38c811,C,35,3.65,5.3,7.63,0.075,1.378,9,False,,,,7.833,9.133,0.001,0.077,-0.706,35.499,0.01,0.016,-0.003,True,0.0,False,,,,,,,9.0,False,,,0.0,18.796,-1.268,0.854,-0.207,6.528,True,0.048,,
pai,pai-v1,5a38c811,5a38c811,C,36,3.75,5.2,7.774,0.089,1.358,9,False,,,,7.968,9.108,0.001,0.081,-0.876,35.384,0.01,0.016,-0.003,True,0.0,False,,,,,,,9.0,False,,,0.0,18.676,-1.313,0.814,-0.249,6.505,True,0.036,,
pai,pai-v1,5a38c811,5a38c811,C,37,3.85,5.1,7.914,0.105,1.299,9,False,,,,8.088,9.072,0.001,0.089,-0.949,35.057,0.011,0.016,-0.003,True,0.0,False,,,,,,,9.0,False,,,0.0,18.54,-1.358,0.771,-0.294,6.473,True,0.041,,
pai,pai-v1,5a38c811,5a38c811,C,38,3.95,5.0,8.048,0.122,1.311,9,False,,,,8.173,9.001,0.001,0.103,-1.154,34.897,0.011,0.015,-0.004,True,0.0,False,,,,,,,9.0,False,,,0.0,18.389,-1.399,0.72,-0.34,6.433,True,0.002,,
pai,pai-v1,5a38c811,5a38c811,C,39,4.05,4.9,8.173,0.142,1.274,9,False,,,,8.361,9.222,0.001,0.114,-1.301,35.314,0.01,0.014,0.0,True,0.0,False,,,,,,,5.631,False,,,0.0,18.221,-1.44,0.665,-0.388,6.386,True,-0.014,,
pai,pai-v1,5a38c811,5a38c811,C,40,4.15,4.8,8.292,0.162,1.246,9,False,,,,8.49,9.348,0.001,0.123,-1.463,35.704,0.009,0.012,0.001,True,0.0,False,,,,,,,4.926,False,,,0.0,18.036,-1.482,0.609,-0.436,6.335,True,-0.036,,
pai,pai-v1,5a38c811,5a38c811,C,41,4.25,4.7,8.406,0.183,1.223,9,False,,,,8.62,9.525,0.002,0.134,-1.628,36.399,0.008,0.011,-0.0,True,0.0,False,,,,,,,3.902,False,,,0.0,17.835,-1.522,0.557,-0.482,6.282,True,-0.057,,
pai,pai-v1,5a38c811,5a38c811,C,42,4.35,4.6,8.52,0.204,1.204,9,False,,,,8.723,9.518,0.002,0.139,-1.753,36.09,0.007,0.009,-0.001,True,0.0,False,,,,,,,3.869,False,,,0.0,17.614,-1.562,0.512,-0.525,6.228,True,-0.079,,
pai,pai-v1,5a38c811,5a38c811,C,43,4.45,4.5,8.633,0.228,1.175,9,False,,,,8.835,9.64,0.002,0.143,-1.856,36.478,0.006,0.008,-0.002,True,0.0,False,,,,,,,3.127,False,,,0.0,17.377,-1.6,0.471,-0.565,6.176,True,-0.088,,
pai,pai-v1,5a38c811,5a38c811,C,44,4.55,4.4,8.746,0.253,1.169,9,False,,,,8.969,9.746,0.002,0.148,-1.946,36.646,0.003,0.006,-0.001,True,0.0,False,,,,,,,2.592,False,,,0.0,17.121,-1.64,0.435,-0.602,6.126,True,-0.116,,
pai,pai-v1,5a38c811,5a38c811,C,45,4.65,4.3,8.859,0.28,1.17,9,False,,,,9.084,9.831,0.002,0.157,-2.058,36.736,0.002,0.004,-0.0,True,0.0,False,,,,,,,2.121,False,,,0.0,16.848,-1.678,0.403,-0.638,6.08,True,-0.148,,
pai,pai-v1,5a38c811,5a38c811,C,46,4.75,4.2,8.972,0.308,1.144,9,False,,,,9.199,9.861,0.002,0.153,-2.012,36.67,0.002,0.002,0.001,True,0.0,False,,,,,,,1.796,False,,,0.0,16.559,-1.715,0.376,-0.669,6.037,True,-0.156,,
pai,pai-v1,5a38c811,5a38c811,C,47,4.85,4.1,9.084,0.338,1.13,9,False,,,,9.308,9.877,0.002,0.164,-2.144,36.239,0.0,0.0,-0.001,True,0.0,False,,,,,,,1.82,False,,,0.0,16.252,-1.752,0.362,-0.695,5.997,True,-0.166,,
pai,pai-v1,5a38c811,5a38c811,C,48,4.95,4.0,9.192,0.37,1.109,9,False,,,,9.382,9.826,0.002,0.161,-2.11,35.69,-0.0,-0.002,-0.002,True,0.0,False,,,,,,,1.952,False,,,0.0,15.928,-1.788,0.355,-0.716,5.96,True,-0.168,,
pai,pai-v1,5a38c811,5a38c811,C,49,5.05,3.9,9.294,0.404,1.104,9,False,,,,9.494,9.875,0.002,0.153,-2.061,35.125,-0.002,-0.004,0.004,True,0.0,False,,,,,,,2.088,False,,,0.0,15.586,-1.829,0.361,-0.734,5.924,True,-0.179,,
pai,pai-v1,5a38c811,5a38c811,C,50,5.15,3.8,9.388,0.439,1.099,9,False,,,,9.583,9.917,0.002,0.152,-2.054,34.847,-0.004,-0.006,0.005,True,0.0,False,,,,,,,1.923,False,,,0.0,15.238,-1.852,0.357,-0.748,5.891,True,-0.191,,
pai,pai-v1,5a38c811,5a38c811,C,51,5.25,3.7,9.472,0.471,1.089,9,False,,,,9.638,9.851,0.002,0.144,-1.986,33.949,-0.005,-0.007,0.002,True,0.0,False,,,,,,,2.368,False,,,0.0,14.881,-1.862,0.351,-0.756,5.86,True,-0.191,,
pai,pai-v1,5a38c811,5a38c811,C,52,5.35,3.6,9.544,0.504,1.086,9,False,,,,9.693,9.895,0.001,0.137,-1.921,34.37,-0.007,-0.009,0.003,True,0.0,False,,,,,,,1.484,False,,,0.0,14.518,-1.857,0.34,-0.758,5.831,True,-0.196,,
pai,pai-v1,5a38c811,5a38c811,C,53,5.45,3.5,9.605,0.536,1.095,9,False,,,,9.741,9.887,0.002,0.142,-1.988,34.141,-0.008,-0.011,0.005,True,0.0,False,,,,,,,1.238,False,,,0.0,14.149,-1.839,0.326,-0.757,5.805,True,-0.208,,
pai,pai-v1,5a38c811,5a38c811,C,54,5.55,3.4,9.653,0.569,1.093,9,False,,,,9.8,9.901,0.002,0.145,-1.912,32.986,-0.01,-0.013,0.003,True,0.0,False,,,,,,,1.909,False,,,0.0,13.774,-1.815,0.311,-0.752,5.781,True,-0.206,,
pai,pai-v1,5a38c811,5a38c811,C,55,5.65,3.3,9.691,0.6,1.094,9,False,,,,9.836,9.875,0.002,0.152,-1.952,32.131,-0.012,-0.014,0.003,True,0.0,False,,,,,,,2.271,False,,,0.0,13.39,-1.793,0.307,-0.743,5.76,True,-0.208,,
pai,pai-v1,5a38c811,5a38c811,C,56,5.75,3.2,9.718,0.633,1.099,9,False,,,,9.846,9.846,0.002,0.149,-1.895,30.999,-0.012,-0.016,0.005,True,0.0,False,,,,,,,2.902,False,,,0.0,13.002,-1.765,0.303,-0.731,5.741,True,-0.209,,
pai,pai-v1,5a38c811,5a38c811,C,57,5.85,3.1,9.733,0.664,1.104,9,False,,,,9.859,9.859,0.002,0.147,-1.9,29.262,-0.012,-0.018,0.007,True,0.0,False,,,,,,,4.134,False,,,0.0,12.608,-1.739,0.306,-0.716,5.723,True,-0.21,,
pai,pai-v1,5a38c811,5a38c811,C,58,5.95,3.0,9.736,0.694,1.114,9,False,,,,9.859,9.859,0.002,0.143,-1.767,30.082,-0.013,-0.02,0.007,True,0.0,False,,,,,,,2.803,False,,,0.0,12.211,-1.712,0.314,-0.699,5.706,True,-0.209,,
pai,pai-v1,5a38c811,5a38c811,C,59,6.05,2.9,9.726,0.723,1.12,9,False,,,,9.842,9.842,0.002,0.145,-1.792,28.965,-0.014,-0.022,0.007,True,0.0,False,,,,,,,3.409,False,,,0.0,11.812,-1.683,0.327,-0.678,5.689,True,-0.212,,
pai,pai-v1,5a38c811,5a38c811,C,60,6.15,2.8,9.707,0.75,1.128,9,False,,,,9.862,9.862,0.002,0.156,-1.771,30.48,-0.015,-0.024,0.007,True,0.0,False,,,,,,,1.38,False,,,0.0,11.411,-1.657,0.347,-0.655,5.671,True,-0.216,,
pai,pai-v1,5a38c811,5a38c811,C,61,6.25,2.7,9.683,0.777,1.136,9,False,,,,9.798,9.798,0.002,0.17,-1.742,30.162,-0.017,-0.025,0.006,True,0.0,False,,,,,,,1.184,False,,,0.0,11.007,-1.635,0.376,-0.629,5.649,True,-0.221,,
pai,pai-v1,5a38c811,5a38c811,C,62,6.35,2.6,9.655,0.802,0.0,10,True,4.0,30.929,10,9.799,9.799,0.002,0.184,-1.629,30.929,-0.019,-0.026,0.007,True,0.0,True,,,,,,,0.0,True,4.0,30.929,1.9,10.605,-1.606,0.405,-0.601,5.625,True,-0.215,,
pai,pai-v1,5a38c811,5a38c811,C,63,6.45,2.5,9.629,0.83,0.0,10,True,3.4,27.58,10,9.772,9.772,0.002,0.197,-1.511,31.101,-0.02,-0.027,0.008,True,0.0,True,,,,,,,0.0,True,3.4,27.58,1.9,10.204,-1.574,0.436,-0.569,5.596,True,-0.214,,
pai,pai-v1,5a38c811,5a38c811,C,64,6.55,2.4,9.605,0.858,0.0,10,True,2.9,24.861,10,9.773,9.773,0.002,0.199,-1.347,31.7,-0.02,-0.027,0.007,True,0.0,True,,,,,,,0.0,True,2.9,24.861,1.9,9.803,-1.539,0.469,-0.535,5.565,True,-0.198,,
pai,pai-v1,5a38c811,5a38c811,C,65,6.65,2.3,9.585,0.883,0.0,10,True,2.5,22.399,10,9.769,9.769,0.002,0.201,-1.173,32.569,-0.021,-0.027,0.006,True,0.0,True,,,,,,,0.0,True,2.5,22.399,2.0,9.401,-1.499,0.504,-0.498,5.53,True,-0.183,,
pai,pai-v1,5a38c811,5a38c811,C,66,6.75,2.2,9.573,0.906,0.0,10,True,2.4,21.514,10,9.755,9.755,0.002,0.2,-1.048,32.159,-0.021,-0.026,0.007,True,0.0,True,,,,,,,0.0,True,2.4,21.514,2.0,8.996,-1.461,0.543,-0.459,5.494,True,-0.168,,
pai,pai-v1,5a38c811,5a38c811,C,67,6.85,2.1,9.566,0.925,0.0,10,True,2.2,20.015,10,9.723,9.723,0.002,0.19,-0.847,32.802,-0.02,-0.025,0.006,True,0.0,True,,,,,,,0.0,True,2.2,20.015,2.0,8.587,-1.423,0.583,-0.42,5.456,True,-0.153,,
pai,pai-v1,5a38c811,5a38c811,C,68,6.95,2.0,9.563,0.941,0.0,10,True,2.0,18.63,10,9.736,9.759,0.002,0.188,-0.711,33.384,-0.019,-0.024,0.007,True,0.0,True,,,,,,,0.0,True,2.0,18.63,2.1,8.175,-1.386,0.623,-0.381,5.419,True,-0.142,,
pai,pai-v1,5a38c811,5a38c811,C,69,7.05,1.9,9.563,0.95,0.0,10,True,1.9,17.483,10,9.678,9.678,0.002,0.156,-0.387,33.041,-0.016,-0.023,0.007,True,0.0,True,,,,,,,0.0,True,1.9,17.483,2.0,7.758,-1.351,0.665,-0.343,5.382,True,-0.116,,
pai,pai-v1,5a38c811,5a38c811,C,70,7.15,1.8,9.563,0.957,0.0,10,True,1.8,16.721,10,9.696,9.696,0.002,0.142,-0.193,33.326,-0.015,-0.022,0.009,True,0.0,True,,,,,,,0.0,True,1.8,16.721,2.0,7.337,-1.319,0.707,-0.306,5.347,True,-0.105,,
pai,pai-v1,5a38c811,5a38c811,C,71,7.25,1.7,9.562,0.962,0.0,10,True,1.6,15.178,10,9.749,9.749,0.001,0.13,-0.024,33.72,-0.013,-0.021,0.009,True,0.0,True,,,,,,,0.0,True,1.6,15.178,2.0,6.911,-1.288,0.748,-0.27,5.312,True,-0.092,,
pai,pai-v1,5a38c811,5a38c811,C,72,7.35,1.6,9.56,0.966,0.0,10,True,1.5,14.232,10,9.726,9.726,0.001,0.114,0.16,33.637,-0.012,-0.02,0.007,True,0.0,True,,,,,,,0.0,True,1.5,14.232,2.1,6.482,-1.26,0.79,-0.235,5.28,True,-0.076,,
pai,pai-v1,5a38c811,5a38c811,C,73,7.45,1.5,9.56,0.969,0.0,10,True,1.4,13.362,10,9.726,9.726,0.001,0.102,0.293,34.265,-0.011,-0.02,0.007,True,0.0,True,,,,,,,0.0,True,1.4,13.362,2.1,6.049,-1.233,0.83,-0.201,5.249,True,-0.068,,
pai,pai-v1,5a38c811,5a38c811,C,74,7.55,1.4,9.561,0.966,0.0,10,True,1.3,12.501,10,9.755,9.755,0.001,0.09,0.496,34.471,-0.009,-0.021,0.008,True,0.0,True,,,,,,,0.0,True,1.3,12.501,2.1,5.613,-1.21,0.872,-0.169,5.22,True,-0.065,,
pai,pai-v1,5a38c811,5a38c811,C,75,7.65,1.3,9.565,0.961,0.0,10,True,1.2,11.635,10,9.751,9.782,0.001,0.08,0.606,35.549,-0.008,-0.022,0.01,True,0.0,True,,,,,,,0.0,True,1.2,11.635,-2.1,5.174,-1.186,0.91,-0.138,5.194,True,-0.065,,
pai,pai-v1,5a38c811,5a38c811,C,76,7.75,1.2,9.572,0.955,0.0,10,True,1.0,9.815,10,9.789,9.84,0.001,0.078,0.729,35.76,-0.008,-0.023,0.01,True,0.0,True,,,,,,,0.0,True,1.0,9.815,-2.1,4.732,-1.163,0.949,-0.107,5.17,True,-0.065,,
pai,pai-v1,5a38c811,5a38c811,C,77,7.85,1.1,9.585,0.945,0.0,10,True,0.9,8.833,10,9.808,9.823,0.001,0.084,0.83,35.935,-0.008,-0.024,0.012,True,0.0,True,,,,,,,0.0,True,0.9,8.833,-2.1,4.285,-1.141,0.991,-0.075,5.147,True,-0.066,,
pai,pai-v1,5a38c811,5a38c811,C,78,7.95,1.0,9.599,0.934,0.0,10,True,0.9,8.796,10,9.808,9.808,0.001,0.087,0.829,35.977,-0.009,-0.025,0.009,True,0.0,True,,,,,,,0.0,True,0.9,8.796,-2.1,3.836,-1.117,1.031,-0.043,5.126,True,-0.062,,
pai,pai-v1,5a38c811,5a38c811,C,79,8.05,0.9,9.61,0.922,0.0,10,True,0.8,7.681,10,9.741,9.741,0.001,0.093,0.879,33.603,-0.009,-0.027,0.01,True,0.0,True,,,,,,,0.0,True,0.8,7.681,-2.1,3.382,-1.092,1.074,-0.009,5.105,True,-0.059,,
pai,pai-v1,5a38c811,5a38c811,C,80,8.15,0.8,9.606,0.905,0.0,10,True,0.7,6.618,10,9.659,9.659,0.001,0.105,0.671,30.719,-0.011,-0.03,0.006,True,0.0,True,,,,,,,0.0,True,0.7,6.618,-2.0,2.926,-1.066,1.116,0.025,5.085,True,-0.055,,
pai,pai-v1,5a38c811,5a38c811,C,81,8.25,0.7,9.569,0.886,0.0,10,True,0.6,5.513,10,9.411,9.411,0.001,0.105,0.564,25.821,-0.011,-0.032,0.008,True,0.0,True,,,,,,,0.0,True,0.6,5.513,-2.0,2.468,-1.04,1.157,0.059,5.065,True,-0.057,,
pai,pai-v1,5a38c811,5a38c811,C,82,8.35,0.6,9.479,0.864,0.0,10,True,0.5,4.588,10,9.175,9.175,0.002,0.081,1.17,24.882,-0.009,-0.034,0.009,True,0.0,True,,,,,,,0.0,True,0.5,4.588,-2.0,2.014,-1.013,1.199,0.093,5.045,True,-0.056,,
pai,pai-v1,5a38c811,5a38c811,C,83,8.45,0.5,9.318,0.838,0.0,10,True,0.5,4.365,10,8.729,8.729,0.002,0.07,0.769,17.619,-0.007,-0.036,0.002,True,0.0,True,,,,,,,0.0,True,0.5,4.365,-2.0,1.57,-0.985,1.241,0.128,5.025,True,-0.049,,
pai,pai-v1,5a38c811,5a38c811,C,84,8.55,0.4,9.073,0.811,0.0,10,True,0.4,3.371,10,8.428,8.428,0.003,0.079,1.044,16.637,-0.008,-0.038,-0.002,True,0.0,True,,,,,,,0.0,True,0.4,3.371,-2.0,1.143,-0.953,1.284,0.165,5.005,True,-0.04,,
pai,pai-v1,5a38c811,5a38c811,C,85,8.65,0.3,8.742,0.78,0.0,10,True,0.3,2.401,10,8.004,8.004,0.006,0.111,1.494,14.349,-0.011,-0.039,-0.005,True,0.0,True,,,,,,,0.0,True,0.3,2.401,-1.9,0.743,-0.918,1.328,0.205,4.985,True,-0.032,,
pai,pai-v1,5a38c811,5a38c811,C,86,8.75,0.2,8.341,0.747,0.0,10,True,0.2,1.532,10,7.661,7.661,0.007,0.125,2.188,17.669,-0.016,-0.04,0.006,True,0.0,True,,,,,,,0.0,True,0.2,1.532,-1.9,0.38,-0.882,1.372,0.245,4.964,True,-0.041,,
pai,pai-v1,5a38c811,5a38c811,C,87,8.85,0.1,7.901,0.713,0.0,10,True,0.1,0.746,10,7.464,7.464,0.007,0.179,2.984,21.322,-0.024,-0.041,0.023,True,0.0,True,,,,,,,0.0,True,0.1,0.746,-1.9,0.059,-0.846,1.415,0.285,4.944,True,-0.057,,
