group,route_id,town,scenario,preset,seed,attempt,selected_attempt,retry_count,status,official_status,completion,driving_completed,results_state,partial,capped,harness_capped,official_tick_runtime,ticks,wall_s,all_attempt_wall_s,score_composed,score_penalty,minimum_speed_penalty,minimum_speed_penalty_mode,sim_time_s,total_ms,world_tick_ms,tree_ms,agent_ms,server_age_routes,stale_ticks,saturation_fraction,first_collision_frame,before_collision_state,source_commit,source_directory,vehicle_blocked,route_dev,collisions_layout,collisions_vehicle,collisions_pedestrian,route_timeout,scenario_timeouts,minimum_speed_events,telemetry_quality,minimum_speed_percentages,low_progress_segments,reasons,tracking_truth_cross_track_m_n,tracking_truth_cross_track_m_rms,tracking_truth_cross_track_m_median,tracking_truth_cross_track_m_p90,tracking_truth_cross_track_m_p95,tracking_truth_cross_track_m_p99,tracking_truth_cross_track_m_abs_p95,tracking_truth_cross_track_m_abs_max,before_collision_truth_cross_track_m_n,before_collision_truth_cross_track_m_rms,before_collision_truth_cross_track_m_median,before_collision_truth_cross_track_m_p90,before_collision_truth_cross_track_m_p95,before_collision_truth_cross_track_m_p99,before_collision_truth_cross_track_m_abs_p95,before_collision_truth_cross_track_m_abs_max,tracking_heading_error_rad_n,tracking_heading_error_rad_rms,tracking_heading_error_rad_median,tracking_heading_error_rad_p90,tracking_heading_error_rad_p95,tracking_heading_error_rad_p99,tracking_heading_error_rad_abs_p95,tracking_heading_error_rad_abs_max,before_collision_heading_error_rad_n,before_collision_heading_error_rad_rms,before_collision_heading_error_rad_median,before_collision_heading_error_rad_p90,before_collision_heading_error_rad_p95,before_collision_heading_error_rad_p99,before_collision_heading_error_rad_abs_p95,before_collision_heading_error_rad_abs_max,tracking_command_speed_error_mps_n,tracking_command_speed_error_mps_rms,tracking_command_speed_error_mps_median,tracking_command_speed_error_mps_p90,tracking_command_speed_error_mps_p95,tracking_command_speed_error_mps_p99,tracking_command_speed_error_mps_abs_p95,tracking_command_speed_error_mps_abs_max,before_collision_command_speed_error_mps_n,before_collision_command_speed_error_mps_rms,before_collision_command_speed_error_mps_median,before_collision_command_speed_error_mps_p90,before_collision_command_speed_error_mps_p95,before_collision_command_speed_error_mps_p99,before_collision_command_speed_error_mps_abs_p95,before_collision_command_speed_error_mps_abs_max,tracking_reference_speed_error_mps_n,tracking_reference_speed_error_mps_rms,tracking_reference_speed_error_mps_median,tracking_reference_speed_error_mps_p90,tracking_reference_speed_error_mps_p95,tracking_reference_speed_error_mps_p99,tracking_reference_speed_error_mps_abs_p95,tracking_reference_speed_error_mps_abs_max,before_collision_reference_speed_error_mps_n,before_collision_reference_speed_error_mps_rms,before_collision_reference_speed_error_mps_median,before_collision_reference_speed_error_mps_p90,before_collision_reference_speed_error_mps_p95,before_collision_reference_speed_error_mps_p99,before_collision_reference_speed_error_mps_abs_p95,before_collision_reference_speed_error_mps_abs_max,tracking_pose_error_m_n,tracking_pose_error_m_rms,tracking_pose_error_m_median,tracking_pose_error_m_p90,tracking_pose_error_m_p95,tracking_pose_error_m_p99,tracking_pose_error_m_abs_p95,tracking_pose_error_m_abs_max,before_collision_pose_error_m_n,before_collision_pose_error_m_rms,before_collision_pose_error_m_median,before_collision_pose_error_m_p90,before_collision_pose_error_m_p95,before_collision_pose_error_m_p99,before_collision_pose_error_m_abs_p95,before_collision_pose_error_m_abs_max,tracking_raw_pose_error_m_n,tracking_raw_pose_error_m_rms,tracking_raw_pose_error_m_median,tracking_raw_pose_error_m_p90,tracking_raw_pose_error_m_p95,tracking_raw_pose_error_m_p99,tracking_raw_pose_error_m_abs_p95,tracking_raw_pose_error_m_abs_max,before_collision_raw_pose_error_m_n,before_collision_raw_pose_error_m_rms,before_collision_raw_pose_error_m_median,before_collision_raw_pose_error_m_p90,before_collision_raw_pose_error_m_p95,before_collision_raw_pose_error_m_p99,before_collision_raw_pose_error_m_abs_p95,before_collision_raw_pose_error_m_abs_max,tracking_pose_heading_error_rad_n,tracking_pose_heading_error_rad_rms,tracking_pose_heading_error_rad_median,tracking_pose_heading_error_rad_p90,tracking_pose_heading_error_rad_p95,tracking_pose_heading_error_rad_p99,tracking_pose_heading_error_rad_abs_p95,tracking_pose_heading_error_rad_abs_max,before_collision_pose_heading_error_rad_n,before_collision_pose_heading_error_rad_rms,before_collision_pose_heading_error_rad_median,before_collision_pose_heading_error_rad_p90,before_collision_pose_heading_error_rad_p95,before_collision_pose_heading_error_rad_p99,before_collision_pose_heading_error_rad_abs_p95,before_collision_pose_heading_error_rad_abs_max,tracking_trajectory_age_s_n,tracking_trajectory_age_s_rms,tracking_trajectory_age_s_median,tracking_trajectory_age_s_p90,tracking_trajectory_age_s_p95,tracking_trajectory_age_s_p99,tracking_trajectory_age_s_abs_p95,tracking_trajectory_age_s_abs_max,before_collision_trajectory_age_s_n,before_collision_trajectory_age_s_rms,before_collision_trajectory_age_s_median,before_collision_trajectory_age_s_p90,before_collision_trajectory_age_s_p95,before_collision_trajectory_age_s_p99,before_collision_trajectory_age_s_abs_p95,before_collision_trajectory_age_s_abs_max,tracking_controller_step_ms_n,tracking_controller_step_ms_rms,tracking_controller_step_ms_median,tracking_controller_step_ms_p90,tracking_controller_step_ms_p95,tracking_controller_step_ms_p99,tracking_controller_step_ms_abs_p95,tracking_controller_step_ms_abs_max,before_collision_controller_step_ms_n,before_collision_controller_step_ms_rms,before_collision_controller_step_ms_median,before_collision_controller_step_ms_p90,before_collision_controller_step_ms_p95,before_collision_controller_step_ms_p99,before_collision_controller_step_ms_abs_p95,before_collision_controller_step_ms_abs_max
formal-v4/carla-seed0,17569,Town12,SequentialLaneChange_1,carla,0,1,True,0,finished,Completed,100,True,ok,False,False,False,False,329,32.9,32.9,60.0,0.6,,unused (Bench2Drive 0.0.4),16.45,17.471,13.554,2.551,1.128,8,0,0.16717325227963525,12582,available,2cca3a9660d989de0d09a7cb1d4e51610c814417,/data/runs/b2d/controller/formal-v4/carla-seed0,0,0,0,1,0,0,0,19,"{""invalid_controls"": 0, ""invalid_lines"": 0, ""lines"": 329, ""missing_fields"": {}, ""missing_frames"": 0, ""nonmonotonic_frames"": 0, ""nonmonotonic_time"": 0, ""sensor_frame_mismatch"": 0, ""state"": ""ok"", ""truth_frame_mismatch"": 0, ""valid_rows"": 329}","[106.49, 106.17, 95.35, 104.36, 99.04, 100.4, 97.33, 113.41, 106.06, 98.51, 88.52, 90.92, 94.8, 95.67, 103.0, 108.04, 103.36, 73.15, 73.15]",[],"{""tracking"": 329}",329,0.31150812752680984,-0.0805273794464207,0.07879245623840352,0.4122048674288558,0.7755690329591026,0.7729806354009264,1.145836829645118,253,0.24746322998709144,-0.04213710557623083,0.09893223720842055,0.4100605828540035,0.7665409001686752,0.6464822726768248,1.0102878837234333,329,0.05868064787516428,0.0005457923228068288,0.02301731046669321,0.07783552658067124,0.2161868562376038,0.14217318412176486,0.2853313775141366,253,0.04782194456505504,-0.0002196867264503843,0.012850786401192457,0.04323239925367553,0.10155214223681988,0.11684540542469483,0.26158871590772564,329,2.2434780674961674,-0.09573517561814793,0.16336256462684956,0.32294740792424165,0.48168101024834586,6.7534601921403405,7.999958427385292,253,2.5490194054974697,-0.15692014814330157,-0.015438587938974454,-0.008420987729203272,0.0427535465402833,7.640161061819411,7.999958427385292,329,2.242922390273874,-0.12722451232484921,0.095446825268867,0.21337237352050645,0.38397936399046634,6.753454688413888,7.999931521374896,253,2.549069321434909,-0.15897627376207968,-0.015951358876690944,-0.008492381280383156,0.06230844777141065,7.6401563171617966,7.999931521374896,329,0.1744275052314593,0.12104420450422561,0.2952334759746287,0.33047826737211994,0.46355261031146056,0.33047826737211994,0.5077720260520014,253,0.17261175584390384,0.12300372370771635,0.29083238327898786,0.3339401754939948,0.4851177203765358,0.3339401754939948,0.5077720260520014,329,0.7736338503592134,0.6644721643231508,1.176027966949839,1.284319296701501,1.6533703279693812,1.284319296701501,1.6775829944712892,253,0.7658936171188363,0.6712619492118566,1.1546240693045233,1.2767812794114237,1.5671066095430863,1.2767812794114237,1.6584540178890481,329,0.002379541898948708,0.00018375998937925075,0.002259232791654586,0.0037338545886846917,0.006708390829147794,0.005430929816644792,0.008272725679336013,253,0.002417149762271634,0.0001494286088083996,0.0017087334390713418,0.0030273942753469276,0.006667679260589113,0.005702133216532785,0.00787355411248436,329,0.09339916763706657,0.05000000074505806,0.15000000223517418,0.15000000223517418,0.15000000223517418,0.15000000223517418,0.15000000223517418,253,0.09335638853073988,0.05000000074505806,0.15000000223517418,0.15000000223517418,0.15000000223517418,0.15000000223517418,0.15000000223517418,329,0.17099695877635265,0.15954099944792688,0.2000682012294419,0.21839159890078008,0.2647319246898401,0.21839159890078008,0.3272219983045943,253,0.17049527328139136,0.15849900228204206,0.19986380211776122,0.22045419755158926,0.24993452359922222,0.22045419755158926,0.3272219983045943
formal-v4/carla-seed0,2091,Town12,NonSignalizedJunctionLeftTurn_1,carla,0,1,True,0,finished,Completed,100,True,ok,False,False,False,False,3882,87.9,87.9,14.207204,0.142072,,unused (Bench2Drive 0.0.4),194.1,14.772,10.322,3.029,1.047,6,0,0.9546625450798557,7853,available,2cca3a9660d989de0d09a7cb1d4e51610c814417,/data/runs/b2d/controller/formal-v4/carla-seed0,0,0,0,3,0,0,0,20,"{""invalid_controls"": 0, ""invalid_lines"": 0, ""lines"": 3882, ""missing_fields"": {""trajectory_age_s"": 1764, ""trajectory_time"": 2}, ""missing_frames"": 0, ""nonmonotonic_frames"": 0, ""nonmonotonic_time"": 0, ""sensor_frame_mismatch"": 0, ""state"": ""ok"", ""truth_frame_mismatch"": 0, ""valid_rows"": 3882}","[187.97, 215.95, 193.98, 191.02, 271.76, 231.38, 193.77, 44.22, 745.08, 511.35, 654.59, 1670.38, 1477.68, 598.43, 472.17, 439.25, 394.12, 243.9, 118.76, 118.76]",[],"{""invalid_motion"": 1762, ""motion_gap"": 1, ""no_trajectory"": 1, ""tracking"": 2118}",3882,1.0275081938166954,0.9672718952479729,1.118622895386331,1.1393343297734382,2.709562020238754,1.1393343297734382,5.4108116625039715,113,0.10425608723785643,0.021442003256687735,0.09560776409707518,0.25747099255674594,0.42481386352820627,0.25747099255674594,0.46529534924971355,2118,0.029325249402246185,0.023465604248122184,0.04775123694110223,0.05178970831171982,0.05621305910482329,0.05214288300765242,0.09287513917429567,113,0.016110221355298864,0.0007717180526339163,0.01579317761629161,0.020521319768747548,0.031067701653057708,0.03847077237356185,0.060211802695308445,2118,7.548979379923676,-7.998588928771229,-3.802746627740392,-0.366126134933198,0.21430595700059935,7.999633787066149,7.999753702989188,113,3.8654016511115543,-0.658599016849899,-0.2824396078210693,-0.25538540985977254,-0.2400740850828436,7.999367489785407,7.99964611014313,2118,7.549893533967928,-7.999088986204265,-3.8039520735184973,-0.37337449465439054,0.01817972750966585,7.9996805931680806,7.999731201745012,113,3.86536510110113,-0.6585986594033697,-0.28456368546912286,-0.2567914486043003,-0.23606044732351822,7.999147340092994,7.999437248140244,3882,0.12586196378431233,0.10187944616019304,0.19404515551878046,0.21854389026605764,0.27008119657794916,0.21854389026605764,0.507735138321736,113,0.19991546298001436,0.14736269899003376,0.3286966899622869,0.37764290375573695,0.5053399402760362,0.37764290375573695,0.507735138321736,3882,0.782192331860623,0.6526595760357004,1.1853538927440899,1.3484147853832107,1.6595944518744148,1.3484147853832107,2.3462558363478756,113,0.774822657467347,0.7241019972462195,1.0990594367537199,1.2347431862371874,1.480295600469907,1.2347431862371874,1.6581806010268545,3882,0.002256303520055209,-0.0016388208286703954,-0.00018144609924433116,0.0002963200230916784,0.002283031468429635,0.004040222095976208,0.01117247823760703,113,0.0016808306733151167,-0.0002439583404978407,0.00020533803088396116,0.0003819539404977584,0.0011890227279854663,0.004350329242742653,0.0056947741485169345,2118,0.08570515277565939,0.05000000074505806,0.15000000223517418,0.15000000223517418,0.15000000223517418,0.15000000223517418,0.15000000223517418,113,0.09312661612097821,0.05000000074505806,0.15000000223517418,0.15000000223517418,0.15000000223517418,0.15000000223517418,0.15000000223517418,3882,0.13501886633116628,0.14630399891757406,0.20797539837076331,0.22177595310495232,0.25874631908664014,0.22177595310495232,0.3802030041697435,113,0.16185522323518295,0.1512279995949939,0.19056619494222105,0.2171446001739241,0.25812739768298343,0.2171446001739241,0.260808999883011
formal-v4/carla-seed0,25378,Town03,YieldToEmergencyVehicle_1,carla,0,1,True,0,finished,Completed,100,True,ok,False,False,False,False,286,11.3,11.3,70.0,0.7,,unused (Bench2Drive 0.0.4),14.3,11.448,8.676,1.528,1.152,4,0,0.16783216783216784,,available,2cca3a9660d989de0d09a7cb1d4e51610c814417,/data/runs/b2d/controller/formal-v4/carla-seed0,0,0,0,0,0,0,0,19,"{""invalid_controls"": 0, ""invalid_lines"": 0, ""lines"": 286, ""missing_fields"": {}, ""missing_frames"": 0, ""nonmonotonic_frames"": 0, ""nonmonotonic_time"": 0, ""sensor_frame_mismatch"": 0, ""state"": ""ok"", ""truth_frame_mismatch"": 0, ""valid_rows"": 286}","[93.01, 103.93, 87.99, 116.02, 94.94, 86.24, 77.33, 73.84, 79.5, 77.64, 79.29, 107.27, 102.94, 109.99, 98.67, 93.99, 92.38, 66.61, 66.61]",[],"{""tracking"": 286}",286,0.07968209273772736,-0.057939554836175425,0.00304352686205998,0.012788828073372015,0.020561367036051152,0.16713209814239477,0.18581081626790524,286,0.07968209273772736,-0.057939554836175425,0.00304352686205998,0.012788828073372015,0.020561367036051152,0.16713209814239477,0.18581081626790524,286,0.002703882006318487,0.00036979352467432025,0.003579142840839907,0.00488953440497884,0.009763295302264309,0.005569758087616171,0.009804082719109522,286,0.002703882006318487,0.00036979352467432025,0.003579142840839907,0.00488953440497884,0.009763295302264309,0.005569758087616171,0.009804082719109522,286,2.4144883255994327,-0.08969156723700289,0.18225703358256018,0.3445076430119556,0.47122902099212904,7.194546748299624,7.999986810179686,286,2.4144883255994327,-0.08969156723700289,0.18225703358256018,0.3445076430119556,0.47122902099212904,7.194546748299624,7.999986810179686,286,2.413495872283928,-0.09877170000757696,0.00738954120179347,0.16926940370063304,0.3971179306614819,7.1945405359846335,7.999978089960884,286,2.413495872283928,-0.09877170000757696,0.00738954120179347,0.16926940370063304,0.3971179306614819,7.1945405359846335,7.999978089960884,286,0.15954929796689127,0.11388633631504541,0.24351758557622516,0.3219000477663349,0.47250287954906994,0.3219000477663349,0.5075638292577767,286,0.15954929796689127,0.11388633631504541,0.24351758557622516,0.3219000477663349,0.47250287954906994,0.3219000477663349,0.5075638292577767,286,0.7665800803048455,0.6703140646931134,1.166254857444479,1.2725771529207444,1.5804458852656993,1.2725771529207444,1.6656386516975725,286,0.7665800803048455,0.6703140646931134,1.166254857444479,1.2725771529207444,1.5804458852656993,1.2725771529207444,1.6656386516975725,286,0.0005928478905106714,5.544924033507037e-05,0.000585431970154815,0.0009208659521101614,0.0018698816306209616,0.001457364104737957,0.0024419908469730522,286,0.0005928478905106714,5.544924033507037e-05,0.000585431970154815,0.0009208659521101614,0.0018698816306209616,0.001457364104737957,0.0024419908469730522,286,0.09326067073938357,0.05000000074505806,0.15000000223517418,0.15000000223517418,0.15000000223517418,0.15000000223517418,0.15000000223517418,286,0.09326067073938357,0.05000000074505806,0.15000000223517418,0.15000000223517418,0.15000000223517418,0.15000000223517418,0.15000000223517418,286,0.15543593709396203,0.14077200103201903,0.19441399854258634,0.23171500288299285,0.2569330048572737,0.23171500288299285,0.30700200295541435,286,0.15543593709396203,0.14077200103201903,0.19441399854258634,0.23171500288299285,0.2569330048572737,0.23171500288299285,0.30700200295541435
formal-v4/carla-seed0,25381,Town05,HazardAtSideLane_1,carla,0,1,True,0,finished,Completed,100,True,ok,False,False,False,False,390,15.4,15.4,60.0,0.6,,unused (Bench2Drive 0.0.4),19.5,15.655,12.413,1.912,1.207,3,0,0.1564102564102564,2622,available,2cca3a9660d989de0d09a7cb1d4e51610c814417,/data/runs/b2d/controller/formal-v4/carla-seed0,0,0,0,1,0,0,0,20,"{""invalid_controls"": 0, ""invalid_lines"": 0, ""lines"": 390, ""missing_fields"": {""trajectory_age_s"": 4, ""trajectory_time"": 4}, ""missing_frames"": 0, ""nonmonotonic_frames"": 0, ""nonmonotonic_time"": 0, ""sensor_frame_mismatch"": 0, ""state"": ""ok"", ""truth_frame_mismatch"": 0, ""valid_rows"": 390}","[66.34, 119.48, 102.58, 112.79, 108.88, 101.67, 106.62, 104.34, 106.14, 101.57, 111.25, 119.81, 117.89, 117.71, 109.41, 110.64, 121.28, 120.6, 89.12, 89.12]",[],"{""invalid_motion"": 2, ""tracking"": 386, ""trajectory_outside_history"": 2}",390,0.07592926173094576,-0.04834218839398553,0.014163118220493095,0.05395825287802843,0.12368548934637208,0.15169510135562939,0.18636972706066213,223,0.08131705693806673,-0.05922377738498781,0.003909206774592144,0.015126028927502234,0.0203581896921914,0.1752305357223446,0.18636972706066213,386,0.002931473838616877,0.00023510423330374772,0.0033643731623593416,0.004845993244062543,0.006439616636354019,0.005843202756961613,0.011862519614535948,219,0.002542436743371995,0.00019166133597520095,0.0033341642996955055,0.004721146015941055,0.005884428974150396,0.0053082712898675785,0.006169193264864235,386,2.2294179393225733,-0.022497469640956336,0.07260521299089273,0.3318651271450339,0.4573596514436956,6.6287487018049776,7.999988253455644,219,2.956376703794142,-0.2786875817717407,-0.005417837477056797,0.028091140473953218,0.04330865383739871,7.999927808164554,7.999988253455644,386,2.2284643912085302,-0.025611600315172733,0.06961658522184777,0.11184056568639278,0.35756940902114726,6.628746357357287,7.999979860633865,219,2.9563737223155835,-0.2786870371148398,-0.005416122390377365,0.028088841996578302,0.043310519008251426,7.999926780993818,7.999979860633865,390,0.14312591581890927,0.10080807921063749,0.20071633484857435,0.2615433636558497,0.45867328647321615,0.2615433636558497,0.5101585738902824,223,0.17015386346073244,0.12370272533456121,0.24400914962527478,0.3314492670445672,0.4995184178526873,0.3314492670445672,0.5101585738902824,390,0.7711987873635245,0.6571067984947356,1.1588567615913241,1.290530508420471,1.659047465948349,1.290530508420471,1.877228083946997,223,0.7544665202501402,0.6815978950306896,1.1018144740928861,1.2718695769124013,1.5556208890027658,1.2718695769124013,1.658234596107757,390,0.0007155269361886182,3.332423082924585e-05,0.0006634143551262463,0.001237215625138876,0.0020504795879634826,0.0018439849607721588,0.0028071246637586533,223,0.0005505365179123827,7.554654636932057e-05,0.0006194572085171938,0.0009344607624907721,0.001722740065310733,0.001241949496068084,0.0023022547955395822,386,0.09333348893074374,0.05000000074505806,0.15000000223517418,0.15000000223517418,0.15000000223517418,0.15000000223517418,0.15000000223517418,219,0.09320522984667395,0.05000000074505806,0.15000000223517418,0.15000000223517418,0.15000000223517418,0.15000000223517418,0.15000000223517418,390,0.16160239904143156,0.14909400124452077,0.1994161983020604,0.22388955258065832,0.25431082911381964,0.22388955258065832,0.2958330005640164,223,0.16413955941529737,0.1523120008641854,0.20513240015134218,0.22339830029522995,0.24807297872030176,0.22339830029522995,0.2958330005640164
formal-v4/carla-seed0,25424,Town11,ConstructionObstacleTwoWays_1,carla,0,1,True,0,finished,Failed - TickRuntime,47.26,False,ok,True,True,False,True,4000,54.1,54.1,30.719,0.65,,unused (Bench2Drive 0.0.4),200.05,9.126,3.378,4.658,0.962,5,0,0.972,3554,available,2cca3a9660d989de0d09a7cb1d4e51610c814417,/data/runs/b2d/controller/formal-v4/carla-seed0,0,0,1,0,0,0,0,8,"{""invalid_controls"": 0, ""invalid_lines"": 0, ""lines"": 4000, ""missing_fields"": {""trajectory_age_s"": 646}, ""missing_frames"": 0, ""nonmonotonic_frames"": 0, ""nonmonotonic_time"": 0, ""sensor_frame_mismatch"": 0, ""state"": ""ok"", ""truth_frame_mismatch"": 0, ""valid_rows"": 4000}","[51.63, 67.99, 43.82, 50.11, 45.97, 58.9, 45.84, 78.0]",[],"{""invalid_motion"": 646, ""tracking"": 3354}",4000,0.0615603718830472,-0.013098129009492851,0.06332459518942923,0.07006331993979342,0.07593892885760334,0.11482410551785668,0.12704549762451267,159,0.0412539424073891,0.02551485410006262,0.07423449902856954,0.08098791207863636,0.08421975008822118,0.08098791207863636,0.08434746973191108,3354,0.0063442802216423025,0.0046753494686724816,0.010117424056996428,0.01171779095584753,0.013937511132931107,0.01171779095584753,0.01971907772225506,159,0.0032237524055236553,0.0005363181607200574,0.005395605684759856,0.008646114453180602,0.00980350895093965,0.008646114453180602,0.009814859368611182,3354,7.819686401653227,-7.9998187148417035,-7.97042405821715,-7.458811956429602,-0.12595153985278712,7.999996955164395,7.999999961301825,159,3.25237703737205,-0.41179747181254456,-0.083242143455253,-0.06578661632099393,-0.04831099895061629,7.999832403248566,7.999889232074045,3354,7.819678217377291,-7.999800170396371,-7.970390471148494,-7.458799370215005,-0.12595084946836835,7.999997560784395,7.99999996250255,159,3.2523681104703774,-0.4117913058747291,-0.0832423842285862,-0.06578690584278998,-0.04831092144736472,7.999787783419672,7.999832296345075,4000,0.10844733778583943,0.08553548154432378,0.16701549730247392,0.19182691298786697,0.23845694630830777,0.19182691298786697,0.41003588796463636,159,0.14739954312504988,0.11039362605734734,0.235973936266298,0.27080438374398946,0.3989464620418602,0.27080438374398946,0.41003588796463636,4000,0.6910921966648848,0.5646793281442047,1.0534165101636912,1.2218070206563216,1.5079062475345943,1.2218070206563216,2.181989141344905,159,0.6787893104968001,0.5874776643778121,0.9895545837892246,1.061827519565895,1.2747883283467092,1.061827519565895,1.5449317769586561,4000,0.000603217744224777,0.00012733073766058034,0.0008046707691006903,0.001042096162848848,0.0016016802689802915,0.001153467282805253,0.00606526745255298,159,0.00046033429798459887,-1.2093731062812196e-05,0.0003292913590396303,0.0006041297430731339,0.0010622093528578945,0.001001661510588291,0.001352467162717641,3354,0.0931741671425606,0.05000000074505806,0.15000000223517418,0.15000000223517418,0.15000000223517418,0.15000000223517418,0.15000000223517418,159,0.09307804397800641,0.05000000074505806,0.15000000223517418,0.15000000223517418,0.15000000223517418,0.15000000223517418,0.15000000223517418,4000,0.1373700825810661,0.1325075027125422,0.17803999944590032,0.19353749812580645,0.2399814068485284,0.19353749812580645,0.4374999989522621,159,0.15160152175189598,0.1400420005666092,0.17858299979707226,0.19342410523677242,0.24327620063559144,0.19342410523677242,0.2718519972404465
formal-v4/carla-seed0,26405,Town15,StaticCutIn_1,carla,0,1,True,0,finished,Completed,100,True,ok,False,False,False,False,383,16.3,16.3,100.0,1.0,,unused (Bench2Drive 0.0.4),19.15,8.584,6.068,1.243,1.155,2,0,0.1279373368146214,,available,2cca3a9660d989de0d09a7cb1d4e51610c814417,/data/runs/b2d/controller/formal-v4/carla-seed0,0,0,0,0,0,0,0,18,"{""invalid_controls"": 0, ""invalid_lines"": 0, ""lines"": 383, ""missing_fields"": {}, ""missing_frames"": 0, ""nonmonotonic_frames"": 0, ""nonmonotonic_time"": 0, ""sensor_frame_mismatch"": 0, ""state"": ""ok"", ""truth_frame_mismatch"": 0, ""valid_rows"": 383}","[78.16, 107.71, 167.31, 163.45, 195.42, 164.46, 163.23, 155.26, 156.55, 138.42, 114.02, 125.34, 115.7, 114.88, 141.84, 119.41, 89.31, 89.31]",[],"{""tracking"": 383}",383,0.09413484692833526,0.08787877577232313,0.13871863588991537,0.16986801105962776,0.1985492584335494,0.16986801105962776,0.20168576348276926,383,0.09413484692833526,0.08787877577232313,0.13871863588991537,0.16986801105962776,0.1985492584335494,0.16986801105962776,0.20168576348276926,383,0.004862248739723253,-0.0019187625972426187,0.00299078839241243,0.004317690559857768,0.0065677463391825945,0.009392490647961051,0.01667810080431848,383,0.004862248739723253,-0.0019187625972426187,0.00299078839241243,0.004317690559857768,0.0065677463391825945,0.009392490647961051,0.01667810080431848,383,2.107580116957797,-0.029665080091522356,0.04336476906763881,0.32183692481632714,0.4574370741071791,6.4342770820899355,7.999917863950054,383,2.107580116957797,-0.029665080091522356,0.04336476906763881,0.32183692481632714,0.4574370741071791,6.4342770820899355,7.999917863950054,383,2.106454580142246,-0.03095951418762688,0.01088625454255663,0.15013103602017439,0.3424281522622942,6.434216832109647,7.999855433414631,383,2.106454580142246,-0.03095951418762688,0.01088625454255663,0.15013103602017439,0.3424281522622942,6.434216832109647,7.999855433414631,383,0.11933774771941832,0.08605073494183062,0.17911804291758399,0.2308404579062695,0.35423070562122283,0.2308404579062695,0.41025367109706345,383,0.11933774771941832,0.08605073494183062,0.17911804291758399,0.2308404579062695,0.35423070562122283,0.2308404579062695,0.41025367109706345,383,0.691189610795282,0.5638868298619644,1.025655010458359,1.1902418795712095,1.561096815753475,1.1902418795712095,1.7112640490312447,383,0.691189610795282,0.5638868298619644,1.025655010458359,1.1902418795712095,1.561096815753475,1.1902418795712095,1.7112640490312447,383,0.000683984667523166,-8.04958548119572e-05,0.0005119567827248872,0.0008885844183015742,0.0016865067605640865,0.0016109518017108021,0.0029783361573572087,383,0.000683984667523166,-8.04958548119572e-05,0.0005119567827248872,0.0008885844183015742,0.0016865067605640865,0.0016109518017108021,0.0029783361573572087,383,0.09334934106039841,0.05000000074505806,0.15000000223517418,0.15000000223517418,0.15000000223517418,0.15000000223517418,0.15000000223517418,383,0.09334934106039841,0.05000000074505806,0.15000000223517418,0.15000000223517418,0.15000000223517418,0.15000000223517418,0.15000000223517418,383,0.15926036152534165,0.14732000272488222,0.1884856028482318,0.21248449847917067,0.257905619655503,0.21248449847917067,0.2875930003938265,383,0.15926036152534165,0.14732000272488222,0.1884856028482318,0.21248449847917067,0.257905619655503,0.21248449847917067,0.2875930003938265
formal-v4/carla-seed0,27494,Town04,BlockedIntersection_1,carla,0,1,True,0,finished,Completed,100,True,ok,False,False,False,False,471,14.7,14.7,60.0,0.6,,unused (Bench2Drive 0.0.4),23.55,11.15,8.424,1.486,1.152,7,0,0.5732484076433121,11852,available,2cca3a9660d989de0d09a7cb1d4e51610c814417,/data/runs/b2d/controller/formal-v4/carla-seed0,0,0,0,1,0,0,0,17,"{""invalid_controls"": 0, ""invalid_lines"": 0, ""lines"": 471, ""missing_fields"": {""trajectory_age_s"": 9}, ""missing_frames"": 0, ""nonmonotonic_frames"": 0, ""nonmonotonic_time"": 0, ""sensor_frame_mismatch"": 0, ""state"": ""ok"", ""truth_frame_mismatch"": 0, ""valid_rows"": 471}","[118.55, 221.46, 239.24, 163.92, 137.2, 163.39, 146.94, 166.98, 152.94, 10.8, 115.48, 159.57, 128.57, 123.04, 105.81, 72.33, 72.33]",[],"{""invalid_motion"": 9, ""tracking"": 462}",471,0.24993449833260323,0.16361233739575484,0.22146070419184669,0.7018643082048005,0.8329365617056015,0.7018643082048005,0.8449588775889246,162,0.3538067950921721,0.006008566396368089,0.771875600270978,0.8185487769901186,0.8435037899382205,0.8185487769901186,0.8449588775889246,462,0.018209055559999358,0.00717565101734308,0.02056943273978628,0.02235830718491835,0.06068887722841912,0.03590115160401671,0.0907541216138481,162,0.024366808810526528,0.0011769178259182053,0.021817409365483972,0.03590115160401671,0.06740566840660943,0.06222055548889462,0.0907541216138481,462,5.468958112146469,-3.8730418044090156,-0.045522282928904666,0.1159146771665763,0.20611838004993924,7.999513183652198,7.999911400270989,162,3.2301753716619652,-0.39072724376688184,-0.08279485067462289,-0.0327882967150619,-0.00962568660599037,7.99975425066423,7.999911400270989,462,5.46918369219099,-3.8730487457505474,-0.10221037089498809,-0.025792900156287595,0.13027433364856028,7.999596493818199,7.999911400271113,162,3.230182461532055,-0.39072978639594824,-0.08155762688293239,-0.03275093776562099,-0.009824741343700486,7.9997549726051815,7.999911400271113,471,0.14747707175109795,0.1063746091084104,0.22843143378115094,0.2739499904877847,0.41259377740900116,0.2739499904877847,0.5075511006534408,162,0.19868663430969147,0.1504407843944,0.3051236652791522,0.34910400185461266,0.5044982786655804,0.34910400185461266,0.5075511006534408,471,0.7804442223095841,0.6611243169476468,1.1765495511368544,1.2899918592167938,1.6582887779795201,1.2899918592167938,1.8772343637105944,162,0.7683059054632548,0.702284564050796,1.0909324893437784,1.2636221574848998,1.5208230642656773,1.2636221574848998,1.658310295040741,471,0.0024873355070715334,7.498356150748009e-05,0.0020772150589309923,0.003105266644068738,0.010132359050392344,0.005213160343004564,0.02317177823298966,162,0.002481783429878389,-7.407742293685793e-05,0.002117899491367803,0.0027844881340445705,0.003878191262778873,0.005625440377010514,0.007762424767892462,462,0.09304842242637665,0.05000000074505806,0.15000000223517418,0.15000000223517418,0.15000000223517418,0.15000000223517418,0.15000000223517418,162,0.09304519152228265,0.05000000074505806,0.15000000223517418,0.15000000223517418,0.15000000223517418,0.15000000223517418,0.15000000223517418,471,0.15048361725463658,0.13695499364985153,0.18754600023385137,0.20593699809978716,0.2717842973652296,0.20593699809978716,0.5094180014566518,162,0.15973723044685498,0.14242800170904957,0.19794559993897565,0.2143325033102883,0.27207720202568425,0.2143325033102883,0.5094180014566518
formal-v4/carla-seed0,28198,Town15,SignalizedJunctionLeftTurnEnterFlow_1,carla,0,1,True,0,finished,Completed,100,True,ok,False,False,False,False,252,14.6,14.6,70.0,0.7,,unused (Bench2Drive 0.0.4),12.6,8.723,6.355,1.094,1.171,9,0,0.17063492063492064,,available,2cca3a9660d989de0d09a7cb1d4e51610c814417,/data/runs/b2d/controller/formal-v4/carla-seed0,0,0,0,0,0,0,0,19,"{""invalid_controls"": 0, ""invalid_lines"": 0, ""lines"": 252, ""missing_fields"": {}, ""missing_frames"": 0, ""nonmonotonic_frames"": 0, ""nonmonotonic_time"": 0, ""sensor_frame_mismatch"": 0, ""state"": ""ok"", ""truth_frame_mismatch"": 0, ""valid_rows"": 252}","[154.57, 171.79, 159.81, 139.53, 164.84, 198.5, 159.61, 121.96, 131.69, 161.49, 208.86, 213.87, 100.0, 63779.42, 178.83, 132.29, 63.77, 46.66, 46.66]",[],"{""tracking"": 252}",252,0.24107879364898718,0.06030121986157923,0.4765451841254349,0.5077414867687309,0.538474048684439,0.5077414867687309,0.5416763801335067,252,0.24107879364898718,0.06030121986157923,0.4765451841254349,0.5077414867687309,0.538474048684439,0.5077414867687309,0.5416763801335067,252,0.01936429618987821,-0.0019039144404587533,0.006930140520635619,0.022005320397591215,0.03512197585487081,0.05056081340093495,0.0729808732353899,252,0.01936429618987821,-0.0019039144404587533,0.006930140520635619,0.022005320397591215,0.03512197585487081,0.05056081340093495,0.0729808732353899,252,2.3038447099706105,-0.14421808449723317,0.22068416189284773,0.311941405141996,0.41271731312356486,6.969228044594808,7.558244134350988,252,2.3038447099706105,-0.14421808449723317,0.22068416189284773,0.311941405141996,0.41271731312356486,6.969228044594808,7.558244134350988,252,2.3026319211255606,-0.1644738944377755,0.02820038364850608,0.2087858404374671,0.3282996677498347,6.969225007554742,7.558244134350988,252,2.3026319211255606,-0.1644738944377755,0.02820038364850608,0.2087858404374671,0.3282996677498347,6.969225007554742,7.558244134350988,252,0.15221348355344727,0.10789846344126819,0.24005183851226003,0.2648474312282053,0.379879540564917,0.2648474312282053,0.4102267015023734,252,0.15221348355344727,0.10789846344126819,0.24005183851226003,0.2648474312282053,0.379879540564917,0.2648474312282053,0.4102267015023734,252,0.6802572859527105,0.5542252972786315,1.004960906892669,1.18269756392771,1.44011246290239,1.18269756392771,1.544555202070818,252,0.6802572859527105,0.5542252972786315,1.004960906892669,1.18269756392771,1.44011246290239,1.18269756392771,1.544555202070818,252,0.0013927178633171419,2.6939110583157344e-05,0.001487523492861076,0.00207893611022365,0.002865877292569606,0.002902341266501862,0.004167388050884124,252,0.0013927178633171419,2.6939110583157344e-05,0.001487523492861076,0.00207893611022365,0.002865877292569606,0.002902341266501862,0.004167388050884124,252,0.09354143606322456,0.07500000111758709,0.15000000223517418,0.15000000223517418,0.15000000223517418,0.15000000223517418,0.15000000223517418,252,0.09354143606322456,0.07500000111758709,0.15000000223517418,0.15000000223517418,0.15000000223517418,0.15000000223517418,0.15000000223517418,252,0.15631664402729256,0.14673500118078664,0.19454570428933948,0.2131468001607572,0.25894226186210295,0.2131468001607572,0.26504499692237005,252,0.15631664402729256,0.14673500118078664,0.19454570428933948,0.2131468001607572,0.25894226186210295,0.2131468001607572,0.26504499692237005
formal-v4/carla-seed0,3255,Town13,ParkingCrossingPedestrian_1,carla,0,1,True,0,finished,Completed,100,True,ok,False,False,False,False,695,51.9,51.9,18.0,0.18,,unused (Bench2Drive 0.0.4),34.75,14.781,10.235,3.025,1.101,1,0,0.6230215827338129,1263,available,2cca3a9660d989de0d09a7cb1d4e51610c814417,/data/runs/b2d/controller/formal-v4/carla-seed0,0,0,0,2,1,0,0,21,"{""invalid_controls"": 0, ""invalid_lines"": 0, ""lines"": 695, ""missing_fields"": {""trajectory_age_s"": 21}, ""missing_frames"": 0, ""nonmonotonic_frames"": 0, ""nonmonotonic_time"": 0, ""sensor_frame_mismatch"": 0, ""state"": ""ok"", ""truth_frame_mismatch"": 0, ""valid_rows"": 695}","[75.58, 131.12, 191.7, 158.52, 150.78, 135.38, 137.87, 112.16, 105.79, 102.55, 105.93, 132.67, 159.56, 147.68, 141.29, 172.26, 81.89, 25.66, 112.31, 84.64, 84.64]",[],"{""invalid_motion"": 21, ""tracking"": 674}",695,0.08285912597296019,-0.08415117466564069,-0.013827085886256588,0.0007954123283151808,0.01764091815593578,0.11027825951191936,0.18750033664833243,172,0.06065666065396494,-0.03497240122591716,0.010223087923872866,0.017001963449136605,0.02012138097399917,0.10257199124493278,0.10773915528231094,674,0.004102905835664359,0.0013844404610505255,0.007294159611912343,0.0087346083974934,0.010959697605837012,0.0087346083974934,0.012588812233311061,172,0.0028151189036896757,0.0003403876231226836,0.0034034917392355354,0.004841543075337793,0.009794870117293733,0.0059626685516425346,0.009830148225568457,674,5.668181686534603,-5.566786756336832,-0.008680794307628664,0.006317732262549403,0.0343631478691959,7.999963656865362,7.9999999490136515,172,3.163579851661652,-0.3617582378658968,-0.06215469050838784,-0.04994755764240223,-0.035718868341924274,7.999858698075451,7.999986787507911,674,5.71108504167636,-5.579713748830516,-0.008899258430675868,0.005483087098817397,0.028228070392975528,7.999997449459685,7.999999949013674,172,3.163574507050745,-0.3617582742828409,-0.062154879549073346,-0.049946697860443805,-0.035718868341924906,7.999791782850622,7.999978668704159,695,0.11682580535798384,0.08982707742858641,0.16856144230768064,0.20454505656869051,0.276803646436636,0.20454505656869051,0.4116930571842154,172,0.1508406826517757,0.11495737612806353,0.23915714613345646,0.26966824472831996,0.4001612644660218,0.26966824472831996,0.4116930571842154,695,0.6895995255371344,0.5701555517801478,1.043210669220125,1.1930807317858394,1.4964698700323071,1.1930807317858394,1.7140923260158072,172,0.6908803394462482,0.5881962556728091,1.0095125666832507,1.1329424270554742,1.3358310296921487,1.1329424270554742,1.5446862868835933,695,0.0006528177721887085,1.5866590574731276e-05,0.0007638583099685019,0.0010193187358254357,0.0015357633573464967,0.001358192843365335,0.0027032929606112255,172,0.000518881771595602,0.00010424817075271875,0.0006936244579256013,0.0009422244853294555,0.001620959514119406,0.001240209705003492,0.0019308758495402145,674,0.09344225096899368,0.07500000111758709,0.15000000223517418,0.15000000223517418,0.15000000223517418,0.15000000223517418,0.15000000223517418,172,0.09354143606322456,0.07500000111758709,0.15000000223517418,0.15000000223517418,0.15000000223517418,0.15000000223517418,0.15000000223517418,695,0.16881082262577793,0.15867700130911544,0.2079539975966327,0.22994819955783888,0.2600839801016263,0.22994819955783888,0.29491999885067344,172,0.169562458947951,0.16135300393216312,0.20259389930288307,0.21343234911910258,0.2634264293737942,0.21343234911910258,0.29491999885067344
formal-v4/carla-seed0,3514,Town13,ParkingExit_1,carla,0,1,True,0,finished,Completed,100,True,ok,False,False,False,False,679,47.7,47.7,60.0,0.6,,unused (Bench2Drive 0.0.4),33.95,20.394,14.652,4.198,1.301,0,0,0.5360824742268041,379,available,2cca3a9660d989de0d09a7cb1d4e51610c814417,/data/runs/b2d/controller/formal-v4/carla-seed0,0,0,0,1,0,0,0,20,"{""invalid_controls"": 0, ""invalid_lines"": 0, ""lines"": 679, ""missing_fields"": {""trajectory_age_s"": 2}, ""missing_frames"": 0, ""nonmonotonic_frames"": 0, ""nonmonotonic_time"": 0, ""sensor_frame_mismatch"": 0, ""state"": ""ok"", ""truth_frame_mismatch"": 0, ""valid_rows"": 679}","[10.5, 112.62, 127.79, 127.98, 146.5, 166.4, 127.59, 121.75, 116.22, 112.58, 115.56, 101.69, 100.52, 112.08, 105.36, 117.88, 125.29, 104.13, 80.34, 80.34]","[{""duration_s"": 10.800000160932541, ""end_s"": 13.050000194460154, ""start_s"": 2.2500000335276127}]","{""invalid_motion"": 2, ""tracking"": 677}",679,1.1815837129485631,-0.8803573202004715,0.013107489374585118,0.06741363872953315,0.09651950118007295,2.853541554123906,3.146100619005638,36,3.0939968720043316,-3.14459788030653,-2.9527526286445234,-2.8831038959926127,-2.8147224919696203,3.145943363879276,3.146100619005638,677,0.055244629274236616,0.02246269309421649,0.08422025562490311,0.08636729675032626,0.09344632533727046,0.08636729675032626,0.15214792923755333,36,0.05122365673025337,0.05430535692853954,0.06459226040829812,0.06460763160258555,0.07601818012636988,0.06460763160258555,0.08214976403066579,677,5.489092495986955,-3.886347614800864,0.00019481298776379645,0.008010276127013044,0.47280831874939566,7.9780272213343615,7.995201657773794,36,6.600887049760886,-6.593759102143002,-4.184482880001269,-3.8422380873723077,-3.567233174777553,7.989956093380485,7.990192249813577,677,5.487584991413918,-3.8841155093187254,-0.00048294585422361657,0.002438621402348846,0.3089032980914935,7.975337519780424,7.992992137971548,36,6.600921749650344,-6.5940396316041205,-4.184939701769545,-3.8394479555196166,-3.5613180952498067,7.990192249813587,7.99019224981367,679,0.11884443667610921,0.09229360492915718,0.1778159126645522,0.20811251624054147,0.29180429514392925,0.20811251624054147,0.4121881749761774,36,0.24623778224979936,0.22631709217719187,0.35976580777255196,0.4004323973241692,0.4094079108519446,0.4004323973241692,0.4121881749761774,679,0.6895693864255373,0.5700449622859223,1.0415078429382838,1.1923646789328066,1.5040768012478807,1.1923646789328066,1.7135408170275641,36,0.6805695804789815,0.5940728542582956,0.9190095272695913,1.1367649597000522,1.2547174425739804,1.1367649597000522,1.2585321499865327,679,0.0017027834684490884,0.00037989638398849834,0.0019228032058002497,0.002280021362460749,0.0032383676397550513,0.002538669463578725,0.02267971139303704,36,0.002169028953247823,-0.002196777629112967,3.914945843686013e-05,5.20652745251704e-05,6.27358294310376e-05,0.004233967902380731,0.004916417951910557,677,0.09349207642912837,0.05000000074505806,0.15000000223517418,0.15000000223517418,0.15000000223517418,0.15000000223517418,0.15000000223517418,36,0.09354143606322451,0.07500000111758709,0.15000000223517418,0.15000000223517418,0.15000000223517418,0.15000000223517418,0.15000000223517418,679,0.16925132720601763,0.15509100194321945,0.20537579985102644,0.2204089985752945,0.273456803552108,0.2204089985752945,0.3894849942298606,36,0.17060833122490082,0.15321099999709986,0.19083550068899058,0.2073954965453595,0.3104732968495225,0.2073954965453595,0.3613009976106696
formal-v4/carla-seed1,17569,Town12,SequentialLaneChange_1,carla,1,1,True,0,finished,Completed,100,True,ok,False,False,False,False,329,33.8,33.8,60.0,0.6,,unused (Bench2Drive 0.0.4),16.45,16.976,13.146,2.476,1.145,7,0,0.16717325227963525,11861,available,2cca3a9660d989de0d09a7cb1d4e51610c814417,/data/runs/b2d/controller/formal-v4/carla-seed1,0,0,0,1,0,0,0,19,"{""invalid_controls"": 0, ""invalid_lines"": 0, ""lines"": 329, ""missing_fields"": {}, ""missing_frames"": 0, ""nonmonotonic_frames"": 0, ""nonmonotonic_time"": 0, ""sensor_frame_mismatch"": 0, ""state"": ""ok"", ""truth_frame_mismatch"": 0, ""valid_rows"": 329}","[106.49, 106.17, 95.35, 104.36, 99.04, 100.4, 97.33, 113.41, 106.06, 98.51, 88.52, 90.92, 94.8, 95.67, 103.0, 108.04, 103.36, 73.15, 73.15]",[],"{""tracking"": 329}",329,0.31150812752680984,-0.0805273794464207,0.07879245623840352,0.4122048674288558,0.7755690329591026,0.7729806354009264,1.145836829645118,253,0.24746322998709144,-0.04213710557623083,0.09893223720842055,0.4100605828540035,0.7665409001686752,0.6464822726768248,1.0102878837234333,329,0.05868064787516428,0.0005457923228068288,0.02301731046669321,0.07783552658067124,0.2161868562376038,0.14217318412176486,0.2853313775141366,253,0.04782194456505504,-0.0002196867264503843,0.012850786401192457,0.04323239925367553,0.10155214223681988,0.11684540542469483,0.26158871590772564,329,2.2434780674961674,-0.09573517561814793,0.16336256462684956,0.32294740792424165,0.48168101024834586,6.7534601921403405,7.999958427385292,253,2.5490194054974697,-0.15692014814330157,-0.015438587938974454,-0.008420987729203272,0.0427535465402833,7.640161061819411,7.999958427385292,329,2.242922390273874,-0.12722451232484921,0.095446825268867,0.21337237352050645,0.38397936399046634,6.753454688413888,7.999931521374896,253,2.549069321434909,-0.15897627376207968,-0.015951358876690944,-0.008492381280383156,0.06230844777141065,7.6401563171617966,7.999931521374896,329,0.1744275052314593,0.12104420450422561,0.2952334759746287,0.33047826737211994,0.46355261031146056,0.33047826737211994,0.5077720260520014,253,0.17261175584390384,0.12300372370771635,0.29083238327898786,0.3339401754939948,0.4851177203765358,0.3339401754939948,0.5077720260520014,329,0.7736338503592134,0.6644721643231508,1.176027966949839,1.284319296701501,1.6533703279693812,1.284319296701501,1.6775829944712892,253,0.7658936171188363,0.6712619492118566,1.1546240693045233,1.2767812794114237,1.5671066095430863,1.2767812794114237,1.6584540178890481,329,0.002379541898948708,0.00018375998937925075,0.002259232791654586,0.0037338545886846917,0.006708390829147794,0.005430929816644792,0.008272725679336013,253,0.002417149762271634,0.0001494286088083996,0.0017087334390713418,0.0030273942753469276,0.006667679260589113,0.005702133216532785,0.00787355411248436,329,0.09339916763706657,0.05000000074505806,0.15000000223517418,0.15000000223517418,0.15000000223517418,0.15000000223517418,0.15000000223517418,253,0.09335638853073988,0.05000000074505806,0.15000000223517418,0.15000000223517418,0.15000000223517418,0.15000000223517418,0.15000000223517418,329,0.16020096138487383,0.14941200061002746,0.1911721978103742,0.21045460016466655,0.24468775955028801,0.21045460016466655,0.2891059993999079,253,0.15991335422594774,0.15042700397316366,0.1905974015244283,0.2091974020004271,0.25104635831667105,0.2091974020004271,0.2891059993999079
formal-v4/carla-seed1,2091,Town12,NonSignalizedJunctionLeftTurn_1,carla,1,1,True,0,finished,Failed - TickRuntime,60.64,False,ok,True,True,False,True,4000,87.9,87.9,4.579482,0.075519,,unused (Bench2Drive 0.0.4),200.05,14.49,10.149,2.941,1.041,5,0,0.98175,7017,available,2cca3a9660d989de0d09a7cb1d4e51610c814417,/data/runs/b2d/controller/formal-v4/carla-seed1,0,0,0,4,0,0,0,11,"{""invalid_controls"": 0, ""invalid_lines"": 0, ""lines"": 4000, ""missing_fields"": {""trajectory_age_s"": 1767, ""trajectory_time"": 2}, ""missing_frames"": 0, ""nonmonotonic_frames"": 0, ""nonmonotonic_time"": 0, ""sensor_frame_mismatch"": 0, ""state"": ""ok"", ""truth_frame_mismatch"": 0, ""valid_rows"": 4000}","[187.97, 215.95, 193.98, 191.02, 271.76, 231.38, 193.77, 52.63, 4262.32, 163.92, 1429.57]",[],"{""invalid_motion"": 1765, ""motion_gap"": 1, ""no_trajectory"": 1, ""tracking"": 2233}",4000,1.480507429300244,0.9812446960627347,1.1385095567571606,3.1387807936091328,5.463409513269932,3.1387807936091328,5.4728145897799605,113,0.10425608723785643,0.021442003256687735,0.09560776409707518,0.25747099255674594,0.42481386352820627,0.25747099255674594,0.46529534924971355,2233,0.034311596557603914,0.026898503764787224,0.053364693280865225,0.07014473064159149,0.07639477730990686,0.07014473064159149,0.09416461797432617,113,0.016110221355298864,0.0007717180526339163,0.01579317761629161,0.020521319768747548,0.031067701653057708,0.03847077237356185,0.060211802695308445,2233,7.709381255489521,-7.998402038409859,-7.136166706125981,-4.742148311714618,-0.32975860826310566,7.999628571051235,7.999753702989188,113,3.8654016511115543,-0.658599016849899,-0.2824396078210693,-0.25538540985977254,-0.2400740850828436,7.999367489785407,7.99964611014313,2233,7.710205839165054,-7.999047042409384,-7.136070836709667,-4.743005750177915,-0.3297585282923265,7.999679159470101,7.999731201745012,113,3.86536510110113,-0.6585986594033697,-0.28456368546912286,-0.2567914486043003,-0.23606044732351822,7.999147340092994,7.999437248140244,4000,0.12563607570784976,0.1021714734472922,0.1922603538550161,0.21609464690978872,0.2700169807094723,0.21609464690978872,0.507735138321736,113,0.19991546298001436,0.14736269899003376,0.3286966899622869,0.37764290375573695,0.5053399402760362,0.37764290375573695,0.507735138321736,4000,0.7818439882645555,0.6519619555747878,1.1854826521325281,1.350147126473452,1.6581806999205888,1.350147126473452,2.3462558363478756,113,0.774822657467347,0.7241019972462195,1.0990594367537199,1.2347431862371874,1.480295600469907,1.2347431862371874,1.6581806010268545,4000,0.002214076734023615,-0.0015813115171312564,-0.00011055688746361983,0.00032081044752321183,0.001507393731710088,0.003977209090356704,0.010864803229672315,113,0.0016808306733151167,-0.0002439583404978407,0.00020533803088396116,0.0003819539404977584,0.0011890227279854663,0.004350329242742653,0.0056947741485169345,2233,0.08617487218266967,0.05000000074505806,0.15000000223517418,0.15000000223517418,0.15000000223517418,0.15000000223517418,0.15000000223517418,113,0.09312661612097821,0.05000000074505806,0.15000000223517418,0.15000000223517418,0.15000000223517418,0.15000000223517418,0.15000000223517418,4000,0.13356380640811513,0.14343300063046627,0.20531200352706946,0.21758144866907966,0.2526119188405572,0.21758144866907966,0.40280300163431093,113,0.1628332739767388,0.1526810010545887,0.19996999762952328,0.23098959791241214,0.2558085555210709,0.23098959791241214,0.2646409993758425
formal-v4/carla-seed1,25378,Town03,YieldToEmergencyVehicle_1,carla,1,1,True,0,finished,Completed,100,True,ok,False,False,False,False,286,12.3,12.3,70.0,0.7,,unused (Bench2Drive 0.0.4),14.3,11.541,8.736,1.549,1.166,3,0,0.16783216783216784,,available,2cca3a9660d989de0d09a7cb1d4e51610c814417,/data/runs/b2d/controller/formal-v4/carla-seed1,0,0,0,0,0,0,0,19,"{""invalid_controls"": 0, ""invalid_lines"": 0, ""lines"": 286, ""missing_fields"": {}, ""missing_frames"": 0, ""nonmonotonic_frames"": 0, ""nonmonotonic_time"": 0, ""sensor_frame_mismatch"": 0, ""state"": ""ok"", ""truth_frame_mismatch"": 0, ""valid_rows"": 286}","[93.01, 103.93, 87.99, 116.02, 94.94, 86.24, 77.33, 73.0, 77.13, 75.64, 79.44, 106.77, 101.14, 110.99, 99.65, 96.53, 88.22, 70.67, 70.67]",[],"{""tracking"": 286}",286,0.07968209273772736,-0.057939554836175425,0.00304352686205998,0.012788828073372015,0.020561367036051152,0.16713209814239477,0.18581081626790524,286,0.07968209273772736,-0.057939554836175425,0.00304352686205998,0.012788828073372015,0.020561367036051152,0.16713209814239477,0.18581081626790524,286,0.002703882006318487,0.00036979352467432025,0.003579142840839907,0.00488953440497884,0.009763295302264309,0.005569758087616171,0.009804082719109522,286,0.002703882006318487,0.00036979352467432025,0.003579142840839907,0.00488953440497884,0.009763295302264309,0.005569758087616171,0.009804082719109522,286,2.4144883255994327,-0.08969156723700289,0.18225703358256018,0.3445076430119556,0.47122902099212904,7.194546748299624,7.999986810179686,286,2.4144883255994327,-0.08969156723700289,0.18225703358256018,0.3445076430119556,0.47122902099212904,7.194546748299624,7.999986810179686,286,2.413495872283928,-0.09877170000757696,0.00738954120179347,0.16926940370063304,0.3971179306614819,7.1945405359846335,7.999978089960884,286,2.413495872283928,-0.09877170000757696,0.00738954120179347,0.16926940370063304,0.3971179306614819,7.1945405359846335,7.999978089960884,286,0.15954929796689127,0.11388633631504541,0.24351758557622516,0.3219000477663349,0.47250287954906994,0.3219000477663349,0.5075638292577767,286,0.15954929796689127,0.11388633631504541,0.24351758557622516,0.3219000477663349,0.47250287954906994,0.3219000477663349,0.5075638292577767,286,0.7665800803048455,0.6703140646931134,1.166254857444479,1.2725771529207444,1.5804458852656993,1.2725771529207444,1.6656386516975725,286,0.7665800803048455,0.6703140646931134,1.166254857444479,1.2725771529207444,1.5804458852656993,1.2725771529207444,1.6656386516975725,286,0.0005928478905106714,5.544924033507037e-05,0.000585431970154815,0.0009208659521101614,0.0018698816306209616,0.001457364104737957,0.0024419908469730522,286,0.0005928478905106714,5.544924033507037e-05,0.000585431970154815,0.0009208659521101614,0.0018698816306209616,0.001457364104737957,0.0024419908469730522,286,0.09326067073938357,0.05000000074505806,0.15000000223517418,0.15000000223517418,0.15000000223517418,0.15000000223517418,0.15000000223517418,286,0.09326067073938357,0.05000000074505806,0.15000000223517418,0.15000000223517418,0.15000000223517418,0.15000000223517418,0.15000000223517418,286,0.15595444482132598,0.1423385001544375,0.19613450422184542,0.21744149853475392,0.2504164964193477,0.21744149853475392,0.25927899696398526,286,0.15595444482132598,0.1423385001544375,0.19613450422184542,0.21744149853475392,0.2504164964193477,0.21744149853475392,0.25927899696398526
formal-v4/carla-seed1,25381,Town05,HazardAtSideLane_1,carla,1,1,True,0,finished,Completed,100,True,ok,False,False,False,False,390,13.4,13.4,60.0,0.6,,unused (Bench2Drive 0.0.4),19.5,15.11,12.078,1.79,1.131,2,0,0.1564102564102564,1830,available,2cca3a9660d989de0d09a7cb1d4e51610c814417,/data/runs/b2d/controller/formal-v4/carla-seed1,0,0,0,1,0,0,0,20,"{""invalid_controls"": 0, ""invalid_lines"": 0, ""lines"": 390, ""missing_fields"": {""trajectory_age_s"": 4, ""trajectory_time"": 4}, ""missing_frames"": 0, ""nonmonotonic_frames"": 0, ""nonmonotonic_time"": 0, ""sensor_frame_mismatch"": 0, ""state"": ""ok"", ""truth_frame_mismatch"": 0, ""valid_rows"": 390}","[66.34, 119.48, 102.58, 112.79, 108.88, 101.67, 106.62, 104.34, 106.14, 101.57, 111.25, 119.81, 117.89, 117.71, 109.41, 110.64, 121.28, 120.6, 89.12, 89.12]",[],"{""invalid_motion"": 2, ""tracking"": 386, ""trajectory_outside_history"": 2}",390,0.07592926173094576,-0.04834218839398553,0.014163118220493095,0.05395825287802843,0.12368548934637208,0.15169510135562939,0.18636972706066213,223,0.08131705693806673,-0.05922377738498781,0.003909206774592144,0.015126028927502234,0.0203581896921914,0.1752305357223446,0.18636972706066213,386,0.002931473838616877,0.00023510423330374772,0.0033643731623593416,0.004845993244062543,0.006439616636354019,0.005843202756961613,0.011862519614535948,219,0.002542436743371995,0.00019166133597520095,0.0033341642996955055,0.004721146015941055,0.005884428974150396,0.0053082712898675785,0.006169193264864235,386,2.2294179393225733,-0.022497469640956336,0.07260521299089273,0.3318651271450339,0.4573596514436956,6.6287487018049776,7.999988253455644,219,2.956376703794142,-0.2786875817717407,-0.005417837477056797,0.028091140473953218,0.04330865383739871,7.999927808164554,7.999988253455644,386,2.2284643912085302,-0.025611600315172733,0.06961658522184777,0.11184056568639278,0.35756940902114726,6.628746357357287,7.999979860633865,219,2.9563737223155835,-0.2786870371148398,-0.005416122390377365,0.028088841996578302,0.043310519008251426,7.999926780993818,7.999979860633865,390,0.14312591581890927,0.10080807921063749,0.20071633484857435,0.2615433636558497,0.45867328647321615,0.2615433636558497,0.5101585738902824,223,0.17015386346073244,0.12370272533456121,0.24400914962527478,0.3314492670445672,0.4995184178526873,0.3314492670445672,0.5101585738902824,390,0.7711987873635245,0.6571067984947356,1.1588567615913241,1.290530508420471,1.659047465948349,1.290530508420471,1.877228083946997,223,0.7544665202501402,0.6815978950306896,1.1018144740928861,1.2718695769124013,1.5556208890027658,1.2718695769124013,1.658234596107757,390,0.0007155269361886182,3.332423082924585e-05,0.0006634143551262463,0.001237215625138876,0.0020504795879634826,0.0018439849607721588,0.0028071246637586533,223,0.0005505365179123827,7.554654636932057e-05,0.0006194572085171938,0.0009344607624907721,0.001722740065310733,0.001241949496068084,0.0023022547955395822,386,0.09333348893074374,0.05000000074505806,0.15000000223517418,0.15000000223517418,0.15000000223517418,0.15000000223517418,0.15000000223517418,219,0.09320522984667395,0.05000000074505806,0.15000000223517418,0.15000000223517418,0.15000000223517418,0.15000000223517418,0.15000000223517418,390,0.15214285039844289,0.13830899843014777,0.18583109995233826,0.20286404833313995,0.26779267187521333,0.20286404833313995,0.32460299553349614,223,0.1515799901593032,0.13997100177221,0.18569159874459729,0.20327709498815216,0.23055741607095115,0.20327709498815216,0.27372300246497616
formal-v4/carla-seed1,25424,Town11,ConstructionObstacleTwoWays_1,carla,1,1,True,0,finished,Failed - TickRuntime,47.26,False,ok,True,True,False,True,4000,53.7,53.7,30.719,0.65,,unused (Bench2Drive 0.0.4),200.05,9.091,3.408,4.582,0.975,4,0,0.972,2798,available,2cca3a9660d989de0d09a7cb1d4e51610c814417,/data/runs/b2d/controller/formal-v4/carla-seed1,0,0,1,0,0,0,0,8,"{""invalid_controls"": 0, ""invalid_lines"": 0, ""lines"": 4000, ""missing_fields"": {""trajectory_age_s"": 646}, ""missing_frames"": 0, ""nonmonotonic_frames"": 0, ""nonmonotonic_time"": 0, ""sensor_frame_mismatch"": 0, ""state"": ""ok"", ""truth_frame_mismatch"": 0, ""valid_rows"": 4000}","[51.63, 67.99, 43.82, 50.11, 45.97, 58.9, 45.84, 78.0]",[],"{""invalid_motion"": 646, ""tracking"": 3354}",4000,0.0615603718830472,-0.013098129009492851,0.06332459518942923,0.07006331993979342,0.07593892885760334,0.11482410551785668,0.12704549762451267,159,0.0412539424073891,0.02551485410006262,0.07423449902856954,0.08098791207863636,0.08421975008822118,0.08098791207863636,0.08434746973191108,3354,0.0063442802216423025,0.0046753494686724816,0.010117424056996428,0.01171779095584753,0.013937511132931107,0.01171779095584753,0.01971907772225506,159,0.0032237524055236553,0.0005363181607200574,0.005395605684759856,0.008646114453180602,0.00980350895093965,0.008646114453180602,0.009814859368611182,3354,7.819686401653227,-7.9998187148417035,-7.97042405821715,-7.458811956429602,-0.12595153985278712,7.999996955164395,7.999999961301825,159,3.25237703737205,-0.41179747181254456,-0.083242143455253,-0.06578661632099393,-0.04831099895061629,7.999832403248566,7.999889232074045,3354,7.819678217377291,-7.999800170396371,-7.970390471148494,-7.458799370215005,-0.12595084946836835,7.999997560784395,7.99999996250255,159,3.2523681104703774,-0.4117913058747291,-0.0832423842285862,-0.06578690584278998,-0.04831092144736472,7.999787783419672,7.999832296345075,4000,0.10844733778583943,0.08553548154432378,0.16701549730247392,0.19182691298786697,0.23845694630830777,0.19182691298786697,0.41003588796463636,159,0.14739954312504988,0.11039362605734734,0.235973936266298,0.27080438374398946,0.3989464620418602,0.27080438374398946,0.41003588796463636,4000,0.6910921966648848,0.5646793281442047,1.0534165101636912,1.2218070206563216,1.5079062475345943,1.2218070206563216,2.181989141344905,159,0.6787893104968001,0.5874776643778121,0.9895545837892246,1.061827519565895,1.2747883283467092,1.061827519565895,1.5449317769586561,4000,0.000603217744224777,0.00012733073766058034,0.0008046707691006903,0.001042096162848848,0.0016016802689802915,0.001153467282805253,0.00606526745255298,159,0.00046033429798459887,-1.2093731062812196e-05,0.0003292913590396303,0.0006041297430731339,0.0010622093528578945,0.001001661510588291,0.001352467162717641,3354,0.0931741671425606,0.05000000074505806,0.15000000223517418,0.15000000223517418,0.15000000223517418,0.15000000223517418,0.15000000223517418,159,0.09307804397800641,0.05000000074505806,0.15000000223517418,0.15000000223517418,0.15000000223517418,0.15000000223517418,0.15000000223517418,4000,0.13776541186815006,0.1330660015810281,0.1776305005478207,0.19333954624016766,0.24095063483400717,0.19333954624016766,0.37191100273048505,159,0.15160334448324828,0.13860200124327093,0.1789113986887969,0.2001009954256005,0.24977265697089002,0.2001009954256005,0.2611430027172901
formal-v4/carla-seed1,26405,Town15,StaticCutIn_1,carla,1,1,True,0,finished,Completed,100,True,ok,False,False,False,False,383,16.5,16.5,100.0,1.0,,unused (Bench2Drive 0.0.4),19.15,8.494,6.037,1.191,1.152,1,0,0.1279373368146214,,available,2cca3a9660d989de0d09a7cb1d4e51610c814417,/data/runs/b2d/controller/formal-v4/carla-seed1,0,0,0,0,0,0,0,18,"{""invalid_controls"": 0, ""invalid_lines"": 0, ""lines"": 383, ""missing_fields"": {}, ""missing_frames"": 0, ""nonmonotonic_frames"": 0, ""nonmonotonic_time"": 0, ""sensor_frame_mismatch"": 0, ""state"": ""ok"", ""truth_frame_mismatch"": 0, ""valid_rows"": 383}","[78.16, 107.71, 167.31, 163.45, 195.42, 164.46, 163.23, 155.26, 156.55, 138.42, 114.02, 125.34, 115.7, 114.88, 141.84, 119.41, 89.31, 89.31]",[],"{""tracking"": 383}",383,0.09413484692833526,0.08787877577232313,0.13871863588991537,0.16986801105962776,0.1985492584335494,0.16986801105962776,0.20168576348276926,383,0.09413484692833526,0.08787877577232313,0.13871863588991537,0.16986801105962776,0.1985492584335494,0.16986801105962776,0.20168576348276926,383,0.004862248739723253,-0.0019187625972426187,0.00299078839241243,0.004317690559857768,0.0065677463391825945,0.009392490647961051,0.01667810080431848,383,0.004862248739723253,-0.0019187625972426187,0.00299078839241243,0.004317690559857768,0.0065677463391825945,0.009392490647961051,0.01667810080431848,383,2.107580116957797,-0.029665080091522356,0.04336476906763881,0.32183692481632714,0.4574370741071791,6.4342770820899355,7.999917863950054,383,2.107580116957797,-0.029665080091522356,0.04336476906763881,0.32183692481632714,0.4574370741071791,6.4342770820899355,7.999917863950054,383,2.106454580142246,-0.03095951418762688,0.01088625454255663,0.15013103602017439,0.3424281522622942,6.434216832109647,7.999855433414631,383,2.106454580142246,-0.03095951418762688,0.01088625454255663,0.15013103602017439,0.3424281522622942,6.434216832109647,7.999855433414631,383,0.11933774771941832,0.08605073494183062,0.17911804291758399,0.2308404579062695,0.35423070562122283,0.2308404579062695,0.41025367109706345,383,0.11933774771941832,0.08605073494183062,0.17911804291758399,0.2308404579062695,0.35423070562122283,0.2308404579062695,0.41025367109706345,383,0.691189610795282,0.5638868298619644,1.025655010458359,1.1902418795712095,1.561096815753475,1.1902418795712095,1.7112640490312447,383,0.691189610795282,0.5638868298619644,1.025655010458359,1.1902418795712095,1.561096815753475,1.1902418795712095,1.7112640490312447,383,0.000683984667523166,-8.04958548119572e-05,0.0005119567827248872,0.0008885844183015742,0.0016865067605640865,0.0016109518017108021,0.0029783361573572087,383,0.000683984667523166,-8.04958548119572e-05,0.0005119567827248872,0.0008885844183015742,0.0016865067605640865,0.0016109518017108021,0.0029783361573572087,383,0.09334934106039841,0.05000000074505806,0.15000000223517418,0.15000000223517418,0.15000000223517418,0.15000000223517418,0.15000000223517418,383,0.09334934106039841,0.05000000074505806,0.15000000223517418,0.15000000223517418,0.15000000223517418,0.15000000223517418,0.15000000223517418,383,0.15729896815184383,0.140436997753568,0.19181400421075523,0.22158619831316162,0.25851844067801727,0.22158619831316162,0.38940500235185027,383,0.15729896815184383,0.140436997753568,0.19181400421075523,0.22158619831316162,0.25851844067801727,0.22158619831316162,0.38940500235185027
formal-v4/carla-seed1,27494,Town04,BlockedIntersection_1,carla,1,1,True,0,finished,Completed,100,True,ok,False,False,False,False,471,15.7,15.7,60.0,0.6,,unused (Bench2Drive 0.0.4),23.55,11.176,8.399,1.499,1.186,6,0,0.5732484076433121,11134,available,2cca3a9660d989de0d09a7cb1d4e51610c814417,/data/runs/b2d/controller/formal-v4/carla-seed1,0,0,0,1,0,0,0,17,"{""invalid_controls"": 0, ""invalid_lines"": 0, ""lines"": 471, ""missing_fields"": {""trajectory_age_s"": 9}, ""missing_frames"": 0, ""nonmonotonic_frames"": 0, ""nonmonotonic_time"": 0, ""sensor_frame_mismatch"": 0, ""state"": ""ok"", ""truth_frame_mismatch"": 0, ""valid_rows"": 471}","[121.93, 232.52, 239.24, 163.92, 137.2, 163.38, 146.94, 166.12, 153.64, 11.39, 123.6, 133.99, 107.77, 116.25, 118.22, 85.5, 85.5]",[],"{""invalid_motion"": 9, ""tracking"": 462}",471,0.24993449833260323,0.16361233739575484,0.22146070419184669,0.7018643082048005,0.8329365617056015,0.7018643082048005,0.8449588775889246,162,0.3538067950921721,0.006008566396368089,0.771875600270978,0.8185487769901186,0.8435037899382205,0.8185487769901186,0.8449588775889246,462,0.018209055559999358,0.00717565101734308,0.02056943273978628,0.02235830718491835,0.06068887722841912,0.03590115160401671,0.0907541216138481,162,0.024366808810526528,0.0011769178259182053,0.021817409365483972,0.03590115160401671,0.06740566840660943,0.06222055548889462,0.0907541216138481,462,5.468958112146469,-3.8730418044090156,-0.045522282928904666,0.1159146771665763,0.20611838004993924,7.999513183652198,7.999911400270989,162,3.2301753716619652,-0.39072724376688184,-0.08279485067462289,-0.0327882967150619,-0.00962568660599037,7.99975425066423,7.999911400270989,462,5.46918369219099,-3.8730487457505474,-0.10221037089498809,-0.025792900156287595,0.13027433364856028,7.999596493818199,7.999911400271113,162,3.230182461532055,-0.39072978639594824,-0.08155762688293239,-0.03275093776562099,-0.009824741343700486,7.9997549726051815,7.999911400271113,471,0.14747707175109795,0.1063746091084104,0.22843143378115094,0.2739499904877847,0.41259377740900116,0.2739499904877847,0.5075511006534408,162,0.19868663430969147,0.1504407843944,0.3051236652791522,0.34910400185461266,0.5044982786655804,0.34910400185461266,0.5075511006534408,471,0.7804442223095841,0.6611243169476468,1.1765495511368544,1.2899918592167938,1.6582887779795201,1.2899918592167938,1.8772343637105944,162,0.7683059054632548,0.702284564050796,1.0909324893437784,1.2636221574848998,1.5208230642656773,1.2636221574848998,1.658310295040741,471,0.0024873355070715334,7.498356150748009e-05,0.0020772150589309923,0.003105266644068738,0.010132359050392344,0.005213160343004564,0.02317177823298966,162,0.002481783429878389,-7.407742293685793e-05,0.002117899491367803,0.0027844881340445705,0.003878191262778873,0.005625440377010514,0.007762424767892462,462,0.09304842242637665,0.05000000074505806,0.15000000223517418,0.15000000223517418,0.15000000223517418,0.15000000223517418,0.15000000223517418,162,0.09304519152228265,0.05000000074505806,0.15000000223517418,0.15000000223517418,0.15000000223517418,0.15000000223517418,0.15000000223517418,471,0.1507320451166205,0.13710900384467095,0.18723199900705367,0.2098635013680905,0.2555785977165215,0.2098635013680905,0.28476300212787464,162,0.1576894683899061,0.14047749937162735,0.20312950073275715,0.22680445181322284,0.2628173869743474,0.22680445181322284,0.2793200037558563
formal-v4/carla-seed1,28198,Town15,SignalizedJunctionLeftTurnEnterFlow_1,carla,1,1,True,0,finished,Completed,100,True,ok,False,False,False,False,252,14.7,14.7,70.0,0.7,,unused (Bench2Drive 0.0.4),12.6,8.577,6.398,0.958,1.134,8,0,0.17063492063492064,,available,2cca3a9660d989de0d09a7cb1d4e51610c814417,/data/runs/b2d/controller/formal-v4/carla-seed1,0,0,0,0,0,0,0,19,"{""invalid_controls"": 0, ""invalid_lines"": 0, ""lines"": 252, ""missing_fields"": {}, ""missing_frames"": 0, ""nonmonotonic_frames"": 0, ""nonmonotonic_time"": 0, ""sensor_frame_mismatch"": 0, ""state"": ""ok"", ""truth_frame_mismatch"": 0, ""valid_rows"": 252}","[154.57, 171.79, 159.81, 139.53, 164.84, 198.5, 159.61, 121.96, 131.69, 161.49, 208.86, 213.87, 100.0, 63779.42, 178.83, 132.29, 63.77, 46.66, 46.66]",[],"{""tracking"": 252}",252,0.24107879364898718,0.06030121986157923,0.4765451841254349,0.5077414867687309,0.538474048684439,0.5077414867687309,0.5416763801335067,252,0.24107879364898718,0.06030121986157923,0.4765451841254349,0.5077414867687309,0.538474048684439,0.5077414867687309,0.5416763801335067,252,0.01936429618987821,-0.0019039144404587533,0.006930140520635619,0.022005320397591215,0.03512197585487081,0.05056081340093495,0.0729808732353899,252,0.01936429618987821,-0.0019039144404587533,0.006930140520635619,0.022005320397591215,0.03512197585487081,0.05056081340093495,0.0729808732353899,252,2.3038447099706105,-0.14421808449723317,0.22068416189284773,0.311941405141996,0.41271731312356486,6.969228044594808,7.558244134350988,252,2.3038447099706105,-0.14421808449723317,0.22068416189284773,0.311941405141996,0.41271731312356486,6.969228044594808,7.558244134350988,252,2.3026319211255606,-0.1644738944377755,0.02820038364850608,0.2087858404374671,0.3282996677498347,6.969225007554742,7.558244134350988,252,2.3026319211255606,-0.1644738944377755,0.02820038364850608,0.2087858404374671,0.3282996677498347,6.969225007554742,7.558244134350988,252,0.15221348355344727,0.10789846344126819,0.24005183851226003,0.2648474312282053,0.379879540564917,0.2648474312282053,0.4102267015023734,252,0.15221348355344727,0.10789846344126819,0.24005183851226003,0.2648474312282053,0.379879540564917,0.2648474312282053,0.4102267015023734,252,0.6802572859527105,0.5542252972786315,1.004960906892669,1.18269756392771,1.44011246290239,1.18269756392771,1.544555202070818,252,0.6802572859527105,0.5542252972786315,1.004960906892669,1.18269756392771,1.44011246290239,1.18269756392771,1.544555202070818,252,0.0013927178633171419,2.6939110583157344e-05,0.001487523492861076,0.00207893611022365,0.002865877292569606,0.002902341266501862,0.004167388050884124,252,0.0013927178633171419,2.6939110583157344e-05,0.001487523492861076,0.00207893611022365,0.002865877292569606,0.002902341266501862,0.004167388050884124,252,0.09354143606322456,0.07500000111758709,0.15000000223517418,0.15000000223517418,0.15000000223517418,0.15000000223517418,0.15000000223517418,252,0.09354143606322456,0.07500000111758709,0.15000000223517418,0.15000000223517418,0.15000000223517418,0.15000000223517418,0.15000000223517418,252,0.13973979394283972,0.131026503368048,0.17362679936923087,0.18355134598095899,0.21409682951343717,0.18355134598095899,0.24270100402645767,252,0.13973979394283972,0.131026503368048,0.17362679936923087,0.18355134598095899,0.21409682951343717,0.18355134598095899,0.24270100402645767
formal-v4/carla-seed1,3255,Town13,ParkingCrossingPedestrian_1,carla,1,2,True,1,finished,Completed,100,True,ok,False,False,False,False,695,45.9,95.0,18.0,0.18,,unused (Bench2Drive 0.0.4),34.75,14.328,10.106,2.661,1.29,0,0,0.6230215827338129,467,available,2cca3a9660d989de0d09a7cb1d4e51610c814417,/data/runs/b2d/controller/formal-v4/carla-seed1,0,0,0,2,1,0,0,21,"{""invalid_controls"": 0, ""invalid_lines"": 0, ""lines"": 695, ""missing_fields"": {""trajectory_age_s"": 21}, ""missing_frames"": 0, ""nonmonotonic_frames"": 0, ""nonmonotonic_time"": 0, ""sensor_frame_mismatch"": 0, ""state"": ""ok"", ""truth_frame_mismatch"": 0, ""valid_rows"": 695}","[75.58, 131.12, 191.7, 158.52, 150.78, 135.38, 137.87, 112.16, 105.79, 102.55, 105.93, 132.67, 159.56, 147.68, 141.29, 172.26, 81.89, 25.66, 112.31, 84.64, 84.64]",[],"{""invalid_motion"": 21, ""tracking"": 674}",695,0.08285912597296019,-0.08415117466564069,-0.013827085886256588,0.0007954123283151808,0.01764091815593578,0.11027825951191936,0.18750033664833243,172,0.06065666065396494,-0.03497240122591716,0.010223087923872866,0.017001963449136605,0.02012138097399917,0.10257199124493278,0.10773915528231094,674,0.004102905835664359,0.0013844404610505255,0.007294159611912343,0.0087346083974934,0.010959697605837012,0.0087346083974934,0.012588812233311061,172,0.0028151189036896757,0.0003403876231226836,0.0034034917392355354,0.004841543075337793,0.009794870117293733,0.0059626685516425346,0.009830148225568457,674,5.668181686534603,-5.566786756336832,-0.008680794307628664,0.006317732262549403,0.0343631478691959,7.999963656865362,7.9999999490136515,172,3.163579851661652,-0.3617582378658968,-0.06215469050838784,-0.04994755764240223,-0.035718868341924274,7.999858698075451,7.999986787507911,674,5.71108504167636,-5.579713748830516,-0.008899258430675868,0.005483087098817397,0.028228070392975528,7.999997449459685,7.999999949013674,172,3.163574507050745,-0.3617582742828409,-0.062154879549073346,-0.049946697860443805,-0.035718868341924906,7.999791782850622,7.999978668704159,695,0.11682580535798384,0.08982707742858641,0.16856144230768064,0.20454505656869051,0.276803646436636,0.20454505656869051,0.4116930571842154,172,0.1508406826517757,0.11495737612806353,0.23915714613345646,0.26966824472831996,0.4001612644660218,0.26966824472831996,0.4116930571842154,695,0.6895995255371344,0.5701555517801478,1.043210669220125,1.1930807317858394,1.4964698700323071,1.1930807317858394,1.7140923260158072,172,0.6908803394462482,0.5881962556728091,1.0095125666832507,1.1329424270554742,1.3358310296921487,1.1329424270554742,1.5446862868835933,695,0.0006528177721887085,1.5866590574731276e-05,0.0007638583099685019,0.0010193187358254357,0.0015357633573464967,0.001358192843365335,0.0027032929606112255,172,0.000518881771595602,0.00010424817075271875,0.0006936244579256013,0.0009422244853294555,0.001620959514119406,0.001240209705003492,0.0019308758495402145,674,0.09344225096899368,0.07500000111758709,0.15000000223517418,0.15000000223517418,0.15000000223517418,0.15000000223517418,0.15000000223517418,172,0.09354143606322456,0.07500000111758709,0.15000000223517418,0.15000000223517418,0.15000000223517418,0.15000000223517418,0.15000000223517418,695,0.1716542944493674,0.15660200006095693,0.21198359609115872,0.2432373956253286,0.27870636142324656,0.2432373956253286,0.3831100038951263,172,0.1791526688590104,0.16157400023075752,0.22322590157273228,0.2474121505656512,0.29274125052324945,0.2474121505656512,0.3320579999126494
formal-v4/carla-seed1,3514,Town13,ParkingExit_1,carla,1,1,True,0,finished,Completed,100,True,ok,False,False,False,False,679,55.0,55.0,60.0,0.6,,unused (Bench2Drive 0.0.4),33.95,21.339,15.632,4.244,1.195,14,0,0.5360824742268041,15439,available,2cca3a9660d989de0d09a7cb1d4e51610c814417,/data/runs/b2d/controller/formal-v4/carla-seed1,0,0,0,1,0,0,0,20,"{""invalid_controls"": 0, ""invalid_lines"": 0, ""lines"": 679, ""missing_fields"": {""trajectory_age_s"": 2}, ""missing_frames"": 0, ""nonmonotonic_frames"": 0, ""nonmonotonic_time"": 0, ""sensor_frame_mismatch"": 0, ""state"": ""ok"", ""truth_frame_mismatch"": 0, ""valid_rows"": 679}","[10.52, 114.49, 127.86, 122.12, 149.97, 163.32, 128.22, 121.86, 116.56, 114.57, 115.5, 101.9, 101.15, 111.36, 105.77, 116.27, 124.18, 103.46, 81.54, 81.54]","[{""duration_s"": 10.800000160932541, ""end_s"": 13.050000194460154, ""start_s"": 2.2500000335276127}]","{""invalid_motion"": 2, ""tracking"": 677}",679,1.1815722794643637,-0.8803573202004715,0.01330401810166453,0.06487071425600711,0.09185641245749021,2.853541554123906,3.146100619005638,36,3.0939968720043316,-3.14459788030653,-2.9527526286445234,-2.8831038959926127,-2.8147224919696203,3.145943363879276,3.146100619005638,677,0.05522024454972968,0.02246269309421649,0.08422025562490311,0.08636729675032626,0.09344632533727046,0.08636729675032626,0.15214792923755333,36,0.05122365673025337,0.05430535692853954,0.06459226040829812,0.06460763160258555,0.07601818012636988,0.06460763160258555,0.08214976403066579,677,5.489045569533517,-3.886347614800864,0.002396250510002663,0.028337485826326482,0.46499716659013435,7.9780272213343615,7.995201657773794,36,6.600887049760886,-6.593759102143002,-4.184482880001269,-3.8422380873723077,-3.567233174777553,7.989956093380485,7.990192249813577,677,5.487533911134751,-3.8841155093187254,0.0007902629663540276,0.00886368896531874,0.313623933512784,7.975337519780424,7.992992137971548,36,6.600921749650344,-6.5940396316041205,-4.184939701769545,-3.8394479555196166,-3.5613180952498067,7.990192249813587,7.99019224981367,679,0.11877295135609706,0.09208721477474227,0.1768421418097045,0.20811251624054147,0.29180429514392925,0.20811251624054147,0.4121881749761774,36,0.24623778224979936,0.22631709217719187,0.35976580777255196,0.4004323973241692,0.4094079108519446,0.4004323973241692,0.4121881749761774,679,0.6895730099010078,0.5700449622859223,1.04175426398766,1.1919529633924049,1.5039033710374068,1.1919529633924049,1.7136091342240238,36,0.6805695804789815,0.5940728542582956,0.9190095272695913,1.1367649597000522,1.2547174425739804,1.1367649597000522,1.2585321499865327,679,0.0015053477401512695,0.0001488114930228157,0.0015793461910419639,0.002015033863825489,0.0031524734210665473,0.0023804377127067964,0.02267971139303704,36,0.002169028953247823,-0.002196777629112967,3.914945843686013e-05,5.20652745251704e-05,6.27358294310376e-05,0.004233967902380731,0.004916417951910557,677,0.09349207642912837,0.05000000074505806,0.15000000223517418,0.15000000223517418,0.15000000223517418,0.15000000223517418,0.15000000223517418,36,0.09354143606322451,0.07500000111758709,0.15000000223517418,0.15000000223517418,0.15000000223517418,0.15000000223517418,0.15000000223517418,679,0.17095028022309217,0.15890799841145054,0.20714339916594332,0.22770800133002922,0.26472321973415097,0.22770800133002922,0.3226240005460568,36,0.17356409342397003,0.15987000006134622,0.20529299945337698,0.23445225087925792,0.2598996474262094,0.23445225087925792,0.2626509958645329
formal-v4/tcp-seed0,17569,Town12,SequentialLaneChange_1,tcp,0,1,True,0,finished,Completed,100,True,ok,False,False,False,False,334,34.7,34.7,60.0,0.6,,unused (Bench2Drive 0.0.4),16.7,16.577,12.694,2.477,1.182,2,0,0.5868263473053892,1511,available,2cca3a9660d989de0d09a7cb1d4e51610c814417,/data/runs/b2d/controller/formal-v4/tcp-seed0,0,0,0,1,0,0,0,19,"{""invalid_controls"": 0, ""invalid_lines"": 0, ""lines"": 334, ""missing_fields"": {}, ""missing_frames"": 0, ""nonmonotonic_frames"": 0, ""nonmonotonic_time"": 0, ""sensor_frame_mismatch"": 0, ""state"": ""ok"", ""truth_frame_mismatch"": 0, ""valid_rows"": 334}","[106.35, 112.59, 100.58, 106.05, 100.19, 101.54, 93.47, 107.83, 108.08, 100.27, 90.66, 91.12, 95.96, 93.47, 104.81, 108.6, 94.5, 59.57, 59.57]",[],"{""tracking"": 334}",334,0.5911721844632665,0.0007229767250714197,0.6137709741691757,1.0507236049450737,1.3709972041764065,1.2501209285378112,1.589861746845012,256,0.6173454053569731,-0.00015653969225859488,0.7999871288413649,1.1767775699205814,1.3775520143574373,1.3203977063238868,1.589861746845012,334,0.07487637265828054,0.0011542466476302318,0.06608942777467111,0.08372576548355051,0.3603406535915097,0.10988515017305304,0.4687718321702687,256,0.07641960954150118,0.0005965068560719196,0.06072603873598119,0.07974174710588353,0.39110292843694183,0.10677048721911445,0.4687718321702687,334,2.2533572601250937,-0.20532283226418535,0.16353568607201974,0.26541740451998413,0.8200915355498504,6.7482415440208365,7.99995843127788,256,2.5325949225855098,-0.20532283226418535,0.12282046888852971,0.15031859102226508,0.24359509175813174,7.582862685636874,7.99995843127788,334,2.2571349461631707,-0.2056321015451008,0.13187530596049324,0.21580710475156029,0.6578686320205835,6.748232678432016,7.999931527375874,256,2.5324483259935215,-0.2056321015451008,0.12015803322931617,0.14446887013205179,0.24359447891148486,7.582856739342754,7.999931527375874,334,0.173082996772289,0.13623430262778435,0.2677552339988688,0.3198658701957941,0.46287605611558197,0.3198658701957941,0.5077720260520014,256,0.1796255139908354,0.14553780934318084,0.2668764967373249,0.32973662771311685,0.48400613002862275,0.32973662771311685,0.5077720260520014,334,0.7736244313193699,0.6667651774912295,1.1700852193991296,1.2837196842102354,1.6524120428244082,1.2837196842102354,1.6776892553651226,256,0.7662642753492798,0.6769071943100927,1.1512736902610226,1.275473221898137,1.566268077530271,1.275473221898137,1.658386021953495,334,0.002200363553337917,-8.256597958600231e-05,0.003097971723100601,0.003847228405780486,0.004681557573942091,0.004659271516047967,0.006387766288811658,256,0.0023004497287765855,-5.9016847552939566e-05,0.0033666544523847097,0.004019867942848143,0.004733639785084098,0.0047802579159323955,0.006387766288811658,334,0.09330107223280545,0.05000000074505806,0.15000000223517418,0.15000000223517418,0.15000000223517418,0.15000000223517418,0.15000000223517418,256,0.09354143606322456,0.07500000111758709,0.15000000223517418,0.15000000223517418,0.15000000223517418,0.15000000223517418,0.15000000223517418,334,0.16036994202725421,0.1466979992983397,0.19561700319172814,0.21669550042133778,0.23535169384558685,0.21669550042133778,0.3370850026840344,256,0.16250203994670176,0.14706300135003403,0.2002595028898213,0.2199492482759524,0.23694235096627378,0.2199492482759524,0.3370850026840344
formal-v4/tcp-seed0,2091,Town12,NonSignalizedJunctionLeftTurn_1,tcp,0,2,True,1,finished,Completed,100,True,ok,False,False,False,False,288,28.0,47.0,48.0,0.48,,unused (Bench2Drive 0.0.4),14.4,13.548,9.173,3.027,1.137,0,0,0.7118055555555556,366,available,2cca3a9660d989de0d09a7cb1d4e51610c814417,/data/runs/b2d/controller/formal-v4/tcp-seed0,0,0,0,1,0,0,0,20,"{""invalid_controls"": 0, ""invalid_lines"": 0, ""lines"": 288, ""missing_fields"": {}, ""missing_frames"": 0, ""nonmonotonic_frames"": 0, ""nonmonotonic_time"": 0, ""sensor_frame_mismatch"": 0, ""state"": ""ok"", ""truth_frame_mismatch"": 0, ""valid_rows"": 288}","[188.64, 225.84, 220.85, 191.35, 230.08, 227.07, 236.43, 75.71, 117.79, 282.18, 340.14, 449.78, 450.85, 811.28, 883.76, 626.14, 299.24, 173.51, 97.61, 97.61]",[],"{""tracking"": 288}",288,0.6315270519538191,-0.15827570758756987,0.2684083642854375,0.6276391400043546,0.755119225292175,1.1830194916235712,1.1987717628507137,112,0.12476611694103396,0.00441717244480811,0.14285438941829387,0.1515784962112779,0.15465510729242637,0.27515777753725884,0.4190486479769035,288,0.04801254453600946,0.012845386453805369,0.08900259336041166,0.09572978304815422,0.11916559029560524,0.09572978304815422,0.13926065721715766,112,0.024649123044469784,0.002726567350824117,0.020407422458907094,0.06493067207050744,0.10035334545895183,0.06493067207050744,0.12256252916114688,288,3.6079755501999347,-0.3755441362023344,0.12278727582111221,0.20934796737932154,1.0447922046368099,7.248884902072319,7.999646114392137,112,3.874683341935638,-0.37030198235532685,0.10509742099640845,0.1622250405315062,0.3106423641506983,7.999368993280471,7.999646114392137,288,3.6105163908666897,-0.3965120941666225,0.10323763109987277,0.1806189367134151,0.888584472501597,7.247228785131573,7.999437254352919,112,3.874644674928622,-0.3709945955950027,0.10237874827616499,0.1622285827695407,0.310653489637714,7.99914740957585,7.999437254352919,288,0.23451919806298455,0.17719069685203145,0.35772098732799484,0.4535958713699047,0.5520472151949455,0.4535958713699047,0.6342972459696152,112,0.19975254811764126,0.14720000089724647,0.32998939315555814,0.3791190673202845,0.5053528544531324,0.3791190673202845,0.507735138321736,288,0.7649226830255348,0.6669501573551764,1.1625031588348749,1.2725714950119846,1.5801893012440416,1.2725714950119846,1.6655475655621488,112,0.7775914859778441,0.7258624869319599,1.1015802074993766,1.237345218098544,1.4818084867718062,1.237345218098544,1.6584150982994412,288,0.0031154708794087016,-0.00014428578712788465,0.002054411251917769,0.00324015692613346,0.00466131594329886,0.0043015935224667064,0.02782779613932984,112,0.0010313283166263653,-0.00012527965012121278,0.00033131811710753747,0.00043106073550804806,0.0006152728823466625,0.0025681541356612045,0.004465667659151684,288,0.09354143606322456,0.07500000111758709,0.15000000223517418,0.15000000223517418,0.15000000223517418,0.15000000223517418,0.15000000223517418,112,0.09354143606322454,0.07500000111758709,0.15000000223517418,0.15000000223517418,0.15000000223517418,0.15000000223517418,0.15000000223517418,288,0.1621285445603789,0.14731349801877514,0.19388790024095215,0.23256170134118287,0.2597860805690288,0.23256170134118287,0.3212650044588372,112,0.16289472436527772,0.14767649918212555,0.19841710382024766,0.23205010111269073,0.25181736033118796,0.23205010111269073,0.3212650044588372
formal-v4/tcp-seed0,25378,Town03,YieldToEmergencyVehicle_1,tcp,0,1,True,0,finished,Completed,100,True,ok,False,False,False,False,288,12.3,12.3,70.0,0.7,,unused (Bench2Drive 0.0.4),14.4,11.768,9.001,1.517,1.16,14,0,0.5694444444444444,,available,2cca3a9660d989de0d09a7cb1d4e51610c814417,/data/runs/b2d/controller/formal-v4/tcp-seed0,0,0,0,0,0,0,0,19,"{""invalid_controls"": 0, ""invalid_lines"": 0, ""lines"": 288, ""missing_fields"": {}, ""missing_frames"": 0, ""nonmonotonic_frames"": 0, ""nonmonotonic_time"": 0, ""sensor_frame_mismatch"": 0, ""state"": ""ok"", ""truth_frame_mismatch"": 0, ""valid_rows"": 288}","[93.12, 108.33, 93.84, 120.11, 99.59, 87.88, 78.85, 73.66, 79.06, 79.64, 74.3, 83.16, 83.6, 95.26, 97.76, 93.7, 81.11, 60.45, 60.45]",[],"{""tracking"": 288}",288,0.11152846845862689,-0.05310816941684304,0.04220573430753423,0.09226623151689797,0.1081309711707708,0.2227926423513299,0.23033881024276964,288,0.11152846845862689,-0.05310816941684304,0.04220573430753423,0.09226623151689797,0.1081309711707708,0.2227926423513299,0.23033881024276964,288,0.0038849067705520814,0.0003831307166166413,0.004905551892534096,0.005982751236851571,0.009763057357197345,0.007183915499789543,0.013631625608287122,288,0.0038849067705520814,0.0003831307166166413,0.004905551892534096,0.005982751236851571,0.009763057357197345,0.007183915499789543,0.013631625608287122,288,2.4203022078996175,-0.17967138649965175,0.15540088538025237,0.265305986340904,1.0747857133241583,7.154892970364139,7.999986811175806,288,2.4203022078996175,-0.17967138649965175,0.15540088538025237,0.265305986340904,1.0747857133241583,7.154892970364139,7.999986811175806,288,2.4235061056135714,-0.1936919189985935,0.12854882622729963,0.1796885764212104,0.8258056685248197,7.154886467041896,7.999978091505426,288,2.4235061056135714,-0.1936919189985935,0.12854882622729963,0.1796885764212104,0.8258056685248197,7.154886467041896,7.999978091505426,288,0.16075573687272174,0.11214784091010649,0.24800290017508894,0.32117598514731605,0.4717590601150743,0.32117598514731605,0.5075638292577767,288,0.16075573687272174,0.11214784091010649,0.24800290017508894,0.32117598514731605,0.4717590601150743,0.32117598514731605,0.5075638292577767,288,0.7649073633854506,0.6669267296911875,1.162535231019441,1.2725779671681419,1.580150184794617,1.2725779671681419,1.6656321890019126,288,0.7649073633854506,0.6669267296911875,1.162535231019441,1.2725779671681419,1.580150184794617,1.2725779671681419,1.6656321890019126,288,0.0003664721933558969,2.8184028413091866e-05,0.00032247348875995567,0.0004143203245384526,0.0012238011298414747,0.0007471955318446999,0.0018438814479164733,288,0.0003664721933558969,2.8184028413091866e-05,0.00032247348875995567,0.0004143203245384526,0.0012238011298414747,0.0007471955318446999,0.0018438814479164733,288,0.09354143606322456,0.07500000111758709,0.15000000223517418,0.15000000223517418,0.15000000223517418,0.15000000223517418,0.15000000223517418,288,0.09354143606322456,0.07500000111758709,0.15000000223517418,0.15000000223517418,0.15000000223517418,0.15000000223517418,0.15000000223517418,288,0.14674058706463414,0.13497399777406827,0.18291260421392508,0.19662780250655487,0.2442404830799205,0.19662780250655487,0.2936429955298081,288,0.14674058706463414,0.13497399777406827,0.18291260421392508,0.19662780250655487,0.2442404830799205,0.19662780250655487,0.2936429955298081
formal-v4/tcp-seed0,25381,Town05,HazardAtSideLane_1,tcp,0,1,True,0,finished,Completed,100,True,ok,False,False,False,False,393,15.3,15.3,100.0,1.0,,unused (Bench2Drive 0.0.4),19.65,15.433,12.256,1.858,1.19,13,0,0.6106870229007634,,available,2cca3a9660d989de0d09a7cb1d4e51610c814417,/data/runs/b2d/controller/formal-v4/tcp-seed0,0,0,0,0,0,0,0,20,"{""invalid_controls"": 0, ""invalid_lines"": 0, ""lines"": 393, ""missing_fields"": {""trajectory_age_s"": 4, ""trajectory_time"": 4}, ""missing_frames"": 0, ""nonmonotonic_frames"": 0, ""nonmonotonic_time"": 0, ""sensor_frame_mismatch"": 0, ""state"": ""ok"", ""truth_frame_mismatch"": 0, ""valid_rows"": 393}","[67.15, 127.28, 105.67, 112.84, 111.62, 101.12, 105.91, 101.6, 103.98, 101.05, 109.15, 116.39, 116.11, 113.46, 114.82, 111.02, 116.5, 115.5, 84.5, 84.5]",[],"{""invalid_motion"": 2, ""tracking"": 389, ""trajectory_outside_history"": 2}",393,0.108678565431823,-0.011284446407349154,0.08998029971854611,0.10772246862614783,0.20467477665674014,0.23196869398924816,0.2935011457702131,393,0.108678565431823,-0.011284446407349154,0.08998029971854611,0.10772246862614783,0.20467477665674014,0.23196869398924816,0.2935011457702131,389,0.006678286877486128,0.0009101314483283038,0.009106948518689248,0.011593243698651357,0.02018084269955207,0.01216264327119427,0.038155177387936196,389,0.006678286877486128,0.0009101314483283038,0.009106948518689248,0.011593243698651357,0.02018084269955207,0.01216264327119427,0.038155177387936196,389,2.2300873717528384,-0.2023524726242254,0.09733728147937282,0.1395508165465843,0.3903562572947327,6.671410848783126,7.999988253436704,389,2.2300873717528384,-0.2023524726242254,0.09733728147937282,0.1395508165465843,0.3903562572947327,6.671410848783126,7.999988253436704,389,2.2318954309566768,-0.21698420603588708,0.0879052869884342,0.12645147398951143,0.3783382182578858,6.671409076650909,7.99997986058454,389,2.2318954309566768,-0.21698420603588708,0.0879052869884342,0.12645147398951143,0.3783382182578858,6.671409076650909,7.99997986058454,393,0.14615664207231205,0.1012916422285239,0.20589294824908425,0.27569641607188583,0.45825152103926653,0.27569641607188583,0.5101585738902824,393,0.14615664207231205,0.1012916422285239,0.20589294824908425,0.27569641607188583,0.45825152103926653,0.27569641607188583,0.5101585738902824,393,0.7728097823349036,0.6581650764699469,1.17184925334092,1.3016018572723385,1.6588289283153492,1.3016018572723385,1.8772309597249621,393,0.7728097823349036,0.6581650764699469,1.17184925334092,1.3016018572723385,1.6588289283153492,1.3016018572723385,1.8772309597249621,393,0.0016224786136941778,1.1844497074253724e-05,0.0007317917772841303,0.0011090271502098403,0.0013783089137384497,0.0026406232518710613,0.010778379036804786,393,0.0016224786136941778,1.1844497074253724e-05,0.0007317917772841303,0.0011090271502098403,0.0013783089137384497,0.0026406232518710613,0.010778379036804786,389,0.09342112548473812,0.05000000074505806,0.15000000223517418,0.15000000223517418,0.15000000223517418,0.15000000223517418,0.15000000223517418,389,0.09342112548473812,0.05000000074505806,0.15000000223517418,0.15000000223517418,0.15000000223517418,0.15000000223517418,0.15000000223517418,393,0.15512882136125497,0.14410300354938954,0.1877231989055872,0.21510740189114583,0.2632138345506973,0.21510740189114583,0.310338000417687,393,0.15512882136125497,0.14410300354938954,0.1877231989055872,0.21510740189114583,0.2632138345506973,0.21510740189114583,0.310338000417687
formal-v4/tcp-seed0,25424,Town11,ConstructionObstacleTwoWays_1,tcp,0,1,True,0,finished,Failed - TickRuntime,47.26,False,ok,True,True,False,True,4000,53.7,53.7,30.719,0.65,,unused (Bench2Drive 0.0.4),200.05,9.106,3.419,4.602,0.958,15,0,0.986,19823,available,2cca3a9660d989de0d09a7cb1d4e51610c814417,/data/runs/b2d/controller/formal-v4/tcp-seed0,0,0,1,0,0,0,0,8,"{""invalid_controls"": 0, ""invalid_lines"": 0, ""lines"": 4000, ""missing_fields"": {""trajectory_age_s"": 673}, ""missing_frames"": 0, ""nonmonotonic_frames"": 0, ""nonmonotonic_time"": 0, ""sensor_frame_mismatch"": 0, ""state"": ""ok"", ""truth_frame_mismatch"": 0, ""valid_rows"": 4000}","[51.58, 72.27, 45.14, 54.02, 45.7, 61.96, 48.99, 56.33]",[],"{""invalid_motion"": 673, ""tracking"": 3327}",4000,0.09153840051542057,0.07574930108354386,0.1417203220358082,0.14644283778156814,0.1501020175741196,0.14644283778156814,0.15243099087849088,157,0.08419477920461851,0.019842548776970403,0.13618796903053065,0.1481721691669651,0.15206344063429592,0.1481721691669651,0.15243099087849088,3327,0.006191502091043414,0.004500235789341674,0.009804994976476255,0.011296172237461644,0.013275371931482288,0.011344758965235352,0.02511057602336761,157,0.00464884602069568,0.0004892536199630861,0.007599272148263874,0.008648340849104501,0.009803545280731144,0.008648340849104501,0.00981485164680786,3327,7.820425419147996,-7.999807593657758,-7.969653611802153,-7.841977187155202,0.047531987352833115,7.999994535384806,7.9999999014782786,157,3.267210522663969,-0.2723878288167949,0.12790657217784124,0.17035476761492468,0.35667242818665584,7.999832510208273,7.999889232074045,3327,7.820425973129491,-7.999802980185483,-7.969648689512023,-7.841976855048072,0.04753256222093424,7.999998393647887,7.999999908108617,157,3.267200748139121,-0.2723833273073941,0.12790657217784177,0.17035593933348508,0.3566798460689571,7.999792176654623,7.999832296345075,4000,0.10806968196843639,0.08559384596217148,0.16661639906711415,0.19118915339996143,0.23592048441209287,0.19118915339996143,0.41003588796463636,157,0.1479485279371055,0.11123577366165327,0.23633342266243607,0.27118021930648256,0.3990511570010393,0.27118021930648256,0.41003588796463636,4000,0.6910955602485902,0.5648013875002491,1.0533137341827121,1.2218713037429196,1.5078398066945962,1.2218713037429196,2.1814487867360124,157,0.6785504798753201,0.5875906229077975,0.9899081019751261,1.0658566464043435,1.2755326861314953,1.0658566464043435,1.545107755364123,4000,0.0005456048939059734,7.384409355459809e-05,0.0007212316179109557,0.0009599825469706278,0.0013940356142957719,0.0010686018440601017,0.004792668010940027,157,0.00026033575560389157,3.162221734687165e-05,0.0003700649615089091,0.00048049616291994095,0.000527119351592411,0.0005003815492702123,0.0007342084578234598,3327,0.09369995547653481,0.10000000149011612,0.15000000223517418,0.15000000223517418,0.15000000223517418,0.15000000223517418,0.15000000223517418,157,0.0932430575165408,0.05000000074505806,0.15000000223517418,0.15000000223517418,0.15000000223517418,0.15000000223517418,0.15000000223517418,4000,0.13532220326072925,0.13068499902146868,0.17667689753579907,0.19117159827146674,0.24345109472051255,0.19117159827146674,0.3892009990522638,157,0.1478760261023082,0.1363849951303564,0.17549920157762244,0.19617900106823066,0.2500707973376847,0.19617900106823066,0.387134998163674
formal-v4/tcp-seed0,26405,Town15,StaticCutIn_1,tcp,0,1,True,0,finished,Completed,100,True,ok,False,False,False,False,386,16.0,16.0,100.0,1.0,,unused (Bench2Drive 0.0.4),19.3,8.786,6.233,1.247,1.185,12,0,0.5259067357512953,,available,2cca3a9660d989de0d09a7cb1d4e51610c814417,/data/runs/b2d/controller/formal-v4/tcp-seed0,0,0,0,0,0,0,0,18,"{""invalid_controls"": 0, ""invalid_lines"": 0, ""lines"": 386, ""missing_fields"": {}, ""missing_frames"": 0, ""nonmonotonic_frames"": 0, ""nonmonotonic_time"": 0, ""sensor_frame_mismatch"": 0, ""state"": ""ok"", ""truth_frame_mismatch"": 0, ""valid_rows"": 386}","[78.1, 110.45, 169.47, 155.93, 196.57, 162.63, 167.1, 157.42, 151.72, 142.33, 108.9, 125.51, 115.51, 114.73, 158.7, 129.92, 78.77, 78.77]",[],"{""tracking"": 386}",386,0.09475776957374768,-0.02689139525408922,0.09900514668899113,0.14707110412647087,0.1785162964872404,0.18872092955667774,0.23992860622062898,386,0.09475776957374768,-0.02689139525408922,0.09900514668899113,0.14707110412647087,0.1785162964872404,0.18872092955667774,0.23992860622062898,386,0.006838220292612345,0.0028721631940348065,0.011355379493443809,0.013534007341654566,0.018314291893264598,0.014131171303291279,0.020987642369049857,386,0.006838220292612345,0.0028721631940348065,0.011355379493443809,0.013534007341654566,0.018314291893264598,0.014131171303291279,0.020987642369049857,386,2.099918465968813,-0.175165181131264,0.09763672438267079,0.11445548689723273,0.1665920867972387,6.40180493218962,7.999917866541758,386,2.099918465968813,-0.175165181131264,0.09763672438267079,0.11445548689723273,0.1665920867972387,6.40180493218962,7.999917866541758,386,2.1016164022359205,-0.18460554448794264,0.08282381819893425,0.11293162271898205,0.14533279015793366,6.401748952018555,7.9998554377095505,386,2.1016164022359205,-0.18460554448794264,0.08282381819893425,0.11293162271898205,0.14533279015793366,6.401748952018555,7.9998554377095505,386,0.11995386844934018,0.08374000568894102,0.1774865339010383,0.23553936617968507,0.35395767251439575,0.23553936617968507,0.41025367109706345,386,0.11995386844934018,0.08374000568894102,0.1774865339010383,0.23553936617968507,0.35395767251439575,0.23553936617968507,0.41025367109706345,386,0.6911349159444378,0.5645726616527522,1.0244583681994253,1.190107045838422,1.5582974541344992,1.190107045838422,1.711260495704196,386,0.6911349159444378,0.5645726616527522,1.0244583681994253,1.190107045838422,1.5582974541344992,1.190107045838422,1.711260495704196,386,0.0003034482346075728,9.480026921249163e-07,0.0003562019139324857,0.0004231805623231555,0.0005481893807764307,0.0005282880251735733,0.0006812223240193482,386,0.0003034482346075728,9.480026921249163e-07,0.0003562019139324857,0.0004231805623231555,0.0005481893807764307,0.0005282880251735733,0.0006812223240193482,386,0.09333348893074374,0.05000000074505806,0.15000000223517418,0.15000000223517418,0.15000000223517418,0.15000000223517418,0.15000000223517418,386,0.09333348893074374,0.05000000074505806,0.15000000223517418,0.15000000223517418,0.15000000223517418,0.15000000223517418,0.15000000223517418,386,0.15431994751888392,0.1376290019834414,0.18889999773819,0.21405050210887566,0.291886846389388,0.21405050210887566,0.4834709980059415,386,0.15431994751888392,0.1376290019834414,0.18889999773819,0.21405050210887566,0.291886846389388,0.21405050210887566,0.4834709980059415
formal-v4/tcp-seed0,27494,Town04,BlockedIntersection_1,tcp,0,1,True,0,finished,Completed,100,True,ok,False,False,False,False,473,15.8,15.8,55.643354,0.556434,,unused (Bench2Drive 0.0.4),23.65,11.277,8.532,1.48,1.171,1,0,0.7568710359408034,788,available,2cca3a9660d989de0d09a7cb1d4e51610c814417,/data/runs/b2d/controller/formal-v4/tcp-seed0,0,0,0,1,0,0,0,17,"{""invalid_controls"": 0, ""invalid_lines"": 0, ""lines"": 473, ""missing_fields"": {""trajectory_age_s"": 12}, ""missing_frames"": 0, ""nonmonotonic_frames"": 0, ""nonmonotonic_time"": 0, ""sensor_frame_mismatch"": 0, ""state"": ""ok"", ""truth_frame_mismatch"": 0, ""valid_rows"": 473}","[118.47, 225.2, 227.68, 167.31, 147.36, 163.13, 148.66, 162.14, 162.69, 26.86, 22.93, 143.0, 109.36, 109.37, 116.96, 106.08, 106.08]","[{""duration_s"": 5.250000078231096, ""end_s"": 14.200000211596489, ""start_s"": 8.950000133365393}]","{""invalid_motion"": 12, ""tracking"": 461}",473,2.2527538928120032,-1.662415700907422,0.40116974997148164,0.4771459375204765,0.9797634463204316,3.347777673189005,3.357927349073602,173,1.184138371410319,0.0005534613427380583,0.4295343438791742,0.46355067327952815,0.4758084103061425,2.9106154494236836,3.004542842991178,461,0.03523774225019475,-0.010926706309474952,0.044340694568617035,0.08167446075088723,0.12681755225352842,0.0830182396671087,0.14160470723905969,173,0.04714165364298745,0.0005815999667275738,0.0948377805270898,0.1188420685626691,0.13648064320213782,0.1188420685626691,0.14160470723905969,461,5.330350397304238,-3.082367502297547,0.11512122141462466,0.1690894901984672,0.27010562553575823,7.998673861119542,7.999911400344431,173,3.12254256527023,-0.2751413833456269,0.11113516767761901,0.16052447461268418,0.24481278941660173,7.99974630931455,7.999911400344431,461,5.331209386785377,-3.082376846676862,0.07313224638035543,0.1416717378291361,0.2472886377944188,7.999413228385545,7.999911400344444,173,3.122580441816618,-0.2749131391952657,0.11133093169203971,0.16053418422738952,0.2449097235027205,7.9997549726051815,7.999911400344444,473,0.212407024538508,0.13967484044667672,0.3103991030987295,0.432038840617891,0.6768897232475176,0.432038840617891,0.7790865905956078,173,0.20488134017940904,0.162457039519991,0.32536559801248477,0.351964970931927,0.5043549785211878,0.351964970931927,0.5075511006534408,473,0.7812562777966962,0.6611132162451019,1.17689511580413,1.301556499577145,1.6583002525027317,1.301556499577145,1.8772214661713378,173,0.7745556204284655,0.7020728316797146,1.134668960512807,1.2767803050632995,1.5641388505655534,1.2767803050632995,1.6583227053225948,473,0.0029352270264099106,-0.00011277807119514094,0.002071434905960869,0.004164283796546718,0.013637298766508672,0.004940185822171547,0.018125291199203808,173,0.0017207221963290876,-6.741548907163164e-05,0.0007739352648360238,0.000999757285436598,0.0013580629278145118,0.0042690306419950206,0.005672899323608149,461,0.09335282964120135,0.05000000074505806,0.15000000223517418,0.15000000223517418,0.15000000223517418,0.15000000223517418,0.15000000223517418,173,0.09327069327811872,0.05000000074505806,0.15000000223517418,0.15000000223517418,0.15000000223517418,0.15000000223517418,0.15000000223517418,473,0.14896600003102176,0.13544400280807167,0.19183479598723355,0.2061521998257376,0.2532839201739989,0.2061521998257376,0.4041859938297421,173,0.1562017153266111,0.14318299508886412,0.19592960452428088,0.22146879782667384,0.26352891727583483,0.22146879782667384,0.4041859938297421
formal-v4/tcp-seed0,28198,Town15,SignalizedJunctionLeftTurnEnterFlow_1,tcp,0,1,True,0,finished,Completed,100,True,ok,False,False,False,False,259,13.6,13.6,70.0,0.7,,unused (Bench2Drive 0.0.4),12.95,8.887,6.569,1.056,1.16,3,0,0.5212355212355212,,available,2cca3a9660d989de0d09a7cb1d4e51610c814417,/data/runs/b2d/controller/formal-v4/tcp-seed0,0,0,0,0,0,0,0,19,"{""invalid_controls"": 0, ""invalid_lines"": 0, ""lines"": 259, ""missing_fields"": {}, ""missing_frames"": 0, ""nonmonotonic_frames"": 0, ""nonmonotonic_time"": 0, ""sensor_frame_mismatch"": 0, ""state"": ""ok"", ""truth_frame_mismatch"": 0, ""valid_rows"": 259}","[154.76, 175.28, 172.77, 142.82, 156.88, 197.38, 165.67, 121.64, 127.94, 157.23, 219.34, 181.44, 100.0, 84043.54, 165.34, 120.1, 68.78, 52.94, 52.94]",[],"{""tracking"": 259}",259,0.7108094323823879,-0.130299904932612,0.5136934284723652,0.838780954985444,0.9594579786570238,1.6829389739691523,1.776242812401596,259,0.7108094323823879,-0.130299904932612,0.5136934284723652,0.838780954985444,0.9594579786570238,1.6829389739691523,1.776242812401596,259,0.039985954087315194,0.008318137756135505,0.07119956557336268,0.09653267019046168,0.1266596311783692,0.09653267019046168,0.14298574495656982,259,0.039985954087315194,0.008318137756135505,0.07119956557336268,0.09653267019046168,0.1266596311783692,0.09653267019046168,0.14298574495656982,259,2.2672174699607246,-0.16926159261689033,0.13631643418595038,0.18688030598399966,0.361380349472373,6.893073911710615,7.558244134350988,259,2.2672174699607246,-0.16926159261689033,0.13631643418595038,0.18688030598399966,0.361380349472373,6.893073911710615,7.558244134350988,259,2.268412097986145,-0.17933831050435955,0.11725337153383061,0.15154027802990655,0.36151767170685156,6.893067094031994,7.558244134350988,259,2.268412097986145,-0.17933831050435955,0.11725337153383061,0.15154027802990655,0.36151767170685156,6.893067094031994,7.558244134350988,259,0.15489686310260106,0.12037399098634748,0.2533545461779444,0.27491703774908355,0.377563012309901,0.27491703774908355,0.4102267015023734,259,0.15489686310260106,0.12037399098634748,0.2533545461779444,0.27491703774908355,0.377563012309901,0.27491703774908355,0.4102267015023734,259,0.6785232732541531,0.5596940329794984,0.999846545797717,1.1782664579017417,1.4380650523904162,1.1782664579017417,1.5445393470483058,259,0.6785232732541531,0.5596940329794984,0.999846545797717,1.1782664579017417,1.4380650523904162,1.1782664579017417,1.5445393470483058,259,0.001807195411837055,-6.409201290846767e-05,0.003060805502201803,0.003927212706836025,0.004514115592870586,0.003981993039217979,0.004693913882326761,259,0.001807195411837055,-6.409201290846767e-05,0.003060805502201803,0.003927212706836025,0.004514115592870586,0.003981993039217979,0.004693913882326761,259,0.09325723272808042,0.05000000074505806,0.15000000223517418,0.15000000223517418,0.15000000223517418,0.15000000223517418,0.15000000223517418,259,0.09325723272808042,0.05000000074505806,0.15000000223517418,0.15000000223517418,0.15000000223517418,0.15000000223517418,0.15000000223517418,259,0.1489296809596546,0.13607100117951632,0.18286640115547925,0.2046265042736195,0.23091930270311423,0.2046265042736195,0.2547269978094846,259,0.1489296809596546,0.13607100117951632,0.18286640115547925,0.2046265042736195,0.23091930270311423,0.2046265042736195,0.2547269978094846
formal-v4/tcp-seed0,3255,Town13,ParkingCrossingPedestrian_1,tcp,0,1,True,0,finished,Completed,100,True,ok,False,False,False,False,694,52.5,52.5,18.0,0.18,,unused (Bench2Drive 0.0.4),34.7,15.03,10.424,3.124,1.076,11,0,0.8242074927953891,17488,available,2cca3a9660d989de0d09a7cb1d4e51610c814417,/data/runs/b2d/controller/formal-v4/tcp-seed0,0,0,0,2,1,0,0,21,"{""invalid_controls"": 0, ""invalid_lines"": 0, ""lines"": 694, ""missing_fields"": {""trajectory_age_s"": 31}, ""missing_frames"": 0, ""nonmonotonic_frames"": 0, ""nonmonotonic_time"": 0, ""sensor_frame_mismatch"": 0, ""state"": ""ok"", ""truth_frame_mismatch"": 0, ""valid_rows"": 694}","[75.5, 136.39, 202.19, 164.05, 150.14, 135.73, 138.13, 110.96, 108.11, 101.77, 104.44, 123.6, 135.66, 161.38, 145.53, 183.61, 22.42, 137.19, 97.9, 71.55, 71.55]",[],"{""invalid_motion"": 31, ""tracking"": 663}",694,0.10775086474170462,-0.10961610376887689,0.010540407479460494,0.03165576465936534,0.10258616466930444,0.17469885812067168,0.23498754198057784,170,0.09525965902055779,-0.007994688926661551,0.0824476403851703,0.10080132042603138,0.10629379713182888,0.17186575913466579,0.2095064819440837,663,0.004243213446478578,0.0010803215341572104,0.006436788893576127,0.007773736243718997,0.010428676505198702,0.008270621435878896,0.011425402911480375,170,0.0043619094647920865,-0.0002613554991754378,0.0051634701723328215,0.00685985489992892,0.009795089226048478,0.007864005246751337,0.009830193679931539,663,5.685385698430571,-5.673879169334095,0.03210604456919772,0.09628399026068848,0.15434125051725625,7.999999073678569,7.999999982786051,170,3.1750826691218457,-0.2684351498666744,0.09636061170034713,0.10896410904437741,0.19139436368537432,7.99986142930912,7.99998678684245,663,5.6883733361622,-5.673879169334095,0.03156976875788226,0.095739967342719,0.14484671394215756,7.999999043220115,7.999999982786214,170,3.17507651034083,-0.26842947187929633,0.09635741541090743,0.10896798973183759,0.19139381355412882,7.999791782850636,7.9999786676951885,694,0.11795808372164622,0.09023773127825435,0.1719731295834065,0.20575001894452452,0.2805917874293262,0.20575001894452452,0.4116930571842154,170,0.14874549035166804,0.11158405082248722,0.23800152796572688,0.2698116842518394,0.4002620519813651,0.2698116842518394,0.4116930571842154,694,0.688355300319658,0.5690385483249181,1.0402634711554932,1.1920010705514936,1.4970196355313217,1.1920010705514936,1.7143211442057904,170,0.6854473281276122,0.5883233690628227,1.0045143000623715,1.1080457045903855,1.2718297632169002,1.1080457045903855,1.5446541457114227,694,0.0007212169867205245,-0.0001370304904919628,0.0009342005788113283,0.0011134900545436421,0.0013376843747980253,0.001296077381912042,0.0021568371417681753,170,0.0008551879395405315,-0.00011252579038512067,0.00104431236383653,0.0011587087393058358,0.0012724902349663925,0.0012971917336191295,0.0015943591571692117,663,0.09357166435164145,0.05000000074505806,0.15000000223517418,0.15000000223517418,0.15000000223517418,0.15000000223517418,0.15000000223517418,170,0.09306860353536558,0.05000000074505806,0.15000000223517418,0.15000000223517418,0.15000000223517418,0.15000000223517418,0.15000000223517418,694,0.16447698718488515,0.15182549759629183,0.2030413023021538,0.23094679636415097,0.26353810215368884,0.23094679636415097,0.43713200284400955,170,0.16198995888187848,0.14933000056771562,0.19389310109545477,0.22394439765776036,0.25823360054346267,0.22394439765776036,0.3978019958594814
formal-v4/tcp-seed0,3514,Town13,ParkingExit_1,tcp,0,1,True,0,finished,Failed - TickRuntime,4.6,False,ok,True,True,False,True,4000,108.4,108.4,2.76,0.6,,unused (Bench2Drive 0.0.4),200.05,16.771,11.431,3.829,1.241,10,0,1.0,13283,available,2cca3a9660d989de0d09a7cb1d4e51610c814417,/data/runs/b2d/controller/formal-v4/tcp-seed0,0,0,0,1,0,0,0,0,"{""invalid_controls"": 0, ""invalid_lines"": 0, ""lines"": 4000, ""missing_fields"": {""trajectory_age_s"": 190}, ""missing_frames"": 0, ""nonmonotonic_frames"": 0, ""nonmonotonic_time"": 0, ""sensor_frame_mismatch"": 0, ""state"": ""ok"", ""truth_frame_mismatch"": 0, ""valid_rows"": 4000}",[],"[{""duration_s"": 5.200000077486038, ""end_s"": 38.70000057667494, ""start_s"": 33.5000004991889}, {""duration_s"": 7.650000113993883, ""end_s"": 56.90000084787607, ""start_s"": 49.25000073388219}, {""duration_s"": 7.800000116229057, ""end_s"": 85.9500012807548, ""start_s"": 78.15000116452575}]","{""invalid_motion"": 190, ""tracking"": 3810}",4000,1.1731730709579558,0.5641876331749116,1.2130140363786908,1.217892171545747,1.2237650474252362,2.2274072083511127,3.1457871307201244,40,3.098929856935761,-3.1434471717232713,-2.972662841732616,-2.9073324105707723,-2.8431259162616374,3.145589659506357,3.1457871307201244,3810,0.06731984746096706,0.06118562523353706,0.09058503616455342,0.10580564787778576,0.11191047128619576,0.10580564787778576,0.11632642415414397,40,0.05667973641021013,0.05880958905048106,0.06460296734799573,0.06708644082137144,0.09273159958378412,0.06708644082137144,0.09901035204901364,3810,7.955492130432635,-7.975568560906977,-7.947728756752275,-7.9356657990942345,-7.916435582935838,7.990697560100468,7.994506408811967,40,6.3157000682360565,-6.32821116260058,-3.3432810541898026,-2.9568801583724578,-2.7785555697105124,7.989929243602139,7.9901923803792485,3810,7.967164148228144,-7.987763430511767,-7.968953877775624,-7.961384428035725,-7.928063468530128,7.993084962095946,7.994506408812045,40,6.31586199981034,-6.328539818189137,-3.344657610687529,-2.9535216369487904,-2.771258418617358,7.990192380379229,7.990192380379339,4000,0.10972909859062972,0.08874597712042595,0.16794630134402924,0.19525759512694554,0.2385697267793563,0.19525759512694554,0.4121881749761774,40,0.23754021638785822,0.19401669424507917,0.3554294433783831,0.3994156618919218,0.4090901663806037,0.3994156618919218,0.4121881749761774,4000,0.6922664525510327,0.5663625218796748,1.0535054426033945,1.2220024073095848,1.508027258979674,1.2220024073095848,2.1828702037742422,40,0.6757432626526445,0.6053998813351877,0.9093760232131137,1.1070229755319745,1.2543475902675403,1.1070229755319745,1.2585287436431571,4000,0.0006552218025186593,4.750257803465274e-05,0.000778759061263079,0.0009599645387574406,0.0013568357532298266,0.001280940871656155,0.0048643060237929525,40,0.001607181549469215,-0.0015736876780241271,3.475871682394606e-05,5.207744400939074e-05,6.173807319495682e-05,0.0027060062174275134,0.0048643060237929525,3810,0.09377263646008366,0.10000000149011612,0.15000000223517418,0.15000000223517418,0.15000000223517418,0.15000000223517418,0.15000000223517418,40,0.09354143606322451,0.07500000111758709,0.15000000223517418,0.15000000223517418,0.15000000223517418,0.15000000223517418,0.15000000223517418,4000,0.16173398501128836,0.15265050024027005,0.19746820544241928,0.21338145234039982,0.25678165060526226,0.21338145234039982,0.3943110059481114,40,0.16851987510912977,0.15679899661336094,0.19917390018235892,0.21838750144524965,0.22834752177004702,0.21838750144524965,0.23460000375052914
formal-v4/tcp-seed1,17569,Town12,SequentialLaneChange_1,tcp,1,1,True,0,finished,Completed,100,True,ok,False,False,False,False,334,33.2,33.2,60.0,0.6,,unused (Bench2Drive 0.0.4),16.7,17.09,13.174,2.52,1.167,1,0,0.5868263473053892,1245,available,2cca3a9660d989de0d09a7cb1d4e51610c814417,/data/runs/b2d/controller/formal-v4/tcp-seed1,0,0,0,1,0,0,0,19,"{""invalid_controls"": 0, ""invalid_lines"": 0, ""lines"": 334, ""missing_fields"": {}, ""missing_frames"": 0, ""nonmonotonic_frames"": 0, ""nonmonotonic_time"": 0, ""sensor_frame_mismatch"": 0, ""state"": ""ok"", ""truth_frame_mismatch"": 0, ""valid_rows"": 334}","[106.35, 112.59, 100.58, 106.05, 100.19, 101.54, 93.47, 107.83, 108.08, 100.27, 90.66, 91.12, 95.96, 93.47, 104.81, 108.6, 94.5, 59.57, 59.57]",[],"{""tracking"": 334}",334,0.5911721844632665,0.0007229767250714197,0.6137709741691757,1.0507236049450737,1.3709972041764065,1.2501209285378112,1.589861746845012,256,0.6173454053569731,-0.00015653969225859488,0.7999871288413649,1.1767775699205814,1.3775520143574373,1.3203977063238868,1.589861746845012,334,0.07487637265828054,0.0011542466476302318,0.06608942777467111,0.08372576548355051,0.3603406535915097,0.10988515017305304,0.4687718321702687,256,0.07641960954150118,0.0005965068560719196,0.06072603873598119,0.07974174710588353,0.39110292843694183,0.10677048721911445,0.4687718321702687,334,2.2533572601250937,-0.20532283226418535,0.16353568607201974,0.26541740451998413,0.8200915355498504,6.7482415440208365,7.99995843127788,256,2.5325949225855098,-0.20532283226418535,0.12282046888852971,0.15031859102226508,0.24359509175813174,7.582862685636874,7.99995843127788,334,2.2571349461631707,-0.2056321015451008,0.13187530596049324,0.21580710475156029,0.6578686320205835,6.748232678432016,7.999931527375874,256,2.5324483259935215,-0.2056321015451008,0.12015803322931617,0.14446887013205179,0.24359447891148486,7.582856739342754,7.999931527375874,334,0.173082996772289,0.13623430262778435,0.2677552339988688,0.3198658701957941,0.46287605611558197,0.3198658701957941,0.5077720260520014,256,0.1796255139908354,0.14553780934318084,0.2668764967373249,0.32973662771311685,0.48400613002862275,0.32973662771311685,0.5077720260520014,334,0.7736244313193699,0.6667651774912295,1.1700852193991296,1.2837196842102354,1.6524120428244082,1.2837196842102354,1.6776892553651226,256,0.7662642753492798,0.6769071943100927,1.1512736902610226,1.275473221898137,1.566268077530271,1.275473221898137,1.658386021953495,334,0.002200363553337917,-8.256597958600231e-05,0.003097971723100601,0.003847228405780486,0.004681557573942091,0.004659271516047967,0.006387766288811658,256,0.0023004497287765855,-5.9016847552939566e-05,0.0033666544523847097,0.004019867942848143,0.004733639785084098,0.0047802579159323955,0.006387766288811658,334,0.09330107223280545,0.05000000074505806,0.15000000223517418,0.15000000223517418,0.15000000223517418,0.15000000223517418,0.15000000223517418,256,0.09354143606322456,0.07500000111758709,0.15000000223517418,0.15000000223517418,0.15000000223517418,0.15000000223517418,0.15000000223517418,334,0.16490204816891152,0.15327399887610227,0.19956370088038966,0.2240184483525808,0.2611375188280363,0.2240184483525808,0.32398300390923396,256,0.16628674746368927,0.1537930002086796,0.20557450261549093,0.2289240001118742,0.2630002494697692,0.2289240001118742,0.32398300390923396
formal-v4/tcp-seed1,2091,Town12,NonSignalizedJunctionLeftTurn_1,tcp,1,1,True,0,finished,Completed,100,True,ok,False,False,False,False,288,34.6,34.6,48.0,0.48,,unused (Bench2Drive 0.0.4),14.4,13.983,9.437,3.19,1.086,15,0,0.7118055555555556,23488,available,2cca3a9660d989de0d09a7cb1d4e51610c814417,/data/runs/b2d/controller/formal-v4/tcp-seed1,0,0,0,1,0,0,0,20,"{""invalid_controls"": 0, ""invalid_lines"": 0, ""lines"": 288, ""missing_fields"": {}, ""missing_frames"": 0, ""nonmonotonic_frames"": 0, ""nonmonotonic_time"": 0, ""sensor_frame_mismatch"": 0, ""state"": ""ok"", ""truth_frame_mismatch"": 0, ""valid_rows"": 288}","[188.64, 225.84, 220.85, 191.35, 230.08, 227.07, 236.43, 75.71, 117.79, 282.18, 340.14, 449.78, 450.85, 811.28, 883.76, 626.14, 299.24, 173.51, 97.61, 97.61]",[],"{""tracking"": 288}",288,0.6315270519538191,-0.15827570758756987,0.2684083642854375,0.6276391400043546,0.755119225292175,1.1830194916235712,1.1987717628507137,112,0.12476611694103396,0.00441717244480811,0.14285438941829387,0.1515784962112779,0.15465510729242637,0.27515777753725884,0.4190486479769035,288,0.04801254453600946,0.012845386453805369,0.08900259336041166,0.09572978304815422,0.11916559029560524,0.09572978304815422,0.13926065721715766,112,0.024649123044469784,0.002726567350824117,0.020407422458907094,0.06493067207050744,0.10035334545895183,0.06493067207050744,0.12256252916114688,288,3.6079755501999347,-0.3755441362023344,0.12278727582111221,0.20934796737932154,1.0447922046368099,7.248884902072319,7.999646114392137,112,3.874683341935638,-0.37030198235532685,0.10509742099640845,0.1622250405315062,0.3106423641506983,7.999368993280471,7.999646114392137,288,3.6105163908666897,-0.3965120941666225,0.10323763109987277,0.1806189367134151,0.888584472501597,7.247228785131573,7.999437254352919,112,3.874644674928622,-0.3709945955950027,0.10237874827616499,0.1622285827695407,0.310653489637714,7.99914740957585,7.999437254352919,288,0.23451919806298455,0.17719069685203145,0.35772098732799484,0.4535958713699047,0.5520472151949455,0.4535958713699047,0.6342972459696152,112,0.19975254811764126,0.14720000089724647,0.32998939315555814,0.3791190673202845,0.5053528544531324,0.3791190673202845,0.507735138321736,288,0.7649226830255348,0.6669501573551764,1.1625031588348749,1.2725714950119846,1.5801893012440416,1.2725714950119846,1.6655475655621488,112,0.7775914859778441,0.7258624869319599,1.1015802074993766,1.237345218098544,1.4818084867718062,1.237345218098544,1.6584150982994412,288,0.0031154708794087016,-0.00014428578712788465,0.002054411251917769,0.00324015692613346,0.00466131594329886,0.0043015935224667064,0.02782779613932984,112,0.0010313283166263653,-0.00012527965012121278,0.00033131811710753747,0.00043106073550804806,0.0006152728823466625,0.0025681541356612045,0.004465667659151684,288,0.09354143606322456,0.07500000111758709,0.15000000223517418,0.15000000223517418,0.15000000223517418,0.15000000223517418,0.15000000223517418,112,0.09354143606322454,0.07500000111758709,0.15000000223517418,0.15000000223517418,0.15000000223517418,0.15000000223517418,0.15000000223517418,288,0.15548789885812403,0.1446799979021307,0.18669490236788988,0.20316310074122154,0.23416281968820837,0.20316310074122154,0.24642299831612036,112,0.15323570970400882,0.1459024970245082,0.18266459592268805,0.19687585045176081,0.22141539106087293,0.19687585045176081,0.2444990022922866
formal-v4/tcp-seed1,25378,Town03,YieldToEmergencyVehicle_1,tcp,1,1,True,0,finished,Completed,100,True,ok,False,False,False,False,288,12.3,12.3,70.0,0.7,,unused (Bench2Drive 0.0.4),14.4,11.915,9.021,1.612,1.179,13,0,0.5694444444444444,,available,2cca3a9660d989de0d09a7cb1d4e51610c814417,/data/runs/b2d/controller/formal-v4/tcp-seed1,0,0,0,0,0,0,0,19,"{""invalid_controls"": 0, ""invalid_lines"": 0, ""lines"": 288, ""missing_fields"": {}, ""missing_frames"": 0, ""nonmonotonic_frames"": 0, ""nonmonotonic_time"": 0, ""sensor_frame_mismatch"": 0, ""state"": ""ok"", ""truth_frame_mismatch"": 0, ""valid_rows"": 288}","[93.12, 108.33, 93.84, 120.11, 99.59, 87.88, 78.85, 72.74, 75.91, 75.93, 72.61, 83.25, 85.31, 98.87, 99.19, 94.42, 80.46, 59.69, 59.69]",[],"{""tracking"": 288}",288,0.11152846845862689,-0.05310816941684304,0.04220573430753423,0.09226623151689797,0.1081309711707708,0.2227926423513299,0.23033881024276964,288,0.11152846845862689,-0.05310816941684304,0.04220573430753423,0.09226623151689797,0.1081309711707708,0.2227926423513299,0.23033881024276964,288,0.0038849067705520814,0.0003831307166166413,0.004905551892534096,0.005982751236851571,0.009763057357197345,0.007183915499789543,0.013631625608287122,288,0.0038849067705520814,0.0003831307166166413,0.004905551892534096,0.005982751236851571,0.009763057357197345,0.007183915499789543,0.013631625608287122,288,2.4203022078996175,-0.17967138649965175,0.15540088538025237,0.265305986340904,1.0747857133241583,7.154892970364139,7.999986811175806,288,2.4203022078996175,-0.17967138649965175,0.15540088538025237,0.265305986340904,1.0747857133241583,7.154892970364139,7.999986811175806,288,2.4235061056135714,-0.1936919189985935,0.12854882622729963,0.1796885764212104,0.8258056685248197,7.154886467041896,7.999978091505426,288,2.4235061056135714,-0.1936919189985935,0.12854882622729963,0.1796885764212104,0.8258056685248197,7.154886467041896,7.999978091505426,288,0.16075573687272174,0.11214784091010649,0.24800290017508894,0.32117598514731605,0.4717590601150743,0.32117598514731605,0.5075638292577767,288,0.16075573687272174,0.11214784091010649,0.24800290017508894,0.32117598514731605,0.4717590601150743,0.32117598514731605,0.5075638292577767,288,0.7649073633854506,0.6669267296911875,1.162535231019441,1.2725779671681419,1.580150184794617,1.2725779671681419,1.6656321890019126,288,0.7649073633854506,0.6669267296911875,1.162535231019441,1.2725779671681419,1.580150184794617,1.2725779671681419,1.6656321890019126,288,0.0003664721933558969,2.8184028413091866e-05,0.00032247348875995567,0.0004143203245384526,0.0012238011298414747,0.0007471955318446999,0.0018438814479164733,288,0.0003664721933558969,2.8184028413091866e-05,0.00032247348875995567,0.0004143203245384526,0.0012238011298414747,0.0007471955318446999,0.0018438814479164733,288,0.09354143606322456,0.07500000111758709,0.15000000223517418,0.15000000223517418,0.15000000223517418,0.15000000223517418,0.15000000223517418,288,0.09354143606322456,0.07500000111758709,0.15000000223517418,0.15000000223517418,0.15000000223517418,0.15000000223517418,0.15000000223517418,288,0.1564841447033444,0.14117850150796585,0.19964500097557902,0.2114944993081735,0.2710311297414591,0.2114944993081735,0.35022300289710984,288,0.1564841447033444,0.14117850150796585,0.19964500097557902,0.2114944993081735,0.2710311297414591,0.2114944993081735,0.35022300289710984
formal-v4/tcp-seed1,25381,Town05,HazardAtSideLane_1,tcp,1,1,True,0,finished,Completed,100,True,ok,False,False,False,False,393,13.4,13.4,100.0,1.0,,unused (Bench2Drive 0.0.4),19.65,15.078,11.988,1.828,1.145,12,0,0.6106870229007634,,available,2cca3a9660d989de0d09a7cb1d4e51610c814417,/data/runs/b2d/controller/formal-v4/tcp-seed1,0,0,0,0,0,0,0,20,"{""invalid_controls"": 0, ""invalid_lines"": 0, ""lines"": 393, ""missing_fields"": {""trajectory_age_s"": 4, ""trajectory_time"": 4}, ""missing_frames"": 0, ""nonmonotonic_frames"": 0, ""nonmonotonic_time"": 0, ""sensor_frame_mismatch"": 0, ""state"": ""ok"", ""truth_frame_mismatch"": 0, ""valid_rows"": 393}","[67.15, 127.28, 105.67, 112.84, 111.62, 101.12, 105.91, 101.6, 103.98, 101.05, 109.15, 116.39, 116.11, 113.46, 114.82, 111.02, 116.5, 115.5, 84.5, 84.5]",[],"{""invalid_motion"": 2, ""tracking"": 389, ""trajectory_outside_history"": 2}",393,0.108678565431823,-0.011284446407349154,0.08998029971854611,0.10772246862614783,0.20467477665674014,0.23196869398924816,0.2935011457702131,393,0.108678565431823,-0.011284446407349154,0.08998029971854611,0.10772246862614783,0.20467477665674014,0.23196869398924816,0.2935011457702131,389,0.006678286877486128,0.0009101314483283038,0.009106948518689248,0.011593243698651357,0.02018084269955207,0.01216264327119427,0.038155177387936196,389,0.006678286877486128,0.0009101314483283038,0.009106948518689248,0.011593243698651357,0.02018084269955207,0.01216264327119427,0.038155177387936196,389,2.2300873717528384,-0.2023524726242254,0.09733728147937282,0.1395508165465843,0.3903562572947327,6.671410848783126,7.999988253436704,389,2.2300873717528384,-0.2023524726242254,0.09733728147937282,0.1395508165465843,0.3903562572947327,6.671410848783126,7.999988253436704,389,2.2318954309566768,-0.21698420603588708,0.0879052869884342,0.12645147398951143,0.3783382182578858,6.671409076650909,7.99997986058454,389,2.2318954309566768,-0.21698420603588708,0.0879052869884342,0.12645147398951143,0.3783382182578858,6.671409076650909,7.99997986058454,393,0.14615664207231205,0.1012916422285239,0.20589294824908425,0.27569641607188583,0.45825152103926653,0.27569641607188583,0.5101585738902824,393,0.14615664207231205,0.1012916422285239,0.20589294824908425,0.27569641607188583,0.45825152103926653,0.27569641607188583,0.5101585738902824,393,0.7728097823349036,0.6581650764699469,1.17184925334092,1.3016018572723385,1.6588289283153492,1.3016018572723385,1.8772309597249621,393,0.7728097823349036,0.6581650764699469,1.17184925334092,1.3016018572723385,1.6588289283153492,1.3016018572723385,1.8772309597249621,393,0.0016224786136941778,1.1844497074253724e-05,0.0007317917772841303,0.0011090271502098403,0.0013783089137384497,0.0026406232518710613,0.010778379036804786,393,0.0016224786136941778,1.1844497074253724e-05,0.0007317917772841303,0.0011090271502098403,0.0013783089137384497,0.0026406232518710613,0.010778379036804786,389,0.09342112548473812,0.05000000074505806,0.15000000223517418,0.15000000223517418,0.15000000223517418,0.15000000223517418,0.15000000223517418,389,0.09342112548473812,0.05000000074505806,0.15000000223517418,0.15000000223517418,0.15000000223517418,0.15000000223517418,0.15000000223517418,393,0.15016909955979504,0.14049500168766826,0.1867029961431399,0.21168640232644975,0.2386561222374437,0.21168640232644975,0.29164800071157515,393,0.15016909955979504,0.14049500168766826,0.1867029961431399,0.21168640232644975,0.2386561222374437,0.21168640232644975,0.29164800071157515
formal-v4/tcp-seed1,25424,Town11,ConstructionObstacleTwoWays_1,tcp,1,1,True,0,finished,Failed - TickRuntime,47.26,False,ok,True,True,False,True,4000,52.8,52.8,30.719,0.65,,unused (Bench2Drive 0.0.4),200.05,9.145,3.449,4.598,0.972,14,0,0.986,19186,available,2cca3a9660d989de0d09a7cb1d4e51610c814417,/data/runs/b2d/controller/formal-v4/tcp-seed1,0,0,1,0,0,0,0,8,"{""invalid_controls"": 0, ""invalid_lines"": 0, ""lines"": 4000, ""missing_fields"": {""trajectory_age_s"": 673}, ""missing_frames"": 0, ""nonmonotonic_frames"": 0, ""nonmonotonic_time"": 0, ""sensor_frame_mismatch"": 0, ""state"": ""ok"", ""truth_frame_mismatch"": 0, ""valid_rows"": 4000}","[51.58, 72.27, 45.14, 54.02, 45.7, 61.96, 48.99, 56.33]",[],"{""invalid_motion"": 673, ""tracking"": 3327}",4000,0.09153840051542057,0.07574930108354386,0.1417203220358082,0.14644283778156814,0.1501020175741196,0.14644283778156814,0.15243099087849088,157,0.08419477920461851,0.019842548776970403,0.13618796903053065,0.1481721691669651,0.15206344063429592,0.1481721691669651,0.15243099087849088,3327,0.006191502091043414,0.004500235789341674,0.009804994976476255,0.011296172237461644,0.013275371931482288,0.011344758965235352,0.02511057602336761,157,0.00464884602069568,0.0004892536199630861,0.007599272148263874,0.008648340849104501,0.009803545280731144,0.008648340849104501,0.00981485164680786,3327,7.820425419147996,-7.999807593657758,-7.969653611802153,-7.841977187155202,0.047531987352833115,7.999994535384806,7.9999999014782786,157,3.267210522663969,-0.2723878288167949,0.12790657217784124,0.17035476761492468,0.35667242818665584,7.999832510208273,7.999889232074045,3327,7.820425973129491,-7.999802980185483,-7.969648689512023,-7.841976855048072,0.04753256222093424,7.999998393647887,7.999999908108617,157,3.267200748139121,-0.2723833273073941,0.12790657217784177,0.17035593933348508,0.3566798460689571,7.999792176654623,7.999832296345075,4000,0.10806968196843639,0.08559384596217148,0.16661639906711415,0.19118915339996143,0.23592048441209287,0.19118915339996143,0.41003588796463636,157,0.1479485279371055,0.11123577366165327,0.23633342266243607,0.27118021930648256,0.3990511570010393,0.27118021930648256,0.41003588796463636,4000,0.6910955602485902,0.5648013875002491,1.0533137341827121,1.2218713037429196,1.5078398066945962,1.2218713037429196,2.1814487867360124,157,0.6785504798753201,0.5875906229077975,0.9899081019751261,1.0658566464043435,1.2755326861314953,1.0658566464043435,1.545107755364123,4000,0.0005456048939059734,7.384409355459809e-05,0.0007212316179109557,0.0009599825469706278,0.0013940356142957719,0.0010686018440601017,0.004792668010940027,157,0.00026033575560389157,3.162221734687165e-05,0.0003700649615089091,0.00048049616291994095,0.000527119351592411,0.0005003815492702123,0.0007342084578234598,3327,0.09369995547653481,0.10000000149011612,0.15000000223517418,0.15000000223517418,0.15000000223517418,0.15000000223517418,0.15000000223517418,157,0.0932430575165408,0.05000000074505806,0.15000000223517418,0.15000000223517418,0.15000000223517418,0.15000000223517418,0.15000000223517418,4000,0.13585941863982567,0.13103850142215379,0.1771381990693044,0.19146880331390995,0.24259074256406146,0.19146880331390995,0.4535240004770458,157,0.149015348234558,0.1367049990221858,0.17771939747035506,0.18528419896028925,0.2386797161307186,0.18528419896028925,0.2514320003683679
formal-v4/tcp-seed1,26405,Town15,StaticCutIn_1,tcp,1,1,True,0,finished,Completed,100,True,ok,False,False,False,False,386,16.5,16.5,100.0,1.0,,unused (Bench2Drive 0.0.4),19.3,8.692,6.193,1.248,1.134,11,0,0.5259067357512953,,available,2cca3a9660d989de0d09a7cb1d4e51610c814417,/data/runs/b2d/controller/formal-v4/tcp-seed1,0,0,0,0,0,0,0,18,"{""invalid_controls"": 0, ""invalid_lines"": 0, ""lines"": 386, ""missing_fields"": {}, ""missing_frames"": 0, ""nonmonotonic_frames"": 0, ""nonmonotonic_time"": 0, ""sensor_frame_mismatch"": 0, ""state"": ""ok"", ""truth_frame_mismatch"": 0, ""valid_rows"": 386}","[78.1, 110.45, 169.47, 155.93, 196.57, 162.63, 167.1, 157.42, 151.72, 142.33, 108.9, 125.51, 115.51, 114.73, 158.7, 129.92, 78.77, 78.77]",[],"{""tracking"": 386}",386,0.09475776957374768,-0.02689139525408922,0.09900514668899113,0.14707110412647087,0.1785162964872404,0.18872092955667774,0.23992860622062898,386,0.09475776957374768,-0.02689139525408922,0.09900514668899113,0.14707110412647087,0.1785162964872404,0.18872092955667774,0.23992860622062898,386,0.006838220292612345,0.0028721631940348065,0.011355379493443809,0.013534007341654566,0.018314291893264598,0.014131171303291279,0.020987642369049857,386,0.006838220292612345,0.0028721631940348065,0.011355379493443809,0.013534007341654566,0.018314291893264598,0.014131171303291279,0.020987642369049857,386,2.099918465968813,-0.175165181131264,0.09763672438267079,0.11445548689723273,0.1665920867972387,6.40180493218962,7.999917866541758,386,2.099918465968813,-0.175165181131264,0.09763672438267079,0.11445548689723273,0.1665920867972387,6.40180493218962,7.999917866541758,386,2.1016164022359205,-0.18460554448794264,0.08282381819893425,0.11293162271898205,0.14533279015793366,6.401748952018555,7.9998554377095505,386,2.1016164022359205,-0.18460554448794264,0.08282381819893425,0.11293162271898205,0.14533279015793366,6.401748952018555,7.9998554377095505,386,0.11995386844934018,0.08374000568894102,0.1774865339010383,0.23553936617968507,0.35395767251439575,0.23553936617968507,0.41025367109706345,386,0.11995386844934018,0.08374000568894102,0.1774865339010383,0.23553936617968507,0.35395767251439575,0.23553936617968507,0.41025367109706345,386,0.6911349159444378,0.5645726616527522,1.0244583681994253,1.190107045838422,1.5582974541344992,1.190107045838422,1.711260495704196,386,0.6911349159444378,0.5645726616527522,1.0244583681994253,1.190107045838422,1.5582974541344992,1.190107045838422,1.711260495704196,386,0.0003034482346075728,9.480026921249163e-07,0.0003562019139324857,0.0004231805623231555,0.0005481893807764307,0.0005282880251735733,0.0006812223240193482,386,0.0003034482346075728,9.480026921249163e-07,0.0003562019139324857,0.0004231805623231555,0.0005481893807764307,0.0005282880251735733,0.0006812223240193482,386,0.09333348893074374,0.05000000074505806,0.15000000223517418,0.15000000223517418,0.15000000223517418,0.15000000223517418,0.15000000223517418,386,0.09333348893074374,0.05000000074505806,0.15000000223517418,0.15000000223517418,0.15000000223517418,0.15000000223517418,0.15000000223517418,386,0.1520318794501874,0.1397220003127586,0.18444300076225773,0.19956874893978238,0.251063297764631,0.19956874893978238,0.4289190037525259,386,0.1520318794501874,0.1397220003127586,0.18444300076225773,0.19956874893978238,0.251063297764631,0.19956874893978238,0.4289190037525259
formal-v4/tcp-seed1,27494,Town04,BlockedIntersection_1,tcp,1,2,True,1,finished,Completed,100,True,ok,False,False,False,False,473,8.0,28.0,55.643354,0.556434,,unused (Bench2Drive 0.0.4),23.65,8.654,6.117,1.318,1.142,0,0,0.7568710359408034,483,available,2cca3a9660d989de0d09a7cb1d4e51610c814417,/data/runs/b2d/controller/formal-v4/tcp-seed1,0,0,0,1,0,0,0,17,"{""invalid_controls"": 0, ""invalid_lines"": 0, ""lines"": 473, ""missing_fields"": {""trajectory_age_s"": 12}, ""missing_frames"": 0, ""nonmonotonic_frames"": 0, ""nonmonotonic_time"": 0, ""sensor_frame_mismatch"": 0, ""state"": ""ok"", ""truth_frame_mismatch"": 0, ""valid_rows"": 473}","[121.85, 236.76, 227.68, 167.31, 147.36, 163.06, 148.61, 161.01, 162.35, 27.0, 20.33, 166.77, 127.42, 116.39, 103.74, 77.18, 77.18]","[{""duration_s"": 5.250000078231096, ""end_s"": 14.200000211596489, ""start_s"": 8.950000133365393}]","{""invalid_motion"": 12, ""tracking"": 461}",473,2.2527538928120032,-1.662415700907422,0.40116974997148164,0.4771459375204765,0.9797634463204316,3.347777673189005,3.357927349073602,173,1.184138371410319,0.0005534613427380583,0.4295343438791742,0.46355067327952815,0.4758084103061425,2.9106154494236836,3.004542842991178,461,0.03523774225019475,-0.010926706309474952,0.044340694568617035,0.08167446075088723,0.12681755225352842,0.0830182396671087,0.14160470723905969,173,0.04714165364298745,0.0005815999667275738,0.0948377805270898,0.1188420685626691,0.13648064320213782,0.1188420685626691,0.14160470723905969,461,5.330350397304238,-3.082367502297547,0.11512122141462466,0.1690894901984672,0.27010562553575823,7.998673861119542,7.999911400344431,173,3.12254256527023,-0.2751413833456269,0.11113516767761901,0.16052447461268418,0.24481278941660173,7.99974630931455,7.999911400344431,461,5.331209386785377,-3.082376846676862,0.07313224638035543,0.1416717378291361,0.2472886377944188,7.999413228385545,7.999911400344444,173,3.122580441816618,-0.2749131391952657,0.11133093169203971,0.16053418422738952,0.2449097235027205,7.9997549726051815,7.999911400344444,473,0.212407024538508,0.13967484044667672,0.3103991030987295,0.432038840617891,0.6768897232475176,0.432038840617891,0.7790865905956078,173,0.20488134017940904,0.162457039519991,0.32536559801248477,0.351964970931927,0.5043549785211878,0.351964970931927,0.5075511006534408,473,0.7812562777966962,0.6611132162451019,1.17689511580413,1.301556499577145,1.6583002525027317,1.301556499577145,1.8772214661713378,173,0.7745556204284655,0.7020728316797146,1.134668960512807,1.2767803050632995,1.5641388505655534,1.2767803050632995,1.6583227053225948,473,0.0029352270264099106,-0.00011277807119514094,0.002071434905960869,0.004164283796546718,0.013637298766508672,0.004940185822171547,0.018125291199203808,173,0.0017207221963290876,-6.741548907163164e-05,0.0007739352648360238,0.000999757285436598,0.0013580629278145118,0.0042690306419950206,0.005672899323608149,461,0.09335282964120135,0.05000000074505806,0.15000000223517418,0.15000000223517418,0.15000000223517418,0.15000000223517418,0.15000000223517418,173,0.09327069327811872,0.05000000074505806,0.15000000223517418,0.15000000223517418,0.15000000223517418,0.15000000223517418,0.15000000223517418,473,0.14632559373674828,0.1334609987679869,0.1813148002838716,0.19559919455787161,0.2612623226013963,0.19559919455787161,0.4544969997368753,173,0.14852680927721393,0.13424299686448649,0.18000339914578944,0.1938244007760659,0.26925476093310863,0.1938244007760659,0.4544969997368753
formal-v4/tcp-seed1,28198,Town15,SignalizedJunctionLeftTurnEnterFlow_1,tcp,1,1,True,0,finished,Completed,100,True,ok,False,False,False,False,259,14.5,14.5,70.0,0.7,,unused (Bench2Drive 0.0.4),12.95,8.791,6.529,1.0,1.169,2,0,0.5212355212355212,,available,2cca3a9660d989de0d09a7cb1d4e51610c814417,/data/runs/b2d/controller/formal-v4/tcp-seed1,0,0,0,0,0,0,0,19,"{""invalid_controls"": 0, ""invalid_lines"": 0, ""lines"": 259, ""missing_fields"": {}, ""missing_frames"": 0, ""nonmonotonic_frames"": 0, ""nonmonotonic_time"": 0, ""sensor_frame_mismatch"": 0, ""state"": ""ok"", ""truth_frame_mismatch"": 0, ""valid_rows"": 259}","[154.76, 175.28, 172.77, 142.82, 156.88, 197.38, 165.67, 121.64, 127.94, 157.23, 219.34, 181.44, 100.0, 84043.54, 165.34, 120.1, 68.78, 52.94, 52.94]",[],"{""tracking"": 259}",259,0.7108094323823879,-0.130299904932612,0.5136934284723652,0.838780954985444,0.9594579786570238,1.6829389739691523,1.776242812401596,259,0.7108094323823879,-0.130299904932612,0.5136934284723652,0.838780954985444,0.9594579786570238,1.6829389739691523,1.776242812401596,259,0.039985954087315194,0.008318137756135505,0.07119956557336268,0.09653267019046168,0.1266596311783692,0.09653267019046168,0.14298574495656982,259,0.039985954087315194,0.008318137756135505,0.07119956557336268,0.09653267019046168,0.1266596311783692,0.09653267019046168,0.14298574495656982,259,2.2672174699607246,-0.16926159261689033,0.13631643418595038,0.18688030598399966,0.361380349472373,6.893073911710615,7.558244134350988,259,2.2672174699607246,-0.16926159261689033,0.13631643418595038,0.18688030598399966,0.361380349472373,6.893073911710615,7.558244134350988,259,2.268412097986145,-0.17933831050435955,0.11725337153383061,0.15154027802990655,0.36151767170685156,6.893067094031994,7.558244134350988,259,2.268412097986145,-0.17933831050435955,0.11725337153383061,0.15154027802990655,0.36151767170685156,6.893067094031994,7.558244134350988,259,0.15489686310260106,0.12037399098634748,0.2533545461779444,0.27491703774908355,0.377563012309901,0.27491703774908355,0.4102267015023734,259,0.15489686310260106,0.12037399098634748,0.2533545461779444,0.27491703774908355,0.377563012309901,0.27491703774908355,0.4102267015023734,259,0.6785232732541531,0.5596940329794984,0.999846545797717,1.1782664579017417,1.4380650523904162,1.1782664579017417,1.5445393470483058,259,0.6785232732541531,0.5596940329794984,0.999846545797717,1.1782664579017417,1.4380650523904162,1.1782664579017417,1.5445393470483058,259,0.001807195411837055,-6.409201290846767e-05,0.003060805502201803,0.003927212706836025,0.004514115592870586,0.003981993039217979,0.004693913882326761,259,0.001807195411837055,-6.409201290846767e-05,0.003060805502201803,0.003927212706836025,0.004514115592870586,0.003981993039217979,0.004693913882326761,259,0.09325723272808042,0.05000000074505806,0.15000000223517418,0.15000000223517418,0.15000000223517418,0.15000000223517418,0.15000000223517418,259,0.09325723272808042,0.05000000074505806,0.15000000223517418,0.15000000223517418,0.15000000223517418,0.15000000223517418,0.15000000223517418,259,0.14489268564173818,0.13127399870427325,0.17794219602365047,0.2039242026512511,0.2305368629458826,0.2039242026512511,0.3364829972269945,259,0.14489268564173818,0.13127399870427325,0.17794219602365047,0.2039242026512511,0.2305368629458826,0.2039242026512511,0.3364829972269945
formal-v4/tcp-seed1,3255,Town13,ParkingCrossingPedestrian_1,tcp,1,1,True,0,finished,Completed,100,True,ok,False,False,False,False,695,52.6,52.6,18.0,0.18,,unused (Bench2Drive 0.0.4),34.75,15.183,10.532,3.111,1.127,10,0,0.8287769784172662,16794,available,2cca3a9660d989de0d09a7cb1d4e51610c814417,/data/runs/b2d/controller/formal-v4/tcp-seed1,0,0,0,2,1,0,0,21,"{""invalid_controls"": 0, ""invalid_lines"": 0, ""lines"": 695, ""missing_fields"": {""trajectory_age_s"": 31}, ""missing_frames"": 0, ""nonmonotonic_frames"": 0, ""nonmonotonic_time"": 0, ""sensor_frame_mismatch"": 0, ""state"": ""ok"", ""truth_frame_mismatch"": 0, ""valid_rows"": 695}","[75.5, 136.39, 202.19, 164.05, 150.14, 135.73, 138.13, 110.96, 108.11, 101.77, 104.44, 123.6, 135.66, 161.38, 145.53, 183.61, 22.41, 133.63, 95.24, 72.07, 72.07]",[],"{""invalid_motion"": 31, ""tracking"": 664}",695,0.10769643490709306,-0.10961109140080433,0.01016643194611435,0.03531087548353034,0.10257445744306849,0.17450930488247396,0.23498754198057784,170,0.09525965902055779,-0.007994688926661551,0.0824476403851703,0.10080132042603138,0.10629379713182888,0.17186575913466579,0.2095064819440837,664,0.004275265264231839,0.0012338961750373778,0.00643115918182423,0.007773486481258433,0.010428028040821779,0.008265435765774518,0.011425402911480375,170,0.0043619094647920865,-0.0002613554991754378,0.0051634701723328215,0.00685985489992892,0.009795089226048478,0.007864005246751337,0.009830193679931539,664,5.681149083822737,-5.59253620554297,0.03204440139882457,0.09572615022658111,0.14476182108844907,7.999999073515043,7.999999982786051,170,3.1750826691218457,-0.2684351498666744,0.09636061170034713,0.10896410904437741,0.19139436368537432,7.99986142930912,7.99998678684245,664,5.68426034287413,-5.592536173815876,0.031539885672973805,0.0957275986321065,0.14476170228153182,7.999999038198435,7.999999982786214,170,3.17507651034083,-0.26842947187929633,0.09635741541090743,0.10896798973183759,0.19139381355412882,7.999791782850636,7.9999786676951885,695,0.11694159412398354,0.08963432192465742,0.16763427351368193,0.20570901442184908,0.280476483783359,0.20570901442184908,0.4116930571842154,170,0.14874549035166804,0.11158405082248722,0.23800152796572688,0.2698116842518394,0.4002620519813651,0.2698116842518394,0.4116930571842154,695,0.6896038227395169,0.5704703304603858,1.0432307609999223,1.1931212447708501,1.4965074364971216,1.1931212447708501,1.7143211442057904,170,0.6854473281276122,0.5883233690628227,1.0045143000623715,1.1080457045903855,1.2718297632169002,1.1080457045903855,1.5446541457114227,695,0.0007310254681630825,-0.00016738655664694235,0.0009341430333522638,0.0011133149518116612,0.001337607195062986,0.001300660185952873,0.002224151387763662,170,0.0008551879395405315,-0.00011252579038512067,0.00104431236383653,0.0011587087393058358,0.0012724902349663925,0.0012971917336191295,0.0015943591571692117,664,0.09358167759490497,0.05000000074505806,0.15000000223517418,0.15000000223517418,0.15000000223517418,0.15000000223517418,0.15000000223517418,170,0.09306860353536558,0.05000000074505806,0.15000000223517418,0.15000000223517418,0.15000000223517418,0.15000000223517418,0.15000000223517418,695,0.20345212753735567,0.15354499919340014,0.20534800278255716,0.2219185953435953,0.255185664427699,0.2219185953435953,3.16000100428937,170,0.16664889458399704,0.15426450408995152,0.20263019832782447,0.2171396467019803,0.2581635490787449,0.2171396467019803,0.29731100221397355
formal-v4/tcp-seed1,3514,Town13,ParkingExit_1,tcp,1,1,True,0,finished,Failed - TickRuntime,4.6,False,ok,True,True,False,True,4000,107.6,107.6,2.76,0.6,,unused (Bench2Drive 0.0.4),200.05,16.811,11.433,3.851,1.259,9,0,1.0,12589,available,2cca3a9660d989de0d09a7cb1d4e51610c814417,/data/runs/b2d/controller/formal-v4/tcp-seed1,0,0,0,1,0,0,0,0,"{""invalid_controls"": 0, ""invalid_lines"": 0, ""lines"": 4000, ""missing_fields"": {""trajectory_age_s"": 190}, ""missing_frames"": 0, ""nonmonotonic_frames"": 0, ""nonmonotonic_time"": 0, ""sensor_frame_mismatch"": 0, ""state"": ""ok"", ""truth_frame_mismatch"": 0, ""valid_rows"": 4000}",[],"[{""duration_s"": 5.200000077486038, ""end_s"": 38.70000057667494, ""start_s"": 33.5000004991889}, {""duration_s"": 7.650000113993883, ""end_s"": 56.90000084787607, ""start_s"": 49.25000073388219}, {""duration_s"": 7.800000116229057, ""end_s"": 85.9500012807548, ""start_s"": 78.15000116452575}]","{""invalid_motion"": 190, ""tracking"": 3810}",4000,1.1731730709579558,0.5641876331749116,1.2130140363786908,1.217892171545747,1.2237650474252362,2.2274072083511127,3.1457871307201244,40,3.098929856935761,-3.1434471717232713,-2.972662841732616,-2.9073324105707723,-2.8431259162616374,3.145589659506357,3.1457871307201244,3810,0.06731984746096706,0.06118562523353706,0.09058503616455342,0.10580564787778576,0.11191047128619576,0.10580564787778576,0.11632642415414397,40,0.05667973641021013,0.05880958905048106,0.06460296734799573,0.06708644082137144,0.09273159958378412,0.06708644082137144,0.09901035204901364,3810,7.955492130432635,-7.975568560906977,-7.947728756752275,-7.9356657990942345,-7.916435582935838,7.990697560100468,7.994506408811967,40,6.3157000682360565,-6.32821116260058,-3.3432810541898026,-2.9568801583724578,-2.7785555697105124,7.989929243602139,7.9901923803792485,3810,7.967164148228144,-7.987763430511767,-7.968953877775624,-7.961384428035725,-7.928063468530128,7.993084962095946,7.994506408812045,40,6.31586199981034,-6.328539818189137,-3.344657610687529,-2.9535216369487904,-2.771258418617358,7.990192380379229,7.990192380379339,4000,0.10972909859062972,0.08874597712042595,0.16794630134402924,0.19525759512694554,0.2385697267793563,0.19525759512694554,0.4121881749761774,40,0.23754021638785822,0.19401669424507917,0.3554294433783831,0.3994156618919218,0.4090901663806037,0.3994156618919218,0.4121881749761774,4000,0.6922664525510327,0.5663625218796748,1.0535054426033945,1.2220024073095848,1.508027258979674,1.2220024073095848,2.1828702037742422,40,0.6757432626526445,0.6053998813351877,0.9093760232131137,1.1070229755319745,1.2543475902675403,1.1070229755319745,1.2585287436431571,4000,0.0006552218025186593,4.750257803465274e-05,0.000778759061263079,0.0009599645387574406,0.0013568357532298266,0.001280940871656155,0.0048643060237929525,40,0.001607181549469215,-0.0015736876780241271,3.475871682394606e-05,5.207744400939074e-05,6.173807319495682e-05,0.0027060062174275134,0.0048643060237929525,3810,0.09377263646008366,0.10000000149011612,0.15000000223517418,0.15000000223517418,0.15000000223517418,0.15000000223517418,0.15000000223517418,40,0.09354143606322451,0.07500000111758709,0.15000000223517418,0.15000000223517418,0.15000000223517418,0.15000000223517418,0.15000000223517418,4000,0.163085141926722,0.15263300156220794,0.20004150210297666,0.21717269773944275,0.2550554099434518,0.21717269773944275,0.48590699589112774,40,0.17896467009581518,0.1574635025463067,0.18886690013459884,0.23805949567758938,0.39134221100539424,0.23805949567758938,0.47455300227738917
formal-v4/pursuit-seed0,17569,Town12,SequentialLaneChange_1,pursuit,0,1,True,0,finished,Completed,100,True,ok,False,False,False,False,330,33.6,33.6,60.0,0.6,,unused (Bench2Drive 0.0.4),16.5,17.292,13.307,2.56,1.189,12,0,0.1606060606060606,14703,available,2cca3a9660d989de0d09a7cb1d4e51610c814417,/data/runs/b2d/controller/formal-v4/pursuit-seed0,0,0,0,1,0,0,0,19,"{""invalid_controls"": 0, ""invalid_lines"": 0, ""lines"": 330, ""missing_fields"": {}, ""missing_frames"": 0, ""nonmonotonic_frames"": 0, ""nonmonotonic_time"": 0, ""sensor_frame_mismatch"": 0, ""state"": ""ok"", ""truth_frame_mismatch"": 0, ""valid_rows"": 330}","[106.77, 107.05, 95.39, 104.35, 98.7, 100.07, 94.78, 111.33, 110.17, 98.14, 89.37, 90.79, 92.92, 94.16, 99.45, 109.43, 108.83, 71.12, 71.12]",[],"{""tracking"": 330}",330,0.24968258373585314,-0.02377463513269546,0.15154327990460714,0.21115111143547544,0.24193254075763335,0.6711018341617415,1.14121938055886,257,0.18101405222262074,-0.025373042123483517,0.07478578000687064,0.17272083614053246,0.24494666566357493,0.40248189854543226,0.9259350130100864,330,0.050945400455661684,0.0003981552375445093,0.019673776093423585,0.05853075767125282,0.18463992901261295,0.09886059647995533,0.3571218940031391,257,0.049827382516671945,0.00039229419936796903,0.012854082499098522,0.05164691275097916,0.22727663562050185,0.09847133237121292,0.3571218940031391,330,2.2377157803585424,-0.12484045057192095,0.17702406863437245,0.3379436002097294,0.5017044625099286,6.7786593569879985,7.999958428000113,257,2.528162415736787,-0.1654382671083372,-0.0044436065801942695,0.014354833132724723,0.05985909001978941,7.5495904346299945,7.999958428000113,330,2.236658132352525,-0.12748616408687807,0.10687037418069738,0.23571271005504293,0.38066784071571375,6.778653031539502,7.999931522324339,257,2.528085330217143,-0.16654821147208754,-0.004739370516297292,0.010789265311983653,0.04351591384345367,7.549584114987396,7.999931522324339,330,0.16860111071633943,0.11295596339993541,0.29351694979660525,0.3419842058947286,0.46341672494909547,0.3419842058947286,0.5077720260520014,257,0.17105074253780866,0.11489732418410283,0.30066273101102226,0.3446489287720047,0.4836355455780162,0.3446489287720047,0.5077720260520014,330,0.7735580290919556,0.6667493847383521,1.1757935403172874,1.2840006046216408,1.652910062233222,1.2840006046216408,1.6782308656432186,257,0.764953154266038,0.6720657735389512,1.150124930910507,1.2747893640765986,1.5661487335153705,1.2747893640765986,1.6583230363634938,330,0.005324304199170924,-8.983476624457865e-05,0.0037962733784668965,0.012617921922165312,0.020673840523196412,0.012617921922165312,0.03564811933172862,257,0.003489860439943393,-2.5624277073532653e-05,0.0007242709992111076,0.0029444551908461734,0.012996920529692736,0.009872669501859653,0.014152380625616967,330,0.0932981549333165,0.05000000074505806,0.15000000223517418,0.15000000223517418,0.15000000223517418,0.15000000223517418,0.15000000223517418,257,0.09335927145789352,0.05000000074505806,0.15000000223517418,0.15000000223517418,0.15000000223517418,0.15000000223517418,0.15000000223517418,330,0.16480592746568248,0.1548450018162839,0.19499070112942718,0.21079340076539665,0.24268214117910245,0.21079340076539665,0.257230996794533,257,0.1651760910484613,0.15530500240856782,0.19505880190990865,0.21072059898870066,0.2442628805874847,0.21072059898870066,0.257230996794533
formal-v4/pursuit-seed0,2091,Town12,NonSignalizedJunctionLeftTurn_1,pursuit,0,1,True,0,finished,Failed - TickRuntime,79.01,False,ok,True,True,False,True,4000,91.9,91.9,22.75488,0.288,,unused (Bench2Drive 0.0.4),200.05,15.53,10.792,3.289,1.065,10,0,0.97375,9844,available,2cca3a9660d989de0d09a7cb1d4e51610c814417,/data/runs/b2d/controller/formal-v4/pursuit-seed0,0,0,0,2,0,0,0,14,"{""invalid_controls"": 0, ""invalid_lines"": 0, ""lines"": 4000, ""missing_fields"": {""trajectory_age_s"": 205, ""trajectory_time"": 4}, ""missing_frames"": 0, ""nonmonotonic_frames"": 0, ""nonmonotonic_time"": 0, ""sensor_frame_mismatch"": 0, ""state"": ""ok"", ""truth_frame_mismatch"": 0, ""valid_rows"": 4000}","[189.45, 209.22, 191.38, 189.15, 233.7, 244.33, 212.34, 26.63, 331.95, 993.17, 667.65, 710.92, 902.37, 556.63]","[{""duration_s"": 7.200000107288361, ""end_s"": 54.30000080913305, ""start_s"": 47.10000070184469}, {""duration_s"": 9.300000138580799, ""end_s"": 63.95000095292926, ""start_s"": 54.65000081434846}, {""duration_s"": 8.800000131130219, ""end_s"": 73.10000108927488, ""start_s"": 64.30000095814466}, {""duration_s"": 7.050000105053186, ""end_s"": 83.25000124052167, ""start_s"": 76.20000113546848}, {""duration_s"": 20.300000302493572, ""end_s"": 107.40000160038471, ""start_s"": 87.10000129789114}, {""duration_s"": 12.250000182539225, ""end_s"": 123.70000184327364, ""start_s"": 111.45000166073442}, {""duration_s"": 5.200000077486038, ""end_s"": 128.95000192150474, ""start_s"": 123.7500018440187}, {""duration_s"": 5.650000084191561, ""end_s"": 134.65000200644135, ""start_s"": 129.0000019222498}, {""duration_s"": 10.200000151991844, ""end_s"": 145.7000021710992, ""start_s"": 135.50000201910734}, {""duration_s"": 6.70000009983778, ""end_s"": 154.55000230297446, ""start_s"": 147.85000220313668}, {""duration_s"": 5.050000075250864, ""end_s"": 171.70000255852938, ""start_s"": 166.6500024832785}, {""duration_s"": 9.150000136345625, ""end_s"": 181.40000270307064, ""start_s"": 172.25000256672502}]","{""invalid_motion"": 201, ""motion_gap"": 1, ""no_trajectory"": 3, ""tracking"": 3795}",4000,1.2948604699724644,-1.380726633786833,-0.47770137846988037,0.7050261668382639,0.7915585205773398,1.648200918572377,1.660145015209703,113,0.047286637400353375,0.0030284006623721676,0.07741307783169615,0.0881512498449122,0.09273003061922074,0.0881512498449122,0.09287470225627305,3795,0.052095325650624975,-0.022482886197228526,0.022538975542756978,0.041200503065617324,0.05694934180922867,0.11899091719577029,0.1277494011798213,113,0.017083292856482468,0.0010674283597729745,0.019555218896267056,0.028860190871308877,0.08021156422322073,0.028860190871308877,0.08426262670113527,3795,7.781763526644804,-7.973182652957969,-7.868869908722473,-6.522142806453114,-0.3832663998655735,7.998842720023545,7.999823065778029,113,3.862705684416465,-0.6467979888082045,-0.26406678647405696,-0.2524780498348692,-0.24634505065400883,7.999367495644371,7.9996461155204805,3795,7.782839842941154,-7.974584054532116,-7.870426747409398,-6.522142806453114,-0.38326889884984017,7.999225559645833,7.999743129051044,113,3.8626738846176547,-0.6467985199028989,-0.26389874278476333,-0.25147054194562574,-0.24616787030852666,7.9991473521761645,7.999437255787549,4000,0.1306639084217165,0.10453818674723636,0.1996816464007453,0.22631011251685612,0.2959918976980995,0.22631011251685612,0.5400182960579784,113,0.19943673867521283,0.14524634489020805,0.3292085928477677,0.3776418082317566,0.5053399427546915,0.3776418082317566,0.507735138321736,4000,0.7818443320644115,0.6520496104484388,1.1855921870415524,1.350054918644111,1.6583010115229337,1.350054918644111,2.346408668946854,113,0.7747980271569469,0.7238003117967553,1.09892707872791,1.2345985852803776,1.4803328828707691,1.2345985852803776,1.6583925632560153,4000,0.0013839785300824039,-1.5109064364526859e-05,0.0010657277381373564,0.0013887024489146237,0.0022307849946394775,0.002400132636313307,0.022067137110644897,113,0.0013252281131745833,1.1301915865402634e-05,0.0005195102614758084,0.0006711200131725546,0.0008850354422903804,0.003610947885451486,0.0049809299947431995,3795,0.09316213498178626,0.10000000149011612,0.15000000223517418,0.15000000223517418,0.15000000223517418,0.15000000223517418,0.15000000223517418,113,0.09312661612097821,0.05000000074505806,0.15000000223517418,0.15000000223517418,0.15000000223517418,0.15000000223517418,0.15000000223517418,4000,0.16365677555538197,0.14939000175218098,0.20301200420362875,0.22192714786797293,0.2614258189714744,0.22192714786797293,1.925288001075387,113,0.16166973536943965,0.1517850032541901,0.1884745986899361,0.23273879778571419,0.27401048486353824,0.23273879778571419,0.2892699994845316
formal-v4/pursuit-seed0,25378,Town03,YieldToEmergencyVehicle_1,pursuit,0,1,True,0,finished,Completed,100,True,ok,False,False,False,False,286,12.3,12.3,70.0,0.7,,unused (Bench2Drive 0.0.4),14.3,12.343,9.476,1.597,1.173,8,0,0.16783216783216784,,available,2cca3a9660d989de0d09a7cb1d4e51610c814417,/data/runs/b2d/controller/formal-v4/pursuit-seed0,0,0,0,0,0,0,0,19,"{""invalid_controls"": 0, ""invalid_lines"": 0, ""lines"": 286, ""missing_fields"": {}, ""missing_frames"": 0, ""nonmonotonic_frames"": 0, ""nonmonotonic_time"": 0, ""sensor_frame_mismatch"": 0, ""state"": ""ok"", ""truth_frame_mismatch"": 0, ""valid_rows"": 286}","[93.14, 103.8, 88.01, 116.06, 94.92, 86.27, 77.34, 73.82, 79.51, 77.61, 79.28, 107.28, 103.19, 110.64, 98.63, 94.3, 94.94, 75.96, 75.96]",[],"{""tracking"": 286}",286,0.08811243891774335,-0.051693758691646136,0.005084457004577218,0.03082693248735525,0.03510593558179972,0.18612412690545888,0.2128774126218312,286,0.08811243891774335,-0.051693758691646136,0.005084457004577218,0.03082693248735525,0.03510593558179972,0.18612412690545888,0.2128774126218312,286,0.0026148915276164326,7.536944721772505e-05,0.003306749807498068,0.005278960751639285,0.009763244793166063,0.005959617453373347,0.00980405889762394,286,0.0026148915276164326,7.536944721772505e-05,0.003306749807498068,0.005278960751639285,0.009763244793166063,0.005959617453373347,0.00980405889762394,286,2.4131310049651824,-0.08803670515976814,0.17585648281356825,0.3492464157801538,0.47405899881843255,7.187399948410114,7.999986810354618,286,2.4131310049651824,-0.08803670515976814,0.17585648281356825,0.3492464157801538,0.47405899881843255,7.187399948410114,7.999986810354618,286,2.4119726239780706,-0.09334087244873812,0.01201326369227873,0.16910324528341358,0.377480081071809,7.187393730074743,7.999978090232,286,2.4119726239780706,-0.09334087244873812,0.01201326369227873,0.16910324528341358,0.377480081071809,7.187393730074743,7.999978090232,286,0.1600409734268337,0.11345103712069227,0.24342606970248676,0.3215017633566308,0.47250287954906994,0.3215017633566308,0.5075638292577767,286,0.1600409734268337,0.11345103712069227,0.24342606970248676,0.3215017633566308,0.47250287954906994,0.3215017633566308,0.5075638292577767,286,0.7665803560581462,0.6703137766829126,1.1662503911527038,1.2725803175606178,1.5804387256172276,1.2725803175606178,1.6656301084255603,286,0.7665803560581462,0.6703137766829126,1.1662503911527038,1.2725803175606178,1.5804387256172276,1.2725803175606178,1.6656301084255603,286,0.0004329055038224278,-2.507568176346453e-05,0.00043386085605523483,0.0005472166704574288,0.0009372663113229814,0.0009376446163001928,0.0015519699258237374,286,0.0004329055038224278,-2.507568176346453e-05,0.00043386085605523483,0.0005472166704574288,0.0009372663113229814,0.0009376446163001928,0.0015519699258237374,286,0.09326067073938357,0.05000000074505806,0.15000000223517418,0.15000000223517418,0.15000000223517418,0.15000000223517418,0.15000000223517418,286,0.09326067073938357,0.05000000074505806,0.15000000223517418,0.15000000223517418,0.15000000223517418,0.15000000223517418,0.15000000223517418,286,0.16010384698358632,0.14676700084237382,0.20375600070110522,0.22271674788498785,0.2666285014129243,0.22271674788498785,0.3694810002343729,286,0.16010384698358632,0.14676700084237382,0.20375600070110522,0.22271674788498785,0.2666285014129243,0.22271674788498785,0.3694810002343729
formal-v4/pursuit-seed0,25381,Town05,HazardAtSideLane_1,pursuit,0,1,True,0,finished,Completed,100,True,ok,False,False,False,False,390,14.4,14.4,100.0,1.0,,unused (Bench2Drive 0.0.4),19.5,16.248,13.0,1.898,1.227,7,0,0.1564102564102564,,available,2cca3a9660d989de0d09a7cb1d4e51610c814417,/data/runs/b2d/controller/formal-v4/pursuit-seed0,0,0,0,0,0,0,0,20,"{""invalid_controls"": 0, ""invalid_lines"": 0, ""lines"": 390, ""missing_fields"": {""trajectory_age_s"": 4, ""trajectory_time"": 4}, ""missing_frames"": 0, ""nonmonotonic_frames"": 0, ""nonmonotonic_time"": 0, ""sensor_frame_mismatch"": 0, ""state"": ""ok"", ""truth_frame_mismatch"": 0, ""valid_rows"": 390}","[66.49, 119.6, 102.5, 111.83, 108.61, 101.81, 107.09, 104.35, 106.44, 101.77, 111.21, 116.11, 107.94, 108.77, 104.48, 99.22, 108.2, 108.78, 80.28, 80.28]",[],"{""invalid_motion"": 2, ""tracking"": 386, ""trajectory_outside_history"": 2}",390,0.07908262192160696,-0.0413910967118279,0.021405192946724192,0.033244798738873,0.03935765228623928,0.16665379070139033,0.21352360627019043,390,0.07908262192160696,-0.0413910967118279,0.021405192946724192,0.033244798738873,0.03935765228623928,0.16665379070139033,0.21352360627019043,386,0.002836461987687422,3.836874792347468e-05,0.0035926266842921115,0.005507553544513783,0.007299056054171942,0.005897091064965767,0.013421950608440562,386,0.002836461987687422,3.836874792347468e-05,0.0035926266842921115,0.005507553544513783,0.007299056054171942,0.005897091064965767,0.013421950608440562,386,2.2288730317003105,-0.020542225192175412,0.07087741489495913,0.33217310762044683,0.4555332548327372,6.712512285323216,7.999988253491679,386,2.2288730317003105,-0.020542225192175412,0.07087741489495913,0.33217310762044683,0.4555332548327372,6.712512285323216,7.999988253491679,386,2.227976812752951,-0.024585358732073015,0.06614534141240602,0.12905469961820915,0.367531144441324,6.71251118679803,7.99997986069189,386,2.227976812752951,-0.024585358732073015,0.06614534141240602,0.12905469961820915,0.367531144441324,6.71251118679803,7.99997986069189,390,0.1435396592216805,0.09994122133238591,0.20220067543660522,0.2619266092375937,0.45867328647321615,0.2619266092375937,0.5101585738902824,390,0.1435396592216805,0.09994122133238591,0.20220067543660522,0.2619266092375937,0.45867328647321615,0.2619266092375937,0.5101585738902824,390,0.7711991966536287,0.6571043590589591,1.1588452339901634,1.290534089836708,1.6590461373613266,1.290534089836708,1.8772332682858155,390,0.7711991966536287,0.6571043590589591,1.1588452339901634,1.290534089836708,1.6590461373613266,1.290534089836708,1.8772332682858155,390,0.0004754580738893058,-2.829039772223041e-05,0.00047695122370488007,0.0005763879908092569,0.0008539738434035796,0.0010149850264297821,0.0013497262192134762,390,0.0004754580738893058,-2.829039772223041e-05,0.00047695122370488007,0.0005763879908092569,0.0008539738434035796,0.0010149850264297821,0.0013497262192134762,386,0.09333348893074374,0.05000000074505806,0.15000000223517418,0.15000000223517418,0.15000000223517418,0.15000000223517418,0.15000000223517418,386,0.09333348893074374,0.05000000074505806,0.15000000223517418,0.15000000223517418,0.15000000223517418,0.15000000223517418,0.15000000223517418,390,0.1570217669319966,0.14548650142387487,0.1969723976799287,0.22131750047265086,0.24423016635410025,0.22131750047265086,0.29406300018308684,390,0.1570217669319966,0.14548650142387487,0.1969723976799287,0.22131750047265086,0.24423016635410025,0.22131750047265086,0.29406300018308684
formal-v4/pursuit-seed0,25424,Town11,ConstructionObstacleTwoWays_1,pursuit,0,1,True,0,finished,Failed - TickRuntime,47.26,False,ok,True,True,False,True,4000,52.7,52.7,30.719,0.65,,unused (Bench2Drive 0.0.4),200.05,9.205,3.423,4.666,0.987,9,0,0.972,5537,available,2cca3a9660d989de0d09a7cb1d4e51610c814417,/data/runs/b2d/controller/formal-v4/pursuit-seed0,0,0,1,0,0,0,0,8,"{""invalid_controls"": 0, ""invalid_lines"": 0, ""lines"": 4000, ""missing_fields"": {""trajectory_age_s"": 684}, ""missing_frames"": 0, ""nonmonotonic_frames"": 0, ""nonmonotonic_time"": 0, ""sensor_frame_mismatch"": 0, ""state"": ""ok"", ""truth_frame_mismatch"": 0, ""valid_rows"": 4000}","[51.66, 67.99, 43.83, 50.12, 45.97, 58.9, 45.85, 77.99]",[],"{""invalid_motion"": 684, ""tracking"": 3316}",4000,0.04202837188577477,0.044161524321927756,0.05593760652939338,0.05724043294576681,0.06107191543629117,0.05724043294576681,0.10171511112561238,159,0.046871213947630684,0.026702440834606038,0.08601176593329916,0.09691910969414363,0.10120199993700447,0.09691910969414363,0.10171511112561238,3316,0.006174369769119492,0.004002452530692939,0.010007230472005418,0.011634317761415432,0.014095706591636217,0.011634317761415432,0.022140494590037824,159,0.0032984298675149235,0.00042720972705193635,0.006486677545007301,0.008646107670756157,0.00980350791377171,0.008646107670756157,0.009814856713230227,3316,7.816744487923037,-7.9997982146775755,-7.969658627214693,-7.18551915735551,-0.12317403009070077,7.999997818519974,7.999999971540965,159,3.250850785474628,-0.40980123022035464,-0.08153759773149001,-0.0656108677644112,-0.0499489140467435,7.999832403258268,7.999889232074045,3316,7.816740625632598,-7.999792448355269,-7.969657315857312,-7.185496074526305,-0.12317371155303111,7.999998500624265,7.999999973209652,159,3.2508415168676374,-0.409797233111167,-0.08153267752289461,-0.06561025277293774,-0.049948641782025266,7.999787783531641,7.999832296345075,4000,0.10842357031190798,0.08568745719886252,0.166316213628697,0.1923824960528607,0.23731696016558745,0.1923824960528607,0.41003588796463636,159,0.14758464060496232,0.11010943682705748,0.2361896846754322,0.27080438374398946,0.3989464620418602,0.27080438374398946,0.41003588796463636,4000,0.6910917258061025,0.5647296075087715,1.05295458193161,1.2216303212983408,1.5078604531700774,1.2216303212983408,2.1819873750167327,159,0.678786597679567,0.5876513933369549,0.9894558499830989,1.0620428000912672,1.2747347563509424,1.0620428000912672,1.5451754172844514,4000,0.0006428126492266697,0.00021968351602863478,0.0009514911868164776,0.0011758526303794702,0.0016796621276522566,0.001215684443960163,0.006004874185861375,159,0.0002576518915680147,-1.2106535991041056e-05,0.0003587899846671408,0.00043638520846625,0.0005946142107993417,0.0005251194019107341,0.0006596386074888549,3316,0.09385925619266215,0.10000000149011612,0.15000000223517418,0.15000000223517418,0.15000000223517418,0.15000000223517418,0.15000000223517418,159,0.09307804397800641,0.05000000074505806,0.15000000223517418,0.15000000223517418,0.15000000223517418,0.15000000223517418,0.15000000223517418,4000,0.13434497186132052,0.13079600103083067,0.17537719832034782,0.18882789881899947,0.2348981278919382,0.18882789881899947,0.3276509960414842,159,0.15052820868396088,0.14110000483924523,0.17601699801161888,0.18421109925839116,0.22267455700784916,0.18421109925839116,0.3276509960414842
formal-v4/pursuit-seed0,26405,Town15,StaticCutIn_1,pursuit,0,1,True,0,finished,Completed,100,True,ok,False,False,False,False,383,16.3,16.3,100.0,1.0,,unused (Bench2Drive 0.0.4),19.15,8.816,6.276,1.238,1.184,6,0,0.1279373368146214,,available,2cca3a9660d989de0d09a7cb1d4e51610c814417,/data/runs/b2d/controller/formal-v4/pursuit-seed0,0,0,0,0,0,0,0,18,"{""invalid_controls"": 0, ""invalid_lines"": 0, ""lines"": 383, ""missing_fields"": {}, ""missing_frames"": 0, ""nonmonotonic_frames"": 0, ""nonmonotonic_time"": 0, ""sensor_frame_mismatch"": 0, ""state"": ""ok"", ""truth_frame_mismatch"": 0, ""valid_rows"": 383}","[78.06, 107.73, 166.97, 162.61, 198.59, 164.51, 161.68, 154.86, 156.78, 138.1, 113.27, 126.35, 118.67, 111.85, 145.96, 118.37, 87.76, 87.76]",[],"{""tracking"": 383}",383,0.05622278776307862,0.0022002606770334943,0.08573483527427099,0.09742017085253815,0.13354636748378065,0.10542197077826108,0.13663684795350856,383,0.05622278776307862,0.0022002606770334943,0.08573483527427099,0.09742017085253815,0.13354636748378065,0.10542197077826108,0.13663684795350856,383,0.004875891430148711,0.0014169670829397493,0.00730446217727141,0.009424842199565981,0.011334970911975637,0.010628144466865948,0.016678100600591664,383,0.004875891430148711,0.0014169670829397493,0.00730446217727141,0.009424842199565981,0.011334970911975637,0.010628144466865948,0.016678100600591664,383,2.107727922018118,-0.02803612474022721,0.03694347418815451,0.32944092216897836,0.4528852536536861,6.416300674801282,7.999917864137693,383,2.107727922018118,-0.02803612474022721,0.03694347418815451,0.32944092216897836,0.4528852536536861,6.416300674801282,7.999917864137693,383,2.1066053448431856,-0.029299058220943586,0.00740647743702052,0.15259373706617643,0.34047810497844905,6.416237752757826,7.999855433703733,383,2.1066053448431856,-0.029299058220943586,0.00740647743702052,0.15259373706617643,0.34047810497844905,6.416237752757826,7.999855433703733,383,0.12009409719084485,0.0868378988971067,0.18060642777537816,0.2322528336189237,0.3542307046824197,0.2322528336189237,0.41025367109706345,383,0.12009409719084485,0.0868378988971067,0.18060642777537816,0.2322528336189237,0.3542307046824197,0.2322528336189237,0.41025367109706345,383,0.6911895802953153,0.5639932629364349,1.0256254002815903,1.190149816327469,1.561032887351365,1.190149816327469,1.7113592805401272,383,0.6911895802953153,0.5639932629364349,1.0256254002815903,1.190149816327469,1.561032887351365,1.190149816327469,1.7113592805401272,383,0.00047368727724665357,-1.2382370705665835e-05,0.0006994685458408867,0.0008426727422673694,0.0010920118815363467,0.0008930336732395627,0.0015334254257810542,383,0.00047368727724665357,-1.2382370705665835e-05,0.0006994685458408867,0.0008426727422673694,0.0010920118815363467,0.0008930336732395627,0.0015334254257810542,383,0.09334934106039841,0.05000000074505806,0.15000000223517418,0.15000000223517418,0.15000000223517418,0.15000000223517418,0.15000000223517418,383,0.09334934106039841,0.05000000074505806,0.15000000223517418,0.15000000223517418,0.15000000223517418,0.15000000223517418,0.15000000223517418,383,0.15422180221653342,0.14184800238581374,0.18697080231504515,0.2113863010890781,0.25666647939942777,0.2113863010890781,0.28665300487773493,383,0.15422180221653342,0.14184800238581374,0.18697080231504515,0.2113863010890781,0.25666647939942777,0.2113863010890781,0.28665300487773493
formal-v4/pursuit-seed0,27494,Town04,BlockedIntersection_1,pursuit,0,1,True,0,finished,Completed,100,True,ok,False,False,False,False,474,14.7,14.7,60.0,0.6,,unused (Bench2Drive 0.0.4),23.7,11.165,8.437,1.493,1.143,11,0,0.5654008438818565,13975,available,2cca3a9660d989de0d09a7cb1d4e51610c814417,/data/runs/b2d/controller/formal-v4/pursuit-seed0,0,0,0,1,0,0,0,17,"{""invalid_controls"": 0, ""invalid_lines"": 0, ""lines"": 474, ""missing_fields"": {""trajectory_age_s"": 17}, ""missing_frames"": 0, ""nonmonotonic_frames"": 0, ""nonmonotonic_time"": 0, ""sensor_frame_mismatch"": 0, ""state"": ""ok"", ""truth_frame_mismatch"": 0, ""valid_rows"": 474}","[118.26, 221.93, 236.91, 167.97, 141.94, 158.62, 146.97, 168.98, 149.39, 11.73, 93.03, 129.29, 123.83, 123.67, 111.47, 88.04, 88.04]",[],"{""invalid_motion"": 17, ""tracking"": 457}",474,0.4496389663158912,-0.3590808420527249,0.1488351475121873,0.20476777517918063,0.21423439947406828,0.6438478672988792,0.6634577248075573,167,0.2699098786323864,0.04721067536706498,0.2101776885941064,0.2137389105896256,0.2167078878161308,0.6409650621419699,0.6634577248075573,457,0.022398807713689645,0.004019270424165152,0.022952433840687604,0.03274124668151689,0.09971983218290956,0.03274124668151689,0.12043748032539983,167,0.03153152230095794,-0.0017528814170547867,0.05916797844110083,0.08527350455613954,0.11242348053480497,0.08527350455613954,0.12043748032539983,457,5.360567237646572,-3.069522240219266,-0.059131981507535944,0.10931279481992583,0.21503209121303388,7.999713480259937,7.999914389080438,167,3.185558603499699,-0.36609827271245354,-0.06968551968697749,-0.04262215214173766,0.0015986273832019567,7.99975064095983,7.999911400284961,457,5.36063372089901,-3.0696017540365474,-0.08534282026165829,-0.009376633754012797,0.13778730035951833,7.999562258254482,7.999911400284962,167,3.1855744808288065,-0.36609827271245443,-0.06915362350849355,-0.039679372273302024,0.0031771979797628512,7.9997549726051815,7.999911400284962,474,0.14350793260133,0.10241439813983866,0.2076184134347208,0.2944547224972559,0.4108561303747152,0.2944547224972559,0.5075511006534408,167,0.20043677728723724,0.15890534422864105,0.3075893522533876,0.34770113448233947,0.5044331422363111,0.34770113448233947,0.5075511006534408,474,0.7811348722321952,0.6612438254570279,1.1768647391215588,1.3007382938319356,1.6582850764130248,1.3007382938319356,1.877224979971927,167,0.7733698210567073,0.7024908798813363,1.11944693068242,1.2725809308475227,1.5181671894977236,1.2725809308475227,1.6583230618800182,474,0.0015310147681990042,0.0001392677110612084,0.0012632236626429537,0.0019536413741237705,0.005047931567902211,0.0041851644729741224,0.006451140976506675,167,0.0021371664064135554,5.609405062134698e-05,0.0012695400266661495,0.001812675044661199,0.004605335809456758,0.005431963795767824,0.006451140976506675,457,0.09431313504668148,0.10000000149011612,0.15000000223517418,0.15000000223517418,0.15000000223517418,0.15000000223517418,0.15000000223517418,167,0.09310029499939958,0.05000000074505806,0.15000000223517418,0.15000000223517418,0.15000000223517418,0.15000000223517418,0.15000000223517418,474,0.14793015830462414,0.134216999867931,0.18637110042618588,0.20288340128899995,0.2598712082544806,0.20288340128899995,0.33165799686685205,167,0.15091288332337904,0.13984799443278462,0.19121179793728516,0.22019310054020005,0.2603208180516958,0.22019310054020005,0.3017919952981174
formal-v4/pursuit-seed0,28198,Town15,SignalizedJunctionLeftTurnEnterFlow_1,pursuit,0,1,True,0,finished,Completed,100,True,ok,False,False,False,False,255,14.7,14.7,70.0,0.7,,unused (Bench2Drive 0.0.4),12.75,8.879,6.552,1.063,1.163,13,0,0.16862745098039217,,available,2cca3a9660d989de0d09a7cb1d4e51610c814417,/data/runs/b2d/controller/formal-v4/pursuit-seed0,0,0,0,0,0,0,0,19,"{""invalid_controls"": 0, ""invalid_lines"": 0, ""lines"": 255, ""missing_fields"": {}, ""missing_frames"": 0, ""nonmonotonic_frames"": 0, ""nonmonotonic_time"": 0, ""sensor_frame_mismatch"": 0, ""state"": ""ok"", ""truth_frame_mismatch"": 0, ""valid_rows"": 255}","[154.26, 171.6, 159.91, 139.93, 164.47, 200.64, 153.66, 121.92, 136.41, 163.39, 195.71, 168.28, 100.0, 83595.93, 172.3, 137.28, 74.55, 55.22, 55.22]",[],"{""tracking"": 255}",255,0.20601293872407614,-0.01491560745142956,0.046903415902903804,0.06595241709729352,0.066860489162292,0.4749364460825703,0.5238625140729546,255,0.20601293872407614,-0.01491560745142956,0.046903415902903804,0.06595241709729352,0.066860489162292,0.4749364460825703,0.5238625140729546,255,0.02281120895061387,0.0015639301568654642,0.04415651872408336,0.06544652116341955,0.0787070110265828,0.06544652116341955,0.09095718815401495,255,0.02281120895061387,0.0015639301568654642,0.04415651872408336,0.06544652116341955,0.0787070110265828,0.06544652116341955,0.09095718815401495,255,2.2910262360482405,-0.12839359166778408,0.21844651272100302,0.32027665015225804,0.4119975251485459,6.926504685822176,7.558244134350988,255,2.2910262360482405,-0.12839359166778408,0.21844651272100302,0.32027665015225804,0.4119975251485459,6.926504685822176,7.558244134350988,255,2.289827497601793,-0.1522235193121384,0.022080168017025933,0.21245701555238797,0.3293199719022896,6.926500488734268,7.558244134350988,255,2.289827497601793,-0.1522235193121384,0.022080168017025933,0.21245701555238797,0.3293199719022896,6.926500488734268,7.558244134350988,255,0.14937386181282808,0.10892674692481134,0.24055858924563292,0.26252714153291834,0.3789632772445385,0.26252714153291834,0.4102267015023734,255,0.14937386181282808,0.10892674692481134,0.24055858924563292,0.26252714153291834,0.3789632772445385,0.26252714153291834,0.4102267015023734,255,0.6794589358676952,0.5549335824408093,1.002807260392576,1.1807722668058256,1.4392585457552647,1.1807722668058256,1.5445450865676538,255,0.6794589358676952,0.5549335824408093,1.002807260392576,1.1807722668058256,1.4392585457552647,1.1807722668058256,1.5445450865676538,255,0.0013913969475311363,-1.3135483201143217e-05,0.0014910734663115645,0.0032967032891481713,0.003603437814890392,0.003446932708187766,0.0036724153700986584,255,0.0013913969475311363,-1.3135483201143217e-05,0.0014910734663115645,0.0032967032891481713,0.003603437814890392,0.003446932708187766,0.0036724153700986584,255,0.09325276773659798,0.05000000074505806,0.15000000223517418,0.15000000223517418,0.15000000223517418,0.15000000223517418,0.15000000223517418,255,0.09325276773659798,0.05000000074505806,0.15000000223517418,0.15000000223517418,0.15000000223517418,0.15000000223517418,0.15000000223517418,255,0.1502009244302522,0.1396610023221001,0.1822632024413906,0.19793199680862017,0.24563420083723037,0.19793199680862017,0.3447920025791973,255,0.1502009244302522,0.1396610023221001,0.1822632024413906,0.19793199680862017,0.24563420083723037,0.19793199680862017,0.3447920025791973
formal-v4/pursuit-seed0,3255,Town13,ParkingCrossingPedestrian_1,pursuit,0,1,True,0,finished,Completed,100,True,ok,False,False,False,False,693,53.4,53.4,18.0,0.18,,unused (Bench2Drive 0.0.4),34.65,14.928,10.448,2.966,1.102,5,0,0.6233766233766234,3148,available,2cca3a9660d989de0d09a7cb1d4e51610c814417,/data/runs/b2d/controller/formal-v4/pursuit-seed0,0,0,0,2,1,0,0,21,"{""invalid_controls"": 0, ""invalid_lines"": 0, ""lines"": 693, ""missing_fields"": {""trajectory_age_s"": 33}, ""missing_frames"": 0, ""nonmonotonic_frames"": 0, ""nonmonotonic_time"": 0, ""sensor_frame_mismatch"": 0, ""state"": ""ok"", ""truth_frame_mismatch"": 0, ""valid_rows"": 693}","[75.42, 131.14, 191.83, 158.53, 150.8, 135.4, 137.88, 112.16, 105.78, 102.55, 105.95, 132.0, 157.6, 153.33, 140.22, 172.75, 75.14, 27.08, 119.83, 106.52, 106.52]",[],"{""invalid_motion"": 33, ""tracking"": 660}",693,0.10180624815991379,-0.10924571403993971,-0.00212443598637662,0.0031158038787569412,0.03438954552037383,0.1315195921003936,0.21227946491181957,172,0.07150911288852585,-0.028607283050236333,0.028106004411836315,0.034090816709683607,0.03513952168093475,0.1263905388383639,0.13292150124113808,660,0.005321830872640487,0.0026237917492296114,0.009454864813823379,0.010672795372041723,0.013418756704204423,0.010672795372041723,0.014284036620935279,172,0.0027902032361117515,8.434263051226477e-05,0.0031323307736500637,0.0059626510698666466,0.009794904551058333,0.005981285703742009,0.009830164069693993,660,5.618174891533438,-5.398021136568691,-0.008868083846391525,0.005629346382162567,0.03639672551729143,7.999932518226666,7.999999215781123,172,3.164457048604172,-0.36292890949090006,-0.06190162810741098,-0.050075233303893435,-0.03587430025928891,7.999858698075451,7.999986787449341,660,5.6565286056407,-5.39898179462488,-0.009055994886508054,0.005576595732057841,0.031275750763408224,7.9999786808618,7.999999215781123,172,3.1644516109122867,-0.362929035424143,-0.061902103203785315,-0.05007442688965614,-0.035870707397157454,7.999791782850622,7.999978668620004,693,0.1165219459993768,0.09067661572091346,0.16764484028224555,0.20469391860768313,0.27784145232260243,0.20469391860768313,0.4116930571842154,172,0.15146100012473376,0.11626241383411043,0.2404904152845003,0.26980333029137366,0.40016124238297374,0.26980333029137366,0.4116930571842154,693,0.68866872566588,0.5707973881619113,1.0408375942355699,1.1920426419804215,1.4974912573062877,1.1920426419804215,1.7141122671825217,172,0.6908956802002608,0.5882033656479627,1.0095700148868487,1.1327595056748718,1.3358718347793794,1.1327595056748718,1.5446143407664477,693,0.0005732387822757974,-5.998270955487328e-06,0.0005501464303649507,0.0008589569995623759,0.001746514714799049,0.0010883348129802073,0.0026501861105163727,172,0.0003217492133135745,3.1999225288625865e-05,0.0004140031181397054,0.0004715086667702151,0.0005582459864668762,0.0005650475668657947,0.0010899651463645021,660,0.09276885718031279,0.05000000074505806,0.15000000223517418,0.15000000223517418,0.15000000223517418,0.15000000223517418,0.15000000223517418,172,0.09354143606322456,0.07500000111758709,0.15000000223517418,0.15000000223517418,0.15000000223517418,0.15000000223517418,0.15000000223517418,693,0.20252177613673192,0.15358300152001902,0.20017799979541454,0.21979479643050576,0.264341117872391,0.21979479643050576,3.1403210014104843,172,0.1639340448396491,0.1533685026515741,0.18878800474340096,0.21005254893680098,0.2665918572893131,0.21005254893680098,0.4314250036259182
formal-v4/pursuit-seed0,3514,Town13,ParkingExit_1,pursuit,0,1,True,0,finished,Completed,100,True,ok,False,False,False,False,718,53.9,53.9,60.0,0.6,,unused (Bench2Drive 0.0.4),35.9,20.77,15.041,4.253,1.222,4,0,0.5598885793871866,2231,available,2cca3a9660d989de0d09a7cb1d4e51610c814417,/data/runs/b2d/controller/formal-v4/pursuit-seed0,0,0,0,1,0,0,0,20,"{""invalid_controls"": 0, ""invalid_lines"": 0, ""lines"": 718, ""missing_fields"": {""trajectory_age_s"": 6}, ""missing_frames"": 0, ""nonmonotonic_frames"": 0, ""nonmonotonic_time"": 0, ""sensor_frame_mismatch"": 0, ""state"": ""ok"", ""truth_frame_mismatch"": 0, ""valid_rows"": 718}","[9.37, 130.05, 137.72, 110.64, 174.4, 131.19, 130.59, 132.0, 105.19, 116.6, 103.15, 101.28, 120.66, 117.58, 111.7, 118.38, 100.25, 97.32, 90.23, 90.23]","[{""duration_s"": 8.50000012665987, ""end_s"": 13.750000204890966, ""start_s"": 5.250000078231096}]","{""invalid_motion"": 6, ""tracking"": 712}",718,1.4585730486190385,-1.2753262928191678,0.015102894983668066,0.03900950538286639,0.19520050288063961,2.8599067724754184,3.1457325154425666,39,3.0860559175396953,-3.1412270115852925,-2.9257617781725767,-2.84898566453143,-2.7759082134272965,3.1455963833304774,3.1457325154425666,712,0.047083551421488005,0.050188138605053556,0.07204324853032955,0.07588424131673334,0.08041101187084915,0.07588424131673334,0.10272915204462602,39,0.05262138602993834,0.05647758380285166,0.06459550655475352,0.06466561119914636,0.07592006464175052,0.06466561119914636,0.08262677567632731,712,5.636079050068321,-5.63942609920282,0.0030489176487856493,0.007740625958121012,0.4492055639135103,7.988241045733606,7.995794472634139,39,6.400730997198378,-6.463484059898365,-3.530610305374398,-3.1327300164594476,-2.8765996198626715,7.98993589112475,7.990192287045716,712,5.634688916594637,-5.637535021221982,0.0011532762625839671,0.00683563273334123,0.330167544132988,7.98622051583572,7.993552912835648,39,6.400958263005852,-6.46409833403544,-3.5312430523585547,-3.132507733682302,-2.8729986388729016,7.99019228704567,7.990192287045721,718,0.11181519730967811,0.08641682047583188,0.16613036873964368,0.1874371766266139,0.27556286596779667,0.1874371766266139,0.4121881749761774,39,0.2401639717974906,0.19666567795927314,0.35651380558235224,0.39966996415047196,0.4091696024984389,0.39966996415047196,0.4121881749761774,718,0.6888222863464484,0.5687297023290372,1.0420887170554998,1.191675370263959,1.4898650114671175,1.191675370263959,1.7137670023784437,39,0.6789030666887549,0.6113667823677899,0.9117610898223358,1.1145791116462205,1.2544458923045996,1.1145791116462205,1.2585314647576513,718,0.0028425170098553072,0.00021575742867985248,0.0019816198056240354,0.002554468179022295,0.011255828366152736,0.0025852571173142097,0.03457354641501498,39,0.0012912490006125063,-0.0006603221531160663,4.6074523322925406e-05,5.3902837588726296e-05,0.00016428075331382312,0.0019911108963929914,0.004683173751892866,712,0.09344754721485157,0.05000000074505806,0.15000000223517418,0.15000000223517418,0.15000000223517418,0.15000000223517418,0.15000000223517418,39,0.09163752587067696,0.05000000074505806,0.15000000223517418,0.15000000223517418,0.15000000223517418,0.15000000223517418,0.15000000223517418,718,0.16955395551499927,0.15799199900357053,0.20543129940051588,0.22382915049092844,0.2588941303110915,0.22382915049092844,0.43621000077109784,39,0.17924567286638965,0.1634540021768771,0.19201219693059104,0.24339630035683518,0.37349593956605487,0.24339630035683518,0.43621000077109784
formal-v4/pursuit-seed1,17569,Town12,SequentialLaneChange_1,pursuit,1,1,True,0,finished,Completed,100,True,ok,False,False,False,False,330,33.4,33.4,60.0,0.6,,unused (Bench2Drive 0.0.4),16.5,17.282,13.363,2.541,1.148,11,0,0.1606060606060606,14426,available,2cca3a9660d989de0d09a7cb1d4e51610c814417,/data/runs/b2d/controller/formal-v4/pursuit-seed1,0,0,0,1,0,0,0,19,"{""invalid_controls"": 0, ""invalid_lines"": 0, ""lines"": 330, ""missing_fields"": {}, ""missing_frames"": 0, ""nonmonotonic_frames"": 0, ""nonmonotonic_time"": 0, ""sensor_frame_mismatch"": 0, ""state"": ""ok"", ""truth_frame_mismatch"": 0, ""valid_rows"": 330}","[106.77, 107.05, 95.39, 104.35, 98.7, 100.07, 94.78, 111.33, 110.17, 98.14, 89.37, 90.79, 92.92, 94.16, 99.45, 109.43, 108.83, 71.12, 71.12]",[],"{""tracking"": 330}",330,0.24968258373585314,-0.02377463513269546,0.15154327990460714,0.21115111143547544,0.24193254075763335,0.6711018341617415,1.14121938055886,257,0.18101405222262074,-0.025373042123483517,0.07478578000687064,0.17272083614053246,0.24494666566357493,0.40248189854543226,0.9259350130100864,330,0.050945400455661684,0.0003981552375445093,0.019673776093423585,0.05853075767125282,0.18463992901261295,0.09886059647995533,0.3571218940031391,257,0.049827382516671945,0.00039229419936796903,0.012854082499098522,0.05164691275097916,0.22727663562050185,0.09847133237121292,0.3571218940031391,330,2.2377157803585424,-0.12484045057192095,0.17702406863437245,0.3379436002097294,0.5017044625099286,6.7786593569879985,7.999958428000113,257,2.528162415736787,-0.1654382671083372,-0.0044436065801942695,0.014354833132724723,0.05985909001978941,7.5495904346299945,7.999958428000113,330,2.236658132352525,-0.12748616408687807,0.10687037418069738,0.23571271005504293,0.38066784071571375,6.778653031539502,7.999931522324339,257,2.528085330217143,-0.16654821147208754,-0.004739370516297292,0.010789265311983653,0.04351591384345367,7.549584114987396,7.999931522324339,330,0.16860111071633943,0.11295596339993541,0.29351694979660525,0.3419842058947286,0.46341672494909547,0.3419842058947286,0.5077720260520014,257,0.17105074253780866,0.11489732418410283,0.30066273101102226,0.3446489287720047,0.4836355455780162,0.3446489287720047,0.5077720260520014,330,0.7735580290919556,0.6667493847383521,1.1757935403172874,1.2840006046216408,1.652910062233222,1.2840006046216408,1.6782308656432186,257,0.764953154266038,0.6720657735389512,1.150124930910507,1.2747893640765986,1.5661487335153705,1.2747893640765986,1.6583230363634938,330,0.005324304199170924,-8.983476624457865e-05,0.0037962733784668965,0.012617921922165312,0.020673840523196412,0.012617921922165312,0.03564811933172862,257,0.003489860439943393,-2.5624277073532653e-05,0.0007242709992111076,0.0029444551908461734,0.012996920529692736,0.009872669501859653,0.014152380625616967,330,0.0932981549333165,0.05000000074505806,0.15000000223517418,0.15000000223517418,0.15000000223517418,0.15000000223517418,0.15000000223517418,257,0.09335927145789352,0.05000000074505806,0.15000000223517418,0.15000000223517418,0.15000000223517418,0.15000000223517418,0.15000000223517418,330,0.1637781764493031,0.15024700041976757,0.2027443042607047,0.22610784799326214,0.2659368450986221,0.22610784799326214,0.36815500061493367,257,0.164259453328757,0.15068799984874204,0.2024884001002647,0.2241681984742172,0.2703822823241353,0.2241681984742172,0.36815500061493367
formal-v4/pursuit-seed1,2091,Town12,NonSignalizedJunctionLeftTurn_1,pursuit,1,1,True,0,finished,Failed - TickRuntime,79.01,False,ok,True,True,False,True,4000,92.1,92.1,22.75488,0.288,,unused (Bench2Drive 0.0.4),200.05,15.371,10.668,3.269,1.059,9,0,0.974,9575,available,2cca3a9660d989de0d09a7cb1d4e51610c814417,/data/runs/b2d/controller/formal-v4/pursuit-seed1,0,0,0,2,0,0,0,14,"{""invalid_controls"": 0, ""invalid_lines"": 0, ""lines"": 4000, ""missing_fields"": {""trajectory_age_s"": 209, ""trajectory_time"": 4}, ""missing_frames"": 0, ""nonmonotonic_frames"": 0, ""nonmonotonic_time"": 0, ""sensor_frame_mismatch"": 0, ""state"": ""ok"", ""truth_frame_mismatch"": 0, ""valid_rows"": 4000}","[189.45, 209.22, 191.38, 189.15, 233.7, 244.33, 212.34, 26.92, 322.52, 892.81, 487.63, 648.31, 864.75, 554.24]","[{""duration_s"": 7.200000107288361, ""end_s"": 54.30000080913305, ""start_s"": 47.10000070184469}, {""duration_s"": 9.300000138580799, ""end_s"": 63.95000095292926, ""start_s"": 54.65000081434846}, {""duration_s"": 8.800000131130219, ""end_s"": 73.10000108927488, ""start_s"": 64.30000095814466}, {""duration_s"": 7.050000105053186, ""end_s"": 83.25000124052167, ""start_s"": 76.20000113546848}, {""duration_s"": 20.300000302493572, ""end_s"": 107.40000160038471, ""start_s"": 87.10000129789114}, {""duration_s"": 12.250000182539225, ""end_s"": 123.70000184327364, ""start_s"": 111.45000166073442}, {""duration_s"": 5.200000077486038, ""end_s"": 128.95000192150474, ""start_s"": 123.7500018440187}, {""duration_s"": 5.650000084191561, ""end_s"": 134.65000200644135, ""start_s"": 129.0000019222498}, {""duration_s"": 10.200000151991844, ""end_s"": 145.7000021710992, ""start_s"": 135.50000201910734}, {""duration_s"": 6.70000009983778, ""end_s"": 154.55000230297446, ""start_s"": 147.85000220313668}, {""duration_s"": 5.050000075250864, ""end_s"": 171.70000255852938, ""start_s"": 166.6500024832785}, {""duration_s"": 9.150000136345625, ""end_s"": 181.40000270307064, ""start_s"": 172.25000256672502}]","{""invalid_motion"": 205, ""motion_gap"": 1, ""no_trajectory"": 3, ""tracking"": 3791}",4000,1.294893384197853,-1.380726633786833,-0.47770137846988037,0.7055146190106011,0.7915217781769354,1.648200918572377,1.660145015209703,113,0.047286637400353375,0.0030284006623721676,0.07741307783169615,0.0881512498449122,0.09273003061922074,0.0881512498449122,0.09287470225627305,3791,0.05211254103055333,-0.022565983310237212,0.022558711460500067,0.04120899953905446,0.056949586144179075,0.11899277146242557,0.1277494011798213,113,0.017083292856482468,0.0010674283597729745,0.019555218896267056,0.028860190871308877,0.08021156422322073,0.028860190871308877,0.08426262670113527,3791,7.782170462056839,-7.973188971910295,-7.868932983004359,-6.545874443152645,-0.3913863194242144,7.998826221909216,7.999823065778029,113,3.862705684416465,-0.6467979888082045,-0.26406678647405696,-0.2524780498348692,-0.24634505065400883,7.999367495644371,7.9996461155204805,3791,7.783245439668731,-7.974585817526682,-7.870520614249604,-6.545874443152645,-0.3913878344265966,7.999226387210614,7.999743129051044,113,3.8626738846176547,-0.6467985199028989,-0.26389874278476333,-0.25147054194562574,-0.24616787030852666,7.9991473521761645,7.999437255787549,4000,0.13070861774448558,0.10452563146887256,0.19987602976705265,0.22631011251685612,0.2959918976980995,0.22631011251685612,0.5400182960579784,113,0.19943673867521283,0.14524634489020805,0.3292085928477677,0.3776418082317566,0.5053399427546915,0.3776418082317566,0.507735138321736,4000,0.7818451993577837,0.6520496104484388,1.1855921870415524,1.350054918644111,1.6583010115229337,1.350054918644111,2.346408668946854,113,0.7747980271569469,0.7238003117967553,1.09892707872791,1.2345985852803776,1.4803328828707691,1.2345985852803776,1.6583925632560153,4000,0.0013823033017360995,-6.379454428939724e-06,0.001089528821571628,0.0014260831448944964,0.0023993574438092133,0.0023509231043373517,0.022067137110644897,113,0.0013252281131745833,1.1301915865402634e-05,0.0005195102614758084,0.0006711200131725546,0.0008850354422903804,0.003610947885451486,0.0049809299947431995,3791,0.09315465506387192,0.10000000149011612,0.15000000223517418,0.15000000223517418,0.15000000223517418,0.15000000223517418,0.15000000223517418,113,0.09312661612097821,0.05000000074505806,0.15000000223517418,0.15000000223517418,0.15000000223517418,0.15000000223517418,0.15000000223517418,4000,0.1659399806341312,0.1457604994357098,0.2014479978242889,0.22317045222735024,0.25710389818414114,0.22317045222735024,2.164933001040481,113,0.15005595386505693,0.14244199701352045,0.17280960164498538,0.18315239722141993,0.2257146828924305,0.18315239722141993,0.23193199740489945
formal-v4/pursuit-seed1,25378,Town03,YieldToEmergencyVehicle_1,pursuit,1,1,True,0,finished,Completed,100,True,ok,False,False,False,False,286,11.3,11.3,70.0,0.7,,unused (Bench2Drive 0.0.4),14.3,11.939,9.257,1.443,1.154,7,0,0.16783216783216784,,available,2cca3a9660d989de0d09a7cb1d4e51610c814417,/data/runs/b2d/controller/formal-v4/pursuit-seed1,0,0,0,0,0,0,0,19,"{""invalid_controls"": 0, ""invalid_lines"": 0, ""lines"": 286, ""missing_fields"": {}, ""missing_frames"": 0, ""nonmonotonic_frames"": 0, ""nonmonotonic_time"": 0, ""sensor_frame_mismatch"": 0, ""state"": ""ok"", ""truth_frame_mismatch"": 0, ""valid_rows"": 286}","[93.14, 103.8, 88.01, 116.06, 94.92, 86.27, 77.34, 72.98, 77.1, 75.58, 79.41, 106.56, 101.1, 111.9, 98.54, 95.36, 90.43, 69.02, 69.02]",[],"{""tracking"": 286}",286,0.08811243891774335,-0.051693758691646136,0.005084457004577218,0.03082693248735525,0.03510593558179972,0.18612412690545888,0.2128774126218312,286,0.08811243891774335,-0.051693758691646136,0.005084457004577218,0.03082693248735525,0.03510593558179972,0.18612412690545888,0.2128774126218312,286,0.0026148915276164326,7.536944721772505e-05,0.003306749807498068,0.005278960751639285,0.009763244793166063,0.005959617453373347,0.00980405889762394,286,0.0026148915276164326,7.536944721772505e-05,0.003306749807498068,0.005278960751639285,0.009763244793166063,0.005959617453373347,0.00980405889762394,286,2.4131310049651824,-0.08803670515976814,0.17585648281356825,0.3492464157801538,0.47405899881843255,7.187399948410114,7.999986810354618,286,2.4131310049651824,-0.08803670515976814,0.17585648281356825,0.3492464157801538,0.47405899881843255,7.187399948410114,7.999986810354618,286,2.4119726239780706,-0.09334087244873812,0.01201326369227873,0.16910324528341358,0.377480081071809,7.187393730074743,7.999978090232,286,2.4119726239780706,-0.09334087244873812,0.01201326369227873,0.16910324528341358,0.377480081071809,7.187393730074743,7.999978090232,286,0.1600409734268337,0.11345103712069227,0.24342606970248676,0.3215017633566308,0.47250287954906994,0.3215017633566308,0.5075638292577767,286,0.1600409734268337,0.11345103712069227,0.24342606970248676,0.3215017633566308,0.47250287954906994,0.3215017633566308,0.5075638292577767,286,0.7665803560581462,0.6703137766829126,1.1662503911527038,1.2725803175606178,1.5804387256172276,1.2725803175606178,1.6656301084255603,286,0.7665803560581462,0.6703137766829126,1.1662503911527038,1.2725803175606178,1.5804387256172276,1.2725803175606178,1.6656301084255603,286,0.0004329055038224278,-2.507568176346453e-05,0.00043386085605523483,0.0005472166704574288,0.0009372663113229814,0.0009376446163001928,0.0015519699258237374,286,0.0004329055038224278,-2.507568176346453e-05,0.00043386085605523483,0.0005472166704574288,0.0009372663113229814,0.0009376446163001928,0.0015519699258237374,286,0.09326067073938357,0.05000000074505806,0.15000000223517418,0.15000000223517418,0.15000000223517418,0.15000000223517418,0.15000000223517418,286,0.09326067073938357,0.05000000074505806,0.15000000223517418,0.15000000223517418,0.15000000223517418,0.15000000223517418,0.15000000223517418,286,0.14645939739153532,0.13050450070295483,0.17880749874166213,0.18904124954133295,0.2446763493935575,0.18904124954133295,0.33813500340329483,286,0.14645939739153532,0.13050450070295483,0.17880749874166213,0.18904124954133295,0.2446763493935575,0.18904124954133295,0.33813500340329483
formal-v4/pursuit-seed1,25381,Town05,HazardAtSideLane_1,pursuit,1,1,True,0,finished,Completed,100,True,ok,False,False,False,False,390,14.4,14.4,100.0,1.0,,unused (Bench2Drive 0.0.4),19.5,15.844,12.692,1.86,1.165,6,0,0.1564102564102564,,available,2cca3a9660d989de0d09a7cb1d4e51610c814417,/data/runs/b2d/controller/formal-v4/pursuit-seed1,0,0,0,0,0,0,0,20,"{""invalid_controls"": 0, ""invalid_lines"": 0, ""lines"": 390, ""missing_fields"": {""trajectory_age_s"": 4, ""trajectory_time"": 4}, ""missing_frames"": 0, ""nonmonotonic_frames"": 0, ""nonmonotonic_time"": 0, ""sensor_frame_mismatch"": 0, ""state"": ""ok"", ""truth_frame_mismatch"": 0, ""valid_rows"": 390}","[66.49, 119.6, 102.5, 111.83, 108.61, 101.81, 107.09, 104.35, 106.44, 101.77, 111.21, 116.11, 107.94, 108.77, 104.48, 99.22, 108.2, 108.78, 80.28, 80.28]",[],"{""invalid_motion"": 2, ""tracking"": 386, ""trajectory_outside_history"": 2}",390,0.07908262192160696,-0.0413910967118279,0.021405192946724192,0.033244798738873,0.03935765228623928,0.16665379070139033,0.21352360627019043,390,0.07908262192160696,-0.0413910967118279,0.021405192946724192,0.033244798738873,0.03935765228623928,0.16665379070139033,0.21352360627019043,386,0.002836461987687422,3.836874792347468e-05,0.0035926266842921115,0.005507553544513783,0.007299056054171942,0.005897091064965767,0.013421950608440562,386,0.002836461987687422,3.836874792347468e-05,0.0035926266842921115,0.005507553544513783,0.007299056054171942,0.005897091064965767,0.013421950608440562,386,2.2288730317003105,-0.020542225192175412,0.07087741489495913,0.33217310762044683,0.4555332548327372,6.712512285323216,7.999988253491679,386,2.2288730317003105,-0.020542225192175412,0.07087741489495913,0.33217310762044683,0.4555332548327372,6.712512285323216,7.999988253491679,386,2.227976812752951,-0.024585358732073015,0.06614534141240602,0.12905469961820915,0.367531144441324,6.71251118679803,7.99997986069189,386,2.227976812752951,-0.024585358732073015,0.06614534141240602,0.12905469961820915,0.367531144441324,6.71251118679803,7.99997986069189,390,0.1435396592216805,0.09994122133238591,0.20220067543660522,0.2619266092375937,0.45867328647321615,0.2619266092375937,0.5101585738902824,390,0.1435396592216805,0.09994122133238591,0.20220067543660522,0.2619266092375937,0.45867328647321615,0.2619266092375937,0.5101585738902824,390,0.7711991966536287,0.6571043590589591,1.1588452339901634,1.290534089836708,1.6590461373613266,1.290534089836708,1.8772332682858155,390,0.7711991966536287,0.6571043590589591,1.1588452339901634,1.290534089836708,1.6590461373613266,1.290534089836708,1.8772332682858155,390,0.0004754580738893058,-2.829039772223041e-05,0.00047695122370488007,0.0005763879908092569,0.0008539738434035796,0.0010149850264297821,0.0013497262192134762,390,0.0004754580738893058,-2.829039772223041e-05,0.00047695122370488007,0.0005763879908092569,0.0008539738434035796,0.0010149850264297821,0.0013497262192134762,386,0.09333348893074374,0.05000000074505806,0.15000000223517418,0.15000000223517418,0.15000000223517418,0.15000000223517418,0.15000000223517418,386,0.09333348893074374,0.05000000074505806,0.15000000223517418,0.15000000223517418,0.15000000223517418,0.15000000223517418,0.15000000223517418,390,0.15355314014647603,0.1434244986739941,0.187744803406531,0.2006080016144551,0.24754401631071238,0.2006080016144551,0.3330120016471483,390,0.15355314014647603,0.1434244986739941,0.187744803406531,0.2006080016144551,0.24754401631071238,0.2006080016144551,0.3330120016471483
formal-v4/pursuit-seed1,25424,Town11,ConstructionObstacleTwoWays_1,pursuit,1,1,True,0,finished,Failed - TickRuntime,47.26,False,ok,True,True,False,True,4000,53.6,53.6,30.719,0.65,,unused (Bench2Drive 0.0.4),200.05,9.265,3.481,4.676,0.981,8,0,0.972,5278,available,2cca3a9660d989de0d09a7cb1d4e51610c814417,/data/runs/b2d/controller/formal-v4/pursuit-seed1,0,0,1,0,0,0,0,8,"{""invalid_controls"": 0, ""invalid_lines"": 0, ""lines"": 4000, ""missing_fields"": {""trajectory_age_s"": 684}, ""missing_frames"": 0, ""nonmonotonic_frames"": 0, ""nonmonotonic_time"": 0, ""sensor_frame_mismatch"": 0, ""state"": ""ok"", ""truth_frame_mismatch"": 0, ""valid_rows"": 4000}","[51.66, 67.99, 43.83, 50.12, 45.97, 58.9, 45.85, 77.99]",[],"{""invalid_motion"": 684, ""tracking"": 3316}",4000,0.04202837188577477,0.044161524321927756,0.05593760652939338,0.05724043294576681,0.06107191543629117,0.05724043294576681,0.10171511112561238,159,0.046871213947630684,0.026702440834606038,0.08601176593329916,0.09691910969414363,0.10120199993700447,0.09691910969414363,0.10171511112561238,3316,0.006174369769119492,0.004002452530692939,0.010007230472005418,0.011634317761415432,0.014095706591636217,0.011634317761415432,0.022140494590037824,159,0.0032984298675149235,0.00042720972705193635,0.006486677545007301,0.008646107670756157,0.00980350791377171,0.008646107670756157,0.009814856713230227,3316,7.816744487923037,-7.9997982146775755,-7.969658627214693,-7.18551915735551,-0.12317403009070077,7.999997818519974,7.999999971540965,159,3.250850785474628,-0.40980123022035464,-0.08153759773149001,-0.0656108677644112,-0.0499489140467435,7.999832403258268,7.999889232074045,3316,7.816740625632598,-7.999792448355269,-7.969657315857312,-7.185496074526305,-0.12317371155303111,7.999998500624265,7.999999973209652,159,3.2508415168676374,-0.409797233111167,-0.08153267752289461,-0.06561025277293774,-0.049948641782025266,7.999787783531641,7.999832296345075,4000,0.10842357031190798,0.08568745719886252,0.166316213628697,0.1923824960528607,0.23731696016558745,0.1923824960528607,0.41003588796463636,159,0.14758464060496232,0.11010943682705748,0.2361896846754322,0.27080438374398946,0.3989464620418602,0.27080438374398946,0.41003588796463636,4000,0.6910917258061025,0.5647296075087715,1.05295458193161,1.2216303212983408,1.5078604531700774,1.2216303212983408,2.1819873750167327,159,0.678786597679567,0.5876513933369549,0.9894558499830989,1.0620428000912672,1.2747347563509424,1.0620428000912672,1.5451754172844514,4000,0.0006428126492266697,0.00021968351602863478,0.0009514911868164776,0.0011758526303794702,0.0016796621276522566,0.001215684443960163,0.006004874185861375,159,0.0002576518915680147,-1.2106535991041056e-05,0.0003587899846671408,0.00043638520846625,0.0005946142107993417,0.0005251194019107341,0.0006596386074888549,3316,0.09385925619266215,0.10000000149011612,0.15000000223517418,0.15000000223517418,0.15000000223517418,0.15000000223517418,0.15000000223517418,159,0.09307804397800641,0.05000000074505806,0.15000000223517418,0.15000000223517418,0.15000000223517418,0.15000000223517418,0.15000000223517418,4000,0.13537238839539628,0.1306195008510258,0.1759705955919344,0.19007479859283194,0.24346943544514935,0.19007479859283194,0.5541850041481666,159,0.1528733541634321,0.13517399929696694,0.1800995960365981,0.18607149904710238,0.2455407219531479,0.18607149904710238,0.5541850041481666
formal-v4/pursuit-seed1,26405,Town15,StaticCutIn_1,pursuit,1,1,True,0,finished,Completed,100,True,ok,False,False,False,False,383,16.0,16.0,100.0,1.0,,unused (Bench2Drive 0.0.4),19.15,8.585,6.165,1.188,1.122,5,0,0.1279373368146214,,available,2cca3a9660d989de0d09a7cb1d4e51610c814417,/data/runs/b2d/controller/formal-v4/pursuit-seed1,0,0,0,0,0,0,0,18,"{""invalid_controls"": 0, ""invalid_lines"": 0, ""lines"": 383, ""missing_fields"": {}, ""missing_frames"": 0, ""nonmonotonic_frames"": 0, ""nonmonotonic_time"": 0, ""sensor_frame_mismatch"": 0, ""state"": ""ok"", ""truth_frame_mismatch"": 0, ""valid_rows"": 383}","[78.06, 107.73, 166.97, 162.61, 198.59, 164.51, 161.68, 154.86, 156.78, 138.1, 113.27, 126.35, 118.67, 111.85, 145.96, 118.37, 87.76, 87.76]",[],"{""tracking"": 383}",383,0.05622278776307862,0.0022002606770334943,0.08573483527427099,0.09742017085253815,0.13354636748378065,0.10542197077826108,0.13663684795350856,383,0.05622278776307862,0.0022002606770334943,0.08573483527427099,0.09742017085253815,0.13354636748378065,0.10542197077826108,0.13663684795350856,383,0.004875891430148711,0.0014169670829397493,0.00730446217727141,0.009424842199565981,0.011334970911975637,0.010628144466865948,0.016678100600591664,383,0.004875891430148711,0.0014169670829397493,0.00730446217727141,0.009424842199565981,0.011334970911975637,0.010628144466865948,0.016678100600591664,383,2.107727922018118,-0.02803612474022721,0.03694347418815451,0.32944092216897836,0.4528852536536861,6.416300674801282,7.999917864137693,383,2.107727922018118,-0.02803612474022721,0.03694347418815451,0.32944092216897836,0.4528852536536861,6.416300674801282,7.999917864137693,383,2.1066053448431856,-0.029299058220943586,0.00740647743702052,0.15259373706617643,0.34047810497844905,6.416237752757826,7.999855433703733,383,2.1066053448431856,-0.029299058220943586,0.00740647743702052,0.15259373706617643,0.34047810497844905,6.416237752757826,7.999855433703733,383,0.12009409719084485,0.0868378988971067,0.18060642777537816,0.2322528336189237,0.3542307046824197,0.2322528336189237,0.41025367109706345,383,0.12009409719084485,0.0868378988971067,0.18060642777537816,0.2322528336189237,0.3542307046824197,0.2322528336189237,0.41025367109706345,383,0.6911895802953153,0.5639932629364349,1.0256254002815903,1.190149816327469,1.561032887351365,1.190149816327469,1.7113592805401272,383,0.6911895802953153,0.5639932629364349,1.0256254002815903,1.190149816327469,1.561032887351365,1.190149816327469,1.7113592805401272,383,0.00047368727724665357,-1.2382370705665835e-05,0.0006994685458408867,0.0008426727422673694,0.0010920118815363467,0.0008930336732395627,0.0015334254257810542,383,0.00047368727724665357,-1.2382370705665835e-05,0.0006994685458408867,0.0008426727422673694,0.0010920118815363467,0.0008930336732395627,0.0015334254257810542,383,0.09334934106039841,0.05000000074505806,0.15000000223517418,0.15000000223517418,0.15000000223517418,0.15000000223517418,0.15000000223517418,383,0.09334934106039841,0.05000000074505806,0.15000000223517418,0.15000000223517418,0.15000000223517418,0.15000000223517418,0.15000000223517418,383,0.14649090428992456,0.13418900198303163,0.17901940154843032,0.18963270558742806,0.24011286106542692,0.18963270558742806,0.2907550006057136,383,0.14649090428992456,0.13418900198303163,0.17901940154843032,0.18963270558742806,0.24011286106542692,0.18963270558742806,0.2907550006057136
formal-v4/pursuit-seed1,27494,Town04,BlockedIntersection_1,pursuit,1,1,True,0,finished,Completed,100,True,ok,False,False,False,False,474,15.7,15.7,60.0,0.6,,unused (Bench2Drive 0.0.4),23.7,11.394,8.602,1.512,1.186,10,0,0.5654008438818565,13688,available,2cca3a9660d989de0d09a7cb1d4e51610c814417,/data/runs/b2d/controller/formal-v4/pursuit-seed1,0,0,0,1,0,0,0,17,"{""invalid_controls"": 0, ""invalid_lines"": 0, ""lines"": 474, ""missing_fields"": {""trajectory_age_s"": 17}, ""missing_frames"": 0, ""nonmonotonic_frames"": 0, ""nonmonotonic_time"": 0, ""sensor_frame_mismatch"": 0, ""state"": ""ok"", ""truth_frame_mismatch"": 0, ""valid_rows"": 474}","[121.63, 233.01, 236.91, 167.97, 141.94, 158.63, 146.97, 169.06, 149.19, 12.54, 119.51, 126.25, 113.49, 121.0, 91.17, 63.21, 63.21]",[],"{""invalid_motion"": 17, ""tracking"": 457}",474,0.4496389663158912,-0.3590808420527249,0.1488351475121873,0.20476777517918063,0.21423439947406828,0.6438478672988792,0.6634577248075573,167,0.2699098786323864,0.04721067536706498,0.2101776885941064,0.2137389105896256,0.2167078878161308,0.6409650621419699,0.6634577248075573,457,0.022398807713689645,0.004019270424165152,0.022952433840687604,0.03274124668151689,0.09971983218290956,0.03274124668151689,0.12043748032539983,167,0.03153152230095794,-0.0017528814170547867,0.05916797844110083,0.08527350455613954,0.11242348053480497,0.08527350455613954,0.12043748032539983,457,5.360567237646572,-3.069522240219266,-0.059131981507535944,0.10931279481992583,0.21503209121303388,7.999713480259937,7.999914389080438,167,3.185558603499699,-0.36609827271245354,-0.06968551968697749,-0.04262215214173766,0.0015986273832019567,7.99975064095983,7.999911400284961,457,5.36063372089901,-3.0696017540365474,-0.08534282026165829,-0.009376633754012797,0.13778730035951833,7.999562258254482,7.999911400284962,167,3.1855744808288065,-0.36609827271245443,-0.06915362350849355,-0.039679372273302024,0.0031771979797628512,7.9997549726051815,7.999911400284962,474,0.14350793260133,0.10241439813983866,0.2076184134347208,0.2944547224972559,0.4108561303747152,0.2944547224972559,0.5075511006534408,167,0.20043677728723724,0.15890534422864105,0.3075893522533876,0.34770113448233947,0.5044331422363111,0.34770113448233947,0.5075511006534408,474,0.7811348722321952,0.6612438254570279,1.1768647391215588,1.3007382938319356,1.6582850764130248,1.3007382938319356,1.877224979971927,167,0.7733698210567073,0.7024908798813363,1.11944693068242,1.2725809308475227,1.5181671894977236,1.2725809308475227,1.6583230618800182,474,0.0015310147681990042,0.0001392677110612084,0.0012632236626429537,0.0019536413741237705,0.005047931567902211,0.0041851644729741224,0.006451140976506675,167,0.0021371664064135554,5.609405062134698e-05,0.0012695400266661495,0.001812675044661199,0.004605335809456758,0.005431963795767824,0.006451140976506675,457,0.09431313504668148,0.10000000149011612,0.15000000223517418,0.15000000223517418,0.15000000223517418,0.15000000223517418,0.15000000223517418,167,0.09310029499939958,0.05000000074505806,0.15000000223517418,0.15000000223517418,0.15000000223517418,0.15000000223517418,0.15000000223517418,474,0.1521760783793721,0.13811599637847394,0.19419679883867502,0.2138521478627808,0.26009890039858874,0.2138521478627808,0.36732800072059035,167,0.16203818817812465,0.14964499860070646,0.2006306007388048,0.2109387991367839,0.27920034030103147,0.2109387991367839,0.36732800072059035
formal-v4/pursuit-seed1,28198,Town15,SignalizedJunctionLeftTurnEnterFlow_1,pursuit,1,1,True,0,finished,Completed,100,True,ok,False,False,False,False,255,14.5,14.5,70.0,0.7,,unused (Bench2Drive 0.0.4),12.75,8.866,6.548,1.048,1.175,12,0,0.16862745098039217,,available,2cca3a9660d989de0d09a7cb1d4e51610c814417,/data/runs/b2d/controller/formal-v4/pursuit-seed1,0,0,0,0,0,0,0,19,"{""invalid_controls"": 0, ""invalid_lines"": 0, ""lines"": 255, ""missing_fields"": {}, ""missing_frames"": 0, ""nonmonotonic_frames"": 0, ""nonmonotonic_time"": 0, ""sensor_frame_mismatch"": 0, ""state"": ""ok"", ""truth_frame_mismatch"": 0, ""valid_rows"": 255}","[154.26, 171.6, 159.91, 139.93, 164.47, 200.64, 153.66, 121.92, 136.41, 163.39, 195.71, 168.28, 100.0, 83595.93, 172.3, 137.28, 74.55, 55.22, 55.22]",[],"{""tracking"": 255}",255,0.20601293872407614,-0.01491560745142956,0.046903415902903804,0.06595241709729352,0.066860489162292,0.4749364460825703,0.5238625140729546,255,0.20601293872407614,-0.01491560745142956,0.046903415902903804,0.06595241709729352,0.066860489162292,0.4749364460825703,0.5238625140729546,255,0.02281120895061387,0.0015639301568654642,0.04415651872408336,0.06544652116341955,0.0787070110265828,0.06544652116341955,0.09095718815401495,255,0.02281120895061387,0.0015639301568654642,0.04415651872408336,0.06544652116341955,0.0787070110265828,0.06544652116341955,0.09095718815401495,255,2.2910262360482405,-0.12839359166778408,0.21844651272100302,0.32027665015225804,0.4119975251485459,6.926504685822176,7.558244134350988,255,2.2910262360482405,-0.12839359166778408,0.21844651272100302,0.32027665015225804,0.4119975251485459,6.926504685822176,7.558244134350988,255,2.289827497601793,-0.1522235193121384,0.022080168017025933,0.21245701555238797,0.3293199719022896,6.926500488734268,7.558244134350988,255,2.289827497601793,-0.1522235193121384,0.022080168017025933,0.21245701555238797,0.3293199719022896,6.926500488734268,7.558244134350988,255,0.14937386181282808,0.10892674692481134,0.24055858924563292,0.26252714153291834,0.3789632772445385,0.26252714153291834,0.4102267015023734,255,0.14937386181282808,0.10892674692481134,0.24055858924563292,0.26252714153291834,0.3789632772445385,0.26252714153291834,0.4102267015023734,255,0.6794589358676952,0.5549335824408093,1.002807260392576,1.1807722668058256,1.4392585457552647,1.1807722668058256,1.5445450865676538,255,0.6794589358676952,0.5549335824408093,1.002807260392576,1.1807722668058256,1.4392585457552647,1.1807722668058256,1.5445450865676538,255,0.0013913969475311363,-1.3135483201143217e-05,0.0014910734663115645,0.0032967032891481713,0.003603437814890392,0.003446932708187766,0.0036724153700986584,255,0.0013913969475311363,-1.3135483201143217e-05,0.0014910734663115645,0.0032967032891481713,0.003603437814890392,0.003446932708187766,0.0036724153700986584,255,0.09325276773659798,0.05000000074505806,0.15000000223517418,0.15000000223517418,0.15000000223517418,0.15000000223517418,0.15000000223517418,255,0.09325276773659798,0.05000000074505806,0.15000000223517418,0.15000000223517418,0.15000000223517418,0.15000000223517418,0.15000000223517418,255,0.1437098563107323,0.132535002194345,0.17968000029213727,0.19395039853407064,0.22139565888210203,0.19395039853407064,0.2774989989120513,255,0.1437098563107323,0.132535002194345,0.17968000029213727,0.19395039853407064,0.22139565888210203,0.19395039853407064,0.2774989989120513
formal-v4/pursuit-seed1,3255,Town13,ParkingCrossingPedestrian_1,pursuit,1,1,True,0,finished,Completed,100,True,ok,False,False,False,False,694,52.3,52.3,18.0,0.18,,unused (Bench2Drive 0.0.4),34.7,15.077,10.546,3.019,1.098,4,0,0.6253602305475504,2898,available,2cca3a9660d989de0d09a7cb1d4e51610c814417,/data/runs/b2d/controller/formal-v4/pursuit-seed1,0,0,0,2,1,0,0,21,"{""invalid_controls"": 0, ""invalid_lines"": 0, ""lines"": 694, ""missing_fields"": {""trajectory_age_s"": 33}, ""missing_frames"": 0, ""nonmonotonic_frames"": 0, ""nonmonotonic_time"": 0, ""sensor_frame_mismatch"": 0, ""state"": ""ok"", ""truth_frame_mismatch"": 0, ""valid_rows"": 694}","[75.42, 131.14, 191.83, 158.53, 150.8, 135.4, 137.88, 112.16, 105.78, 102.55, 105.95, 132.0, 157.6, 153.33, 140.22, 172.75, 75.14, 27.08, 116.99, 106.34, 106.34]",[],"{""invalid_motion"": 33, ""tracking"": 661}",694,0.10172728966422208,-0.10923620818498192,-0.0022598977842741646,0.0031067484060766405,0.034386847763428506,0.13149277401992984,0.21227946491181957,172,0.07150911288852585,-0.028607283050236333,0.028106004411836315,0.034090816709683607,0.03513952168093475,0.1263905388383639,0.13292150124113808,661,0.005305081782107966,0.0023859571955872007,0.009449086977353185,0.010663230297606652,0.013417957313821553,0.010663230297606652,0.014284036620935279,172,0.0027902032361117515,8.434263051226477e-05,0.0031323307736500637,0.0059626510698666466,0.009794904551058333,0.005981285703742009,0.009830164069693993,661,5.615549495357154,-5.384017390381617,-0.009070123139911956,0.00557406024441498,0.031207670710098556,7.999932374557293,7.999999215781123,172,3.164457048604172,-0.36292890949090006,-0.06190162810741098,-0.050075233303893435,-0.03587430025928891,7.999858698075451,7.999986787449341,661,5.654128075519785,-5.384017390381615,-0.009152976922544909,0.0053982709490618674,0.019645382304488743,7.999978668620004,7.999999215781123,172,3.1644516109122867,-0.362929035424143,-0.061902103203785315,-0.05007442688965614,-0.035870707397157454,7.999791782850622,7.999978668620004,694,0.11703463286488824,0.09087041680358066,0.17006177012346801,0.20465722407706327,0.27783055026045106,0.20465722407706327,0.4116930571842154,172,0.15146100012473376,0.11626241383411043,0.2404904152845003,0.26980333029137366,0.40016124238297374,0.26980333029137366,0.4116930571842154,694,0.6883601233279216,0.5692766522941618,1.0403522651175607,1.1919978000575673,1.4969790498773734,1.1919978000575673,1.7141122671825217,172,0.6908956802002608,0.5882033656479627,1.0095700148868487,1.1327595056748718,1.3358718347793794,1.1327595056748718,1.5446143407664477,694,0.000571394719781169,-1.6365063226775334e-06,0.0005500282646964561,0.0008327243373637441,0.001746241662156828,0.0010881989518648494,0.0026501861105163727,172,0.0003217492133135745,3.1999225288625865e-05,0.0004140031181397054,0.0004715086667702151,0.0005582459864668762,0.0005650475668657947,0.0010899651463645021,661,0.09271905549382384,0.05000000074505806,0.15000000223517418,0.15000000223517418,0.15000000223517418,0.15000000223517418,0.15000000223517418,172,0.09354143606322456,0.07500000111758709,0.15000000223517418,0.15000000223517418,0.15000000223517418,0.15000000223517418,0.15000000223517418,694,0.16636189383688674,0.15296900164685212,0.2036924030107912,0.22570390065084217,0.26167955409619054,0.22570390065084217,0.5354059976525605,172,0.17113259597225405,0.15790500037837774,0.1934284984599799,0.2047503494395641,0.29377724255027626,0.2047503494395641,0.5354059976525605
formal-v4/pursuit-seed1,3514,Town13,ParkingExit_1,pursuit,1,1,True,0,finished,Completed,100,True,ok,False,False,False,False,718,54.0,54.0,60.0,0.6,,unused (Bench2Drive 0.0.4),35.9,20.394,14.961,4.018,1.175,3,0,0.5598885793871866,1981,available,2cca3a9660d989de0d09a7cb1d4e51610c814417,/data/runs/b2d/controller/formal-v4/pursuit-seed1,0,0,0,1,0,0,0,20,"{""invalid_controls"": 0, ""invalid_lines"": 0, ""lines"": 718, ""missing_fields"": {""trajectory_age_s"": 6}, ""missing_frames"": 0, ""nonmonotonic_frames"": 0, ""nonmonotonic_time"": 0, ""sensor_frame_mismatch"": 0, ""state"": ""ok"", ""truth_frame_mismatch"": 0, ""valid_rows"": 718}","[9.41, 175.54, 124.99, 110.66, 159.78, 143.62, 130.58, 131.17, 105.19, 116.6, 103.15, 101.28, 120.66, 117.58, 111.7, 118.38, 100.25, 97.32, 90.23, 90.23]","[{""duration_s"": 8.50000012665987, ""end_s"": 13.750000204890966, ""start_s"": 5.250000078231096}]","{""invalid_motion"": 6, ""tracking"": 712}",718,1.4585730486190385,-1.2753262928191678,0.015102894983668066,0.03900950538286639,0.19520050288063961,2.8599067724754184,3.1457325154425666,39,3.0860559175396953,-3.1412270115852925,-2.9257617781725767,-2.84898566453143,-2.7759082134272965,3.1455963833304774,3.1457325154425666,712,0.047083551421488005,0.050188138605053556,0.07204324853032955,0.07588424131673334,0.08041101187084915,0.07588424131673334,0.10272915204462602,39,0.05262138602993834,0.05647758380285166,0.06459550655475352,0.06466561119914636,0.07592006464175052,0.06466561119914636,0.08262677567632731,712,5.636079050068321,-5.63942609920282,0.0030489176487856493,0.007740625958121012,0.4492055639135103,7.988241045733606,7.995794472634139,39,6.400730997198378,-6.463484059898365,-3.530610305374398,-3.1327300164594476,-2.8765996198626715,7.98993589112475,7.990192287045716,712,5.634688916594637,-5.637535021221982,0.0011532762625839671,0.00683563273334123,0.330167544132988,7.98622051583572,7.993552912835648,39,6.400958263005852,-6.46409833403544,-3.5312430523585547,-3.132507733682302,-2.8729986388729016,7.99019228704567,7.990192287045721,718,0.11181519730967811,0.08641682047583188,0.16613036873964368,0.1874371766266139,0.27556286596779667,0.1874371766266139,0.4121881749761774,39,0.2401639717974906,0.19666567795927314,0.35651380558235224,0.39966996415047196,0.4091696024984389,0.39966996415047196,0.4121881749761774,718,0.6888222863464484,0.5687297023290372,1.0420887170554998,1.191675370263959,1.4898650114671175,1.191675370263959,1.7137670023784437,39,0.6789030666887549,0.6113667823677899,0.9117610898223358,1.1145791116462205,1.2544458923045996,1.1145791116462205,1.2585314647576513,718,0.0028425170098553072,0.00021575742867985248,0.0019816198056240354,0.002554468179022295,0.011255828366152736,0.0025852571173142097,0.03457354641501498,39,0.0012912490006125063,-0.0006603221531160663,4.6074523322925406e-05,5.3902837588726296e-05,0.00016428075331382312,0.0019911108963929914,0.004683173751892866,712,0.09344754721485157,0.05000000074505806,0.15000000223517418,0.15000000223517418,0.15000000223517418,0.15000000223517418,0.15000000223517418,39,0.09163752587067696,0.05000000074505806,0.15000000223517418,0.15000000223517418,0.15000000223517418,0.15000000223517418,0.15000000223517418,718,0.19672257188723555,0.15324250125559047,0.19887489688699136,0.22012784538674168,0.2954954664164693,0.22012784538674168,2.8668219965766184,39,0.18913269806565358,0.16264599980786443,0.23405899555655205,0.304559696087381,0.3872917570697609,0.304559696087381,0.3977599990321323
