key,id,src,rule,margin,d0,fired,d_stop,d_junc,v,x_line,x_entr,t_fire
cl/v2-cal-s1-q0/27043/1,cl-27043,cl,U,2.0,23.16,False,,,,,,
cl/v2-cal-s1-q0/27043/1,cl-27043,cl,U,4.0,23.16,False,,,,,,
cl/v2-cal-s1-q0/27043/1,cl-27043,cl,U,6.0,23.16,False,,,,,,
cl/v2-cal-s1-q0/27043/1,cl-27043,cl,U',2.0,23.16,False,,,,,,
cl/v2-cal-s1-q0/27043/1,cl-27043,cl,U',4.0,23.16,False,,,,,,
cl/v2-cal-s1-q0/27043/1,cl-27043,cl,U',6.0,23.16,True,0.16,4.280599999999999,3.4,-1.7666666666666666,2.353933333333332,20.050000298768282
cl/v2-cal-s1-q0/27043/1,cl-27043,cl,L,2.0,23.16,True,18.16,22.0906,4.514,14.763967333333333,18.69456733333333,8.050000119954348
cl/v2-cal-s1-q0/27043/1,cl-27043,cl,L,4.0,23.16,True,18.16,22.0906,4.514,14.763967333333333,18.69456733333333,8.050000119954348
cl/v2-cal-s1-q0/27043/1,cl-27043,cl,L,6.0,23.16,True,18.16,22.0906,4.514,14.763967333333333,18.69456733333333,8.050000119954348
cl/v2-cal-s1-q0/27043/1,cl-27043,cl,L',2.0,23.16,True,18.16,22.0906,4.514,14.763967333333333,18.69456733333333,8.050000119954348
cl/v2-cal-s1-q0/27043/1,cl-27043,cl,L',4.0,23.16,True,18.16,22.0906,4.514,14.763967333333333,18.69456733333333,8.050000119954348
cl/v2-cal-s1-q0/27043/1,cl-27043,cl,L',6.0,23.16,True,18.16,22.0906,4.514,14.763967333333333,18.69456733333333,8.050000119954348
cl/v2-cal-s1-q0/27043/1,cl-27043,cl,R,2.0,23.16,True,2.16,5.6406,2.301,1.2775664999999998,4.7581665,19.5500002913177
cl/v2-cal-s1-q0/27043/1,cl-27043,cl,R,4.0,23.16,True,3.16,7.010599999999999,1.597,2.7349318333333335,6.585531833333333,12.550000187009573
cl/v2-cal-s1-q0/27043/1,cl-27043,cl,R,6.0,23.16,True,5.16,9.1906,2.341,4.246619833333334,8.277219833333334,11.550000172108412
cl/v2-cal-s1-q0/27043/1,cl-27043,cl,R',2.0,23.16,True,2.16,5.6406,2.301,1.2775664999999998,4.7581665,19.5500002913177
cl/v2-cal-s1-q0/27043/1,cl-27043,cl,R',4.0,23.16,True,4.16,8.0606,2.027,3.4752118333333333,7.3758118333333345,12.050000179558992
cl/v2-cal-s1-q0/27043/1,cl-27043,cl,R',6.0,23.16,True,6.16,10.3506,2.624,5.012437333333334,9.203037333333333,11.050000164657831
cl/v2-cal-s1-q0/27870/1,cl-27870,cl,U,2.0,1.16,False,,,,,,
cl/v2-cal-s1-q0/27870/1,cl-27870,cl,U,4.0,1.16,False,,,,,,
cl/v2-cal-s1-q0/27870/1,cl-27870,cl,U,6.0,1.16,False,,,,,,
cl/v2-cal-s1-q0/27870/1,cl-27870,cl,U',2.0,1.16,False,,,,,,
cl/v2-cal-s1-q0/27870/1,cl-27870,cl,U',4.0,1.16,False,,,,,,
cl/v2-cal-s1-q0/27870/1,cl-27870,cl,U',6.0,1.16,False,,,,,,
cl/v2-cal-s1-q0/27870/1,cl-27870,cl,L,2.0,1.16,True,1.16,6.5706,1.33,0.8651833333333332,6.275783333333333,6.050000090152025
cl/v2-cal-s1-q0/27870/1,cl-27870,cl,L,4.0,1.16,True,1.16,6.5706,1.33,0.8651833333333332,6.275783333333333,6.050000090152025
cl/v2-cal-s1-q0/27870/1,cl-27870,cl,L,6.0,1.16,True,1.16,6.5706,1.33,0.8651833333333332,6.275783333333333,6.050000090152025
cl/v2-cal-s1-q0/27870/1,cl-27870,cl,L',2.0,1.16,True,1.16,6.5706,1.33,0.8651833333333332,6.275783333333333,6.050000090152025
cl/v2-cal-s1-q0/27870/1,cl-27870,cl,L',4.0,1.16,True,1.16,6.5706,1.33,0.8651833333333332,6.275783333333333,6.050000090152025
cl/v2-cal-s1-q0/27870/1,cl-27870,cl,L',6.0,1.16,True,1.16,6.5706,1.33,0.8651833333333332,6.275783333333333,6.050000090152025
cl/v2-cal-s1-q0/27870/1,cl-27870,cl,R,2.0,1.16,True,-0.84,4.2306,3.285,-2.6385375,2.4320625,7.550000112503767
cl/v2-cal-s1-q0/27870/1,cl-27870,cl,R,4.0,1.16,True,1.16,6.5706,0.0,1.16,6.5706,0.05000000074505806
cl/v2-cal-s1-q0/27870/1,cl-27870,cl,R,6.0,1.16,True,1.16,6.5706,0.0,1.16,6.5706,0.05000000074505806
cl/v2-cal-s1-q0/27870/1,cl-27870,cl,R',2.0,1.16,True,1.16,5.780599999999999,2.718,-0.07125400000000015,4.549345999999999,7.050000105053186
cl/v2-cal-s1-q0/27870/1,cl-27870,cl,R',4.0,1.16,True,1.16,6.5706,0.0,1.16,6.5706,0.05000000074505806
cl/v2-cal-s1-q0/27870/1,cl-27870,cl,R',6.0,1.16,True,1.16,6.5706,0.0,1.16,6.5706,0.05000000074505806
cl/v2-cal-s1-q1/15102/1,cl-15102,cl,U,2.0,2.16,False,,,,,,
cl/v2-cal-s1-q1/15102/1,cl-15102,cl,U,4.0,2.16,False,,,,,,
cl/v2-cal-s1-q1/15102/1,cl-15102,cl,U,6.0,2.16,True,-1.84,-2.1894000000000005,4.023,-4.5374215,-4.8868215,8.050000119954348
cl/v2-cal-s1-q1/15102/1,cl-15102,cl,U',2.0,2.16,False,,,,,,
cl/v2-cal-s1-q1/15102/1,cl-15102,cl,U',4.0,2.16,True,-1.84,-2.1894000000000005,4.023,-4.5374215,-4.8868215,8.050000119954348
cl/v2-cal-s1-q1/15102/1,cl-15102,cl,U',6.0,2.16,True,-1.84,-2.1894000000000005,4.023,-4.5374215,-4.8868215,8.050000119954348
cl/v2-cal-s1-q1/15102/1,cl-15102,cl,L,2.0,2.16,True,2.16,2.1605999999999996,0.0,2.16,2.1605999999999996,0.5500000081956387
cl/v2-cal-s1-q1/15102/1,cl-15102,cl,L,4.0,2.16,True,2.16,2.1605999999999996,0.0,2.16,2.1605999999999996,0.5500000081956387
cl/v2-cal-s1-q1/15102/1,cl-15102,cl,L,6.0,2.16,True,2.16,2.1605999999999996,0.0,2.16,2.1605999999999996,0.05000000074505806
cl/v2-cal-s1-q1/15102/1,cl-15102,cl,L',2.0,2.16,True,2.16,2.1605999999999996,0.0,2.16,2.1605999999999996,0.5500000081956387
cl/v2-cal-s1-q1/15102/1,cl-15102,cl,L',4.0,2.16,True,2.16,2.1605999999999996,0.0,2.16,2.1605999999999996,0.5500000081956387
cl/v2-cal-s1-q1/15102/1,cl-15102,cl,L',6.0,2.16,True,2.16,2.1605999999999996,0.0,2.16,2.1605999999999996,0.05000000074505806
cl/v2-cal-s1-q1/15102/1,cl-15102,cl,R,2.0,2.16,True,1.16,1.3106,2.884,-0.22624266666666681,-0.07564266666666675,7.050000105053186
cl/v2-cal-s1-q1/15102/1,cl-15102,cl,R,4.0,2.16,True,2.16,2.1605999999999996,0.0,2.16,2.1605999999999996,0.05000000074505806
cl/v2-cal-s1-q1/15102/1,cl-15102,cl,R,6.0,2.16,True,2.16,2.1605999999999996,0.0,2.16,2.1605999999999996,0.05000000074505806
cl/v2-cal-s1-q1/15102/1,cl-15102,cl,R',2.0,2.16,True,2.16,2.1605999999999996,1.255,1.8974958333333336,1.898095833333333,6.050000090152025
cl/v2-cal-s1-q1/15102/1,cl-15102,cl,R',4.0,2.16,True,2.16,2.1605999999999996,0.0,2.16,2.1605999999999996,0.05000000074505806
cl/v2-cal-s1-q1/15102/1,cl-15102,cl,R',6.0,2.16,True,2.16,2.1605999999999996,0.0,2.16,2.1605999999999996,0.05000000074505806
cl/v2-cal-s1-q1/15612/1,cl-15612,cl,U,2.0,2.16,False,,,,,,
cl/v2-cal-s1-q1/15612/1,cl-15612,cl,U,4.0,2.16,True,-0.84,3.6406,3.521,-2.906240166666666,1.5743598333333337,7.550000112503767
cl/v2-cal-s1-q1/15612/1,cl-15612,cl,U,6.0,2.16,True,2.16,6.280599999999999,0.0,2.16,6.280599999999999,0.05000000074505806
cl/v2-cal-s1-q1/15612/1,cl-15612,cl,U',2.0,2.16,True,-0.84,3.6406,3.521,-2.906240166666666,1.5743598333333337,7.550000112503767
cl/v2-cal-s1-q1/15612/1,cl-15612,cl,U',4.0,2.16,True,1.16,5.270599999999999,2.955,-0.29533750000000003,3.8152624999999993,7.050000105053186
cl/v2-cal-s1-q1/15612/1,cl-15612,cl,U',6.0,2.16,True,2.16,6.280599999999999,0.0,2.16,6.280599999999999,0.05000000074505806
cl/v2-cal-s1-q1/15612/1,cl-15612,cl,L,2.0,2.16,True,2.16,6.280599999999999,0.0,2.16,6.280599999999999,0.05000000074505806
cl/v2-cal-s1-q1/15612/1,cl-15612,cl,L,4.0,2.16,True,2.16,6.280599999999999,0.0,2.16,6.280599999999999,0.05000000074505806
cl/v2-cal-s1-q1/15612/1,cl-15612,cl,L,6.0,2.16,True,2.16,6.280599999999999,0.0,2.16,6.280599999999999,0.05000000074505806
cl/v2-cal-s1-q1/15612/1,cl-15612,cl,L',2.0,2.16,True,2.16,6.280599999999999,0.0,2.16,6.280599999999999,0.05000000074505806
cl/v2-cal-s1-q1/15612/1,cl-15612,cl,L',4.0,2.16,True,2.16,6.280599999999999,0.0,2.16,6.280599999999999,0.05000000074505806
cl/v2-cal-s1-q1/15612/1,cl-15612,cl,L',6.0,2.16,True,2.16,6.280599999999999,0.0,2.16,6.280599999999999,0.05000000074505806
cl/v2-cal-s1-q1/15612/1,cl-15612,cl,R,2.0,2.16,True,1.16,5.270599999999999,2.955,-0.29533750000000003,3.8152624999999993,7.050000105053186
cl/v2-cal-s1-q1/15612/1,cl-15612,cl,R,4.0,2.16,True,2.16,6.280599999999999,0.0,2.16,6.280599999999999,0.05000000074505806
cl/v2-cal-s1-q1/15612/1,cl-15612,cl,R,6.0,2.16,True,2.16,6.280599999999999,0.0,2.16,6.280599999999999,0.05000000074505806
cl/v2-cal-s1-q1/15612/1,cl-15612,cl,R',2.0,2.16,True,2.16,6.280599999999999,2.14,1.3967333333333336,5.517333333333332,6.550000097602606
cl/v2-cal-s1-q1/15612/1,cl-15612,cl,R',4.0,2.16,True,2.16,6.280599999999999,0.0,2.16,6.280599999999999,0.05000000074505806
cl/v2-cal-s1-q1/15612/1,cl-15612,cl,R',6.0,2.16,True,2.16,6.280599999999999,0.0,2.16,6.280599999999999,0.05000000074505806
cl/v2-cal-s1-q1/16390/1,cl-16390,cl,U,2.0,2.16,False,,,,,,
cl/v2-cal-s1-q1/16390/1,cl-16390,cl,U,4.0,2.16,False,,,,,,
cl/v2-cal-s1-q1/16390/1,cl-16390,cl,U,6.0,2.16,False,,,,,,
cl/v2-cal-s1-q1/16390/1,cl-16390,cl,U',2.0,2.16,False,,,,,,
cl/v2-cal-s1-q1/16390/1,cl-16390,cl,U',4.0,2.16,True,-1.84,2.5206,4.37,-5.022816666666667,-0.6622166666666671,7.550000112503767
cl/v2-cal-s1-q1/16390/1,cl-16390,cl,U',6.0,2.16,True,2.16,5.6306,2.162,1.3809593333333336,4.851559333333333,6.550000097602606
cl/v2-cal-s1-q1/16390/1,cl-16390,cl,L,2.0,2.16,True,2.16,5.6306,0.0,2.16,5.6306,0.05000000074505806
cl/v2-cal-s1-q1/16390/1,cl-16390,cl,L,4.0,2.16,True,2.16,5.6306,0.0,2.16,5.6306,0.05000000074505806
cl/v2-cal-s1-q1/16390/1,cl-16390,cl,L,6.0,2.16,True,2.16,5.6306,0.0,2.16,5.6306,0.05000000074505806
cl/v2-cal-s1-q1/16390/1,cl-16390,cl,L',2.0,2.16,True,2.16,5.6306,0.0,2.16,5.6306,0.05000000074505806
cl/v2-cal-s1-q1/16390/1,cl-16390,cl,L',4.0,2.16,True,2.16,5.6306,0.0,2.16,5.6306,0.05000000074505806
cl/v2-cal-s1-q1/16390/1,cl-16390,cl,L',6.0,2.16,True,2.16,5.6306,0.0,2.16,5.6306,0.05000000074505806
cl/v2-cal-s1-q1/16390/1,cl-16390,cl,R,2.0,2.16,True,2.16,5.6306,0.0,2.16,5.6306,0.05000000074505806
cl/v2-cal-s1-q1/16390/1,cl-16390,cl,R,4.0,2.16,True,2.16,5.6306,0.0,2.16,5.6306,0.05000000074505806
cl/v2-cal-s1-q1/16390/1,cl-16390,cl,R,6.0,2.16,True,2.16,5.6306,0.0,2.16,5.6306,0.05000000074505806
cl/v2-cal-s1-q1/16390/1,cl-16390,cl,R',2.0,2.16,True,2.16,5.6306,0.0,2.16,5.6306,0.05000000074505806
cl/v2-cal-s1-q1/16390/1,cl-16390,cl,R',4.0,2.16,True,2.16,5.6306,0.0,2.16,5.6306,0.05000000074505806
cl/v2-cal-s1-q1/16390/1,cl-16390,cl,R',6.0,2.16,True,2.16,5.6306,0.0,2.16,5.6306,0.05000000074505806
cl/v2-cal-s1-q1/24944/1,cl-24944,cl,U,2.0,65.82,False,,,,,,
cl/v2-cal-s1-q1/24944/1,cl-24944,cl,U,4.0,65.82,True,17.16,27.6806,3.677,14.906611833333333,25.42721183333333,42.05000062659383
cl/v2-cal-s1-q1/24944/1,cl-24944,cl,U,6.0,65.82,True,17.16,27.6806,3.677,14.906611833333333,25.42721183333333,42.05000062659383
cl/v2-cal-s1-q1/24944/1,cl-24944,cl,U',2.0,65.82,True,17.16,27.6806,3.677,14.906611833333333,25.42721183333333,42.05000062659383
cl/v2-cal-s1-q1/24944/1,cl-24944,cl,U',4.0,65.82,True,17.16,27.6806,3.677,14.906611833333333,25.42721183333333,42.05000062659383
cl/v2-cal-s1-q1/24944/1,cl-24944,cl,U',6.0,65.82,True,17.16,27.6806,3.677,14.906611833333333,25.42721183333333,42.05000062659383
cl/v2-cal-s1-q1/24944/1,cl-24944,cl,L,2.0,65.82,True,57.82,68.1406,0.0,57.82,68.1406,10.55000015720725
cl/v2-cal-s1-q1/24944/1,cl-24944,cl,L,4.0,65.82,True,57.82,68.1406,0.0,57.82,68.1406,10.55000015720725
cl/v2-cal-s1-q1/24944/1,cl-24944,cl,L,6.0,65.82,True,57.82,68.1406,0.0,57.82,68.1406,10.55000015720725
cl/v2-cal-s1-q1/24944/1,cl-24944,cl,L',2.0,65.82,True,57.82,68.1406,0.0,57.82,68.1406,10.55000015720725
cl/v2-cal-s1-q1/24944/1,cl-24944,cl,L',4.0,65.82,True,57.82,68.1406,0.0,57.82,68.1406,10.55000015720725
cl/v2-cal-s1-q1/24944/1,cl-24944,cl,L',6.0,65.82,True,57.82,68.1406,0.0,57.82,68.1406,10.55000015720725
cl/v2-cal-s1-q1/24944/1,cl-24944,cl,R,2.0,65.82,True,49.09,2.4006,2.889,47.698946500000005,1.0095465,59.55000088736415
cl/v2-cal-s1-q1/24944/1,cl-24944,cl,R,4.0,65.82,True,49.09,2.4006,2.889,47.698946500000005,1.0095465,59.55000088736415
cl/v2-cal-s1-q1/24944/1,cl-24944,cl,R,6.0,65.82,True,-1.84,8.8106,1.501,-2.2155001666666667,8.435099833333334,51.55000076815486
cl/v2-cal-s1-q1/24944/1,cl-24944,cl,R',2.0,65.82,True,49.09,2.4006,2.889,47.698946500000005,1.0095465,59.55000088736415
cl/v2-cal-s1-q1/24944/1,cl-24944,cl,R',4.0,65.82,True,49.09,2.4006,2.889,47.698946500000005,1.0095465,59.55000088736415
cl/v2-cal-s1-q1/24944/1,cl-24944,cl,R',6.0,65.82,True,-1.84,8.8106,1.501,-2.2155001666666667,8.435099833333334,51.55000076815486
cl/v2-cal-s1-q1/27297/1,cl-27297,cl,U,2.0,18.59,False,,,,,,
cl/v2-cal-s1-q1/27297/1,cl-27297,cl,U,4.0,18.59,False,,,,,,
cl/v2-cal-s1-q1/27297/1,cl-27297,cl,U,6.0,18.59,False,,,,,,
cl/v2-cal-s1-q1/27297/1,cl-27297,cl,U',2.0,18.59,False,,,,,,
cl/v2-cal-s1-q1/27297/1,cl-27297,cl,U',4.0,18.59,False,,,,,,
cl/v2-cal-s1-q1/27297/1,cl-27297,cl,U',6.0,18.59,False,,,,,,
cl/v2-cal-s1-q1/27297/1,cl-27297,cl,L,2.0,18.59,False,,,,,,
cl/v2-cal-s1-q1/27297/1,cl-27297,cl,L,4.0,18.59,False,,,,,,
cl/v2-cal-s1-q1/27297/1,cl-27297,cl,L,6.0,18.59,False,,,,,,
cl/v2-cal-s1-q1/27297/1,cl-27297,cl,L',2.0,18.59,False,,,,,,
cl/v2-cal-s1-q1/27297/1,cl-27297,cl,L',4.0,18.59,False,,,,,,
cl/v2-cal-s1-q1/27297/1,cl-27297,cl,L',6.0,18.59,False,,,,,,
cl/v2-cal-s1-q1/27297/1,cl-27297,cl,R,2.0,18.59,True,1.26,5.4906,3.72,-1.0464000000000004,3.1841999999999993,10.55000015720725
cl/v2-cal-s1-q1/27297/1,cl-27297,cl,R,4.0,18.59,True,3.3,7.5806,4.438,0.017359333333333726,4.297959333333333,10.05000014975667
cl/v2-cal-s1-q1/27297/1,cl-27297,cl,R,6.0,18.59,True,3.3,7.5806,4.438,0.017359333333333726,4.297959333333333,10.05000014975667
cl/v2-cal-s1-q1/27297/1,cl-27297,cl,R',2.0,18.59,True,3.3,7.5806,4.438,0.017359333333333726,4.297959333333333,10.05000014975667
cl/v2-cal-s1-q1/27297/1,cl-27297,cl,R',4.0,18.59,True,5.34,9.9006,4.854,1.4131139999999998,5.973714000000001,9.55000014230609
cl/v2-cal-s1-q1/27297/1,cl-27297,cl,R',6.0,18.59,True,8.4,12.560599999999997,5.002,4.2299993333333346,8.39059933333333,9.050000134855509
cl/v2-cal-s1-q2/15483/1,cl-15483,cl,U,2.0,2.16,False,,,,,,
cl/v2-cal-s1-q2/15483/1,cl-15483,cl,U,4.0,2.16,True,2.16,5.850599999999999,0.0,2.16,5.850599999999999,0.05000000074505806
cl/v2-cal-s1-q2/15483/1,cl-15483,cl,U,6.0,2.16,True,2.16,5.850599999999999,0.0,2.16,5.850599999999999,0.05000000074505806
cl/v2-cal-s1-q2/15483/1,cl-15483,cl,U',2.0,2.16,False,,,,,,
cl/v2-cal-s1-q2/15483/1,cl-15483,cl,U',4.0,2.16,True,2.16,5.850599999999999,0.0,2.16,5.850599999999999,0.05000000074505806
cl/v2-cal-s1-q2/15483/1,cl-15483,cl,U',6.0,2.16,True,2.16,5.850599999999999,0.0,2.16,5.850599999999999,0.05000000074505806
cl/v2-cal-s1-q2/15483/1,cl-15483,cl,L,2.0,2.16,True,2.16,5.850599999999999,0.0,2.16,5.850599999999999,0.05000000074505806
cl/v2-cal-s1-q2/15483/1,cl-15483,cl,L,4.0,2.16,True,2.16,5.850599999999999,0.0,2.16,5.850599999999999,0.05000000074505806
cl/v2-cal-s1-q2/15483/1,cl-15483,cl,L,6.0,2.16,True,2.16,5.850599999999999,0.0,2.16,5.850599999999999,0.05000000074505806
cl/v2-cal-s1-q2/15483/1,cl-15483,cl,L',2.0,2.16,True,2.16,5.850599999999999,0.0,2.16,5.850599999999999,0.05000000074505806
cl/v2-cal-s1-q2/15483/1,cl-15483,cl,L',4.0,2.16,True,2.16,5.850599999999999,0.0,2.16,5.850599999999999,0.05000000074505806
cl/v2-cal-s1-q2/15483/1,cl-15483,cl,L',6.0,2.16,True,2.16,5.850599999999999,0.0,2.16,5.850599999999999,0.05000000074505806
cl/v2-cal-s1-q2/15483/1,cl-15483,cl,R,2.0,2.16,True,2.16,4.9806,2.645,0.9939958333333334,3.814595833333333,7.050000105053186
cl/v2-cal-s1-q2/15483/1,cl-15483,cl,R,4.0,2.16,True,2.16,5.850599999999999,0.0,2.16,5.850599999999999,0.05000000074505806
cl/v2-cal-s1-q2/15483/1,cl-15483,cl,R,6.0,2.16,True,2.16,5.850599999999999,0.0,2.16,5.850599999999999,0.05000000074505806
cl/v2-cal-s1-q2/15483/1,cl-15483,cl,R',2.0,2.16,True,2.16,5.850599999999999,1.26,1.8954000000000002,5.585999999999999,6.050000090152025
cl/v2-cal-s1-q2/15483/1,cl-15483,cl,R',4.0,2.16,True,2.16,5.850599999999999,0.0,2.16,5.850599999999999,0.05000000074505806
cl/v2-cal-s1-q2/15483/1,cl-15483,cl,R',6.0,2.16,True,2.16,5.850599999999999,0.0,2.16,5.850599999999999,0.05000000074505806
cl/v2-cal-s1-q2/16508/1,cl-16508,cl,U,2.0,2.16,False,,,,,,
cl/v2-cal-s1-q2/16508/1,cl-16508,cl,U,4.0,2.16,False,,,,,,
cl/v2-cal-s1-q2/16508/1,cl-16508,cl,U,6.0,2.16,False,,,,,,
cl/v2-cal-s1-q2/16508/1,cl-16508,cl,U',2.0,2.16,False,,,,,,
cl/v2-cal-s1-q2/16508/1,cl-16508,cl,U',4.0,2.16,True,-0.84,4.8306,4.737,-4.5798615,1.0907384999999996,7.550000112503767
cl/v2-cal-s1-q2/16508/1,cl-16508,cl,U',6.0,2.16,True,-0.84,4.8306,4.737,-4.5798615,1.0907384999999996,7.550000112503767
cl/v2-cal-s1-q2/16508/1,cl-16508,cl,L,2.0,2.16,True,2.16,7.930599999999999,0.0,2.16,7.930599999999999,0.05000000074505806
cl/v2-cal-s1-q2/16508/1,cl-16508,cl,L,4.0,2.16,True,2.16,7.930599999999999,0.0,2.16,7.930599999999999,0.05000000074505806
cl/v2-cal-s1-q2/16508/1,cl-16508,cl,L,6.0,2.16,True,2.16,7.930599999999999,0.0,2.16,7.930599999999999,0.05000000074505806
cl/v2-cal-s1-q2/16508/1,cl-16508,cl,L',2.0,2.16,True,2.16,7.930599999999999,0.0,2.16,7.930599999999999,0.05000000074505806
cl/v2-cal-s1-q2/16508/1,cl-16508,cl,L',4.0,2.16,True,2.16,7.930599999999999,0.0,2.16,7.930599999999999,0.05000000074505806
cl/v2-cal-s1-q2/16508/1,cl-16508,cl,L',6.0,2.16,True,2.16,7.930599999999999,0.0,2.16,7.930599999999999,0.05000000074505806
cl/v2-cal-s1-q2/16508/1,cl-16508,cl,R,2.0,2.16,True,1.16,6.950599999999999,3.459,-0.8341135000000002,4.956486499999999,7.050000105053186
cl/v2-cal-s1-q2/16508/1,cl-16508,cl,R,4.0,2.16,True,2.16,7.930599999999999,0.0,2.16,7.930599999999999,0.05000000074505806
cl/v2-cal-s1-q2/16508/1,cl-16508,cl,R,6.0,2.16,True,2.16,7.930599999999999,0.0,2.16,7.930599999999999,0.05000000074505806
cl/v2-cal-s1-q2/16508/1,cl-16508,cl,R',2.0,2.16,True,2.16,7.930599999999999,2.157,1.3845585000000002,7.155158499999999,6.550000097602606
cl/v2-cal-s1-q2/16508/1,cl-16508,cl,R',4.0,2.16,True,2.16,7.930599999999999,0.0,2.16,7.930599999999999,0.05000000074505806
cl/v2-cal-s1-q2/16508/1,cl-16508,cl,R',6.0,2.16,True,2.16,7.930599999999999,0.0,2.16,7.930599999999999,0.05000000074505806
cl/v2-cal-s1-q2/16529/1,cl-16529,cl,U,2.0,2.16,True,-1.84,2.7005999999999997,4.235,-4.829204166666667,-0.28860416666666744,7.550000112503767
cl/v2-cal-s1-q2/16529/1,cl-16529,cl,U,4.0,2.16,True,-1.84,2.7005999999999997,4.235,-4.829204166666667,-0.28860416666666744,7.550000112503767
cl/v2-cal-s1-q2/16529/1,cl-16529,cl,U,6.0,2.16,True,0.16,4.5406,3.244,-1.593922666666667,2.7866773333333335,7.050000105053186
cl/v2-cal-s1-q2/16529/1,cl-16529,cl,U',2.0,2.16,True,-1.84,2.7005999999999997,4.235,-4.829204166666667,-0.28860416666666744,7.550000112503767
cl/v2-cal-s1-q2/16529/1,cl-16529,cl,U',4.0,2.16,True,0.16,4.5406,3.244,-1.593922666666667,2.7866773333333335,7.050000105053186
cl/v2-cal-s1-q2/16529/1,cl-16529,cl,U',6.0,2.16,True,0.16,4.5406,3.244,-1.593922666666667,2.7866773333333335,7.050000105053186
cl/v2-cal-s1-q2/16529/1,cl-16529,cl,L,2.0,2.16,True,2.16,5.8306,0.0,2.16,5.8306,0.05000000074505806
cl/v2-cal-s1-q2/16529/1,cl-16529,cl,L,4.0,2.16,True,2.16,5.8306,0.0,2.16,5.8306,0.05000000074505806
cl/v2-cal-s1-q2/16529/1,cl-16529,cl,L,6.0,2.16,True,2.16,5.8306,0.0,2.16,5.8306,0.05000000074505806
cl/v2-cal-s1-q2/16529/1,cl-16529,cl,L',2.0,2.16,True,2.16,5.8306,0.0,2.16,5.8306,0.05000000074505806
cl/v2-cal-s1-q2/16529/1,cl-16529,cl,L',4.0,2.16,True,2.16,5.8306,0.0,2.16,5.8306,0.05000000074505806
cl/v2-cal-s1-q2/16529/1,cl-16529,cl,L',6.0,2.16,True,2.16,5.8306,0.0,2.16,5.8306,0.05000000074505806
cl/v2-cal-s1-q2/16529/1,cl-16529,cl,R,2.0,2.16,True,2.16,5.8306,0.0,2.16,5.8306,0.05000000074505806
cl/v2-cal-s1-q2/16529/1,cl-16529,cl,R,4.0,2.16,True,2.16,5.8306,0.0,2.16,5.8306,0.05000000074505806
cl/v2-cal-s1-q2/16529/1,cl-16529,cl,R,6.0,2.16,True,2.16,5.8306,0.0,2.16,5.8306,0.05000000074505806
cl/v2-cal-s1-q2/16529/1,cl-16529,cl,R',2.0,2.16,True,2.16,5.8306,0.0,2.16,5.8306,0.05000000074505806
cl/v2-cal-s1-q2/16529/1,cl-16529,cl,R',4.0,2.16,True,2.16,5.8306,0.0,2.16,5.8306,0.05000000074505806
cl/v2-cal-s1-q2/16529/1,cl-16529,cl,R',6.0,2.16,True,2.16,5.8306,0.0,2.16,5.8306,0.05000000074505806
cl/v2-cal-s1-q2/28147/1,cl-28147,cl,U,2.0,16.32,False,,,,,,
cl/v2-cal-s1-q2/28147/1,cl-28147,cl,U,4.0,16.32,False,,,,,,
cl/v2-cal-s1-q2/28147/1,cl-28147,cl,U,6.0,16.32,False,,,,,,
cl/v2-cal-s1-q2/28147/1,cl-28147,cl,U',2.0,16.32,False,,,,,,
cl/v2-cal-s1-q2/28147/1,cl-28147,cl,U',4.0,16.32,False,,,,,,
cl/v2-cal-s1-q2/28147/1,cl-28147,cl,U',6.0,16.32,True,4.17,9.770599999999998,3.735,1.8449624999999998,7.445562499999998,9.55000014230609
cl/v2-cal-s1-q2/28147/1,cl-28147,cl,L,2.0,16.32,True,4.17,9.770599999999998,3.735,1.8449624999999998,7.445562499999998,9.55000014230609
cl/v2-cal-s1-q2/28147/1,cl-28147,cl,L,4.0,16.32,True,8.32,14.0306,4.912,4.298709333333334,10.009309333333334,8.550000127404928
cl/v2-cal-s1-q2/28147/1,cl-28147,cl,L,6.0,16.32,True,16.32,21.8306,0.0,16.32,21.8306,2.0500000305473804
cl/v2-cal-s1-q2/28147/1,cl-28147,cl,L',2.0,16.32,True,10.32,16.6206,4.859,6.385019833333333,12.685619833333332,8.050000119954348
cl/v2-cal-s1-q2/28147/1,cl-28147,cl,L',4.0,16.32,True,14.32,18.9106,4.123,11.486811833333332,16.077411833333333,7.550000112503767
cl/v2-cal-s1-q2/28147/1,cl-28147,cl,L',6.0,16.32,True,16.32,21.8306,0.0,16.32,21.8306,2.0500000305473804
cl/v2-cal-s1-q2/28147/1,cl-28147,cl,R,2.0,16.32,True,-0.84,4.6206000000000005,1.653,-1.2954015,4.165198500000001,17.55000026151538
cl/v2-cal-s1-q2/28147/1,cl-28147,cl,R,4.0,16.32,True,1.16,6.690599999999999,2.51,0.10998333333333354,5.640583333333333,10.55000015720725
cl/v2-cal-s1-q2/28147/1,cl-28147,cl,R,6.0,16.32,True,2.16,8.1406,3.156,0.49994399999999994,6.480543999999999,10.05000014975667
cl/v2-cal-s1-q2/28147/1,cl-28147,cl,R',2.0,16.32,True,-0.84,4.6206000000000005,1.653,-1.2954015,4.165198500000001,17.55000026151538
cl/v2-cal-s1-q2/28147/1,cl-28147,cl,R',4.0,16.32,True,2.16,8.1406,3.156,0.49994399999999994,6.480543999999999,10.05000014975667
cl/v2-cal-s1-q2/28147/1,cl-28147,cl,R',6.0,16.32,True,6.18,11.680599999999998,4.45,2.8795833333333327,8.380183333333331,9.050000134855509
cl/v2-cal-s1-q2/9196/1,cl-9196,cl,U,2.0,18.16,True,3.16,8.6706,1.729,2.6617598333333334,8.172359833333333,19.05000028386712
cl/v2-cal-s1-q2/9196/1,cl-9196,cl,U,4.0,18.16,True,3.16,8.6706,1.729,2.6617598333333334,8.172359833333333,19.05000028386712
cl/v2-cal-s1-q2/9196/1,cl-9196,cl,U,6.0,18.16,True,4.16,9.680599999999998,2.183,3.3657518333333334,8.886351833333332,18.55000027641654
cl/v2-cal-s1-q2/9196/1,cl-9196,cl,U',2.0,18.16,True,3.16,8.6706,1.729,2.6617598333333334,8.172359833333333,19.05000028386712
cl/v2-cal-s1-q2/9196/1,cl-9196,cl,U',4.0,18.16,True,4.16,9.680599999999998,2.183,3.3657518333333334,8.886351833333332,18.55000027641654
cl/v2-cal-s1-q2/9196/1,cl-9196,cl,U',6.0,18.16,True,4.16,9.680599999999998,2.183,3.3657518333333334,8.886351833333332,18.55000027641654
cl/v2-cal-s1-q2/9196/1,cl-9196,cl,L,2.0,18.16,True,10.16,15.3306,2.938,8.721359333333334,13.891959333333334,16.550000246614218
cl/v2-cal-s1-q2/9196/1,cl-9196,cl,L,4.0,18.16,True,11.16,16.7506,2.374,10.220687333333334,15.811287333333333,16.050000239163637
cl/v2-cal-s1-q2/9196/1,cl-9196,cl,L,6.0,18.16,True,15.16,20.5306,2.362,14.230159333333333,19.600759333333333,8.050000119954348
cl/v2-cal-s1-q2/9196/1,cl-9196,cl,L',2.0,18.16,True,10.16,15.3306,2.938,8.721359333333334,13.891959333333334,16.550000246614218
cl/v2-cal-s1-q2/9196/1,cl-9196,cl,L',4.0,18.16,True,11.16,16.7506,2.374,10.220687333333334,15.811287333333333,16.050000239163637
cl/v2-cal-s1-q2/9196/1,cl-9196,cl,L',6.0,18.16,True,15.16,20.5306,2.362,14.230159333333333,19.600759333333333,8.050000119954348
cl/v2-cal-s1-q2/9196/1,cl-9196,cl,R,2.0,18.16,True,1.16,6.4706,2.635,0.0027958333333333307,5.313395833333334,26.05000038817525
cl/v2-cal-s1-q2/9196/1,cl-9196,cl,R,4.0,18.16,True,3.16,8.6706,1.729,2.6617598333333334,8.172359833333333,19.05000028386712
cl/v2-cal-s1-q2/9196/1,cl-9196,cl,R,6.0,18.16,True,5.16,10.8706,2.608,4.026389333333333,9.736989333333334,18.05000026896596
cl/v2-cal-s1-q2/9196/1,cl-9196,cl,R',2.0,18.16,True,2.16,7.6306,1.79,1.6259833333333336,7.096583333333333,25.55000038072467
cl/v2-cal-s1-q2/9196/1,cl-9196,cl,R',4.0,18.16,True,4.16,9.680599999999998,2.183,3.3657518333333334,8.886351833333332,18.55000027641654
cl/v2-cal-s1-q2/9196/1,cl-9196,cl,R',6.0,18.16,True,7.16,12.290599999999998,2.9,5.758333333333334,10.88893333333333,17.55000026151538
cl/v2-cal2-s1-q0/27043/1,cl-27043,cl,U,2.0,23.16,False,,,,,,
cl/v2-cal2-s1-q0/27043/1,cl-27043,cl,U,4.0,23.16,False,,,,,,
cl/v2-cal2-s1-q0/27043/1,cl-27043,cl,U,6.0,23.16,False,,,,,,
cl/v2-cal2-s1-q0/27043/1,cl-27043,cl,U',2.0,23.16,False,,,,,,
cl/v2-cal2-s1-q0/27043/1,cl-27043,cl,U',4.0,23.16,False,,,,,,
cl/v2-cal2-s1-q0/27043/1,cl-27043,cl,U',6.0,23.16,True,0.16,4.450599999999999,3.579,-1.9748735000000004,2.3157264999999985,20.050000298768282
cl/v2-cal2-s1-q0/27043/1,cl-27043,cl,L,2.0,23.16,True,18.16,22.2806,4.424,14.898037333333333,19.01863733333333,8.050000119954348
cl/v2-cal2-s1-q0/27043/1,cl-27043,cl,L,4.0,23.16,True,18.16,22.2806,4.424,14.898037333333333,19.01863733333333,8.050000119954348
cl/v2-cal2-s1-q0/27043/1,cl-27043,cl,L,6.0,23.16,True,18.16,22.2806,4.424,14.898037333333333,19.01863733333333,8.050000119954348
cl/v2-cal2-s1-q0/27043/1,cl-27043,cl,L',2.0,23.16,True,18.16,22.2806,4.424,14.898037333333333,19.01863733333333,8.050000119954348
cl/v2-cal2-s1-q0/27043/1,cl-27043,cl,L',4.0,23.16,True,18.16,22.2806,4.424,14.898037333333333,19.01863733333333,8.050000119954348
cl/v2-cal2-s1-q0/27043/1,cl-27043,cl,L',6.0,23.16,True,18.16,22.2806,4.424,14.898037333333333,19.01863733333333,8.050000119954348
cl/v2-cal2-s1-q0/27043/1,cl-27043,cl,R,2.0,23.16,True,0.16,4.450599999999999,3.579,-1.9748735000000004,2.3157264999999985,20.050000298768282
cl/v2-cal2-s1-q0/27043/1,cl-27043,cl,R,4.0,23.16,True,4.16,7.7206,1.833,3.6000185,7.1606185,12.550000187009573
cl/v2-cal2-s1-q0/27043/1,cl-27043,cl,R,6.0,23.16,True,5.16,8.8106,2.063,4.450671833333334,8.101271833333334,12.050000179558992
cl/v2-cal2-s1-q0/27043/1,cl-27043,cl,R',2.0,23.16,True,2.16,5.8906,2.455,1.1554958333333334,4.886095833333333,19.5500002913177
cl/v2-cal2-s1-q0/27043/1,cl-27043,cl,R',4.0,23.16,True,4.16,7.7206,1.833,3.6000185,7.1606185,12.550000187009573
cl/v2-cal2-s1-q0/27043/1,cl-27043,cl,R',6.0,23.16,True,6.16,9.9406,2.252,5.314749333333333,9.095349333333333,11.550000172108412
cl/v2-cal2-s1-q0/27870/1,cl-27870,cl,U,2.0,1.16,False,,,,,,
cl/v2-cal2-s1-q0/27870/1,cl-27870,cl,U,4.0,1.16,False,,,,,,
cl/v2-cal2-s1-q0/27870/1,cl-27870,cl,U,6.0,1.16,False,,,,,,
cl/v2-cal2-s1-q0/27870/1,cl-27870,cl,U',2.0,1.16,False,,,,,,
cl/v2-cal2-s1-q0/27870/1,cl-27870,cl,U',4.0,1.16,False,,,,,,
cl/v2-cal2-s1-q0/27870/1,cl-27870,cl,U',6.0,1.16,False,,,,,,
cl/v2-cal2-s1-q0/27870/1,cl-27870,cl,L,2.0,1.16,True,1.16,6.5706,1.286,0.8843673333333333,6.294967333333333,6.050000090152025
cl/v2-cal2-s1-q0/27870/1,cl-27870,cl,L,4.0,1.16,True,1.16,6.5706,1.286,0.8843673333333333,6.294967333333333,6.050000090152025
cl/v2-cal2-s1-q0/27870/1,cl-27870,cl,L,6.0,1.16,True,1.16,6.5706,1.286,0.8843673333333333,6.294967333333333,6.050000090152025
cl/v2-cal2-s1-q0/27870/1,cl-27870,cl,L',2.0,1.16,True,1.16,6.5706,1.286,0.8843673333333333,6.294967333333333,6.050000090152025
cl/v2-cal2-s1-q0/27870/1,cl-27870,cl,L',4.0,1.16,True,1.16,6.5706,1.286,0.8843673333333333,6.294967333333333,6.050000090152025
cl/v2-cal2-s1-q0/27870/1,cl-27870,cl,L',6.0,1.16,True,1.16,6.5706,1.286,0.8843673333333333,6.294967333333333,6.050000090152025
cl/v2-cal2-s1-q0/27870/1,cl-27870,cl,R,2.0,1.16,True,-0.84,4.3006,3.241,-2.590680166666667,2.549919833333333,7.550000112503767
cl/v2-cal2-s1-q0/27870/1,cl-27870,cl,R,4.0,1.16,True,1.16,6.5706,0.0,1.16,6.5706,0.05000000074505806
cl/v2-cal2-s1-q0/27870/1,cl-27870,cl,R,6.0,1.16,True,1.16,6.5706,0.0,1.16,6.5706,0.05000000074505806
cl/v2-cal2-s1-q0/27870/1,cl-27870,cl,R',2.0,1.16,True,1.16,5.8206,2.648,-0.008650666666666806,4.651949333333333,7.050000105053186
cl/v2-cal2-s1-q0/27870/1,cl-27870,cl,R',4.0,1.16,True,1.16,6.5706,0.0,1.16,6.5706,0.05000000074505806
cl/v2-cal2-s1-q0/27870/1,cl-27870,cl,R',6.0,1.16,True,1.16,6.5706,0.0,1.16,6.5706,0.05000000074505806
cl/v2-cal2-s1-q1/15102/1,cl-15102,cl,U,2.0,2.16,False,,,,,,
cl/v2-cal2-s1-q1/15102/1,cl-15102,cl,U,4.0,2.16,False,,,,,,
cl/v2-cal2-s1-q1/15102/1,cl-15102,cl,U,6.0,2.16,False,,,,,,
cl/v2-cal2-s1-q1/15102/1,cl-15102,cl,U',2.0,2.16,False,,,,,,
cl/v2-cal2-s1-q1/15102/1,cl-15102,cl,U',4.0,2.16,False,,,,,,
cl/v2-cal2-s1-q1/15102/1,cl-15102,cl,U',6.0,2.16,False,,,,,,
cl/v2-cal2-s1-q1/15102/1,cl-15102,cl,L,2.0,2.16,True,2.16,2.1605999999999996,0.0,2.16,2.1605999999999996,0.5500000081956387
cl/v2-cal2-s1-q1/15102/1,cl-15102,cl,L,4.0,2.16,True,2.16,2.1605999999999996,0.0,2.16,2.1605999999999996,0.5500000081956387
cl/v2-cal2-s1-q1/15102/1,cl-15102,cl,L,6.0,2.16,True,2.16,2.1605999999999996,0.0,2.16,2.1605999999999996,0.05000000074505806
cl/v2-cal2-s1-q1/15102/1,cl-15102,cl,L',2.0,2.16,True,2.16,2.1605999999999996,0.0,2.16,2.1605999999999996,0.5500000081956387
cl/v2-cal2-s1-q1/15102/1,cl-15102,cl,L',4.0,2.16,True,2.16,2.1605999999999996,0.0,2.16,2.1605999999999996,0.5500000081956387
cl/v2-cal2-s1-q1/15102/1,cl-15102,cl,L',6.0,2.16,True,2.16,2.1605999999999996,0.0,2.16,2.1605999999999996,0.05000000074505806
cl/v2-cal2-s1-q1/15102/1,cl-15102,cl,R,2.0,2.16,True,1.16,1.3005999999999993,2.925,-0.26593749999999994,-0.12533750000000055,7.050000105053186
cl/v2-cal2-s1-q1/15102/1,cl-15102,cl,R,4.0,2.16,True,2.16,2.1605999999999996,0.0,2.16,2.1605999999999996,0.05000000074505806
cl/v2-cal2-s1-q1/15102/1,cl-15102,cl,R,6.0,2.16,True,2.16,2.1605999999999996,0.0,2.16,2.1605999999999996,0.05000000074505806
cl/v2-cal2-s1-q1/15102/1,cl-15102,cl,R',2.0,2.16,True,2.16,2.1605999999999996,1.278,1.8877860000000002,1.8883859999999997,6.050000090152025
cl/v2-cal2-s1-q1/15102/1,cl-15102,cl,R',4.0,2.16,True,2.16,2.1605999999999996,0.0,2.16,2.1605999999999996,0.05000000074505806
cl/v2-cal2-s1-q1/15102/1,cl-15102,cl,R',6.0,2.16,True,2.16,2.1605999999999996,0.0,2.16,2.1605999999999996,0.05000000074505806
cl/v2-cal2-s1-q1/15612/2,cl-15612,cl,U,2.0,2.16,False,,,,,,
cl/v2-cal2-s1-q1/15612/2,cl-15612,cl,U,4.0,2.16,True,1.16,5.280599999999999,2.891,-0.23298016666666688,3.887619833333332,7.050000105053186
cl/v2-cal2-s1-q1/15612/2,cl-15612,cl,U,6.0,2.16,True,2.16,6.280599999999999,0.0,2.16,6.280599999999999,0.05000000074505806
cl/v2-cal2-s1-q1/15612/2,cl-15612,cl,U',2.0,2.16,True,1.16,5.280599999999999,2.891,-0.23298016666666688,3.887619833333332,7.050000105053186
cl/v2-cal2-s1-q1/15612/2,cl-15612,cl,U',4.0,2.16,True,1.16,5.280599999999999,2.891,-0.23298016666666688,3.887619833333332,7.050000105053186
cl/v2-cal2-s1-q1/15612/2,cl-15612,cl,U',6.0,2.16,True,2.16,6.280599999999999,0.0,2.16,6.280599999999999,0.05000000074505806
cl/v2-cal2-s1-q1/15612/2,cl-15612,cl,L,2.0,2.16,True,2.16,6.280599999999999,0.0,2.16,6.280599999999999,0.05000000074505806
cl/v2-cal2-s1-q1/15612/2,cl-15612,cl,L,4.0,2.16,True,2.16,6.280599999999999,0.0,2.16,6.280599999999999,0.05000000074505806
cl/v2-cal2-s1-q1/15612/2,cl-15612,cl,L,6.0,2.16,True,2.16,6.280599999999999,0.0,2.16,6.280599999999999,0.05000000074505806
cl/v2-cal2-s1-q1/15612/2,cl-15612,cl,L',2.0,2.16,True,2.16,6.280599999999999,0.0,2.16,6.280599999999999,0.05000000074505806
cl/v2-cal2-s1-q1/15612/2,cl-15612,cl,L',4.0,2.16,True,2.16,6.280599999999999,0.0,2.16,6.280599999999999,0.05000000074505806
cl/v2-cal2-s1-q1/15612/2,cl-15612,cl,L',6.0,2.16,True,2.16,6.280599999999999,0.0,2.16,6.280599999999999,0.05000000074505806
cl/v2-cal2-s1-q1/15612/2,cl-15612,cl,R,2.0,2.16,True,1.16,5.280599999999999,2.891,-0.23298016666666688,3.887619833333332,7.050000105053186
cl/v2-cal2-s1-q1/15612/2,cl-15612,cl,R,4.0,2.16,True,2.16,6.280599999999999,0.0,2.16,6.280599999999999,0.05000000074505806
cl/v2-cal2-s1-q1/15612/2,cl-15612,cl,R,6.0,2.16,True,2.16,6.280599999999999,0.0,2.16,6.280599999999999,0.05000000074505806
cl/v2-cal2-s1-q1/15612/2,cl-15612,cl,R',2.0,2.16,True,2.16,6.280599999999999,2.191,1.3599198333333335,5.480519833333332,6.550000097602606
cl/v2-cal2-s1-q1/15612/2,cl-15612,cl,R',4.0,2.16,True,2.16,6.280599999999999,0.0,2.16,6.280599999999999,0.05000000074505806
cl/v2-cal2-s1-q1/15612/2,cl-15612,cl,R',6.0,2.16,True,2.16,6.280599999999999,0.0,2.16,6.280599999999999,0.05000000074505806
cl/v2-cal2-s1-q1/16390/1,cl-16390,cl,U,2.0,2.16,False,,,,,,
cl/v2-cal2-s1-q1/16390/1,cl-16390,cl,U,4.0,2.16,False,,,,,,
cl/v2-cal2-s1-q1/16390/1,cl-16390,cl,U,6.0,2.16,True,2.16,5.6306,2.148,1.391016,4.861616,6.550000097602606
cl/v2-cal2-s1-q1/16390/1,cl-16390,cl,U',2.0,2.16,False,,,,,,
cl/v2-cal2-s1-q1/16390/1,cl-16390,cl,U',4.0,2.16,False,,,,,,
cl/v2-cal2-s1-q1/16390/1,cl-16390,cl,U',6.0,2.16,True,2.16,5.6306,2.148,1.391016,4.861616,6.550000097602606
cl/v2-cal2-s1-q1/16390/1,cl-16390,cl,L,2.0,2.16,True,2.16,5.6306,0.0,2.16,5.6306,0.05000000074505806
cl/v2-cal2-s1-q1/16390/1,cl-16390,cl,L,4.0,2.16,True,2.16,5.6306,0.0,2.16,5.6306,0.05000000074505806
cl/v2-cal2-s1-q1/16390/1,cl-16390,cl,L,6.0,2.16,True,2.16,5.6306,0.0,2.16,5.6306,0.05000000074505806
cl/v2-cal2-s1-q1/16390/1,cl-16390,cl,L',2.0,2.16,True,2.16,5.6306,0.0,2.16,5.6306,0.05000000074505806
cl/v2-cal2-s1-q1/16390/1,cl-16390,cl,L',4.0,2.16,True,2.16,5.6306,0.0,2.16,5.6306,0.05000000074505806
cl/v2-cal2-s1-q1/16390/1,cl-16390,cl,L',6.0,2.16,True,2.16,5.6306,0.0,2.16,5.6306,0.05000000074505806
cl/v2-cal2-s1-q1/16390/1,cl-16390,cl,R,2.0,2.16,True,2.16,5.6306,0.0,2.16,5.6306,0.05000000074505806
cl/v2-cal2-s1-q1/16390/1,cl-16390,cl,R,4.0,2.16,True,2.16,5.6306,0.0,2.16,5.6306,0.05000000074505806
cl/v2-cal2-s1-q1/16390/1,cl-16390,cl,R,6.0,2.16,True,2.16,5.6306,0.0,2.16,5.6306,0.05000000074505806
cl/v2-cal2-s1-q1/16390/1,cl-16390,cl,R',2.0,2.16,True,2.16,5.6306,0.0,2.16,5.6306,0.05000000074505806
cl/v2-cal2-s1-q1/16390/1,cl-16390,cl,R',4.0,2.16,True,2.16,5.6306,0.0,2.16,5.6306,0.05000000074505806
cl/v2-cal2-s1-q1/16390/1,cl-16390,cl,R',6.0,2.16,True,2.16,5.6306,0.0,2.16,5.6306,0.05000000074505806
cl/v2-cal2-s1-q1/24944/1,cl-24944,cl,U,2.0,65.82,False,,,,,,
cl/v2-cal2-s1-q1/24944/1,cl-24944,cl,U,4.0,65.82,True,1.16,10.910599999999999,3.305,-0.6605041666666669,9.090095833333333,43.55000064894557
cl/v2-cal2-s1-q1/24944/1,cl-24944,cl,U,6.0,65.82,True,1.16,10.910599999999999,3.305,-0.6605041666666669,9.090095833333333,43.55000064894557
cl/v2-cal2-s1-q1/24944/1,cl-24944,cl,U',2.0,65.82,True,1.16,10.910599999999999,3.305,-0.6605041666666669,9.090095833333333,43.55000064894557
cl/v2-cal2-s1-q1/24944/1,cl-24944,cl,U',4.0,65.82,True,1.16,10.910599999999999,3.305,-0.6605041666666669,9.090095833333333,43.55000064894557
cl/v2-cal2-s1-q1/24944/1,cl-24944,cl,U',6.0,65.82,True,20.16,30.4006,3.153,18.5030985,28.7436985,34.55000051483512
cl/v2-cal2-s1-q1/24944/1,cl-24944,cl,L,2.0,65.82,True,20.16,30.4006,3.153,18.5030985,28.7436985,34.55000051483512
cl/v2-cal2-s1-q1/24944/1,cl-24944,cl,L,4.0,65.82,True,20.16,30.4006,3.153,18.5030985,28.7436985,34.55000051483512
cl/v2-cal2-s1-q1/24944/1,cl-24944,cl,L,6.0,65.82,True,20.16,30.4006,3.153,18.5030985,28.7436985,34.55000051483512
cl/v2-cal2-s1-q1/24944/1,cl-24944,cl,L',2.0,65.82,True,20.16,30.4006,3.153,18.5030985,28.7436985,34.55000051483512
cl/v2-cal2-s1-q1/24944/1,cl-24944,cl,L',4.0,65.82,True,20.16,30.4006,3.153,18.5030985,28.7436985,34.55000051483512
cl/v2-cal2-s1-q1/24944/1,cl-24944,cl,L',6.0,65.82,True,20.16,30.4006,3.153,18.5030985,28.7436985,34.55000051483512
cl/v2-cal2-s1-q1/24944/1,cl-24944,cl,R,2.0,65.82,True,48.09,1.8506,3.634,45.88900733333334,-0.3503926666666666,49.55000073835254
cl/v2-cal2-s1-q1/24944/1,cl-24944,cl,R,4.0,65.82,True,48.09,1.8506,3.634,45.88900733333334,-0.3503926666666666,49.55000073835254
cl/v2-cal2-s1-q1/24944/1,cl-24944,cl,R,6.0,65.82,True,-1.84,8.180599999999998,2.349,-2.7596335000000005,7.2609664999999985,44.55000066384673
cl/v2-cal2-s1-q1/24944/1,cl-24944,cl,R',2.0,65.82,True,48.09,1.8506,3.634,45.88900733333334,-0.3503926666666666,49.55000073835254
cl/v2-cal2-s1-q1/24944/1,cl-24944,cl,R',4.0,65.82,True,48.09,1.8506,3.634,45.88900733333334,-0.3503926666666666,49.55000073835254
cl/v2-cal2-s1-q1/24944/1,cl-24944,cl,R',6.0,65.82,True,-0.84,9.6006,2.887,-2.2291281666666665,8.211471833333334,44.05000065639615
cl/v2-cal2-s1-q1/27297/1,cl-27297,cl,U,2.0,18.59,False,,,,,,
cl/v2-cal2-s1-q1/27297/1,cl-27297,cl,U,4.0,18.59,False,,,,,,
cl/v2-cal2-s1-q1/27297/1,cl-27297,cl,U,6.0,18.59,False,,,,,,
cl/v2-cal2-s1-q1/27297/1,cl-27297,cl,U',2.0,18.59,False,,,,,,
cl/v2-cal2-s1-q1/27297/1,cl-27297,cl,U',4.0,18.59,False,,,,,,
cl/v2-cal2-s1-q1/27297/1,cl-27297,cl,U',6.0,18.59,False,,,,,,
cl/v2-cal2-s1-q1/27297/1,cl-27297,cl,L,2.0,18.59,False,,,,,,
cl/v2-cal2-s1-q1/27297/1,cl-27297,cl,L,4.0,18.59,False,,,,,,
cl/v2-cal2-s1-q1/27297/1,cl-27297,cl,L,6.0,18.59,False,,,,,,
cl/v2-cal2-s1-q1/27297/1,cl-27297,cl,L',2.0,18.59,False,,,,,,
cl/v2-cal2-s1-q1/27297/1,cl-27297,cl,L',4.0,18.59,False,,,,,,
cl/v2-cal2-s1-q1/27297/1,cl-27297,cl,L',6.0,18.59,False,,,,,,
cl/v2-cal2-s1-q1/27297/1,cl-27297,cl,R,2.0,18.59,True,1.26,5.2906,4.07,-1.500816666666667,2.5297833333333335,10.55000015720725
cl/v2-cal2-s1-q1/27297/1,cl-27297,cl,R,4.0,18.59,True,3.3,7.5406,4.74,-0.44460000000000033,3.7960000000000003,10.05000014975667
cl/v2-cal2-s1-q1/27297/1,cl-27297,cl,R,6.0,18.59,True,3.3,7.5406,4.74,-0.44460000000000033,3.7960000000000003,10.05000014975667
cl/v2-cal2-s1-q1/27297/1,cl-27297,cl,R',2.0,18.59,True,3.3,7.5406,4.74,-0.44460000000000033,3.7960000000000003,10.05000014975667
cl/v2-cal2-s1-q1/27297/1,cl-27297,cl,R',4.0,18.59,True,5.34,9.9906,4.975,1.2148958333333342,5.865495833333335,9.55000014230609
cl/v2-cal2-s1-q1/27297/1,cl-27297,cl,R',6.0,18.59,True,8.4,12.6706,5.141,3.995019833333333,8.265619833333332,9.050000134855509
cl/v2-cal2-s1-q2/15483/1,cl-15483,cl,U,2.0,2.16,False,,,,,,
cl/v2-cal2-s1-q2/15483/1,cl-15483,cl,U,4.0,2.16,True,2.16,5.850599999999999,0.0,2.16,5.850599999999999,0.05000000074505806
cl/v2-cal2-s1-q2/15483/1,cl-15483,cl,U,6.0,2.16,True,2.16,5.850599999999999,0.0,2.16,5.850599999999999,0.05000000074505806
cl/v2-cal2-s1-q2/15483/1,cl-15483,cl,U',2.0,2.16,False,,,,,,
cl/v2-cal2-s1-q2/15483/1,cl-15483,cl,U',4.0,2.16,True,2.16,5.850599999999999,0.0,2.16,5.850599999999999,0.05000000074505806
cl/v2-cal2-s1-q2/15483/1,cl-15483,cl,U',6.0,2.16,True,2.16,5.850599999999999,0.0,2.16,5.850599999999999,0.05000000074505806
cl/v2-cal2-s1-q2/15483/1,cl-15483,cl,L,2.0,2.16,True,2.16,5.850599999999999,0.0,2.16,5.850599999999999,0.05000000074505806
cl/v2-cal2-s1-q2/15483/1,cl-15483,cl,L,4.0,2.16,True,2.16,5.850599999999999,0.0,2.16,5.850599999999999,0.05000000074505806
cl/v2-cal2-s1-q2/15483/1,cl-15483,cl,L,6.0,2.16,True,2.16,5.850599999999999,0.0,2.16,5.850599999999999,0.05000000074505806
cl/v2-cal2-s1-q2/15483/1,cl-15483,cl,L',2.0,2.16,True,2.16,5.850599999999999,0.0,2.16,5.850599999999999,0.05000000074505806
cl/v2-cal2-s1-q2/15483/1,cl-15483,cl,L',4.0,2.16,True,2.16,5.850599999999999,0.0,2.16,5.850599999999999,0.05000000074505806
cl/v2-cal2-s1-q2/15483/1,cl-15483,cl,L',6.0,2.16,True,2.16,5.850599999999999,0.0,2.16,5.850599999999999,0.05000000074505806
cl/v2-cal2-s1-q2/15483/1,cl-15483,cl,R,2.0,2.16,True,2.16,4.9806,2.651,0.9886998333333337,3.809299833333333,7.050000105053186
cl/v2-cal2-s1-q2/15483/1,cl-15483,cl,R,4.0,2.16,True,2.16,5.850599999999999,0.0,2.16,5.850599999999999,0.05000000074505806
cl/v2-cal2-s1-q2/15483/1,cl-15483,cl,R,6.0,2.16,True,2.16,5.850599999999999,0.0,2.16,5.850599999999999,0.05000000074505806
cl/v2-cal2-s1-q2/15483/1,cl-15483,cl,R',2.0,2.16,True,2.16,5.850599999999999,1.225,1.9098958333333333,5.600495833333333,6.050000090152025
cl/v2-cal2-s1-q2/15483/1,cl-15483,cl,R',4.0,2.16,True,2.16,5.850599999999999,0.0,2.16,5.850599999999999,0.05000000074505806
cl/v2-cal2-s1-q2/15483/1,cl-15483,cl,R',6.0,2.16,True,2.16,5.850599999999999,0.0,2.16,5.850599999999999,0.05000000074505806
cl/v2-cal2-s1-q2/16508/1,cl-16508,cl,U,2.0,2.16,False,,,,,,
cl/v2-cal2-s1-q2/16508/1,cl-16508,cl,U,4.0,2.16,False,,,,,,
cl/v2-cal2-s1-q2/16508/1,cl-16508,cl,U,6.0,2.16,False,,,,,,
cl/v2-cal2-s1-q2/16508/1,cl-16508,cl,U',2.0,2.16,False,,,,,,
cl/v2-cal2-s1-q2/16508/1,cl-16508,cl,U',4.0,2.16,True,-0.84,4.9006,4.586,-4.345232666666668,1.3953673333333323,7.550000112503767
cl/v2-cal2-s1-q2/16508/1,cl-16508,cl,U',6.0,2.16,True,-0.84,4.9006,4.586,-4.345232666666668,1.3953673333333323,7.550000112503767
cl/v2-cal2-s1-q2/16508/1,cl-16508,cl,L,2.0,2.16,True,2.16,7.930599999999999,0.0,2.16,7.930599999999999,0.05000000074505806
cl/v2-cal2-s1-q2/16508/1,cl-16508,cl,L,4.0,2.16,True,2.16,7.930599999999999,0.0,2.16,7.930599999999999,0.05000000074505806
cl/v2-cal2-s1-q2/16508/1,cl-16508,cl,L,6.0,2.16,True,2.16,7.930599999999999,0.0,2.16,7.930599999999999,0.05000000074505806
cl/v2-cal2-s1-q2/16508/1,cl-16508,cl,L',2.0,2.16,True,2.16,7.930599999999999,0.0,2.16,7.930599999999999,0.05000000074505806
cl/v2-cal2-s1-q2/16508/1,cl-16508,cl,L',4.0,2.16,True,2.16,7.930599999999999,0.0,2.16,7.930599999999999,0.05000000074505806
cl/v2-cal2-s1-q2/16508/1,cl-16508,cl,L',6.0,2.16,True,2.16,7.930599999999999,0.0,2.16,7.930599999999999,0.05000000074505806
cl/v2-cal2-s1-q2/16508/1,cl-16508,cl,R,2.0,2.16,True,1.16,6.9606,3.392,-0.7576106666666667,5.042989333333334,7.050000105053186
cl/v2-cal2-s1-q2/16508/1,cl-16508,cl,R,4.0,2.16,True,2.16,7.930599999999999,0.0,2.16,7.930599999999999,0.05000000074505806
cl/v2-cal2-s1-q2/16508/1,cl-16508,cl,R,6.0,2.16,True,2.16,7.930599999999999,0.0,2.16,7.930599999999999,0.05000000074505806
cl/v2-cal2-s1-q2/16508/1,cl-16508,cl,R',2.0,2.16,True,2.16,7.930599999999999,2.15,1.3895833333333334,7.1601833333333325,6.550000097602606
cl/v2-cal2-s1-q2/16508/1,cl-16508,cl,R',4.0,2.16,True,2.16,7.930599999999999,0.0,2.16,7.930599999999999,0.05000000074505806
cl/v2-cal2-s1-q2/16508/1,cl-16508,cl,R',6.0,2.16,True,2.16,7.930599999999999,0.0,2.16,7.930599999999999,0.05000000074505806
cl/v2-cal2-s1-q2/16529/1,cl-16529,cl,U,2.0,2.16,False,,,,,,
cl/v2-cal2-s1-q2/16529/1,cl-16529,cl,U,4.0,2.16,False,,,,,,
cl/v2-cal2-s1-q2/16529/1,cl-16529,cl,U,6.0,2.16,False,,,,,,
cl/v2-cal2-s1-q2/16529/1,cl-16529,cl,U',2.0,2.16,False,,,,,,
cl/v2-cal2-s1-q2/16529/1,cl-16529,cl,U',4.0,2.16,False,,,,,,
cl/v2-cal2-s1-q2/16529/1,cl-16529,cl,U',6.0,2.16,False,,,,,,
cl/v2-cal2-s1-q2/16529/1,cl-16529,cl,L,2.0,2.16,True,2.16,5.8306,0.0,2.16,5.8306,0.05000000074505806
cl/v2-cal2-s1-q2/16529/1,cl-16529,cl,L,4.0,2.16,True,2.16,5.8306,0.0,2.16,5.8306,0.05000000074505806
cl/v2-cal2-s1-q2/16529/1,cl-16529,cl,L,6.0,2.16,True,2.16,5.8306,0.0,2.16,5.8306,0.05000000074505806
cl/v2-cal2-s1-q2/16529/1,cl-16529,cl,L',2.0,2.16,True,2.16,5.8306,0.0,2.16,5.8306,0.05000000074505806
cl/v2-cal2-s1-q2/16529/1,cl-16529,cl,L',4.0,2.16,True,2.16,5.8306,0.0,2.16,5.8306,0.05000000074505806
cl/v2-cal2-s1-q2/16529/1,cl-16529,cl,L',6.0,2.16,True,2.16,5.8306,0.0,2.16,5.8306,0.05000000074505806
cl/v2-cal2-s1-q2/16529/1,cl-16529,cl,R,2.0,2.16,True,2.16,5.8306,0.0,2.16,5.8306,0.05000000074505806
cl/v2-cal2-s1-q2/16529/1,cl-16529,cl,R,4.0,2.16,True,2.16,5.8306,0.0,2.16,5.8306,0.05000000074505806
cl/v2-cal2-s1-q2/16529/1,cl-16529,cl,R,6.0,2.16,True,2.16,5.8306,0.0,2.16,5.8306,0.05000000074505806
cl/v2-cal2-s1-q2/16529/1,cl-16529,cl,R',2.0,2.16,True,2.16,5.8306,0.0,2.16,5.8306,0.05000000074505806
cl/v2-cal2-s1-q2/16529/1,cl-16529,cl,R',4.0,2.16,True,2.16,5.8306,0.0,2.16,5.8306,0.05000000074505806
cl/v2-cal2-s1-q2/16529/1,cl-16529,cl,R',6.0,2.16,True,2.16,5.8306,0.0,2.16,5.8306,0.05000000074505806
cl/v2-cal2-s1-q2/28147/1,cl-28147,cl,U,2.0,16.32,False,,,,,,
cl/v2-cal2-s1-q2/28147/1,cl-28147,cl,U,4.0,16.32,False,,,,,,
cl/v2-cal2-s1-q2/28147/1,cl-28147,cl,U,6.0,16.32,False,,,,,,
cl/v2-cal2-s1-q2/28147/1,cl-28147,cl,U',2.0,16.32,False,,,,,,
cl/v2-cal2-s1-q2/28147/1,cl-28147,cl,U',4.0,16.32,False,,,,,,
cl/v2-cal2-s1-q2/28147/1,cl-28147,cl,U',6.0,16.32,True,4.17,9.790600000000001,3.677,1.916611833333333,7.537211833333334,9.55000014230609
cl/v2-cal2-s1-q2/28147/1,cl-28147,cl,L,2.0,16.32,True,6.18,11.680599999999998,4.441,2.8929198333333335,8.393519833333333,9.050000134855509
cl/v2-cal2-s1-q2/28147/1,cl-28147,cl,L,4.0,16.32,True,8.32,14.0506,4.969,4.204839833333334,9.935439833333334,8.550000127404928
cl/v2-cal2-s1-q2/28147/1,cl-28147,cl,L,6.0,16.32,True,16.32,21.8306,0.0,16.32,21.8306,1.5500000230967999
cl/v2-cal2-s1-q2/28147/1,cl-28147,cl,L',2.0,16.32,True,10.32,16.6606,4.907,6.306891833333334,12.647491833333333,8.050000119954348
cl/v2-cal2-s1-q2/28147/1,cl-28147,cl,L',4.0,16.32,True,14.32,18.9606,4.135,11.470295833333333,16.110895833333334,7.550000112503767
cl/v2-cal2-s1-q2/28147/1,cl-28147,cl,L',6.0,16.32,True,16.32,21.8306,0.0,16.32,21.8306,1.5500000230967999
cl/v2-cal2-s1-q2/28147/1,cl-28147,cl,R,2.0,16.32,True,-0.84,4.690599999999999,1.796,-1.3776026666666668,4.1529973333333325,17.55000026151538
cl/v2-cal2-s1-q2/28147/1,cl-28147,cl,R,4.0,16.32,True,1.16,6.780599999999999,2.435,0.17179583333333315,5.792395833333332,10.55000015720725
cl/v2-cal2-s1-q2/28147/1,cl-28147,cl,R,6.0,16.32,True,3.17,8.200599999999998,3.086,1.5827673333333332,6.613367333333331,10.05000014975667
cl/v2-cal2-s1-q2/28147/1,cl-28147,cl,R',2.0,16.32,True,-0.84,4.690599999999999,1.796,-1.3776026666666668,4.1529973333333325,17.55000026151538
cl/v2-cal2-s1-q2/28147/1,cl-28147,cl,R',4.0,16.32,True,3.17,8.200599999999998,3.086,1.5827673333333332,6.613367333333331,10.05000014975667
cl/v2-cal2-s1-q2/28147/1,cl-28147,cl,R',6.0,16.32,True,6.18,11.680599999999998,4.441,2.8929198333333335,8.393519833333333,9.050000134855509
cl/v2-cal2-s1-q2/9196/1,cl-9196,cl,U,2.0,18.16,True,3.16,8.5306,2.408,2.1935893333333336,7.564189333333333,18.55000027641654
cl/v2-cal2-s1-q2/9196/1,cl-9196,cl,U,4.0,18.16,True,3.16,8.5306,2.408,2.1935893333333336,7.564189333333333,18.55000027641654
cl/v2-cal2-s1-q2/9196/1,cl-9196,cl,U,6.0,18.16,True,4.16,9.8506,2.901,2.7573665000000007,8.4479665,18.05000026896596
cl/v2-cal2-s1-q2/9196/1,cl-9196,cl,U',2.0,18.16,True,3.16,8.5306,2.408,2.1935893333333336,7.564189333333333,18.55000027641654
cl/v2-cal2-s1-q2/9196/1,cl-9196,cl,U',4.0,18.16,True,4.16,9.8506,2.901,2.7573665000000007,8.4479665,18.05000026896596
cl/v2-cal2-s1-q2/9196/1,cl-9196,cl,U',6.0,18.16,True,6.16,11.4206,3.19,4.463983333333333,9.724583333333333,17.55000026151538
cl/v2-cal2-s1-q2/9196/1,cl-9196,cl,L,2.0,18.16,True,9.16,14.610599999999998,2.935,7.724295833333334,13.17489583333333,16.550000246614218
cl/v2-cal2-s1-q2/9196/1,cl-9196,cl,L,4.0,18.16,True,12.16,17.630599999999998,0.0,12.16,17.630599999999998,10.05000014975667
cl/v2-cal2-s1-q2/9196/1,cl-9196,cl,L,6.0,18.16,True,12.16,18.130599999999998,1.8,11.620000000000001,17.5906,9.050000134855509
cl/v2-cal2-s1-q2/9196/1,cl-9196,cl,L',2.0,18.16,True,9.16,14.610599999999998,2.935,7.724295833333334,13.17489583333333,16.550000246614218
cl/v2-cal2-s1-q2/9196/1,cl-9196,cl,L',4.0,18.16,True,12.16,18.130599999999998,1.8,11.620000000000001,17.5906,9.050000134855509
cl/v2-cal2-s1-q2/9196/1,cl-9196,cl,L',6.0,18.16,True,15.16,20.3306,2.539,14.085579833333334,19.256179833333334,8.050000119954348
cl/v2-cal2-s1-q2/9196/1,cl-9196,cl,R,2.0,18.16,True,1.16,6.950599999999999,0.0,1.16,6.950599999999999,19.5500002913177
cl/v2-cal2-s1-q2/9196/1,cl-9196,cl,R,4.0,18.16,True,3.16,8.5306,2.408,2.1935893333333336,7.564189333333333,18.55000027641654
cl/v2-cal2-s1-q2/9196/1,cl-9196,cl,R,6.0,18.16,True,4.16,9.8506,2.901,2.7573665000000007,8.4479665,18.05000026896596
cl/v2-cal2-s1-q2/9196/1,cl-9196,cl,R',2.0,18.16,True,2.16,7.430599999999999,1.983,1.5046185,6.775218499999999,19.05000028386712
cl/v2-cal2-s1-q2/9196/1,cl-9196,cl,R',4.0,18.16,True,4.16,9.8506,2.901,2.7573665000000007,8.4479665,18.05000026896596
cl/v2-cal2-s1-q2/9196/1,cl-9196,cl,R',6.0,18.16,True,6.16,11.4206,3.19,4.463983333333333,9.724583333333333,17.55000026151538
cl/v2-cal3-s1-q0/27043/1,cl-27043,cl,U,2.0,23.16,False,,,,,,
cl/v2-cal3-s1-q0/27043/1,cl-27043,cl,U,4.0,23.16,False,,,,,,
cl/v2-cal3-s1-q0/27043/1,cl-27043,cl,U,6.0,23.16,False,,,,,,
cl/v2-cal3-s1-q0/27043/1,cl-27043,cl,U',2.0,23.16,False,,,,,,
cl/v2-cal3-s1-q0/27043/1,cl-27043,cl,U',4.0,23.16,False,,,,,,
cl/v2-cal3-s1-q0/27043/1,cl-27043,cl,U',6.0,23.16,True,-1.84,1.7405999999999997,5.107,-6.186908166666667,-2.6063081666666674,20.550000306218863
cl/v2-cal3-s1-q0/27043/1,cl-27043,cl,L,2.0,23.16,True,18.16,22.1906,4.423,14.899511833333333,18.930111833333335,8.050000119954348
cl/v2-cal3-s1-q0/27043/1,cl-27043,cl,L,4.0,23.16,True,18.16,22.1906,4.423,14.899511833333333,18.930111833333335,8.050000119954348
cl/v2-cal3-s1-q0/27043/1,cl-27043,cl,L,6.0,23.16,True,18.16,22.1906,4.423,14.899511833333333,18.930111833333335,8.050000119954348
cl/v2-cal3-s1-q0/27043/1,cl-27043,cl,L',2.0,23.16,True,18.16,22.1906,4.423,14.899511833333333,18.930111833333335,8.050000119954348
cl/v2-cal3-s1-q0/27043/1,cl-27043,cl,L',4.0,23.16,True,18.16,22.1906,4.423,14.899511833333333,18.930111833333335,8.050000119954348
cl/v2-cal3-s1-q0/27043/1,cl-27043,cl,L',6.0,23.16,True,18.16,22.1906,4.423,14.899511833333333,18.930111833333335,8.050000119954348
cl/v2-cal3-s1-q0/27043/1,cl-27043,cl,R,2.0,23.16,True,0.16,4.170599999999999,4.158,-2.7214940000000003,1.289105999999999,20.050000298768282
cl/v2-cal3-s1-q0/27043/1,cl-27043,cl,R,4.0,23.16,True,3.16,7.2906,2.194,2.3577273333333335,6.488327333333334,19.05000028386712
cl/v2-cal3-s1-q0/27043/1,cl-27043,cl,R,6.0,23.16,True,5.16,9.040600000000001,1.947,4.5281985,8.408798500000001,12.050000179558992
cl/v2-cal3-s1-q0/27043/1,cl-27043,cl,R',2.0,23.16,True,2.16,5.920599999999999,3.098,0.5603993333333337,4.320999333333333,19.5500002913177
cl/v2-cal3-s1-q0/27043/1,cl-27043,cl,R',4.0,23.16,True,3.16,7.2906,2.194,2.3577273333333335,6.488327333333334,19.05000028386712
cl/v2-cal3-s1-q0/27043/1,cl-27043,cl,R',6.0,23.16,True,6.16,10.110599999999998,2.132,5.402429333333333,9.353029333333332,11.550000172108412
cl/v2-cal3-s1-q0/27870/1,cl-27870,cl,U,2.0,1.16,False,,,,,,
cl/v2-cal3-s1-q0/27870/1,cl-27870,cl,U,4.0,1.16,False,,,,,,
cl/v2-cal3-s1-q0/27870/1,cl-27870,cl,U,6.0,1.16,False,,,,,,
cl/v2-cal3-s1-q0/27870/1,cl-27870,cl,U',2.0,1.16,False,,,,,,
cl/v2-cal3-s1-q0/27870/1,cl-27870,cl,U',4.0,1.16,False,,,,,,
cl/v2-cal3-s1-q0/27870/1,cl-27870,cl,U',6.0,1.16,False,,,,,,
cl/v2-cal3-s1-q0/27870/1,cl-27870,cl,L,2.0,1.16,True,1.16,6.5706,1.317,0.8709184999999999,6.2815185,6.050000090152025
cl/v2-cal3-s1-q0/27870/1,cl-27870,cl,L,4.0,1.16,True,1.16,6.5706,1.317,0.8709184999999999,6.2815185,6.050000090152025
cl/v2-cal3-s1-q0/27870/1,cl-27870,cl,L,6.0,1.16,True,1.16,6.5706,1.317,0.8709184999999999,6.2815185,6.050000090152025
cl/v2-cal3-s1-q0/27870/1,cl-27870,cl,L',2.0,1.16,True,1.16,6.5706,1.317,0.8709184999999999,6.2815185,6.050000090152025
cl/v2-cal3-s1-q0/27870/1,cl-27870,cl,L',4.0,1.16,True,1.16,6.5706,1.317,0.8709184999999999,6.2815185,6.050000090152025
cl/v2-cal3-s1-q0/27870/1,cl-27870,cl,L',6.0,1.16,True,1.16,6.5706,1.317,0.8709184999999999,6.2815185,6.050000090152025
cl/v2-cal3-s1-q0/27870/1,cl-27870,cl,R,2.0,1.16,True,-0.84,4.3106,3.217,-2.5648481666666667,2.585751833333333,7.550000112503767
cl/v2-cal3-s1-q0/27870/1,cl-27870,cl,R,4.0,1.16,True,1.16,6.5706,0.0,1.16,6.5706,0.05000000074505806
cl/v2-cal3-s1-q0/27870/1,cl-27870,cl,R,6.0,1.16,True,1.16,6.5706,0.0,1.16,6.5706,0.05000000074505806
cl/v2-cal3-s1-q0/27870/1,cl-27870,cl,R',2.0,1.16,True,1.16,5.8206,2.65,-0.01041666666666674,4.650183333333333,7.050000105053186
cl/v2-cal3-s1-q0/27870/1,cl-27870,cl,R',4.0,1.16,True,1.16,6.5706,0.0,1.16,6.5706,0.05000000074505806
cl/v2-cal3-s1-q0/27870/1,cl-27870,cl,R',6.0,1.16,True,1.16,6.5706,0.0,1.16,6.5706,0.05000000074505806
cl/v2-cal3-s1-q1/15102/1,cl-15102,cl,U,2.0,2.16,False,,,,,,
cl/v2-cal3-s1-q1/15102/1,cl-15102,cl,U,4.0,2.16,False,,,,,,
cl/v2-cal3-s1-q1/15102/1,cl-15102,cl,U,6.0,2.16,False,,,,,,
cl/v2-cal3-s1-q1/15102/1,cl-15102,cl,U',2.0,2.16,False,,,,,,
cl/v2-cal3-s1-q1/15102/1,cl-15102,cl,U',4.0,2.16,False,,,,,,
cl/v2-cal3-s1-q1/15102/1,cl-15102,cl,U',6.0,2.16,False,,,,,,
cl/v2-cal3-s1-q1/15102/1,cl-15102,cl,L,2.0,2.16,True,2.16,2.1605999999999996,0.0,2.16,2.1605999999999996,0.5500000081956387
cl/v2-cal3-s1-q1/15102/1,cl-15102,cl,L,4.0,2.16,True,2.16,2.1605999999999996,0.0,2.16,2.1605999999999996,0.5500000081956387
cl/v2-cal3-s1-q1/15102/1,cl-15102,cl,L,6.0,2.16,True,2.16,2.1605999999999996,0.0,2.16,2.1605999999999996,0.05000000074505806
cl/v2-cal3-s1-q1/15102/1,cl-15102,cl,L',2.0,2.16,True,2.16,2.1605999999999996,0.0,2.16,2.1605999999999996,0.5500000081956387
cl/v2-cal3-s1-q1/15102/1,cl-15102,cl,L',4.0,2.16,True,2.16,2.1605999999999996,0.0,2.16,2.1605999999999996,0.5500000081956387
cl/v2-cal3-s1-q1/15102/1,cl-15102,cl,L',6.0,2.16,True,2.16,2.1605999999999996,0.0,2.16,2.1605999999999996,0.05000000074505806
cl/v2-cal3-s1-q1/15102/1,cl-15102,cl,R,2.0,2.16,True,1.16,1.2706,2.943,-0.2835415000000001,-0.17294150000000008,7.050000105053186
cl/v2-cal3-s1-q1/15102/1,cl-15102,cl,R,4.0,2.16,True,2.16,2.1605999999999996,0.0,2.16,2.1605999999999996,0.05000000074505806
cl/v2-cal3-s1-q1/15102/1,cl-15102,cl,R,6.0,2.16,True,2.16,2.1605999999999996,0.0,2.16,2.1605999999999996,0.05000000074505806
cl/v2-cal3-s1-q1/15102/1,cl-15102,cl,R',2.0,2.16,True,2.16,2.1605999999999996,1.27,1.8911833333333334,1.891783333333333,6.050000090152025
cl/v2-cal3-s1-q1/15102/1,cl-15102,cl,R',4.0,2.16,True,2.16,2.1605999999999996,0.0,2.16,2.1605999999999996,0.05000000074505806
cl/v2-cal3-s1-q1/15102/1,cl-15102,cl,R',6.0,2.16,True,2.16,2.1605999999999996,0.0,2.16,2.1605999999999996,0.05000000074505806
cl/v2-cal3-s1-q1/15612/2,cl-15612,cl,U,2.0,2.16,False,,,,,,
cl/v2-cal3-s1-q1/15612/2,cl-15612,cl,U,4.0,2.16,True,-0.84,3.7105999999999995,3.382,-2.7463206666666666,1.8042793333333327,7.550000112503767
cl/v2-cal3-s1-q1/15612/2,cl-15612,cl,U,6.0,2.16,True,2.16,6.280599999999999,0.0,2.16,6.280599999999999,0.05000000074505806
cl/v2-cal3-s1-q1/15612/2,cl-15612,cl,U',2.0,2.16,True,-0.84,3.7105999999999995,3.382,-2.7463206666666666,1.8042793333333327,7.550000112503767
cl/v2-cal3-s1-q1/15612/2,cl-15612,cl,U',4.0,2.16,True,1.16,5.2906,2.892,-0.23394400000000015,3.896656,7.050000105053186
cl/v2-cal3-s1-q1/15612/2,cl-15612,cl,U',6.0,2.16,True,2.16,6.280599999999999,0.0,2.16,6.280599999999999,0.05000000074505806
cl/v2-cal3-s1-q1/15612/2,cl-15612,cl,L,2.0,2.16,True,2.16,6.280599999999999,0.0,2.16,6.280599999999999,0.05000000074505806
cl/v2-cal3-s1-q1/15612/2,cl-15612,cl,L,4.0,2.16,True,2.16,6.280599999999999,0.0,2.16,6.280599999999999,0.05000000074505806
cl/v2-cal3-s1-q1/15612/2,cl-15612,cl,L,6.0,2.16,True,2.16,6.280599999999999,0.0,2.16,6.280599999999999,0.05000000074505806
cl/v2-cal3-s1-q1/15612/2,cl-15612,cl,L',2.0,2.16,True,2.16,6.280599999999999,0.0,2.16,6.280599999999999,0.05000000074505806
cl/v2-cal3-s1-q1/15612/2,cl-15612,cl,L',4.0,2.16,True,2.16,6.280599999999999,0.0,2.16,6.280599999999999,0.05000000074505806
cl/v2-cal3-s1-q1/15612/2,cl-15612,cl,L',6.0,2.16,True,2.16,6.280599999999999,0.0,2.16,6.280599999999999,0.05000000074505806
cl/v2-cal3-s1-q1/15612/2,cl-15612,cl,R,2.0,2.16,True,1.16,5.2906,2.892,-0.23394400000000015,3.896656,7.050000105053186
cl/v2-cal3-s1-q1/15612/2,cl-15612,cl,R,4.0,2.16,True,2.16,6.280599999999999,0.0,2.16,6.280599999999999,0.05000000074505806
cl/v2-cal3-s1-q1/15612/2,cl-15612,cl,R,6.0,2.16,True,2.16,6.280599999999999,0.0,2.16,6.280599999999999,0.05000000074505806
cl/v2-cal3-s1-q1/15612/2,cl-15612,cl,R',2.0,2.16,True,2.16,6.280599999999999,2.121,1.4102265000000003,5.530826499999999,6.550000097602606
cl/v2-cal3-s1-q1/15612/2,cl-15612,cl,R',4.0,2.16,True,2.16,6.280599999999999,0.0,2.16,6.280599999999999,0.05000000074505806
cl/v2-cal3-s1-q1/15612/2,cl-15612,cl,R',6.0,2.16,True,2.16,6.280599999999999,0.0,2.16,6.280599999999999,0.05000000074505806
cl/v2-cal3-s1-q1/16390/1,cl-16390,cl,U,2.0,2.16,False,,,,,,
cl/v2-cal3-s1-q1/16390/1,cl-16390,cl,U,4.0,2.16,False,,,,,,
cl/v2-cal3-s1-q1/16390/1,cl-16390,cl,U,6.0,2.16,False,,,,,,
cl/v2-cal3-s1-q1/16390/1,cl-16390,cl,U',2.0,2.16,False,,,,,,
cl/v2-cal3-s1-q1/16390/1,cl-16390,cl,U',4.0,2.16,False,,,,,,
cl/v2-cal3-s1-q1/16390/1,cl-16390,cl,U',6.0,2.16,True,2.16,5.6306,2.144,1.3938773333333332,4.864477333333333,6.550000097602606
cl/v2-cal3-s1-q1/16390/1,cl-16390,cl,L,2.0,2.16,True,2.16,5.6306,0.0,2.16,5.6306,0.05000000074505806
cl/v2-cal3-s1-q1/16390/1,cl-16390,cl,L,4.0,2.16,True,2.16,5.6306,0.0,2.16,5.6306,0.05000000074505806
cl/v2-cal3-s1-q1/16390/1,cl-16390,cl,L,6.0,2.16,True,2.16,5.6306,0.0,2.16,5.6306,0.05000000074505806
cl/v2-cal3-s1-q1/16390/1,cl-16390,cl,L',2.0,2.16,True,2.16,5.6306,0.0,2.16,5.6306,0.05000000074505806
cl/v2-cal3-s1-q1/16390/1,cl-16390,cl,L',4.0,2.16,True,2.16,5.6306,0.0,2.16,5.6306,0.05000000074505806
cl/v2-cal3-s1-q1/16390/1,cl-16390,cl,L',6.0,2.16,True,2.16,5.6306,0.0,2.16,5.6306,0.05000000074505806
cl/v2-cal3-s1-q1/16390/1,cl-16390,cl,R,2.0,2.16,True,2.16,5.6306,0.0,2.16,5.6306,0.05000000074505806
cl/v2-cal3-s1-q1/16390/1,cl-16390,cl,R,4.0,2.16,True,2.16,5.6306,0.0,2.16,5.6306,0.05000000074505806
cl/v2-cal3-s1-q1/16390/1,cl-16390,cl,R,6.0,2.16,True,2.16,5.6306,0.0,2.16,5.6306,0.05000000074505806
cl/v2-cal3-s1-q1/16390/1,cl-16390,cl,R',2.0,2.16,True,2.16,5.6306,0.0,2.16,5.6306,0.05000000074505806
cl/v2-cal3-s1-q1/16390/1,cl-16390,cl,R',4.0,2.16,True,2.16,5.6306,0.0,2.16,5.6306,0.05000000074505806
cl/v2-cal3-s1-q1/16390/1,cl-16390,cl,R',6.0,2.16,True,2.16,5.6306,0.0,2.16,5.6306,0.05000000074505806
cl/v2-cal3-s1-q1/24944/1,cl-24944,cl,U,2.0,65.82,True,-1.84,,3.491,-3.871180166666667,,81.05000120773911
cl/v2-cal3-s1-q1/24944/1,cl-24944,cl,U,4.0,65.82,True,2.16,,3.912,-0.39062399999999986,,80.05000119283795
cl/v2-cal3-s1-q1/24944/1,cl-24944,cl,U,6.0,65.82,True,11.16,21.7506,3.1,9.558333333333334,20.148933333333332,40.550000604242086
cl/v2-cal3-s1-q1/24944/1,cl-24944,cl,U',2.0,65.82,True,2.16,,3.912,-0.39062399999999986,,80.05000119283795
cl/v2-cal3-s1-q1/24944/1,cl-24944,cl,U',4.0,65.82,True,11.16,21.7506,3.1,9.558333333333334,20.148933333333332,40.550000604242086
cl/v2-cal3-s1-q1/24944/1,cl-24944,cl,U',6.0,65.82,True,11.16,21.7506,3.1,9.558333333333334,20.148933333333332,40.550000604242086
cl/v2-cal3-s1-q1/24944/1,cl-24944,cl,L,2.0,65.82,True,11.16,21.7506,3.1,9.558333333333334,20.148933333333332,40.550000604242086
cl/v2-cal3-s1-q1/24944/1,cl-24944,cl,L,4.0,65.82,True,11.16,21.7506,3.1,9.558333333333334,20.148933333333332,40.550000604242086
cl/v2-cal3-s1-q1/24944/1,cl-24944,cl,L,6.0,65.82,True,11.16,21.7506,3.1,9.558333333333334,20.148933333333332,40.550000604242086
cl/v2-cal3-s1-q1/24944/1,cl-24944,cl,L',2.0,65.82,True,11.16,21.7506,3.1,9.558333333333334,20.148933333333332,40.550000604242086
cl/v2-cal3-s1-q1/24944/1,cl-24944,cl,L',4.0,65.82,True,11.16,21.7506,3.1,9.558333333333334,20.148933333333332,40.550000604242086
cl/v2-cal3-s1-q1/24944/1,cl-24944,cl,L',6.0,65.82,True,11.16,21.7506,3.1,9.558333333333334,20.148933333333332,40.550000604242086
cl/v2-cal3-s1-q1/24944/1,cl-24944,cl,R,2.0,65.82,True,49.09,2.8405999999999993,0.803,48.98253183333334,2.7331318333333328,55.550000827759504
cl/v2-cal3-s1-q1/24944/1,cl-24944,cl,R,4.0,65.82,True,49.09,2.8405999999999993,0.803,48.98253183333334,2.7331318333333328,55.550000827759504
cl/v2-cal3-s1-q1/24944/1,cl-24944,cl,R,6.0,65.82,True,-1.84,8.3306,1.969,-2.486160166666667,7.684439833333334,48.050000716000795
cl/v2-cal3-s1-q1/24944/1,cl-24944,cl,R',2.0,65.82,True,49.09,2.8405999999999993,0.803,48.98253183333334,2.7331318333333328,55.550000827759504
cl/v2-cal3-s1-q1/24944/1,cl-24944,cl,R',4.0,65.82,True,49.09,2.8405999999999993,0.803,48.98253183333334,2.7331318333333328,55.550000827759504
cl/v2-cal3-s1-q1/24944/1,cl-24944,cl,R',6.0,65.82,True,-0.84,9.4406,2.503,-1.884168166666667,8.396431833333333,47.550000708550215
cl/v2-cal3-s1-q1/27297/1,cl-27297,cl,U,2.0,18.59,False,,,,,,
cl/v2-cal3-s1-q1/27297/1,cl-27297,cl,U,4.0,18.59,False,,,,,,
cl/v2-cal3-s1-q1/27297/1,cl-27297,cl,U,6.0,18.59,False,,,,,,
cl/v2-cal3-s1-q1/27297/1,cl-27297,cl,U',2.0,18.59,False,,,,,,
cl/v2-cal3-s1-q1/27297/1,cl-27297,cl,U',4.0,18.59,False,,,,,,
cl/v2-cal3-s1-q1/27297/1,cl-27297,cl,U',6.0,18.59,False,,,,,,
cl/v2-cal3-s1-q1/27297/1,cl-27297,cl,L,2.0,18.59,True,3.3,7.440599999999999,4.755,-0.4683375000000001,3.672262499999999,10.05000014975667
cl/v2-cal3-s1-q1/27297/1,cl-27297,cl,L,4.0,18.59,True,3.3,7.440599999999999,4.755,-0.4683375000000001,3.672262499999999,10.05000014975667
cl/v2-cal3-s1-q1/27297/1,cl-27297,cl,L,6.0,18.59,True,3.3,7.440599999999999,4.755,-0.4683375000000001,3.672262499999999,10.05000014975667
cl/v2-cal3-s1-q1/27297/1,cl-27297,cl,L',2.0,18.59,True,3.3,7.440599999999999,4.755,-0.4683375000000001,3.672262499999999,10.05000014975667
cl/v2-cal3-s1-q1/27297/1,cl-27297,cl,L',4.0,18.59,True,3.3,7.440599999999999,4.755,-0.4683375000000001,3.672262499999999,10.05000014975667
cl/v2-cal3-s1-q1/27297/1,cl-27297,cl,L',6.0,18.59,True,3.3,7.440599999999999,4.755,-0.4683375000000001,3.672262499999999,10.05000014975667
cl/v2-cal3-s1-q1/27297/1,cl-27297,cl,R,2.0,18.59,True,1.26,5.1606,4.189,-1.6646201666666667,2.235979833333333,10.55000015720725
cl/v2-cal3-s1-q1/27297/1,cl-27297,cl,R,4.0,18.59,True,3.3,7.440599999999999,4.755,-0.4683375000000001,3.672262499999999,10.05000014975667
cl/v2-cal3-s1-q1/27297/1,cl-27297,cl,R,6.0,18.59,True,3.3,7.440599999999999,4.755,-0.4683375000000001,3.672262499999999,10.05000014975667
cl/v2-cal3-s1-q1/27297/1,cl-27297,cl,R',2.0,18.59,True,5.34,9.9006,5.025,1.1315624999999994,5.6921625,9.55000014230609
cl/v2-cal3-s1-q1/27297/1,cl-27297,cl,R',4.0,18.59,True,5.34,9.9006,5.025,1.1315624999999994,5.6921625,9.55000014230609
cl/v2-cal3-s1-q1/27297/1,cl-27297,cl,R',6.0,18.59,True,8.4,12.590599999999998,5.089,4.083679833333333,8.274279833333331,9.050000134855509
cl/v2-cal3-s1-q2/15483/1,cl-15483,cl,U,2.0,2.16,True,2.16,5.850599999999999,0.0,2.16,5.850599999999999,0.05000000074505806
cl/v2-cal3-s1-q2/15483/1,cl-15483,cl,U,4.0,2.16,True,2.16,5.850599999999999,0.0,2.16,5.850599999999999,0.05000000074505806
cl/v2-cal3-s1-q2/15483/1,cl-15483,cl,U,6.0,2.16,True,2.16,5.850599999999999,0.0,2.16,5.850599999999999,0.05000000074505806
cl/v2-cal3-s1-q2/15483/1,cl-15483,cl,U',2.0,2.16,True,2.16,5.850599999999999,0.0,2.16,5.850599999999999,0.05000000074505806
cl/v2-cal3-s1-q2/15483/1,cl-15483,cl,U',4.0,2.16,True,2.16,5.850599999999999,0.0,2.16,5.850599999999999,0.05000000074505806
cl/v2-cal3-s1-q2/15483/1,cl-15483,cl,U',6.0,2.16,True,2.16,5.850599999999999,0.0,2.16,5.850599999999999,0.05000000074505806
cl/v2-cal3-s1-q2/15483/1,cl-15483,cl,L,2.0,2.16,True,2.16,5.850599999999999,0.0,2.16,5.850599999999999,0.05000000074505806
cl/v2-cal3-s1-q2/15483/1,cl-15483,cl,L,4.0,2.16,True,2.16,5.850599999999999,0.0,2.16,5.850599999999999,0.05000000074505806
cl/v2-cal3-s1-q2/15483/1,cl-15483,cl,L,6.0,2.16,True,2.16,5.850599999999999,0.0,2.16,5.850599999999999,0.05000000074505806
cl/v2-cal3-s1-q2/15483/1,cl-15483,cl,L',2.0,2.16,True,2.16,5.850599999999999,0.0,2.16,5.850599999999999,0.05000000074505806
cl/v2-cal3-s1-q2/15483/1,cl-15483,cl,L',4.0,2.16,True,2.16,5.850599999999999,0.0,2.16,5.850599999999999,0.05000000074505806
cl/v2-cal3-s1-q2/15483/1,cl-15483,cl,L',6.0,2.16,True,2.16,5.850599999999999,0.0,2.16,5.850599999999999,0.05000000074505806
cl/v2-cal3-s1-q2/15483/1,cl-15483,cl,R,2.0,2.16,True,0.16,4.850599999999999,2.77,-1.1188166666666668,3.5717833333333324,7.050000105053186
cl/v2-cal3-s1-q2/15483/1,cl-15483,cl,R,4.0,2.16,True,2.16,5.850599999999999,0.0,2.16,5.850599999999999,0.05000000074505806
cl/v2-cal3-s1-q2/15483/1,cl-15483,cl,R,6.0,2.16,True,2.16,5.850599999999999,0.0,2.16,5.850599999999999,0.05000000074505806
cl/v2-cal3-s1-q2/15483/1,cl-15483,cl,R',2.0,2.16,True,2.16,5.850599999999999,1.229,1.9082598333333334,5.598859833333332,6.050000090152025
cl/v2-cal3-s1-q2/15483/1,cl-15483,cl,R',4.0,2.16,True,2.16,5.850599999999999,0.0,2.16,5.850599999999999,0.05000000074505806
cl/v2-cal3-s1-q2/15483/1,cl-15483,cl,R',6.0,2.16,True,2.16,5.850599999999999,0.0,2.16,5.850599999999999,0.05000000074505806
cl/v2-cal3-s1-q2/16508/1,cl-16508,cl,U,2.0,2.16,False,,,,,,
cl/v2-cal3-s1-q2/16508/1,cl-16508,cl,U,4.0,2.16,False,,,,,,
cl/v2-cal3-s1-q2/16508/1,cl-16508,cl,U,6.0,2.16,False,,,,,,
cl/v2-cal3-s1-q2/16508/1,cl-16508,cl,U',2.0,2.16,False,,,,,,
cl/v2-cal3-s1-q2/16508/1,cl-16508,cl,U',4.0,2.16,False,,,,,,
cl/v2-cal3-s1-q2/16508/1,cl-16508,cl,U',6.0,2.16,True,-0.84,4.8206,4.702,-4.524800666666667,1.1357993333333334,7.550000112503767
cl/v2-cal3-s1-q2/16508/1,cl-16508,cl,L,2.0,2.16,True,2.16,7.930599999999999,0.0,2.16,7.930599999999999,0.05000000074505806
cl/v2-cal3-s1-q2/16508/1,cl-16508,cl,L,4.0,2.16,True,2.16,7.930599999999999,0.0,2.16,7.930599999999999,0.05000000074505806
cl/v2-cal3-s1-q2/16508/1,cl-16508,cl,L,6.0,2.16,True,2.16,7.930599999999999,0.0,2.16,7.930599999999999,0.05000000074505806
cl/v2-cal3-s1-q2/16508/1,cl-16508,cl,L',2.0,2.16,True,2.16,7.930599999999999,0.0,2.16,7.930599999999999,0.05000000074505806
cl/v2-cal3-s1-q2/16508/1,cl-16508,cl,L',4.0,2.16,True,2.16,7.930599999999999,0.0,2.16,7.930599999999999,0.05000000074505806
cl/v2-cal3-s1-q2/16508/1,cl-16508,cl,L',6.0,2.16,True,2.16,7.930599999999999,0.0,2.16,7.930599999999999,0.05000000074505806
cl/v2-cal3-s1-q2/16508/1,cl-16508,cl,R,2.0,2.16,True,1.16,6.920599999999999,3.459,-0.8341135000000002,4.926486499999999,7.050000105053186
cl/v2-cal3-s1-q2/16508/1,cl-16508,cl,R,4.0,2.16,True,2.16,7.930599999999999,0.0,2.16,7.930599999999999,0.05000000074505806
cl/v2-cal3-s1-q2/16508/1,cl-16508,cl,R,6.0,2.16,True,2.16,7.930599999999999,0.0,2.16,7.930599999999999,0.05000000074505806
cl/v2-cal3-s1-q2/16508/1,cl-16508,cl,R',2.0,2.16,True,2.16,7.930599999999999,2.173,1.3730118333333334,7.143611833333333,6.550000097602606
cl/v2-cal3-s1-q2/16508/1,cl-16508,cl,R',4.0,2.16,True,2.16,7.930599999999999,0.0,2.16,7.930599999999999,0.05000000074505806
cl/v2-cal3-s1-q2/16508/1,cl-16508,cl,R',6.0,2.16,True,2.16,7.930599999999999,0.0,2.16,7.930599999999999,0.05000000074505806
cl/v2-cal3-s1-q2/16529/1,cl-16529,cl,U,2.0,2.16,True,0.16,2.7605999999999993,4.19,-2.7660166666666672,-0.1654166666666681,7.550000112503767
cl/v2-cal3-s1-q2/16529/1,cl-16529,cl,U,4.0,2.16,True,0.16,2.7605999999999993,4.19,-2.7660166666666672,-0.1654166666666681,7.550000112503767
cl/v2-cal3-s1-q2/16529/1,cl-16529,cl,U,6.0,2.16,True,0.16,2.7605999999999993,4.19,-2.7660166666666672,-0.1654166666666681,7.550000112503767
cl/v2-cal3-s1-q2/16529/1,cl-16529,cl,U',2.0,2.16,True,0.16,2.7605999999999993,4.19,-2.7660166666666672,-0.1654166666666681,7.550000112503767
cl/v2-cal3-s1-q2/16529/1,cl-16529,cl,U',4.0,2.16,True,0.16,2.7605999999999993,4.19,-2.7660166666666672,-0.1654166666666681,7.550000112503767
cl/v2-cal3-s1-q2/16529/1,cl-16529,cl,U',6.0,2.16,True,0.16,4.5806,3.22,-1.568066666666667,2.8525333333333327,7.050000105053186
cl/v2-cal3-s1-q2/16529/1,cl-16529,cl,L,2.0,2.16,True,2.16,5.8306,0.0,2.16,5.8306,0.05000000074505806
cl/v2-cal3-s1-q2/16529/1,cl-16529,cl,L,4.0,2.16,True,2.16,5.8306,0.0,2.16,5.8306,0.05000000074505806
cl/v2-cal3-s1-q2/16529/1,cl-16529,cl,L,6.0,2.16,True,2.16,5.8306,0.0,2.16,5.8306,0.05000000074505806
cl/v2-cal3-s1-q2/16529/1,cl-16529,cl,L',2.0,2.16,True,2.16,5.8306,0.0,2.16,5.8306,0.05000000074505806
cl/v2-cal3-s1-q2/16529/1,cl-16529,cl,L',4.0,2.16,True,2.16,5.8306,0.0,2.16,5.8306,0.05000000074505806
cl/v2-cal3-s1-q2/16529/1,cl-16529,cl,L',6.0,2.16,True,2.16,5.8306,0.0,2.16,5.8306,0.05000000074505806
cl/v2-cal3-s1-q2/16529/1,cl-16529,cl,R,2.0,2.16,True,2.16,5.8306,0.0,2.16,5.8306,0.05000000074505806
cl/v2-cal3-s1-q2/16529/1,cl-16529,cl,R,4.0,2.16,True,2.16,5.8306,0.0,2.16,5.8306,0.05000000074505806
cl/v2-cal3-s1-q2/16529/1,cl-16529,cl,R,6.0,2.16,True,2.16,5.8306,0.0,2.16,5.8306,0.05000000074505806
cl/v2-cal3-s1-q2/16529/1,cl-16529,cl,R',2.0,2.16,True,2.16,5.8306,0.0,2.16,5.8306,0.05000000074505806
cl/v2-cal3-s1-q2/16529/1,cl-16529,cl,R',4.0,2.16,True,2.16,5.8306,0.0,2.16,5.8306,0.05000000074505806
cl/v2-cal3-s1-q2/16529/1,cl-16529,cl,R',6.0,2.16,True,2.16,5.8306,0.0,2.16,5.8306,0.05000000074505806
cl/v2-cal3-s1-q2/28147/1,cl-28147,cl,U,2.0,16.32,False,,,,,,
cl/v2-cal3-s1-q2/28147/1,cl-28147,cl,U,4.0,16.32,False,,,,,,
cl/v2-cal3-s1-q2/28147/1,cl-28147,cl,U,6.0,16.32,True,4.17,9.6006,3.819,1.7392064999999999,7.1698065,9.55000014230609
cl/v2-cal3-s1-q2/28147/1,cl-28147,cl,U',2.0,16.32,False,,,,,,
cl/v2-cal3-s1-q2/28147/1,cl-28147,cl,U',4.0,16.32,True,4.17,9.6006,3.819,1.7392064999999999,7.1698065,9.55000014230609
cl/v2-cal3-s1-q2/28147/1,cl-28147,cl,U',6.0,16.32,True,4.17,9.6006,3.819,1.7392064999999999,7.1698065,9.55000014230609
cl/v2-cal3-s1-q2/28147/1,cl-28147,cl,L,2.0,16.32,True,4.17,9.6006,3.819,1.7392064999999999,7.1698065,9.55000014230609
cl/v2-cal3-s1-q2/28147/1,cl-28147,cl,L,4.0,16.32,True,10.32,16.5706,4.989,6.1716465000000005,12.4222465,8.050000119954348
cl/v2-cal3-s1-q2/28147/1,cl-28147,cl,L,6.0,16.32,True,16.32,21.8306,0.0,16.32,21.8306,2.0500000305473804
cl/v2-cal3-s1-q2/28147/1,cl-28147,cl,L',2.0,16.32,True,10.32,16.5706,4.989,6.1716465000000005,12.4222465,8.050000119954348
cl/v2-cal3-s1-q2/28147/1,cl-28147,cl,L',4.0,16.32,True,10.32,16.5706,4.989,6.1716465000000005,12.4222465,8.050000119954348
cl/v2-cal3-s1-q2/28147/1,cl-28147,cl,L',6.0,16.32,True,16.32,21.8306,0.0,16.32,21.8306,2.0500000305473804
cl/v2-cal3-s1-q2/28147/1,cl-28147,cl,R,2.0,16.32,True,-0.84,4.950599999999999,0.0,-0.84,4.950599999999999,12.050000179558992
cl/v2-cal3-s1-q2/28147/1,cl-28147,cl,R,4.0,16.32,True,1.16,6.430599999999999,2.588,0.043709333333333156,5.314309333333332,10.55000015720725
cl/v2-cal3-s1-q2/28147/1,cl-28147,cl,R,6.0,16.32,True,2.16,7.920599999999999,3.262,0.3865593333333335,6.147159333333333,10.05000014975667
cl/v2-cal3-s1-q2/28147/1,cl-28147,cl,R',2.0,16.32,True,0.16,5.2306,1.998,-0.505334,4.565266,11.050000164657831
cl/v2-cal3-s1-q2/28147/1,cl-28147,cl,R',4.0,16.32,True,2.16,7.920599999999999,3.262,0.3865593333333335,6.147159333333333,10.05000014975667
cl/v2-cal3-s1-q2/28147/1,cl-28147,cl,R',6.0,16.32,True,6.18,11.5506,4.539,2.7462465000000003,8.1168465,9.050000134855509
cl/v2-cal3-s1-q2/9196/1,cl-9196,cl,U,2.0,18.16,True,3.16,8.2406,0.433,3.1287518333333333,8.209351833333335,19.05000028386712
cl/v2-cal3-s1-q2/9196/1,cl-9196,cl,U,4.0,18.16,True,4.16,9.1506,2.036,3.4691173333333336,8.459717333333334,18.55000027641654
cl/v2-cal3-s1-q2/9196/1,cl-9196,cl,U,6.0,18.16,True,4.16,9.1506,2.036,3.4691173333333336,8.459717333333334,18.55000027641654
cl/v2-cal3-s1-q2/9196/1,cl-9196,cl,U',2.0,18.16,True,4.16,9.1506,2.036,3.4691173333333336,8.459717333333334,18.55000027641654
cl/v2-cal3-s1-q2/9196/1,cl-9196,cl,U',4.0,18.16,True,4.16,9.1506,2.036,3.4691173333333336,8.459717333333334,18.55000027641654
cl/v2-cal3-s1-q2/9196/1,cl-9196,cl,U',6.0,18.16,True,4.16,9.1506,2.036,3.4691173333333336,8.459717333333334,18.55000027641654
cl/v2-cal3-s1-q2/9196/1,cl-9196,cl,L,2.0,18.16,True,9.16,14.6006,2.953,7.706631833333334,13.147231833333333,16.550000246614218
cl/v2-cal3-s1-q2/9196/1,cl-9196,cl,L,4.0,18.16,True,9.16,14.6006,2.953,7.706631833333334,13.147231833333333,16.550000246614218
cl/v2-cal3-s1-q2/9196/1,cl-9196,cl,L,6.0,18.16,True,15.16,20.470599999999997,2.405,14.195995833333333,19.506595833333332,8.050000119954348
cl/v2-cal3-s1-q2/9196/1,cl-9196,cl,L',2.0,18.16,True,9.16,14.6006,2.953,7.706631833333334,13.147231833333333,16.550000246614218
cl/v2-cal3-s1-q2/9196/1,cl-9196,cl,L',4.0,18.16,True,10.16,16.060599999999997,2.507,9.112491833333333,15.01309183333333,16.050000239163637
cl/v2-cal3-s1-q2/9196/1,cl-9196,cl,L',6.0,18.16,True,15.16,20.470599999999997,2.405,14.195995833333333,19.506595833333332,8.050000119954348
cl/v2-cal3-s1-q2/9196/1,cl-9196,cl,R,2.0,18.16,True,1.16,6.3906,2.483,0.1324518333333331,5.3630518333333335,26.05000038817525
cl/v2-cal3-s1-q2/9196/1,cl-9196,cl,R,4.0,18.16,True,4.16,9.1506,2.036,3.4691173333333336,8.459717333333334,18.55000027641654
cl/v2-cal3-s1-q2/9196/1,cl-9196,cl,R,6.0,18.16,True,5.16,10.2606,2.481,4.134106500000001,9.2347065,18.05000026896596
cl/v2-cal3-s1-q2/9196/1,cl-9196,cl,R',2.0,18.16,True,2.16,7.4706,1.638,1.7128260000000002,7.023426000000001,25.55000038072467
cl/v2-cal3-s1-q2/9196/1,cl-9196,cl,R',4.0,18.16,True,4.16,9.1506,2.036,3.4691173333333336,8.459717333333334,18.55000027641654
cl/v2-cal3-s1-q2/9196/1,cl-9196,cl,R',6.0,18.16,True,6.16,11.630600000000001,2.788,4.864509333333333,10.335109333333335,17.55000026151538
cl/v2-dbg-shadow-s0-light/27787/1,cl-27787,cl,U,2.0,3.17,False,,,,,,
cl/v2-dbg-shadow-s0-light/27787/1,cl-27787,cl,U,4.0,3.17,False,,,,,,
cl/v2-dbg-shadow-s0-light/27787/1,cl-27787,cl,U,6.0,3.17,True,3.17,6.7306,0.0,3.17,6.7306,1.5500000230967999
cl/v2-dbg-shadow-s0-light/27787/1,cl-27787,cl,U',2.0,3.17,False,,,,,,
cl/v2-dbg-shadow-s0-light/27787/1,cl-27787,cl,U',4.0,3.17,True,3.17,6.7306,2.111,2.427279833333333,5.987879833333333,6.550000097602606
cl/v2-dbg-shadow-s0-light/27787/1,cl-27787,cl,U',6.0,3.17,True,3.17,6.7306,0.0,3.17,6.7306,1.5500000230967999
cl/v2-dbg-shadow-s0-light/27787/1,cl-27787,cl,L,2.0,3.17,True,3.17,6.7306,0.0,3.17,6.7306,1.0500000156462193
cl/v2-dbg-shadow-s0-light/27787/1,cl-27787,cl,L,4.0,3.17,True,3.17,6.7306,0.0,3.17,6.7306,1.0500000156462193
cl/v2-dbg-shadow-s0-light/27787/1,cl-27787,cl,L,6.0,3.17,True,3.17,6.7306,0.0,3.17,6.7306,1.0500000156462193
cl/v2-dbg-shadow-s0-light/27787/1,cl-27787,cl,L',2.0,3.17,True,3.17,6.7306,0.0,3.17,6.7306,1.0500000156462193
cl/v2-dbg-shadow-s0-light/27787/1,cl-27787,cl,L',4.0,3.17,True,3.17,6.7306,0.0,3.17,6.7306,1.0500000156462193
cl/v2-dbg-shadow-s0-light/27787/1,cl-27787,cl,L',6.0,3.17,True,3.17,6.7306,0.0,3.17,6.7306,1.0500000156462193
cl/v2-dbg-shadow-s0-light/27787/1,cl-27787,cl,R,2.0,3.17,True,2.17,5.6506,2.864,0.8029173333333333,4.283517333333333,7.050000105053186
cl/v2-dbg-shadow-s0-light/27787/1,cl-27787,cl,R,4.0,3.17,True,3.17,6.7306,0.0,3.17,6.7306,0.05000000074505806
cl/v2-dbg-shadow-s0-light/27787/1,cl-27787,cl,R,6.0,3.17,True,3.17,6.7306,0.0,3.17,6.7306,0.05000000074505806
cl/v2-dbg-shadow-s0-light/27787/1,cl-27787,cl,R',2.0,3.17,True,2.17,5.6506,2.864,0.8029173333333333,4.283517333333333,7.050000105053186
cl/v2-dbg-shadow-s0-light/27787/1,cl-27787,cl,R',4.0,3.17,True,3.17,6.7306,0.0,3.17,6.7306,0.05000000074505806
cl/v2-dbg-shadow-s0-light/27787/1,cl-27787,cl,R',6.0,3.17,True,3.17,6.7306,0.0,3.17,6.7306,0.05000000074505806
cl/v2-dbg-shadow-s0-light/334/1,cl-334,cl,U,2.0,25.16,True,-0.84,6.0005999999999995,0.35,-0.8604166666666666,5.980183333333333,13.550000201910734
cl/v2-dbg-shadow-s0-light/334/1,cl-334,cl,U,4.0,25.16,True,-0.84,6.0005999999999995,0.35,-0.8604166666666666,5.980183333333333,13.550000201910734
cl/v2-dbg-shadow-s0-light/334/1,cl-334,cl,U,6.0,25.16,True,2.16,9.1506,2.613,1.0220385,8.012638500000001,12.050000179558992
cl/v2-dbg-shadow-s0-light/334/1,cl-334,cl,U',2.0,25.16,True,-0.84,6.0005999999999995,0.35,-0.8604166666666666,5.980183333333333,13.550000201910734
cl/v2-dbg-shadow-s0-light/334/1,cl-334,cl,U',4.0,25.16,True,-0.84,6.0005999999999995,0.35,-0.8604166666666666,5.980183333333333,13.550000201910734
cl/v2-dbg-shadow-s0-light/334/1,cl-334,cl,U',6.0,25.16,True,2.16,9.1506,2.613,1.0220385,8.012638500000001,12.050000179558992
cl/v2-dbg-shadow-s0-light/334/1,cl-334,cl,L,2.0,25.16,True,19.16,26.4106,5.092,14.838589333333335,22.089189333333334,8.050000119954348
cl/v2-dbg-shadow-s0-light/334/1,cl-334,cl,L,4.0,25.16,True,19.16,26.4106,5.092,14.838589333333335,22.089189333333334,8.050000119954348
cl/v2-dbg-shadow-s0-light/334/1,cl-334,cl,L,6.0,25.16,True,19.16,26.4106,5.092,14.838589333333335,22.089189333333334,8.050000119954348
cl/v2-dbg-shadow-s0-light/334/1,cl-334,cl,L',2.0,25.16,True,19.16,26.4106,5.092,14.838589333333335,22.089189333333334,8.050000119954348
cl/v2-dbg-shadow-s0-light/334/1,cl-334,cl,L',4.0,25.16,True,19.16,26.4106,5.092,14.838589333333335,22.089189333333334,8.050000119954348
cl/v2-dbg-shadow-s0-light/334/1,cl-334,cl,L',6.0,25.16,True,19.16,26.4106,5.092,14.838589333333335,22.089189333333334,8.050000119954348
cl/v2-dbg-shadow-s0-light/334/1,cl-334,cl,R,2.0,25.16,True,-0.84,6.0005999999999995,0.35,-0.8604166666666666,5.980183333333333,13.550000201910734
cl/v2-dbg-shadow-s0-light/334/1,cl-334,cl,R,4.0,25.16,True,1.16,7.7906,2.275,0.2973958333333334,6.927995833333334,12.550000187009573
cl/v2-dbg-shadow-s0-light/334/1,cl-334,cl,R,6.0,25.16,True,2.16,9.1506,2.613,1.0220385,8.012638500000001,12.050000179558992
cl/v2-dbg-shadow-s0-light/334/1,cl-334,cl,R',2.0,25.16,True,-0.84,6.0005999999999995,0.35,-0.8604166666666666,5.980183333333333,13.550000201910734
cl/v2-dbg-shadow-s0-light/334/1,cl-334,cl,R',4.0,25.16,True,1.16,7.7906,2.275,0.2973958333333334,6.927995833333334,12.550000187009573
cl/v2-dbg-shadow-s0-light/334/1,cl-334,cl,R',6.0,25.16,True,4.16,10.5106,2.964,2.6957839999999997,9.046384,11.550000172108412
cl/v2-dbg-vred-qwen-s0-334/334/1,cl-334,cl,U,2.0,25.16,False,,,,,,
cl/v2-dbg-vred-qwen-s0-334/334/1,cl-334,cl,U,4.0,25.16,False,,,,,,
cl/v2-dbg-vred-qwen-s0-334/334/1,cl-334,cl,U,6.0,25.16,True,2.16,9.110599999999998,2.68,0.9629333333333332,7.913533333333331,12.050000179558992
cl/v2-dbg-vred-qwen-s0-334/334/1,cl-334,cl,U',2.0,25.16,False,,,,,,
cl/v2-dbg-vred-qwen-s0-334/334/1,cl-334,cl,U',4.0,25.16,False,,,,,,
cl/v2-dbg-vred-qwen-s0-334/334/1,cl-334,cl,U',6.0,25.16,True,2.16,9.110599999999998,2.68,0.9629333333333332,7.913533333333331,12.050000179558992
cl/v2-dbg-vred-qwen-s0-334/334/1,cl-334,cl,L,2.0,25.16,True,19.16,26.400599999999997,5.11,14.807983333333333,22.04858333333333,8.050000119954348
cl/v2-dbg-vred-qwen-s0-334/334/1,cl-334,cl,L,4.0,25.16,True,19.16,26.400599999999997,5.11,14.807983333333333,22.04858333333333,8.050000119954348
cl/v2-dbg-vred-qwen-s0-334/334/1,cl-334,cl,L,6.0,25.16,True,24.16,30.6606,3.279,22.3680265,28.868626499999998,7.050000105053186
cl/v2-dbg-vred-qwen-s0-334/334/1,cl-334,cl,L',2.0,25.16,True,19.16,26.400599999999997,5.11,14.807983333333333,22.04858333333333,8.050000119954348
cl/v2-dbg-vred-qwen-s0-334/334/1,cl-334,cl,L',4.0,25.16,True,24.16,30.6606,3.279,22.3680265,28.868626499999998,7.050000105053186
cl/v2-dbg-vred-qwen-s0-334/334/1,cl-334,cl,L',6.0,25.16,True,24.16,30.6606,3.279,22.3680265,28.868626499999998,7.050000105053186
cl/v2-dbg-vred-qwen-s0-334/334/1,cl-334,cl,R,2.0,25.16,True,-0.84,5.8106,1.588,-1.2602906666666667,5.390309333333334,13.550000201910734
cl/v2-dbg-vred-qwen-s0-334/334/1,cl-334,cl,R,4.0,25.16,True,1.16,7.7106,2.349,0.2403664999999997,6.7909665,12.550000187009573
cl/v2-dbg-vred-qwen-s0-334/334/1,cl-334,cl,R,6.0,25.16,True,2.16,9.110599999999998,2.68,0.9629333333333332,7.913533333333331,12.050000179558992
cl/v2-dbg-vred-qwen-s0-334/334/1,cl-334,cl,R',2.0,25.16,True,0.16,6.6606,2.018,-0.5187206666666665,5.9818793333333335,13.050000194460154
cl/v2-dbg-vred-qwen-s0-334/334/1,cl-334,cl,R',4.0,25.16,True,2.16,9.110599999999998,2.68,0.9629333333333332,7.913533333333331,12.050000179558992
cl/v2-dbg-vred-qwen-s0-334/334/1,cl-334,cl,R',6.0,25.16,True,4.16,10.4906,3.03,2.6298500000000002,8.960450000000002,11.550000172108412
cl/v2-dbg-vred2-s0-334/334/1,cl-334,cl,U,2.0,25.16,False,,,,,,
cl/v2-dbg-vred2-s0-334/334/1,cl-334,cl,U,4.0,25.16,False,,,,,,
cl/v2-dbg-vred2-s0-334/334/1,cl-334,cl,U,6.0,25.16,True,3.16,10.3006,1.931,2.5385398333333336,9.679139833333332,12.050000179558992
cl/v2-dbg-vred2-s0-334/334/1,cl-334,cl,U',2.0,25.16,False,,,,,,
cl/v2-dbg-vred2-s0-334/334/1,cl-334,cl,U',4.0,25.16,False,,,,,,
cl/v2-dbg-vred2-s0-334/334/1,cl-334,cl,U',6.0,25.16,True,3.16,10.3006,1.931,2.5385398333333336,9.679139833333332,12.050000179558992
cl/v2-dbg-vred2-s0-334/334/1,cl-334,cl,L,2.0,25.16,True,19.16,26.400599999999997,5.168,14.708629333333334,21.94922933333333,8.050000119954348
cl/v2-dbg-vred2-s0-334/334/1,cl-334,cl,L,4.0,25.16,True,19.16,26.400599999999997,5.168,14.708629333333334,21.94922933333333,8.050000119954348
cl/v2-dbg-vred2-s0-334/334/1,cl-334,cl,L,6.0,25.16,True,19.16,26.400599999999997,5.168,14.708629333333334,21.94922933333333,8.050000119954348
cl/v2-dbg-vred2-s0-334/334/1,cl-334,cl,L',2.0,25.16,True,19.16,26.400599999999997,5.168,14.708629333333334,21.94922933333333,8.050000119954348
cl/v2-dbg-vred2-s0-334/334/1,cl-334,cl,L',4.0,25.16,True,19.16,26.400599999999997,5.168,14.708629333333334,21.94922933333333,8.050000119954348
cl/v2-dbg-vred2-s0-334/334/1,cl-334,cl,L',6.0,25.16,True,19.16,26.400599999999997,5.168,14.708629333333334,21.94922933333333,8.050000119954348
cl/v2-dbg-vred2-s0-334/334/1,cl-334,cl,R,2.0,25.16,True,-1.84,4.4106,4.945,-5.9155041666666675,0.33509583333333204,17.0500002540648
cl/v2-dbg-vred2-s0-334/334/1,cl-334,cl,R,4.0,25.16,True,0.16,6.5706,3.668,-2.082370666666667,4.328229333333333,16.550000246614218
cl/v2-dbg-vred2-s0-334/334/1,cl-334,cl,R,6.0,25.16,True,3.16,9.340599999999998,0.279,3.1470265,9.3276265,12.550000187009573
cl/v2-dbg-vred2-s0-334/334/1,cl-334,cl,R',2.0,25.16,True,0.16,6.5706,3.668,-2.082370666666667,4.328229333333333,16.550000246614218
cl/v2-dbg-vred2-s0-334/334/1,cl-334,cl,R',4.0,25.16,True,1.16,8.130600000000001,2.299,0.2790998333333333,7.2496998333333345,16.050000239163637
cl/v2-dbg-vred2-s0-334/334/1,cl-334,cl,R',6.0,25.16,True,3.16,10.3006,1.931,2.5385398333333336,9.679139833333332,12.050000179558992
cl/v2-dbg-vred3-s0-27787/27787/1,cl-27787,cl,U,2.0,3.17,False,,,,,,
cl/v2-dbg-vred3-s0-27787/27787/1,cl-27787,cl,U,4.0,3.17,True,3.17,6.7306,2.091,2.4412865,6.0018864999999995,6.550000097602606
cl/v2-dbg-vred3-s0-27787/27787/1,cl-27787,cl,U,6.0,3.17,True,3.17,6.7306,0.0,3.17,6.7306,1.5500000230967999
cl/v2-dbg-vred3-s0-27787/27787/1,cl-27787,cl,U',2.0,3.17,False,,,,,,
cl/v2-dbg-vred3-s0-27787/27787/1,cl-27787,cl,U',4.0,3.17,True,3.17,6.7306,2.091,2.4412865,6.0018864999999995,6.550000097602606
cl/v2-dbg-vred3-s0-27787/27787/1,cl-27787,cl,U',6.0,3.17,True,3.17,6.7306,0.0,3.17,6.7306,1.5500000230967999
cl/v2-dbg-vred3-s0-27787/27787/1,cl-27787,cl,L,2.0,3.17,True,3.17,6.7306,0.0,3.17,6.7306,0.5500000081956387
cl/v2-dbg-vred3-s0-27787/27787/1,cl-27787,cl,L,4.0,3.17,True,3.17,6.7306,0.0,3.17,6.7306,0.5500000081956387
cl/v2-dbg-vred3-s0-27787/27787/1,cl-27787,cl,L,6.0,3.17,True,3.17,6.7306,0.0,3.17,6.7306,0.5500000081956387
cl/v2-dbg-vred3-s0-27787/27787/1,cl-27787,cl,L',2.0,3.17,True,3.17,6.7306,0.0,3.17,6.7306,0.5500000081956387
cl/v2-dbg-vred3-s0-27787/27787/1,cl-27787,cl,L',4.0,3.17,True,3.17,6.7306,0.0,3.17,6.7306,0.5500000081956387
cl/v2-dbg-vred3-s0-27787/27787/1,cl-27787,cl,L',6.0,3.17,True,3.17,6.7306,0.0,3.17,6.7306,0.5500000081956387
cl/v2-dbg-vred3-s0-27787/27787/1,cl-27787,cl,R,2.0,3.17,True,2.17,5.670599999999999,2.761,0.8994798333333331,4.400079833333333,7.050000105053186
cl/v2-dbg-vred3-s0-27787/27787/1,cl-27787,cl,R,4.0,3.17,True,3.17,6.7306,0.0,3.17,6.7306,0.05000000074505806
cl/v2-dbg-vred3-s0-27787/27787/1,cl-27787,cl,R,6.0,3.17,True,3.17,6.7306,0.0,3.17,6.7306,0.05000000074505806
cl/v2-dbg-vred3-s0-27787/27787/1,cl-27787,cl,R',2.0,3.17,True,2.17,5.670599999999999,2.761,0.8994798333333331,4.400079833333333,7.050000105053186
cl/v2-dbg-vred3-s0-27787/27787/1,cl-27787,cl,R',4.0,3.17,True,3.17,6.7306,0.0,3.17,6.7306,0.05000000074505806
cl/v2-dbg-vred3-s0-27787/27787/1,cl-27787,cl,R',6.0,3.17,True,3.17,6.7306,0.0,3.17,6.7306,0.05000000074505806
cl/v2-dbg-vred3-s0-334/334/1,cl-334,cl,U,2.0,25.16,False,,,,,,
cl/v2-dbg-vred3-s0-334/334/1,cl-334,cl,U,4.0,25.16,False,,,,,,
cl/v2-dbg-vred3-s0-334/334/1,cl-334,cl,U,6.0,25.16,False,,,,,,
cl/v2-dbg-vred3-s0-334/334/1,cl-334,cl,U',2.0,25.16,False,,,,,,
cl/v2-dbg-vred3-s0-334/334/1,cl-334,cl,U',4.0,25.16,False,,,,,,
cl/v2-dbg-vred3-s0-334/334/1,cl-334,cl,U',6.0,25.16,True,17.16,23.9106,5.032,12.939829333333332,19.69042933333333,8.550000127404928
cl/v2-dbg-vred3-s0-334/334/1,cl-334,cl,L,2.0,25.16,True,22.16,28.7906,4.342,19.017839333333335,25.648439333333336,7.550000112503767
cl/v2-dbg-vred3-s0-334/334/1,cl-334,cl,L,4.0,25.16,True,22.16,28.7906,4.342,19.017839333333335,25.648439333333336,7.550000112503767
cl/v2-dbg-vred3-s0-334/334/1,cl-334,cl,L,6.0,25.16,True,24.16,30.670599999999997,3.192,22.461856,28.972455999999998,7.050000105053186
cl/v2-dbg-vred3-s0-334/334/1,cl-334,cl,L',2.0,25.16,True,22.16,28.7906,4.342,19.017839333333335,25.648439333333336,7.550000112503767
cl/v2-dbg-vred3-s0-334/334/1,cl-334,cl,L',4.0,25.16,True,24.16,30.670599999999997,3.192,22.461856,28.972455999999998,7.050000105053186
cl/v2-dbg-vred3-s0-334/334/1,cl-334,cl,L',6.0,25.16,True,24.16,30.670599999999997,3.192,22.461856,28.972455999999998,7.050000105053186
cl/v2-dbg-vred3-s0-334/334/1,cl-334,cl,R,2.0,25.16,True,-1.84,4.3706000000000005,4.76,-5.616266666666666,0.594333333333334,17.0500002540648
cl/v2-dbg-vred3-s0-334/334/1,cl-334,cl,R,4.0,25.16,True,1.16,7.9706,2.323,0.26061183333333326,7.071211833333334,16.050000239163637
cl/v2-dbg-vred3-s0-334/334/1,cl-334,cl,R,6.0,25.16,True,3.16,9.380600000000001,1.598,2.734399333333333,8.954999333333335,12.550000187009573
cl/v2-dbg-vred3-s0-334/334/1,cl-334,cl,R',2.0,25.16,True,0.16,6.450599999999999,3.527,-1.913288166666667,4.377311833333332,16.550000246614218
cl/v2-dbg-vred3-s0-334/334/1,cl-334,cl,R',4.0,25.16,True,1.16,7.9706,2.323,0.26061183333333326,7.071211833333334,16.050000239163637
cl/v2-dbg-vred3-s0-334/334/1,cl-334,cl,R',6.0,25.16,True,4.16,10.4606,2.021,3.4792598333333333,9.779859833333333,12.050000179558992
cl/v2-drive-s0-tgt/15483/1,cl-15483,cl,U,2.0,2.16,False,,,,,,
cl/v2-drive-s0-tgt/15483/1,cl-15483,cl,U,4.0,2.16,True,2.16,5.850599999999999,0.0,2.16,5.850599999999999,0.05000000074505806
cl/v2-drive-s0-tgt/15483/1,cl-15483,cl,U,6.0,2.16,True,2.16,5.850599999999999,0.0,2.16,5.850599999999999,0.05000000074505806
cl/v2-drive-s0-tgt/15483/1,cl-15483,cl,U',2.0,2.16,False,,,,,,
cl/v2-drive-s0-tgt/15483/1,cl-15483,cl,U',4.0,2.16,True,2.16,5.850599999999999,0.0,2.16,5.850599999999999,0.05000000074505806
cl/v2-drive-s0-tgt/15483/1,cl-15483,cl,U',6.0,2.16,True,2.16,5.850599999999999,0.0,2.16,5.850599999999999,0.05000000074505806
cl/v2-drive-s0-tgt/15483/1,cl-15483,cl,L,2.0,2.16,True,2.16,5.850599999999999,0.0,2.16,5.850599999999999,0.05000000074505806
cl/v2-drive-s0-tgt/15483/1,cl-15483,cl,L,4.0,2.16,True,2.16,5.850599999999999,0.0,2.16,5.850599999999999,0.05000000074505806
cl/v2-drive-s0-tgt/15483/1,cl-15483,cl,L,6.0,2.16,True,2.16,5.850599999999999,0.0,2.16,5.850599999999999,0.05000000074505806
cl/v2-drive-s0-tgt/15483/1,cl-15483,cl,L',2.0,2.16,True,2.16,5.850599999999999,0.0,2.16,5.850599999999999,0.05000000074505806
cl/v2-drive-s0-tgt/15483/1,cl-15483,cl,L',4.0,2.16,True,2.16,5.850599999999999,0.0,2.16,5.850599999999999,0.05000000074505806
cl/v2-drive-s0-tgt/15483/1,cl-15483,cl,L',6.0,2.16,True,2.16,5.850599999999999,0.0,2.16,5.850599999999999,0.05000000074505806
cl/v2-drive-s0-tgt/15483/1,cl-15483,cl,R,2.0,2.16,True,2.16,4.9606,2.705,0.9404958333333335,3.7410958333333335,7.050000105053186
cl/v2-drive-s0-tgt/15483/1,cl-15483,cl,R,4.0,2.16,True,2.16,5.850599999999999,0.0,2.16,5.850599999999999,0.05000000074505806
cl/v2-drive-s0-tgt/15483/1,cl-15483,cl,R,6.0,2.16,True,2.16,5.850599999999999,0.0,2.16,5.850599999999999,0.05000000074505806
cl/v2-drive-s0-tgt/15483/1,cl-15483,cl,R',2.0,2.16,True,2.16,5.850599999999999,1.238,1.9045593333333335,5.595159333333332,6.050000090152025
cl/v2-drive-s0-tgt/15483/1,cl-15483,cl,R',4.0,2.16,True,2.16,5.850599999999999,0.0,2.16,5.850599999999999,0.05000000074505806
cl/v2-drive-s0-tgt/15483/1,cl-15483,cl,R',6.0,2.16,True,2.16,5.850599999999999,0.0,2.16,5.850599999999999,0.05000000074505806
cl/v2-drive-s0-tgt/15612/1,cl-15612,cl,U,2.0,2.16,False,,,,,,
cl/v2-drive-s0-tgt/15612/1,cl-15612,cl,U,4.0,2.16,True,1.16,5.3106,2.884,-0.22624266666666681,3.924357333333333,7.050000105053186
cl/v2-drive-s0-tgt/15612/1,cl-15612,cl,U,6.0,2.16,True,2.16,6.280599999999999,0.0,2.16,6.280599999999999,0.05000000074505806
cl/v2-drive-s0-tgt/15612/1,cl-15612,cl,U',2.0,2.16,True,1.16,5.3106,2.884,-0.22624266666666681,3.924357333333333,7.050000105053186
cl/v2-drive-s0-tgt/15612/1,cl-15612,cl,U',4.0,2.16,True,1.16,5.3106,2.884,-0.22624266666666681,3.924357333333333,7.050000105053186
cl/v2-drive-s0-tgt/15612/1,cl-15612,cl,U',6.0,2.16,True,2.16,6.280599999999999,0.0,2.16,6.280599999999999,0.05000000074505806
cl/v2-drive-s0-tgt/15612/1,cl-15612,cl,L,2.0,2.16,True,2.16,6.280599999999999,0.0,2.16,6.280599999999999,0.05000000074505806
cl/v2-drive-s0-tgt/15612/1,cl-15612,cl,L,4.0,2.16,True,2.16,6.280599999999999,0.0,2.16,6.280599999999999,0.05000000074505806
cl/v2-drive-s0-tgt/15612/1,cl-15612,cl,L,6.0,2.16,True,2.16,6.280599999999999,0.0,2.16,6.280599999999999,0.05000000074505806
cl/v2-drive-s0-tgt/15612/1,cl-15612,cl,L',2.0,2.16,True,2.16,6.280599999999999,0.0,2.16,6.280599999999999,0.05000000074505806
cl/v2-drive-s0-tgt/15612/1,cl-15612,cl,L',4.0,2.16,True,2.16,6.280599999999999,0.0,2.16,6.280599999999999,0.05000000074505806
cl/v2-drive-s0-tgt/15612/1,cl-15612,cl,L',6.0,2.16,True,2.16,6.280599999999999,0.0,2.16,6.280599999999999,0.05000000074505806
cl/v2-drive-s0-tgt/15612/1,cl-15612,cl,R,2.0,2.16,True,1.16,5.3106,2.884,-0.22624266666666681,3.924357333333333,7.050000105053186
cl/v2-drive-s0-tgt/15612/1,cl-15612,cl,R,4.0,2.16,True,2.16,6.280599999999999,0.0,2.16,6.280599999999999,0.05000000074505806
cl/v2-drive-s0-tgt/15612/1,cl-15612,cl,R,6.0,2.16,True,2.16,6.280599999999999,0.0,2.16,6.280599999999999,0.05000000074505806
cl/v2-drive-s0-tgt/15612/1,cl-15612,cl,R',2.0,2.16,True,2.16,6.280599999999999,2.096,1.4277973333333334,5.548397333333332,6.550000097602606
cl/v2-drive-s0-tgt/15612/1,cl-15612,cl,R',4.0,2.16,True,2.16,6.280599999999999,0.0,2.16,6.280599999999999,0.05000000074505806
cl/v2-drive-s0-tgt/15612/1,cl-15612,cl,R',6.0,2.16,True,2.16,6.280599999999999,0.0,2.16,6.280599999999999,0.05000000074505806
cl/v2-drive-s0-tgt/16390/1,cl-16390,cl,U,2.0,2.16,False,,,,,,
cl/v2-drive-s0-tgt/16390/1,cl-16390,cl,U,4.0,2.16,False,,,,,,
cl/v2-drive-s0-tgt/16390/1,cl-16390,cl,U,6.0,2.16,True,2.16,5.6306,2.141,1.3960198333333333,4.866619833333334,6.550000097602606
cl/v2-drive-s0-tgt/16390/1,cl-16390,cl,U',2.0,2.16,False,,,,,,
cl/v2-drive-s0-tgt/16390/1,cl-16390,cl,U',4.0,2.16,True,-1.84,2.5606,4.359,-5.0068135,-0.6062135,7.550000112503767
cl/v2-drive-s0-tgt/16390/1,cl-16390,cl,U',6.0,2.16,True,2.16,5.6306,2.141,1.3960198333333333,4.866619833333334,6.550000097602606
cl/v2-drive-s0-tgt/16390/1,cl-16390,cl,L,2.0,2.16,True,2.16,5.6306,0.0,2.16,5.6306,0.05000000074505806
cl/v2-drive-s0-tgt/16390/1,cl-16390,cl,L,4.0,2.16,True,2.16,5.6306,0.0,2.16,5.6306,0.05000000074505806
cl/v2-drive-s0-tgt/16390/1,cl-16390,cl,L,6.0,2.16,True,2.16,5.6306,0.0,2.16,5.6306,0.05000000074505806
cl/v2-drive-s0-tgt/16390/1,cl-16390,cl,L',2.0,2.16,True,2.16,5.6306,0.0,2.16,5.6306,0.05000000074505806
cl/v2-drive-s0-tgt/16390/1,cl-16390,cl,L',4.0,2.16,True,2.16,5.6306,0.0,2.16,5.6306,0.05000000074505806
cl/v2-drive-s0-tgt/16390/1,cl-16390,cl,L',6.0,2.16,True,2.16,5.6306,0.0,2.16,5.6306,0.05000000074505806
cl/v2-drive-s0-tgt/16390/1,cl-16390,cl,R,2.0,2.16,True,2.16,5.6306,0.0,2.16,5.6306,0.05000000074505806
cl/v2-drive-s0-tgt/16390/1,cl-16390,cl,R,4.0,2.16,True,2.16,5.6306,0.0,2.16,5.6306,0.05000000074505806
cl/v2-drive-s0-tgt/16390/1,cl-16390,cl,R,6.0,2.16,True,2.16,5.6306,0.0,2.16,5.6306,0.05000000074505806
cl/v2-drive-s0-tgt/16390/1,cl-16390,cl,R',2.0,2.16,True,2.16,5.6306,0.0,2.16,5.6306,0.05000000074505806
cl/v2-drive-s0-tgt/16390/1,cl-16390,cl,R',4.0,2.16,True,2.16,5.6306,0.0,2.16,5.6306,0.05000000074505806
cl/v2-drive-s0-tgt/16390/1,cl-16390,cl,R',6.0,2.16,True,2.16,5.6306,0.0,2.16,5.6306,0.05000000074505806
cl/v2-drive-s0-tgt/16508/1,cl-16508,cl,U,2.0,2.16,False,,,,,,
cl/v2-drive-s0-tgt/16508/1,cl-16508,cl,U,4.0,2.16,False,,,,,,
cl/v2-drive-s0-tgt/16508/1,cl-16508,cl,U,6.0,2.16,False,,,,,,
cl/v2-drive-s0-tgt/16508/1,cl-16508,cl,U',2.0,2.16,False,,,,,,
cl/v2-drive-s0-tgt/16508/1,cl-16508,cl,U',4.0,2.16,False,,,,,,
cl/v2-drive-s0-tgt/16508/1,cl-16508,cl,U',6.0,2.16,False,,,,,,
cl/v2-drive-s0-tgt/16508/1,cl-16508,cl,L,2.0,2.16,True,2.16,7.930599999999999,0.0,2.16,7.930599999999999,0.05000000074505806
cl/v2-drive-s0-tgt/16508/1,cl-16508,cl,L,4.0,2.16,True,2.16,7.930599999999999,0.0,2.16,7.930599999999999,0.05000000074505806
cl/v2-drive-s0-tgt/16508/1,cl-16508,cl,L,6.0,2.16,True,2.16,7.930599999999999,0.0,2.16,7.930599999999999,0.05000000074505806
cl/v2-drive-s0-tgt/16508/1,cl-16508,cl,L',2.0,2.16,True,2.16,7.930599999999999,0.0,2.16,7.930599999999999,0.05000000074505806
cl/v2-drive-s0-tgt/16508/1,cl-16508,cl,L',4.0,2.16,True,2.16,7.930599999999999,0.0,2.16,7.930599999999999,0.05000000074505806
cl/v2-drive-s0-tgt/16508/1,cl-16508,cl,L',6.0,2.16,True,2.16,7.930599999999999,0.0,2.16,7.930599999999999,0.05000000074505806
cl/v2-drive-s0-tgt/16508/1,cl-16508,cl,R,2.0,2.16,True,1.16,6.940599999999999,3.442,-0.8145606666666669,4.966039333333332,7.050000105053186
cl/v2-drive-s0-tgt/16508/1,cl-16508,cl,R,4.0,2.16,True,2.16,7.930599999999999,0.0,2.16,7.930599999999999,0.05000000074505806
cl/v2-drive-s0-tgt/16508/1,cl-16508,cl,R,6.0,2.16,True,2.16,7.930599999999999,0.0,2.16,7.930599999999999,0.05000000074505806
cl/v2-drive-s0-tgt/16508/1,cl-16508,cl,R',2.0,2.16,True,2.16,7.930599999999999,2.155,1.3859958333333338,7.156595833333332,6.550000097602606
cl/v2-drive-s0-tgt/16508/1,cl-16508,cl,R',4.0,2.16,True,2.16,7.930599999999999,0.0,2.16,7.930599999999999,0.05000000074505806
cl/v2-drive-s0-tgt/16508/1,cl-16508,cl,R',6.0,2.16,True,2.16,7.930599999999999,0.0,2.16,7.930599999999999,0.05000000074505806
cl/v2-drive-s0-tgt/16529/1,cl-16529,cl,U,2.0,2.16,True,0.16,2.8205999999999998,4.099,-2.6403001666666666,0.020299833333333073,7.550000112503767
cl/v2-drive-s0-tgt/16529/1,cl-16529,cl,U,4.0,2.16,True,0.16,2.8205999999999998,4.099,-2.6403001666666666,0.020299833333333073,7.550000112503767
cl/v2-drive-s0-tgt/16529/1,cl-16529,cl,U,6.0,2.16,True,0.16,4.600599999999999,3.148,-1.491650666666667,2.9489493333333323,7.050000105053186
cl/v2-drive-s0-tgt/16529/1,cl-16529,cl,U',2.0,2.16,True,0.16,2.8205999999999998,4.099,-2.6403001666666666,0.020299833333333073,7.550000112503767
cl/v2-drive-s0-tgt/16529/1,cl-16529,cl,U',4.0,2.16,True,0.16,4.600599999999999,3.148,-1.491650666666667,2.9489493333333323,7.050000105053186
cl/v2-drive-s0-tgt/16529/1,cl-16529,cl,U',6.0,2.16,True,0.16,4.600599999999999,3.148,-1.491650666666667,2.9489493333333323,7.050000105053186
cl/v2-drive-s0-tgt/16529/1,cl-16529,cl,L,2.0,2.16,True,2.16,5.8306,0.0,2.16,5.8306,0.05000000074505806
cl/v2-drive-s0-tgt/16529/1,cl-16529,cl,L,4.0,2.16,True,2.16,5.8306,0.0,2.16,5.8306,0.05000000074505806
cl/v2-drive-s0-tgt/16529/1,cl-16529,cl,L,6.0,2.16,True,2.16,5.8306,0.0,2.16,5.8306,0.05000000074505806
cl/v2-drive-s0-tgt/16529/1,cl-16529,cl,L',2.0,2.16,True,2.16,5.8306,0.0,2.16,5.8306,0.05000000074505806
cl/v2-drive-s0-tgt/16529/1,cl-16529,cl,L',4.0,2.16,True,2.16,5.8306,0.0,2.16,5.8306,0.05000000074505806
cl/v2-drive-s0-tgt/16529/1,cl-16529,cl,L',6.0,2.16,True,2.16,5.8306,0.0,2.16,5.8306,0.05000000074505806
cl/v2-drive-s0-tgt/16529/1,cl-16529,cl,R,2.0,2.16,True,2.16,5.8306,0.0,2.16,5.8306,0.05000000074505806
cl/v2-drive-s0-tgt/16529/1,cl-16529,cl,R,4.0,2.16,True,2.16,5.8306,0.0,2.16,5.8306,0.05000000074505806
cl/v2-drive-s0-tgt/16529/1,cl-16529,cl,R,6.0,2.16,True,2.16,5.8306,0.0,2.16,5.8306,0.05000000074505806
cl/v2-drive-s0-tgt/16529/1,cl-16529,cl,R',2.0,2.16,True,2.16,5.8306,0.0,2.16,5.8306,0.05000000074505806
cl/v2-drive-s0-tgt/16529/1,cl-16529,cl,R',4.0,2.16,True,2.16,5.8306,0.0,2.16,5.8306,0.05000000074505806
cl/v2-drive-s0-tgt/16529/1,cl-16529,cl,R',6.0,2.16,True,2.16,5.8306,0.0,2.16,5.8306,0.05000000074505806
cl/v2-drive-s1-dev/15102/1,cl-15102,cl,U,2.0,2.16,False,,,,,,
cl/v2-drive-s1-dev/15102/1,cl-15102,cl,U,4.0,2.16,False,,,,,,
cl/v2-drive-s1-dev/15102/1,cl-15102,cl,U,6.0,2.16,False,,,,,,
cl/v2-drive-s1-dev/15102/1,cl-15102,cl,U',2.0,2.16,False,,,,,,
cl/v2-drive-s1-dev/15102/1,cl-15102,cl,U',4.0,2.16,False,,,,,,
cl/v2-drive-s1-dev/15102/1,cl-15102,cl,U',6.0,2.16,False,,,,,,
cl/v2-drive-s1-dev/15102/1,cl-15102,cl,L,2.0,2.16,True,2.16,2.1605999999999996,0.0,2.16,2.1605999999999996,0.5500000081956387
cl/v2-drive-s1-dev/15102/1,cl-15102,cl,L,4.0,2.16,True,2.16,2.1605999999999996,0.0,2.16,2.1605999999999996,0.5500000081956387
cl/v2-drive-s1-dev/15102/1,cl-15102,cl,L,6.0,2.16,True,2.16,2.1605999999999996,0.0,2.16,2.1605999999999996,0.05000000074505806
cl/v2-drive-s1-dev/15102/1,cl-15102,cl,L',2.0,2.16,True,2.16,2.1605999999999996,0.0,2.16,2.1605999999999996,0.5500000081956387
cl/v2-drive-s1-dev/15102/1,cl-15102,cl,L',4.0,2.16,True,2.16,2.1605999999999996,0.0,2.16,2.1605999999999996,0.5500000081956387
cl/v2-drive-s1-dev/15102/1,cl-15102,cl,L',6.0,2.16,True,2.16,2.1605999999999996,0.0,2.16,2.1605999999999996,0.05000000074505806
cl/v2-drive-s1-dev/15102/1,cl-15102,cl,R,2.0,2.16,True,1.16,1.3005999999999993,2.895,-0.23683750000000003,-0.09623750000000064,7.050000105053186
cl/v2-drive-s1-dev/15102/1,cl-15102,cl,R,4.0,2.16,True,2.16,2.1605999999999996,0.0,2.16,2.1605999999999996,0.05000000074505806
cl/v2-drive-s1-dev/15102/1,cl-15102,cl,R,6.0,2.16,True,2.16,2.1605999999999996,0.0,2.16,2.1605999999999996,0.05000000074505806
cl/v2-drive-s1-dev/15102/1,cl-15102,cl,R',2.0,2.16,True,2.16,2.1605999999999996,1.256,1.8970773333333335,1.897677333333333,6.050000090152025
cl/v2-drive-s1-dev/15102/1,cl-15102,cl,R',4.0,2.16,True,2.16,2.1605999999999996,0.0,2.16,2.1605999999999996,0.05000000074505806
cl/v2-drive-s1-dev/15102/1,cl-15102,cl,R',6.0,2.16,True,2.16,2.1605999999999996,0.0,2.16,2.1605999999999996,0.05000000074505806
cl/v2-drive-s1-dev/24944/1,cl-24944,cl,U,2.0,65.82,False,,,,,,
cl/v2-drive-s1-dev/24944/1,cl-24944,cl,U,4.0,65.82,True,-0.84,,4.149,-3.7090335,,86.05000128224492
cl/v2-drive-s1-dev/24944/1,cl-24944,cl,U,6.0,65.82,True,1.16,,4.286,-1.9016326666666663,,85.55000127479434
cl/v2-drive-s1-dev/24944/1,cl-24944,cl,U',2.0,65.82,True,1.16,,4.286,-1.9016326666666663,,85.55000127479434
cl/v2-drive-s1-dev/24944/1,cl-24944,cl,U',4.0,65.82,True,1.16,,4.286,-1.9016326666666663,,85.55000127479434
cl/v2-drive-s1-dev/24944/1,cl-24944,cl,U',6.0,65.82,True,11.16,,2.355,10.2356625,,76.05000113323331
cl/v2-drive-s1-dev/24944/1,cl-24944,cl,L,2.0,65.82,True,0.16,10.7606,0.0,0.16,10.7606,46.05000068619847
cl/v2-drive-s1-dev/24944/1,cl-24944,cl,L,4.0,65.82,True,0.16,10.7606,0.0,0.16,10.7606,46.05000068619847
cl/v2-drive-s1-dev/24944/1,cl-24944,cl,L,6.0,65.82,True,0.16,10.7606,0.0,0.16,10.7606,46.05000068619847
cl/v2-drive-s1-dev/24944/1,cl-24944,cl,L',2.0,65.82,True,0.16,10.7606,0.0,0.16,10.7606,46.05000068619847
cl/v2-drive-s1-dev/24944/1,cl-24944,cl,L',4.0,65.82,True,0.16,10.7606,0.0,0.16,10.7606,46.05000068619847
cl/v2-drive-s1-dev/24944/1,cl-24944,cl,L',6.0,65.82,True,0.16,10.7606,0.0,0.16,10.7606,46.05000068619847
cl/v2-drive-s1-dev/24944/1,cl-24944,cl,R,2.0,65.82,True,49.09,2.680599999999999,1.314,48.802234000000006,2.3928339999999992,54.05000080540776
cl/v2-drive-s1-dev/24944/1,cl-24944,cl,R,4.0,65.82,True,49.09,2.680599999999999,1.314,48.802234000000006,2.3928339999999992,54.05000080540776
cl/v2-drive-s1-dev/24944/1,cl-24944,cl,R,6.0,65.82,True,-1.84,8.4406,2.5,-2.881666666666667,7.398933333333333,49.05000073090196
cl/v2-drive-s1-dev/24944/1,cl-24944,cl,R',2.0,65.82,True,49.09,2.680599999999999,1.314,48.802234000000006,2.3928339999999992,54.05000080540776
cl/v2-drive-s1-dev/24944/1,cl-24944,cl,R',4.0,65.82,True,49.09,2.680599999999999,1.314,48.802234000000006,2.3928339999999992,54.05000080540776
cl/v2-drive-s1-dev/24944/1,cl-24944,cl,R',6.0,65.82,True,-0.84,9.540600000000001,1.972,-1.4881306666666667,8.892469333333334,48.550000723451376
cl/v2-drive-s1-dev/27043/1,cl-27043,cl,U,2.0,23.16,False,,,,,,
cl/v2-drive-s1-dev/27043/1,cl-27043,cl,U,4.0,23.16,False,,,,,,
cl/v2-drive-s1-dev/27043/1,cl-27043,cl,U,6.0,23.16,False,,,,,,
cl/v2-drive-s1-dev/27043/1,cl-27043,cl,U',2.0,23.16,False,,,,,,
cl/v2-drive-s1-dev/27043/1,cl-27043,cl,U',4.0,23.16,False,,,,,,
cl/v2-drive-s1-dev/27043/1,cl-27043,cl,U',6.0,23.16,True,1.16,5.2206,2.851,-0.19470016666666679,3.8658998333333336,20.050000298768282
cl/v2-drive-s1-dev/27043/1,cl-27043,cl,L,2.0,23.16,True,18.16,22.3206,4.37,14.977183333333333,19.13778333333333,8.050000119954348
cl/v2-drive-s1-dev/27043/1,cl-27043,cl,L,4.0,23.16,True,18.16,22.3206,4.37,14.977183333333333,19.13778333333333,8.050000119954348
cl/v2-drive-s1-dev/27043/1,cl-27043,cl,L,6.0,23.16,True,18.16,22.3206,4.37,14.977183333333333,19.13778333333333,8.050000119954348
cl/v2-drive-s1-dev/27043/1,cl-27043,cl,L',2.0,23.16,True,18.16,22.3206,4.37,14.977183333333333,19.13778333333333,8.050000119954348
cl/v2-drive-s1-dev/27043/1,cl-27043,cl,L',4.0,23.16,True,18.16,22.3206,4.37,14.977183333333333,19.13778333333333,8.050000119954348
cl/v2-drive-s1-dev/27043/1,cl-27043,cl,L',6.0,23.16,True,18.16,22.3206,4.37,14.977183333333333,19.13778333333333,8.050000119954348
cl/v2-drive-s1-dev/27043/1,cl-27043,cl,R,2.0,23.16,True,1.16,5.2206,2.851,-0.19470016666666679,3.8658998333333336,20.050000298768282
cl/v2-drive-s1-dev/27043/1,cl-27043,cl,R,4.0,23.16,True,4.16,7.690599999999999,1.916,3.5481573333333336,7.078757333333332,12.550000187009573
cl/v2-drive-s1-dev/27043/1,cl-27043,cl,R,6.0,23.16,True,5.16,8.8006,2.112,4.416576,8.057175999999998,12.050000179558992
cl/v2-drive-s1-dev/27043/1,cl-27043,cl,R',2.0,23.16,True,2.16,6.3306,1.844,1.5932773333333334,5.763877333333333,19.5500002913177
cl/v2-drive-s1-dev/27043/1,cl-27043,cl,R',4.0,23.16,True,4.16,7.690599999999999,1.916,3.5481573333333336,7.078757333333332,12.550000187009573
cl/v2-drive-s1-dev/27043/1,cl-27043,cl,R',6.0,23.16,True,6.16,9.9606,2.314,5.267567333333334,9.068167333333333,11.550000172108412
cl/v2-drive-s1-dev/27297/1,cl-27297,cl,U,2.0,18.59,False,,,,,,
cl/v2-drive-s1-dev/27297/1,cl-27297,cl,U,4.0,18.59,False,,,,,,
cl/v2-drive-s1-dev/27297/1,cl-27297,cl,U,6.0,18.59,False,,,,,,
cl/v2-drive-s1-dev/27297/1,cl-27297,cl,U',2.0,18.59,False,,,,,,
cl/v2-drive-s1-dev/27297/1,cl-27297,cl,U',4.0,18.59,False,,,,,,
cl/v2-drive-s1-dev/27297/1,cl-27297,cl,U',6.0,18.59,False,,,,,,
cl/v2-drive-s1-dev/27297/1,cl-27297,cl,L,2.0,18.59,True,3.3,7.5806,4.657,-0.3146081666666669,3.965991833333333,10.05000014975667
cl/v2-drive-s1-dev/27297/1,cl-27297,cl,L,4.0,18.59,True,3.3,7.5806,4.657,-0.3146081666666669,3.965991833333333,10.05000014975667
cl/v2-drive-s1-dev/27297/1,cl-27297,cl,L,6.0,18.59,True,3.3,7.5806,4.657,-0.3146081666666669,3.965991833333333,10.05000014975667
cl/v2-drive-s1-dev/27297/1,cl-27297,cl,L',2.0,18.59,True,3.3,7.5806,4.657,-0.3146081666666669,3.965991833333333,10.05000014975667
cl/v2-drive-s1-dev/27297/1,cl-27297,cl,L',4.0,18.59,True,3.3,7.5806,4.657,-0.3146081666666669,3.965991833333333,10.05000014975667
cl/v2-drive-s1-dev/27297/1,cl-27297,cl,L',6.0,18.59,True,3.3,7.5806,4.657,-0.3146081666666669,3.965991833333333,10.05000014975667
cl/v2-drive-s1-dev/27297/1,cl-27297,cl,R,2.0,18.59,True,1.26,5.340599999999999,4.105,-1.5485041666666672,2.532095833333332,10.55000015720725
cl/v2-drive-s1-dev/27297/1,cl-27297,cl,R,4.0,18.59,True,3.3,7.5806,4.657,-0.3146081666666669,3.965991833333333,10.05000014975667
cl/v2-drive-s1-dev/27297/1,cl-27297,cl,R,6.0,18.59,True,3.3,7.5806,4.657,-0.3146081666666669,3.965991833333333,10.05000014975667
cl/v2-drive-s1-dev/27297/1,cl-27297,cl,R',2.0,18.59,True,3.3,7.5806,4.657,-0.3146081666666669,3.965991833333333,10.05000014975667
cl/v2-drive-s1-dev/27297/1,cl-27297,cl,R',4.0,18.59,True,5.34,9.980599999999999,4.93,1.2891833333333338,5.929783333333333,9.55000014230609
cl/v2-drive-s1-dev/27297/1,cl-27297,cl,R',6.0,18.59,True,8.4,12.6406,5.007,4.221658500000001,8.4622585,9.050000134855509
cl/v2-drive-s1-dev/27870/1,cl-27870,cl,U,2.0,1.16,False,,,,,,
cl/v2-drive-s1-dev/27870/1,cl-27870,cl,U,4.0,1.16,False,,,,,,
cl/v2-drive-s1-dev/27870/1,cl-27870,cl,U,6.0,1.16,False,,,,,,
cl/v2-drive-s1-dev/27870/1,cl-27870,cl,U',2.0,1.16,False,,,,,,
cl/v2-drive-s1-dev/27870/1,cl-27870,cl,U',4.0,1.16,False,,,,,,
cl/v2-drive-s1-dev/27870/1,cl-27870,cl,U',6.0,1.16,False,,,,,,
cl/v2-drive-s1-dev/27870/1,cl-27870,cl,L,2.0,1.16,True,1.16,6.5706,1.198,0.9207993333333333,6.331399333333333,6.050000090152025
cl/v2-drive-s1-dev/27870/1,cl-27870,cl,L,4.0,1.16,True,1.16,6.5706,1.198,0.9207993333333333,6.331399333333333,6.050000090152025
cl/v2-drive-s1-dev/27870/1,cl-27870,cl,L,6.0,1.16,True,1.16,6.5706,1.198,0.9207993333333333,6.331399333333333,6.050000090152025
cl/v2-drive-s1-dev/27870/1,cl-27870,cl,L',2.0,1.16,True,1.16,6.5706,1.198,0.9207993333333333,6.331399333333333,6.050000090152025
cl/v2-drive-s1-dev/27870/1,cl-27870,cl,L',4.0,1.16,True,1.16,6.5706,1.198,0.9207993333333333,6.331399333333333,6.050000090152025
cl/v2-drive-s1-dev/27870/1,cl-27870,cl,L',6.0,1.16,True,1.16,6.5706,1.198,0.9207993333333333,6.331399333333333,6.050000090152025
cl/v2-drive-s1-dev/27870/1,cl-27870,cl,R,2.0,1.16,True,-0.84,4.2906,3.23,-2.5788166666666665,2.5517833333333337,7.550000112503767
cl/v2-drive-s1-dev/27870/1,cl-27870,cl,R,4.0,1.16,True,1.16,6.5706,0.0,1.16,6.5706,0.05000000074505806
cl/v2-drive-s1-dev/27870/1,cl-27870,cl,R,6.0,1.16,True,1.16,6.5706,0.0,1.16,6.5706,0.05000000074505806
cl/v2-drive-s1-dev/27870/1,cl-27870,cl,R',2.0,1.16,True,1.16,5.8206,2.674,-0.03171266666666672,4.628887333333333,7.050000105053186
cl/v2-drive-s1-dev/27870/1,cl-27870,cl,R',4.0,1.16,True,1.16,6.5706,0.0,1.16,6.5706,0.05000000074505806
cl/v2-drive-s1-dev/27870/1,cl-27870,cl,R',6.0,1.16,True,1.16,6.5706,0.0,1.16,6.5706,0.05000000074505806
cl/v2-drive-s1-dev/28147/1,cl-28147,cl,U,2.0,16.32,False,,,,,,
cl/v2-drive-s1-dev/28147/1,cl-28147,cl,U,4.0,16.32,False,,,,,,
cl/v2-drive-s1-dev/28147/1,cl-28147,cl,U,6.0,16.32,False,,,,,,
cl/v2-drive-s1-dev/28147/1,cl-28147,cl,U',2.0,16.32,False,,,,,,
cl/v2-drive-s1-dev/28147/1,cl-28147,cl,U',4.0,16.32,False,,,,,,
cl/v2-drive-s1-dev/28147/1,cl-28147,cl,U',6.0,16.32,False,,,,,,
cl/v2-drive-s1-dev/28147/1,cl-28147,cl,L,2.0,16.32,True,6.18,11.590599999999998,4.448,2.882549333333332,8.29314933333333,9.050000134855509
cl/v2-drive-s1-dev/28147/1,cl-28147,cl,L,4.0,16.32,True,10.32,16.5806,4.986,6.176634000000001,12.437234,8.050000119954348
cl/v2-drive-s1-dev/28147/1,cl-28147,cl,L,6.0,16.32,True,10.32,16.5806,4.986,6.176634000000001,12.437234,8.050000119954348
cl/v2-drive-s1-dev/28147/1,cl-28147,cl,L',2.0,16.32,True,10.32,16.5806,4.986,6.176634000000001,12.437234,8.050000119954348
cl/v2-drive-s1-dev/28147/1,cl-28147,cl,L',4.0,16.32,True,10.32,16.5806,4.986,6.176634000000001,12.437234,8.050000119954348
cl/v2-drive-s1-dev/28147/1,cl-28147,cl,L',6.0,16.32,True,16.32,20.7106,3.09,14.72865,19.11925,7.050000105053186
cl/v2-drive-s1-dev/28147/1,cl-28147,cl,R,2.0,16.32,True,-0.84,4.450599999999999,2.2,-1.6466666666666667,3.643933333333332,18.05000026896596
cl/v2-drive-s1-dev/28147/1,cl-28147,cl,R,4.0,16.32,True,1.16,6.7906,2.343,0.24505849999999996,5.8756585,10.55000015720725
cl/v2-drive-s1-dev/28147/1,cl-28147,cl,R,6.0,16.32,True,2.16,8.1506,2.994,0.6659939999999998,6.656594,10.05000014975667
cl/v2-drive-s1-dev/28147/1,cl-28147,cl,R',2.0,16.32,True,0.16,5.2106,1.407,-0.1699415,4.8806585,17.55000026151538
cl/v2-drive-s1-dev/28147/1,cl-28147,cl,R',4.0,16.32,True,2.16,8.1506,2.994,0.6659939999999998,6.656594,10.05000014975667
cl/v2-drive-s1-dev/28147/1,cl-28147,cl,R',6.0,16.32,True,6.18,11.590599999999998,4.448,2.882549333333332,8.29314933333333,9.050000134855509
cl/v2-drive-s1-dev/9196/1,cl-9196,cl,U,2.0,18.16,True,3.16,8.1206,0.024,3.159904,8.120504,19.05000028386712
cl/v2-drive-s1-dev/9196/1,cl-9196,cl,U,4.0,18.16,True,3.16,9.0606,2.277,2.2958785,8.196478500000001,18.55000027641654
cl/v2-drive-s1-dev/9196/1,cl-9196,cl,U,6.0,18.16,True,3.16,9.0606,2.277,2.2958785,8.196478500000001,18.55000027641654
cl/v2-drive-s1-dev/9196/1,cl-9196,cl,U',2.0,18.16,True,3.16,9.0606,2.277,2.2958785,8.196478500000001,18.55000027641654
cl/v2-drive-s1-dev/9196/1,cl-9196,cl,U',4.0,18.16,True,3.16,9.0606,2.277,2.2958785,8.196478500000001,18.55000027641654
cl/v2-drive-s1-dev/9196/1,cl-9196,cl,U',6.0,18.16,True,5.16,10.3306,2.809,3.844919833333333,9.015519833333334,18.05000026896596
cl/v2-drive-s1-dev/9196/1,cl-9196,cl,L,2.0,18.16,True,9.16,15.1206,3.073,7.586111833333334,13.546711833333333,16.550000246614218
cl/v2-drive-s1-dev/9196/1,cl-9196,cl,L,4.0,18.16,True,11.16,16.5906,2.478,10.136586,15.567185999999998,16.050000239163637
cl/v2-drive-s1-dev/9196/1,cl-9196,cl,L,6.0,18.16,True,15.16,20.5006,2.38,14.215933333333334,19.55653333333333,8.050000119954348
cl/v2-drive-s1-dev/9196/1,cl-9196,cl,L',2.0,18.16,True,11.16,16.5906,2.478,10.136586,15.567185999999998,16.050000239163637
cl/v2-drive-s1-dev/9196/1,cl-9196,cl,L',4.0,18.16,True,11.16,16.5906,2.478,10.136586,15.567185999999998,16.050000239163637
cl/v2-drive-s1-dev/9196/1,cl-9196,cl,L',6.0,18.16,True,15.16,20.5006,2.38,14.215933333333334,19.55653333333333,8.050000119954348
cl/v2-drive-s1-dev/9196/1,cl-9196,cl,R,2.0,18.16,True,1.16,6.680599999999999,2.204,0.3503973333333331,5.8709973333333325,25.55000038072467
cl/v2-drive-s1-dev/9196/1,cl-9196,cl,R,4.0,18.16,True,3.16,9.0606,2.277,2.2958785,8.196478500000001,18.55000027641654
cl/v2-drive-s1-dev/9196/1,cl-9196,cl,R,6.0,18.16,True,5.16,10.3306,2.809,3.844919833333333,9.015519833333334,18.05000026896596
cl/v2-drive-s1-dev/9196/1,cl-9196,cl,R',2.0,18.16,True,1.16,6.680599999999999,2.204,0.3503973333333331,5.8709973333333325,25.55000038072467
cl/v2-drive-s1-dev/9196/1,cl-9196,cl,R',4.0,18.16,True,5.16,10.3306,2.809,3.844919833333333,9.015519833333334,18.05000026896596
cl/v2-drive-s1-dev/9196/1,cl-9196,cl,R',6.0,18.16,True,6.16,11.860599999999998,3.14,4.516733333333334,10.21733333333333,17.55000026151538
cl/v2-drive-s1-tgt/15483/1,cl-15483,cl,U,2.0,2.16,False,,,,,,
cl/v2-drive-s1-tgt/15483/1,cl-15483,cl,U,4.0,2.16,True,2.16,5.850599999999999,0.0,2.16,5.850599999999999,0.05000000074505806
cl/v2-drive-s1-tgt/15483/1,cl-15483,cl,U,6.0,2.16,True,2.16,5.850599999999999,0.0,2.16,5.850599999999999,0.05000000074505806
cl/v2-drive-s1-tgt/15483/1,cl-15483,cl,U',2.0,2.16,False,,,,,,
cl/v2-drive-s1-tgt/15483/1,cl-15483,cl,U',4.0,2.16,True,2.16,5.850599999999999,0.0,2.16,5.850599999999999,0.05000000074505806
cl/v2-drive-s1-tgt/15483/1,cl-15483,cl,U',6.0,2.16,True,2.16,5.850599999999999,0.0,2.16,5.850599999999999,0.05000000074505806
cl/v2-drive-s1-tgt/15483/1,cl-15483,cl,L,2.0,2.16,True,2.16,5.850599999999999,0.0,2.16,5.850599999999999,0.05000000074505806
cl/v2-drive-s1-tgt/15483/1,cl-15483,cl,L,4.0,2.16,True,2.16,5.850599999999999,0.0,2.16,5.850599999999999,0.05000000074505806
cl/v2-drive-s1-tgt/15483/1,cl-15483,cl,L,6.0,2.16,True,2.16,5.850599999999999,0.0,2.16,5.850599999999999,0.05000000074505806
cl/v2-drive-s1-tgt/15483/1,cl-15483,cl,L',2.0,2.16,True,2.16,5.850599999999999,0.0,2.16,5.850599999999999,0.05000000074505806
cl/v2-drive-s1-tgt/15483/1,cl-15483,cl,L',4.0,2.16,True,2.16,5.850599999999999,0.0,2.16,5.850599999999999,0.05000000074505806
cl/v2-drive-s1-tgt/15483/1,cl-15483,cl,L',6.0,2.16,True,2.16,5.850599999999999,0.0,2.16,5.850599999999999,0.05000000074505806
cl/v2-drive-s1-tgt/15483/1,cl-15483,cl,R,2.0,2.16,True,2.16,4.9606,2.7,0.9450000000000001,3.7456000000000005,7.050000105053186
cl/v2-drive-s1-tgt/15483/1,cl-15483,cl,R,4.0,2.16,True,2.16,5.850599999999999,0.0,2.16,5.850599999999999,0.05000000074505806
cl/v2-drive-s1-tgt/15483/1,cl-15483,cl,R,6.0,2.16,True,2.16,5.850599999999999,0.0,2.16,5.850599999999999,0.05000000074505806
cl/v2-drive-s1-tgt/15483/1,cl-15483,cl,R',2.0,2.16,True,2.16,5.850599999999999,1.247,1.9008318333333334,5.591431833333332,6.050000090152025
cl/v2-drive-s1-tgt/15483/1,cl-15483,cl,R',4.0,2.16,True,2.16,5.850599999999999,0.0,2.16,5.850599999999999,0.05000000074505806
cl/v2-drive-s1-tgt/15483/1,cl-15483,cl,R',6.0,2.16,True,2.16,5.850599999999999,0.0,2.16,5.850599999999999,0.05000000074505806
cl/v2-drive-s1-tgt/15612/1,cl-15612,cl,U,2.0,2.16,False,,,,,,
cl/v2-drive-s1-tgt/15612/1,cl-15612,cl,U,4.0,2.16,True,1.16,5.3306,2.823,-0.16822150000000002,4.0023785,7.050000105053186
cl/v2-drive-s1-tgt/15612/1,cl-15612,cl,U,6.0,2.16,True,2.16,6.280599999999999,0.0,2.16,6.280599999999999,0.05000000074505806
cl/v2-drive-s1-tgt/15612/1,cl-15612,cl,U',2.0,2.16,True,1.16,5.3306,2.823,-0.16822150000000002,4.0023785,7.050000105053186
cl/v2-drive-s1-tgt/15612/1,cl-15612,cl,U',4.0,2.16,True,1.16,5.3306,2.823,-0.16822150000000002,4.0023785,7.050000105053186
cl/v2-drive-s1-tgt/15612/1,cl-15612,cl,U',6.0,2.16,True,2.16,6.280599999999999,0.0,2.16,6.280599999999999,0.05000000074505806
cl/v2-drive-s1-tgt/15612/1,cl-15612,cl,L,2.0,2.16,True,2.16,6.280599999999999,0.0,2.16,6.280599999999999,0.05000000074505806
cl/v2-drive-s1-tgt/15612/1,cl-15612,cl,L,4.0,2.16,True,2.16,6.280599999999999,0.0,2.16,6.280599999999999,0.05000000074505806
cl/v2-drive-s1-tgt/15612/1,cl-15612,cl,L,6.0,2.16,True,2.16,6.280599999999999,0.0,2.16,6.280599999999999,0.05000000074505806
cl/v2-drive-s1-tgt/15612/1,cl-15612,cl,L',2.0,2.16,True,2.16,6.280599999999999,0.0,2.16,6.280599999999999,0.05000000074505806
cl/v2-drive-s1-tgt/15612/1,cl-15612,cl,L',4.0,2.16,True,2.16,6.280599999999999,0.0,2.16,6.280599999999999,0.05000000074505806
cl/v2-drive-s1-tgt/15612/1,cl-15612,cl,L',6.0,2.16,True,2.16,6.280599999999999,0.0,2.16,6.280599999999999,0.05000000074505806
cl/v2-drive-s1-tgt/15612/1,cl-15612,cl,R,2.0,2.16,True,1.16,5.3306,2.823,-0.16822150000000002,4.0023785,7.050000105053186
cl/v2-drive-s1-tgt/15612/1,cl-15612,cl,R,4.0,2.16,True,2.16,6.280599999999999,0.0,2.16,6.280599999999999,0.05000000074505806
cl/v2-drive-s1-tgt/15612/1,cl-15612,cl,R,6.0,2.16,True,2.16,6.280599999999999,0.0,2.16,6.280599999999999,0.05000000074505806
cl/v2-drive-s1-tgt/15612/1,cl-15612,cl,R',2.0,2.16,True,2.16,6.280599999999999,2.079,1.4396265000000001,5.560226499999999,6.550000097602606
cl/v2-drive-s1-tgt/15612/1,cl-15612,cl,R',4.0,2.16,True,2.16,6.280599999999999,0.0,2.16,6.280599999999999,0.05000000074505806
cl/v2-drive-s1-tgt/15612/1,cl-15612,cl,R',6.0,2.16,True,2.16,6.280599999999999,0.0,2.16,6.280599999999999,0.05000000074505806
cl/v2-drive-s1-tgt/16390/1,cl-16390,cl,U,2.0,2.16,False,,,,,,
cl/v2-drive-s1-tgt/16390/1,cl-16390,cl,U,4.0,2.16,False,,,,,,
cl/v2-drive-s1-tgt/16390/1,cl-16390,cl,U,6.0,2.16,False,,,,,,
cl/v2-drive-s1-tgt/16390/1,cl-16390,cl,U',2.0,2.16,False,,,,,,
cl/v2-drive-s1-tgt/16390/1,cl-16390,cl,U',4.0,2.16,True,-1.84,2.5305999999999997,4.368,-5.019904,-0.6493040000000008,7.550000112503767
cl/v2-drive-s1-tgt/16390/1,cl-16390,cl,U',6.0,2.16,True,2.16,5.6306,2.153,1.3874318333333333,4.858031833333333,6.550000097602606
cl/v2-drive-s1-tgt/16390/1,cl-16390,cl,L,2.0,2.16,True,2.16,5.6306,0.0,2.16,5.6306,0.05000000074505806
cl/v2-drive-s1-tgt/16390/1,cl-16390,cl,L,4.0,2.16,True,2.16,5.6306,0.0,2.16,5.6306,0.05000000074505806
cl/v2-drive-s1-tgt/16390/1,cl-16390,cl,L,6.0,2.16,True,2.16,5.6306,0.0,2.16,5.6306,0.05000000074505806
cl/v2-drive-s1-tgt/16390/1,cl-16390,cl,L',2.0,2.16,True,2.16,5.6306,0.0,2.16,5.6306,0.05000000074505806
cl/v2-drive-s1-tgt/16390/1,cl-16390,cl,L',4.0,2.16,True,2.16,5.6306,0.0,2.16,5.6306,0.05000000074505806
cl/v2-drive-s1-tgt/16390/1,cl-16390,cl,L',6.0,2.16,True,2.16,5.6306,0.0,2.16,5.6306,0.05000000074505806
cl/v2-drive-s1-tgt/16390/1,cl-16390,cl,R,2.0,2.16,True,2.16,5.6306,0.0,2.16,5.6306,0.05000000074505806
cl/v2-drive-s1-tgt/16390/1,cl-16390,cl,R,4.0,2.16,True,2.16,5.6306,0.0,2.16,5.6306,0.05000000074505806
cl/v2-drive-s1-tgt/16390/1,cl-16390,cl,R,6.0,2.16,True,2.16,5.6306,0.0,2.16,5.6306,0.05000000074505806
cl/v2-drive-s1-tgt/16390/1,cl-16390,cl,R',2.0,2.16,True,2.16,5.6306,0.0,2.16,5.6306,0.05000000074505806
cl/v2-drive-s1-tgt/16390/1,cl-16390,cl,R',4.0,2.16,True,2.16,5.6306,0.0,2.16,5.6306,0.05000000074505806
cl/v2-drive-s1-tgt/16390/1,cl-16390,cl,R',6.0,2.16,True,2.16,5.6306,0.0,2.16,5.6306,0.05000000074505806
cl/v2-drive-s1-tgt/16508/1,cl-16508,cl,U,2.0,2.16,False,,,,,,
cl/v2-drive-s1-tgt/16508/1,cl-16508,cl,U,4.0,2.16,False,,,,,,
cl/v2-drive-s1-tgt/16508/1,cl-16508,cl,U,6.0,2.16,False,,,,,,
cl/v2-drive-s1-tgt/16508/1,cl-16508,cl,U',2.0,2.16,False,,,,,,
cl/v2-drive-s1-tgt/16508/1,cl-16508,cl,U',4.0,2.16,True,-0.84,4.8906,4.598,-4.363600666666667,1.3669993333333337,7.550000112503767
cl/v2-drive-s1-tgt/16508/1,cl-16508,cl,U',6.0,2.16,True,-0.84,4.8906,4.598,-4.363600666666667,1.3669993333333337,7.550000112503767
cl/v2-drive-s1-tgt/16508/1,cl-16508,cl,L,2.0,2.16,True,2.16,7.930599999999999,0.0,2.16,7.930599999999999,0.05000000074505806
cl/v2-drive-s1-tgt/16508/1,cl-16508,cl,L,4.0,2.16,True,2.16,7.930599999999999,0.0,2.16,7.930599999999999,0.05000000074505806
cl/v2-drive-s1-tgt/16508/1,cl-16508,cl,L,6.0,2.16,True,2.16,7.930599999999999,0.0,2.16,7.930599999999999,0.05000000074505806
cl/v2-drive-s1-tgt/16508/1,cl-16508,cl,L',2.0,2.16,True,2.16,7.930599999999999,0.0,2.16,7.930599999999999,0.05000000074505806
cl/v2-drive-s1-tgt/16508/1,cl-16508,cl,L',4.0,2.16,True,2.16,7.930599999999999,0.0,2.16,7.930599999999999,0.05000000074505806
cl/v2-drive-s1-tgt/16508/1,cl-16508,cl,L',6.0,2.16,True,2.16,7.930599999999999,0.0,2.16,7.930599999999999,0.05000000074505806
cl/v2-drive-s1-tgt/16508/1,cl-16508,cl,R,2.0,2.16,True,1.16,6.9606,3.407,-0.7746081666666669,5.025991833333333,7.050000105053186
cl/v2-drive-s1-tgt/16508/1,cl-16508,cl,R,4.0,2.16,True,2.16,7.930599999999999,0.0,2.16,7.930599999999999,0.05000000074505806
cl/v2-drive-s1-tgt/16508/1,cl-16508,cl,R,6.0,2.16,True,2.16,7.930599999999999,0.0,2.16,7.930599999999999,0.05000000074505806
cl/v2-drive-s1-tgt/16508/1,cl-16508,cl,R',2.0,2.16,True,2.16,7.930599999999999,2.139,1.3974465000000005,7.168046499999999,6.550000097602606
cl/v2-drive-s1-tgt/16508/1,cl-16508,cl,R',4.0,2.16,True,2.16,7.930599999999999,0.0,2.16,7.930599999999999,0.05000000074505806
cl/v2-drive-s1-tgt/16508/1,cl-16508,cl,R',6.0,2.16,True,2.16,7.930599999999999,0.0,2.16,7.930599999999999,0.05000000074505806
cl/v2-drive-s1-tgt/16529/1,cl-16529,cl,U,2.0,2.16,True,0.16,2.8005999999999993,4.093,-2.6321081666666664,0.00849183333333281,7.550000112503767
cl/v2-drive-s1-tgt/16529/1,cl-16529,cl,U,4.0,2.16,True,0.16,2.8005999999999993,4.093,-2.6321081666666664,0.00849183333333281,7.550000112503767
cl/v2-drive-s1-tgt/16529/1,cl-16529,cl,U,6.0,2.16,True,0.16,4.600599999999999,3.182,-1.5275206666666667,2.9130793333333322,7.050000105053186
cl/v2-drive-s1-tgt/16529/1,cl-16529,cl,U',2.0,2.16,True,0.16,2.8005999999999993,4.093,-2.6321081666666664,0.00849183333333281,7.550000112503767
cl/v2-drive-s1-tgt/16529/1,cl-16529,cl,U',4.0,2.16,True,0.16,2.8005999999999993,4.093,-2.6321081666666664,0.00849183333333281,7.550000112503767
cl/v2-drive-s1-tgt/16529/1,cl-16529,cl,U',6.0,2.16,True,0.16,4.600599999999999,3.182,-1.5275206666666667,2.9130793333333322,7.050000105053186
cl/v2-drive-s1-tgt/16529/1,cl-16529,cl,L,2.0,2.16,True,2.16,5.8306,0.0,2.16,5.8306,0.05000000074505806
cl/v2-drive-s1-tgt/16529/1,cl-16529,cl,L,4.0,2.16,True,2.16,5.8306,0.0,2.16,5.8306,0.05000000074505806
cl/v2-drive-s1-tgt/16529/1,cl-16529,cl,L,6.0,2.16,True,2.16,5.8306,0.0,2.16,5.8306,0.05000000074505806
cl/v2-drive-s1-tgt/16529/1,cl-16529,cl,L',2.0,2.16,True,2.16,5.8306,0.0,2.16,5.8306,0.05000000074505806
cl/v2-drive-s1-tgt/16529/1,cl-16529,cl,L',4.0,2.16,True,2.16,5.8306,0.0,2.16,5.8306,0.05000000074505806
cl/v2-drive-s1-tgt/16529/1,cl-16529,cl,L',6.0,2.16,True,2.16,5.8306,0.0,2.16,5.8306,0.05000000074505806
cl/v2-drive-s1-tgt/16529/1,cl-16529,cl,R,2.0,2.16,True,2.16,5.8306,0.0,2.16,5.8306,0.05000000074505806
cl/v2-drive-s1-tgt/16529/1,cl-16529,cl,R,4.0,2.16,True,2.16,5.8306,0.0,2.16,5.8306,0.05000000074505806
cl/v2-drive-s1-tgt/16529/1,cl-16529,cl,R,6.0,2.16,True,2.16,5.8306,0.0,2.16,5.8306,0.05000000074505806
cl/v2-drive-s1-tgt/16529/1,cl-16529,cl,R',2.0,2.16,True,2.16,5.8306,0.0,2.16,5.8306,0.05000000074505806
cl/v2-drive-s1-tgt/16529/1,cl-16529,cl,R',4.0,2.16,True,2.16,5.8306,0.0,2.16,5.8306,0.05000000074505806
cl/v2-drive-s1-tgt/16529/1,cl-16529,cl,R',6.0,2.16,True,2.16,5.8306,0.0,2.16,5.8306,0.05000000074505806
cl/v2-gif-vred-s0-a/16390/1,cl-16390,cl,U,2.0,2.16,False,,,,,,
cl/v2-gif-vred-s0-a/16390/1,cl-16390,cl,U,4.0,2.16,False,,,,,,
cl/v2-gif-vred-s0-a/16390/1,cl-16390,cl,U,6.0,2.16,True,2.16,5.6306,2.165,1.3787958333333337,4.849395833333333,6.550000097602606
cl/v2-gif-vred-s0-a/16390/1,cl-16390,cl,U',2.0,2.16,False,,,,,,
cl/v2-gif-vred-s0-a/16390/1,cl-16390,cl,U',4.0,2.16,True,-1.84,2.5206,4.363,-5.012628166666667,-0.6520281666666676,7.550000112503767
cl/v2-gif-vred-s0-a/16390/1,cl-16390,cl,U',6.0,2.16,True,2.16,5.6306,2.165,1.3787958333333337,4.849395833333333,6.550000097602606
cl/v2-gif-vred-s0-a/16390/1,cl-16390,cl,L,2.0,2.16,True,2.16,5.6306,0.0,2.16,5.6306,0.05000000074505806
cl/v2-gif-vred-s0-a/16390/1,cl-16390,cl,L,4.0,2.16,True,2.16,5.6306,0.0,2.16,5.6306,0.05000000074505806
cl/v2-gif-vred-s0-a/16390/1,cl-16390,cl,L,6.0,2.16,True,2.16,5.6306,0.0,2.16,5.6306,0.05000000074505806
cl/v2-gif-vred-s0-a/16390/1,cl-16390,cl,L',2.0,2.16,True,2.16,5.6306,0.0,2.16,5.6306,0.05000000074505806
cl/v2-gif-vred-s0-a/16390/1,cl-16390,cl,L',4.0,2.16,True,2.16,5.6306,0.0,2.16,5.6306,0.05000000074505806
cl/v2-gif-vred-s0-a/16390/1,cl-16390,cl,L',6.0,2.16,True,2.16,5.6306,0.0,2.16,5.6306,0.05000000074505806
cl/v2-gif-vred-s0-a/16390/1,cl-16390,cl,R,2.0,2.16,True,2.16,5.6306,0.0,2.16,5.6306,0.05000000074505806
cl/v2-gif-vred-s0-a/16390/1,cl-16390,cl,R,4.0,2.16,True,2.16,5.6306,0.0,2.16,5.6306,0.05000000074505806
cl/v2-gif-vred-s0-a/16390/1,cl-16390,cl,R,6.0,2.16,True,2.16,5.6306,0.0,2.16,5.6306,0.05000000074505806
cl/v2-gif-vred-s0-a/16390/1,cl-16390,cl,R',2.0,2.16,True,2.16,5.6306,0.0,2.16,5.6306,0.05000000074505806
cl/v2-gif-vred-s0-a/16390/1,cl-16390,cl,R',4.0,2.16,True,2.16,5.6306,0.0,2.16,5.6306,0.05000000074505806
cl/v2-gif-vred-s0-a/16390/1,cl-16390,cl,R',6.0,2.16,True,2.16,5.6306,0.0,2.16,5.6306,0.05000000074505806
cl/v2-gif-vred-s0-a/24944/1,cl-24944,cl,U,2.0,65.82,False,,,,,,
cl/v2-gif-vred-s0-a/24944/1,cl-24944,cl,U,4.0,65.82,True,0.16,,5.115,-4.2005375,,96.55000143870711
cl/v2-gif-vred-s0-a/24944/1,cl-24944,cl,U,6.0,65.82,True,14.16,24.2106,4.469,10.831339833333333,20.881939833333334,39.550000589340925
cl/v2-gif-vred-s0-a/24944/1,cl-24944,cl,U',2.0,65.82,True,14.16,24.2106,4.469,10.831339833333333,20.881939833333334,39.550000589340925
cl/v2-gif-vred-s0-a/24944/1,cl-24944,cl,U',4.0,65.82,True,14.16,24.2106,4.469,10.831339833333333,20.881939833333334,39.550000589340925
cl/v2-gif-vred-s0-a/24944/1,cl-24944,cl,U',6.0,65.82,True,14.16,24.2106,4.469,10.831339833333333,20.881939833333334,39.550000589340925
cl/v2-gif-vred-s0-a/24944/1,cl-24944,cl,L,2.0,65.82,True,14.16,24.2106,4.469,10.831339833333333,20.881939833333334,39.550000589340925
cl/v2-gif-vred-s0-a/24944/1,cl-24944,cl,L,4.0,65.82,True,14.16,24.2106,4.469,10.831339833333333,20.881939833333334,39.550000589340925
cl/v2-gif-vred-s0-a/24944/1,cl-24944,cl,L,6.0,65.82,True,14.16,24.2106,4.469,10.831339833333333,20.881939833333334,39.550000589340925
cl/v2-gif-vred-s0-a/24944/1,cl-24944,cl,L',2.0,65.82,True,14.16,24.2106,4.469,10.831339833333333,20.881939833333334,39.550000589340925
cl/v2-gif-vred-s0-a/24944/1,cl-24944,cl,L',4.0,65.82,True,14.16,24.2106,4.469,10.831339833333333,20.881939833333334,39.550000589340925
cl/v2-gif-vred-s0-a/24944/1,cl-24944,cl,L',6.0,65.82,True,14.16,24.2106,4.469,10.831339833333333,20.881939833333334,39.550000589340925
cl/v2-gif-vred-s0-a/24944/1,cl-24944,cl,R,2.0,65.82,True,49.09,2.6605999999999996,2.007,48.41865850000001,1.9892584999999996,60.05000089481473
cl/v2-gif-vred-s0-a/24944/1,cl-24944,cl,R,4.0,65.82,True,49.09,2.6605999999999996,2.007,48.41865850000001,1.9892584999999996,60.05000089481473
cl/v2-gif-vred-s0-a/24944/1,cl-24944,cl,R,6.0,65.82,True,-1.84,8.290600000000001,1.974,-2.489446,7.641154000000001,54.55000081285834
cl/v2-gif-vred-s0-a/24944/1,cl-24944,cl,R',2.0,65.82,True,49.09,2.6605999999999996,2.007,48.41865850000001,1.9892584999999996,60.05000089481473
cl/v2-gif-vred-s0-a/24944/1,cl-24944,cl,R',4.0,65.82,True,49.09,2.6605999999999996,2.007,48.41865850000001,1.9892584999999996,60.05000089481473
cl/v2-gif-vred-s0-a/24944/1,cl-24944,cl,R',6.0,65.82,True,-0.84,9.270599999999998,1.698,-1.3205339999999999,8.790065999999998,54.05000080540776
cl/v2-gif-vred-s0-a/27297/1,cl-27297,cl,U,2.0,18.59,False,,,,,,
cl/v2-gif-vred-s0-a/27297/1,cl-27297,cl,U,4.0,18.59,False,,,,,,
cl/v2-gif-vred-s0-a/27297/1,cl-27297,cl,U,6.0,18.59,False,,,,,,
cl/v2-gif-vred-s0-a/27297/1,cl-27297,cl,U',2.0,18.59,False,,,,,,
cl/v2-gif-vred-s0-a/27297/1,cl-27297,cl,U',4.0,18.59,False,,,,,,
cl/v2-gif-vred-s0-a/27297/1,cl-27297,cl,U',6.0,18.59,False,,,,,,
cl/v2-gif-vred-s0-a/27297/1,cl-27297,cl,L,2.0,18.59,True,5.34,9.910599999999999,5.22,0.7986000000000004,5.369199999999999,9.55000014230609
cl/v2-gif-vred-s0-a/27297/1,cl-27297,cl,L,4.0,18.59,True,5.34,9.910599999999999,5.22,0.7986000000000004,5.369199999999999,9.55000014230609
cl/v2-gif-vred-s0-a/27297/1,cl-27297,cl,L,6.0,18.59,True,5.34,9.910599999999999,5.22,0.7986000000000004,5.369199999999999,9.55000014230609
cl/v2-gif-vred-s0-a/27297/1,cl-27297,cl,L',2.0,18.59,True,5.34,9.910599999999999,5.22,0.7986000000000004,5.369199999999999,9.55000014230609
cl/v2-gif-vred-s0-a/27297/1,cl-27297,cl,L',4.0,18.59,True,5.34,9.910599999999999,5.22,0.7986000000000004,5.369199999999999,9.55000014230609
cl/v2-gif-vred-s0-a/27297/1,cl-27297,cl,L',6.0,18.59,True,5.34,9.910599999999999,5.22,0.7986000000000004,5.369199999999999,9.55000014230609
cl/v2-gif-vred-s0-a/27297/1,cl-27297,cl,R,2.0,18.59,True,0.24,4.7406,5.102,-4.0984006666666675,0.402199333333332,10.55000015720725
cl/v2-gif-vred-s0-a/27297/1,cl-27297,cl,R,4.0,18.59,True,3.3,7.340599999999999,5.02,-0.9000666666666657,3.140533333333334,10.05000014975667
cl/v2-gif-vred-s0-a/27297/1,cl-27297,cl,R,6.0,18.59,True,3.3,7.340599999999999,5.02,-0.9000666666666657,3.140533333333334,10.05000014975667
cl/v2-gif-vred-s0-a/27297/1,cl-27297,cl,R',2.0,18.59,True,5.34,9.910599999999999,5.22,0.7986000000000004,5.369199999999999,9.55000014230609
cl/v2-gif-vred-s0-a/27297/1,cl-27297,cl,R',4.0,18.59,True,5.34,9.910599999999999,5.22,0.7986000000000004,5.369199999999999,9.55000014230609
cl/v2-gif-vred-s0-a/27297/1,cl-27297,cl,R',6.0,18.59,True,8.4,12.7106,5.255,3.7974958333333335,8.108095833333334,9.050000134855509
cl/v2-gif-vred-s0-b/16529/1,cl-16529,cl,U,2.0,2.16,True,0.16,2.9505999999999997,0.891,0.027686500000000003,2.8182864999999997,10.55000015720725
cl/v2-gif-vred-s0-b/16529/1,cl-16529,cl,U,4.0,2.16,True,2.16,5.100599999999999,2.123,1.4088118333333335,4.349411833333332,7.050000105053186
cl/v2-gif-vred-s0-b/16529/1,cl-16529,cl,U,6.0,2.16,True,2.16,5.100599999999999,2.123,1.4088118333333335,4.349411833333332,7.050000105053186
cl/v2-gif-vred-s0-b/16529/1,cl-16529,cl,U',2.0,2.16,True,0.16,2.9505999999999997,0.891,0.027686500000000003,2.8182864999999997,10.55000015720725
cl/v2-gif-vred-s0-b/16529/1,cl-16529,cl,U',4.0,2.16,True,2.16,5.100599999999999,2.123,1.4088118333333335,4.349411833333332,7.050000105053186
cl/v2-gif-vred-s0-b/16529/1,cl-16529,cl,U',6.0,2.16,True,2.16,5.100599999999999,2.123,1.4088118333333335,4.349411833333332,7.050000105053186
cl/v2-gif-vred-s0-b/16529/1,cl-16529,cl,L,2.0,2.16,True,2.16,5.8306,0.0,2.16,5.8306,0.05000000074505806
cl/v2-gif-vred-s0-b/16529/1,cl-16529,cl,L,4.0,2.16,True,2.16,5.8306,0.0,2.16,5.8306,0.05000000074505806
cl/v2-gif-vred-s0-b/16529/1,cl-16529,cl,L,6.0,2.16,True,2.16,5.8306,0.0,2.16,5.8306,0.05000000074505806
cl/v2-gif-vred-s0-b/16529/1,cl-16529,cl,L',2.0,2.16,True,2.16,5.8306,0.0,2.16,5.8306,0.05000000074505806
cl/v2-gif-vred-s0-b/16529/1,cl-16529,cl,L',4.0,2.16,True,2.16,5.8306,0.0,2.16,5.8306,0.05000000074505806
cl/v2-gif-vred-s0-b/16529/1,cl-16529,cl,L',6.0,2.16,True,2.16,5.8306,0.0,2.16,5.8306,0.05000000074505806
cl/v2-gif-vred-s0-b/16529/1,cl-16529,cl,R,2.0,2.16,True,2.16,5.8306,0.0,2.16,5.8306,0.05000000074505806
cl/v2-gif-vred-s0-b/16529/1,cl-16529,cl,R,4.0,2.16,True,2.16,5.8306,0.0,2.16,5.8306,0.05000000074505806
cl/v2-gif-vred-s0-b/16529/1,cl-16529,cl,R,6.0,2.16,True,2.16,5.8306,0.0,2.16,5.8306,0.05000000074505806
cl/v2-gif-vred-s0-b/16529/1,cl-16529,cl,R',2.0,2.16,True,2.16,5.8306,0.0,2.16,5.8306,0.05000000074505806
cl/v2-gif-vred-s0-b/16529/1,cl-16529,cl,R',4.0,2.16,True,2.16,5.8306,0.0,2.16,5.8306,0.05000000074505806
cl/v2-gif-vred-s0-b/16529/1,cl-16529,cl,R',6.0,2.16,True,2.16,5.8306,0.0,2.16,5.8306,0.05000000074505806
cl/v2-gif-vred-s1-c/15612/1,cl-15612,cl,U,2.0,2.16,False,,,,,,
cl/v2-gif-vred-s1-c/15612/1,cl-15612,cl,U,4.0,2.16,True,-0.84,3.5805999999999996,1.9,-1.4416666666666667,2.978933333333333,8.050000119954348
cl/v2-gif-vred-s1-c/15612/1,cl-15612,cl,U,6.0,2.16,True,2.16,6.280599999999999,0.0,2.16,6.280599999999999,0.05000000074505806
cl/v2-gif-vred-s1-c/15612/1,cl-15612,cl,U',2.0,2.16,False,,,,,,
cl/v2-gif-vred-s1-c/15612/1,cl-15612,cl,U',4.0,2.16,True,1.16,5.690599999999999,2.203,0.3511318333333333,4.881731833333332,7.050000105053186
cl/v2-gif-vred-s1-c/15612/1,cl-15612,cl,U',6.0,2.16,True,2.16,6.280599999999999,0.0,2.16,6.280599999999999,0.05000000074505806
cl/v2-gif-vred-s1-c/15612/1,cl-15612,cl,L,2.0,2.16,True,2.16,6.280599999999999,0.0,2.16,6.280599999999999,0.05000000074505806
cl/v2-gif-vred-s1-c/15612/1,cl-15612,cl,L,4.0,2.16,True,2.16,6.280599999999999,0.0,2.16,6.280599999999999,0.05000000074505806
cl/v2-gif-vred-s1-c/15612/1,cl-15612,cl,L,6.0,2.16,True,2.16,6.280599999999999,0.0,2.16,6.280599999999999,0.05000000074505806
cl/v2-gif-vred-s1-c/15612/1,cl-15612,cl,L',2.0,2.16,True,2.16,6.280599999999999,0.0,2.16,6.280599999999999,0.05000000074505806
cl/v2-gif-vred-s1-c/15612/1,cl-15612,cl,L',4.0,2.16,True,2.16,6.280599999999999,0.0,2.16,6.280599999999999,0.05000000074505806
cl/v2-gif-vred-s1-c/15612/1,cl-15612,cl,L',6.0,2.16,True,2.16,6.280599999999999,0.0,2.16,6.280599999999999,0.05000000074505806
cl/v2-gif-vred-s1-c/15612/1,cl-15612,cl,R,2.0,2.16,True,1.16,5.690599999999999,2.203,0.3511318333333333,4.881731833333332,7.050000105053186
cl/v2-gif-vred-s1-c/15612/1,cl-15612,cl,R,4.0,2.16,True,2.16,6.280599999999999,0.0,2.16,6.280599999999999,0.05000000074505806
cl/v2-gif-vred-s1-c/15612/1,cl-15612,cl,R,6.0,2.16,True,2.16,6.280599999999999,0.0,2.16,6.280599999999999,0.05000000074505806
cl/v2-gif-vred-s1-c/15612/1,cl-15612,cl,R',2.0,2.16,True,2.16,6.280599999999999,1.756,1.6460773333333334,5.766677333333332,6.550000097602606
cl/v2-gif-vred-s1-c/15612/1,cl-15612,cl,R',4.0,2.16,True,2.16,6.280599999999999,0.0,2.16,6.280599999999999,0.05000000074505806
cl/v2-gif-vred-s1-c/15612/1,cl-15612,cl,R',6.0,2.16,True,2.16,6.280599999999999,0.0,2.16,6.280599999999999,0.05000000074505806
cl/v2-gif-vred2-s1-a/15483/1,cl-15483,cl,U,2.0,2.16,False,,,,,,
cl/v2-gif-vred2-s1-a/15483/1,cl-15483,cl,U,4.0,2.16,True,2.16,5.850599999999999,0.0,2.16,5.850599999999999,0.05000000074505806
cl/v2-gif-vred2-s1-a/15483/1,cl-15483,cl,U,6.0,2.16,True,2.16,5.850599999999999,0.0,2.16,5.850599999999999,0.05000000074505806
cl/v2-gif-vred2-s1-a/15483/1,cl-15483,cl,U',2.0,2.16,False,,,,,,
cl/v2-gif-vred2-s1-a/15483/1,cl-15483,cl,U',4.0,2.16,True,2.16,5.850599999999999,0.0,2.16,5.850599999999999,0.05000000074505806
cl/v2-gif-vred2-s1-a/15483/1,cl-15483,cl,U',6.0,2.16,True,2.16,5.850599999999999,0.0,2.16,5.850599999999999,0.05000000074505806
cl/v2-gif-vred2-s1-a/15483/1,cl-15483,cl,L,2.0,2.16,True,2.16,5.850599999999999,0.0,2.16,5.850599999999999,0.05000000074505806
cl/v2-gif-vred2-s1-a/15483/1,cl-15483,cl,L,4.0,2.16,True,2.16,5.850599999999999,0.0,2.16,5.850599999999999,0.05000000074505806
cl/v2-gif-vred2-s1-a/15483/1,cl-15483,cl,L,6.0,2.16,True,2.16,5.850599999999999,0.0,2.16,5.850599999999999,0.05000000074505806
cl/v2-gif-vred2-s1-a/15483/1,cl-15483,cl,L',2.0,2.16,True,2.16,5.850599999999999,0.0,2.16,5.850599999999999,0.05000000074505806
cl/v2-gif-vred2-s1-a/15483/1,cl-15483,cl,L',4.0,2.16,True,2.16,5.850599999999999,0.0,2.16,5.850599999999999,0.05000000074505806
cl/v2-gif-vred2-s1-a/15483/1,cl-15483,cl,L',6.0,2.16,True,2.16,5.850599999999999,0.0,2.16,5.850599999999999,0.05000000074505806
cl/v2-gif-vred2-s1-a/15483/1,cl-15483,cl,R,2.0,2.16,True,2.16,5.8006,0.0,2.16,5.8006,10.05000014975667
cl/v2-gif-vred2-s1-a/15483/1,cl-15483,cl,R,4.0,2.16,True,2.16,5.850599999999999,0.0,2.16,5.850599999999999,0.05000000074505806
cl/v2-gif-vred2-s1-a/15483/1,cl-15483,cl,R,6.0,2.16,True,2.16,5.850599999999999,0.0,2.16,5.850599999999999,0.05000000074505806
cl/v2-gif-vred2-s1-a/15483/1,cl-15483,cl,R',2.0,2.16,True,2.16,5.850599999999999,0.47,2.1231833333333334,5.813783333333332,6.050000090152025
cl/v2-gif-vred2-s1-a/15483/1,cl-15483,cl,R',4.0,2.16,True,2.16,5.850599999999999,0.0,2.16,5.850599999999999,0.05000000074505806
cl/v2-gif-vred2-s1-a/15483/1,cl-15483,cl,R',6.0,2.16,True,2.16,5.850599999999999,0.0,2.16,5.850599999999999,0.05000000074505806
cl/v2-gif-vred3-s0-a/27297/1,cl-27297,cl,U,2.0,18.59,False,,,,,,
cl/v2-gif-vred3-s0-a/27297/1,cl-27297,cl,U,4.0,18.59,False,,,,,,
cl/v2-gif-vred3-s0-a/27297/1,cl-27297,cl,U,6.0,18.59,False,,,,,,
cl/v2-gif-vred3-s0-a/27297/1,cl-27297,cl,U',2.0,18.59,False,,,,,,
cl/v2-gif-vred3-s0-a/27297/1,cl-27297,cl,U',4.0,18.59,False,,,,,,
cl/v2-gif-vred3-s0-a/27297/1,cl-27297,cl,U',6.0,18.59,False,,,,,,
cl/v2-gif-vred3-s0-a/27297/1,cl-27297,cl,L,2.0,18.59,True,6.36,10.790600000000001,4.431,3.0877065000000004,7.518306500000001,9.55000014230609
cl/v2-gif-vred3-s0-a/27297/1,cl-27297,cl,L,4.0,18.59,True,6.36,10.790600000000001,4.431,3.0877065000000004,7.518306500000001,9.55000014230609
cl/v2-gif-vred3-s0-a/27297/1,cl-27297,cl,L,6.0,18.59,True,6.36,10.790600000000001,4.431,3.0877065000000004,7.518306500000001,9.55000014230609
cl/v2-gif-vred3-s0-a/27297/1,cl-27297,cl,L',2.0,18.59,True,6.36,10.790600000000001,4.431,3.0877065000000004,7.518306500000001,9.55000014230609
cl/v2-gif-vred3-s0-a/27297/1,cl-27297,cl,L',4.0,18.59,True,6.36,10.790600000000001,4.431,3.0877065000000004,7.518306500000001,9.55000014230609
cl/v2-gif-vred3-s0-a/27297/1,cl-27297,cl,L',6.0,18.59,True,6.36,10.790600000000001,4.431,3.0877065000000004,7.518306500000001,9.55000014230609
cl/v2-gif-vred3-s0-a/27297/1,cl-27297,cl,R,2.0,18.59,True,1.26,5.4006,1.903,0.6564318333333333,4.7970318333333335,11.050000164657831
cl/v2-gif-vred3-s0-a/27297/1,cl-27297,cl,R,4.0,18.59,True,2.28,6.5806,3.266,0.5022073333333332,4.802807333333333,10.55000015720725
cl/v2-gif-vred3-s0-a/27297/1,cl-27297,cl,R,6.0,18.59,True,4.32,8.5806,4.392,1.1050559999999998,5.3656559999999995,10.05000014975667
cl/v2-gif-vred3-s0-a/27297/1,cl-27297,cl,R',2.0,18.59,True,4.32,8.5806,4.392,1.1050559999999998,5.3656559999999995,10.05000014975667
cl/v2-gif-vred3-s0-a/27297/1,cl-27297,cl,R',4.0,18.59,True,6.36,10.790600000000001,4.431,3.0877065000000004,7.518306500000001,9.55000014230609
cl/v2-gif-vred3-s0-a/27297/1,cl-27297,cl,R',6.0,18.59,True,8.4,13.1906,4.505,5.017495833333333,9.808095833333333,9.050000134855509
cl/v2-gifr1-vred-s0-b/16529/1,cl-16529,cl,U,2.0,2.16,True,0.16,3.1305999999999994,0.216,0.152224,3.1228239999999996,8.050000119954348
cl/v2-gifr1-vred-s0-b/16529/1,cl-16529,cl,U,4.0,2.16,True,0.16,3.1305999999999994,0.216,0.152224,3.1228239999999996,8.050000119954348
cl/v2-gifr1-vred-s0-b/16529/1,cl-16529,cl,U,6.0,2.16,True,2.16,5.100599999999999,2.131,1.4031398333333338,4.343739833333332,7.050000105053186
cl/v2-gifr1-vred-s0-b/16529/1,cl-16529,cl,U',2.0,2.16,True,0.16,3.1305999999999994,0.216,0.152224,3.1228239999999996,8.050000119954348
cl/v2-gifr1-vred-s0-b/16529/1,cl-16529,cl,U',4.0,2.16,True,0.16,3.1305999999999994,0.216,0.152224,3.1228239999999996,8.050000119954348
cl/v2-gifr1-vred-s0-b/16529/1,cl-16529,cl,U',6.0,2.16,True,2.16,5.100599999999999,2.131,1.4031398333333338,4.343739833333332,7.050000105053186
cl/v2-gifr1-vred-s0-b/16529/1,cl-16529,cl,L,2.0,2.16,True,2.16,5.8306,0.0,2.16,5.8306,0.05000000074505806
cl/v2-gifr1-vred-s0-b/16529/1,cl-16529,cl,L,4.0,2.16,True,2.16,5.8306,0.0,2.16,5.8306,0.05000000074505806
cl/v2-gifr1-vred-s0-b/16529/1,cl-16529,cl,L,6.0,2.16,True,2.16,5.8306,0.0,2.16,5.8306,0.05000000074505806
cl/v2-gifr1-vred-s0-b/16529/1,cl-16529,cl,L',2.0,2.16,True,2.16,5.8306,0.0,2.16,5.8306,0.05000000074505806
cl/v2-gifr1-vred-s0-b/16529/1,cl-16529,cl,L',4.0,2.16,True,2.16,5.8306,0.0,2.16,5.8306,0.05000000074505806
cl/v2-gifr1-vred-s0-b/16529/1,cl-16529,cl,L',6.0,2.16,True,2.16,5.8306,0.0,2.16,5.8306,0.05000000074505806
cl/v2-gifr1-vred-s0-b/16529/1,cl-16529,cl,R,2.0,2.16,True,2.16,5.8306,0.0,2.16,5.8306,0.05000000074505806
cl/v2-gifr1-vred-s0-b/16529/1,cl-16529,cl,R,4.0,2.16,True,2.16,5.8306,0.0,2.16,5.8306,0.05000000074505806
cl/v2-gifr1-vred-s0-b/16529/1,cl-16529,cl,R,6.0,2.16,True,2.16,5.8306,0.0,2.16,5.8306,0.05000000074505806
cl/v2-gifr1-vred-s0-b/16529/1,cl-16529,cl,R',2.0,2.16,True,2.16,5.8306,0.0,2.16,5.8306,0.05000000074505806
cl/v2-gifr1-vred-s0-b/16529/1,cl-16529,cl,R',4.0,2.16,True,2.16,5.8306,0.0,2.16,5.8306,0.05000000074505806
cl/v2-gifr1-vred-s0-b/16529/1,cl-16529,cl,R',6.0,2.16,True,2.16,5.8306,0.0,2.16,5.8306,0.05000000074505806
cl/v2-gifr1-vred-s1-c/15612/1,cl-15612,cl,U,2.0,2.16,False,,,,,,
cl/v2-gifr1-vred-s1-c/15612/1,cl-15612,cl,U,4.0,2.16,True,1.16,5.690599999999999,2.209,0.3467198333333331,4.877319833333332,7.050000105053186
cl/v2-gifr1-vred-s1-c/15612/1,cl-15612,cl,U,6.0,2.16,True,2.16,6.280599999999999,0.0,2.16,6.280599999999999,0.05000000074505806
cl/v2-gifr1-vred-s1-c/15612/1,cl-15612,cl,U',2.0,2.16,False,,,,,,
cl/v2-gifr1-vred-s1-c/15612/1,cl-15612,cl,U',4.0,2.16,True,1.16,5.690599999999999,2.209,0.3467198333333331,4.877319833333332,7.050000105053186
cl/v2-gifr1-vred-s1-c/15612/1,cl-15612,cl,U',6.0,2.16,True,2.16,6.280599999999999,0.0,2.16,6.280599999999999,0.05000000074505806
cl/v2-gifr1-vred-s1-c/15612/1,cl-15612,cl,L,2.0,2.16,True,2.16,6.280599999999999,0.0,2.16,6.280599999999999,0.05000000074505806
cl/v2-gifr1-vred-s1-c/15612/1,cl-15612,cl,L,4.0,2.16,True,2.16,6.280599999999999,0.0,2.16,6.280599999999999,0.05000000074505806
cl/v2-gifr1-vred-s1-c/15612/1,cl-15612,cl,L,6.0,2.16,True,2.16,6.280599999999999,0.0,2.16,6.280599999999999,0.05000000074505806
cl/v2-gifr1-vred-s1-c/15612/1,cl-15612,cl,L',2.0,2.16,True,2.16,6.280599999999999,0.0,2.16,6.280599999999999,0.05000000074505806
cl/v2-gifr1-vred-s1-c/15612/1,cl-15612,cl,L',4.0,2.16,True,2.16,6.280599999999999,0.0,2.16,6.280599999999999,0.05000000074505806
cl/v2-gifr1-vred-s1-c/15612/1,cl-15612,cl,L',6.0,2.16,True,2.16,6.280599999999999,0.0,2.16,6.280599999999999,0.05000000074505806
cl/v2-gifr1-vred-s1-c/15612/1,cl-15612,cl,R,2.0,2.16,True,1.16,5.690599999999999,2.209,0.3467198333333331,4.877319833333332,7.050000105053186
cl/v2-gifr1-vred-s1-c/15612/1,cl-15612,cl,R,4.0,2.16,True,2.16,6.280599999999999,0.0,2.16,6.280599999999999,0.05000000074505806
cl/v2-gifr1-vred-s1-c/15612/1,cl-15612,cl,R,6.0,2.16,True,2.16,6.280599999999999,0.0,2.16,6.280599999999999,0.05000000074505806
cl/v2-gifr1-vred-s1-c/15612/1,cl-15612,cl,R',2.0,2.16,True,2.16,6.280599999999999,1.751,1.6489998333333336,5.7695998333333325,6.550000097602606
cl/v2-gifr1-vred-s1-c/15612/1,cl-15612,cl,R',4.0,2.16,True,2.16,6.280599999999999,0.0,2.16,6.280599999999999,0.05000000074505806
cl/v2-gifr1-vred-s1-c/15612/1,cl-15612,cl,R',6.0,2.16,True,2.16,6.280599999999999,0.0,2.16,6.280599999999999,0.05000000074505806
cl/v2-vred-s0-q0/27043/1,cl-27043,cl,U,2.0,23.16,False,,,,,,
cl/v2-vred-s0-q0/27043/1,cl-27043,cl,U,4.0,23.16,False,,,,,,
cl/v2-vred-s0-q0/27043/1,cl-27043,cl,U,6.0,23.16,False,,,,,,
cl/v2-vred-s0-q0/27043/1,cl-27043,cl,U',2.0,23.16,False,,,,,,
cl/v2-vred-s0-q0/27043/1,cl-27043,cl,U',4.0,23.16,False,,,,,,
cl/v2-vred-s0-q0/27043/1,cl-27043,cl,U',6.0,23.16,False,,,,,,
cl/v2-vred-s0-q0/27043/1,cl-27043,cl,L,2.0,23.16,True,18.16,22.2806,4.39,14.947983333333333,19.068583333333333,8.050000119954348
cl/v2-vred-s0-q0/27043/1,cl-27043,cl,L,4.0,23.16,True,18.16,22.2806,4.39,14.947983333333333,19.068583333333333,8.050000119954348
cl/v2-vred-s0-q0/27043/1,cl-27043,cl,L,6.0,23.16,True,18.16,22.2806,4.39,14.947983333333333,19.068583333333333,8.050000119954348
cl/v2-vred-s0-q0/27043/1,cl-27043,cl,L',2.0,23.16,True,18.16,22.2806,4.39,14.947983333333333,19.068583333333333,8.050000119954348
cl/v2-vred-s0-q0/27043/1,cl-27043,cl,L',4.0,23.16,True,18.16,22.2806,4.39,14.947983333333333,19.068583333333333,8.050000119954348
cl/v2-vred-s0-q0/27043/1,cl-27043,cl,L',6.0,23.16,True,18.16,22.2806,4.39,14.947983333333333,19.068583333333333,8.050000119954348
cl/v2-vred-s0-q0/27043/1,cl-27043,cl,R,2.0,23.16,True,1.16,5.180599999999999,3.553,-0.9439681666666668,3.0766318333333325,15.550000231713057
cl/v2-vred-s0-q0/27043/1,cl-27043,cl,R,4.0,23.16,True,4.16,7.700599999999999,1.524,3.772904,7.313503999999999,14.550000216811895
cl/v2-vred-s0-q0/27043/1,cl-27043,cl,R,6.0,23.16,True,5.16,9.1206,1.933,4.537251833333333,8.497851833333334,12.050000179558992
cl/v2-vred-s0-q0/27043/1,cl-27043,cl,R',2.0,23.16,True,3.16,6.690599999999999,2.5,2.118333333333333,5.648933333333332,15.050000224262476
cl/v2-vred-s0-q0/27043/1,cl-27043,cl,R',4.0,23.16,True,4.16,7.700599999999999,1.524,3.772904,7.313503999999999,14.550000216811895
cl/v2-vred-s0-q0/27043/1,cl-27043,cl,R',6.0,23.16,True,6.16,10.1906,2.144,5.393877333333333,9.424477333333334,11.550000172108412
cl/v2-vred-s0-q0/27870/1,cl-27870,cl,U,2.0,1.16,False,,,,,,
cl/v2-vred-s0-q0/27870/1,cl-27870,cl,U,4.0,1.16,False,,,,,,
cl/v2-vred-s0-q0/27870/1,cl-27870,cl,U,6.0,1.16,False,,,,,,
cl/v2-vred-s0-q0/27870/1,cl-27870,cl,U',2.0,1.16,False,,,,,,
cl/v2-vred-s0-q0/27870/1,cl-27870,cl,U',4.0,1.16,False,,,,,,
cl/v2-vred-s0-q0/27870/1,cl-27870,cl,U',6.0,1.16,False,,,,,,
cl/v2-vred-s0-q0/27870/1,cl-27870,cl,L,2.0,1.16,True,1.16,6.5706,1.126,0.9486873333333333,6.3592873333333335,6.050000090152025
cl/v2-vred-s0-q0/27870/1,cl-27870,cl,L,4.0,1.16,True,1.16,6.5706,1.126,0.9486873333333333,6.3592873333333335,6.050000090152025
cl/v2-vred-s0-q0/27870/1,cl-27870,cl,L,6.0,1.16,True,1.16,6.5706,1.126,0.9486873333333333,6.3592873333333335,6.050000090152025
cl/v2-vred-s0-q0/27870/1,cl-27870,cl,L',2.0,1.16,True,1.16,6.5706,1.126,0.9486873333333333,6.3592873333333335,6.050000090152025
cl/v2-vred-s0-q0/27870/1,cl-27870,cl,L',4.0,1.16,True,1.16,6.5706,1.126,0.9486873333333333,6.3592873333333335,6.050000090152025
cl/v2-vred-s0-q0/27870/1,cl-27870,cl,L',6.0,1.16,True,1.16,6.5706,1.126,0.9486873333333333,6.3592873333333335,6.050000090152025
cl/v2-vred-s0-q0/27870/1,cl-27870,cl,R,2.0,1.16,True,-0.84,4.8306,2.552,-1.9254506666666669,3.745149333333333,7.550000112503767
cl/v2-vred-s0-q0/27870/1,cl-27870,cl,R,4.0,1.16,True,1.16,6.5706,0.0,1.16,6.5706,0.05000000074505806
cl/v2-vred-s0-q0/27870/1,cl-27870,cl,R,6.0,1.16,True,1.16,6.5706,0.0,1.16,6.5706,0.05000000074505806
cl/v2-vred-s0-q0/27870/1,cl-27870,cl,R',2.0,1.16,True,-0.84,4.8306,2.552,-1.9254506666666669,3.745149333333333,7.550000112503767
cl/v2-vred-s0-q0/27870/1,cl-27870,cl,R',4.0,1.16,True,1.16,6.5706,0.0,1.16,6.5706,0.05000000074505806
cl/v2-vred-s0-q0/27870/1,cl-27870,cl,R',6.0,1.16,True,1.16,6.5706,0.0,1.16,6.5706,0.05000000074505806
cl/v2-vred-s0-q1/15102/1,cl-15102,cl,U,2.0,2.16,False,,,,,,
cl/v2-vred-s0-q1/15102/1,cl-15102,cl,U,4.0,2.16,False,,,,,,
cl/v2-vred-s0-q1/15102/1,cl-15102,cl,U,6.0,2.16,False,,,,,,
cl/v2-vred-s0-q1/15102/1,cl-15102,cl,U',2.0,2.16,False,,,,,,
cl/v2-vred-s0-q1/15102/1,cl-15102,cl,U',4.0,2.16,False,,,,,,
cl/v2-vred-s0-q1/15102/1,cl-15102,cl,U',6.0,2.16,False,,,,,,
cl/v2-vred-s0-q1/15102/1,cl-15102,cl,L,2.0,2.16,True,2.16,2.1605999999999996,0.0,2.16,2.1605999999999996,0.5500000081956387
cl/v2-vred-s0-q1/15102/1,cl-15102,cl,L,4.0,2.16,True,2.16,2.1605999999999996,0.0,2.16,2.1605999999999996,0.5500000081956387
cl/v2-vred-s0-q1/15102/1,cl-15102,cl,L,6.0,2.16,True,2.16,2.1605999999999996,0.0,2.16,2.1605999999999996,0.05000000074505806
cl/v2-vred-s0-q1/15102/1,cl-15102,cl,L',2.0,2.16,True,2.16,2.1605999999999996,0.0,2.16,2.1605999999999996,0.5500000081956387
cl/v2-vred-s0-q1/15102/1,cl-15102,cl,L',4.0,2.16,True,2.16,2.1605999999999996,0.0,2.16,2.1605999999999996,0.5500000081956387
cl/v2-vred-s0-q1/15102/1,cl-15102,cl,L',6.0,2.16,True,2.16,2.1605999999999996,0.0,2.16,2.1605999999999996,0.05000000074505806
cl/v2-vred-s0-q1/15102/1,cl-15102,cl,R,2.0,2.16,True,2.16,1.7405999999999997,0.01,2.1599833333333334,1.740583333333333,15.050000224262476
cl/v2-vred-s0-q1/15102/1,cl-15102,cl,R,4.0,2.16,True,2.16,2.1605999999999996,0.0,2.16,2.1605999999999996,0.05000000074505806
cl/v2-vred-s0-q1/15102/1,cl-15102,cl,R,6.0,2.16,True,2.16,2.1605999999999996,0.0,2.16,2.1605999999999996,0.05000000074505806
cl/v2-vred-s0-q1/15102/1,cl-15102,cl,R',2.0,2.16,True,2.16,2.1605999999999996,1.158,1.936506,1.9371059999999996,6.050000090152025
cl/v2-vred-s0-q1/15102/1,cl-15102,cl,R',4.0,2.16,True,2.16,2.1605999999999996,0.0,2.16,2.1605999999999996,0.05000000074505806
cl/v2-vred-s0-q1/15102/1,cl-15102,cl,R',6.0,2.16,True,2.16,2.1605999999999996,0.0,2.16,2.1605999999999996,0.05000000074505806
cl/v2-vred-s0-q1/15612/1,cl-15612,cl,U,2.0,2.16,True,0.16,4.530599999999999,2.368,-0.7745706666666665,3.596029333333332,7.550000112503767
cl/v2-vred-s0-q1/15612/1,cl-15612,cl,U,4.0,2.16,True,1.16,5.690599999999999,2.23,0.3311833333333333,4.8617833333333325,7.050000105053186
cl/v2-vred-s0-q1/15612/1,cl-15612,cl,U,6.0,2.16,True,2.16,6.280599999999999,0.0,2.16,6.280599999999999,0.05000000074505806
cl/v2-vred-s0-q1/15612/1,cl-15612,cl,U',2.0,2.16,True,0.16,4.530599999999999,2.368,-0.7745706666666665,3.596029333333332,7.550000112503767
cl/v2-vred-s0-q1/15612/1,cl-15612,cl,U',4.0,2.16,True,1.16,5.690599999999999,2.23,0.3311833333333333,4.8617833333333325,7.050000105053186
cl/v2-vred-s0-q1/15612/1,cl-15612,cl,U',6.0,2.16,True,2.16,6.280599999999999,0.0,2.16,6.280599999999999,0.05000000074505806
cl/v2-vred-s0-q1/15612/1,cl-15612,cl,L,2.0,2.16,True,2.16,6.280599999999999,0.0,2.16,6.280599999999999,0.05000000074505806
cl/v2-vred-s0-q1/15612/1,cl-15612,cl,L,4.0,2.16,True,2.16,6.280599999999999,0.0,2.16,6.280599999999999,0.05000000074505806
cl/v2-vred-s0-q1/15612/1,cl-15612,cl,L,6.0,2.16,True,2.16,6.280599999999999,0.0,2.16,6.280599999999999,0.05000000074505806
cl/v2-vred-s0-q1/15612/1,cl-15612,cl,L',2.0,2.16,True,2.16,6.280599999999999,0.0,2.16,6.280599999999999,0.05000000074505806
cl/v2-vred-s0-q1/15612/1,cl-15612,cl,L',4.0,2.16,True,2.16,6.280599999999999,0.0,2.16,6.280599999999999,0.05000000074505806
cl/v2-vred-s0-q1/15612/1,cl-15612,cl,L',6.0,2.16,True,2.16,6.280599999999999,0.0,2.16,6.280599999999999,0.05000000074505806
cl/v2-vred-s0-q1/15612/1,cl-15612,cl,R,2.0,2.16,True,1.16,5.690599999999999,2.23,0.3311833333333333,4.8617833333333325,7.050000105053186
cl/v2-vred-s0-q1/15612/1,cl-15612,cl,R,4.0,2.16,True,2.16,6.280599999999999,0.0,2.16,6.280599999999999,0.05000000074505806
cl/v2-vred-s0-q1/15612/1,cl-15612,cl,R,6.0,2.16,True,2.16,6.280599999999999,0.0,2.16,6.280599999999999,0.05000000074505806
cl/v2-vred-s0-q1/15612/1,cl-15612,cl,R',2.0,2.16,True,2.16,6.280599999999999,1.758,1.6449060000000002,5.7655059999999985,6.550000097602606
cl/v2-vred-s0-q1/15612/1,cl-15612,cl,R',4.0,2.16,True,2.16,6.280599999999999,0.0,2.16,6.280599999999999,0.05000000074505806
cl/v2-vred-s0-q1/15612/1,cl-15612,cl,R',6.0,2.16,True,2.16,6.280599999999999,0.0,2.16,6.280599999999999,0.05000000074505806
cl/v2-vred-s0-q1/16390/1,cl-16390,cl,U,2.0,2.16,False,,,,,,
cl/v2-vred-s0-q1/16390/1,cl-16390,cl,U,4.0,2.16,False,,,,,,
cl/v2-vred-s0-q1/16390/1,cl-16390,cl,U,6.0,2.16,False,,,,,,
cl/v2-vred-s0-q1/16390/1,cl-16390,cl,U',2.0,2.16,False,,,,,,
cl/v2-vred-s0-q1/16390/1,cl-16390,cl,U',4.0,2.16,True,-1.84,2.5305999999999997,4.352,-4.9966506666666675,-0.6260506666666674,7.550000112503767
cl/v2-vred-s0-q1/16390/1,cl-16390,cl,U',6.0,2.16,True,2.16,5.6306,2.159,1.3831198333333337,4.853719833333334,6.550000097602606
cl/v2-vred-s0-q1/16390/1,cl-16390,cl,L,2.0,2.16,True,2.16,5.6306,0.0,2.16,5.6306,0.05000000074505806
cl/v2-vred-s0-q1/16390/1,cl-16390,cl,L,4.0,2.16,True,2.16,5.6306,0.0,2.16,5.6306,0.05000000074505806
cl/v2-vred-s0-q1/16390/1,cl-16390,cl,L,6.0,2.16,True,2.16,5.6306,0.0,2.16,5.6306,0.05000000074505806
cl/v2-vred-s0-q1/16390/1,cl-16390,cl,L',2.0,2.16,True,2.16,5.6306,0.0,2.16,5.6306,0.05000000074505806
cl/v2-vred-s0-q1/16390/1,cl-16390,cl,L',4.0,2.16,True,2.16,5.6306,0.0,2.16,5.6306,0.05000000074505806
cl/v2-vred-s0-q1/16390/1,cl-16390,cl,L',6.0,2.16,True,2.16,5.6306,0.0,2.16,5.6306,0.05000000074505806
cl/v2-vred-s0-q1/16390/1,cl-16390,cl,R,2.0,2.16,True,2.16,5.6306,0.0,2.16,5.6306,0.05000000074505806
cl/v2-vred-s0-q1/16390/1,cl-16390,cl,R,4.0,2.16,True,2.16,5.6306,0.0,2.16,5.6306,0.05000000074505806
cl/v2-vred-s0-q1/16390/1,cl-16390,cl,R,6.0,2.16,True,2.16,5.6306,0.0,2.16,5.6306,0.05000000074505806
cl/v2-vred-s0-q1/16390/1,cl-16390,cl,R',2.0,2.16,True,2.16,5.6306,0.0,2.16,5.6306,0.05000000074505806
cl/v2-vred-s0-q1/16390/1,cl-16390,cl,R',4.0,2.16,True,2.16,5.6306,0.0,2.16,5.6306,0.05000000074505806
cl/v2-vred-s0-q1/16390/1,cl-16390,cl,R',6.0,2.16,True,2.16,5.6306,0.0,2.16,5.6306,0.05000000074505806
cl/v2-vred-s0-q1/24944/1,cl-24944,cl,U,2.0,65.82,False,,,,,,
cl/v2-vred-s0-q1/24944/1,cl-24944,cl,U,4.0,65.82,True,47.09,0.6605999999999996,0.0,47.09,0.6605999999999996,70.55000105127692
cl/v2-vred-s0-q1/24944/1,cl-24944,cl,U,6.0,65.82,True,49.09,2.8506,0.432,49.058896000000004,2.819496,56.550000842660666
cl/v2-vred-s0-q1/24944/1,cl-24944,cl,U',2.0,65.82,True,1.16,,5.183,-3.3172481666666664,,96.05000143125653
cl/v2-vred-s0-q1/24944/1,cl-24944,cl,U',4.0,65.82,True,47.09,0.6605999999999996,0.0,47.09,0.6605999999999996,70.55000105127692
cl/v2-vred-s0-q1/24944/1,cl-24944,cl,U',6.0,65.82,True,10.16,20.4806,1.631,9.716639833333334,20.03723983333333,44.55000066384673
cl/v2-vred-s0-q1/24944/1,cl-24944,cl,L,2.0,65.82,True,10.16,20.4806,1.631,9.716639833333334,20.03723983333333,44.55000066384673
cl/v2-vred-s0-q1/24944/1,cl-24944,cl,L,4.0,65.82,True,10.16,20.4806,1.631,9.716639833333334,20.03723983333333,44.55000066384673
cl/v2-vred-s0-q1/24944/1,cl-24944,cl,L,6.0,65.82,True,10.16,20.4806,1.631,9.716639833333334,20.03723983333333,44.55000066384673
cl/v2-vred-s0-q1/24944/1,cl-24944,cl,L',2.0,65.82,True,10.16,20.4806,1.631,9.716639833333334,20.03723983333333,44.55000066384673
cl/v2-vred-s0-q1/24944/1,cl-24944,cl,L',4.0,65.82,True,10.16,20.4806,1.631,9.716639833333334,20.03723983333333,44.55000066384673
cl/v2-vred-s0-q1/24944/1,cl-24944,cl,L',6.0,65.82,True,10.16,20.4806,1.631,9.716639833333334,20.03723983333333,44.55000066384673
cl/v2-vred-s0-q1/24944/1,cl-24944,cl,R,2.0,65.82,True,49.09,2.8506,0.432,49.058896000000004,2.819496,56.550000842660666
cl/v2-vred-s0-q1/24944/1,cl-24944,cl,R,4.0,65.82,True,49.09,2.8506,0.432,49.058896000000004,2.819496,56.550000842660666
cl/v2-vred-s0-q1/24944/1,cl-24944,cl,R,6.0,65.82,True,-1.84,8.970600000000001,2.839,-3.1833201666666664,7.6272798333333345,48.050000716000795
cl/v2-vred-s0-q1/24944/1,cl-24944,cl,R',2.0,65.82,True,49.09,2.8506,0.432,49.058896000000004,2.819496,56.550000842660666
cl/v2-vred-s0-q1/24944/1,cl-24944,cl,R',4.0,65.82,True,49.09,2.8506,0.432,49.058896000000004,2.819496,56.550000842660666
cl/v2-vred-s0-q1/24944/1,cl-24944,cl,R',6.0,65.82,True,0.16,10.520599999999998,3.384,-1.748576,8.612023999999998,47.550000708550215
cl/v2-vred-s0-q1/27297/1,cl-27297,cl,U,2.0,18.59,False,,,,,,
cl/v2-vred-s0-q1/27297/1,cl-27297,cl,U,4.0,18.59,False,,,,,,
cl/v2-vred-s0-q1/27297/1,cl-27297,cl,U,6.0,18.59,False,,,,,,
cl/v2-vred-s0-q1/27297/1,cl-27297,cl,U',2.0,18.59,False,,,,,,
cl/v2-vred-s0-q1/27297/1,cl-27297,cl,U',4.0,18.59,False,,,,,,
cl/v2-vred-s0-q1/27297/1,cl-27297,cl,U',6.0,18.59,False,,,,,,
cl/v2-vred-s0-q1/27297/1,cl-27297,cl,L,2.0,18.59,True,3.3,7.2505999999999995,5.321,-1.4188401666666666,2.531759833333333,10.05000014975667
cl/v2-vred-s0-q1/27297/1,cl-27297,cl,L,4.0,18.59,True,3.3,7.2505999999999995,5.321,-1.4188401666666666,2.531759833333333,10.05000014975667
cl/v2-vred-s0-q1/27297/1,cl-27297,cl,L,6.0,18.59,True,3.3,7.2505999999999995,5.321,-1.4188401666666666,2.531759833333333,10.05000014975667
cl/v2-vred-s0-q1/27297/1,cl-27297,cl,L',2.0,18.59,True,3.3,7.2505999999999995,5.321,-1.4188401666666666,2.531759833333333,10.05000014975667
cl/v2-vred-s0-q1/27297/1,cl-27297,cl,L',4.0,18.59,True,3.3,7.2505999999999995,5.321,-1.4188401666666666,2.531759833333333,10.05000014975667
cl/v2-vred-s0-q1/27297/1,cl-27297,cl,L',6.0,18.59,True,3.3,7.2505999999999995,5.321,-1.4188401666666666,2.531759833333333,10.05000014975667
cl/v2-vred-s0-q1/27297/1,cl-27297,cl,R,2.0,18.59,True,0.24,4.590599999999999,5.129,-4.144440166666666,0.20615983333333343,10.55000015720725
cl/v2-vred-s0-q1/27297/1,cl-27297,cl,R,4.0,18.59,True,3.3,7.2505999999999995,5.321,-1.4188401666666666,2.531759833333333,10.05000014975667
cl/v2-vred-s0-q1/27297/1,cl-27297,cl,R,6.0,18.59,True,3.3,7.2505999999999995,5.321,-1.4188401666666666,2.531759833333333,10.05000014975667
cl/v2-vred-s0-q1/27297/1,cl-27297,cl,R',2.0,18.59,True,5.34,9.910599999999999,5.287,0.6812718333333327,5.251871833333332,9.55000014230609
cl/v2-vred-s0-q1/27297/1,cl-27297,cl,R',4.0,18.59,True,5.34,9.910599999999999,5.287,0.6812718333333327,5.251871833333332,9.55000014230609
cl/v2-vred-s0-q1/27297/1,cl-27297,cl,R',6.0,18.59,True,8.4,12.6906,5.216,3.8655573333333333,8.156157333333333,9.050000134855509
cl/v2-vred-s0-q2/15483/1,cl-15483,cl,U,2.0,2.16,False,,,,,,
cl/v2-vred-s0-q2/15483/1,cl-15483,cl,U,4.0,2.16,True,2.16,5.850599999999999,0.0,2.16,5.850599999999999,0.05000000074505806
cl/v2-vred-s0-q2/15483/1,cl-15483,cl,U,6.0,2.16,True,2.16,5.850599999999999,0.0,2.16,5.850599999999999,0.05000000074505806
cl/v2-vred-s0-q2/15483/1,cl-15483,cl,U',2.0,2.16,False,,,,,,
cl/v2-vred-s0-q2/15483/1,cl-15483,cl,U',4.0,2.16,True,2.16,5.850599999999999,0.0,2.16,5.850599999999999,0.05000000074505806
cl/v2-vred-s0-q2/15483/1,cl-15483,cl,U',6.0,2.16,True,2.16,5.850599999999999,0.0,2.16,5.850599999999999,0.05000000074505806
cl/v2-vred-s0-q2/15483/1,cl-15483,cl,L,2.0,2.16,True,2.16,5.850599999999999,0.0,2.16,5.850599999999999,0.05000000074505806
cl/v2-vred-s0-q2/15483/1,cl-15483,cl,L,4.0,2.16,True,2.16,5.850599999999999,0.0,2.16,5.850599999999999,0.05000000074505806
cl/v2-vred-s0-q2/15483/1,cl-15483,cl,L,6.0,2.16,True,2.16,5.850599999999999,0.0,2.16,5.850599999999999,0.05000000074505806
cl/v2-vred-s0-q2/15483/1,cl-15483,cl,L',2.0,2.16,True,2.16,5.850599999999999,0.0,2.16,5.850599999999999,0.05000000074505806
cl/v2-vred-s0-q2/15483/1,cl-15483,cl,L',4.0,2.16,True,2.16,5.850599999999999,0.0,2.16,5.850599999999999,0.05000000074505806
cl/v2-vred-s0-q2/15483/1,cl-15483,cl,L',6.0,2.16,True,2.16,5.850599999999999,0.0,2.16,5.850599999999999,0.05000000074505806
cl/v2-vred-s0-q2/15483/1,cl-15483,cl,R,2.0,2.16,True,2.16,5.340599999999999,1.923,1.5436785,4.7242785,7.050000105053186
cl/v2-vred-s0-q2/15483/1,cl-15483,cl,R,4.0,2.16,True,2.16,5.850599999999999,0.0,2.16,5.850599999999999,0.05000000074505806
cl/v2-vred-s0-q2/15483/1,cl-15483,cl,R,6.0,2.16,True,2.16,5.850599999999999,0.0,2.16,5.850599999999999,0.05000000074505806
cl/v2-vred-s0-q2/15483/1,cl-15483,cl,R',2.0,2.16,True,2.16,5.850599999999999,1.193,1.9227918333333334,5.613391833333332,6.050000090152025
cl/v2-vred-s0-q2/15483/1,cl-15483,cl,R',4.0,2.16,True,2.16,5.850599999999999,0.0,2.16,5.850599999999999,0.05000000074505806
cl/v2-vred-s0-q2/15483/1,cl-15483,cl,R',6.0,2.16,True,2.16,5.850599999999999,0.0,2.16,5.850599999999999,0.05000000074505806
cl/v2-vred-s0-q2/16508/1,cl-16508,cl,U,2.0,2.16,False,,,,,,
cl/v2-vred-s0-q2/16508/1,cl-16508,cl,U,4.0,2.16,False,,,,,,
cl/v2-vred-s0-q2/16508/1,cl-16508,cl,U,6.0,2.16,False,,,,,,
cl/v2-vred-s0-q2/16508/1,cl-16508,cl,U',2.0,2.16,False,,,,,,
cl/v2-vred-s0-q2/16508/1,cl-16508,cl,U',4.0,2.16,True,-0.84,4.8906,4.498,-4.212000666666667,1.518599333333333,7.550000112503767
cl/v2-vred-s0-q2/16508/1,cl-16508,cl,U',6.0,2.16,True,-0.84,4.8906,4.498,-4.212000666666667,1.518599333333333,7.550000112503767
cl/v2-vred-s0-q2/16508/1,cl-16508,cl,L,2.0,2.16,True,2.16,7.930599999999999,0.0,2.16,7.930599999999999,0.05000000074505806
cl/v2-vred-s0-q2/16508/1,cl-16508,cl,L,4.0,2.16,True,2.16,7.930599999999999,0.0,2.16,7.930599999999999,0.05000000074505806
cl/v2-vred-s0-q2/16508/1,cl-16508,cl,L,6.0,2.16,True,2.16,7.930599999999999,0.0,2.16,7.930599999999999,0.05000000074505806
cl/v2-vred-s0-q2/16508/1,cl-16508,cl,L',2.0,2.16,True,2.16,7.930599999999999,0.0,2.16,7.930599999999999,0.05000000074505806
cl/v2-vred-s0-q2/16508/1,cl-16508,cl,L',4.0,2.16,True,2.16,7.930599999999999,0.0,2.16,7.930599999999999,0.05000000074505806
cl/v2-vred-s0-q2/16508/1,cl-16508,cl,L',6.0,2.16,True,2.16,7.930599999999999,0.0,2.16,7.930599999999999,0.05000000074505806
cl/v2-vred-s0-q2/16508/1,cl-16508,cl,R,2.0,2.16,True,1.16,6.930599999999999,3.378,-0.7418140000000002,5.028785999999999,7.050000105053186
cl/v2-vred-s0-q2/16508/1,cl-16508,cl,R,4.0,2.16,True,2.16,7.930599999999999,0.0,2.16,7.930599999999999,0.05000000074505806
cl/v2-vred-s0-q2/16508/1,cl-16508,cl,R,6.0,2.16,True,2.16,7.930599999999999,0.0,2.16,7.930599999999999,0.05000000074505806
cl/v2-vred-s0-q2/16508/1,cl-16508,cl,R',2.0,2.16,True,2.16,7.930599999999999,2.238,1.3252260000000002,7.095825999999999,6.550000097602606
cl/v2-vred-s0-q2/16508/1,cl-16508,cl,R',4.0,2.16,True,2.16,7.930599999999999,0.0,2.16,7.930599999999999,0.05000000074505806
cl/v2-vred-s0-q2/16508/1,cl-16508,cl,R',6.0,2.16,True,2.16,7.930599999999999,0.0,2.16,7.930599999999999,0.05000000074505806
cl/v2-vred-s0-q2/16529/1,cl-16529,cl,U,2.0,2.16,True,0.16,2.9205999999999994,0.0,0.16,2.9205999999999994,9.050000134855509
cl/v2-vred-s0-q2/16529/1,cl-16529,cl,U,4.0,2.16,True,0.16,3.0705999999999998,1.428,-0.17986399999999994,2.730736,8.050000119954348
cl/v2-vred-s0-q2/16529/1,cl-16529,cl,U,6.0,2.16,True,2.16,5.100599999999999,2.129,1.4045598333333333,4.345159833333333,7.050000105053186
cl/v2-vred-s0-q2/16529/1,cl-16529,cl,U',2.0,2.16,True,0.16,2.9205999999999994,0.0,0.16,2.9205999999999994,9.050000134855509
cl/v2-vred-s0-q2/16529/1,cl-16529,cl,U',4.0,2.16,True,2.16,5.100599999999999,2.129,1.4045598333333333,4.345159833333333,7.050000105053186
cl/v2-vred-s0-q2/16529/1,cl-16529,cl,U',6.0,2.16,True,2.16,5.100599999999999,2.129,1.4045598333333333,4.345159833333333,7.050000105053186
cl/v2-vred-s0-q2/16529/1,cl-16529,cl,L,2.0,2.16,True,2.16,5.8306,0.0,2.16,5.8306,0.05000000074505806
cl/v2-vred-s0-q2/16529/1,cl-16529,cl,L,4.0,2.16,True,2.16,5.8306,0.0,2.16,5.8306,0.05000000074505806
cl/v2-vred-s0-q2/16529/1,cl-16529,cl,L,6.0,2.16,True,2.16,5.8306,0.0,2.16,5.8306,0.05000000074505806
cl/v2-vred-s0-q2/16529/1,cl-16529,cl,L',2.0,2.16,True,2.16,5.8306,0.0,2.16,5.8306,0.05000000074505806
cl/v2-vred-s0-q2/16529/1,cl-16529,cl,L',4.0,2.16,True,2.16,5.8306,0.0,2.16,5.8306,0.05000000074505806
cl/v2-vred-s0-q2/16529/1,cl-16529,cl,L',6.0,2.16,True,2.16,5.8306,0.0,2.16,5.8306,0.05000000074505806
cl/v2-vred-s0-q2/16529/1,cl-16529,cl,R,2.0,2.16,True,2.16,5.8306,0.0,2.16,5.8306,0.05000000074505806
cl/v2-vred-s0-q2/16529/1,cl-16529,cl,R,4.0,2.16,True,2.16,5.8306,0.0,2.16,5.8306,0.05000000074505806
cl/v2-vred-s0-q2/16529/1,cl-16529,cl,R,6.0,2.16,True,2.16,5.8306,0.0,2.16,5.8306,0.05000000074505806
cl/v2-vred-s0-q2/16529/1,cl-16529,cl,R',2.0,2.16,True,2.16,5.8306,0.0,2.16,5.8306,0.05000000074505806
cl/v2-vred-s0-q2/16529/1,cl-16529,cl,R',4.0,2.16,True,2.16,5.8306,0.0,2.16,5.8306,0.05000000074505806
cl/v2-vred-s0-q2/16529/1,cl-16529,cl,R',6.0,2.16,True,2.16,5.8306,0.0,2.16,5.8306,0.05000000074505806
cl/v2-vred-s0-q2/28147/1,cl-28147,cl,U,2.0,16.32,False,,,,,,
cl/v2-vred-s0-q2/28147/1,cl-28147,cl,U,4.0,16.32,False,,,,,,
cl/v2-vred-s0-q2/28147/1,cl-28147,cl,U,6.0,16.32,False,,,,,,
cl/v2-vred-s0-q2/28147/1,cl-28147,cl,U',2.0,16.32,False,,,,,,
cl/v2-vred-s0-q2/28147/1,cl-28147,cl,U',4.0,16.32,False,,,,,,
cl/v2-vred-s0-q2/28147/1,cl-28147,cl,U',6.0,16.32,False,,,,,,
cl/v2-vred-s0-q2/28147/1,cl-28147,cl,L,2.0,16.32,True,8.32,13.9606,4.888,4.337909333333334,9.978509333333333,8.550000127404928
cl/v2-vred-s0-q2/28147/1,cl-28147,cl,L,4.0,16.32,True,10.32,16.5506,4.858,6.386639333333335,12.617239333333334,8.050000119954348
cl/v2-vred-s0-q2/28147/1,cl-28147,cl,L,6.0,16.32,True,16.32,21.8306,0.0,16.32,21.8306,1.5500000230967999
cl/v2-vred-s0-q2/28147/1,cl-28147,cl,L',2.0,16.32,True,10.32,16.5506,4.858,6.386639333333335,12.617239333333334,8.050000119954348
cl/v2-vred-s0-q2/28147/1,cl-28147,cl,L',4.0,16.32,True,14.32,18.8306,4.146,11.455114,15.965714,7.550000112503767
cl/v2-vred-s0-q2/28147/1,cl-28147,cl,L',6.0,16.32,True,16.32,21.8306,0.0,16.32,21.8306,1.5500000230967999
cl/v2-vred-s0-q2/28147/1,cl-28147,cl,R,2.0,16.32,True,-0.84,4.920599999999999,1.5,-1.2149999999999999,4.545599999999999,18.05000026896596
cl/v2-vred-s0-q2/28147/1,cl-28147,cl,R,4.0,16.32,True,1.16,6.920599999999999,2.382,0.21434599999999981,5.974945999999999,10.55000015720725
cl/v2-vred-s0-q2/28147/1,cl-28147,cl,R,6.0,16.32,True,3.17,8.3006,2.981,1.6889398333333334,6.819539833333333,10.05000014975667
cl/v2-vred-s0-q2/28147/1,cl-28147,cl,R',2.0,16.32,True,-0.84,4.920599999999999,1.5,-1.2149999999999999,4.545599999999999,18.05000026896596
cl/v2-vred-s0-q2/28147/1,cl-28147,cl,R',4.0,16.32,True,3.17,8.3006,2.981,1.6889398333333334,6.819539833333333,10.05000014975667
cl/v2-vred-s0-q2/28147/1,cl-28147,cl,R',6.0,16.32,True,6.18,11.6506,4.297,3.1026318333333336,8.573231833333335,9.050000134855509
cl/v2-vred-s0-q2/9196/1,cl-9196,cl,U,2.0,18.16,True,3.16,9.070599999999999,2.208,2.347456,8.258055999999998,18.55000027641654
cl/v2-vred-s0-q2/9196/1,cl-9196,cl,U,4.0,18.16,True,3.16,9.070599999999999,2.208,2.347456,8.258055999999998,18.55000027641654
cl/v2-vred-s0-q2/9196/1,cl-9196,cl,U,6.0,18.16,True,3.16,9.070599999999999,2.208,2.347456,8.258055999999998,18.55000027641654
cl/v2-vred-s0-q2/9196/1,cl-9196,cl,U',2.0,18.16,True,3.16,9.070599999999999,2.208,2.347456,8.258055999999998,18.55000027641654
cl/v2-vred-s0-q2/9196/1,cl-9196,cl,U',4.0,18.16,True,3.16,9.070599999999999,2.208,2.347456,8.258055999999998,18.55000027641654
cl/v2-vred-s0-q2/9196/1,cl-9196,cl,U',6.0,18.16,True,3.16,9.070599999999999,2.208,2.347456,8.258055999999998,18.55000027641654
cl/v2-vred-s0-q2/9196/1,cl-9196,cl,L,2.0,18.16,True,9.16,14.900599999999997,3.016,7.643957333333334,13.38455733333333,16.550000246614218
cl/v2-vred-s0-q2/9196/1,cl-9196,cl,L,4.0,18.16,True,11.16,16.360599999999998,2.468,10.144829333333334,15.345429333333332,16.050000239163637
cl/v2-vred-s0-q2/9196/1,cl-9196,cl,L,6.0,18.16,True,15.16,20.520599999999998,2.389,14.208779833333333,19.569379833333333,8.050000119954348
cl/v2-vred-s0-q2/9196/1,cl-9196,cl,L',2.0,18.16,True,9.16,14.900599999999997,3.016,7.643957333333334,13.38455733333333,16.550000246614218
cl/v2-vred-s0-q2/9196/1,cl-9196,cl,L',4.0,18.16,True,11.16,16.360599999999998,2.468,10.144829333333334,15.345429333333332,16.050000239163637
cl/v2-vred-s0-q2/9196/1,cl-9196,cl,L',6.0,18.16,True,15.16,20.520599999999998,2.389,14.208779833333333,19.569379833333333,8.050000119954348
cl/v2-vred-s0-q2/9196/1,cl-9196,cl,R,2.0,18.16,True,1.16,6.360599999999999,2.124,0.4081039999999999,5.608703999999999,26.05000038817525
cl/v2-vred-s0-q2/9196/1,cl-9196,cl,R,4.0,18.16,True,3.16,9.070599999999999,2.208,2.347456,8.258055999999998,18.55000027641654
cl/v2-vred-s0-q2/9196/1,cl-9196,cl,R,6.0,18.16,True,5.16,10.290600000000001,2.705,3.9404958333333333,9.071095833333334,18.05000026896596
cl/v2-vred-s0-q2/9196/1,cl-9196,cl,R',2.0,18.16,True,2.16,7.3106,1.485,1.7924625,6.9430625,25.55000038072467
cl/v2-vred-s0-q2/9196/1,cl-9196,cl,R',4.0,18.16,True,5.16,10.290600000000001,2.705,3.9404958333333333,9.071095833333334,18.05000026896596
cl/v2-vred-s0-q2/9196/1,cl-9196,cl,R',6.0,18.16,True,6.16,11.770599999999998,3.005,4.654995833333333,10.265595833333332,17.55000026151538
cl/v2-vred-s1-q0/27043/1,cl-27043,cl,U,2.0,23.16,False,,,,,,
cl/v2-vred-s1-q0/27043/1,cl-27043,cl,U,4.0,23.16,False,,,,,,
cl/v2-vred-s1-q0/27043/1,cl-27043,cl,U,6.0,23.16,False,,,,,,
cl/v2-vred-s1-q0/27043/1,cl-27043,cl,U',2.0,23.16,False,,,,,,
cl/v2-vred-s1-q0/27043/1,cl-27043,cl,U',4.0,23.16,False,,,,,,
cl/v2-vred-s1-q0/27043/1,cl-27043,cl,U',6.0,23.16,False,,,,,,
cl/v2-vred-s1-q0/27043/1,cl-27043,cl,L,2.0,23.16,True,18.16,22.240599999999997,4.474,14.823887333333333,18.90448733333333,8.050000119954348
cl/v2-vred-s1-q0/27043/1,cl-27043,cl,L,4.0,23.16,True,18.16,22.240599999999997,4.474,14.823887333333333,18.90448733333333,8.050000119954348
cl/v2-vred-s1-q0/27043/1,cl-27043,cl,L,6.0,23.16,True,18.16,22.240599999999997,4.474,14.823887333333333,18.90448733333333,8.050000119954348
cl/v2-vred-s1-q0/27043/1,cl-27043,cl,L',2.0,23.16,True,18.16,22.240599999999997,4.474,14.823887333333333,18.90448733333333,8.050000119954348
cl/v2-vred-s1-q0/27043/1,cl-27043,cl,L',4.0,23.16,True,18.16,22.240599999999997,4.474,14.823887333333333,18.90448733333333,8.050000119954348
cl/v2-vred-s1-q0/27043/1,cl-27043,cl,L',6.0,23.16,True,18.16,22.240599999999997,4.474,14.823887333333333,18.90448733333333,8.050000119954348
cl/v2-vred-s1-q0/27043/1,cl-27043,cl,R,2.0,23.16,True,1.16,5.180599999999999,3.545,-0.9345041666666665,3.086095833333333,15.550000231713057
cl/v2-vred-s1-q0/27043/1,cl-27043,cl,R,4.0,23.16,True,4.16,7.700599999999999,1.508,3.7809893333333333,7.321589333333332,14.550000216811895
cl/v2-vred-s1-q0/27043/1,cl-27043,cl,R,6.0,23.16,True,5.16,8.8306,1.85,4.589583333333334,8.260183333333334,12.050000179558992
cl/v2-vred-s1-q0/27043/1,cl-27043,cl,R',2.0,23.16,True,3.16,6.690599999999999,2.506,2.1133273333333333,5.643927333333332,15.050000224262476
cl/v2-vred-s1-q0/27043/1,cl-27043,cl,R',4.0,23.16,True,4.16,7.700599999999999,1.508,3.7809893333333333,7.321589333333332,14.550000216811895
cl/v2-vred-s1-q0/27043/1,cl-27043,cl,R',6.0,23.16,True,6.16,9.8706,2.091,5.4312865,9.1418865,11.550000172108412
cl/v2-vred-s1-q0/27870/1,cl-27870,cl,U,2.0,1.16,False,,,,,,
cl/v2-vred-s1-q0/27870/1,cl-27870,cl,U,4.0,1.16,False,,,,,,
cl/v2-vred-s1-q0/27870/1,cl-27870,cl,U,6.0,1.16,False,,,,,,
cl/v2-vred-s1-q0/27870/1,cl-27870,cl,U',2.0,1.16,False,,,,,,
cl/v2-vred-s1-q0/27870/1,cl-27870,cl,U',4.0,1.16,False,,,,,,
cl/v2-vred-s1-q0/27870/1,cl-27870,cl,U',6.0,1.16,False,,,,,,
cl/v2-vred-s1-q0/27870/1,cl-27870,cl,L,2.0,1.16,True,1.16,6.5706,1.126,0.9486873333333333,6.3592873333333335,6.050000090152025
cl/v2-vred-s1-q0/27870/1,cl-27870,cl,L,4.0,1.16,True,1.16,6.5706,1.126,0.9486873333333333,6.3592873333333335,6.050000090152025
cl/v2-vred-s1-q0/27870/1,cl-27870,cl,L,6.0,1.16,True,1.16,6.5706,1.126,0.9486873333333333,6.3592873333333335,6.050000090152025
cl/v2-vred-s1-q0/27870/1,cl-27870,cl,L',2.0,1.16,True,1.16,6.5706,1.126,0.9486873333333333,6.3592873333333335,6.050000090152025
cl/v2-vred-s1-q0/27870/1,cl-27870,cl,L',4.0,1.16,True,1.16,6.5706,1.126,0.9486873333333333,6.3592873333333335,6.050000090152025
cl/v2-vred-s1-q0/27870/1,cl-27870,cl,L',6.0,1.16,True,1.16,6.5706,1.126,0.9486873333333333,6.3592873333333335,6.050000090152025
cl/v2-vred-s1-q0/27870/1,cl-27870,cl,R,2.0,1.16,True,-0.84,4.8306,2.54,-1.9152666666666667,3.7553333333333327,7.550000112503767
cl/v2-vred-s1-q0/27870/1,cl-27870,cl,R,4.0,1.16,True,1.16,6.5706,0.0,1.16,6.5706,0.05000000074505806
cl/v2-vred-s1-q0/27870/1,cl-27870,cl,R,6.0,1.16,True,1.16,6.5706,0.0,1.16,6.5706,0.05000000074505806
cl/v2-vred-s1-q0/27870/1,cl-27870,cl,R',2.0,1.16,True,-0.84,4.8306,2.54,-1.9152666666666667,3.7553333333333327,7.550000112503767
cl/v2-vred-s1-q0/27870/1,cl-27870,cl,R',4.0,1.16,True,1.16,6.5706,0.0,1.16,6.5706,0.05000000074505806
cl/v2-vred-s1-q0/27870/1,cl-27870,cl,R',6.0,1.16,True,1.16,6.5706,0.0,1.16,6.5706,0.05000000074505806
cl/v2-vred-s1-q1/15102/1,cl-15102,cl,U,2.0,2.16,False,,,,,,
cl/v2-vred-s1-q1/15102/1,cl-15102,cl,U,4.0,2.16,False,,,,,,
cl/v2-vred-s1-q1/15102/1,cl-15102,cl,U,6.0,2.16,False,,,,,,
cl/v2-vred-s1-q1/15102/1,cl-15102,cl,U',2.0,2.16,False,,,,,,
cl/v2-vred-s1-q1/15102/1,cl-15102,cl,U',4.0,2.16,False,,,,,,
cl/v2-vred-s1-q1/15102/1,cl-15102,cl,U',6.0,2.16,False,,,,,,
cl/v2-vred-s1-q1/15102/1,cl-15102,cl,L,2.0,2.16,True,2.16,2.1605999999999996,0.0,2.16,2.1605999999999996,0.5500000081956387
cl/v2-vred-s1-q1/15102/1,cl-15102,cl,L,4.0,2.16,True,2.16,2.1605999999999996,0.0,2.16,2.1605999999999996,0.5500000081956387
cl/v2-vred-s1-q1/15102/1,cl-15102,cl,L,6.0,2.16,True,2.16,2.1605999999999996,0.0,2.16,2.1605999999999996,0.05000000074505806
cl/v2-vred-s1-q1/15102/1,cl-15102,cl,L',2.0,2.16,True,2.16,2.1605999999999996,0.0,2.16,2.1605999999999996,0.5500000081956387
cl/v2-vred-s1-q1/15102/1,cl-15102,cl,L',4.0,2.16,True,2.16,2.1605999999999996,0.0,2.16,2.1605999999999996,0.5500000081956387
cl/v2-vred-s1-q1/15102/1,cl-15102,cl,L',6.0,2.16,True,2.16,2.1605999999999996,0.0,2.16,2.1605999999999996,0.05000000074505806
cl/v2-vred-s1-q1/15102/1,cl-15102,cl,R,2.0,2.16,True,2.16,1.7605999999999993,0.323,2.1426118333333335,1.7432118333333326,15.050000224262476
cl/v2-vred-s1-q1/15102/1,cl-15102,cl,R,4.0,2.16,True,2.16,2.1605999999999996,0.0,2.16,2.1605999999999996,0.05000000074505806
cl/v2-vred-s1-q1/15102/1,cl-15102,cl,R,6.0,2.16,True,2.16,2.1605999999999996,0.0,2.16,2.1605999999999996,0.05000000074505806
cl/v2-vred-s1-q1/15102/1,cl-15102,cl,R',2.0,2.16,True,2.16,2.1605999999999996,1.158,1.936506,1.9371059999999996,6.050000090152025
cl/v2-vred-s1-q1/15102/1,cl-15102,cl,R',4.0,2.16,True,2.16,2.1605999999999996,0.0,2.16,2.1605999999999996,0.05000000074505806
cl/v2-vred-s1-q1/15102/1,cl-15102,cl,R',6.0,2.16,True,2.16,2.1605999999999996,0.0,2.16,2.1605999999999996,0.05000000074505806
cl/v2-vred-s1-q1/15612/1,cl-15612,cl,U,2.0,2.16,False,,,,,,
cl/v2-vred-s1-q1/15612/1,cl-15612,cl,U,4.0,2.16,True,1.16,5.690599999999999,2.207,0.34819183333333326,4.878791833333333,7.050000105053186
cl/v2-vred-s1-q1/15612/1,cl-15612,cl,U,6.0,2.16,True,2.16,6.280599999999999,0.0,2.16,6.280599999999999,0.05000000074505806
cl/v2-vred-s1-q1/15612/1,cl-15612,cl,U',2.0,2.16,True,0.16,4.5506,2.317,-0.7347481666666669,3.655851833333333,7.550000112503767
cl/v2-vred-s1-q1/15612/1,cl-15612,cl,U',4.0,2.16,True,1.16,5.690599999999999,2.207,0.34819183333333326,4.878791833333333,7.050000105053186
cl/v2-vred-s1-q1/15612/1,cl-15612,cl,U',6.0,2.16,True,2.16,6.280599999999999,0.0,2.16,6.280599999999999,0.05000000074505806
cl/v2-vred-s1-q1/15612/1,cl-15612,cl,L,2.0,2.16,True,2.16,6.280599999999999,0.0,2.16,6.280599999999999,0.05000000074505806
cl/v2-vred-s1-q1/15612/1,cl-15612,cl,L,4.0,2.16,True,2.16,6.280599999999999,0.0,2.16,6.280599999999999,0.05000000074505806
cl/v2-vred-s1-q1/15612/1,cl-15612,cl,L,6.0,2.16,True,2.16,6.280599999999999,0.0,2.16,6.280599999999999,0.05000000074505806
cl/v2-vred-s1-q1/15612/1,cl-15612,cl,L',2.0,2.16,True,2.16,6.280599999999999,0.0,2.16,6.280599999999999,0.05000000074505806
cl/v2-vred-s1-q1/15612/1,cl-15612,cl,L',4.0,2.16,True,2.16,6.280599999999999,0.0,2.16,6.280599999999999,0.05000000074505806
cl/v2-vred-s1-q1/15612/1,cl-15612,cl,L',6.0,2.16,True,2.16,6.280599999999999,0.0,2.16,6.280599999999999,0.05000000074505806
cl/v2-vred-s1-q1/15612/1,cl-15612,cl,R,2.0,2.16,True,1.16,5.690599999999999,2.207,0.34819183333333326,4.878791833333333,7.050000105053186
cl/v2-vred-s1-q1/15612/1,cl-15612,cl,R,4.0,2.16,True,2.16,6.280599999999999,0.0,2.16,6.280599999999999,0.05000000074505806
cl/v2-vred-s1-q1/15612/1,cl-15612,cl,R,6.0,2.16,True,2.16,6.280599999999999,0.0,2.16,6.280599999999999,0.05000000074505806
cl/v2-vred-s1-q1/15612/1,cl-15612,cl,R',2.0,2.16,True,2.16,6.280599999999999,1.761,1.6431465000000003,5.763746499999999,6.550000097602606
cl/v2-vred-s1-q1/15612/1,cl-15612,cl,R',4.0,2.16,True,2.16,6.280599999999999,0.0,2.16,6.280599999999999,0.05000000074505806
cl/v2-vred-s1-q1/15612/1,cl-15612,cl,R',6.0,2.16,True,2.16,6.280599999999999,0.0,2.16,6.280599999999999,0.05000000074505806
cl/v2-vred-s1-q1/16390/1,cl-16390,cl,U,2.0,2.16,False,,,,,,
cl/v2-vred-s1-q1/16390/1,cl-16390,cl,U,4.0,2.16,True,-1.84,2.5305999999999997,4.319,-4.948960166666667,-0.5783601666666667,7.550000112503767
cl/v2-vred-s1-q1/16390/1,cl-16390,cl,U,6.0,2.16,True,2.16,5.6306,2.169,1.3759065000000001,4.8465065,6.550000097602606
cl/v2-vred-s1-q1/16390/1,cl-16390,cl,U',2.0,2.16,True,-1.84,2.5305999999999997,4.319,-4.948960166666667,-0.5783601666666667,7.550000112503767
cl/v2-vred-s1-q1/16390/1,cl-16390,cl,U',4.0,2.16,True,-1.84,2.5305999999999997,4.319,-4.948960166666667,-0.5783601666666667,7.550000112503767
cl/v2-vred-s1-q1/16390/1,cl-16390,cl,U',6.0,2.16,True,2.16,5.6306,2.169,1.3759065000000001,4.8465065,6.550000097602606
cl/v2-vred-s1-q1/16390/1,cl-16390,cl,L,2.0,2.16,True,2.16,5.6306,0.0,2.16,5.6306,0.05000000074505806
cl/v2-vred-s1-q1/16390/1,cl-16390,cl,L,4.0,2.16,True,2.16,5.6306,0.0,2.16,5.6306,0.05000000074505806
cl/v2-vred-s1-q1/16390/1,cl-16390,cl,L,6.0,2.16,True,2.16,5.6306,0.0,2.16,5.6306,0.05000000074505806
cl/v2-vred-s1-q1/16390/1,cl-16390,cl,L',2.0,2.16,True,2.16,5.6306,0.0,2.16,5.6306,0.05000000074505806
cl/v2-vred-s1-q1/16390/1,cl-16390,cl,L',4.0,2.16,True,2.16,5.6306,0.0,2.16,5.6306,0.05000000074505806
cl/v2-vred-s1-q1/16390/1,cl-16390,cl,L',6.0,2.16,True,2.16,5.6306,0.0,2.16,5.6306,0.05000000074505806
cl/v2-vred-s1-q1/16390/1,cl-16390,cl,R,2.0,2.16,True,2.16,5.6306,0.0,2.16,5.6306,0.05000000074505806
cl/v2-vred-s1-q1/16390/1,cl-16390,cl,R,4.0,2.16,True,2.16,5.6306,0.0,2.16,5.6306,0.05000000074505806
cl/v2-vred-s1-q1/16390/1,cl-16390,cl,R,6.0,2.16,True,2.16,5.6306,0.0,2.16,5.6306,0.05000000074505806
cl/v2-vred-s1-q1/16390/1,cl-16390,cl,R',2.0,2.16,True,2.16,5.6306,0.0,2.16,5.6306,0.05000000074505806
cl/v2-vred-s1-q1/16390/1,cl-16390,cl,R',4.0,2.16,True,2.16,5.6306,0.0,2.16,5.6306,0.05000000074505806
cl/v2-vred-s1-q1/16390/1,cl-16390,cl,R',6.0,2.16,True,2.16,5.6306,0.0,2.16,5.6306,0.05000000074505806
cl/v2-vred-s1-q1/24944/1,cl-24944,cl,U,2.0,65.82,False,,,,,,
cl/v2-vred-s1-q1/24944/1,cl-24944,cl,U,4.0,65.82,True,12.16,22.0906,3.556,10.052477333333334,19.98307733333333,41.05000061169267
cl/v2-vred-s1-q1/24944/1,cl-24944,cl,U,6.0,65.82,True,48.14,58.6006,0.109,48.13801983333333,58.59861983333333,20.050000298768282
cl/v2-vred-s1-q1/24944/1,cl-24944,cl,U',2.0,65.82,True,12.16,22.0906,3.556,10.052477333333334,19.98307733333333,41.05000061169267
cl/v2-vred-s1-q1/24944/1,cl-24944,cl,U',4.0,65.82,True,12.16,22.0906,3.556,10.052477333333334,19.98307733333333,41.05000061169267
cl/v2-vred-s1-q1/24944/1,cl-24944,cl,U',6.0,65.82,True,48.14,58.6006,0.109,48.13801983333333,58.59861983333333,20.050000298768282
cl/v2-vred-s1-q1/24944/1,cl-24944,cl,L,2.0,65.82,True,57.82,68.2106,0.0,57.82,68.2106,10.55000015720725
cl/v2-vred-s1-q1/24944/1,cl-24944,cl,L,4.0,65.82,True,57.82,68.2106,0.0,57.82,68.2106,10.55000015720725
cl/v2-vred-s1-q1/24944/1,cl-24944,cl,L,6.0,65.82,True,57.82,68.2106,0.0,57.82,68.2106,10.55000015720725
cl/v2-vred-s1-q1/24944/1,cl-24944,cl,L',2.0,65.82,True,57.82,68.2106,0.0,57.82,68.2106,10.55000015720725
cl/v2-vred-s1-q1/24944/1,cl-24944,cl,L',4.0,65.82,True,57.82,68.2106,0.0,57.82,68.2106,10.55000015720725
cl/v2-vred-s1-q1/24944/1,cl-24944,cl,L',6.0,65.82,True,57.82,68.2106,0.0,57.82,68.2106,10.55000015720725
cl/v2-vred-s1-q1/24944/1,cl-24944,cl,R,2.0,65.82,True,49.09,2.5805999999999996,1.032,48.912496000000004,2.4030959999999997,56.550000842660666
cl/v2-vred-s1-q1/24944/1,cl-24944,cl,R,4.0,65.82,True,49.09,2.5805999999999996,1.032,48.912496000000004,2.4030959999999997,56.550000842660666
cl/v2-vred-s1-q1/24944/1,cl-24944,cl,R,6.0,65.82,True,-1.84,8.200599999999998,2.231,-2.669560166666667,7.371039833333331,48.550000723451376
cl/v2-vred-s1-q1/24944/1,cl-24944,cl,R',2.0,65.82,True,49.09,2.5805999999999996,1.032,48.912496000000004,2.4030959999999997,56.550000842660666
cl/v2-vred-s1-q1/24944/1,cl-24944,cl,R',4.0,65.82,True,49.09,2.5805999999999996,1.032,48.912496000000004,2.4030959999999997,56.550000842660666
cl/v2-vred-s1-q1/24944/1,cl-24944,cl,R',6.0,65.82,True,-0.84,9.570599999999999,2.799,-2.1457335,8.264866499999998,48.050000716000795
cl/v2-vred-s1-q1/27297/1,cl-27297,cl,U,2.0,18.59,False,,,,,,
cl/v2-vred-s1-q1/27297/1,cl-27297,cl,U,4.0,18.59,False,,,,,,
cl/v2-vred-s1-q1/27297/1,cl-27297,cl,U,6.0,18.59,False,,,,,,
cl/v2-vred-s1-q1/27297/1,cl-27297,cl,U',2.0,18.59,False,,,,,,
cl/v2-vred-s1-q1/27297/1,cl-27297,cl,U',4.0,18.59,False,,,,,,
cl/v2-vred-s1-q1/27297/1,cl-27297,cl,U',6.0,18.59,False,,,,,,
cl/v2-vred-s1-q1/27297/1,cl-27297,cl,L,2.0,18.59,True,5.34,10.0306,4.963,1.2347718333333333,5.925371833333333,9.55000014230609
cl/v2-vred-s1-q1/27297/1,cl-27297,cl,L,4.0,18.59,True,5.34,10.0306,4.963,1.2347718333333333,5.925371833333333,9.55000014230609
cl/v2-vred-s1-q1/27297/1,cl-27297,cl,L,6.0,18.59,True,5.34,10.0306,4.963,1.2347718333333333,5.925371833333333,9.55000014230609
cl/v2-vred-s1-q1/27297/1,cl-27297,cl,L',2.0,18.59,True,5.34,10.0306,4.963,1.2347718333333333,5.925371833333333,9.55000014230609
cl/v2-vred-s1-q1/27297/1,cl-27297,cl,L',4.0,18.59,True,5.34,10.0306,4.963,1.2347718333333333,5.925371833333333,9.55000014230609
cl/v2-vred-s1-q1/27297/1,cl-27297,cl,L',6.0,18.59,True,5.34,10.0306,4.963,1.2347718333333333,5.925371833333333,9.55000014230609
cl/v2-vred-s1-q1/27297/1,cl-27297,cl,R,2.0,18.59,True,1.26,5.340599999999999,4.131,-1.5841935000000007,2.4964064999999986,10.55000015720725
cl/v2-vred-s1-q1/27297/1,cl-27297,cl,R,4.0,18.59,True,3.3,7.590599999999999,4.66,-0.31926666666666703,3.9713333333333325,10.05000014975667
cl/v2-vred-s1-q1/27297/1,cl-27297,cl,R,6.0,18.59,True,3.3,7.590599999999999,4.66,-0.31926666666666703,3.9713333333333325,10.05000014975667
cl/v2-vred-s1-q1/27297/1,cl-27297,cl,R',2.0,18.59,True,3.3,7.590599999999999,4.66,-0.31926666666666703,3.9713333333333325,10.05000014975667
cl/v2-vred-s1-q1/27297/1,cl-27297,cl,R',4.0,18.59,True,5.34,10.0306,4.963,1.2347718333333333,5.925371833333333,9.55000014230609
cl/v2-vred-s1-q1/27297/1,cl-27297,cl,R',6.0,18.59,True,8.4,12.730599999999999,5.225,3.849895833333334,8.180495833333332,9.050000134855509
cl/v2-vred-s1-q2/15483/1,cl-15483,cl,U,2.0,2.16,False,,,,,,
cl/v2-vred-s1-q2/15483/1,cl-15483,cl,U,4.0,2.16,True,2.16,5.850599999999999,0.0,2.16,5.850599999999999,0.05000000074505806
cl/v2-vred-s1-q2/15483/1,cl-15483,cl,U,6.0,2.16,True,2.16,5.850599999999999,0.0,2.16,5.850599999999999,0.05000000074505806
cl/v2-vred-s1-q2/15483/1,cl-15483,cl,U',2.0,2.16,False,,,,,,
cl/v2-vred-s1-q2/15483/1,cl-15483,cl,U',4.0,2.16,True,2.16,5.850599999999999,0.0,2.16,5.850599999999999,0.05000000074505806
cl/v2-vred-s1-q2/15483/1,cl-15483,cl,U',6.0,2.16,True,2.16,5.850599999999999,0.0,2.16,5.850599999999999,0.05000000074505806
cl/v2-vred-s1-q2/15483/1,cl-15483,cl,L,2.0,2.16,True,2.16,5.850599999999999,0.0,2.16,5.850599999999999,0.05000000074505806
cl/v2-vred-s1-q2/15483/1,cl-15483,cl,L,4.0,2.16,True,2.16,5.850599999999999,0.0,2.16,5.850599999999999,0.05000000074505806
cl/v2-vred-s1-q2/15483/1,cl-15483,cl,L,6.0,2.16,True,2.16,5.850599999999999,0.0,2.16,5.850599999999999,0.05000000074505806
cl/v2-vred-s1-q2/15483/1,cl-15483,cl,L',2.0,2.16,True,2.16,5.850599999999999,0.0,2.16,5.850599999999999,0.05000000074505806
cl/v2-vred-s1-q2/15483/1,cl-15483,cl,L',4.0,2.16,True,2.16,5.850599999999999,0.0,2.16,5.850599999999999,0.05000000074505806
cl/v2-vred-s1-q2/15483/1,cl-15483,cl,L',6.0,2.16,True,2.16,5.850599999999999,0.0,2.16,5.850599999999999,0.05000000074505806
cl/v2-vred-s1-q2/15483/1,cl-15483,cl,R,2.0,2.16,True,2.16,5.3306,1.927,1.5411118333333333,4.711711833333333,7.050000105053186
cl/v2-vred-s1-q2/15483/1,cl-15483,cl,R,4.0,2.16,True,2.16,5.850599999999999,0.0,2.16,5.850599999999999,0.05000000074505806
cl/v2-vred-s1-q2/15483/1,cl-15483,cl,R,6.0,2.16,True,2.16,5.850599999999999,0.0,2.16,5.850599999999999,0.05000000074505806
cl/v2-vred-s1-q2/15483/1,cl-15483,cl,R',2.0,2.16,True,2.16,5.850599999999999,1.193,1.9227918333333334,5.613391833333332,6.050000090152025
cl/v2-vred-s1-q2/15483/1,cl-15483,cl,R',4.0,2.16,True,2.16,5.850599999999999,0.0,2.16,5.850599999999999,0.05000000074505806
cl/v2-vred-s1-q2/15483/1,cl-15483,cl,R',6.0,2.16,True,2.16,5.850599999999999,0.0,2.16,5.850599999999999,0.05000000074505806
cl/v2-vred-s1-q2/16508/1,cl-16508,cl,U,2.0,2.16,False,,,,,,
cl/v2-vred-s1-q2/16508/1,cl-16508,cl,U,4.0,2.16,False,,,,,,
cl/v2-vred-s1-q2/16508/1,cl-16508,cl,U,6.0,2.16,False,,,,,,
cl/v2-vred-s1-q2/16508/1,cl-16508,cl,U',2.0,2.16,False,,,,,,
cl/v2-vred-s1-q2/16508/1,cl-16508,cl,U',4.0,2.16,False,,,,,,
cl/v2-vred-s1-q2/16508/1,cl-16508,cl,U',6.0,2.16,False,,,,,,
cl/v2-vred-s1-q2/16508/1,cl-16508,cl,L,2.0,2.16,True,2.16,7.930599999999999,0.0,2.16,7.930599999999999,0.05000000074505806
cl/v2-vred-s1-q2/16508/1,cl-16508,cl,L,4.0,2.16,True,2.16,7.930599999999999,0.0,2.16,7.930599999999999,0.05000000074505806
cl/v2-vred-s1-q2/16508/1,cl-16508,cl,L,6.0,2.16,True,2.16,7.930599999999999,0.0,2.16,7.930599999999999,0.05000000074505806
cl/v2-vred-s1-q2/16508/1,cl-16508,cl,L',2.0,2.16,True,2.16,7.930599999999999,0.0,2.16,7.930599999999999,0.05000000074505806
cl/v2-vred-s1-q2/16508/1,cl-16508,cl,L',4.0,2.16,True,2.16,7.930599999999999,0.0,2.16,7.930599999999999,0.05000000074505806
cl/v2-vred-s1-q2/16508/1,cl-16508,cl,L',6.0,2.16,True,2.16,7.930599999999999,0.0,2.16,7.930599999999999,0.05000000074505806
cl/v2-vred-s1-q2/16508/1,cl-16508,cl,R,2.0,2.16,True,1.16,6.940599999999999,3.417,-0.7859814999999997,4.9946185,7.050000105053186
cl/v2-vred-s1-q2/16508/1,cl-16508,cl,R,4.0,2.16,True,2.16,7.930599999999999,0.0,2.16,7.930599999999999,0.05000000074505806
cl/v2-vred-s1-q2/16508/1,cl-16508,cl,R,6.0,2.16,True,2.16,7.930599999999999,0.0,2.16,7.930599999999999,0.05000000074505806
cl/v2-vred-s1-q2/16508/1,cl-16508,cl,R',2.0,2.16,True,2.16,7.930599999999999,2.156,1.3852773333333332,7.155877333333333,6.550000097602606
cl/v2-vred-s1-q2/16508/1,cl-16508,cl,R',4.0,2.16,True,2.16,7.930599999999999,0.0,2.16,7.930599999999999,0.05000000074505806
cl/v2-vred-s1-q2/16508/1,cl-16508,cl,R',6.0,2.16,True,2.16,7.930599999999999,0.0,2.16,7.930599999999999,0.05000000074505806
cl/v2-vred-s1-q2/16529/1,cl-16529,cl,U,2.0,2.16,False,,,,,,
cl/v2-vred-s1-q2/16529/1,cl-16529,cl,U,4.0,2.16,False,,,,,,
cl/v2-vred-s1-q2/16529/1,cl-16529,cl,U,6.0,2.16,False,,,,,,
cl/v2-vred-s1-q2/16529/1,cl-16529,cl,U',2.0,2.16,False,,,,,,
cl/v2-vred-s1-q2/16529/1,cl-16529,cl,U',4.0,2.16,False,,,,,,
cl/v2-vred-s1-q2/16529/1,cl-16529,cl,U',6.0,2.16,False,,,,,,
cl/v2-vred-s1-q2/16529/1,cl-16529,cl,L,2.0,2.16,True,2.16,5.8306,0.0,2.16,5.8306,0.05000000074505806
cl/v2-vred-s1-q2/16529/1,cl-16529,cl,L,4.0,2.16,True,2.16,5.8306,0.0,2.16,5.8306,0.05000000074505806
cl/v2-vred-s1-q2/16529/1,cl-16529,cl,L,6.0,2.16,True,2.16,5.8306,0.0,2.16,5.8306,0.05000000074505806
cl/v2-vred-s1-q2/16529/1,cl-16529,cl,L',2.0,2.16,True,2.16,5.8306,0.0,2.16,5.8306,0.05000000074505806
cl/v2-vred-s1-q2/16529/1,cl-16529,cl,L',4.0,2.16,True,2.16,5.8306,0.0,2.16,5.8306,0.05000000074505806
cl/v2-vred-s1-q2/16529/1,cl-16529,cl,L',6.0,2.16,True,2.16,5.8306,0.0,2.16,5.8306,0.05000000074505806
cl/v2-vred-s1-q2/16529/1,cl-16529,cl,R,2.0,2.16,True,2.16,5.8306,0.0,2.16,5.8306,0.05000000074505806
cl/v2-vred-s1-q2/16529/1,cl-16529,cl,R,4.0,2.16,True,2.16,5.8306,0.0,2.16,5.8306,0.05000000074505806
cl/v2-vred-s1-q2/16529/1,cl-16529,cl,R,6.0,2.16,True,2.16,5.8306,0.0,2.16,5.8306,0.05000000074505806
cl/v2-vred-s1-q2/16529/1,cl-16529,cl,R',2.0,2.16,True,2.16,5.8306,0.0,2.16,5.8306,0.05000000074505806
cl/v2-vred-s1-q2/16529/1,cl-16529,cl,R',4.0,2.16,True,2.16,5.8306,0.0,2.16,5.8306,0.05000000074505806
cl/v2-vred-s1-q2/16529/1,cl-16529,cl,R',6.0,2.16,True,2.16,5.8306,0.0,2.16,5.8306,0.05000000074505806
cl/v2-vred-s1-q2/28147/1,cl-28147,cl,U,2.0,16.32,False,,,,,,
cl/v2-vred-s1-q2/28147/1,cl-28147,cl,U,4.0,16.32,True,4.17,9.5806,3.834,1.7200739999999999,7.130674000000001,9.55000014230609
cl/v2-vred-s1-q2/28147/1,cl-28147,cl,U,6.0,16.32,True,4.17,9.5806,3.834,1.7200739999999999,7.130674000000001,9.55000014230609
cl/v2-vred-s1-q2/28147/1,cl-28147,cl,U',2.0,16.32,True,4.17,9.5806,3.834,1.7200739999999999,7.130674000000001,9.55000014230609
cl/v2-vred-s1-q2/28147/1,cl-28147,cl,U',4.0,16.32,True,4.17,9.5806,3.834,1.7200739999999999,7.130674000000001,9.55000014230609
cl/v2-vred-s1-q2/28147/1,cl-28147,cl,U',6.0,16.32,True,4.17,9.5806,3.834,1.7200739999999999,7.130674000000001,9.55000014230609
cl/v2-vred-s1-q2/28147/1,cl-28147,cl,L,2.0,16.32,True,4.17,9.5806,3.834,1.7200739999999999,7.130674000000001,9.55000014230609
cl/v2-vred-s1-q2/28147/1,cl-28147,cl,L,4.0,16.32,True,10.32,16.560599999999997,4.977,6.191578499999999,12.432178499999996,8.050000119954348
cl/v2-vred-s1-q2/28147/1,cl-28147,cl,L,6.0,16.32,True,16.32,21.8306,0.0,16.32,21.8306,2.0500000305473804
cl/v2-vred-s1-q2/28147/1,cl-28147,cl,L',2.0,16.32,True,10.32,16.560599999999997,4.977,6.191578499999999,12.432178499999996,8.050000119954348
cl/v2-vred-s1-q2/28147/1,cl-28147,cl,L',4.0,16.32,True,10.32,16.560599999999997,4.977,6.191578499999999,12.432178499999996,8.050000119954348
cl/v2-vred-s1-q2/28147/1,cl-28147,cl,L',6.0,16.32,True,16.32,21.8306,0.0,16.32,21.8306,2.0500000305473804
cl/v2-vred-s1-q2/28147/1,cl-28147,cl,R,2.0,16.32,True,-0.84,4.9806,0.0,-0.84,4.9806,12.550000187009573
cl/v2-vred-s1-q2/28147/1,cl-28147,cl,R,4.0,16.32,True,1.16,6.3906,2.577,0.05317850000000002,5.2837785,10.55000015720725
cl/v2-vred-s1-q2/28147/1,cl-28147,cl,R,6.0,16.32,True,2.16,7.8906,3.278,0.3691193333333336,6.099719333333334,10.05000014975667
cl/v2-vred-s1-q2/28147/1,cl-28147,cl,R',2.0,16.32,True,0.16,5.2106,1.863,-0.41846149999999993,4.6321385,11.050000164657831
cl/v2-vred-s1-q2/28147/1,cl-28147,cl,R',4.0,16.32,True,2.16,7.8906,3.278,0.3691193333333336,6.099719333333334,10.05000014975667
cl/v2-vred-s1-q2/28147/1,cl-28147,cl,R',6.0,16.32,True,6.18,11.540600000000001,4.536,2.750784,8.111384000000001,9.050000134855509
cl/v2-vred-s1-q2/9196/1,cl-9196,cl,U,2.0,18.16,True,3.16,8.430599999999998,1.798,2.621199333333333,7.891799333333331,19.05000028386712
cl/v2-vred-s1-q2/9196/1,cl-9196,cl,U,4.0,18.16,True,4.16,9.470600000000001,2.292,3.2844560000000005,8.595056000000001,18.55000027641654
cl/v2-vred-s1-q2/9196/1,cl-9196,cl,U,6.0,18.16,True,4.16,9.470600000000001,2.292,3.2844560000000005,8.595056000000001,18.55000027641654
cl/v2-vred-s1-q2/9196/1,cl-9196,cl,U',2.0,18.16,True,3.16,8.430599999999998,1.798,2.621199333333333,7.891799333333331,19.05000028386712
cl/v2-vred-s1-q2/9196/1,cl-9196,cl,U',4.0,18.16,True,4.16,9.470600000000001,2.292,3.2844560000000005,8.595056000000001,18.55000027641654
cl/v2-vred-s1-q2/9196/1,cl-9196,cl,U',6.0,18.16,True,4.16,9.470600000000001,2.292,3.2844560000000005,8.595056000000001,18.55000027641654
cl/v2-vred-s1-q2/9196/1,cl-9196,cl,L,2.0,18.16,True,10.16,15.320599999999999,2.924,8.735037333333334,13.895637333333333,16.550000246614218
cl/v2-vred-s1-q2/9196/1,cl-9196,cl,L,4.0,18.16,True,13.16,18.310599999999997,0.0,13.16,18.310599999999997,9.55000014230609
cl/v2-vred-s1-q2/9196/1,cl-9196,cl,L,6.0,18.16,True,15.16,20.540599999999998,2.373,14.2214785,19.602078499999998,8.050000119954348
cl/v2-vred-s1-q2/9196/1,cl-9196,cl,L',2.0,18.16,True,11.16,16.720599999999997,2.343,10.2450585,15.805658499999998,16.050000239163637
cl/v2-vred-s1-q2/9196/1,cl-9196,cl,L',4.0,18.16,True,13.16,18.310599999999997,0.0,13.16,18.310599999999997,9.55000014230609
cl/v2-vred-s1-q2/9196/1,cl-9196,cl,L',6.0,18.16,True,16.16,21.6806,2.497,15.120831833333334,20.641431833333332,7.550000112503767
cl/v2-vred-s1-q2/9196/1,cl-9196,cl,R,2.0,18.16,True,1.16,6.680599999999999,2.111,0.4172798333333331,5.937879833333333,26.05000038817525
cl/v2-vred-s1-q2/9196/1,cl-9196,cl,R,4.0,18.16,True,3.16,8.430599999999998,1.798,2.621199333333333,7.891799333333331,19.05000028386712
cl/v2-vred-s1-q2/9196/1,cl-9196,cl,R,6.0,18.16,True,5.16,10.720600000000001,2.74,3.908733333333333,9.469333333333335,18.05000026896596
cl/v2-vred-s1-q2/9196/1,cl-9196,cl,R',2.0,18.16,True,1.16,6.680599999999999,2.111,0.4172798333333331,5.937879833333333,26.05000038817525
cl/v2-vred-s1-q2/9196/1,cl-9196,cl,R',4.0,18.16,True,4.16,9.470600000000001,2.292,3.2844560000000005,8.595056000000001,18.55000027641654
cl/v2-vred-s1-q2/9196/1,cl-9196,cl,R',6.0,18.16,True,7.16,12.2106,3.016,5.643957333333334,10.694557333333332,17.55000026151538
cl/v2-vred2-s0-q0/27043/1,cl-27043,cl,U,2.0,23.16,False,,,,,,
cl/v2-vred2-s0-q0/27043/1,cl-27043,cl,U,4.0,23.16,False,,,,,,
cl/v2-vred2-s0-q0/27043/1,cl-27043,cl,U,6.0,23.16,False,,,,,,
cl/v2-vred2-s0-q0/27043/1,cl-27043,cl,U',2.0,23.16,False,,,,,,
cl/v2-vred2-s0-q0/27043/1,cl-27043,cl,U',4.0,23.16,False,,,,,,
cl/v2-vred2-s0-q0/27043/1,cl-27043,cl,U',6.0,23.16,False,,,,,,
cl/v2-vred2-s0-q0/27043/1,cl-27043,cl,L,2.0,23.16,True,18.16,22.240599999999997,4.474,14.823887333333333,18.90448733333333,8.050000119954348
cl/v2-vred2-s0-q0/27043/1,cl-27043,cl,L,4.0,23.16,True,18.16,22.240599999999997,4.474,14.823887333333333,18.90448733333333,8.050000119954348
cl/v2-vred2-s0-q0/27043/1,cl-27043,cl,L,6.0,23.16,True,18.16,22.240599999999997,4.474,14.823887333333333,18.90448733333333,8.050000119954348
cl/v2-vred2-s0-q0/27043/1,cl-27043,cl,L',2.0,23.16,True,18.16,22.240599999999997,4.474,14.823887333333333,18.90448733333333,8.050000119954348
cl/v2-vred2-s0-q0/27043/1,cl-27043,cl,L',4.0,23.16,True,18.16,22.240599999999997,4.474,14.823887333333333,18.90448733333333,8.050000119954348
cl/v2-vred2-s0-q0/27043/1,cl-27043,cl,L',6.0,23.16,True,18.16,22.240599999999997,4.474,14.823887333333333,18.90448733333333,8.050000119954348
cl/v2-vred2-s0-q0/27043/1,cl-27043,cl,R,2.0,23.16,True,1.16,5.010599999999999,3.554,-0.9451526666666668,2.9054473333333326,15.550000231713057
cl/v2-vred2-s0-q0/27043/1,cl-27043,cl,R,4.0,23.16,True,4.16,7.610599999999999,1.597,3.7349318333333335,7.185531833333332,14.550000216811895
cl/v2-vred2-s0-q0/27043/1,cl-27043,cl,R,6.0,23.16,True,5.16,8.8506,1.861,4.582779833333333,8.273379833333333,12.050000179558992
cl/v2-vred2-s0-q0/27043/1,cl-27043,cl,R',2.0,23.16,True,3.16,6.5506,2.573,2.056611833333333,5.447211833333333,15.050000224262476
cl/v2-vred2-s0-q0/27043/1,cl-27043,cl,R',4.0,23.16,True,4.16,7.610599999999999,1.597,3.7349318333333335,7.185531833333332,14.550000216811895
cl/v2-vred2-s0-q0/27043/1,cl-27043,cl,R',6.0,23.16,True,6.16,9.8906,2.094,5.429194000000001,9.159794,11.550000172108412
cl/v2-vred2-s0-q0/27870/1,cl-27870,cl,U,2.0,1.16,False,,,,,,
cl/v2-vred2-s0-q0/27870/1,cl-27870,cl,U,4.0,1.16,False,,,,,,
cl/v2-vred2-s0-q0/27870/1,cl-27870,cl,U,6.0,1.16,False,,,,,,
cl/v2-vred2-s0-q0/27870/1,cl-27870,cl,U',2.0,1.16,False,,,,,,
cl/v2-vred2-s0-q0/27870/1,cl-27870,cl,U',4.0,1.16,False,,,,,,
cl/v2-vred2-s0-q0/27870/1,cl-27870,cl,U',6.0,1.16,False,,,,,,
cl/v2-vred2-s0-q0/27870/1,cl-27870,cl,L,2.0,1.16,True,1.16,6.5706,0.138,1.156826,6.567426,12.050000179558992
cl/v2-vred2-s0-q0/27870/1,cl-27870,cl,L,4.0,1.16,True,1.16,6.5706,0.208,1.1527893333333332,6.563389333333333,8.050000119954348
cl/v2-vred2-s0-q0/27870/1,cl-27870,cl,L,6.0,1.16,True,1.16,6.5706,0.208,1.1527893333333332,6.563389333333333,8.050000119954348
cl/v2-vred2-s0-q0/27870/1,cl-27870,cl,L',2.0,1.16,True,1.16,6.5706,0.138,1.156826,6.567426,12.050000179558992
cl/v2-vred2-s0-q0/27870/1,cl-27870,cl,L',4.0,1.16,True,1.16,6.5706,0.208,1.1527893333333332,6.563389333333333,8.050000119954348
cl/v2-vred2-s0-q0/27870/1,cl-27870,cl,L',6.0,1.16,True,1.16,6.5706,0.208,1.1527893333333332,6.563389333333333,8.050000119954348
cl/v2-vred2-s0-q0/27870/1,cl-27870,cl,R,2.0,1.16,True,-0.84,4.280599999999999,3.018,-2.358054,2.7625459999999986,17.0500002540648
cl/v2-vred2-s0-q0/27870/1,cl-27870,cl,R,4.0,1.16,True,1.16,6.5706,0.0,1.16,6.5706,0.05000000074505806
cl/v2-vred2-s0-q0/27870/1,cl-27870,cl,R,6.0,1.16,True,1.16,6.5706,0.0,1.16,6.5706,0.05000000074505806
cl/v2-vred2-s0-q0/27870/1,cl-27870,cl,R',2.0,1.16,True,-0.84,5.5005999999999995,2.008,-1.5120106666666666,4.8285893333333325,16.550000246614218
cl/v2-vred2-s0-q0/27870/1,cl-27870,cl,R',4.0,1.16,True,1.16,6.5706,0.0,1.16,6.5706,0.05000000074505806
cl/v2-vred2-s0-q0/27870/1,cl-27870,cl,R',6.0,1.16,True,1.16,6.5706,0.0,1.16,6.5706,0.05000000074505806
cl/v2-vred2-s0-q1/15102/1,cl-15102,cl,U,2.0,2.16,False,,,,,,
cl/v2-vred2-s0-q1/15102/1,cl-15102,cl,U,4.0,2.16,False,,,,,,
cl/v2-vred2-s0-q1/15102/1,cl-15102,cl,U,6.0,2.16,False,,,,,,
cl/v2-vred2-s0-q1/15102/1,cl-15102,cl,U',2.0,2.16,False,,,,,,
cl/v2-vred2-s0-q1/15102/1,cl-15102,cl,U',4.0,2.16,False,,,,,,
cl/v2-vred2-s0-q1/15102/1,cl-15102,cl,U',6.0,2.16,False,,,,,,
cl/v2-vred2-s0-q1/15102/1,cl-15102,cl,L,2.0,2.16,True,2.16,2.1605999999999996,0.0,2.16,2.1605999999999996,0.5500000081956387
cl/v2-vred2-s0-q1/15102/1,cl-15102,cl,L,4.0,2.16,True,2.16,2.1605999999999996,0.0,2.16,2.1605999999999996,0.5500000081956387
cl/v2-vred2-s0-q1/15102/1,cl-15102,cl,L,6.0,2.16,True,2.16,2.1605999999999996,0.0,2.16,2.1605999999999996,0.05000000074505806
cl/v2-vred2-s0-q1/15102/1,cl-15102,cl,L',2.0,2.16,True,2.16,2.1605999999999996,0.0,2.16,2.1605999999999996,0.5500000081956387
cl/v2-vred2-s0-q1/15102/1,cl-15102,cl,L',4.0,2.16,True,2.16,2.1605999999999996,0.0,2.16,2.1605999999999996,0.5500000081956387
cl/v2-vred2-s0-q1/15102/1,cl-15102,cl,L',6.0,2.16,True,2.16,2.1605999999999996,0.0,2.16,2.1605999999999996,0.05000000074505806
cl/v2-vred2-s0-q1/15102/1,cl-15102,cl,R,2.0,2.16,True,2.16,1.9205999999999994,0.475,2.1223958333333335,1.8829958333333328,13.050000194460154
cl/v2-vred2-s0-q1/15102/1,cl-15102,cl,R,4.0,2.16,True,2.16,2.1605999999999996,0.0,2.16,2.1605999999999996,0.05000000074505806
cl/v2-vred2-s0-q1/15102/1,cl-15102,cl,R,6.0,2.16,True,2.16,2.1605999999999996,0.0,2.16,2.1605999999999996,0.05000000074505806
cl/v2-vred2-s0-q1/15102/1,cl-15102,cl,R',2.0,2.16,True,2.16,2.1605999999999996,1.163,1.9345718333333335,1.935171833333333,6.050000090152025
cl/v2-vred2-s0-q1/15102/1,cl-15102,cl,R',4.0,2.16,True,2.16,2.1605999999999996,0.0,2.16,2.1605999999999996,0.05000000074505806
cl/v2-vred2-s0-q1/15102/1,cl-15102,cl,R',6.0,2.16,True,2.16,2.1605999999999996,0.0,2.16,2.1605999999999996,0.05000000074505806
cl/v2-vred2-s0-q1/15612/1,cl-15612,cl,U,2.0,2.16,False,,,,,,
cl/v2-vred2-s0-q1/15612/1,cl-15612,cl,U,4.0,2.16,True,2.16,6.280599999999999,1.198,1.9207993333333335,6.041399333333332,6.550000097602606
cl/v2-vred2-s0-q1/15612/1,cl-15612,cl,U,6.0,2.16,True,2.16,6.280599999999999,0.0,2.16,6.280599999999999,0.05000000074505806
cl/v2-vred2-s0-q1/15612/1,cl-15612,cl,U',2.0,2.16,True,2.16,6.280599999999999,0.911,2.0216798333333337,6.142279833333332,12.550000187009573
cl/v2-vred2-s0-q1/15612/1,cl-15612,cl,U',4.0,2.16,True,2.16,6.280599999999999,1.198,1.9207993333333335,6.041399333333332,6.550000097602606
cl/v2-vred2-s0-q1/15612/1,cl-15612,cl,U',6.0,2.16,True,2.16,6.280599999999999,0.0,2.16,6.280599999999999,0.05000000074505806
cl/v2-vred2-s0-q1/15612/1,cl-15612,cl,L,2.0,2.16,True,2.16,6.280599999999999,0.0,2.16,6.280599999999999,0.05000000074505806
cl/v2-vred2-s0-q1/15612/1,cl-15612,cl,L,4.0,2.16,True,2.16,6.280599999999999,0.0,2.16,6.280599999999999,0.05000000074505806
cl/v2-vred2-s0-q1/15612/1,cl-15612,cl,L,6.0,2.16,True,2.16,6.280599999999999,0.0,2.16,6.280599999999999,0.05000000074505806
cl/v2-vred2-s0-q1/15612/1,cl-15612,cl,L',2.0,2.16,True,2.16,6.280599999999999,0.0,2.16,6.280599999999999,0.05000000074505806
cl/v2-vred2-s0-q1/15612/1,cl-15612,cl,L',4.0,2.16,True,2.16,6.280599999999999,0.0,2.16,6.280599999999999,0.05000000074505806
cl/v2-vred2-s0-q1/15612/1,cl-15612,cl,L',6.0,2.16,True,2.16,6.280599999999999,0.0,2.16,6.280599999999999,0.05000000074505806
cl/v2-vred2-s0-q1/15612/1,cl-15612,cl,R,2.0,2.16,True,2.16,5.8106,0.316,2.1433573333333333,5.793957333333333,15.050000224262476
cl/v2-vred2-s0-q1/15612/1,cl-15612,cl,R,4.0,2.16,True,2.16,6.280599999999999,0.0,2.16,6.280599999999999,0.05000000074505806
cl/v2-vred2-s0-q1/15612/1,cl-15612,cl,R,6.0,2.16,True,2.16,6.280599999999999,0.0,2.16,6.280599999999999,0.05000000074505806
cl/v2-vred2-s0-q1/15612/1,cl-15612,cl,R',2.0,2.16,True,2.16,5.8106,0.316,2.1433573333333333,5.793957333333333,15.050000224262476
cl/v2-vred2-s0-q1/15612/1,cl-15612,cl,R',4.0,2.16,True,2.16,6.280599999999999,0.0,2.16,6.280599999999999,0.05000000074505806
cl/v2-vred2-s0-q1/15612/1,cl-15612,cl,R',6.0,2.16,True,2.16,6.280599999999999,0.0,2.16,6.280599999999999,0.05000000074505806
cl/v2-vred2-s0-q1/16390/1,cl-16390,cl,U,2.0,2.16,False,,,,,,
cl/v2-vred2-s0-q1/16390/1,cl-16390,cl,U,4.0,2.16,False,,,,,,
cl/v2-vred2-s0-q1/16390/1,cl-16390,cl,U,6.0,2.16,True,2.16,5.6306,2.149,1.3902998333333336,4.860899833333334,6.550000097602606
cl/v2-vred2-s0-q1/16390/1,cl-16390,cl,U',2.0,2.16,False,,,,,,
cl/v2-vred2-s0-q1/16390/1,cl-16390,cl,U',4.0,2.16,False,,,,,,
cl/v2-vred2-s0-q1/16390/1,cl-16390,cl,U',6.0,2.16,True,2.16,5.6306,2.149,1.3902998333333336,4.860899833333334,6.550000097602606
cl/v2-vred2-s0-q1/16390/1,cl-16390,cl,L,2.0,2.16,True,2.16,5.6306,0.0,2.16,5.6306,0.05000000074505806
cl/v2-vred2-s0-q1/16390/1,cl-16390,cl,L,4.0,2.16,True,2.16,5.6306,0.0,2.16,5.6306,0.05000000074505806
cl/v2-vred2-s0-q1/16390/1,cl-16390,cl,L,6.0,2.16,True,2.16,5.6306,0.0,2.16,5.6306,0.05000000074505806
cl/v2-vred2-s0-q1/16390/1,cl-16390,cl,L',2.0,2.16,True,2.16,5.6306,0.0,2.16,5.6306,0.05000000074505806
cl/v2-vred2-s0-q1/16390/1,cl-16390,cl,L',4.0,2.16,True,2.16,5.6306,0.0,2.16,5.6306,0.05000000074505806
cl/v2-vred2-s0-q1/16390/1,cl-16390,cl,L',6.0,2.16,True,2.16,5.6306,0.0,2.16,5.6306,0.05000000074505806
cl/v2-vred2-s0-q1/16390/1,cl-16390,cl,R,2.0,2.16,True,2.16,5.6306,0.0,2.16,5.6306,0.05000000074505806
cl/v2-vred2-s0-q1/16390/1,cl-16390,cl,R,4.0,2.16,True,2.16,5.6306,0.0,2.16,5.6306,0.05000000074505806
cl/v2-vred2-s0-q1/16390/1,cl-16390,cl,R,6.0,2.16,True,2.16,5.6306,0.0,2.16,5.6306,0.05000000074505806
cl/v2-vred2-s0-q1/16390/1,cl-16390,cl,R',2.0,2.16,True,2.16,5.6306,0.0,2.16,5.6306,0.05000000074505806
cl/v2-vred2-s0-q1/16390/1,cl-16390,cl,R',4.0,2.16,True,2.16,5.6306,0.0,2.16,5.6306,0.05000000074505806
cl/v2-vred2-s0-q1/16390/1,cl-16390,cl,R',6.0,2.16,True,2.16,5.6306,0.0,2.16,5.6306,0.05000000074505806
cl/v2-vred2-s0-q1/24944/1,cl-24944,cl,U,2.0,65.82,False,,,,,,
cl/v2-vred2-s0-q1/24944/1,cl-24944,cl,U,4.0,65.82,True,-0.84,,5.112,-5.195424,,102.55000152811408
cl/v2-vred2-s0-q1/24944/1,cl-24944,cl,U,6.0,65.82,True,2.16,12.220599999999997,0.0,2.16,12.220599999999997,49.55000073835254
cl/v2-vred2-s0-q1/24944/1,cl-24944,cl,U',2.0,65.82,True,1.16,,5.027,-3.0517881666666673,,102.0500015206635
cl/v2-vred2-s0-q1/24944/1,cl-24944,cl,U',4.0,65.82,True,8.16,,3.593,6.0083918333333335,,100.55000149831176
cl/v2-vred2-s0-q1/24944/1,cl-24944,cl,U',6.0,65.82,True,2.16,12.220599999999997,0.0,2.16,12.220599999999997,49.55000073835254
cl/v2-vred2-s0-q1/24944/1,cl-24944,cl,L,2.0,65.82,True,57.82,68.06060000000001,0.107,57.818091833333334,68.05869183333334,10.55000015720725
cl/v2-vred2-s0-q1/24944/1,cl-24944,cl,L,4.0,65.82,True,57.82,68.06060000000001,0.107,57.818091833333334,68.05869183333334,10.55000015720725
cl/v2-vred2-s0-q1/24944/1,cl-24944,cl,L,6.0,65.82,True,57.82,68.06060000000001,0.107,57.818091833333334,68.05869183333334,10.55000015720725
cl/v2-vred2-s0-q1/24944/1,cl-24944,cl,L',2.0,65.82,True,57.82,68.06060000000001,0.107,57.818091833333334,68.05869183333334,10.55000015720725
cl/v2-vred2-s0-q1/24944/1,cl-24944,cl,L',4.0,65.82,True,57.82,68.06060000000001,0.107,57.818091833333334,68.05869183333334,10.55000015720725
cl/v2-vred2-s0-q1/24944/1,cl-24944,cl,L',6.0,65.82,True,57.82,68.06060000000001,0.107,57.818091833333334,68.05869183333334,10.55000015720725
cl/v2-vred2-s0-q1/24944/1,cl-24944,cl,R,2.0,65.82,True,49.09,2.3606,3.815,46.664295833333334,-0.06510416666666652,79.55000118538737
cl/v2-vred2-s0-q1/24944/1,cl-24944,cl,R,4.0,65.82,True,49.09,2.3606,3.815,46.664295833333334,-0.06510416666666652,79.55000118538737
cl/v2-vred2-s0-q1/24944/1,cl-24944,cl,R,6.0,65.82,True,-1.84,8.0606,3.072,-3.412864,6.487736000000001,78.05000116303563
cl/v2-vred2-s0-q1/24944/1,cl-24944,cl,R',2.0,65.82,True,49.09,2.3606,3.815,46.664295833333334,-0.06510416666666652,79.55000118538737
cl/v2-vred2-s0-q1/24944/1,cl-24944,cl,R',4.0,65.82,True,-1.84,8.0606,3.072,-3.412864,6.487736000000001,78.05000116303563
cl/v2-vred2-s0-q1/24944/1,cl-24944,cl,R',6.0,65.82,True,-0.84,9.3706,2.227,-1.6665881666666666,8.544011833333332,77.55000115558505
cl/v2-vred2-s0-q1/27297/1,cl-27297,cl,U,2.0,18.59,False,,,,,,
cl/v2-vred2-s0-q1/27297/1,cl-27297,cl,U,4.0,18.59,False,,,,,,
cl/v2-vred2-s0-q1/27297/1,cl-27297,cl,U,6.0,18.59,False,,,,,,
cl/v2-vred2-s0-q1/27297/1,cl-27297,cl,U',2.0,18.59,False,,,,,,
cl/v2-vred2-s0-q1/27297/1,cl-27297,cl,U',4.0,18.59,False,,,,,,
cl/v2-vred2-s0-q1/27297/1,cl-27297,cl,U',6.0,18.59,False,,,,,,
cl/v2-vred2-s0-q1/27297/1,cl-27297,cl,L,2.0,18.59,True,1.26,5.8206,6.881,-6.631360166666668,-2.070760166666668,10.05000014975667
cl/v2-vred2-s0-q1/27297/1,cl-27297,cl,L,4.0,18.59,True,1.26,5.8206,6.881,-6.631360166666668,-2.070760166666668,10.05000014975667
cl/v2-vred2-s0-q1/27297/1,cl-27297,cl,L,6.0,18.59,True,1.26,5.8206,6.881,-6.631360166666668,-2.070760166666668,10.05000014975667
cl/v2-vred2-s0-q1/27297/1,cl-27297,cl,L',2.0,18.59,True,1.26,5.8206,6.881,-6.631360166666668,-2.070760166666668,10.05000014975667
cl/v2-vred2-s0-q1/27297/1,cl-27297,cl,L',4.0,18.59,True,1.26,5.8206,6.881,-6.631360166666668,-2.070760166666668,10.05000014975667
cl/v2-vred2-s0-q1/27297/1,cl-27297,cl,L',6.0,18.59,True,1.26,5.8206,6.881,-6.631360166666668,-2.070760166666668,10.05000014975667
cl/v2-vred2-s0-q1/27297/1,cl-27297,cl,R,2.0,18.59,True,1.26,5.8206,6.881,-6.631360166666668,-2.070760166666668,10.05000014975667
cl/v2-vred2-s0-q1/27297/1,cl-27297,cl,R,4.0,18.59,True,1.26,5.8206,6.881,-6.631360166666668,-2.070760166666668,10.05000014975667
cl/v2-vred2-s0-q1/27297/1,cl-27297,cl,R,6.0,18.59,True,5.34,9.1506,6.383,-1.4504481666666669,2.360151833333334,9.55000014230609
cl/v2-vred2-s0-q1/27297/1,cl-27297,cl,R',2.0,18.59,True,5.34,9.1506,6.383,-1.4504481666666669,2.360151833333334,9.55000014230609
cl/v2-vred2-s0-q1/27297/1,cl-27297,cl,R',4.0,18.59,True,8.4,12.450599999999998,6.223,1.9457118333333332,5.996311833333331,9.050000134855509
cl/v2-vred2-s0-q1/27297/1,cl-27297,cl,R',6.0,18.59,True,8.4,12.450599999999998,6.223,1.9457118333333332,5.996311833333331,9.050000134855509
cl/v2-vred2-s0-q2/15483/1,cl-15483,cl,U,2.0,2.16,False,,,,,,
cl/v2-vred2-s0-q2/15483/1,cl-15483,cl,U,4.0,2.16,True,2.16,5.850599999999999,0.0,2.16,5.850599999999999,0.05000000074505806
cl/v2-vred2-s0-q2/15483/1,cl-15483,cl,U,6.0,2.16,True,2.16,5.850599999999999,0.0,2.16,5.850599999999999,0.05000000074505806
cl/v2-vred2-s0-q2/15483/1,cl-15483,cl,U',2.0,2.16,False,,,,,,
cl/v2-vred2-s0-q2/15483/1,cl-15483,cl,U',4.0,2.16,True,2.16,5.850599999999999,0.0,2.16,5.850599999999999,0.05000000074505806
cl/v2-vred2-s0-q2/15483/1,cl-15483,cl,U',6.0,2.16,True,2.16,5.850599999999999,0.0,2.16,5.850599999999999,0.05000000074505806
cl/v2-vred2-s0-q2/15483/1,cl-15483,cl,L,2.0,2.16,True,2.16,5.850599999999999,0.0,2.16,5.850599999999999,0.05000000074505806
cl/v2-vred2-s0-q2/15483/1,cl-15483,cl,L,4.0,2.16,True,2.16,5.850599999999999,0.0,2.16,5.850599999999999,0.05000000074505806
cl/v2-vred2-s0-q2/15483/1,cl-15483,cl,L,6.0,2.16,True,2.16,5.850599999999999,0.0,2.16,5.850599999999999,0.05000000074505806
cl/v2-vred2-s0-q2/15483/1,cl-15483,cl,L',2.0,2.16,True,2.16,5.850599999999999,0.0,2.16,5.850599999999999,0.05000000074505806
cl/v2-vred2-s0-q2/15483/1,cl-15483,cl,L',4.0,2.16,True,2.16,5.850599999999999,0.0,2.16,5.850599999999999,0.05000000074505806
cl/v2-vred2-s0-q2/15483/1,cl-15483,cl,L',6.0,2.16,True,2.16,5.850599999999999,0.0,2.16,5.850599999999999,0.05000000074505806
cl/v2-vred2-s0-q2/15483/1,cl-15483,cl,R,2.0,2.16,True,2.16,5.8006,0.021,2.1599265,5.8005265,9.55000014230609
cl/v2-vred2-s0-q2/15483/1,cl-15483,cl,R,4.0,2.16,True,2.16,5.850599999999999,0.0,2.16,5.850599999999999,0.05000000074505806
cl/v2-vred2-s0-q2/15483/1,cl-15483,cl,R,6.0,2.16,True,2.16,5.850599999999999,0.0,2.16,5.850599999999999,0.05000000074505806
cl/v2-vred2-s0-q2/15483/1,cl-15483,cl,R',2.0,2.16,True,2.16,5.850599999999999,0.47,2.1231833333333334,5.813783333333332,6.050000090152025
cl/v2-vred2-s0-q2/15483/1,cl-15483,cl,R',4.0,2.16,True,2.16,5.850599999999999,0.0,2.16,5.850599999999999,0.05000000074505806
cl/v2-vred2-s0-q2/15483/1,cl-15483,cl,R',6.0,2.16,True,2.16,5.850599999999999,0.0,2.16,5.850599999999999,0.05000000074505806
cl/v2-vred2-s0-q2/16508/1,cl-16508,cl,U,2.0,2.16,False,,,,,,
cl/v2-vred2-s0-q2/16508/1,cl-16508,cl,U,4.0,2.16,False,,,,,,
cl/v2-vred2-s0-q2/16508/1,cl-16508,cl,U,6.0,2.16,False,,,,,,
cl/v2-vred2-s0-q2/16508/1,cl-16508,cl,U',2.0,2.16,False,,,,,,
cl/v2-vred2-s0-q2/16508/1,cl-16508,cl,U',4.0,2.16,False,,,,,,
cl/v2-vred2-s0-q2/16508/1,cl-16508,cl,U',6.0,2.16,False,,,,,,
cl/v2-vred2-s0-q2/16508/1,cl-16508,cl,L,2.0,2.16,True,2.16,7.930599999999999,0.0,2.16,7.930599999999999,0.05000000074505806
cl/v2-vred2-s0-q2/16508/1,cl-16508,cl,L,4.0,2.16,True,2.16,7.930599999999999,0.0,2.16,7.930599999999999,0.05000000074505806
cl/v2-vred2-s0-q2/16508/1,cl-16508,cl,L,6.0,2.16,True,2.16,7.930599999999999,0.0,2.16,7.930599999999999,0.05000000074505806
cl/v2-vred2-s0-q2/16508/1,cl-16508,cl,L',2.0,2.16,True,2.16,7.930599999999999,0.0,2.16,7.930599999999999,0.05000000074505806
cl/v2-vred2-s0-q2/16508/1,cl-16508,cl,L',4.0,2.16,True,2.16,7.930599999999999,0.0,2.16,7.930599999999999,0.05000000074505806
cl/v2-vred2-s0-q2/16508/1,cl-16508,cl,L',6.0,2.16,True,2.16,7.930599999999999,0.0,2.16,7.930599999999999,0.05000000074505806
cl/v2-vred2-s0-q2/16508/1,cl-16508,cl,R,2.0,2.16,True,1.16,6.930599999999999,3.49,-0.8700166666666671,4.900583333333332,7.050000105053186
cl/v2-vred2-s0-q2/16508/1,cl-16508,cl,R,4.0,2.16,True,2.16,7.930599999999999,0.0,2.16,7.930599999999999,0.05000000074505806
cl/v2-vred2-s0-q2/16508/1,cl-16508,cl,R,6.0,2.16,True,2.16,7.930599999999999,0.0,2.16,7.930599999999999,0.05000000074505806
cl/v2-vred2-s0-q2/16508/1,cl-16508,cl,R',2.0,2.16,True,2.16,7.930599999999999,2.17,1.3751833333333336,7.145783333333332,6.550000097602606
cl/v2-vred2-s0-q2/16508/1,cl-16508,cl,R',4.0,2.16,True,2.16,7.930599999999999,0.0,2.16,7.930599999999999,0.05000000074505806
cl/v2-vred2-s0-q2/16508/1,cl-16508,cl,R',6.0,2.16,True,2.16,7.930599999999999,0.0,2.16,7.930599999999999,0.05000000074505806
cl/v2-vred2-s0-q2/16529/1,cl-16529,cl,U,2.0,2.16,True,0.16,3.2005999999999997,2.286,-0.710966,2.3296339999999995,32.050000477582216
cl/v2-vred2-s0-q2/16529/1,cl-16529,cl,U,4.0,2.16,True,2.16,4.8006,0.0,2.16,4.8006,12.550000187009573
cl/v2-vred2-s0-q2/16529/1,cl-16529,cl,U,6.0,2.16,True,2.16,5.610599999999999,0.457,2.1251918333333335,5.575791833333332,9.55000014230609
cl/v2-vred2-s0-q2/16529/1,cl-16529,cl,U',2.0,2.16,True,0.16,3.2005999999999997,2.286,-0.710966,2.3296339999999995,32.050000477582216
cl/v2-vred2-s0-q2/16529/1,cl-16529,cl,U',4.0,2.16,True,2.16,4.8006,0.0,2.16,4.8006,12.550000187009573
cl/v2-vred2-s0-q2/16529/1,cl-16529,cl,U',6.0,2.16,True,2.16,5.610599999999999,0.457,2.1251918333333335,5.575791833333332,9.55000014230609
cl/v2-vred2-s0-q2/16529/1,cl-16529,cl,L,2.0,2.16,True,2.16,5.8306,0.0,2.16,5.8306,0.05000000074505806
cl/v2-vred2-s0-q2/16529/1,cl-16529,cl,L,4.0,2.16,True,2.16,5.8306,0.0,2.16,5.8306,0.05000000074505806
cl/v2-vred2-s0-q2/16529/1,cl-16529,cl,L,6.0,2.16,True,2.16,5.8306,0.0,2.16,5.8306,0.05000000074505806
cl/v2-vred2-s0-q2/16529/1,cl-16529,cl,L',2.0,2.16,True,2.16,5.8306,0.0,2.16,5.8306,0.05000000074505806
cl/v2-vred2-s0-q2/16529/1,cl-16529,cl,L',4.0,2.16,True,2.16,5.8306,0.0,2.16,5.8306,0.05000000074505806
cl/v2-vred2-s0-q2/16529/1,cl-16529,cl,L',6.0,2.16,True,2.16,5.8306,0.0,2.16,5.8306,0.05000000074505806
cl/v2-vred2-s0-q2/16529/1,cl-16529,cl,R,2.0,2.16,True,2.16,5.8306,0.0,2.16,5.8306,0.05000000074505806
cl/v2-vred2-s0-q2/16529/1,cl-16529,cl,R,4.0,2.16,True,2.16,5.8306,0.0,2.16,5.8306,0.05000000074505806
cl/v2-vred2-s0-q2/16529/1,cl-16529,cl,R,6.0,2.16,True,2.16,5.8306,0.0,2.16,5.8306,0.05000000074505806
cl/v2-vred2-s0-q2/16529/1,cl-16529,cl,R',2.0,2.16,True,2.16,5.8306,0.0,2.16,5.8306,0.05000000074505806
cl/v2-vred2-s0-q2/16529/1,cl-16529,cl,R',4.0,2.16,True,2.16,5.8306,0.0,2.16,5.8306,0.05000000074505806
cl/v2-vred2-s0-q2/16529/1,cl-16529,cl,R',6.0,2.16,True,2.16,5.8306,0.0,2.16,5.8306,0.05000000074505806
cl/v2-vred2-s0-q2/28147/1,cl-28147,cl,U,2.0,16.32,False,,,,,,
cl/v2-vred2-s0-q2/28147/1,cl-28147,cl,U,4.0,16.32,False,,,,,,
cl/v2-vred2-s0-q2/28147/1,cl-28147,cl,U,6.0,16.32,False,,,,,,
cl/v2-vred2-s0-q2/28147/1,cl-28147,cl,U',2.0,16.32,False,,,,,,
cl/v2-vred2-s0-q2/28147/1,cl-28147,cl,U',4.0,16.32,False,,,,,,
cl/v2-vred2-s0-q2/28147/1,cl-28147,cl,U',6.0,16.32,False,,,,,,
cl/v2-vred2-s0-q2/28147/1,cl-28147,cl,L,2.0,16.32,True,6.18,11.8306,4.324,3.0638373333333333,8.714437333333334,9.050000134855509
cl/v2-vred2-s0-q2/28147/1,cl-28147,cl,L,4.0,16.32,True,8.32,14.1406,4.843,4.410891833333334,10.231491833333333,8.550000127404928
cl/v2-vred2-s0-q2/28147/1,cl-28147,cl,L,6.0,16.32,True,16.32,21.8306,0.0,16.32,21.8306,1.5500000230967999
cl/v2-vred2-s0-q2/28147/1,cl-28147,cl,L',2.0,16.32,True,10.32,16.700599999999998,4.818,6.451146000000001,12.831745999999999,8.050000119954348
cl/v2-vred2-s0-q2/28147/1,cl-28147,cl,L',4.0,16.32,True,14.32,18.970599999999997,4.089,11.5333465,16.183946499999998,7.550000112503767
cl/v2-vred2-s0-q2/28147/1,cl-28147,cl,L',6.0,16.32,True,16.32,21.8306,0.0,16.32,21.8306,1.5500000230967999
cl/v2-vred2-s0-q2/28147/1,cl-28147,cl,R,2.0,16.32,True,-1.84,4.1206,2.733,-3.0848815000000003,2.8757184999999996,18.05000026896596
cl/v2-vred2-s0-q2/28147/1,cl-28147,cl,R,4.0,16.32,True,1.16,6.110599999999999,1.725,0.6640624999999998,5.614662499999999,11.050000164657831
cl/v2-vred2-s0-q2/28147/1,cl-28147,cl,R,6.0,16.32,True,3.17,8.500599999999999,2.896,1.7721973333333334,7.102797333333332,10.05000014975667
cl/v2-vred2-s0-q2/28147/1,cl-28147,cl,R',2.0,16.32,True,0.16,5.1506,1.845,-0.4073374999999999,4.5832625,17.55000026151538
cl/v2-vred2-s0-q2/28147/1,cl-28147,cl,R',4.0,16.32,True,2.16,7.170599999999999,2.272,1.2996693333333336,6.310269333333332,10.55000015720725
cl/v2-vred2-s0-q2/28147/1,cl-28147,cl,R',6.0,16.32,True,6.18,11.8306,4.324,3.0638373333333333,8.714437333333334,9.050000134855509
cl/v2-vred2-s0-q2/9196/1,cl-9196,cl,U,2.0,18.16,True,3.16,9.0106,2.218,2.3400793333333336,8.190679333333334,18.55000027641654
cl/v2-vred2-s0-q2/9196/1,cl-9196,cl,U,4.0,18.16,True,3.16,9.0106,2.218,2.3400793333333336,8.190679333333334,18.55000027641654
cl/v2-vred2-s0-q2/9196/1,cl-9196,cl,U,6.0,18.16,True,3.16,9.0106,2.218,2.3400793333333336,8.190679333333334,18.55000027641654
cl/v2-vred2-s0-q2/9196/1,cl-9196,cl,U',2.0,18.16,True,3.16,9.0106,2.218,2.3400793333333336,8.190679333333334,18.55000027641654
cl/v2-vred2-s0-q2/9196/1,cl-9196,cl,U',4.0,18.16,True,3.16,9.0106,2.218,2.3400793333333336,8.190679333333334,18.55000027641654
cl/v2-vred2-s0-q2/9196/1,cl-9196,cl,U',6.0,18.16,True,3.16,9.0106,2.218,2.3400793333333336,8.190679333333334,18.55000027641654
cl/v2-vred2-s0-q2/9196/1,cl-9196,cl,L,2.0,18.16,True,9.16,14.6906,2.917,7.7418518333333335,13.272451833333333,16.550000246614218
cl/v2-vred2-s0-q2/9196/1,cl-9196,cl,L,4.0,18.16,True,9.16,14.6906,2.917,7.7418518333333335,13.272451833333333,16.550000246614218
cl/v2-vred2-s0-q2/9196/1,cl-9196,cl,L,6.0,18.16,True,15.16,20.4606,2.419,14.184739833333333,19.485339833333335,8.050000119954348
cl/v2-vred2-s0-q2/9196/1,cl-9196,cl,L',2.0,18.16,True,9.16,14.6906,2.917,7.7418518333333335,13.272451833333333,16.550000246614218
cl/v2-vred2-s0-q2/9196/1,cl-9196,cl,L',4.0,18.16,True,10.16,16.130599999999998,2.45,9.159583333333334,15.130183333333331,16.050000239163637
cl/v2-vred2-s0-q2/9196/1,cl-9196,cl,L',6.0,18.16,True,15.16,20.4606,2.419,14.184739833333333,19.485339833333335,8.050000119954348
cl/v2-vred2-s0-q2/9196/1,cl-9196,cl,R,2.0,18.16,True,2.16,7.190599999999999,0.21,2.15265,7.183249999999999,25.55000038072467
cl/v2-vred2-s0-q2/9196/1,cl-9196,cl,R,4.0,18.16,True,3.16,9.0106,2.218,2.3400793333333336,8.190679333333334,18.55000027641654
cl/v2-vred2-s0-q2/9196/1,cl-9196,cl,R,6.0,18.16,True,5.16,10.220600000000001,2.668,3.9736293333333332,9.034229333333334,18.05000026896596
cl/v2-vred2-s0-q2/9196/1,cl-9196,cl,R',2.0,18.16,True,2.16,7.190599999999999,0.21,2.15265,7.183249999999999,25.55000038072467
cl/v2-vred2-s0-q2/9196/1,cl-9196,cl,R',4.0,18.16,True,5.16,10.220600000000001,2.668,3.9736293333333332,9.034229333333334,18.05000026896596
cl/v2-vred2-s0-q2/9196/1,cl-9196,cl,R',6.0,18.16,True,6.16,11.6706,2.939,4.720379833333333,10.230979833333333,17.55000026151538
cl/v2-vred2-s1-q0/27043/1,cl-27043,cl,U,2.0,23.16,False,,,,,,
cl/v2-vred2-s1-q0/27043/1,cl-27043,cl,U,4.0,23.16,False,,,,,,
cl/v2-vred2-s1-q0/27043/1,cl-27043,cl,U,6.0,23.16,False,,,,,,
cl/v2-vred2-s1-q0/27043/1,cl-27043,cl,U',2.0,23.16,False,,,,,,
cl/v2-vred2-s1-q0/27043/1,cl-27043,cl,U',4.0,23.16,False,,,,,,
cl/v2-vred2-s1-q0/27043/1,cl-27043,cl,U',6.0,23.16,False,,,,,,
cl/v2-vred2-s1-q0/27043/1,cl-27043,cl,L,2.0,23.16,True,18.16,22.270599999999998,4.433,14.884751833333334,18.99535183333333,8.050000119954348
cl/v2-vred2-s1-q0/27043/1,cl-27043,cl,L,4.0,23.16,True,18.16,22.270599999999998,4.433,14.884751833333334,18.99535183333333,8.050000119954348
cl/v2-vred2-s1-q0/27043/1,cl-27043,cl,L,6.0,23.16,True,18.16,22.270599999999998,4.433,14.884751833333334,18.99535183333333,8.050000119954348
cl/v2-vred2-s1-q0/27043/1,cl-27043,cl,L',2.0,23.16,True,18.16,22.270599999999998,4.433,14.884751833333334,18.99535183333333,8.050000119954348
cl/v2-vred2-s1-q0/27043/1,cl-27043,cl,L',4.0,23.16,True,18.16,22.270599999999998,4.433,14.884751833333334,18.99535183333333,8.050000119954348
cl/v2-vred2-s1-q0/27043/1,cl-27043,cl,L',6.0,23.16,True,18.16,22.270599999999998,4.433,14.884751833333334,18.99535183333333,8.050000119954348
cl/v2-vred2-s1-q0/27043/1,cl-27043,cl,R,2.0,23.16,True,1.16,5.4906,3.423,-0.7928215000000001,3.5377785,16.050000239163637
cl/v2-vred2-s1-q0/27043/1,cl-27043,cl,R,4.0,23.16,True,4.16,7.6306,1.389,3.8384465000000003,7.3090465,15.050000224262476
cl/v2-vred2-s1-q0/27043/1,cl-27043,cl,R,6.0,23.16,True,5.16,8.820599999999999,2.012,4.485309333333333,8.145909333333332,12.050000179558992
cl/v2-vred2-s1-q0/27043/1,cl-27043,cl,R',2.0,23.16,True,1.16,5.4906,3.423,-0.7928215000000001,3.5377785,16.050000239163637
cl/v2-vred2-s1-q0/27043/1,cl-27043,cl,R',4.0,23.16,True,4.16,7.6306,1.389,3.8384465000000003,7.3090465,15.050000224262476
cl/v2-vred2-s1-q0/27043/1,cl-27043,cl,R',6.0,23.16,True,6.16,9.9006,2.165,5.378795833333333,9.119395833333334,11.550000172108412
cl/v2-vred2-s1-q0/27870/1,cl-27870,cl,U,2.0,1.16,False,,,,,,
cl/v2-vred2-s1-q0/27870/1,cl-27870,cl,U,4.0,1.16,False,,,,,,
cl/v2-vred2-s1-q0/27870/1,cl-27870,cl,U,6.0,1.16,False,,,,,,
cl/v2-vred2-s1-q0/27870/1,cl-27870,cl,U',2.0,1.16,False,,,,,,
cl/v2-vred2-s1-q0/27870/1,cl-27870,cl,U',4.0,1.16,False,,,,,,
cl/v2-vred2-s1-q0/27870/1,cl-27870,cl,U',6.0,1.16,False,,,,,,
cl/v2-vred2-s1-q0/27870/1,cl-27870,cl,L,2.0,1.16,True,1.16,6.5706,0.141,1.1566865,6.5672865,15.550000231713057
cl/v2-vred2-s1-q0/27870/1,cl-27870,cl,L,4.0,1.16,True,1.16,6.5706,0.141,1.1566865,6.5672865,15.550000231713057
cl/v2-vred2-s1-q0/27870/1,cl-27870,cl,L,6.0,1.16,True,1.16,6.5706,0.141,1.1566865,6.5672865,15.550000231713057
cl/v2-vred2-s1-q0/27870/1,cl-27870,cl,L',2.0,1.16,True,1.16,6.5706,0.141,1.1566865,6.5672865,15.550000231713057
cl/v2-vred2-s1-q0/27870/1,cl-27870,cl,L',4.0,1.16,True,1.16,6.5706,0.141,1.1566865,6.5672865,15.550000231713057
cl/v2-vred2-s1-q0/27870/1,cl-27870,cl,L',6.0,1.16,True,1.16,6.5706,0.141,1.1566865,6.5672865,15.550000231713057
cl/v2-vred2-s1-q0/27870/1,cl-27870,cl,R,2.0,1.16,True,-0.84,4.2906,3.089,-2.4303201666666667,2.700279833333334,17.0500002540648
cl/v2-vred2-s1-q0/27870/1,cl-27870,cl,R,4.0,1.16,True,1.16,6.5706,0.0,1.16,6.5706,0.05000000074505806
cl/v2-vred2-s1-q0/27870/1,cl-27870,cl,R,6.0,1.16,True,1.16,6.5706,0.0,1.16,6.5706,0.05000000074505806
cl/v2-vred2-s1-q0/27870/1,cl-27870,cl,R',2.0,1.16,True,-0.84,5.5005999999999995,1.94,-1.4672666666666667,4.873333333333333,16.550000246614218
cl/v2-vred2-s1-q0/27870/1,cl-27870,cl,R',4.0,1.16,True,1.16,6.5706,0.0,1.16,6.5706,0.05000000074505806
cl/v2-vred2-s1-q0/27870/1,cl-27870,cl,R',6.0,1.16,True,1.16,6.5706,0.0,1.16,6.5706,0.05000000074505806
cl/v2-vred2-s1-q1/15102/1,cl-15102,cl,U,2.0,2.16,False,,,,,,
cl/v2-vred2-s1-q1/15102/1,cl-15102,cl,U,4.0,2.16,False,,,,,,
cl/v2-vred2-s1-q1/15102/1,cl-15102,cl,U,6.0,2.16,False,,,,,,
cl/v2-vred2-s1-q1/15102/1,cl-15102,cl,U',2.0,2.16,False,,,,,,
cl/v2-vred2-s1-q1/15102/1,cl-15102,cl,U',4.0,2.16,False,,,,,,
cl/v2-vred2-s1-q1/15102/1,cl-15102,cl,U',6.0,2.16,False,,,,,,
cl/v2-vred2-s1-q1/15102/1,cl-15102,cl,L,2.0,2.16,True,2.16,2.1605999999999996,0.0,2.16,2.1605999999999996,0.5500000081956387
cl/v2-vred2-s1-q1/15102/1,cl-15102,cl,L,4.0,2.16,True,2.16,2.1605999999999996,0.0,2.16,2.1605999999999996,0.5500000081956387
cl/v2-vred2-s1-q1/15102/1,cl-15102,cl,L,6.0,2.16,True,2.16,2.1605999999999996,0.0,2.16,2.1605999999999996,0.05000000074505806
cl/v2-vred2-s1-q1/15102/1,cl-15102,cl,L',2.0,2.16,True,2.16,2.1605999999999996,0.0,2.16,2.1605999999999996,0.5500000081956387
cl/v2-vred2-s1-q1/15102/1,cl-15102,cl,L',4.0,2.16,True,2.16,2.1605999999999996,0.0,2.16,2.1605999999999996,0.5500000081956387
cl/v2-vred2-s1-q1/15102/1,cl-15102,cl,L',6.0,2.16,True,2.16,2.1605999999999996,0.0,2.16,2.1605999999999996,0.05000000074505806
cl/v2-vred2-s1-q1/15102/1,cl-15102,cl,R,2.0,2.16,True,2.16,1.9205999999999994,0.475,2.1223958333333335,1.8829958333333328,13.050000194460154
cl/v2-vred2-s1-q1/15102/1,cl-15102,cl,R,4.0,2.16,True,2.16,2.1605999999999996,0.0,2.16,2.1605999999999996,0.05000000074505806
cl/v2-vred2-s1-q1/15102/1,cl-15102,cl,R,6.0,2.16,True,2.16,2.1605999999999996,0.0,2.16,2.1605999999999996,0.05000000074505806
cl/v2-vred2-s1-q1/15102/1,cl-15102,cl,R',2.0,2.16,True,2.16,2.1605999999999996,1.163,1.9345718333333335,1.935171833333333,6.050000090152025
cl/v2-vred2-s1-q1/15102/1,cl-15102,cl,R',4.0,2.16,True,2.16,2.1605999999999996,0.0,2.16,2.1605999999999996,0.05000000074505806
cl/v2-vred2-s1-q1/15102/1,cl-15102,cl,R',6.0,2.16,True,2.16,2.1605999999999996,0.0,2.16,2.1605999999999996,0.05000000074505806
cl/v2-vred2-s1-q1/15612/1,cl-15612,cl,U,2.0,2.16,False,,,,,,
cl/v2-vred2-s1-q1/15612/1,cl-15612,cl,U,4.0,2.16,True,2.16,6.280599999999999,1.198,1.9207993333333335,6.041399333333332,6.550000097602606
cl/v2-vred2-s1-q1/15612/1,cl-15612,cl,U,6.0,2.16,True,2.16,6.280599999999999,0.0,2.16,6.280599999999999,0.05000000074505806
cl/v2-vred2-s1-q1/15612/1,cl-15612,cl,U',2.0,2.16,False,,,,,,
cl/v2-vred2-s1-q1/15612/1,cl-15612,cl,U',4.0,2.16,True,2.16,6.280599999999999,1.198,1.9207993333333335,6.041399333333332,6.550000097602606
cl/v2-vred2-s1-q1/15612/1,cl-15612,cl,U',6.0,2.16,True,2.16,6.280599999999999,0.0,2.16,6.280599999999999,0.05000000074505806
cl/v2-vred2-s1-q1/15612/1,cl-15612,cl,L,2.0,2.16,True,2.16,6.280599999999999,0.0,2.16,6.280599999999999,0.05000000074505806
cl/v2-vred2-s1-q1/15612/1,cl-15612,cl,L,4.0,2.16,True,2.16,6.280599999999999,0.0,2.16,6.280599999999999,0.05000000074505806
cl/v2-vred2-s1-q1/15612/1,cl-15612,cl,L,6.0,2.16,True,2.16,6.280599999999999,0.0,2.16,6.280599999999999,0.05000000074505806
cl/v2-vred2-s1-q1/15612/1,cl-15612,cl,L',2.0,2.16,True,2.16,6.280599999999999,0.0,2.16,6.280599999999999,0.05000000074505806
cl/v2-vred2-s1-q1/15612/1,cl-15612,cl,L',4.0,2.16,True,2.16,6.280599999999999,0.0,2.16,6.280599999999999,0.05000000074505806
cl/v2-vred2-s1-q1/15612/1,cl-15612,cl,L',6.0,2.16,True,2.16,6.280599999999999,0.0,2.16,6.280599999999999,0.05000000074505806
cl/v2-vred2-s1-q1/15612/1,cl-15612,cl,R,2.0,2.16,True,2.16,5.770599999999999,0.0,2.16,5.770599999999999,12.550000187009573
cl/v2-vred2-s1-q1/15612/1,cl-15612,cl,R,4.0,2.16,True,2.16,6.280599999999999,0.0,2.16,6.280599999999999,0.05000000074505806
cl/v2-vred2-s1-q1/15612/1,cl-15612,cl,R,6.0,2.16,True,2.16,6.280599999999999,0.0,2.16,6.280599999999999,0.05000000074505806
cl/v2-vred2-s1-q1/15612/1,cl-15612,cl,R',2.0,2.16,True,2.16,5.770599999999999,0.0,2.16,5.770599999999999,12.550000187009573
cl/v2-vred2-s1-q1/15612/1,cl-15612,cl,R',4.0,2.16,True,2.16,6.280599999999999,0.0,2.16,6.280599999999999,0.05000000074505806
cl/v2-vred2-s1-q1/15612/1,cl-15612,cl,R',6.0,2.16,True,2.16,6.280599999999999,0.0,2.16,6.280599999999999,0.05000000074505806
cl/v2-vred2-s1-q1/16390/1,cl-16390,cl,U,2.0,2.16,False,,,,,,
cl/v2-vred2-s1-q1/16390/1,cl-16390,cl,U,4.0,2.16,False,,,,,,
cl/v2-vred2-s1-q1/16390/1,cl-16390,cl,U,6.0,2.16,True,2.16,5.6306,2.167,1.3773518333333334,4.847951833333334,6.550000097602606
cl/v2-vred2-s1-q1/16390/1,cl-16390,cl,U',2.0,2.16,True,-1.84,2.5005999999999995,4.349,-4.992300166666667,-0.6517001666666675,7.550000112503767
cl/v2-vred2-s1-q1/16390/1,cl-16390,cl,U',4.0,2.16,True,-1.84,2.5005999999999995,4.349,-4.992300166666667,-0.6517001666666675,7.550000112503767
cl/v2-vred2-s1-q1/16390/1,cl-16390,cl,U',6.0,2.16,True,2.16,5.6306,2.167,1.3773518333333334,4.847951833333334,6.550000097602606
cl/v2-vred2-s1-q1/16390/1,cl-16390,cl,L,2.0,2.16,True,2.16,5.6306,0.0,2.16,5.6306,0.05000000074505806
cl/v2-vred2-s1-q1/16390/1,cl-16390,cl,L,4.0,2.16,True,2.16,5.6306,0.0,2.16,5.6306,0.05000000074505806
cl/v2-vred2-s1-q1/16390/1,cl-16390,cl,L,6.0,2.16,True,2.16,5.6306,0.0,2.16,5.6306,0.05000000074505806
cl/v2-vred2-s1-q1/16390/1,cl-16390,cl,L',2.0,2.16,True,2.16,5.6306,0.0,2.16,5.6306,0.05000000074505806
cl/v2-vred2-s1-q1/16390/1,cl-16390,cl,L',4.0,2.16,True,2.16,5.6306,0.0,2.16,5.6306,0.05000000074505806
cl/v2-vred2-s1-q1/16390/1,cl-16390,cl,L',6.0,2.16,True,2.16,5.6306,0.0,2.16,5.6306,0.05000000074505806
cl/v2-vred2-s1-q1/16390/1,cl-16390,cl,R,2.0,2.16,True,2.16,5.6306,0.0,2.16,5.6306,0.05000000074505806
cl/v2-vred2-s1-q1/16390/1,cl-16390,cl,R,4.0,2.16,True,2.16,5.6306,0.0,2.16,5.6306,0.05000000074505806
cl/v2-vred2-s1-q1/16390/1,cl-16390,cl,R,6.0,2.16,True,2.16,5.6306,0.0,2.16,5.6306,0.05000000074505806
cl/v2-vred2-s1-q1/16390/1,cl-16390,cl,R',2.0,2.16,True,2.16,5.6306,0.0,2.16,5.6306,0.05000000074505806
cl/v2-vred2-s1-q1/16390/1,cl-16390,cl,R',4.0,2.16,True,2.16,5.6306,0.0,2.16,5.6306,0.05000000074505806
cl/v2-vred2-s1-q1/16390/1,cl-16390,cl,R',6.0,2.16,True,2.16,5.6306,0.0,2.16,5.6306,0.05000000074505806
cl/v2-vred2-s1-q1/24944/2,cl-24944,cl,U,2.0,65.82,True,-1.84,,5.045,-6.082004166666667,,103.55000154301524
cl/v2-vred2-s1-q1/24944/2,cl-24944,cl,U,4.0,65.82,True,14.16,24.1006,2.663,12.978071833333333,22.918671833333335,36.55000054463744
cl/v2-vred2-s1-q1/24944/2,cl-24944,cl,U,6.0,65.82,True,14.16,24.1006,2.663,12.978071833333333,22.918671833333335,36.55000054463744
cl/v2-vred2-s1-q1/24944/2,cl-24944,cl,U',2.0,65.82,True,3.16,,4.801,-0.6816001666666671,,102.55000152811408
cl/v2-vred2-s1-q1/24944/2,cl-24944,cl,U',4.0,65.82,True,14.16,24.1006,2.663,12.978071833333333,22.918671833333335,36.55000054463744
cl/v2-vred2-s1-q1/24944/2,cl-24944,cl,U',6.0,65.82,True,14.16,24.1006,2.663,12.978071833333333,22.918671833333335,36.55000054463744
cl/v2-vred2-s1-q1/24944/2,cl-24944,cl,L,2.0,65.82,True,14.16,24.1006,2.663,12.978071833333333,22.918671833333335,36.55000054463744
cl/v2-vred2-s1-q1/24944/2,cl-24944,cl,L,4.0,65.82,True,14.16,24.1006,2.663,12.978071833333333,22.918671833333335,36.55000054463744
cl/v2-vred2-s1-q1/24944/2,cl-24944,cl,L,6.0,65.82,True,14.16,24.1006,2.663,12.978071833333333,22.918671833333335,36.55000054463744
cl/v2-vred2-s1-q1/24944/2,cl-24944,cl,L',2.0,65.82,True,14.16,24.1006,2.663,12.978071833333333,22.918671833333335,36.55000054463744
cl/v2-vred2-s1-q1/24944/2,cl-24944,cl,L',4.0,65.82,True,14.16,24.1006,2.663,12.978071833333333,22.918671833333335,36.55000054463744
cl/v2-vred2-s1-q1/24944/2,cl-24944,cl,L',6.0,65.82,True,14.16,24.1006,2.663,12.978071833333333,22.918671833333335,36.55000054463744
cl/v2-vred2-s1-q1/24944/2,cl-24944,cl,R,2.0,65.82,True,49.09,2.6906,3.687,46.8243385,0.4249385000000001,79.55000118538737
cl/v2-vred2-s1-q1/24944/2,cl-24944,cl,R,4.0,65.82,True,49.09,2.6906,3.687,46.8243385,0.4249385000000001,79.55000118538737
cl/v2-vred2-s1-q1/24944/2,cl-24944,cl,R,6.0,65.82,True,-1.84,8.130600000000001,2.933,-3.2737481666666666,6.6968518333333344,78.05000116303563
cl/v2-vred2-s1-q1/24944/2,cl-24944,cl,R',2.0,65.82,True,49.09,2.6906,3.687,46.8243385,0.4249385000000001,79.55000118538737
cl/v2-vred2-s1-q1/24944/2,cl-24944,cl,R',4.0,65.82,True,-1.84,8.130600000000001,2.933,-3.2737481666666666,6.6968518333333344,78.05000116303563
cl/v2-vred2-s1-q1/24944/2,cl-24944,cl,R',6.0,65.82,True,-0.84,9.3906,2.141,-1.6039801666666667,8.626619833333333,77.55000115558505
cl/v2-vred2-s1-q1/27297/1,cl-27297,cl,U,2.0,18.59,False,,,,,,
cl/v2-vred2-s1-q1/27297/1,cl-27297,cl,U,4.0,18.59,False,,,,,,
cl/v2-vred2-s1-q1/27297/1,cl-27297,cl,U,6.0,18.59,False,,,,,,
cl/v2-vred2-s1-q1/27297/1,cl-27297,cl,U',2.0,18.59,False,,,,,,
cl/v2-vred2-s1-q1/27297/1,cl-27297,cl,U',4.0,18.59,False,,,,,,
cl/v2-vred2-s1-q1/27297/1,cl-27297,cl,U',6.0,18.59,False,,,,,,
cl/v2-vred2-s1-q1/27297/1,cl-27297,cl,L,2.0,18.59,False,,,,,,
cl/v2-vred2-s1-q1/27297/1,cl-27297,cl,L,4.0,18.59,False,,,,,,
cl/v2-vred2-s1-q1/27297/1,cl-27297,cl,L,6.0,18.59,False,,,,,,
cl/v2-vred2-s1-q1/27297/1,cl-27297,cl,L',2.0,18.59,False,,,,,,
cl/v2-vred2-s1-q1/27297/1,cl-27297,cl,L',4.0,18.59,False,,,,,,
cl/v2-vred2-s1-q1/27297/1,cl-27297,cl,L',6.0,18.59,True,1.26,5.590599999999999,3.867,-1.2322815000000003,3.098318499999999,10.55000015720725
cl/v2-vred2-s1-q1/27297/1,cl-27297,cl,R,2.0,18.59,True,1.26,5.590599999999999,3.867,-1.2322815000000003,3.098318499999999,10.55000015720725
cl/v2-vred2-s1-q1/27297/1,cl-27297,cl,R,4.0,18.59,True,3.3,7.7206,4.469,-0.028660166666667486,4.391939833333333,10.05000014975667
cl/v2-vred2-s1-q1/27297/1,cl-27297,cl,R,6.0,18.59,True,3.3,7.7206,4.469,-0.028660166666667486,4.391939833333333,10.05000014975667
cl/v2-vred2-s1-q1/27297/1,cl-27297,cl,R',2.0,18.59,True,3.3,7.7206,4.469,-0.028660166666667486,4.391939833333333,10.05000014975667
cl/v2-vred2-s1-q1/27297/1,cl-27297,cl,R',4.0,18.59,True,5.34,10.0606,4.871,1.3855598333333323,6.106159833333333,9.55000014230609
cl/v2-vred2-s1-q1/27297/1,cl-27297,cl,R',6.0,18.59,True,8.4,12.730599999999999,5.136,4.003584,8.334183999999999,9.050000134855509
cl/v2-vred2-s1-q2/15483/1,cl-15483,cl,U,2.0,2.16,False,,,,,,
cl/v2-vred2-s1-q2/15483/1,cl-15483,cl,U,4.0,2.16,True,2.16,5.850599999999999,0.0,2.16,5.850599999999999,0.05000000074505806
cl/v2-vred2-s1-q2/15483/1,cl-15483,cl,U,6.0,2.16,True,2.16,5.850599999999999,0.0,2.16,5.850599999999999,0.05000000074505806
cl/v2-vred2-s1-q2/15483/1,cl-15483,cl,U',2.0,2.16,False,,,,,,
cl/v2-vred2-s1-q2/15483/1,cl-15483,cl,U',4.0,2.16,True,2.16,5.850599999999999,0.0,2.16,5.850599999999999,0.05000000074505806
cl/v2-vred2-s1-q2/15483/1,cl-15483,cl,U',6.0,2.16,True,2.16,5.850599999999999,0.0,2.16,5.850599999999999,0.05000000074505806
cl/v2-vred2-s1-q2/15483/1,cl-15483,cl,L,2.0,2.16,True,2.16,5.850599999999999,0.0,2.16,5.850599999999999,0.05000000074505806
cl/v2-vred2-s1-q2/15483/1,cl-15483,cl,L,4.0,2.16,True,2.16,5.850599999999999,0.0,2.16,5.850599999999999,0.05000000074505806
cl/v2-vred2-s1-q2/15483/1,cl-15483,cl,L,6.0,2.16,True,2.16,5.850599999999999,0.0,2.16,5.850599999999999,0.05000000074505806
cl/v2-vred2-s1-q2/15483/1,cl-15483,cl,L',2.0,2.16,True,2.16,5.850599999999999,0.0,2.16,5.850599999999999,0.05000000074505806
cl/v2-vred2-s1-q2/15483/1,cl-15483,cl,L',4.0,2.16,True,2.16,5.850599999999999,0.0,2.16,5.850599999999999,0.05000000074505806
cl/v2-vred2-s1-q2/15483/1,cl-15483,cl,L',6.0,2.16,True,2.16,5.850599999999999,0.0,2.16,5.850599999999999,0.05000000074505806
cl/v2-vred2-s1-q2/15483/1,cl-15483,cl,R,2.0,2.16,True,2.16,5.8306,0.0,2.16,5.8306,10.05000014975667
cl/v2-vred2-s1-q2/15483/1,cl-15483,cl,R,4.0,2.16,True,2.16,5.850599999999999,0.0,2.16,5.850599999999999,0.05000000074505806
cl/v2-vred2-s1-q2/15483/1,cl-15483,cl,R,6.0,2.16,True,2.16,5.850599999999999,0.0,2.16,5.850599999999999,0.05000000074505806
cl/v2-vred2-s1-q2/15483/1,cl-15483,cl,R',2.0,2.16,True,2.16,5.850599999999999,0.47,2.1231833333333334,5.813783333333332,6.050000090152025
cl/v2-vred2-s1-q2/15483/1,cl-15483,cl,R',4.0,2.16,True,2.16,5.850599999999999,0.0,2.16,5.850599999999999,0.05000000074505806
cl/v2-vred2-s1-q2/15483/1,cl-15483,cl,R',6.0,2.16,True,2.16,5.850599999999999,0.0,2.16,5.850599999999999,0.05000000074505806
cl/v2-vred2-s1-q2/16508/1,cl-16508,cl,U,2.0,2.16,False,,,,,,
cl/v2-vred2-s1-q2/16508/1,cl-16508,cl,U,4.0,2.16,False,,,,,,
cl/v2-vred2-s1-q2/16508/1,cl-16508,cl,U,6.0,2.16,True,-0.84,4.8706000000000005,4.637,-4.423628166666666,1.2869718333333346,7.550000112503767
cl/v2-vred2-s1-q2/16508/1,cl-16508,cl,U',2.0,2.16,True,-0.84,4.8706000000000005,4.637,-4.423628166666666,1.2869718333333346,7.550000112503767
cl/v2-vred2-s1-q2/16508/1,cl-16508,cl,U',4.0,2.16,True,-0.84,4.8706000000000005,4.637,-4.423628166666666,1.2869718333333346,7.550000112503767
cl/v2-vred2-s1-q2/16508/1,cl-16508,cl,U',6.0,2.16,True,-0.84,4.8706000000000005,4.637,-4.423628166666666,1.2869718333333346,7.550000112503767
cl/v2-vred2-s1-q2/16508/1,cl-16508,cl,L,2.0,2.16,True,2.16,7.930599999999999,0.0,2.16,7.930599999999999,0.05000000074505806
cl/v2-vred2-s1-q2/16508/1,cl-16508,cl,L,4.0,2.16,True,2.16,7.930599999999999,0.0,2.16,7.930599999999999,0.05000000074505806
cl/v2-vred2-s1-q2/16508/1,cl-16508,cl,L,6.0,2.16,True,2.16,7.930599999999999,0.0,2.16,7.930599999999999,0.05000000074505806
cl/v2-vred2-s1-q2/16508/1,cl-16508,cl,L',2.0,2.16,True,2.16,7.930599999999999,0.0,2.16,7.930599999999999,0.05000000074505806
cl/v2-vred2-s1-q2/16508/1,cl-16508,cl,L',4.0,2.16,True,2.16,7.930599999999999,0.0,2.16,7.930599999999999,0.05000000074505806
cl/v2-vred2-s1-q2/16508/1,cl-16508,cl,L',6.0,2.16,True,2.16,7.930599999999999,0.0,2.16,7.930599999999999,0.05000000074505806
cl/v2-vred2-s1-q2/16508/1,cl-16508,cl,R,2.0,2.16,True,1.16,6.950599999999999,3.428,-0.7985306666666667,4.992069333333332,7.050000105053186
cl/v2-vred2-s1-q2/16508/1,cl-16508,cl,R,4.0,2.16,True,2.16,7.930599999999999,0.0,2.16,7.930599999999999,0.05000000074505806
cl/v2-vred2-s1-q2/16508/1,cl-16508,cl,R,6.0,2.16,True,2.16,7.930599999999999,0.0,2.16,7.930599999999999,0.05000000074505806
cl/v2-vred2-s1-q2/16508/1,cl-16508,cl,R',2.0,2.16,True,2.16,7.930599999999999,2.152,1.3881493333333332,7.158749333333333,6.550000097602606
cl/v2-vred2-s1-q2/16508/1,cl-16508,cl,R',4.0,2.16,True,2.16,7.930599999999999,0.0,2.16,7.930599999999999,0.05000000074505806
cl/v2-vred2-s1-q2/16508/1,cl-16508,cl,R',6.0,2.16,True,2.16,7.930599999999999,0.0,2.16,7.930599999999999,0.05000000074505806
cl/v2-vred2-s1-q2/16529/1,cl-16529,cl,U,2.0,2.16,False,,,,,,
cl/v2-vred2-s1-q2/16529/1,cl-16529,cl,U,4.0,2.16,False,,,,,,
cl/v2-vred2-s1-q2/16529/1,cl-16529,cl,U,6.0,2.16,False,,,,,,
cl/v2-vred2-s1-q2/16529/1,cl-16529,cl,U',2.0,2.16,False,,,,,,
cl/v2-vred2-s1-q2/16529/1,cl-16529,cl,U',4.0,2.16,False,,,,,,
cl/v2-vred2-s1-q2/16529/1,cl-16529,cl,U',6.0,2.16,False,,,,,,
cl/v2-vred2-s1-q2/16529/1,cl-16529,cl,L,2.0,2.16,True,2.16,5.8306,0.0,2.16,5.8306,0.05000000074505806
cl/v2-vred2-s1-q2/16529/1,cl-16529,cl,L,4.0,2.16,True,2.16,5.8306,0.0,2.16,5.8306,0.05000000074505806
cl/v2-vred2-s1-q2/16529/1,cl-16529,cl,L,6.0,2.16,True,2.16,5.8306,0.0,2.16,5.8306,0.05000000074505806
cl/v2-vred2-s1-q2/16529/1,cl-16529,cl,L',2.0,2.16,True,2.16,5.8306,0.0,2.16,5.8306,0.05000000074505806
cl/v2-vred2-s1-q2/16529/1,cl-16529,cl,L',4.0,2.16,True,2.16,5.8306,0.0,2.16,5.8306,0.05000000074505806
cl/v2-vred2-s1-q2/16529/1,cl-16529,cl,L',6.0,2.16,True,2.16,5.8306,0.0,2.16,5.8306,0.05000000074505806
cl/v2-vred2-s1-q2/16529/1,cl-16529,cl,R,2.0,2.16,True,2.16,5.8306,0.0,2.16,5.8306,0.05000000074505806
cl/v2-vred2-s1-q2/16529/1,cl-16529,cl,R,4.0,2.16,True,2.16,5.8306,0.0,2.16,5.8306,0.05000000074505806
cl/v2-vred2-s1-q2/16529/1,cl-16529,cl,R,6.0,2.16,True,2.16,5.8306,0.0,2.16,5.8306,0.05000000074505806
cl/v2-vred2-s1-q2/16529/1,cl-16529,cl,R',2.0,2.16,True,2.16,5.8306,0.0,2.16,5.8306,0.05000000074505806
cl/v2-vred2-s1-q2/16529/1,cl-16529,cl,R',4.0,2.16,True,2.16,5.8306,0.0,2.16,5.8306,0.05000000074505806
cl/v2-vred2-s1-q2/16529/1,cl-16529,cl,R',6.0,2.16,True,2.16,5.8306,0.0,2.16,5.8306,0.05000000074505806
cl/v2-vred2-s1-q2/28147/1,cl-28147,cl,U,2.0,16.32,False,,,,,,
cl/v2-vred2-s1-q2/28147/1,cl-28147,cl,U,4.0,16.32,False,,,,,,
cl/v2-vred2-s1-q2/28147/1,cl-28147,cl,U,6.0,16.32,False,,,,,,
cl/v2-vred2-s1-q2/28147/1,cl-28147,cl,U',2.0,16.32,False,,,,,,
cl/v2-vred2-s1-q2/28147/1,cl-28147,cl,U',4.0,16.32,False,,,,,,
cl/v2-vred2-s1-q2/28147/1,cl-28147,cl,U',6.0,16.32,False,,,,,,
cl/v2-vred2-s1-q2/28147/1,cl-28147,cl,L,2.0,16.32,True,4.17,9.9006,3.673,1.9215118333333332,7.6521118333333344,9.55000014230609
cl/v2-vred2-s1-q2/28147/1,cl-28147,cl,L,4.0,16.32,True,8.32,14.150599999999997,4.895,4.326495833333334,10.157095833333331,8.550000127404928
cl/v2-vred2-s1-q2/28147/1,cl-28147,cl,L,6.0,16.32,True,14.32,18.9806,4.058,11.575439333333334,16.23603933333333,7.550000112503767
cl/v2-vred2-s1-q2/28147/1,cl-28147,cl,L',2.0,16.32,True,14.32,18.9806,4.058,11.575439333333334,16.23603933333333,7.550000112503767
cl/v2-vred2-s1-q2/28147/1,cl-28147,cl,L',4.0,16.32,True,14.32,18.9806,4.058,11.575439333333334,16.23603933333333,7.550000112503767
cl/v2-vred2-s1-q2/28147/1,cl-28147,cl,L',6.0,16.32,True,16.32,20.720599999999997,3.027,14.7928785,19.193478499999998,7.050000105053186
cl/v2-vred2-s1-q2/28147/1,cl-28147,cl,R,2.0,16.32,True,-0.84,4.920599999999999,1.474,-1.2021126666666666,4.558487333333333,18.05000026896596
cl/v2-vred2-s1-q2/28147/1,cl-28147,cl,R,4.0,16.32,True,1.16,6.9106,2.423,0.1815118333333332,5.932111833333333,10.55000015720725
cl/v2-vred2-s1-q2/28147/1,cl-28147,cl,R,6.0,16.32,True,3.17,8.3106,3.068,1.6012293333333332,6.741829333333334,10.05000014975667
cl/v2-vred2-s1-q2/28147/1,cl-28147,cl,R',2.0,16.32,True,-0.84,4.920599999999999,1.474,-1.2021126666666666,4.558487333333333,18.05000026896596
cl/v2-vred2-s1-q2/28147/1,cl-28147,cl,R',4.0,16.32,True,3.17,8.3106,3.068,1.6012293333333332,6.741829333333334,10.05000014975667
cl/v2-vred2-s1-q2/28147/1,cl-28147,cl,R',6.0,16.32,True,6.18,11.8106,4.444,2.888477333333333,8.519077333333334,9.050000134855509
cl/v2-vred2-s1-q2/9196/1,cl-9196,cl,U,2.0,18.16,True,3.16,9.0806,2.242,2.3222393333333335,8.242839333333334,18.55000027641654
cl/v2-vred2-s1-q2/9196/1,cl-9196,cl,U,4.0,18.16,True,3.16,9.0806,2.242,2.3222393333333335,8.242839333333334,18.55000027641654
cl/v2-vred2-s1-q2/9196/1,cl-9196,cl,U,6.0,18.16,True,3.16,9.0806,2.242,2.3222393333333335,8.242839333333334,18.55000027641654
cl/v2-vred2-s1-q2/9196/1,cl-9196,cl,U',2.0,18.16,True,3.16,9.0806,2.242,2.3222393333333335,8.242839333333334,18.55000027641654
cl/v2-vred2-s1-q2/9196/1,cl-9196,cl,U',4.0,18.16,True,3.16,9.0806,2.242,2.3222393333333335,8.242839333333334,18.55000027641654
cl/v2-vred2-s1-q2/9196/1,cl-9196,cl,U',6.0,18.16,True,3.16,9.0806,2.242,2.3222393333333335,8.242839333333334,18.55000027641654
cl/v2-vred2-s1-q2/9196/1,cl-9196,cl,L,2.0,18.16,True,9.16,14.680599999999998,2.83,7.825183333333333,13.345783333333332,16.550000246614218
cl/v2-vred2-s1-q2/9196/1,cl-9196,cl,L,4.0,18.16,True,12.16,18.0806,0.0,12.16,18.0806,13.550000201910734
cl/v2-vred2-s1-q2/9196/1,cl-9196,cl,L,6.0,18.16,True,12.16,18.0806,0.0,12.16,18.0806,13.550000201910734
cl/v2-vred2-s1-q2/9196/1,cl-9196,cl,L',2.0,18.16,True,9.16,14.680599999999998,2.83,7.825183333333333,13.345783333333332,16.550000246614218
cl/v2-vred2-s1-q2/9196/1,cl-9196,cl,L',4.0,18.16,True,12.16,18.0806,0.0,12.16,18.0806,13.550000201910734
cl/v2-vred2-s1-q2/9196/1,cl-9196,cl,L',6.0,18.16,True,15.16,20.450599999999998,2.433,14.1734185,19.464018499999998,8.050000119954348
cl/v2-vred2-s1-q2/9196/1,cl-9196,cl,R,2.0,18.16,True,2.16,7.090599999999999,0.0,2.16,7.090599999999999,26.05000038817525
cl/v2-vred2-s1-q2/9196/1,cl-9196,cl,R,4.0,18.16,True,3.16,9.0806,2.242,2.3222393333333335,8.242839333333334,18.55000027641654
cl/v2-vred2-s1-q2/9196/1,cl-9196,cl,R,6.0,18.16,True,5.16,10.3006,2.662,3.9789593333333335,9.119559333333333,18.05000026896596
cl/v2-vred2-s1-q2/9196/1,cl-9196,cl,R',2.0,18.16,True,2.16,7.200599999999999,1.048,1.9769493333333334,7.017549333333332,25.55000038072467
cl/v2-vred2-s1-q2/9196/1,cl-9196,cl,R',4.0,18.16,True,5.16,10.3006,2.662,3.9789593333333335,9.119559333333333,18.05000026896596
cl/v2-vred2-s1-q2/9196/1,cl-9196,cl,R',6.0,18.16,True,6.16,11.7406,2.89,4.7679833333333335,10.348583333333334,17.55000026151538
cl/v2-vred3-s0-q0/27043/1,cl-27043,cl,U,2.0,23.16,True,,-3.6694000000000004,4.19,,-6.595416666666668,18.05000026896596
cl/v2-vred3-s0-q0/27043/1,cl-27043,cl,U,4.0,23.16,True,,-3.6694000000000004,4.19,,-6.595416666666668,18.05000026896596
cl/v2-vred3-s0-q0/27043/1,cl-27043,cl,U,6.0,23.16,True,,-3.6694000000000004,4.19,,-6.595416666666668,18.05000026896596
cl/v2-vred3-s0-q0/27043/1,cl-27043,cl,U',2.0,23.16,True,,-3.6694000000000004,4.19,,-6.595416666666668,18.05000026896596
cl/v2-vred3-s0-q0/27043/1,cl-27043,cl,U',4.0,23.16,True,,-3.6694000000000004,4.19,,-6.595416666666668,18.05000026896596
cl/v2-vred3-s0-q0/27043/1,cl-27043,cl,U',6.0,23.16,True,,-3.6694000000000004,4.19,,-6.595416666666668,18.05000026896596
cl/v2-vred3-s0-q0/27043/1,cl-27043,cl,L,2.0,23.16,True,18.16,22.1806,4.458,14.847706,18.868305999999997,8.050000119954348
cl/v2-vred3-s0-q0/27043/1,cl-27043,cl,L,4.0,23.16,True,18.16,22.1806,4.458,14.847706,18.868305999999997,8.050000119954348
cl/v2-vred3-s0-q0/27043/1,cl-27043,cl,L,6.0,23.16,True,18.16,22.1806,4.458,14.847706,18.868305999999997,8.050000119954348
cl/v2-vred3-s0-q0/27043/1,cl-27043,cl,L',2.0,23.16,True,18.16,22.1806,4.458,14.847706,18.868305999999997,8.050000119954348
cl/v2-vred3-s0-q0/27043/1,cl-27043,cl,L',4.0,23.16,True,18.16,22.1806,4.458,14.847706,18.868305999999997,8.050000119954348
cl/v2-vred3-s0-q0/27043/1,cl-27043,cl,L',6.0,23.16,True,18.16,22.1806,4.458,14.847706,18.868305999999997,8.050000119954348
cl/v2-vred3-s0-q0/27043/1,cl-27043,cl,R,2.0,23.16,True,1.16,5.600599999999999,3.38,-0.7440666666666664,3.696533333333333,16.050000239163637
cl/v2-vred3-s0-q0/27043/1,cl-27043,cl,R,4.0,23.16,True,4.16,7.700599999999999,1.333,3.8638518333333334,7.404451833333332,15.050000224262476
cl/v2-vred3-s0-q0/27043/1,cl-27043,cl,R,6.0,23.16,True,5.16,8.9006,1.937,4.534671833333333,8.275271833333335,12.050000179558992
cl/v2-vred3-s0-q0/27043/1,cl-27043,cl,R',2.0,23.16,True,1.16,5.600599999999999,3.38,-0.7440666666666664,3.696533333333333,16.050000239163637
cl/v2-vred3-s0-q0/27043/1,cl-27043,cl,R',4.0,23.16,True,4.16,7.700599999999999,1.333,3.8638518333333334,7.404451833333332,15.050000224262476
cl/v2-vred3-s0-q0/27043/1,cl-27043,cl,R',6.0,23.16,True,6.16,9.970600000000001,2.145,5.3931625,9.203762500000002,11.550000172108412
cl/v2-vred3-s0-q0/27870/1,cl-27870,cl,U,2.0,1.16,False,,,,,,
cl/v2-vred3-s0-q0/27870/1,cl-27870,cl,U,4.0,1.16,False,,,,,,
cl/v2-vred3-s0-q0/27870/1,cl-27870,cl,U,6.0,1.16,False,,,,,,
cl/v2-vred3-s0-q0/27870/1,cl-27870,cl,U',2.0,1.16,False,,,,,,
cl/v2-vred3-s0-q0/27870/1,cl-27870,cl,U',4.0,1.16,False,,,,,,
cl/v2-vred3-s0-q0/27870/1,cl-27870,cl,U',6.0,1.16,False,,,,,,
cl/v2-vred3-s0-q0/27870/1,cl-27870,cl,L,2.0,1.16,True,1.16,6.5706,0.138,1.156826,6.567426,12.050000179558992
cl/v2-vred3-s0-q0/27870/1,cl-27870,cl,L,4.0,1.16,True,1.16,6.5706,0.208,1.1527893333333332,6.563389333333333,8.050000119954348
cl/v2-vred3-s0-q0/27870/1,cl-27870,cl,L,6.0,1.16,True,1.16,6.5706,0.208,1.1527893333333332,6.563389333333333,8.050000119954348
cl/v2-vred3-s0-q0/27870/1,cl-27870,cl,L',2.0,1.16,True,1.16,6.5706,0.138,1.156826,6.567426,12.050000179558992
cl/v2-vred3-s0-q0/27870/1,cl-27870,cl,L',4.0,1.16,True,1.16,6.5706,0.208,1.1527893333333332,6.563389333333333,8.050000119954348
cl/v2-vred3-s0-q0/27870/1,cl-27870,cl,L',6.0,1.16,True,1.16,6.5706,0.208,1.1527893333333332,6.563389333333333,8.050000119954348
cl/v2-vred3-s0-q0/27870/1,cl-27870,cl,R,2.0,1.16,True,-0.84,4.3206,2.999,-2.3390001666666667,2.821599833333333,17.0500002540648
cl/v2-vred3-s0-q0/27870/1,cl-27870,cl,R,4.0,1.16,True,1.16,6.5706,0.0,1.16,6.5706,0.05000000074505806
cl/v2-vred3-s0-q0/27870/1,cl-27870,cl,R,6.0,1.16,True,1.16,6.5706,0.0,1.16,6.5706,0.05000000074505806
cl/v2-vred3-s0-q0/27870/1,cl-27870,cl,R',2.0,1.16,True,-0.84,5.510599999999999,1.925,-1.4576041666666666,4.892995833333332,16.550000246614218
cl/v2-vred3-s0-q0/27870/1,cl-27870,cl,R',4.0,1.16,True,1.16,6.5706,0.0,1.16,6.5706,0.05000000074505806
cl/v2-vred3-s0-q0/27870/1,cl-27870,cl,R',6.0,1.16,True,1.16,6.5706,0.0,1.16,6.5706,0.05000000074505806
cl/v2-vred3-s0-q1/15102/1,cl-15102,cl,U,2.0,2.16,False,,,,,,
cl/v2-vred3-s0-q1/15102/1,cl-15102,cl,U,4.0,2.16,False,,,,,,
cl/v2-vred3-s0-q1/15102/1,cl-15102,cl,U,6.0,2.16,False,,,,,,
cl/v2-vred3-s0-q1/15102/1,cl-15102,cl,U',2.0,2.16,False,,,,,,
cl/v2-vred3-s0-q1/15102/1,cl-15102,cl,U',4.0,2.16,False,,,,,,
cl/v2-vred3-s0-q1/15102/1,cl-15102,cl,U',6.0,2.16,False,,,,,,
cl/v2-vred3-s0-q1/15102/1,cl-15102,cl,L,2.0,2.16,True,2.16,2.1605999999999996,0.0,2.16,2.1605999999999996,0.5500000081956387
cl/v2-vred3-s0-q1/15102/1,cl-15102,cl,L,4.0,2.16,True,2.16,2.1605999999999996,0.0,2.16,2.1605999999999996,0.5500000081956387
cl/v2-vred3-s0-q1/15102/1,cl-15102,cl,L,6.0,2.16,True,2.16,2.1605999999999996,0.0,2.16,2.1605999999999996,0.05000000074505806
cl/v2-vred3-s0-q1/15102/1,cl-15102,cl,L',2.0,2.16,True,2.16,2.1605999999999996,0.0,2.16,2.1605999999999996,0.5500000081956387
cl/v2-vred3-s0-q1/15102/1,cl-15102,cl,L',4.0,2.16,True,2.16,2.1605999999999996,0.0,2.16,2.1605999999999996,0.5500000081956387
cl/v2-vred3-s0-q1/15102/1,cl-15102,cl,L',6.0,2.16,True,2.16,2.1605999999999996,0.0,2.16,2.1605999999999996,0.05000000074505806
cl/v2-vred3-s0-q1/15102/1,cl-15102,cl,R,2.0,2.16,True,2.16,1.9205999999999994,0.475,2.1223958333333335,1.8829958333333328,13.050000194460154
cl/v2-vred3-s0-q1/15102/1,cl-15102,cl,R,4.0,2.16,True,2.16,2.1605999999999996,0.0,2.16,2.1605999999999996,0.05000000074505806
cl/v2-vred3-s0-q1/15102/1,cl-15102,cl,R,6.0,2.16,True,2.16,2.1605999999999996,0.0,2.16,2.1605999999999996,0.05000000074505806
cl/v2-vred3-s0-q1/15102/1,cl-15102,cl,R',2.0,2.16,True,2.16,2.1605999999999996,1.163,1.9345718333333335,1.935171833333333,6.050000090152025
cl/v2-vred3-s0-q1/15102/1,cl-15102,cl,R',4.0,2.16,True,2.16,2.1605999999999996,0.0,2.16,2.1605999999999996,0.05000000074505806
cl/v2-vred3-s0-q1/15102/1,cl-15102,cl,R',6.0,2.16,True,2.16,2.1605999999999996,0.0,2.16,2.1605999999999996,0.05000000074505806
cl/v2-vred3-s0-q1/15612/1,cl-15612,cl,U,2.0,2.16,False,,,,,,
cl/v2-vred3-s0-q1/15612/1,cl-15612,cl,U,4.0,2.16,True,2.16,6.280599999999999,1.198,1.9207993333333335,6.041399333333332,6.550000097602606
cl/v2-vred3-s0-q1/15612/1,cl-15612,cl,U,6.0,2.16,True,2.16,6.280599999999999,0.0,2.16,6.280599999999999,0.05000000074505806
cl/v2-vred3-s0-q1/15612/1,cl-15612,cl,U',2.0,2.16,False,,,,,,
cl/v2-vred3-s0-q1/15612/1,cl-15612,cl,U',4.0,2.16,True,2.16,6.280599999999999,1.198,1.9207993333333335,6.041399333333332,6.550000097602606
cl/v2-vred3-s0-q1/15612/1,cl-15612,cl,U',6.0,2.16,True,2.16,6.280599999999999,0.0,2.16,6.280599999999999,0.05000000074505806
cl/v2-vred3-s0-q1/15612/1,cl-15612,cl,L,2.0,2.16,True,2.16,6.280599999999999,0.0,2.16,6.280599999999999,0.05000000074505806
cl/v2-vred3-s0-q1/15612/1,cl-15612,cl,L,4.0,2.16,True,2.16,6.280599999999999,0.0,2.16,6.280599999999999,0.05000000074505806
cl/v2-vred3-s0-q1/15612/1,cl-15612,cl,L,6.0,2.16,True,2.16,6.280599999999999,0.0,2.16,6.280599999999999,0.05000000074505806
cl/v2-vred3-s0-q1/15612/1,cl-15612,cl,L',2.0,2.16,True,2.16,6.280599999999999,0.0,2.16,6.280599999999999,0.05000000074505806
cl/v2-vred3-s0-q1/15612/1,cl-15612,cl,L',4.0,2.16,True,2.16,6.280599999999999,0.0,2.16,6.280599999999999,0.05000000074505806
cl/v2-vred3-s0-q1/15612/1,cl-15612,cl,L',6.0,2.16,True,2.16,6.280599999999999,0.0,2.16,6.280599999999999,0.05000000074505806
cl/v2-vred3-s0-q1/15612/1,cl-15612,cl,R,2.0,2.16,True,2.16,5.8006,0.367,2.1375518333333337,5.778151833333333,15.050000224262476
cl/v2-vred3-s0-q1/15612/1,cl-15612,cl,R,4.0,2.16,True,2.16,6.280599999999999,0.0,2.16,6.280599999999999,0.05000000074505806
cl/v2-vred3-s0-q1/15612/1,cl-15612,cl,R,6.0,2.16,True,2.16,6.280599999999999,0.0,2.16,6.280599999999999,0.05000000074505806
cl/v2-vred3-s0-q1/15612/1,cl-15612,cl,R',2.0,2.16,True,2.16,5.8006,0.367,2.1375518333333337,5.778151833333333,15.050000224262476
cl/v2-vred3-s0-q1/15612/1,cl-15612,cl,R',4.0,2.16,True,2.16,6.280599999999999,0.0,2.16,6.280599999999999,0.05000000074505806
cl/v2-vred3-s0-q1/15612/1,cl-15612,cl,R',6.0,2.16,True,2.16,6.280599999999999,0.0,2.16,6.280599999999999,0.05000000074505806
cl/v2-vred3-s0-q1/16390/1,cl-16390,cl,U,2.0,2.16,False,,,,,,
cl/v2-vred3-s0-q1/16390/1,cl-16390,cl,U,4.0,2.16,False,,,,,,
cl/v2-vred3-s0-q1/16390/1,cl-16390,cl,U,6.0,2.16,False,,,,,,
cl/v2-vred3-s0-q1/16390/1,cl-16390,cl,U',2.0,2.16,False,,,,,,
cl/v2-vred3-s0-q1/16390/1,cl-16390,cl,U',4.0,2.16,True,-1.84,2.5505999999999993,4.333,-4.969148166666667,-0.5785481666666676,7.550000112503767
cl/v2-vred3-s0-q1/16390/1,cl-16390,cl,U',6.0,2.16,True,2.16,5.6306,2.16,1.3824,4.853,6.550000097602606
cl/v2-vred3-s0-q1/16390/1,cl-16390,cl,L,2.0,2.16,True,2.16,5.6306,0.0,2.16,5.6306,0.05000000074505806
cl/v2-vred3-s0-q1/16390/1,cl-16390,cl,L,4.0,2.16,True,2.16,5.6306,0.0,2.16,5.6306,0.05000000074505806
cl/v2-vred3-s0-q1/16390/1,cl-16390,cl,L,6.0,2.16,True,2.16,5.6306,0.0,2.16,5.6306,0.05000000074505806
cl/v2-vred3-s0-q1/16390/1,cl-16390,cl,L',2.0,2.16,True,2.16,5.6306,0.0,2.16,5.6306,0.05000000074505806
cl/v2-vred3-s0-q1/16390/1,cl-16390,cl,L',4.0,2.16,True,2.16,5.6306,0.0,2.16,5.6306,0.05000000074505806
cl/v2-vred3-s0-q1/16390/1,cl-16390,cl,L',6.0,2.16,True,2.16,5.6306,0.0,2.16,5.6306,0.05000000074505806
cl/v2-vred3-s0-q1/16390/1,cl-16390,cl,R,2.0,2.16,True,2.16,5.6306,0.0,2.16,5.6306,0.05000000074505806
cl/v2-vred3-s0-q1/16390/1,cl-16390,cl,R,4.0,2.16,True,2.16,5.6306,0.0,2.16,5.6306,0.05000000074505806
cl/v2-vred3-s0-q1/16390/1,cl-16390,cl,R,6.0,2.16,True,2.16,5.6306,0.0,2.16,5.6306,0.05000000074505806
cl/v2-vred3-s0-q1/16390/1,cl-16390,cl,R',2.0,2.16,True,2.16,5.6306,0.0,2.16,5.6306,0.05000000074505806
cl/v2-vred3-s0-q1/16390/1,cl-16390,cl,R',4.0,2.16,True,2.16,5.6306,0.0,2.16,5.6306,0.05000000074505806
cl/v2-vred3-s0-q1/16390/1,cl-16390,cl,R',6.0,2.16,True,2.16,5.6306,0.0,2.16,5.6306,0.05000000074505806
cl/v2-vred3-s0-q1/24944/1,cl-24944,cl,U,2.0,65.82,True,12.16,,4.821,8.286326500000001,,95.05000141635537
cl/v2-vred3-s0-q1/24944/1,cl-24944,cl,U,4.0,65.82,True,1.16,11.410599999999999,0.24,1.1503999999999999,11.400999999999998,56.550000842660666
cl/v2-vred3-s0-q1/24944/1,cl-24944,cl,U,6.0,65.82,True,1.16,11.410599999999999,0.24,1.1503999999999999,11.400999999999998,56.550000842660666
cl/v2-vred3-s0-q1/24944/1,cl-24944,cl,U',2.0,65.82,True,12.16,,4.821,8.286326500000001,,95.05000141635537
cl/v2-vred3-s0-q1/24944/1,cl-24944,cl,U',4.0,65.82,True,1.16,11.410599999999999,0.24,1.1503999999999999,11.400999999999998,56.550000842660666
cl/v2-vred3-s0-q1/24944/1,cl-24944,cl,U',6.0,65.82,True,1.16,11.410599999999999,0.24,1.1503999999999999,11.400999999999998,56.550000842660666
cl/v2-vred3-s0-q1/24944/1,cl-24944,cl,L,2.0,65.82,True,1.16,11.410599999999999,0.24,1.1503999999999999,11.400999999999998,56.550000842660666
cl/v2-vred3-s0-q1/24944/1,cl-24944,cl,L,4.0,65.82,True,1.16,11.410599999999999,0.24,1.1503999999999999,11.400999999999998,56.550000842660666
cl/v2-vred3-s0-q1/24944/1,cl-24944,cl,L,6.0,65.82,True,1.16,11.410599999999999,0.24,1.1503999999999999,11.400999999999998,56.550000842660666
cl/v2-vred3-s0-q1/24944/1,cl-24944,cl,L',2.0,65.82,True,1.16,11.410599999999999,0.24,1.1503999999999999,11.400999999999998,56.550000842660666
cl/v2-vred3-s0-q1/24944/1,cl-24944,cl,L',4.0,65.82,True,1.16,11.410599999999999,0.24,1.1503999999999999,11.400999999999998,56.550000842660666
cl/v2-vred3-s0-q1/24944/1,cl-24944,cl,L',6.0,65.82,True,1.16,11.410599999999999,0.24,1.1503999999999999,11.400999999999998,56.550000842660666
cl/v2-vred3-s0-q1/24944/1,cl-24944,cl,R,2.0,65.82,True,49.09,1.8705999999999996,4.8,45.25,-1.9694000000000003,79.55000118538737
cl/v2-vred3-s0-q1/24944/1,cl-24944,cl,R,4.0,65.82,True,49.09,1.8705999999999996,4.8,45.25,-1.9694000000000003,79.55000118538737
cl/v2-vred3-s0-q1/24944/1,cl-24944,cl,R,6.0,65.82,True,-1.84,8.040600000000001,3.078,-3.4190139999999998,6.461586000000001,78.05000116303563
cl/v2-vred3-s0-q1/24944/1,cl-24944,cl,R',2.0,65.82,True,49.09,1.8705999999999996,4.8,45.25,-1.9694000000000003,79.55000118538737
cl/v2-vred3-s0-q1/24944/1,cl-24944,cl,R',4.0,65.82,True,-1.84,8.040600000000001,3.078,-3.4190139999999998,6.461586000000001,78.05000116303563
cl/v2-vred3-s0-q1/24944/1,cl-24944,cl,R',6.0,65.82,True,-0.84,9.360599999999998,2.251,-1.6845001666666666,8.516099833333332,77.55000115558505
cl/v2-vred3-s0-q1/27297/1,cl-27297,cl,U,2.0,18.59,False,,,,,,
cl/v2-vred3-s0-q1/27297/1,cl-27297,cl,U,4.0,18.59,False,,,,,,
cl/v2-vred3-s0-q1/27297/1,cl-27297,cl,U,6.0,18.59,False,,,,,,
cl/v2-vred3-s0-q1/27297/1,cl-27297,cl,U',2.0,18.59,False,,,,,,
cl/v2-vred3-s0-q1/27297/1,cl-27297,cl,U',4.0,18.59,False,,,,,,
cl/v2-vred3-s0-q1/27297/1,cl-27297,cl,U',6.0,18.59,False,,,,,,
cl/v2-vred3-s0-q1/27297/1,cl-27297,cl,L,2.0,18.59,True,2.28,6.530599999999999,3.289,0.47707983333333304,4.727679833333332,10.55000015720725
cl/v2-vred3-s0-q1/27297/1,cl-27297,cl,L,4.0,18.59,True,2.28,6.530599999999999,3.289,0.47707983333333304,4.727679833333332,10.55000015720725
cl/v2-vred3-s0-q1/27297/1,cl-27297,cl,L,6.0,18.59,True,2.28,6.530599999999999,3.289,0.47707983333333304,4.727679833333332,10.55000015720725
cl/v2-vred3-s0-q1/27297/1,cl-27297,cl,L',2.0,18.59,True,2.28,6.530599999999999,3.289,0.47707983333333304,4.727679833333332,10.55000015720725
cl/v2-vred3-s0-q1/27297/1,cl-27297,cl,L',4.0,18.59,True,2.28,6.530599999999999,3.289,0.47707983333333304,4.727679833333332,10.55000015720725
cl/v2-vred3-s0-q1/27297/1,cl-27297,cl,L',6.0,18.59,True,2.28,6.530599999999999,3.289,0.47707983333333304,4.727679833333332,10.55000015720725
cl/v2-vred3-s0-q1/27297/1,cl-27297,cl,R,2.0,18.59,True,1.26,5.350599999999999,1.913,0.6500718333333333,4.740671833333332,11.050000164657831
cl/v2-vred3-s0-q1/27297/1,cl-27297,cl,R,4.0,18.59,True,2.28,6.530599999999999,3.289,0.47707983333333304,4.727679833333332,10.55000015720725
cl/v2-vred3-s0-q1/27297/1,cl-27297,cl,R,6.0,18.59,True,4.32,8.5506,4.429,1.050659833333333,5.281259833333332,10.05000014975667
cl/v2-vred3-s0-q1/27297/1,cl-27297,cl,R',2.0,18.59,True,4.32,8.5506,4.429,1.050659833333333,5.281259833333332,10.05000014975667
cl/v2-vred3-s0-q1/27297/1,cl-27297,cl,R',4.0,18.59,True,6.36,10.7806,4.447,3.064031833333334,7.484631833333333,9.55000014230609
cl/v2-vred3-s0-q1/27297/1,cl-27297,cl,R',6.0,18.59,True,8.4,13.1706,4.499,5.026499833333334,9.797099833333334,9.050000134855509
cl/v2-vred3-s0-q2/15483/1,cl-15483,cl,U,2.0,2.16,False,,,,,,
cl/v2-vred3-s0-q2/15483/1,cl-15483,cl,U,4.0,2.16,True,2.16,5.850599999999999,0.0,2.16,5.850599999999999,0.05000000074505806
cl/v2-vred3-s0-q2/15483/1,cl-15483,cl,U,6.0,2.16,True,2.16,5.850599999999999,0.0,2.16,5.850599999999999,0.05000000074505806
cl/v2-vred3-s0-q2/15483/1,cl-15483,cl,U',2.0,2.16,False,,,,,,
cl/v2-vred3-s0-q2/15483/1,cl-15483,cl,U',4.0,2.16,True,2.16,5.850599999999999,0.0,2.16,5.850599999999999,0.05000000074505806
cl/v2-vred3-s0-q2/15483/1,cl-15483,cl,U',6.0,2.16,True,2.16,5.850599999999999,0.0,2.16,5.850599999999999,0.05000000074505806
cl/v2-vred3-s0-q2/15483/1,cl-15483,cl,L,2.0,2.16,True,2.16,5.850599999999999,0.0,2.16,5.850599999999999,0.05000000074505806
cl/v2-vred3-s0-q2/15483/1,cl-15483,cl,L,4.0,2.16,True,2.16,5.850599999999999,0.0,2.16,5.850599999999999,0.05000000074505806
cl/v2-vred3-s0-q2/15483/1,cl-15483,cl,L,6.0,2.16,True,2.16,5.850599999999999,0.0,2.16,5.850599999999999,0.05000000074505806
cl/v2-vred3-s0-q2/15483/1,cl-15483,cl,L',2.0,2.16,True,2.16,5.850599999999999,0.0,2.16,5.850599999999999,0.05000000074505806
cl/v2-vred3-s0-q2/15483/1,cl-15483,cl,L',4.0,2.16,True,2.16,5.850599999999999,0.0,2.16,5.850599999999999,0.05000000074505806
cl/v2-vred3-s0-q2/15483/1,cl-15483,cl,L',6.0,2.16,True,2.16,5.850599999999999,0.0,2.16,5.850599999999999,0.05000000074505806
cl/v2-vred3-s0-q2/15483/1,cl-15483,cl,R,2.0,2.16,True,2.16,5.840599999999999,0.76,2.0637333333333334,5.744333333333333,11.550000172108412
cl/v2-vred3-s0-q2/15483/1,cl-15483,cl,R,4.0,2.16,True,2.16,5.850599999999999,0.0,2.16,5.850599999999999,0.05000000074505806
cl/v2-vred3-s0-q2/15483/1,cl-15483,cl,R,6.0,2.16,True,2.16,5.850599999999999,0.0,2.16,5.850599999999999,0.05000000074505806
cl/v2-vred3-s0-q2/15483/1,cl-15483,cl,R',2.0,2.16,True,2.16,5.850599999999999,0.47,2.1231833333333334,5.813783333333332,6.050000090152025
cl/v2-vred3-s0-q2/15483/1,cl-15483,cl,R',4.0,2.16,True,2.16,5.850599999999999,0.0,2.16,5.850599999999999,0.05000000074505806
cl/v2-vred3-s0-q2/15483/1,cl-15483,cl,R',6.0,2.16,True,2.16,5.850599999999999,0.0,2.16,5.850599999999999,0.05000000074505806
cl/v2-vred3-s0-q2/15483/2,cl-15483,cl,U,2.0,2.16,False,,,,,,
cl/v2-vred3-s0-q2/15483/2,cl-15483,cl,U,4.0,2.16,True,2.16,5.850599999999999,0.0,2.16,5.850599999999999,0.05000000074505806
cl/v2-vred3-s0-q2/15483/2,cl-15483,cl,U,6.0,2.16,True,2.16,5.850599999999999,0.0,2.16,5.850599999999999,0.05000000074505806
cl/v2-vred3-s0-q2/15483/2,cl-15483,cl,U',2.0,2.16,False,,,,,,
cl/v2-vred3-s0-q2/15483/2,cl-15483,cl,U',4.0,2.16,True,2.16,5.850599999999999,0.0,2.16,5.850599999999999,0.05000000074505806
cl/v2-vred3-s0-q2/15483/2,cl-15483,cl,U',6.0,2.16,True,2.16,5.850599999999999,0.0,2.16,5.850599999999999,0.05000000074505806
cl/v2-vred3-s0-q2/15483/2,cl-15483,cl,L,2.0,2.16,True,2.16,5.850599999999999,0.0,2.16,5.850599999999999,0.05000000074505806
cl/v2-vred3-s0-q2/15483/2,cl-15483,cl,L,4.0,2.16,True,2.16,5.850599999999999,0.0,2.16,5.850599999999999,0.05000000074505806
cl/v2-vred3-s0-q2/15483/2,cl-15483,cl,L,6.0,2.16,True,2.16,5.850599999999999,0.0,2.16,5.850599999999999,0.05000000074505806
cl/v2-vred3-s0-q2/15483/2,cl-15483,cl,L',2.0,2.16,True,2.16,5.850599999999999,0.0,2.16,5.850599999999999,0.05000000074505806
cl/v2-vred3-s0-q2/15483/2,cl-15483,cl,L',4.0,2.16,True,2.16,5.850599999999999,0.0,2.16,5.850599999999999,0.05000000074505806
cl/v2-vred3-s0-q2/15483/2,cl-15483,cl,L',6.0,2.16,True,2.16,5.850599999999999,0.0,2.16,5.850599999999999,0.05000000074505806
cl/v2-vred3-s0-q2/15483/2,cl-15483,cl,R,2.0,2.16,True,2.16,5.7906,0.022,2.1599193333333333,5.790519333333334,9.55000014230609
cl/v2-vred3-s0-q2/15483/2,cl-15483,cl,R,4.0,2.16,True,2.16,5.850599999999999,0.0,2.16,5.850599999999999,0.05000000074505806
cl/v2-vred3-s0-q2/15483/2,cl-15483,cl,R,6.0,2.16,True,2.16,5.850599999999999,0.0,2.16,5.850599999999999,0.05000000074505806
cl/v2-vred3-s0-q2/15483/2,cl-15483,cl,R',2.0,2.16,True,2.16,5.850599999999999,0.47,2.1231833333333334,5.813783333333332,6.050000090152025
cl/v2-vred3-s0-q2/15483/2,cl-15483,cl,R',4.0,2.16,True,2.16,5.850599999999999,0.0,2.16,5.850599999999999,0.05000000074505806
cl/v2-vred3-s0-q2/15483/2,cl-15483,cl,R',6.0,2.16,True,2.16,5.850599999999999,0.0,2.16,5.850599999999999,0.05000000074505806
cl/v2-vred3-s0-q2/16508/1,cl-16508,cl,U,2.0,2.16,False,,,,,,
cl/v2-vred3-s0-q2/16508/1,cl-16508,cl,U,4.0,2.16,False,,,,,,
cl/v2-vred3-s0-q2/16508/1,cl-16508,cl,U,6.0,2.16,False,,,,,,
cl/v2-vred3-s0-q2/16508/1,cl-16508,cl,U',2.0,2.16,False,,,,,,
cl/v2-vred3-s0-q2/16508/1,cl-16508,cl,U',4.0,2.16,False,,,,,,
cl/v2-vred3-s0-q2/16508/1,cl-16508,cl,U',6.0,2.16,False,,,,,,
cl/v2-vred3-s0-q2/16508/1,cl-16508,cl,L,2.0,2.16,True,2.16,7.930599999999999,0.0,2.16,7.930599999999999,0.05000000074505806
cl/v2-vred3-s0-q2/16508/1,cl-16508,cl,L,4.0,2.16,True,2.16,7.930599999999999,0.0,2.16,7.930599999999999,0.05000000074505806
cl/v2-vred3-s0-q2/16508/1,cl-16508,cl,L,6.0,2.16,True,2.16,7.930599999999999,0.0,2.16,7.930599999999999,0.05000000074505806
cl/v2-vred3-s0-q2/16508/1,cl-16508,cl,L',2.0,2.16,True,2.16,7.930599999999999,0.0,2.16,7.930599999999999,0.05000000074505806
cl/v2-vred3-s0-q2/16508/1,cl-16508,cl,L',4.0,2.16,True,2.16,7.930599999999999,0.0,2.16,7.930599999999999,0.05000000074505806
cl/v2-vred3-s0-q2/16508/1,cl-16508,cl,L',6.0,2.16,True,2.16,7.930599999999999,0.0,2.16,7.930599999999999,0.05000000074505806
cl/v2-vred3-s0-q2/16508/1,cl-16508,cl,R,2.0,2.16,True,1.16,6.930599999999999,3.469,-0.8456601666666665,4.924939833333333,7.050000105053186
cl/v2-vred3-s0-q2/16508/1,cl-16508,cl,R,4.0,2.16,True,2.16,7.930599999999999,0.0,2.16,7.930599999999999,0.05000000074505806
cl/v2-vred3-s0-q2/16508/1,cl-16508,cl,R,6.0,2.16,True,2.16,7.930599999999999,0.0,2.16,7.930599999999999,0.05000000074505806
cl/v2-vred3-s0-q2/16508/1,cl-16508,cl,R',2.0,2.16,True,2.16,7.930599999999999,2.172,1.373736,7.144335999999999,6.550000097602606
cl/v2-vred3-s0-q2/16508/1,cl-16508,cl,R',4.0,2.16,True,2.16,7.930599999999999,0.0,2.16,7.930599999999999,0.05000000074505806
cl/v2-vred3-s0-q2/16508/1,cl-16508,cl,R',6.0,2.16,True,2.16,7.930599999999999,0.0,2.16,7.930599999999999,0.05000000074505806
cl/v2-vred3-s0-q2/16529/1,cl-16529,cl,U,2.0,2.16,True,-1.84,1.7205999999999992,3.148,-3.4916506666666667,0.06894933333333242,32.5500004850328
cl/v2-vred3-s0-q2/16529/1,cl-16529,cl,U,4.0,2.16,True,2.16,4.8006,0.0,2.16,4.8006,12.550000187009573
cl/v2-vred3-s0-q2/16529/1,cl-16529,cl,U,6.0,2.16,True,2.16,5.610599999999999,0.457,2.1251918333333335,5.575791833333332,9.55000014230609
cl/v2-vred3-s0-q2/16529/1,cl-16529,cl,U',2.0,2.16,True,0.16,3.1906,2.304,-0.7247359999999998,2.305864,32.050000477582216
cl/v2-vred3-s0-q2/16529/1,cl-16529,cl,U',4.0,2.16,True,2.16,4.8006,0.0,2.16,4.8006,12.550000187009573
cl/v2-vred3-s0-q2/16529/1,cl-16529,cl,U',6.0,2.16,True,2.16,5.610599999999999,0.457,2.1251918333333335,5.575791833333332,9.55000014230609
cl/v2-vred3-s0-q2/16529/1,cl-16529,cl,L,2.0,2.16,True,2.16,5.8306,0.0,2.16,5.8306,0.05000000074505806
cl/v2-vred3-s0-q2/16529/1,cl-16529,cl,L,4.0,2.16,True,2.16,5.8306,0.0,2.16,5.8306,0.05000000074505806
cl/v2-vred3-s0-q2/16529/1,cl-16529,cl,L,6.0,2.16,True,2.16,5.8306,0.0,2.16,5.8306,0.05000000074505806
cl/v2-vred3-s0-q2/16529/1,cl-16529,cl,L',2.0,2.16,True,2.16,5.8306,0.0,2.16,5.8306,0.05000000074505806
cl/v2-vred3-s0-q2/16529/1,cl-16529,cl,L',4.0,2.16,True,2.16,5.8306,0.0,2.16,5.8306,0.05000000074505806
cl/v2-vred3-s0-q2/16529/1,cl-16529,cl,L',6.0,2.16,True,2.16,5.8306,0.0,2.16,5.8306,0.05000000074505806
cl/v2-vred3-s0-q2/16529/1,cl-16529,cl,R,2.0,2.16,True,2.16,5.8306,0.0,2.16,5.8306,0.05000000074505806
cl/v2-vred3-s0-q2/16529/1,cl-16529,cl,R,4.0,2.16,True,2.16,5.8306,0.0,2.16,5.8306,0.05000000074505806
cl/v2-vred3-s0-q2/16529/1,cl-16529,cl,R,6.0,2.16,True,2.16,5.8306,0.0,2.16,5.8306,0.05000000074505806
cl/v2-vred3-s0-q2/16529/1,cl-16529,cl,R',2.0,2.16,True,2.16,5.8306,0.0,2.16,5.8306,0.05000000074505806
cl/v2-vred3-s0-q2/16529/1,cl-16529,cl,R',4.0,2.16,True,2.16,5.8306,0.0,2.16,5.8306,0.05000000074505806
cl/v2-vred3-s0-q2/16529/1,cl-16529,cl,R',6.0,2.16,True,2.16,5.8306,0.0,2.16,5.8306,0.05000000074505806
cl/v2-vred3-s0-q2/28147/1,cl-28147,cl,U,2.0,16.32,False,,,,,,
cl/v2-vred3-s0-q2/28147/1,cl-28147,cl,U,4.0,16.32,False,,,,,,
cl/v2-vred3-s0-q2/28147/1,cl-28147,cl,U,6.0,16.32,False,,,,,,
cl/v2-vred3-s0-q2/28147/1,cl-28147,cl,U',2.0,16.32,False,,,,,,
cl/v2-vred3-s0-q2/28147/1,cl-28147,cl,U',4.0,16.32,False,,,,,,
cl/v2-vred3-s0-q2/28147/1,cl-28147,cl,U',6.0,16.32,False,,,,,,
cl/v2-vred3-s0-q2/28147/1,cl-28147,cl,L,2.0,16.32,True,10.32,14.7606,3.891,7.7966865,12.2372865,8.550000127404928
cl/v2-vred3-s0-q2/28147/1,cl-28147,cl,L,4.0,16.32,True,12.32,16.9206,4.191,9.3925865,13.9931865,8.050000119954348
cl/v2-vred3-s0-q2/28147/1,cl-28147,cl,L,6.0,16.32,True,16.32,21.8306,0.0,16.32,21.8306,1.5500000230967999
cl/v2-vred3-s0-q2/28147/1,cl-28147,cl,L',2.0,16.32,True,12.32,16.9206,4.191,9.3925865,13.9931865,8.050000119954348
cl/v2-vred3-s0-q2/28147/1,cl-28147,cl,L',4.0,16.32,True,14.32,19.0006,3.948,11.722216,16.402815999999998,7.550000112503767
cl/v2-vred3-s0-q2/28147/1,cl-28147,cl,L',6.0,16.32,True,16.32,21.8306,0.0,16.32,21.8306,1.5500000230967999
cl/v2-vred3-s0-q2/28147/1,cl-28147,cl,R,2.0,16.32,True,-0.84,4.520599999999999,1.66,-1.2992666666666666,4.061333333333333,20.550000306218863
cl/v2-vred3-s0-q2/28147/1,cl-28147,cl,R,4.0,16.32,True,1.16,6.280599999999999,2.131,0.4031398333333335,5.523739833333332,13.550000201910734
cl/v2-vred3-s0-q2/28147/1,cl-28147,cl,R,6.0,16.32,True,3.17,8.6006,2.244,2.3307439999999997,7.761343999999999,12.550000187009573
cl/v2-vred3-s0-q2/28147/1,cl-28147,cl,R',2.0,16.32,True,0.16,5.3106,1.741,-0.34518016666666673,4.805419833333334,14.050000209361315
cl/v2-vred3-s0-q2/28147/1,cl-28147,cl,R',4.0,16.32,True,2.16,7.520599999999999,2.363,1.2293718333333334,6.589971833333332,13.050000194460154
cl/v2-vred3-s0-q2/28147/1,cl-28147,cl,R',6.0,16.32,True,3.17,8.6006,2.244,2.3307439999999997,7.761343999999999,12.550000187009573
cl/v2-vred3-s0-q2/9196/1,cl-9196,cl,U,2.0,18.16,True,0.16,5.9606,2.677,-1.0343881666666668,4.766211833333333,32.050000477582216
cl/v2-vred3-s0-q2/9196/1,cl-9196,cl,U,4.0,18.16,True,1.16,6.9806,1.631,0.7166398333333333,6.5372398333333335,31.550000470131636
cl/v2-vred3-s0-q2/9196/1,cl-9196,cl,U,6.0,18.16,True,4.16,9.8906,1.896,3.560864,9.291464,18.55000027641654
cl/v2-vred3-s0-q2/9196/1,cl-9196,cl,U',2.0,18.16,True,0.16,5.9606,2.677,-1.0343881666666668,4.766211833333333,32.050000477582216
cl/v2-vred3-s0-q2/9196/1,cl-9196,cl,U',4.0,18.16,True,4.16,9.8906,1.896,3.560864,9.291464,18.55000027641654
cl/v2-vred3-s0-q2/9196/1,cl-9196,cl,U',6.0,18.16,True,4.16,9.8906,1.896,3.560864,9.291464,18.55000027641654
cl/v2-vred3-s0-q2/9196/1,cl-9196,cl,L,2.0,18.16,True,9.16,14.8006,2.71,7.935983333333334,13.576583333333332,16.550000246614218
cl/v2-vred3-s0-q2/9196/1,cl-9196,cl,L,4.0,18.16,True,10.16,16.1706,2.387,9.210371833333333,15.220971833333333,16.050000239163637
cl/v2-vred3-s0-q2/9196/1,cl-9196,cl,L,6.0,18.16,True,15.16,20.450599999999998,2.419,14.184739833333333,19.47533983333333,8.050000119954348
cl/v2-vred3-s0-q2/9196/1,cl-9196,cl,L',2.0,18.16,True,9.16,14.8006,2.71,7.935983333333334,13.576583333333332,16.550000246614218
cl/v2-vred3-s0-q2/9196/1,cl-9196,cl,L',4.0,18.16,True,10.16,16.1706,2.387,9.210371833333333,15.220971833333333,16.050000239163637
cl/v2-vred3-s0-q2/9196/1,cl-9196,cl,L',6.0,18.16,True,16.16,21.6206,2.562,15.066026,20.526626,7.550000112503767
cl/v2-vred3-s0-q2/9196/1,cl-9196,cl,R,2.0,18.16,True,1.16,6.9806,1.631,0.7166398333333333,6.5372398333333335,31.550000470131636
cl/v2-vred3-s0-q2/9196/1,cl-9196,cl,R,4.0,18.16,True,3.16,8.950599999999998,1.098,2.959066,8.749665999999998,25.050000373274088
cl/v2-vred3-s0-q2/9196/1,cl-9196,cl,R,6.0,18.16,True,5.16,10.8906,2.209,4.346719833333333,10.077319833333332,18.05000026896596
cl/v2-vred3-s0-q2/9196/1,cl-9196,cl,R',2.0,18.16,True,1.16,6.9806,1.631,0.7166398333333333,6.5372398333333335,31.550000470131636
cl/v2-vred3-s0-q2/9196/1,cl-9196,cl,R',4.0,18.16,True,3.16,8.950599999999998,1.098,2.959066,8.749665999999998,25.050000373274088
cl/v2-vred3-s0-q2/9196/1,cl-9196,cl,R',6.0,18.16,True,6.16,12.1206,2.495,5.122495833333334,11.083095833333333,17.55000026151538
cl/v2-vred3-s1-q0/27043/1,cl-27043,cl,U,2.0,23.16,True,,-3.5394000000000005,4.246,,-6.544152666666667,18.05000026896596
cl/v2-vred3-s1-q0/27043/1,cl-27043,cl,U,4.0,23.16,True,,-3.5394000000000005,4.246,,-6.544152666666667,18.05000026896596
cl/v2-vred3-s1-q0/27043/1,cl-27043,cl,U,6.0,23.16,True,,-3.5394000000000005,4.246,,-6.544152666666667,18.05000026896596
cl/v2-vred3-s1-q0/27043/1,cl-27043,cl,U',2.0,23.16,True,,-3.5394000000000005,4.246,,-6.544152666666667,18.05000026896596
cl/v2-vred3-s1-q0/27043/1,cl-27043,cl,U',4.0,23.16,True,,-3.5394000000000005,4.246,,-6.544152666666667,18.05000026896596
cl/v2-vred3-s1-q0/27043/1,cl-27043,cl,U',6.0,23.16,True,,-3.5394000000000005,4.246,,-6.544152666666667,18.05000026896596
cl/v2-vred3-s1-q0/27043/1,cl-27043,cl,L,2.0,23.16,True,18.16,22.270599999999998,4.406,14.924527333333334,19.03512733333333,8.050000119954348
cl/v2-vred3-s1-q0/27043/1,cl-27043,cl,L,4.0,23.16,True,18.16,22.270599999999998,4.406,14.924527333333334,19.03512733333333,8.050000119954348
cl/v2-vred3-s1-q0/27043/1,cl-27043,cl,L,6.0,23.16,True,18.16,22.270599999999998,4.406,14.924527333333334,19.03512733333333,8.050000119954348
cl/v2-vred3-s1-q0/27043/1,cl-27043,cl,L',2.0,23.16,True,18.16,22.270599999999998,4.406,14.924527333333334,19.03512733333333,8.050000119954348
cl/v2-vred3-s1-q0/27043/1,cl-27043,cl,L',4.0,23.16,True,18.16,22.270599999999998,4.406,14.924527333333334,19.03512733333333,8.050000119954348
cl/v2-vred3-s1-q0/27043/1,cl-27043,cl,L',6.0,23.16,True,18.16,22.270599999999998,4.406,14.924527333333334,19.03512733333333,8.050000119954348
cl/v2-vred3-s1-q0/27043/1,cl-27043,cl,R,2.0,23.16,True,1.16,5.700599999999999,3.251,-0.6015001666666668,3.939099833333332,16.050000239163637
cl/v2-vred3-s1-q0/27043/1,cl-27043,cl,R,4.0,23.16,True,4.16,7.780599999999999,1.369,3.8476398333333335,7.468239833333332,15.050000224262476
cl/v2-vred3-s1-q0/27043/1,cl-27043,cl,R,6.0,23.16,True,5.16,9.0506,1.938,4.534026,8.424626,12.050000179558992
cl/v2-vred3-s1-q0/27043/1,cl-27043,cl,R',2.0,23.16,True,1.16,5.700599999999999,3.251,-0.6015001666666668,3.939099833333332,16.050000239163637
cl/v2-vred3-s1-q0/27043/1,cl-27043,cl,R',4.0,23.16,True,4.16,7.780599999999999,1.369,3.8476398333333335,7.468239833333332,15.050000224262476
cl/v2-vred3-s1-q0/27043/1,cl-27043,cl,R',6.0,23.16,True,6.16,10.130600000000001,2.158,5.383839333333333,9.354439333333335,11.550000172108412
cl/v2-vred3-s1-q0/27870/1,cl-27870,cl,U,2.0,1.16,False,,,,,,
cl/v2-vred3-s1-q0/27870/1,cl-27870,cl,U,4.0,1.16,False,,,,,,
cl/v2-vred3-s1-q0/27870/1,cl-27870,cl,U,6.0,1.16,False,,,,,,
cl/v2-vred3-s1-q0/27870/1,cl-27870,cl,U',2.0,1.16,False,,,,,,
cl/v2-vred3-s1-q0/27870/1,cl-27870,cl,U',4.0,1.16,False,,,,,,
cl/v2-vred3-s1-q0/27870/1,cl-27870,cl,U',6.0,1.16,False,,,,,,
cl/v2-vred3-s1-q0/27870/1,cl-27870,cl,L,2.0,1.16,True,1.16,6.5706,0.141,1.1566865,6.5672865,15.550000231713057
cl/v2-vred3-s1-q0/27870/1,cl-27870,cl,L,4.0,1.16,True,1.16,6.5706,0.141,1.1566865,6.5672865,15.550000231713057
cl/v2-vred3-s1-q0/27870/1,cl-27870,cl,L,6.0,1.16,True,1.16,6.5706,0.141,1.1566865,6.5672865,15.550000231713057
cl/v2-vred3-s1-q0/27870/1,cl-27870,cl,L',2.0,1.16,True,1.16,6.5706,0.141,1.1566865,6.5672865,15.550000231713057
cl/v2-vred3-s1-q0/27870/1,cl-27870,cl,L',4.0,1.16,True,1.16,6.5706,0.141,1.1566865,6.5672865,15.550000231713057
cl/v2-vred3-s1-q0/27870/1,cl-27870,cl,L',6.0,1.16,True,1.16,6.5706,0.141,1.1566865,6.5672865,15.550000231713057
cl/v2-vred3-s1-q0/27870/1,cl-27870,cl,R,2.0,1.16,True,-0.84,4.3006,3.035,-2.375204166666667,2.7653958333333337,17.0500002540648
cl/v2-vred3-s1-q0/27870/1,cl-27870,cl,R,4.0,1.16,True,1.16,6.5706,0.0,1.16,6.5706,0.05000000074505806
cl/v2-vred3-s1-q0/27870/1,cl-27870,cl,R,6.0,1.16,True,1.16,6.5706,0.0,1.16,6.5706,0.05000000074505806
cl/v2-vred3-s1-q0/27870/1,cl-27870,cl,R',2.0,1.16,True,-0.84,5.5005999999999995,1.929,-1.4601735,4.8804265,16.550000246614218
cl/v2-vred3-s1-q0/27870/1,cl-27870,cl,R',4.0,1.16,True,1.16,6.5706,0.0,1.16,6.5706,0.05000000074505806
cl/v2-vred3-s1-q0/27870/1,cl-27870,cl,R',6.0,1.16,True,1.16,6.5706,0.0,1.16,6.5706,0.05000000074505806
cl/v2-vred3-s1-q1/15102/1,cl-15102,cl,U,2.0,2.16,False,,,,,,
cl/v2-vred3-s1-q1/15102/1,cl-15102,cl,U,4.0,2.16,False,,,,,,
cl/v2-vred3-s1-q1/15102/1,cl-15102,cl,U,6.0,2.16,False,,,,,,
cl/v2-vred3-s1-q1/15102/1,cl-15102,cl,U',2.0,2.16,False,,,,,,
cl/v2-vred3-s1-q1/15102/1,cl-15102,cl,U',4.0,2.16,False,,,,,,
cl/v2-vred3-s1-q1/15102/1,cl-15102,cl,U',6.0,2.16,False,,,,,,
cl/v2-vred3-s1-q1/15102/1,cl-15102,cl,L,2.0,2.16,True,2.16,2.1605999999999996,0.0,2.16,2.1605999999999996,0.5500000081956387
cl/v2-vred3-s1-q1/15102/1,cl-15102,cl,L,4.0,2.16,True,2.16,2.1605999999999996,0.0,2.16,2.1605999999999996,0.5500000081956387
cl/v2-vred3-s1-q1/15102/1,cl-15102,cl,L,6.0,2.16,True,2.16,2.1605999999999996,0.0,2.16,2.1605999999999996,0.05000000074505806
cl/v2-vred3-s1-q1/15102/1,cl-15102,cl,L',2.0,2.16,True,2.16,2.1605999999999996,0.0,2.16,2.1605999999999996,0.5500000081956387
cl/v2-vred3-s1-q1/15102/1,cl-15102,cl,L',4.0,2.16,True,2.16,2.1605999999999996,0.0,2.16,2.1605999999999996,0.5500000081956387
cl/v2-vred3-s1-q1/15102/1,cl-15102,cl,L',6.0,2.16,True,2.16,2.1605999999999996,0.0,2.16,2.1605999999999996,0.05000000074505806
cl/v2-vred3-s1-q1/15102/1,cl-15102,cl,R,2.0,2.16,True,2.16,1.9205999999999994,0.475,2.1223958333333335,1.8829958333333328,13.050000194460154
cl/v2-vred3-s1-q1/15102/1,cl-15102,cl,R,4.0,2.16,True,2.16,2.1605999999999996,0.0,2.16,2.1605999999999996,0.05000000074505806
cl/v2-vred3-s1-q1/15102/1,cl-15102,cl,R,6.0,2.16,True,2.16,2.1605999999999996,0.0,2.16,2.1605999999999996,0.05000000074505806
cl/v2-vred3-s1-q1/15102/1,cl-15102,cl,R',2.0,2.16,True,2.16,2.1605999999999996,1.163,1.9345718333333335,1.935171833333333,6.050000090152025
cl/v2-vred3-s1-q1/15102/1,cl-15102,cl,R',4.0,2.16,True,2.16,2.1605999999999996,0.0,2.16,2.1605999999999996,0.05000000074505806
cl/v2-vred3-s1-q1/15102/1,cl-15102,cl,R',6.0,2.16,True,2.16,2.1605999999999996,0.0,2.16,2.1605999999999996,0.05000000074505806
cl/v2-vred3-s1-q1/15612/1,cl-15612,cl,U,2.0,2.16,True,1.16,5.7206,0.603,1.0993985,5.6599985,14.050000209361315
cl/v2-vred3-s1-q1/15612/1,cl-15612,cl,U,4.0,2.16,True,2.16,6.280599999999999,1.198,1.9207993333333335,6.041399333333332,6.550000097602606
cl/v2-vred3-s1-q1/15612/1,cl-15612,cl,U,6.0,2.16,True,2.16,6.280599999999999,0.0,2.16,6.280599999999999,0.05000000074505806
cl/v2-vred3-s1-q1/15612/1,cl-15612,cl,U',2.0,2.16,True,1.16,5.7206,0.603,1.0993985,5.6599985,14.050000209361315
cl/v2-vred3-s1-q1/15612/1,cl-15612,cl,U',4.0,2.16,True,2.16,6.280599999999999,1.198,1.9207993333333335,6.041399333333332,6.550000097602606
cl/v2-vred3-s1-q1/15612/1,cl-15612,cl,U',6.0,2.16,True,2.16,6.280599999999999,0.0,2.16,6.280599999999999,0.05000000074505806
cl/v2-vred3-s1-q1/15612/1,cl-15612,cl,L,2.0,2.16,True,2.16,6.280599999999999,0.0,2.16,6.280599999999999,0.05000000074505806
cl/v2-vred3-s1-q1/15612/1,cl-15612,cl,L,4.0,2.16,True,2.16,6.280599999999999,0.0,2.16,6.280599999999999,0.05000000074505806
cl/v2-vred3-s1-q1/15612/1,cl-15612,cl,L,6.0,2.16,True,2.16,6.280599999999999,0.0,2.16,6.280599999999999,0.05000000074505806
cl/v2-vred3-s1-q1/15612/1,cl-15612,cl,L',2.0,2.16,True,2.16,6.280599999999999,0.0,2.16,6.280599999999999,0.05000000074505806
cl/v2-vred3-s1-q1/15612/1,cl-15612,cl,L',4.0,2.16,True,2.16,6.280599999999999,0.0,2.16,6.280599999999999,0.05000000074505806
cl/v2-vred3-s1-q1/15612/1,cl-15612,cl,L',6.0,2.16,True,2.16,6.280599999999999,0.0,2.16,6.280599999999999,0.05000000074505806
cl/v2-vred3-s1-q1/15612/1,cl-15612,cl,R,2.0,2.16,True,1.16,5.8306,0.246,1.1499139999999999,5.820513999999999,12.050000179558992
cl/v2-vred3-s1-q1/15612/1,cl-15612,cl,R,4.0,2.16,True,2.16,6.280599999999999,0.0,2.16,6.280599999999999,0.05000000074505806
cl/v2-vred3-s1-q1/15612/1,cl-15612,cl,R,6.0,2.16,True,2.16,6.280599999999999,0.0,2.16,6.280599999999999,0.05000000074505806
cl/v2-vred3-s1-q1/15612/1,cl-15612,cl,R',2.0,2.16,True,1.16,5.8306,0.246,1.1499139999999999,5.820513999999999,12.050000179558992
cl/v2-vred3-s1-q1/15612/1,cl-15612,cl,R',4.0,2.16,True,2.16,6.280599999999999,0.0,2.16,6.280599999999999,0.05000000074505806
cl/v2-vred3-s1-q1/15612/1,cl-15612,cl,R',6.0,2.16,True,2.16,6.280599999999999,0.0,2.16,6.280599999999999,0.05000000074505806
cl/v2-vred3-s1-q1/16390/1,cl-16390,cl,U,2.0,2.16,False,,,,,,
cl/v2-vred3-s1-q1/16390/1,cl-16390,cl,U,4.0,2.16,False,,,,,,
cl/v2-vred3-s1-q1/16390/1,cl-16390,cl,U,6.0,2.16,False,,,,,,
cl/v2-vred3-s1-q1/16390/1,cl-16390,cl,U',2.0,2.16,False,,,,,,
cl/v2-vred3-s1-q1/16390/1,cl-16390,cl,U',4.0,2.16,True,-1.84,2.5505999999999993,4.319,-4.948960166666667,-0.5583601666666671,7.550000112503767
cl/v2-vred3-s1-q1/16390/1,cl-16390,cl,U',6.0,2.16,True,2.16,5.6306,2.151,1.3888665000000002,4.8594665,6.550000097602606
cl/v2-vred3-s1-q1/16390/1,cl-16390,cl,L,2.0,2.16,True,2.16,5.6306,0.0,2.16,5.6306,0.05000000074505806
cl/v2-vred3-s1-q1/16390/1,cl-16390,cl,L,4.0,2.16,True,2.16,5.6306,0.0,2.16,5.6306,0.05000000074505806
cl/v2-vred3-s1-q1/16390/1,cl-16390,cl,L,6.0,2.16,True,2.16,5.6306,0.0,2.16,5.6306,0.05000000074505806
cl/v2-vred3-s1-q1/16390/1,cl-16390,cl,L',2.0,2.16,True,2.16,5.6306,0.0,2.16,5.6306,0.05000000074505806
cl/v2-vred3-s1-q1/16390/1,cl-16390,cl,L',4.0,2.16,True,2.16,5.6306,0.0,2.16,5.6306,0.05000000074505806
cl/v2-vred3-s1-q1/16390/1,cl-16390,cl,L',6.0,2.16,True,2.16,5.6306,0.0,2.16,5.6306,0.05000000074505806
cl/v2-vred3-s1-q1/16390/1,cl-16390,cl,R,2.0,2.16,True,2.16,5.6306,0.0,2.16,5.6306,0.05000000074505806
cl/v2-vred3-s1-q1/16390/1,cl-16390,cl,R,4.0,2.16,True,2.16,5.6306,0.0,2.16,5.6306,0.05000000074505806
cl/v2-vred3-s1-q1/16390/1,cl-16390,cl,R,6.0,2.16,True,2.16,5.6306,0.0,2.16,5.6306,0.05000000074505806
cl/v2-vred3-s1-q1/16390/1,cl-16390,cl,R',2.0,2.16,True,2.16,5.6306,0.0,2.16,5.6306,0.05000000074505806
cl/v2-vred3-s1-q1/16390/1,cl-16390,cl,R',4.0,2.16,True,2.16,5.6306,0.0,2.16,5.6306,0.05000000074505806
cl/v2-vred3-s1-q1/16390/1,cl-16390,cl,R',6.0,2.16,True,2.16,5.6306,0.0,2.16,5.6306,0.05000000074505806
cl/v2-vred3-s1-q1/24944/1,cl-24944,cl,U,2.0,65.82,True,-1.84,,2.685,-3.0415375,,107.55000160261989
cl/v2-vred3-s1-q1/24944/1,cl-24944,cl,U,4.0,65.82,True,11.16,21.0806,3.465,9.158962500000001,19.0795625,46.550000693649054
cl/v2-vred3-s1-q1/24944/1,cl-24944,cl,U,6.0,65.82,True,11.16,21.0806,3.465,9.158962500000001,19.0795625,46.550000693649054
cl/v2-vred3-s1-q1/24944/1,cl-24944,cl,U',2.0,65.82,True,11.16,21.0806,3.465,9.158962500000001,19.0795625,46.550000693649054
cl/v2-vred3-s1-q1/24944/1,cl-24944,cl,U',4.0,65.82,True,11.16,21.0806,3.465,9.158962500000001,19.0795625,46.550000693649054
cl/v2-vred3-s1-q1/24944/1,cl-24944,cl,U',6.0,65.82,True,11.16,21.0806,3.465,9.158962500000001,19.0795625,46.550000693649054
cl/v2-vred3-s1-q1/24944/1,cl-24944,cl,L,2.0,65.82,True,11.16,21.0806,3.465,9.158962500000001,19.0795625,46.550000693649054
cl/v2-vred3-s1-q1/24944/1,cl-24944,cl,L,4.0,65.82,True,11.16,21.0806,3.465,9.158962500000001,19.0795625,46.550000693649054
cl/v2-vred3-s1-q1/24944/1,cl-24944,cl,L,6.0,65.82,True,11.16,21.0806,3.465,9.158962500000001,19.0795625,46.550000693649054
cl/v2-vred3-s1-q1/24944/1,cl-24944,cl,L',2.0,65.82,True,11.16,21.0806,3.465,9.158962500000001,19.0795625,46.550000693649054
cl/v2-vred3-s1-q1/24944/1,cl-24944,cl,L',4.0,65.82,True,11.16,21.0806,3.465,9.158962500000001,19.0795625,46.550000693649054
cl/v2-vred3-s1-q1/24944/1,cl-24944,cl,L',6.0,65.82,True,11.16,21.0806,3.465,9.158962500000001,19.0795625,46.550000693649054
cl/v2-vred3-s1-q1/24944/1,cl-24944,cl,R,2.0,65.82,True,49.09,2.6506,3.688,46.823109333333335,0.383709333333333,79.55000118538737
cl/v2-vred3-s1-q1/24944/1,cl-24944,cl,R,4.0,65.82,True,49.09,2.6506,3.688,46.823109333333335,0.383709333333333,79.55000118538737
cl/v2-vred3-s1-q1/24944/1,cl-24944,cl,R,6.0,65.82,True,-1.84,8.040600000000001,3.008,-3.3480106666666667,6.532589333333335,78.05000116303563
cl/v2-vred3-s1-q1/24944/1,cl-24944,cl,R',2.0,65.82,True,49.09,2.6506,3.688,46.823109333333335,0.383709333333333,79.55000118538737
cl/v2-vred3-s1-q1/24944/1,cl-24944,cl,R',4.0,65.82,True,-1.84,8.040600000000001,3.008,-3.3480106666666667,6.532589333333335,78.05000116303563
cl/v2-vred3-s1-q1/24944/1,cl-24944,cl,R',6.0,65.82,True,-0.84,9.3306,2.246,-1.6807526666666666,8.489847333333334,77.55000115558505
cl/v2-vred3-s1-q1/27297/1,cl-27297,cl,U,2.0,18.59,False,,,,,,
cl/v2-vred3-s1-q1/27297/1,cl-27297,cl,U,4.0,18.59,False,,,,,,
cl/v2-vred3-s1-q1/27297/1,cl-27297,cl,U,6.0,18.59,False,,,,,,
cl/v2-vred3-s1-q1/27297/1,cl-27297,cl,U',2.0,18.59,False,,,,,,
cl/v2-vred3-s1-q1/27297/1,cl-27297,cl,U',4.0,18.59,False,,,,,,
cl/v2-vred3-s1-q1/27297/1,cl-27297,cl,U',6.0,18.59,False,,,,,,
cl/v2-vred3-s1-q1/27297/1,cl-27297,cl,L,2.0,18.59,False,,,,,,
cl/v2-vred3-s1-q1/27297/1,cl-27297,cl,L,4.0,18.59,False,,,,,,
cl/v2-vred3-s1-q1/27297/1,cl-27297,cl,L,6.0,18.59,False,,,,,,
cl/v2-vred3-s1-q1/27297/1,cl-27297,cl,L',2.0,18.59,False,,,,,,
cl/v2-vred3-s1-q1/27297/1,cl-27297,cl,L',4.0,18.59,False,,,,,,
cl/v2-vred3-s1-q1/27297/1,cl-27297,cl,L',6.0,18.59,False,,,,,,
cl/v2-vred3-s1-q1/27297/1,cl-27297,cl,R,2.0,18.59,True,1.26,5.8306,0.0,1.26,5.8306,11.550000172108412
cl/v2-vred3-s1-q1/27297/1,cl-27297,cl,R,4.0,18.59,True,3.3,7.7306,2.828,1.9670693333333333,6.397669333333333,10.55000015720725
cl/v2-vred3-s1-q1/27297/1,cl-27297,cl,R,6.0,18.59,True,5.34,9.320599999999999,3.389,3.4257798333333334,7.406379833333332,10.05000014975667
cl/v2-vred3-s1-q1/27297/1,cl-27297,cl,R',2.0,18.59,True,1.26,5.8306,0.0,1.26,5.8306,11.550000172108412
cl/v2-vred3-s1-q1/27297/1,cl-27297,cl,R',4.0,18.59,True,5.34,9.320599999999999,3.389,3.4257798333333334,7.406379833333332,10.05000014975667
cl/v2-vred3-s1-q1/27297/1,cl-27297,cl,R',6.0,18.59,True,6.36,11.1206,3.738,4.031226,8.791826,9.55000014230609
cl/v2-vred3-s1-q2/15483/1,cl-15483,cl,U,2.0,2.16,False,,,,,,
cl/v2-vred3-s1-q2/15483/1,cl-15483,cl,U,4.0,2.16,True,2.16,5.850599999999999,0.0,2.16,5.850599999999999,0.05000000074505806
cl/v2-vred3-s1-q2/15483/1,cl-15483,cl,U,6.0,2.16,True,2.16,5.850599999999999,0.0,2.16,5.850599999999999,0.05000000074505806
cl/v2-vred3-s1-q2/15483/1,cl-15483,cl,U',2.0,2.16,False,,,,,,
cl/v2-vred3-s1-q2/15483/1,cl-15483,cl,U',4.0,2.16,True,2.16,5.850599999999999,0.0,2.16,5.850599999999999,0.05000000074505806
cl/v2-vred3-s1-q2/15483/1,cl-15483,cl,U',6.0,2.16,True,2.16,5.850599999999999,0.0,2.16,5.850599999999999,0.05000000074505806
cl/v2-vred3-s1-q2/15483/1,cl-15483,cl,L,2.0,2.16,True,2.16,5.850599999999999,0.0,2.16,5.850599999999999,0.05000000074505806
cl/v2-vred3-s1-q2/15483/1,cl-15483,cl,L,4.0,2.16,True,2.16,5.850599999999999,0.0,2.16,5.850599999999999,0.05000000074505806
cl/v2-vred3-s1-q2/15483/1,cl-15483,cl,L,6.0,2.16,True,2.16,5.850599999999999,0.0,2.16,5.850599999999999,0.05000000074505806
cl/v2-vred3-s1-q2/15483/1,cl-15483,cl,L',2.0,2.16,True,2.16,5.850599999999999,0.0,2.16,5.850599999999999,0.05000000074505806
cl/v2-vred3-s1-q2/15483/1,cl-15483,cl,L',4.0,2.16,True,2.16,5.850599999999999,0.0,2.16,5.850599999999999,0.05000000074505806
cl/v2-vred3-s1-q2/15483/1,cl-15483,cl,L',6.0,2.16,True,2.16,5.850599999999999,0.0,2.16,5.850599999999999,0.05000000074505806
cl/v2-vred3-s1-q2/15483/1,cl-15483,cl,R,2.0,2.16,True,2.16,5.8106,0.0,2.16,5.8106,10.05000014975667
cl/v2-vred3-s1-q2/15483/1,cl-15483,cl,R,4.0,2.16,True,2.16,5.850599999999999,0.0,2.16,5.850599999999999,0.05000000074505806
cl/v2-vred3-s1-q2/15483/1,cl-15483,cl,R,6.0,2.16,True,2.16,5.850599999999999,0.0,2.16,5.850599999999999,0.05000000074505806
cl/v2-vred3-s1-q2/15483/1,cl-15483,cl,R',2.0,2.16,True,2.16,5.850599999999999,0.47,2.1231833333333334,5.813783333333332,6.050000090152025
cl/v2-vred3-s1-q2/15483/1,cl-15483,cl,R',4.0,2.16,True,2.16,5.850599999999999,0.0,2.16,5.850599999999999,0.05000000074505806
cl/v2-vred3-s1-q2/15483/1,cl-15483,cl,R',6.0,2.16,True,2.16,5.850599999999999,0.0,2.16,5.850599999999999,0.05000000074505806
cl/v2-vred3-s1-q2/16508/1,cl-16508,cl,U,2.0,2.16,False,,,,,,
cl/v2-vred3-s1-q2/16508/1,cl-16508,cl,U,4.0,2.16,False,,,,,,
cl/v2-vred3-s1-q2/16508/1,cl-16508,cl,U,6.0,2.16,False,,,,,,
cl/v2-vred3-s1-q2/16508/1,cl-16508,cl,U',2.0,2.16,False,,,,,,
cl/v2-vred3-s1-q2/16508/1,cl-16508,cl,U',4.0,2.16,False,,,,,,
cl/v2-vred3-s1-q2/16508/1,cl-16508,cl,U',6.0,2.16,True,-0.84,4.850599999999999,4.59,-4.35135,1.3392499999999994,7.550000112503767
cl/v2-vred3-s1-q2/16508/1,cl-16508,cl,L,2.0,2.16,True,2.16,7.930599999999999,0.0,2.16,7.930599999999999,0.05000000074505806
cl/v2-vred3-s1-q2/16508/1,cl-16508,cl,L,4.0,2.16,True,2.16,7.930599999999999,0.0,2.16,7.930599999999999,0.05000000074505806
cl/v2-vred3-s1-q2/16508/1,cl-16508,cl,L,6.0,2.16,True,2.16,7.930599999999999,0.0,2.16,7.930599999999999,0.05000000074505806
cl/v2-vred3-s1-q2/16508/1,cl-16508,cl,L',2.0,2.16,True,2.16,7.930599999999999,0.0,2.16,7.930599999999999,0.05000000074505806
cl/v2-vred3-s1-q2/16508/1,cl-16508,cl,L',4.0,2.16,True,2.16,7.930599999999999,0.0,2.16,7.930599999999999,0.05000000074505806
cl/v2-vred3-s1-q2/16508/1,cl-16508,cl,L',6.0,2.16,True,2.16,7.930599999999999,0.0,2.16,7.930599999999999,0.05000000074505806
cl/v2-vred3-s1-q2/16508/1,cl-16508,cl,R,2.0,2.16,True,1.16,6.940599999999999,3.455,-0.8295041666666667,4.951095833333333,7.050000105053186
cl/v2-vred3-s1-q2/16508/1,cl-16508,cl,R,4.0,2.16,True,2.16,7.930599999999999,0.0,2.16,7.930599999999999,0.05000000074505806
cl/v2-vred3-s1-q2/16508/1,cl-16508,cl,R,6.0,2.16,True,2.16,7.930599999999999,0.0,2.16,7.930599999999999,0.05000000074505806
cl/v2-vred3-s1-q2/16508/1,cl-16508,cl,R',2.0,2.16,True,2.16,7.930599999999999,2.167,1.3773518333333334,7.147951833333333,6.550000097602606
cl/v2-vred3-s1-q2/16508/1,cl-16508,cl,R',4.0,2.16,True,2.16,7.930599999999999,0.0,2.16,7.930599999999999,0.05000000074505806
cl/v2-vred3-s1-q2/16508/1,cl-16508,cl,R',6.0,2.16,True,2.16,7.930599999999999,0.0,2.16,7.930599999999999,0.05000000074505806
cl/v2-vred3-s1-q2/16529/1,cl-16529,cl,U,2.0,2.16,True,-1.84,1.6605999999999996,3.218,-3.5659206666666665,-0.0653206666666668,32.5500004850328
cl/v2-vred3-s1-q2/16529/1,cl-16529,cl,U,4.0,2.16,True,0.16,3.1705999999999994,2.385,-0.7880374999999998,2.2225624999999996,32.050000477582216
cl/v2-vred3-s1-q2/16529/1,cl-16529,cl,U,6.0,2.16,True,2.16,5.0506,0.0,2.16,5.0506,9.050000134855509
cl/v2-vred3-s1-q2/16529/1,cl-16529,cl,U',2.0,2.16,True,0.16,3.1705999999999994,2.385,-0.7880374999999998,2.2225624999999996,32.050000477582216
cl/v2-vred3-s1-q2/16529/1,cl-16529,cl,U',4.0,2.16,True,0.16,3.1705999999999994,2.385,-0.7880374999999998,2.2225624999999996,32.050000477582216
cl/v2-vred3-s1-q2/16529/1,cl-16529,cl,U',6.0,2.16,True,2.16,5.0506,0.0,2.16,5.0506,9.050000134855509
cl/v2-vred3-s1-q2/16529/1,cl-16529,cl,L,2.0,2.16,True,2.16,5.8306,0.0,2.16,5.8306,0.05000000074505806
cl/v2-vred3-s1-q2/16529/1,cl-16529,cl,L,4.0,2.16,True,2.16,5.8306,0.0,2.16,5.8306,0.05000000074505806
cl/v2-vred3-s1-q2/16529/1,cl-16529,cl,L,6.0,2.16,True,2.16,5.8306,0.0,2.16,5.8306,0.05000000074505806
cl/v2-vred3-s1-q2/16529/1,cl-16529,cl,L',2.0,2.16,True,2.16,5.8306,0.0,2.16,5.8306,0.05000000074505806
cl/v2-vred3-s1-q2/16529/1,cl-16529,cl,L',4.0,2.16,True,2.16,5.8306,0.0,2.16,5.8306,0.05000000074505806
cl/v2-vred3-s1-q2/16529/1,cl-16529,cl,L',6.0,2.16,True,2.16,5.8306,0.0,2.16,5.8306,0.05000000074505806
cl/v2-vred3-s1-q2/16529/1,cl-16529,cl,R,2.0,2.16,True,2.16,5.8306,0.0,2.16,5.8306,0.05000000074505806
cl/v2-vred3-s1-q2/16529/1,cl-16529,cl,R,4.0,2.16,True,2.16,5.8306,0.0,2.16,5.8306,0.05000000074505806
cl/v2-vred3-s1-q2/16529/1,cl-16529,cl,R,6.0,2.16,True,2.16,5.8306,0.0,2.16,5.8306,0.05000000074505806
cl/v2-vred3-s1-q2/16529/1,cl-16529,cl,R',2.0,2.16,True,2.16,5.8306,0.0,2.16,5.8306,0.05000000074505806
cl/v2-vred3-s1-q2/16529/1,cl-16529,cl,R',4.0,2.16,True,2.16,5.8306,0.0,2.16,5.8306,0.05000000074505806
cl/v2-vred3-s1-q2/16529/1,cl-16529,cl,R',6.0,2.16,True,2.16,5.8306,0.0,2.16,5.8306,0.05000000074505806
cl/v2-vred3-s1-q2/28147/1,cl-28147,cl,U,2.0,16.32,False,,,,,,
cl/v2-vred3-s1-q2/28147/1,cl-28147,cl,U,4.0,16.32,False,,,,,,
cl/v2-vred3-s1-q2/28147/1,cl-28147,cl,U,6.0,16.32,False,,,,,,
cl/v2-vred3-s1-q2/28147/1,cl-28147,cl,U',2.0,16.32,False,,,,,,
cl/v2-vred3-s1-q2/28147/1,cl-28147,cl,U',4.0,16.32,False,,,,,,
cl/v2-vred3-s1-q2/28147/1,cl-28147,cl,U',6.0,16.32,False,,,,,,
cl/v2-vred3-s1-q2/28147/1,cl-28147,cl,L,2.0,16.32,True,10.32,14.730599999999999,3.938,7.735359333333333,12.145959333333332,8.550000127404928
cl/v2-vred3-s1-q2/28147/1,cl-28147,cl,L,4.0,16.32,True,12.32,16.9106,4.222,9.349119333333332,13.939719333333331,8.050000119954348
cl/v2-vred3-s1-q2/28147/1,cl-28147,cl,L,6.0,16.32,True,16.32,21.8306,0.0,16.32,21.8306,1.5500000230967999
cl/v2-vred3-s1-q2/28147/1,cl-28147,cl,L',2.0,16.32,True,12.32,16.9106,4.222,9.349119333333332,13.939719333333331,8.050000119954348
cl/v2-vred3-s1-q2/28147/1,cl-28147,cl,L',4.0,16.32,True,12.32,16.9106,4.222,9.349119333333332,13.939719333333331,8.050000119954348
cl/v2-vred3-s1-q2/28147/1,cl-28147,cl,L',6.0,16.32,True,16.32,21.8306,0.0,16.32,21.8306,1.5500000230967999
cl/v2-vred3-s1-q2/28147/1,cl-28147,cl,R,2.0,16.32,True,-1.84,3.9406,2.148,-2.6089840000000004,3.1716159999999998,14.550000216811895
cl/v2-vred3-s1-q2/28147/1,cl-28147,cl,R,4.0,16.32,True,1.16,6.350599999999999,2.642,-0.0033606666666665674,5.187239333333332,13.550000201910734
cl/v2-vred3-s1-q2/28147/1,cl-28147,cl,R,6.0,16.32,True,3.17,8.750599999999999,1.997,2.505331833333333,8.085931833333332,12.550000187009573
cl/v2-vred3-s1-q2/28147/1,cl-28147,cl,R',2.0,16.32,True,0.16,5.0606,2.514,-0.8933659999999998,4.007234,14.050000209361315
cl/v2-vred3-s1-q2/28147/1,cl-28147,cl,R',4.0,16.32,True,2.16,7.7206,2.412,1.190376,6.7509760000000005,13.050000194460154
cl/v2-vred3-s1-q2/28147/1,cl-28147,cl,R',6.0,16.32,True,3.17,8.750599999999999,1.997,2.505331833333333,8.085931833333332,12.550000187009573
cl/v2-vred3-s1-q2/9196/1,cl-9196,cl,U,2.0,18.16,True,3.16,8.9406,2.249,2.3169998333333335,8.097599833333334,18.55000027641654
cl/v2-vred3-s1-q2/9196/1,cl-9196,cl,U,4.0,18.16,True,3.16,8.9406,2.249,2.3169998333333335,8.097599833333334,18.55000027641654
cl/v2-vred3-s1-q2/9196/1,cl-9196,cl,U,6.0,18.16,True,3.16,8.9406,2.249,2.3169998333333335,8.097599833333334,18.55000027641654
cl/v2-vred3-s1-q2/9196/1,cl-9196,cl,U',2.0,18.16,True,3.16,8.9406,2.249,2.3169998333333335,8.097599833333334,18.55000027641654
cl/v2-vred3-s1-q2/9196/1,cl-9196,cl,U',4.0,18.16,True,3.16,8.9406,2.249,2.3169998333333335,8.097599833333334,18.55000027641654
cl/v2-vred3-s1-q2/9196/1,cl-9196,cl,U',6.0,18.16,True,3.16,8.9406,2.249,2.3169998333333335,8.097599833333334,18.55000027641654
cl/v2-vred3-s1-q2/9196/1,cl-9196,cl,L,2.0,18.16,True,9.16,14.730599999999999,2.985,7.6749625,13.245562499999998,16.550000246614218
cl/v2-vred3-s1-q2/9196/1,cl-9196,cl,L,4.0,18.16,True,12.16,18.0706,0.0,12.16,18.0706,13.550000201910734
cl/v2-vred3-s1-q2/9196/1,cl-9196,cl,L,6.0,18.16,True,12.16,18.0706,0.0,12.16,18.0706,13.550000201910734
cl/v2-vred3-s1-q2/9196/1,cl-9196,cl,L',2.0,18.16,True,9.16,14.730599999999999,2.985,7.6749625,13.245562499999998,16.550000246614218
cl/v2-vred3-s1-q2/9196/1,cl-9196,cl,L',4.0,18.16,True,12.16,18.0706,0.0,12.16,18.0706,13.550000201910734
cl/v2-vred3-s1-q2/9196/1,cl-9196,cl,L',6.0,18.16,True,15.16,20.4406,2.441,14.166919833333333,19.447519833333335,8.050000119954348
cl/v2-vred3-s1-q2/9196/1,cl-9196,cl,R,2.0,18.16,True,1.16,6.950599999999999,0.185,1.1542958333333333,6.944895833333332,26.05000038817525
cl/v2-vred3-s1-q2/9196/1,cl-9196,cl,R,4.0,18.16,True,3.16,8.9406,2.249,2.3169998333333335,8.097599833333334,18.55000027641654
cl/v2-vred3-s1-q2/9196/1,cl-9196,cl,R,6.0,18.16,True,5.16,10.160599999999999,2.709,3.9368865,8.937486499999999,18.05000026896596
cl/v2-vred3-s1-q2/9196/1,cl-9196,cl,R',2.0,18.16,True,2.16,7.2406,1.01,1.9899833333333334,7.070583333333333,25.55000038072467
cl/v2-vred3-s1-q2/9196/1,cl-9196,cl,R',4.0,18.16,True,5.16,10.160599999999999,2.709,3.9368865,8.937486499999999,18.05000026896596
cl/v2-vred3-s1-q2/9196/1,cl-9196,cl,R',6.0,18.16,True,6.16,11.6406,2.986,4.673967333333334,10.154567333333333,17.55000026151538
p4/10857/1,p4-10857,p4,U,2.0,23.785017869744642,True,1.830601790122877,4.830601790122877,5.205078040626878,-2.684871111379813,0.31512888862018684,6.2
p4/10857/1,p4-10857,p4,U,4.0,23.785017869744642,True,3.8511391948041904,6.85113919480419,4.471711687510354,0.5184382921014072,3.5184382921014072,5.8
p4/10857/1,p4-10857,p4,U,6.0,23.785017869744642,True,5.787309744242815,8.787309744242815,2.0216051299731377,5.106161860653864,8.106161860653865,5.2
p4/10857/1,p4-10857,p4,U',2.0,23.785017869744642,True,10.855707979646901,13.855707979646901,7.5254312316179695,1.4170221093450426,4.417022109345043,3.4
p4/10857/1,p4-10857,p4,U',4.0,23.785017869744642,True,10.855707979646901,13.855707979646901,7.5254312316179695,1.4170221093450426,4.417022109345043,3.4
p4/10857/1,p4-10857,p4,U',6.0,23.785017869744642,True,15.254516103640722,18.25451610364072,7.706695732156226,5.355656252301555,8.355656252301555,2.8
p4/10857/1,p4-10857,p4,L,2.0,23.785017869744642,True,9.352139129231968,12.352139129231968,7.350851373040799,0.34630314447600163,3.3463031444760016,3.6
p4/10857/1,p4-10857,p4,L,4.0,23.785017869744642,True,10.855707979646901,13.855707979646901,7.5254312316179695,1.4170221093450426,4.417022109345043,3.4
p4/10857/1,p4-10857,p4,L,6.0,23.785017869744642,True,10.855707979646901,13.855707979646901,7.5254312316179695,1.4170221093450426,4.417022109345043,3.4
p4/10857/1,p4-10857,p4,L',2.0,23.785017869744642,True,16.736373008416415,19.736373008416415,6.988366785806782,8.596827952921844,11.596827952921844,2.6
p4/10857/1,p4-10857,p4,L',4.0,23.785017869744642,True,16.736373008416415,19.736373008416415,6.988366785806782,8.596827952921844,11.596827952921844,2.6
p4/10857/1,p4-10857,p4,L',6.0,23.785017869744642,True,18.052423715135163,21.052423715135163,6.145318428801099,11.758267283241427,14.758267283241427,2.4
p4/10857/1,p4-10857,p4,R,2.0,23.785017869744642,True,1.830601790122877,4.830601790122877,5.205078040626878,-2.684871111379813,0.31512888862018684,6.2
p4/10857/1,p4-10857,p4,R,4.0,23.785017869744642,True,3.8511391948041904,6.85113919480419,4.471711687510354,0.5184382921014072,3.5184382921014072,5.8
p4/10857/1,p4-10857,p4,R,6.0,23.785017869744642,True,5.787309744242815,8.787309744242815,2.0216051299731377,5.106161860653864,8.106161860653865,5.2
p4/10857/1,p4-10857,p4,R',2.0,23.785017869744642,True,10.855707979646901,13.855707979646901,7.5254312316179695,1.4170221093450426,4.417022109345043,3.4
p4/10857/1,p4-10857,p4,R',4.0,23.785017869744642,True,12.316008863307406,15.316008863307406,7.125143552476531,3.8547304227410937,6.854730422741094,3.2
p4/10857/1,p4-10857,p4,R',6.0,23.785017869744642,True,15.254516103640722,18.25451610364072,7.706695732156226,5.355656252301555,8.355656252301555,2.8
p4/11381/1,p4-11381,p4,U,2.0,21.799219238882383,False,,,,,,
p4/11381/1,p4-11381,p4,U,4.0,21.799219238882383,False,,,,,,
p4/11381/1,p4-11381,p4,U,6.0,21.799219238882383,False,,,,,,
p4/11381/1,p4-11381,p4,U',2.0,21.799219238882383,False,,,,,,
p4/11381/1,p4-11381,p4,U',4.0,21.799219238882383,False,,,,,,
p4/11381/1,p4-11381,p4,U',6.0,21.799219238882383,True,10.190323712720026,13.190323712720026,6.74932747006865,2.5980868296828126,5.598086829682813,3.2
p4/11381/1,p4-11381,p4,L,2.0,21.799219238882383,False,,,,,,
p4/11381/1,p4-11381,p4,L,4.0,21.799219238882383,False,,,,,,
p4/11381/1,p4-11381,p4,L,6.0,21.799219238882383,False,,,,,,
p4/11381/1,p4-11381,p4,L',2.0,21.799219238882383,True,13.114153541050342,16.114153541050342,7.777922162053232,3.0314746812238713,6.031474681223871,2.8
p4/11381/1,p4-11381,p4,L',4.0,21.799219238882383,True,13.114153541050342,16.114153541050342,7.777922162053232,3.0314746812238713,6.031474681223871,2.8
p4/11381/1,p4-11381,p4,L',6.0,21.799219238882383,True,14.621478573907051,17.62147857390705,7.1317999669101555,6.1443834459037685,9.144383445903769,2.6
p4/11381/1,p4-11381,p4,R,2.0,21.799219238882383,False,,,,,,
p4/11381/1,p4-11381,p4,R,4.0,21.799219238882383,False,,,,,,
p4/11381/1,p4-11381,p4,R,6.0,21.799219238882383,False,,,,,,
p4/11381/1,p4-11381,p4,R',2.0,21.799219238882383,False,,,,,,
p4/11381/1,p4-11381,p4,R',4.0,21.799219238882383,True,13.114153541050342,16.114153541050342,7.777922162053232,3.0314746812238713,6.031474681223871,2.8
p4/11381/1,p4-11381,p4,R',6.0,21.799219238882383,True,13.114153541050342,16.114153541050342,7.777922162053232,3.0314746812238713,6.031474681223871,2.8
p4/14842/1,p4-14842,p4,U,2.0,3.719125536203225,False,,,,,,
p4/14842/1,p4-14842,p4,U,4.0,3.719125536203225,False,,,,,,
p4/14842/1,p4-14842,p4,U,6.0,3.719125536203225,False,,,,,,
p4/14842/1,p4-14842,p4,U',2.0,3.719125536203225,False,,,,,,
p4/14842/1,p4-14842,p4,U',4.0,3.719125536203225,False,,,,,,
p4/14842/1,p4-14842,p4,U',6.0,3.719125536203225,True,0.7826026949197447,4.965032972782184,1.5871405151309501,0.36276685912472173,4.545197136987161,15.2
p4/14842/1,p4-14842,p4,L,2.0,3.719125536203225,True,3.719125536203225,7.901555814065664,0.0002689727706706242,3.7191255241455,7.901555802007938,0.2
p4/14842/1,p4-14842,p4,L,4.0,3.719125536203225,True,3.719125536203225,7.901555814065664,0.0002689727706706242,3.7191255241455,7.901555802007938,0.2
p4/14842/1,p4-14842,p4,L,6.0,3.719125536203225,True,3.719125536203225,7.901555814065664,0.0002689727706706242,3.7191255241455,7.901555802007938,0.2
p4/14842/1,p4-14842,p4,L',2.0,3.719125536203225,True,3.719125536203225,7.901555814065664,0.0002689727706706242,3.7191255241455,7.901555802007938,0.2
p4/14842/1,p4-14842,p4,L',4.0,3.719125536203225,True,3.719125536203225,7.901555814065664,0.0002689727706706242,3.7191255241455,7.901555802007938,0.2
p4/14842/1,p4-14842,p4,L',6.0,3.719125536203225,True,3.719125536203225,7.901555814065664,0.0002689727706706242,3.7191255241455,7.901555802007938,0.2
p4/14842/1,p4-14842,p4,R,2.0,3.719125536203225,True,1.943735136016663,6.126165413879102,2.7606970886706628,0.6734937334508841,4.8559240113133235,1.6
p4/14842/1,p4-14842,p4,R,4.0,3.719125536203225,True,3.719125536203225,7.901555814065664,0.0002689727706706242,3.7191255241455,7.901555802007938,0.2
p4/14842/1,p4-14842,p4,R,6.0,3.719125536203225,True,3.719125536203225,7.901555814065664,0.0002689727706706242,3.7191255241455,7.901555802007938,0.2
p4/14842/1,p4-14842,p4,R',2.0,3.719125536203225,True,2.5228370270577827,6.705267304920222,2.796725674708259,1.2192246104623883,5.401654888324828,1.4
p4/14842/1,p4-14842,p4,R',4.0,3.719125536203225,True,3.719125536203225,7.901555814065664,0.0002689727706706242,3.7191255241455,7.901555802007938,0.2
p4/14842/1,p4-14842,p4,R',6.0,3.719125536203225,True,3.719125536203225,7.901555814065664,0.0002689727706706242,3.7191255241455,7.901555802007938,0.2
p4/14862/1,p4-14862,p4,U,2.0,3.919491843214165,True,1.1011804499287816,4.100692168678782,0.005493851537302139,1.101175419527996,4.100687138277996,2.2
p4/14862/1,p4-14862,p4,U,4.0,3.919491843214165,True,1.1011804499287816,4.100692168678782,0.005493851537302139,1.101175419527996,4.100687138277996,2.2
p4/14862/1,p4-14862,p4,U,6.0,3.919491843214165,True,1.1011804499287816,4.100692168678782,0.005493851537302139,1.101175419527996,4.100687138277996,2.2
p4/14862/1,p4-14862,p4,U',2.0,3.919491843214165,True,1.1011804499287816,4.100692168678782,0.005493851537302139,1.101175419527996,4.100687138277996,2.2
p4/14862/1,p4-14862,p4,U',4.0,3.919491843214165,True,1.1011804499287816,4.100692168678782,0.005493851537302139,1.101175419527996,4.100687138277996,2.2
p4/14862/1,p4-14862,p4,U',6.0,3.919491843214165,True,1.1011804499287816,4.100692168678782,0.005493851537302139,1.101175419527996,4.100687138277996,2.2
p4/14862/1,p4-14862,p4,L,2.0,3.919491843214165,True,2.6948445807268806,5.694356299476881,2.832463718891229,1.357702794254359,4.357214513004359,1.4
p4/14862/1,p4-14862,p4,L,4.0,3.919491843214165,True,3.919491843214165,6.919003561964165,0.0012768929079714274,3.919491571471582,6.919003290221582,0.2
p4/14862/1,p4-14862,p4,L,6.0,3.919491843214165,True,3.919491843214165,6.919003561964165,0.0012768929079714274,3.919491571471582,6.919003290221582,0.2
p4/14862/1,p4-14862,p4,L',2.0,3.919491843214165,True,2.6948445807268806,5.694356299476881,2.832463718891229,1.357702794254359,4.357214513004359,1.4
p4/14862/1,p4-14862,p4,L',4.0,3.919491843214165,True,3.919491843214165,6.919003561964165,0.0012768929079714274,3.919491571471582,6.919003290221582,0.2
p4/14862/1,p4-14862,p4,L',6.0,3.919491843214165,True,3.919491843214165,6.919003561964165,0.0012768929079714274,3.919491571471582,6.919003290221582,0.2
p4/14862/1,p4-14862,p4,R,2.0,3.919491843214165,True,1.5102935719599824,4.509805290709982,2.492060587726296,0.47523257647686035,3.47474429522686,1.8
p4/14862/1,p4-14862,p4,R,4.0,3.919491843214165,True,3.919491843214165,6.919003561964165,0.0012768929079714274,3.919491571471582,6.919003290221582,0.2
p4/14862/1,p4-14862,p4,R,6.0,3.919491843214165,True,3.919491843214165,6.919003561964165,0.0012768929079714274,3.919491571471582,6.919003290221582,0.2
p4/14862/1,p4-14862,p4,R',2.0,3.919491843214165,True,2.6948445807268806,5.694356299476881,2.832463718891229,1.357702794254359,4.357214513004359,1.4
p4/14862/1,p4-14862,p4,R',4.0,3.919491843214165,True,3.919491843214165,6.919003561964165,0.0012768929079714274,3.919491571471582,6.919003290221582,0.2
p4/14862/1,p4-14862,p4,R',6.0,3.919491843214165,True,3.919491843214165,6.919003561964165,0.0012768929079714274,3.919491571471582,6.919003290221582,0.2
p4/14909/1,p4-14909,p4,U,2.0,3.186813696609115,False,,,,,,
p4/14909/1,p4-14909,p4,U,4.0,3.186813696609115,False,,,,,,
p4/14909/1,p4-14909,p4,U,6.0,3.186813696609115,False,,,,,,
p4/14909/1,p4-14909,p4,U',2.0,3.186813696609115,False,,,,,,
p4/14909/1,p4-14909,p4,U',4.0,3.186813696609115,False,,,,,,
p4/14909/1,p4-14909,p4,U',6.0,3.186813696609115,False,,,,,,
p4/14909/1,p4-14909,p4,L,2.0,3.186813696609115,True,3.186813696609115,6.186813696609115,0.0001322478397336865,3.1868136936942,6.1868136936942,0.2
p4/14909/1,p4-14909,p4,L,4.0,3.186813696609115,True,3.186813696609115,6.186813696609115,0.0001322478397336865,3.1868136936942,6.1868136936942,0.2
p4/14909/1,p4-14909,p4,L,6.0,3.186813696609115,True,3.186813696609115,6.186813696609115,0.0001322478397336865,3.1868136936942,6.1868136936942,0.2
p4/14909/1,p4-14909,p4,L',2.0,3.186813696609115,True,3.186813696609115,6.186813696609115,0.0001322478397336865,3.1868136936942,6.1868136936942,0.2
p4/14909/1,p4-14909,p4,L',4.0,3.186813696609115,True,3.186813696609115,6.186813696609115,0.0001322478397336865,3.1868136936942,6.1868136936942,0.2
p4/14909/1,p4-14909,p4,L',6.0,3.186813696609115,True,3.186813696609115,6.186813696609115,0.0001322478397336865,3.1868136936942,6.1868136936942,0.2
p4/14909/1,p4-14909,p4,R,2.0,3.186813696609115,True,1.8894825644095636,4.889482564409564,0.0050700043305458384,1.889478280252245,4.889478280252245,1.6
p4/14909/1,p4-14909,p4,R,4.0,3.186813696609115,True,3.186813696609115,6.186813696609115,0.0001322478397336865,3.1868136936942,6.1868136936942,0.2
p4/14909/1,p4-14909,p4,R,6.0,3.186813696609115,True,3.186813696609115,6.186813696609115,0.0001322478397336865,3.1868136936942,6.1868136936942,0.2
p4/14909/1,p4-14909,p4,R',2.0,3.186813696609115,True,2.4914488686140475,5.4914488686140475,2.0268228074916297,1.8067804197860053,4.806780419786006,1.2
p4/14909/1,p4-14909,p4,R',4.0,3.186813696609115,True,3.186813696609115,6.186813696609115,0.0001322478397336865,3.1868136936942,6.1868136936942,0.2
p4/14909/1,p4-14909,p4,R',6.0,3.186813696609115,True,3.186813696609115,6.186813696609115,0.0001322478397336865,3.1868136936942,6.1868136936942,0.2
p4/2050/1,p4-2050,p4,U,2.0,22.04458517087311,False,,,,,,
p4/2050/1,p4-2050,p4,U,4.0,22.04458517087311,False,,,,,,
p4/2050/1,p4-2050,p4,U,6.0,22.04458517087311,False,,,,,,
p4/2050/1,p4-2050,p4,U',2.0,22.04458517087311,False,,,,,,
p4/2050/1,p4-2050,p4,U',4.0,22.04458517087311,True,1.0991376593958861,4.099137659395886,6.103123368961857,-5.108881483398835,-2.108881483398835,4.45
p4/2050/1,p4-2050,p4,U',6.0,22.04458517087311,True,1.0991376593958861,4.099137659395886,6.103123368961857,-5.108881483398835,-2.108881483398835,4.45
p4/2050/1,p4-2050,p4,L,2.0,22.04458517087311,True,1.0991376593958861,4.099137659395886,6.103123368961857,-5.108881483398835,-2.108881483398835,4.45
p4/2050/1,p4-2050,p4,L,4.0,22.04458517087311,True,1.0991376593958861,4.099137659395886,6.103123368961857,-5.108881483398835,-2.108881483398835,4.45
p4/2050/1,p4-2050,p4,L,6.0,22.04458517087311,True,1.0991376593958861,4.099137659395886,6.103123368961857,-5.108881483398835,-2.108881483398835,4.45
p4/2050/1,p4-2050,p4,L',2.0,22.04458517087311,True,1.0991376593958861,4.099137659395886,6.103123368961857,-5.108881483398835,-2.108881483398835,4.45
p4/2050/1,p4-2050,p4,L',4.0,22.04458517087311,True,1.0991376593958861,4.099137659395886,6.103123368961857,-5.108881483398835,-2.108881483398835,4.45
p4/2050/1,p4-2050,p4,L',6.0,22.04458517087311,True,1.0991376593958861,4.099137659395886,6.103123368961857,-5.108881483398835,-2.108881483398835,4.45
p4/2050/1,p4-2050,p4,R,2.0,22.04458517087311,True,1.0991376593958861,4.099137659395886,6.103123368961857,-5.108881483398835,-2.108881483398835,4.45
p4/2050/1,p4-2050,p4,R,4.0,22.04458517087311,True,3.911656335611326,6.911656335611326,7.589877972901997,-5.689384938312495,-2.689384938312495,4.05
p4/2050/1,p4-2050,p4,R,6.0,22.04458517087311,True,5.40898044654179,8.40898044654179,7.257472621726441,-3.3695043626430206,-0.36950436264302056,3.85
p4/2050/1,p4-2050,p4,R',2.0,22.04458517087311,True,9.823070583220087,12.823070583220087,7.291845491345786,0.9612354716101095,3.9612354716101095,3.25
p4/2050/1,p4-2050,p4,R',4.0,22.04458517087311,True,12.702727511382573,15.702727511382573,7.5292863685152405,3.254368641531004,6.254368641531004,2.85
p4/2050/1,p4-2050,p4,R',6.0,22.04458517087311,True,14.23569680446124,17.23569680446124,7.653209337889992,4.473761276200145,7.473761276200147,2.65
p4/2082/4,p4-2082,p4,U,2.0,23.284440438605877,False,,,,,,
p4/2082/4,p4-2082,p4,U,4.0,23.284440438605877,False,,,,,,
p4/2082/4,p4-2082,p4,U,6.0,23.284440438605877,True,1.4376258163647186,4.437625816364719,6.557838823048963,-5.729915855149982,-2.729915855149982,4.6
p4/2082/4,p4-2082,p4,U',2.0,23.284440438605877,True,10.134621472999736,13.134621472999736,7.5793217098239465,0.5602685428316381,3.560268542831638,3.4
p4/2082/4,p4-2082,p4,U',4.0,23.284440438605877,True,11.607269675016315,14.607269675016315,7.127139602583497,3.141249855897305,6.141249855897305,3.2
p4/2082/4,p4-2082,p4,U',6.0,23.284440438605877,True,14.522162451268894,17.522162451268894,7.692418766271068,4.659944705322344,7.659944705322344,2.8
p4/2082/4,p4-2082,p4,L,2.0,23.284440438605877,True,11.607269675016315,14.607269675016315,7.127139602583497,3.141249855897305,6.141249855897305,3.2
p4/2082/4,p4-2082,p4,L,4.0,23.284440438605877,True,13.030429542477574,16.030429542477574,7.227680929980641,4.323867604876602,7.323867604876602,3.0
p4/2082/4,p4-2082,p4,L,6.0,23.284440438605877,True,13.030429542477574,16.030429542477574,7.227680929980641,4.323867604876602,7.323867604876602,3.0
p4/2082/4,p4-2082,p4,L',2.0,23.284440438605877,True,16.037616235840503,19.037616235840503,7.201385577187863,7.394290530618941,10.39429053061894,2.6
p4/2082/4,p4-2082,p4,L',4.0,23.284440438605877,True,17.395232999254937,20.395232999254937,6.304924755433093,10.769886970642762,13.769886970642762,2.4
p4/2082/4,p4-2082,p4,L',6.0,23.284440438605877,True,19.57293872762909,22.57293872762909,5.289606664462473,14.909615616841457,17.909615616841457,2.0
p4/2082/4,p4-2082,p4,R,2.0,23.284440438605877,True,1.4376258163647186,4.437625816364719,6.557838823048963,-5.729915855149982,-2.729915855149982,4.6
p4/2082/4,p4-2082,p4,R,4.0,23.284440438605877,True,2.7895631654947124,5.789563165494712,6.999617670198616,-5.376211422664738,-2.3762114226647384,4.4
p4/2082/4,p4-2082,p4,R,6.0,23.284440438605877,True,5.725989147732481,8.72598914773248,7.557042047413284,-3.7921582699962464,-0.7921582699962464,4.0
p4/2082/4,p4-2082,p4,R',2.0,23.284440438605877,True,10.134621472999736,13.134621472999736,7.5793217098239465,0.5602685428316381,3.560268542831638,3.4
p4/2082/4,p4-2082,p4,R',4.0,23.284440438605877,True,11.607269675016315,14.607269675016315,7.127139602583497,3.141249855897305,6.141249855897305,3.2
p4/2082/4,p4-2082,p4,R',6.0,23.284440438605877,True,14.522162451268894,17.522162451268894,7.692418766271068,4.659944705322344,7.659944705322344,2.8
p4/2144/1,p4-2144,p4,U,2.0,24.5680073690732,False,,,,,,
p4/2144/1,p4-2144,p4,U,4.0,24.5680073690732,False,,,,,,
p4/2144/1,p4-2144,p4,U,6.0,24.5680073690732,False,,,,,,
p4/2144/1,p4-2144,p4,U',2.0,24.5680073690732,False,,,,,,
p4/2144/1,p4-2144,p4,U',4.0,24.5680073690732,False,,,,,,
p4/2144/1,p4-2144,p4,U',6.0,24.5680073690732,False,,,,,,
p4/2144/1,p4-2144,p4,L,2.0,24.5680073690732,True,8.65393957382583,11.65393957382583,0.0021932614342861393,8.65393877209321,11.65393877209321,4.0
p4/2144/1,p4-2144,p4,L,4.0,24.5680073690732,True,8.65393957382583,11.65393957382583,0.0021932614342861393,8.65393877209321,11.65393877209321,4.0
p4/2144/1,p4-2144,p4,L,6.0,24.5680073690732,True,8.927376997396475,11.927376997396475,3.977538053185161,6.290575503307142,9.290575503307142,3.8
p4/2144/1,p4-2144,p4,L',2.0,24.5680073690732,True,17.28333641872453,20.28333641872453,7.216772814109605,8.603034776979285,11.603034776979285,2.6
p4/2144/1,p4-2144,p4,L',4.0,24.5680073690732,True,17.28333641872453,20.28333641872453,7.216772814109605,8.603034776979285,11.603034776979285,2.6
p4/2144/1,p4-2144,p4,L',6.0,24.5680073690732,True,20.807508401022535,23.807508401022535,5.25701164067718,16.20147983598664,19.20147983598664,2.0
p4/2144/1,p4-2144,p4,R,2.0,24.5680073690732,True,1.3971016301210604,4.39710163012106,7.157435063723408,-7.141044485115158,-4.141044485115158,18.6
p4/2144/1,p4-2144,p4,R,4.0,24.5680073690732,True,3.851692836703176,6.851692836703176,5.224071023904802,-0.6967935070971185,2.3032064929028815,18.2
p4/2144/1,p4-2144,p4,R,6.0,24.5680073690732,True,5.884164550538657,8.884164550538657,4.540930179054219,2.44749006869776,5.4474900686977605,17.8
p4/2144/1,p4-2144,p4,R',2.0,24.5680073690732,True,4.8917323631931495,7.8917323631931495,5.286660337301401,0.23360277619385528,3.2336027761938553,18.0
p4/2144/1,p4-2144,p4,R',4.0,24.5680073690732,True,11.415170249860658,14.415170249860658,7.095342935004825,3.0245216889735094,6.024521688973509,3.4
p4/2144/1,p4-2144,p4,R',6.0,24.5680073690732,True,15.763071993412755,18.763071993412755,7.71926846909898,5.831887710408472,8.831887710408472,2.8
p4/2215/1,p4-2215,p4,U,2.0,22.59637018810896,False,,,,,,
p4/2215/1,p4-2215,p4,U,4.0,22.59637018810896,False,,,,,,
p4/2215/1,p4-2215,p4,U,6.0,22.59637018810896,True,0.0018683932605867426,3.0018683932605867,3.1338003879949716,-1.6349157520389859,1.3650842479610141,4.8
p4/2215/1,p4-2215,p4,U',2.0,22.59637018810896,True,2.4211193807923053,5.421119380792305,7.310034890580243,-6.484982302791112,-3.4849823027911118,4.4
p4/2215/1,p4-2215,p4,U',4.0,22.59637018810896,True,2.4211193807923053,5.421119380792305,7.310034890580243,-6.484982302791112,-3.4849823027911118,4.4
p4/2215/1,p4-2215,p4,U',6.0,22.59637018810896,True,6.811688368545543,9.811688368545543,7.2676713847346885,-1.9914861908696952,1.0085138091303048,3.8
p4/2215/1,p4-2215,p4,L,2.0,22.59637018810896,True,2.4211193807923053,5.421119380792305,7.310034890580243,-6.484982302791112,-3.4849823027911118,4.4
p4/2215/1,p4-2215,p4,L,4.0,22.59637018810896,True,2.4211193807923053,5.421119380792305,7.310034890580243,-6.484982302791112,-3.4849823027911118,4.4
p4/2215/1,p4-2215,p4,L,6.0,22.59637018810896,True,2.4211193807923053,5.421119380792305,7.310034890580243,-6.484982302791112,-3.4849823027911118,4.4
p4/2215/1,p4-2215,p4,L',2.0,22.59637018810896,True,14.162013795718583,17.162013795718583,7.6993183328404395,4.282096663983102,7.282096663983102,2.8
p4/2215/1,p4-2215,p4,L',4.0,22.59637018810896,True,15.624051753078085,18.624051753078085,6.8662065114602955,7.7665864434081255,10.766586443408126,2.6
p4/2215/1,p4-2215,p4,L',6.0,22.59637018810896,True,16.915408340367154,19.915408340367154,5.987108525101696,10.941163591809584,13.941163591809584,2.4
p4/2215/1,p4-2215,p4,R,2.0,22.59637018810896,True,1.0392146032520202,4.03921460325202,6.633124319128465,-6.293841768916889,-3.293841768916889,4.6
p4/2215/1,p4-2215,p4,R,4.0,22.59637018810896,True,3.9197620811145164,6.919762081114516,7.563235811043837,-5.613993907794805,-2.6139939077948053,4.2
p4/2215/1,p4-2215,p4,R,6.0,22.59637018810896,True,5.3872386668907986,8.387238666890799,7.133188927735476,-3.0931587129038665,-0.09315871290386646,4.0
p4/2215/1,p4-2215,p4,R',2.0,22.59637018810896,True,9.786777045964431,12.786777045964431,7.14618482712164,1.275450782067173,4.275450782067173,3.4
p4/2215/1,p4-2215,p4,R',4.0,22.59637018810896,True,12.627769408563388,15.627769408563388,7.505223118584581,3.2397070652739774,6.2397070652739774,3.0
p4/2215/1,p4-2215,p4,R',6.0,22.59637018810896,True,14.162013795718583,17.162013795718583,7.6993183328404395,4.282096663983102,7.282096663983102,2.8
p4/2373/1,p4-2373,p4,U,2.0,5.257580139776017,False,,,,,,
p4/2373/1,p4-2373,p4,U,4.0,5.257580139776017,False,,,,,,
p4/2373/1,p4-2373,p4,U,6.0,5.257580139776017,False,,,,,,
p4/2373/1,p4-2373,p4,U',2.0,5.257580139776017,False,,,,,,
p4/2373/1,p4-2373,p4,U',4.0,5.257580139776017,False,,,,,,
p4/2373/1,p4-2373,p4,U',6.0,5.257580139776017,False,,,,,,
p4/2373/1,p4-2373,p4,L,2.0,5.257580139776017,True,5.257580139776017,8.257091858526017,0.00012544977592683835,5.257580137153076,8.257091855903075,0.6
p4/2373/1,p4-2373,p4,L,4.0,5.257580139776017,True,5.257580139776017,8.257091858526017,0.00012544977592683835,5.257580137153076,8.257091855903075,0.6
p4/2373/1,p4-2373,p4,L,6.0,5.257580139776017,True,5.257580139776017,8.257091858526017,0.00012544977592683835,5.257580137153076,8.257091855903075,0.6
p4/2373/1,p4-2373,p4,L',2.0,5.257580139776017,True,5.257580139776017,8.257091858526017,0.00012544977592683835,5.257580137153076,8.257091855903075,0.6
p4/2373/1,p4-2373,p4,L',4.0,5.257580139776017,True,5.257580139776017,8.257091858526017,0.00012544977592683835,5.257580137153076,8.257091855903075,0.6
p4/2373/1,p4-2373,p4,L',6.0,5.257580139776017,True,5.257580139776017,8.257091858526017,0.00012544977592683835,5.257580137153076,8.257091855903075,0.6
p4/2373/1,p4-2373,p4,R,2.0,5.257580139776017,True,1.6992322833679552,4.698744002117955,4.607848348850877,-1.8394787843000038,1.1600329344499962,2.0
p4/2373/1,p4-2373,p4,R,4.0,5.257580139776017,True,3.4445506027648296,6.44406232151483,3.588737487950715,1.298044476527695,4.297556195277695,1.6
p4/2373/1,p4-2373,p4,R,6.0,5.257580139776017,True,5.257580139776017,8.257091858526017,0.0010603823802004483,5.257579952374218,8.257091671124218,0.2
p4/2373/1,p4-2373,p4,R',2.0,5.257580139776017,True,3.4445506027648296,6.44406232151483,3.588737487950715,1.298044476527695,4.297556195277695,1.6
p4/2373/1,p4-2373,p4,R',4.0,5.257580139776017,True,4.5527412664717115,7.5522529852217115,2.0160588889364353,3.8753256925284427,6.874837411278443,1.2
p4/2373/1,p4-2373,p4,R',6.0,5.257580139776017,True,5.257580139776017,8.257091858526017,0.0010603823802004483,5.257579952374218,8.257091671124218,0.2
p4/27018/1,p4-27018,p4,U,2.0,24.5396613659887,True,0.014092954932753088,3.014092954932753,6.741707327475881,-7.56100999329091,-4.56100999329091,5.0
p4/27018/1,p4-27018,p4,U,4.0,24.5396613659887,True,0.014092954932753088,3.014092954932753,6.741707327475881,-7.56100999329091,-4.56100999329091,5.0
p4/27018/1,p4-27018,p4,U,6.0,24.5396613659887,True,0.014092954932753088,3.014092954932753,6.741707327475881,-7.56100999329091,-4.56100999329091,5.0
p4/27018/1,p4-27018,p4,U',2.0,24.5396613659887,True,4.015208662382541,7.015208662382541,7.008159608167956,-4.170508186543598,-1.1705081865435982,4.4
p4/27018/1,p4-27018,p4,U',4.0,24.5396613659887,True,4.015208662382541,7.015208662382541,7.008159608167956,-4.170508186543598,-1.1705081865435982,4.4
p4/27018/1,p4-27018,p4,U',6.0,24.5396613659887,True,9.851389217568872,12.851389217568872,7.364003017136788,0.813299144835586,3.813299144835586,3.6
p4/27018/1,p4-27018,p4,L,2.0,24.5396613659887,True,4.015208662382541,7.015208662382541,7.008159608167956,-4.170508186543598,-1.1705081865435982,4.4
p4/27018/1,p4-27018,p4,L,4.0,24.5396613659887,True,11.361183496117423,14.361183496117423,7.5783727717199,1.7892278515931626,4.7892278515931626,3.4
p4/27018/1,p4-27018,p4,L,6.0,24.5396613659887,True,11.361183496117423,14.361183496117423,7.5783727717199,1.7892278515931626,4.7892278515931626,3.4
p4/27018/1,p4-27018,p4,L',2.0,24.5396613659887,True,14.25075472653202,17.25075472653202,7.221735871155566,5.558509894409513,8.558509894409513,3.0
p4/27018/1,p4-27018,p4,L',4.0,24.5396613659887,True,14.25075472653202,17.25075472653202,7.221735871155566,5.558509894409513,8.558509894409513,3.0
p4/27018/1,p4-27018,p4,L',6.0,24.5396613659887,True,14.25075472653202,17.25075472653202,7.221735871155566,5.558509894409513,8.558509894409513,3.0
p4/27018/1,p4-27018,p4,R,2.0,24.5396613659887,True,1.3697596986963738,4.369759698696374,6.599122355017961,-5.888309610719927,-2.8883096107199266,4.8
p4/27018/1,p4-27018,p4,R,4.0,24.5396613659887,True,2.671543803118279,5.671543803118279,6.495647806183919,-4.360696267212046,-1.3606962672120462,4.6
p4/27018/1,p4-27018,p4,R,6.0,24.5396613659887,True,5.46143537202456,8.46143537202456,7.442031812753981,-3.7692042116491553,-0.7692042116491553,4.2
p4/27018/1,p4-27018,p4,R',2.0,24.5396613659887,True,11.361183496117423,14.361183496117423,7.5783727717199,1.7892278515931626,4.7892278515931626,3.4
p4/27018/1,p4-27018,p4,R',4.0,24.5396613659887,True,11.361183496117423,14.361183496117423,7.5783727717199,1.7892278515931626,4.7892278515931626,3.4
p4/27018/1,p4-27018,p4,R',6.0,24.5396613659887,True,15.743451532095062,18.74345153209506,7.702367952110335,5.855706187145669,8.85570618714567,2.8
p4/28198/1,p4-28198,p4,U,2.0,23.676592729516535,False,,,,,,
p4/28198/1,p4-28198,p4,U,4.0,23.676592729516535,False,,,,,,
p4/28198/1,p4-28198,p4,U,6.0,23.676592729516535,False,,,,,,
p4/28198/1,p4-28198,p4,U',2.0,23.676592729516535,False,,,,,,
p4/28198/1,p4-28198,p4,U',4.0,23.676592729516535,False,,,,,,
p4/28198/1,p4-28198,p4,U',6.0,23.676592729516535,False,,,,,,
p4/28198/1,p4-28198,p4,L,2.0,23.676592729516535,False,,,,,,
p4/28198/1,p4-28198,p4,L,4.0,23.676592729516535,False,,,,,,
p4/28198/1,p4-28198,p4,L,6.0,23.676592729516535,False,,,,,,
p4/28198/1,p4-28198,p4,L',2.0,23.676592729516535,False,,,,,,
p4/28198/1,p4-28198,p4,L',4.0,23.676592729516535,False,,,,,,
p4/28198/1,p4-28198,p4,L',6.0,23.676592729516535,False,,,,,,
p4/28198/1,p4-28198,p4,R,2.0,23.676592729516535,True,1.4095181462207833,4.409518146220783,6.684280981998852,-6.037083894831141,-3.0370838948311407,4.4
p4/28198/1,p4-28198,p4,R,4.0,23.676592729516535,True,2.7974100509501127,5.797410050950113,7.139913140867533,-5.698983225572034,-2.698983225572034,4.2
p4/28198/1,p4-28198,p4,R,6.0,23.676592729516535,True,5.718463799039267,8.718463799039267,7.552510514909234,-3.788272047263158,-0.7882720472631579,3.8
p4/28198/1,p4-28198,p4,R',2.0,23.676592729516535,True,10.150849618004234,13.150849618004234,7.6153944683435135,0.4851441332580695,3.4851441332580695,3.2
p4/28198/1,p4-28198,p4,R',4.0,23.676592729516535,True,11.642525876533053,14.642525876533053,7.175191198391582,3.061964420953716,6.061964420953716,3.0
p4/28198/1,p4-28198,p4,R',6.0,23.676592729516535,True,14.547852658160053,17.547852658160053,7.674611712000511,4.731241836497485,7.731241836497485,2.6
p4/28229/1,p4-28229,p4,U,2.0,21.89383156468123,False,,,,,,
p4/28229/1,p4-28229,p4,U,4.0,21.89383156468123,False,,,,,,
p4/28229/1,p4-28229,p4,U,6.0,21.89383156468123,False,,,,,,
p4/28229/1,p4-28229,p4,U',2.0,21.89383156468123,False,,,,,,
p4/28229/1,p4-28229,p4,U',4.0,21.89383156468123,False,,,,,,
p4/28229/1,p4-28229,p4,U',6.0,21.89383156468123,True,1.3692785659151987,4.3692709365206674,6.658473645081402,-6.019933314458737,-3.0199409438532685,4.45
p4/28229/1,p4-28229,p4,L,2.0,21.89383156468123,True,1.3692785659151987,4.3692709365206674,6.658473645081402,-6.019933314458737,-3.0199409438532685,4.45
p4/28229/1,p4-28229,p4,L,4.0,21.89383156468123,True,1.3692785659151987,4.3692709365206674,6.658473645081402,-6.019933314458737,-3.0199409438532685,4.45
p4/28229/1,p4-28229,p4,L,6.0,21.89383156468123,True,1.3692785659151987,4.3692709365206674,6.658473645081402,-6.019933314458737,-3.0199409438532685,4.45
p4/28229/1,p4-28229,p4,L',2.0,21.89383156468123,True,1.3692785659151987,4.3692709365206674,6.658473645081402,-6.019933314458737,-3.0199409438532685,4.45
p4/28229/1,p4-28229,p4,L',4.0,21.89383156468123,True,1.3692785659151987,4.3692709365206674,6.658473645081402,-6.019933314458737,-3.0199409438532685,4.45
p4/28229/1,p4-28229,p4,L',6.0,21.89383156468123,True,1.3692785659151987,4.3692709365206674,6.658473645081402,-6.019933314458737,-3.0199409438532685,4.45
p4/28229/1,p4-28229,p4,R,2.0,21.89383156468123,True,1.3692785659151987,4.3692709365206674,6.658473645081402,-6.019933314458737,-3.0199409438532685,4.45
p4/28229/1,p4-28229,p4,R,4.0,21.89383156468123,True,2.7647061169865808,5.7646984875920495,7.333822854352206,-6.199453492849877,-3.199461122244408,4.25
p4/28229/1,p4-28229,p4,R,6.0,21.89383156468123,True,5.71987290047878,8.719865271084249,7.142382370240714,-2.7823980866421127,0.217594283963356,3.85
p4/28229/1,p4-28229,p4,R',2.0,21.89383156468123,True,10.124692478173635,13.124684848779104,7.041062293415257,1.861932774881284,4.861925145486753,3.25
p4/28229/1,p4-28229,p4,R',4.0,21.89383156468123,True,13.051880527816284,16.051872898421752,7.736633216748077,3.0759649394013344,6.075957310006803,2.85
p4/28229/1,p4-28229,p4,R',6.0,21.89383156468123,True,13.051880527816284,16.051872898421752,7.736633216748077,3.0759649394013344,6.075957310006803,2.85
p4/28241/1,p4-28241,p4,U,2.0,22.234960072109356,True,0.04777661259401711,4.237214528818686,0.0,0.04777661259401711,4.237214528818686,6.6
p4/28241/1,p4-28241,p4,U,4.0,22.234960072109356,True,0.760805914896352,4.950243831121021,5.779361532805814,-4.806030706249577,-0.6165927900249075,4.6
p4/28241/1,p4-28241,p4,U,6.0,22.234960072109356,True,3.5130061699901454,7.702444086214815,7.507720789415266,-5.881305738646221,-1.6918678224215515,4.2
p4/28241/1,p4-28241,p4,U',2.0,22.234960072109356,True,6.431531861122448,10.620969777347117,7.142027391654608,-2.0698940160683392,2.11954390015633,3.8
p4/28241/1,p4-28241,p4,U',4.0,22.234960072109356,True,7.899886114258049,12.089324030482718,7.557867398848283,-1.62034048883757,2.5690974273870992,3.6
p4/28241/1,p4-28241,p4,U',6.0,22.234960072109356,True,9.405406384027472,13.594844300252142,7.285858342507919,0.5581177528454315,4.747555669070101,3.4
p4/28241/1,p4-28241,p4,L,2.0,22.234960072109356,True,7.899886114258049,12.089324030482718,7.557867398848283,-1.62034048883757,2.5690974273870992,3.6
p4/28241/1,p4-28241,p4,L,4.0,22.234960072109356,True,7.899886114258049,12.089324030482718,7.557867398848283,-1.62034048883757,2.5690974273870992,3.6
p4/28241/1,p4-28241,p4,L,6.0,22.234960072109356,True,9.405406384027472,13.594844300252142,7.285858342507919,0.5581177528454315,4.747555669070101,3.4
p4/28241/1,p4-28241,p4,L',2.0,22.234960072109356,True,13.805169981413595,17.994607897638264,7.672133816001341,3.9948970996417135,8.184335015866383,2.8
p4/28241/1,p4-28241,p4,L',4.0,22.234960072109356,True,13.805169981413595,17.994607897638264,7.672133816001341,3.9948970996417135,8.184335015866383,2.8
p4/28241/1,p4-28241,p4,L',6.0,22.234960072109356,True,13.805169981413595,17.994607897638264,7.672133816001341,3.9948970996417135,8.184335015866383,2.8
p4/28241/1,p4-28241,p4,R,2.0,22.234960072109356,True,0.760805914896352,4.950243831121021,5.779361532805814,-4.806030706249577,-0.6165927900249075,4.6
p4/28241/1,p4-28241,p4,R,4.0,22.234960072109356,True,3.5130061699901454,7.702444086214815,7.507720789415266,-5.881305738646221,-1.6918678224215515,4.2
p4/28241/1,p4-28241,p4,R,6.0,22.234960072109356,True,5.003675973183309,9.193113889407979,7.230286407088996,-3.709164281572674,0.48027363465199535,4.0
p4/28241/1,p4-28241,p4,R',2.0,22.234960072109356,True,9.405406384027472,13.594844300252142,7.285858342507919,0.5581177528454315,4.747555669070101,3.4
p4/28241/1,p4-28241,p4,R',4.0,22.234960072109356,True,13.805169981413595,17.994607897638264,7.672133816001341,3.9948970996417135,8.184335015866383,2.8
p4/28241/1,p4-28241,p4,R',6.0,22.234960072109356,True,13.805169981413595,17.994607897638264,7.672133816001341,3.9948970996417135,8.184335015866383,2.8
p4/28243/1,p4-28243,p4,U,2.0,24.715552562288615,False,,,,,,
p4/28243/1,p4-28243,p4,U,4.0,24.715552562288615,False,,,,,,
p4/28243/1,p4-28243,p4,U,6.0,24.715552562288615,True,-1.4059870259811937,1.5940129740188063,0.01983952871486819,-1.4060526271311318,1.5939473728688682,5.4
p4/28243/1,p4-28243,p4,U',2.0,24.715552562288615,True,2.8078926371482993,5.807892637148299,7.290013202857218,-6.049489445823793,-3.0494894458237933,4.6
p4/28243/1,p4-28243,p4,U',4.0,24.715552562288615,True,2.8078926371482993,5.807892637148299,7.290013202857218,-6.049489445823793,-3.0494894458237933,4.6
p4/28243/1,p4-28243,p4,U',6.0,24.715552562288615,True,7.19999561747461,10.19999561747461,7.553103412902405,-2.308232910191716,0.6917670898082839,4.0
p4/28243/1,p4-28243,p4,L,2.0,24.715552562288615,True,5.706217310561474,8.706217310561474,7.316735635540213,-3.216219416169201,-0.21621941616920104,4.2
p4/28243/1,p4-28243,p4,L,4.0,24.715552562288615,True,7.19999561747461,10.19999561747461,7.553103412902405,-2.308232910191716,0.6917670898082839,4.0
p4/28243/1,p4-28243,p4,L,6.0,24.715552562288615,True,10.115164710210642,13.115164710210642,7.380297839764555,1.037032009605083,4.037032009605083,3.6
p4/28243/1,p4-28243,p4,L',2.0,24.715552562288615,True,16.017160523881312,19.017160523881312,7.746773411649092,6.015077475309093,9.015077475309093,2.8
p4/28243/1,p4-28243,p4,L',4.0,24.715552562288615,True,16.017160523881312,19.017160523881312,7.746773411649092,6.015077475309093,9.015077475309093,2.8
p4/28243/1,p4-28243,p4,L',6.0,24.715552562288615,True,17.525344276830833,20.525344276830833,7.149648892533303,9.00576439574705,12.00576439574705,2.6
p4/28243/1,p4-28243,p4,R,2.0,24.715552562288615,True,1.408717348391228,4.408717348391228,6.7278508070979,-6.135278732036749,-3.135278732036749,4.8
p4/28243/1,p4-28243,p4,R,4.0,24.715552562288615,True,2.8078926371482993,5.807892637148299,7.290013202857218,-6.049489445823793,-3.0494894458237933,4.6
p4/28243/1,p4-28243,p4,R,6.0,24.715552562288615,True,5.706217310561474,8.706217310561474,7.316735635540213,-3.216219416169201,-0.21621941616920104,4.2
p4/28243/1,p4-28243,p4,R',2.0,24.715552562288615,True,10.115164710210642,13.115164710210642,7.380297839764555,1.037032009605083,4.037032009605083,3.6
p4/28243/1,p4-28243,p4,R',4.0,24.715552562288615,True,11.620540955452967,14.620540955452967,7.559578598778937,2.0960028569335467,5.096002856933547,3.4
p4/28243/1,p4-28243,p4,R',6.0,24.715552562288615,True,14.511175222097805,17.511175222097805,7.309509448377286,5.60635382611167,8.60635382611167,3.0
p4/28330/1,p4-28330,p4,U,2.0,22.705053408438378,False,,,,,,
p4/28330/1,p4-28330,p4,U,4.0,22.705053408438378,False,,,,,,
p4/28330/1,p4-28330,p4,U,6.0,22.705053408438378,False,,,,,,
p4/28330/1,p4-28330,p4,U',2.0,22.705053408438378,False,,,,,,
p4/28330/1,p4-28330,p4,U',4.0,22.705053408438378,False,,,,,,
p4/28330/1,p4-28330,p4,U',6.0,22.705053408438378,False,,,,,,
p4/28330/1,p4-28330,p4,L,2.0,22.705053408438378,True,0.09350697100492766,3.0935069710049277,2.4858932700878196,-0.9364372540397246,2.0635627459602754,4.85
p4/28330/1,p4-28330,p4,L,4.0,22.705053408438378,True,0.09350697100492766,3.0935069710049277,2.4858932700878196,-0.9364372540397246,2.0635627459602754,4.85
p4/28330/1,p4-28330,p4,L,6.0,22.705053408438378,True,0.09350697100492766,3.0935069710049277,2.4858932700878196,-0.9364372540397246,2.0635627459602754,4.85
p4/28330/1,p4-28330,p4,L',2.0,22.705053408438378,True,0.09350697100492766,3.0935069710049277,2.4858932700878196,-0.9364372540397246,2.0635627459602754,4.85
p4/28330/1,p4-28330,p4,L',4.0,22.705053408438378,True,0.09350697100492766,3.0935069710049277,2.4858932700878196,-0.9364372540397246,2.0635627459602754,4.85
p4/28330/1,p4-28330,p4,L',6.0,22.705053408438378,True,0.09350697100492766,3.0935069710049277,2.4858932700878196,-0.9364372540397246,2.0635627459602754,4.85
p4/28330/1,p4-28330,p4,R,2.0,22.705053408438378,True,1.0019751323193944,4.001975132319394,6.261660809833566,-5.532757550581532,-2.5327575505815316,4.65
p4/28330/1,p4-28330,p4,R,4.0,22.705053408438378,True,3.817945922014797,6.817945922014797,7.588582600483069,-5.779818392044266,-2.779818392044266,4.25
p4/28330/1,p4-28330,p4,R,6.0,22.705053408438378,True,5.304304642751198,8.304304642751198,7.195620831769921,-3.325188549682343,-0.325188549682343,4.05
p4/28330/1,p4-28330,p4,R',2.0,22.705053408438378,True,9.700878956518888,12.700878956518888,7.205023090915739,1.0488193330807238,4.048819333080724,3.45
p4/28330/1,p4-28330,p4,R',4.0,22.705053408438378,True,12.549570421048408,15.549570421048408,7.466240477927669,3.2587792753408102,6.25877927534081,3.05
p4/28330/1,p4-28330,p4,R',6.0,22.705053408438378,True,14.081095695595597,17.081095695595597,7.697034692334962,4.2070385197609355,7.2070385197609355,2.85
p4/2844/2,p4-2844,p4,U,2.0,25.186110321643426,False,,,,,,
p4/2844/2,p4-2844,p4,U,4.0,25.186110321643426,False,,,,,,
p4/2844/2,p4-2844,p4,U,6.0,25.186110321643426,False,,,,,,
p4/2844/2,p4-2844,p4,U',2.0,25.186110321643426,True,4.925789111446353,7.925789111446353,7.208729272935901,-3.7351738436341417,-0.7351738436341417,4.4
p4/2844/2,p4-2844,p4,U',4.0,25.186110321643426,True,6.364022945050664,9.364022945050664,7.328964341798365,-2.588263442174659,0.4117365578253409,4.2
p4/2844/2,p4-2844,p4,U',6.0,25.186110321643426,True,6.364022945050664,9.364022945050664,7.328964341798365,-2.588263442174659,0.4117365578253409,4.2
p4/2844/2,p4-2844,p4,L,2.0,25.186110321643426,True,0.5245127149688749,3.524512714968875,7.195235766989257,-8.104056908791373,-5.104056908791373,5.0
p4/2844/2,p4-2844,p4,L,4.0,25.186110321643426,True,7.859671931671922,10.859671931671922,7.5411703652210536,-1.6185364812094516,1.3814635187905484,4.0
p4/2844/2,p4-2844,p4,L,6.0,25.186110321643426,True,16.673504510354334,19.673504510354334,7.700663480158147,6.790134837914104,9.790134837914104,2.8
p4/2844/2,p4-2844,p4,L',2.0,25.186110321643426,True,19.47028131609992,22.47028131609992,6.154308470945898,13.157695856840515,16.157695856840515,2.4
p4/2844/2,p4-2844,p4,L',4.0,25.186110321643426,True,19.47028131609992,22.47028131609992,6.154308470945898,13.157695856840515,16.157695856840515,2.4
p4/2844/2,p4-2844,p4,L',6.0,25.186110321643426,True,19.47028131609992,22.47028131609992,6.154308470945898,13.157695856840515,16.157695856840515,2.4
p4/2844/2,p4-2844,p4,R,2.0,25.186110321643426,True,1.9560638530721342,4.956063853072134,7.268440034565012,-6.848972902939105,-3.8489729029391047,4.8
p4/2844/2,p4-2844,p4,R,4.0,25.186110321643426,True,3.4442480400271833,6.444248040027183,7.584387082850345,-6.142906530390677,-3.142906530390677,4.6
p4/2844/2,p4-2844,p4,R,6.0,25.186110321643426,True,4.925789111446353,7.925789111446353,7.208729272935901,-3.7351738436341417,-0.7351738436341417,4.4
p4/2844/2,p4-2844,p4,R',2.0,25.186110321643426,True,10.771219715901847,13.771219715901847,7.386256334633541,1.678422609082828,4.678422609082828,3.6
p4/2844/2,p4-2844,p4,R',4.0,25.186110321643426,True,12.275458902115325,15.275458902115325,7.521143641290478,2.8475252899612933,5.847525289961293,3.4
p4/2844/2,p4-2844,p4,R',6.0,25.186110321643426,True,13.734945418019468,16.734945418019468,7.123429310925531,5.2777378933939705,8.27773789339397,3.2
p4/2847/1,p4-2847,p4,U,2.0,21.91984119237602,True,1.414304702690913,4.413758787657343,7.101468969393426,-6.990838884518707,-3.991384799552277,4.4
p4/2847/1,p4-2847,p4,U,4.0,21.91984119237602,True,2.852398424983214,5.851852509949644,7.378996203795251,-6.222532404287573,-3.223078319321143,4.2
p4/2847/1,p4-2847,p4,U,6.0,21.91984119237602,True,4.357800647244506,7.3572547322109365,7.508156298703378,-5.037601187048695,-2.038147102082265,4.0
p4/2847/1,p4-2847,p4,U',2.0,21.91984119237602,True,5.818692205143957,8.818146290110388,7.118884846272246,-2.6277280372701455,0.3717260476962849,3.8
p4/2847/1,p4-2847,p4,U',4.0,21.91984119237602,True,7.255260201801448,10.254714286767879,7.352916682887778,-1.7556370891134527,1.2438169958529777,3.6
p4/2847/1,p4-2847,p4,U',6.0,21.91984119237602,True,8.761184574922503,11.760638659888933,7.579600425155947,-0.8138725259148654,2.185581559051565,3.4
p4/2847/1,p4-2847,p4,L,2.0,21.91984119237602,True,5.818692205143957,8.818146290110388,7.118884846272246,-2.6277280372701455,0.3717260476962849,3.8
p4/2847/1,p4-2847,p4,L,4.0,21.91984119237602,True,5.818692205143957,8.818146290110388,7.118884846272246,-2.6277280372701455,0.3717260476962849,3.8
p4/2847/1,p4-2847,p4,L,6.0,21.91984119237602,True,8.761184574922503,11.760638659888933,7.579600425155947,-0.8138725259148654,2.185581559051565,3.4
p4/2847/1,p4-2847,p4,L',2.0,21.91984119237602,True,10.231427165652132,13.230881250618562,7.1170206957005995,1.7894299018136923,4.788883986780123,3.2
p4/2847/1,p4-2847,p4,L',4.0,21.91984119237602,True,10.231427165652132,13.230881250618562,7.1170206957005995,1.7894299018136923,4.788883986780123,3.2
p4/2847/1,p4-2847,p4,L',6.0,21.91984119237602,True,14.6630676364866,17.662521721453032,7.214396184065517,5.988482253043417,8.987936338009849,2.6
p4/2847/1,p4-2847,p4,R,2.0,21.91984119237602,True,1.414304702690913,4.413758787657343,7.101468969393426,-6.990838884518707,-3.991384799552277,4.4
p4/2847/1,p4-2847,p4,R,4.0,21.91984119237602,True,2.852398424983214,5.851852509949644,7.378996203795251,-6.222532404287573,-3.223078319321143,4.2
p4/2847/1,p4-2847,p4,R,6.0,21.91984119237602,True,5.818692205143957,8.818146290110388,7.118884846272246,-2.6277280372701455,0.3717260476962849,3.8
p4/2847/1,p4-2847,p4,R',2.0,21.91984119237602,True,10.231427165652132,13.230881250618562,7.1170206957005995,1.7894299018136923,4.788883986780123,3.2
p4/2847/1,p4-2847,p4,R',4.0,21.91984119237602,True,13.145785048383523,16.145239133349953,7.6989610632846555,3.266784806054657,6.2662388910210876,2.8
p4/2847/1,p4-2847,p4,R',6.0,21.91984119237602,True,14.6630676364866,17.662521721453032,7.214396184065517,5.988482253043417,8.987936338009849,2.6
p4/2943/1,p4-2943,p4,U,2.0,22.568006798579997,False,,,,,,
p4/2943/1,p4-2943,p4,U,4.0,22.568006798579997,False,,,,,,
p4/2943/1,p4-2943,p4,U,6.0,22.568006798579997,True,0.14587538176377635,3.1458753817637763,7.250071092535421,-8.61471309270585,-5.61471309270585,18.4
p4/2943/1,p4-2943,p4,U',2.0,22.568006798579997,True,1.538459299802188,4.538459299802188,6.505373110104472,-5.514853917142866,-2.514853917142866,18.2
p4/2943/1,p4-2943,p4,U',4.0,22.568006798579997,True,1.538459299802188,4.538459299802188,6.505373110104472,-5.514853917142866,-2.514853917142866,18.2
p4/2943/1,p4-2943,p4,U',6.0,22.568006798579997,True,4.787729016765127,7.787729016765127,4.7463381118317205,1.0331081047940764,4.033108104794076,17.6
p4/2943/1,p4-2943,p4,L,2.0,22.568006798579997,True,7.781138913080955,10.781138913080955,0.007350385596263834,7.7811299083862195,10.78112990838622,4.2
p4/2943/1,p4-2943,p4,L,4.0,22.568006798579997,True,9.524544799230224,12.524544799230224,6.555745735498303,2.3615777744795254,5.361577774479525,3.4
p4/2943/1,p4-2943,p4,L,6.0,22.568006798579997,True,9.524544799230224,12.524544799230224,6.555745735498303,2.3615777744795254,5.361577774479525,3.4
p4/2943/1,p4-2943,p4,L',2.0,22.568006798579997,True,9.524544799230224,12.524544799230224,6.555745735498303,2.3615777744795254,5.361577774479525,3.4
p4/2943/1,p4-2943,p4,L',4.0,22.568006798579997,True,13.797739762109384,16.797739762109384,7.725868583674121,3.8495655334089225,6.8495655334089225,2.8
p4/2943/1,p4-2943,p4,L',6.0,22.568006798579997,True,17.78089581560699,20.78089581560699,5.23638500268016,13.210941166224705,16.210941166224707,2.2
p4/2943/1,p4-2943,p4,R,2.0,22.568006798579997,True,1.538459299802188,4.538459299802188,6.505373110104472,-5.514853917142866,-2.514853917142866,18.2
p4/2943/1,p4-2943,p4,R,4.0,22.568006798579997,True,3.765511278286759,6.765511278286759,5.229250896708951,-0.7919995451684692,2.208000454831531,17.8
p4/2943/1,p4-2943,p4,R,6.0,22.568006798579997,True,5.6593119288605145,8.659311928860514,3.915000368926994,3.1047739474107647,6.104773947410765,17.4
p4/2943/1,p4-2943,p4,R',2.0,22.568006798579997,True,4.787729016765127,7.787729016765127,4.7463381118317205,1.0331081047940764,4.033108104794076,17.6
p4/2943/1,p4-2943,p4,R',4.0,22.568006798579997,True,13.797739762109384,16.797739762109384,7.725868583674121,3.8495655334089225,6.8495655334089225,2.8
p4/2943/1,p4-2943,p4,R',6.0,22.568006798579997,True,13.797739762109384,16.797739762109384,7.725868583674121,3.8495655334089225,6.8495655334089225,2.8
p4/2989/1,p4-2989,p4,U,2.0,23.998919320720354,False,,,,,,
p4/2989/1,p4-2989,p4,U,4.0,23.998919320720354,False,,,,,,
p4/2989/1,p4-2989,p4,U,6.0,23.998919320720354,False,,,,,,
p4/2989/1,p4-2989,p4,U',2.0,23.998919320720354,True,0.85144906580555,3.85144906580555,6.586006552751926,-6.377797986343002,-3.377797986343002,4.8
p4/2989/1,p4-2989,p4,U',4.0,23.998919320720354,True,2.1712738547576684,5.171273854757668,6.757951052915488,-5.440376550842591,-2.4403765508425908,4.6
p4/2989/1,p4-2989,p4,U',6.0,23.998919320720354,True,10.925671870783216,13.925671870783216,7.51756990665398,1.5066956538782943,4.506695653878294,3.4
p4/2989/1,p4-2989,p4,L,2.0,23.998919320720354,True,2.1712738547576684,5.171273854757668,6.757951052915488,-5.440376550842591,-2.4403765508425908,4.6
p4/2989/1,p4-2989,p4,L,4.0,23.998919320720354,True,3.565805501526526,6.565805501526526,7.170156294665323,-5.002718046794932,-2.002718046794932,4.4
p4/2989/1,p4-2989,p4,L,6.0,23.998919320720354,True,5.009165400118885,8.009165400118885,7.383432982791648,-4.076681701777044,-1.0766817017770443,4.2
p4/2989/1,p4-2989,p4,L',2.0,23.998919320720354,True,15.31971657993829,18.31971657993829,7.757347972194901,5.290308652985567,8.290308652985567,2.8
p4/2989/1,p4-2989,p4,L',4.0,23.998919320720354,True,15.31971657993829,18.31971657993829,7.757347972194901,5.290308652985567,8.290308652985567,2.8
p4/2989/1,p4-2989,p4,L',6.0,23.998919320720354,True,15.31971657993829,18.31971657993829,7.757347972194901,5.290308652985567,8.290308652985567,2.8
p4/2989/1,p4-2989,p4,R,2.0,23.998919320720354,True,0.85144906580555,3.85144906580555,6.586006552751926,-6.377797986343002,-3.377797986343002,4.8
p4/2989/1,p4-2989,p4,R,4.0,23.998919320720354,True,3.565805501526526,6.565805501526526,7.170156294665323,-5.002718046794932,-2.002718046794932,4.4
p4/2989/1,p4-2989,p4,R,6.0,23.998919320720354,True,5.009165400118885,8.009165400118885,7.383432982791648,-4.076681701777044,-1.0766817017770443,4.2
p4/2989/1,p4-2989,p4,R',2.0,23.998919320720354,True,10.925671870783216,13.925671870783216,7.51756990665398,1.5066956538782943,4.506695653878294,3.4
p4/2989/1,p4-2989,p4,R',4.0,23.998919320720354,True,12.383192025786371,15.383192025786371,7.109274108789454,3.9595623001356905,6.9595623001356905,3.2
p4/2989/1,p4-2989,p4,R',6.0,23.998919320720354,True,15.31971657993829,18.31971657993829,7.757347972194901,5.290308652985567,8.290308652985567,2.8
p4/3086/1,p4-3086,p4,U,2.0,27.42564401712948,False,,,,,,
p4/3086/1,p4-3086,p4,U,4.0,27.42564401712948,True,0.6255738506325201,3.62557385063252,0.008521806901119571,0.6255617471003768,3.625561747100377,5.8
p4/3086/1,p4-3086,p4,U,6.0,27.42564401712948,True,2.6455992826755264,5.645599282675526,6.846324052360472,-5.166426222312725,-2.166426222312725,5.0
p4/3086/1,p4-3086,p4,U',2.0,27.42564401712948,True,7.024275833076096,10.024275833076096,7.139777973829937,-1.4717957528550905,1.5282042471449095,4.4
p4/3086/1,p4-3086,p4,U',4.0,27.42564401712948,True,7.024275833076096,10.024275833076096,7.139777973829937,-1.4717957528550905,1.5282042471449095,4.4
p4/3086/1,p4-3086,p4,U',6.0,27.42564401712948,True,12.889467443361344,15.889467443361344,7.537875445843223,3.419539737186982,6.419539737186982,3.6
p4/3086/1,p4-3086,p4,L,2.0,27.42564401712948,True,8.477832079153092,11.477832079153092,7.4906416937020435,-0.8737867514181445,2.1262132485818555,4.2
p4/3086/1,p4-3086,p4,L,4.0,27.42564401712948,True,12.889467443361344,15.889467443361344,7.537875445843223,3.419539737186982,6.419539737186982,3.6
p4/3086/1,p4-3086,p4,L,6.0,27.42564401712948,True,14.397588969247167,17.397588969247167,7.348689083462467,5.397050428347093,8.397050428347093,3.4
p4/3086/1,p4-3086,p4,L',2.0,27.42564401712948,True,18.77815632740122,21.77815632740122,7.802413044234014,8.631881441929037,11.631881441929037,2.8
p4/3086/1,p4-3086,p4,L',4.0,27.42564401712948,True,20.285180487451044,23.285180487451044,7.117860085826643,11.841191787217033,14.841191787217033,2.6
p4/3086/1,p4-3086,p4,L',6.0,27.42564401712948,True,21.6250285890595,24.6250285890595,6.212386828277924,15.19273690503266,18.19273690503266,2.4
p4/3086/1,p4-3086,p4,R,2.0,27.42564401712948,True,1.3449978617047265,4.3449978617047265,5.80791167048537,-4.276975133655301,-1.2769751336553012,5.2
p4/3086/1,p4-3086,p4,R,4.0,27.42564401712948,True,2.6455992826755264,5.645599282675526,6.846324052360472,-5.166426222312725,-2.166426222312725,5.0
p4/3086/1,p4-3086,p4,R,6.0,27.42564401712948,True,5.581948766453731,8.581948766453731,7.382300760721699,-3.5011119871716314,-0.5011119871716314,4.6
p4/3086/1,p4-3086,p4,R',2.0,27.42564401712948,True,9.98345117109049,12.98345117109049,7.386275664072153,0.8906064734797354,3.8906064734797354,4.0
p4/3086/1,p4-3086,p4,R',4.0,27.42564401712948,True,12.889467443361344,15.889467443361344,7.537875445843223,3.419539737186982,6.419539737186982,3.6
p4/3086/1,p4-3086,p4,R',6.0,27.42564401712948,True,14.397588969247167,17.397588969247167,7.348689083462467,5.397050428347093,8.397050428347093,3.4
p4/3090/1,p4-3090,p4,U,2.0,26.097028891826994,False,,,,,,
p4/3090/1,p4-3090,p4,U,4.0,26.097028891826994,True,-0.2865901689316033,2.7134098310683967,0.8592724557978942,-0.40964836114709396,2.590351638852906,5.4
p4/3090/1,p4-3090,p4,U,6.0,26.097028891826994,True,-0.2865901689316033,2.7134098310683967,0.8592724557978942,-0.40964836114709396,2.590351638852906,5.4
p4/3090/1,p4-3090,p4,U',2.0,26.097028891826994,True,3.011995930579733,6.011995930579733,7.432783156367586,-6.195714977683883,-3.195714977683883,4.8
p4/3090/1,p4-3090,p4,U',4.0,26.097028891826994,True,7.405931187084718,10.405931187084718,7.561964288245609,-2.1246194623656027,0.8753805376343973,4.2
p4/3090/1,p4-3090,p4,U',6.0,26.097028891826994,True,11.806701133768993,14.806701133768993,7.567331770514999,2.2626161129280487,5.262616112928049,3.6
p4/3090/1,p4-3090,p4,L,2.0,26.097028891826994,True,5.935100838438547,8.935100838438547,7.176540327023214,-2.6486876724598627,0.3513123275401373,4.4
p4/3090/1,p4-3090,p4,L,4.0,26.097028891826994,True,11.806701133768993,14.806701133768993,7.567331770514999,2.2626161129280487,5.262616112928049,3.6
p4/3090/1,p4-3090,p4,L,6.0,26.097028891826994,True,13.307682759744992,16.307682759744992,7.263841675875255,4.513783444381287,7.513783444381287,3.4
p4/3090/1,p4-3090,p4,L',2.0,26.097028891826994,True,17.697587348509366,20.697587348509366,7.671176955777288,7.889761367367948,10.889761367367948,2.8
p4/3090/1,p4-3090,p4,L',4.0,26.097028891826994,True,17.697587348509366,20.697587348509366,7.671176955777288,7.889761367367948,10.889761367367948,2.8
p4/3090/1,p4-3090,p4,L',6.0,26.097028891826994,True,17.697587348509366,20.697587348509366,7.671176955777288,7.889761367367948,10.889761367367948,2.8
p4/3090/1,p4-3090,p4,R,2.0,26.097028891826994,True,1.5857222805544744,4.585722280554474,6.794818782391596,-6.109204767035795,-3.109204767035795,5.0
p4/3090/1,p4-3090,p4,R,4.0,26.097028891826994,True,3.011995930579733,6.011995930579733,7.432783156367586,-6.195714977683883,-3.195714977683883,4.8
p4/3090/1,p4-3090,p4,R,6.0,26.097028891826994,True,5.935100838438547,8.935100838438547,7.176540327023214,-2.6486876724598627,0.3513123275401373,4.4
p4/3090/1,p4-3090,p4,R',2.0,26.097028891826994,True,10.336725274763747,13.336725274763747,7.172192093065575,1.7633353714583553,4.763335371458355,3.8
p4/3090/1,p4-3090,p4,R',4.0,26.097028891826994,True,11.806701133768993,14.806701133768993,7.567331770514999,2.2626161129280487,5.262616112928049,3.6
p4/3090/1,p4-3090,p4,R',6.0,26.097028891826994,True,13.307682759744992,16.307682759744992,7.263841675875255,4.513783444381287,7.513783444381287,3.4
p4/3093/1,p4-3093,p4,U,2.0,26.96720988973861,False,,,,,,
p4/3093/1,p4-3093,p4,U,4.0,26.96720988973861,True,0.13921787026976773,3.1392178702697677,1.600224868863103,-0.2875687348848881,2.7124312651151117,5.4
p4/3093/1,p4-3093,p4,U,6.0,26.96720988973861,True,3.680262326608041,6.680262326608041,7.474691974378209,-5.631574358697629,-2.6315743586976286,4.8
p4/3093/1,p4-3093,p4,U',2.0,26.96720988973861,True,9.596359954950124,12.596359954950124,7.332135748359951,0.6363241828871349,3.636324182887135,4.0
p4/3093/1,p4-3093,p4,U',4.0,26.96720988973861,True,9.596359954950124,12.596359954950124,7.332135748359951,0.6363241828871349,3.636324182887135,4.0
p4/3093/1,p4-3093,p4,U',6.0,26.96720988973861,True,11.034141456262049,14.034141456262049,7.1307920399796245,2.5594422700225863,5.559442270022586,3.8
p4/3093/1,p4-3093,p4,L,2.0,26.96720988973861,True,3.680262326608041,6.680262326608041,7.474691974378209,-5.631574358697629,-2.6315743586976286,4.8
p4/3093/1,p4-3093,p4,L,4.0,26.96720988973861,True,5.185736107331909,8.185736107331909,7.376040029211896,-3.8819249780907956,-0.8819249780907956,4.6
p4/3093/1,p4-3093,p4,L,6.0,26.96720988973861,True,8.092351490959128,11.092351490959128,7.516231378431702,-1.3232708647277587,1.6767291352722413,4.2
p4/3093/1,p4-3093,p4,L',2.0,26.96720988973861,True,18.373650658236667,21.373650658236667,7.750943447847727,8.360796602947731,11.360796602947731,2.8
p4/3093/1,p4-3093,p4,L',4.0,26.96720988973861,True,18.373650658236667,21.373650658236667,7.750943447847727,8.360796602947731,11.360796602947731,2.8
p4/3093/1,p4-3093,p4,L',6.0,26.96720988973861,True,18.373650658236667,21.373650658236667,7.750943447847727,8.360796602947731,11.360796602947731,2.8
p4/3093/1,p4-3093,p4,R,2.0,26.96720988973861,True,0.9372107815364465,3.9372107815364465,6.009489499878685,-5.081783226655582,-2.081783226655582,5.2
p4/3093/1,p4-3093,p4,R,4.0,26.96720988973861,True,3.680262326608041,6.680262326608041,7.474691974378209,-5.631574358697629,-2.6315743586976286,4.8
p4/3093/1,p4-3093,p4,R,6.0,26.96720988973861,True,5.185736107331909,8.185736107331909,7.376040029211896,-3.8819249780907956,-0.8819249780907956,4.6
p4/3093/1,p4-3093,p4,R',2.0,26.96720988973861,True,9.596359954950124,12.596359954950124,7.332135748359951,0.6363241828871349,3.636324182887135,4.0
p4/3093/1,p4-3093,p4,R',4.0,26.96720988973861,True,12.490925727454613,15.490925727454613,7.5152189868732115,3.0778396573446756,6.077839657344676,3.6
p4/3093/1,p4-3093,p4,R',6.0,26.96720988973861,True,14.00119413206593,17.00119413206593,7.372468359379311,4.942312513724419,7.942312513724419,3.4
p4/3099/1,p4-3099,p4,U,2.0,26.514069975369242,False,,,,,,
p4/3099/1,p4-3099,p4,U,4.0,26.514069975369242,True,0.6531228827155822,4.890738382713266,2.5967706428138357,-0.4707467458477148,3.7668687541499692,5.2
p4/3099/1,p4-3099,p4,U,6.0,26.514069975369242,True,0.6531228827155822,4.890738382713266,2.5967706428138357,-0.4707467458477148,3.7668687541499692,5.2
p4/3099/1,p4-3099,p4,U',2.0,26.514069975369242,True,2.9056485618162533,7.143264061813937,7.042966184360365,-5.361580217191014,-1.1239647171933296,4.8
p4/3099/1,p4-3099,p4,U',4.0,26.514069975369242,True,2.9056485618162533,7.143264061813937,7.042966184360365,-5.361580217191014,-1.1239647171933296,4.8
p4/3099/1,p4-3099,p4,U',6.0,26.514069975369242,True,8.79578999785366,13.033405497851344,7.562956463304334,-0.7372617464524733,3.5003537535452107,4.0
p4/3099/1,p4-3099,p4,L,2.0,26.514069975369242,True,2.9056485618162533,7.143264061813937,7.042966184360365,-5.361580217191014,-1.1239647171933296,4.8
p4/3099/1,p4-3099,p4,L,4.0,26.514069975369242,True,2.9056485618162533,7.143264061813937,7.042966184360365,-5.361580217191014,-1.1239647171933296,4.8
p4/3099/1,p4-3099,p4,L,6.0,26.514069975369242,True,8.79578999785366,13.033405497851344,7.562956463304334,-0.7372617464524733,3.5003537535452107,4.0
p4/3099/1,p4-3099,p4,L',2.0,26.514069975369242,True,13.216617386325154,17.45423288632284,7.594412734949307,3.6040999215317857,7.84171542152947,3.4
p4/3099/1,p4-3099,p4,L',4.0,26.514069975369242,True,16.123052125981285,20.36066762597897,7.189607527020499,7.50797606054965,11.745591560547334,3.0
p4/3099/1,p4-3099,p4,L',6.0,26.514069975369242,True,16.123052125981285,20.36066762597897,7.189607527020499,7.50797606054965,11.745591560547334,3.0
p4/3099/1,p4-3099,p4,R,2.0,26.514069975369242,True,1.5476026199586954,5.7852181199563795,6.342010996502764,-5.155914626668301,-0.9182991266706173,5.0
p4/3099/1,p4-3099,p4,R,4.0,26.514069975369242,True,2.9056485618162533,7.143264061813937,7.042966184360365,-5.361580217191014,-1.1239647171933296,4.8
p4/3099/1,p4-3099,p4,R,6.0,26.514069975369242,True,5.869033106045617,10.1066486060433,7.305689446979584,-3.0264832765725274,1.2111322234251567,4.4
p4/3099/1,p4-3099,p4,R',2.0,26.514069975369242,True,10.283785240753186,14.52140074075087,7.219750773486737,1.5963183688761298,5.833933868873814,3.8
p4/3099/1,p4-3099,p4,R',4.0,26.514069975369242,True,13.216617386325154,17.45423288632284,7.594412734949307,3.6040999215317857,7.84171542152947,3.4
p4/3099/1,p4-3099,p4,R',6.0,26.514069975369242,True,13.216617386325154,17.45423288632284,7.594412734949307,3.6040999215317857,7.84171542152947,3.4
p4/3100/1,p4-3100,p4,U,2.0,25.94742866854636,True,-0.056115715516291687,2.9438842844837083,0.0,-0.056115715516291687,2.9438842844837083,7.0
p4/3100/1,p4-3100,p4,U,4.0,25.94742866854636,True,1.006032187379084,4.006032187379084,6.1896642629607985,-5.379291760649924,-2.3792917606499238,5.0
p4/3100/1,p4-3100,p4,U,6.0,25.94742866854636,True,1.006032187379084,4.006032187379084,6.1896642629607985,-5.379291760649924,-2.3792917606499238,5.0
p4/3100/1,p4-3100,p4,U',2.0,25.94742866854636,True,11.16505003687637,14.16505003687637,7.274194488198726,2.3460657948529136,5.3460657948529136,3.6
p4/3100/1,p4-3100,p4,U',4.0,25.94742866854636,True,11.16505003687637,14.16505003687637,7.274194488198726,2.3460657948529136,5.3460657948529136,3.6
p4/3100/1,p4-3100,p4,U',6.0,25.94742866854636,True,12.657559506615058,15.657559506615058,7.600057298911667,3.0307476821583084,6.030747682158308,3.4
p4/3100/1,p4-3100,p4,L,2.0,25.94742866854636,True,8.235007845195579,11.235007845195579,7.555205414838107,-1.2785136315375976,1.7214863684624024,4.0
p4/3100/1,p4-3100,p4,L,4.0,25.94742866854636,True,11.16505003687637,14.16505003687637,7.274194488198726,2.3460657948529136,5.3460657948529136,3.6
p4/3100/1,p4-3100,p4,L,6.0,25.94742866854636,True,12.657559506615058,15.657559506615058,7.600057298911667,3.0307476821583084,6.030747682158308,3.4
p4/3100/1,p4-3100,p4,L',2.0,25.94742866854636,True,14.141953796050462,17.141953796050462,7.1690031514669945,5.576186098426513,8.576186098426513,3.2
p4/3100/1,p4-3100,p4,L',4.0,25.94742866854636,True,14.141953796050462,17.141953796050462,7.1690031514669945,5.576186098426513,8.576186098426513,3.2
p4/3100/1,p4-3100,p4,L',6.0,25.94742866854636,True,14.141953796050462,17.141953796050462,7.1690031514669945,5.576186098426513,8.576186098426513,3.2
p4/3100/1,p4-3100,p4,R,2.0,25.94742866854636,True,1.006032187379084,4.006032187379084,6.1896642629607985,-5.379291760649924,-2.3792917606499238,5.0
p4/3100/1,p4-3100,p4,R,4.0,25.94742866854636,True,3.810426868240736,6.810426868240736,7.542044272397108,-5.669978432892268,-2.669978432892268,4.6
p4/3100/1,p4-3100,p4,R,6.0,25.94742866854636,True,5.3135750177193195,8.31357501771932,7.299429589504983,-3.566703704304162,-0.5667037043041621,4.4
p4/3100/1,p4-3100,p4,R',2.0,25.94742866854636,True,9.725430337718532,12.725430337718532,7.234407038165128,1.0026561387430082,4.002656138743008,3.8
p4/3100/1,p4-3100,p4,R',4.0,25.94742866854636,True,12.657559506615058,15.657559506615058,7.600057298911667,3.0307476821583084,6.030747682158308,3.4
p4/3100/1,p4-3100,p4,R',6.0,25.94742866854636,True,14.141953796050462,17.141953796050462,7.1690031514669945,5.576186098426513,8.576186098426513,3.2
p4/3144/1,p4-3144,p4,U,2.0,3.7776995737521917,False,,,,,,
p4/3144/1,p4-3144,p4,U,4.0,3.7776995737521917,False,,,,,,
p4/3144/1,p4-3144,p4,U,6.0,3.7776995737521917,True,1.1424886755700285,4.1424886755700285,0.0,1.1424886755700285,4.1424886755700285,17.8
p4/3144/1,p4-3144,p4,U',2.0,3.7776995737521917,False,,,,,,
p4/3144/1,p4-3144,p4,U',4.0,3.7776995737521917,False,,,,,,
p4/3144/1,p4-3144,p4,U',6.0,3.7776995737521917,True,1.1424886755700285,4.1424886755700285,0.0,1.1424886755700285,4.1424886755700285,17.8
p4/3144/1,p4-3144,p4,L,2.0,3.7776995737521917,True,3.7776995737521917,6.777699573752192,0.0016308813908403673,3.7776991304565066,6.777699130456506,0.2
p4/3144/1,p4-3144,p4,L,4.0,3.7776995737521917,True,3.7776995737521917,6.777699573752192,0.0016308813908403673,3.7776991304565066,6.777699130456506,0.2
p4/3144/1,p4-3144,p4,L,6.0,3.7776995737521917,True,3.7776995737521917,6.777699573752192,0.0016308813908403673,3.7776991304565066,6.777699130456506,0.2
p4/3144/1,p4-3144,p4,L',2.0,3.7776995737521917,True,3.7776995737521917,6.777699573752192,0.0016308813908403673,3.7776991304565066,6.777699130456506,0.2
p4/3144/1,p4-3144,p4,L',4.0,3.7776995737521917,True,3.7776995737521917,6.777699573752192,0.0016308813908403673,3.7776991304565066,6.777699130456506,0.2
p4/3144/1,p4-3144,p4,L',6.0,3.7776995737521917,True,3.7776995737521917,6.777699573752192,0.0016308813908403673,3.7776991304565066,6.777699130456506,0.2
p4/3144/1,p4-3144,p4,R,2.0,3.7776995737521917,True,1.4918570163836788,4.491857016383679,2.341237774737879,0.578291296740416,3.578291296740416,1.8
p4/3144/1,p4-3144,p4,R,4.0,3.7776995737521917,True,3.7776995737521917,6.777699573752192,0.0016308813908403673,3.7776991304565066,6.777699130456506,0.2
p4/3144/1,p4-3144,p4,R,6.0,3.7776995737521917,True,3.7776995737521917,6.777699573752192,0.0016308813908403673,3.7776991304565066,6.777699130456506,0.2
p4/3144/1,p4-3144,p4,R',2.0,3.7776995737521917,True,2.62142276630097,5.62142276630097,2.7117879973735577,1.3957904091844218,4.395790409184421,1.4
p4/3144/1,p4-3144,p4,R',4.0,3.7776995737521917,True,3.7776995737521917,6.777699573752192,0.0016308813908403673,3.7776991304565066,6.777699130456506,0.2
p4/3144/1,p4-3144,p4,R',6.0,3.7776995737521917,True,3.7776995737521917,6.777699573752192,0.0016308813908403673,3.7776991304565066,6.777699130456506,0.2
p4/3731/1,p4-3731,p4,U,2.0,23.96518590721377,False,,,,,,
p4/3731/1,p4-3731,p4,U,4.0,23.96518590721377,False,,,,,,
p4/3731/1,p4-3731,p4,U,6.0,23.96518590721377,False,,,,,,
p4/3731/1,p4-3731,p4,U',2.0,23.96518590721377,False,,,,,,
p4/3731/1,p4-3731,p4,U',4.0,23.96518590721377,False,,,,,,
p4/3731/1,p4-3731,p4,U',6.0,23.96518590721377,False,,,,,,
p4/3731/1,p4-3731,p4,L,2.0,23.96518590721377,True,9.525874254798381,12.525874254798381,5.597842174590758,4.303234752860551,7.303234752860551,3.6
p4/3731/1,p4-3731,p4,L,4.0,23.96518590721377,True,10.771488820473994,13.771488820473994,6.619538949650522,3.4684395028172714,6.468439502817271,3.4
p4/3731/1,p4-3731,p4,L,6.0,23.96518590721377,True,13.572529270285138,16.572529270285138,7.216804332866931,4.892151807137319,7.892151807137319,3.0
p4/3731/1,p4-3731,p4,L',2.0,23.96518590721377,True,17.981984826918836,20.981984826918836,6.437065079767273,11.07601702005896,14.07601702005896,2.4
p4/3731/1,p4-3731,p4,L',4.0,23.96518590721377,True,17.981984826918836,20.981984826918836,6.437065079767273,11.07601702005896,14.07601702005896,2.4
p4/3731/1,p4-3731,p4,L',6.0,23.96518590721377,True,17.981984826918836,20.981984826918836,6.437065079767273,11.07601702005896,14.07601702005896,2.4
p4/3731/1,p4-3731,p4,R,2.0,23.96518590721377,False,,,,,,
p4/3731/1,p4-3731,p4,R,4.0,23.96518590721377,False,,,,,,
p4/3731/1,p4-3731,p4,R,6.0,23.96518590721377,False,,,,,,
p4/3731/1,p4-3731,p4,R',2.0,23.96518590721377,False,,,,,,
p4/3731/1,p4-3731,p4,R',4.0,23.96518590721377,True,12.151867591754751,15.151867591754751,7.08755671732555,3.779624221536997,6.779624221536997,3.2
p4/3731/1,p4-3731,p4,R',6.0,23.96518590721377,True,15.06375078717177,18.06375078717177,7.710491470597778,5.155137667478256,8.155137667478256,2.8
p4/3737/1,p4-3737,p4,U,2.0,25.248856538017744,False,,,,,,
p4/3737/1,p4-3737,p4,U,4.0,25.248856538017744,False,,,,,,
p4/3737/1,p4-3737,p4,U,6.0,25.248856538017744,False,,,,,,
p4/3737/1,p4-3737,p4,U',2.0,25.248856538017744,False,,,,,,
p4/3737/1,p4-3737,p4,U',4.0,25.248856538017744,False,,,,,,
p4/3737/1,p4-3737,p4,U',6.0,25.248856538017744,False,,,,,,
p4/3737/1,p4-3737,p4,L,2.0,25.248856538017744,True,7.546427302917277,11.39112849840209,0.0,7.546427302917277,11.39112849840209,16.2
p4/3737/1,p4-3737,p4,L,4.0,25.248856538017744,True,10.706687955049965,14.551389150534778,7.437961716805144,1.4861422049401458,5.330843400424959,3.6
p4/3737/1,p4-3737,p4,L,6.0,25.248856538017744,True,13.64309676755921,17.487797963044024,7.024932002546441,5.418151827492352,9.262853022977165,3.2
p4/3737/1,p4-3737,p4,L',2.0,25.248856538017744,True,13.64309676755921,17.487797963044024,7.024932002546441,5.418151827492352,9.262853022977165,3.2
p4/3737/1,p4-3737,p4,L',4.0,25.248856538017744,True,16.580242676505144,20.424943871989957,7.765364903058144,6.530093996897275,10.374795192382088,2.8
p4/3737/1,p4-3737,p4,L',6.0,25.248856538017744,True,18.08568154142793,21.930382736912744,7.129920288539341,9.613054321273777,13.45775551675859,2.6
p4/3737/1,p4-3737,p4,R,2.0,25.248856538017744,False,,,,,,
p4/3737/1,p4-3737,p4,R,4.0,25.248856538017744,False,,,,,,
p4/3737/1,p4-3737,p4,R,6.0,25.248856538017744,False,,,,,,
p4/3737/1,p4-3737,p4,R',2.0,25.248856538017744,True,10.706687955049965,14.551389150534778,7.437961716805144,1.4861422049401458,5.330843400424959,3.6
p4/3737/1,p4-3737,p4,R',4.0,25.248856538017744,True,12.21017139188788,16.054872587372692,7.364699032682715,3.170372751554927,7.01507394703974,3.4
p4/3737/1,p4-3737,p4,R',6.0,25.248856538017744,True,13.64309676755921,17.487797963044024,7.024932002546441,5.418151827492352,9.262853022977165,3.2
p4/3749/1,p4-3749,p4,U,2.0,24.039444112459865,True,1.9935384252554051,5.99402718334245,7.501065209465236,-7.384124787519552,-3.383636029432507,4.6
p4/3749/1,p4-3749,p4,U,4.0,24.039444112459865,True,1.9935384252554051,5.99402718334245,7.501065209465236,-7.384124787519552,-3.383636029432507,4.6
p4/3749/1,p4-3749,p4,U,6.0,24.039444112459865,True,3.456429455322425,7.45691821340947,7.134867924381353,-5.02796059440522,-1.0274718363181758,4.4
p4/3749/1,p4-3749,p4,U',2.0,24.039444112459865,True,9.31092382822855,13.311412586315594,7.412544277906553,0.1532883829076841,4.153777140994729,3.6
p4/3749/1,p4-3749,p4,U',4.0,24.039444112459865,True,10.820689966212647,14.821178724299692,7.486770003751049,1.4787357847015663,5.479224542788611,3.4
p4/3749/1,p4-3749,p4,U',6.0,24.039444112459865,True,12.273815066970108,16.274303825057153,7.058818236788908,3.969329250299497,7.969818008386541,3.2
p4/3749/1,p4-3749,p4,L,2.0,24.039444112459865,True,7.864633905652461,11.865122663739506,7.151551213536935,-0.6594802209878079,3.3410085370992366,3.8
p4/3749/1,p4-3749,p4,L,4.0,24.039444112459865,True,9.31092382822855,13.311412586315594,7.412544277906553,0.1532883829076841,4.153777140994729,3.6
p4/3749/1,p4-3749,p4,L,6.0,24.039444112459865,True,9.31092382822855,13.311412586315594,7.412544277906553,0.1532883829076841,4.153777140994729,3.6
p4/3749/1,p4-3749,p4,L',2.0,24.039444112459865,True,15.198621158380341,19.199109916467386,7.772659489770333,5.129581901060872,9.130070659147917,2.8
p4/3749/1,p4-3749,p4,L',4.0,24.039444112459865,True,15.198621158380341,19.199109916467386,7.772659489770333,5.129581901060872,9.130070659147917,2.8
p4/3749/1,p4-3749,p4,L',6.0,24.039444112459865,True,16.732313087858806,20.73280184594585,7.302166686001207,7.845373369501166,11.84586212758821,2.6
p4/3749/1,p4-3749,p4,R,2.0,24.039444112459865,True,1.9935384252554051,5.99402718334245,7.501065209465236,-7.384124787519552,-3.383636029432507,4.6
p4/3749/1,p4-3749,p4,R,4.0,24.039444112459865,True,3.456429455322425,7.45691821340947,7.134867924381353,-5.02796059440522,-1.0274718363181758,4.4
p4/3749/1,p4-3749,p4,R,6.0,24.039444112459865,True,4.896371575722039,8.896860333809084,7.369094476799659,-4.154220658944501,-0.1537319008574567,4.2
p4/3749/1,p4-3749,p4,R',2.0,24.039444112459865,True,10.820689966212647,14.821178724299692,7.486770003751049,1.4787357847015663,5.479224542788611,3.4
p4/3749/1,p4-3749,p4,R',4.0,24.039444112459865,True,12.273815066970108,16.274303825057153,7.058818236788908,3.969329250299497,7.969818008386541,3.2
p4/3749/1,p4-3749,p4,R',6.0,24.039444112459865,True,15.198621158380341,19.199109916467386,7.772659489770333,5.129581901060872,9.130070659147917,2.8
p4/3865/1,p4-3865,p4,U,2.0,4.616266455163684,False,,,,,,
p4/3865/1,p4-3865,p4,U,4.0,4.616266455163684,False,,,,,,
p4/3865/1,p4-3865,p4,U,6.0,4.616266455163684,True,0.6559905304074647,3.5310162822666413,0.0029224216461148974,0.6559891069827517,3.5310148588419286,2.45
p4/3865/1,p4-3865,p4,U',2.0,4.616266455163684,False,,,,,,
p4/3865/1,p4-3865,p4,U',4.0,4.616266455163684,False,,,,,,
p4/3865/1,p4-3865,p4,U',6.0,4.616266455163684,True,0.6559905304074647,3.5310162822666413,0.0029224216461148974,0.6559891069827517,3.5310148588419286,2.45
p4/3865/1,p4-3865,p4,L,2.0,4.616266455163684,True,4.615780186519295,7.490805938378472,0.09988960148406344,4.614117197771854,7.489142949631031,0.65
p4/3865/1,p4-3865,p4,L,4.0,4.616266455163684,True,4.616266455163684,7.491292207022861,0.0034291912047297772,4.616264495271631,7.491290247130808,0.05
p4/3865/1,p4-3865,p4,L,6.0,4.616266455163684,True,4.616266455163684,7.491292207022861,0.0034291912047297772,4.616264495271631,7.491290247130808,0.05
p4/3865/1,p4-3865,p4,L',2.0,4.616266455163684,True,4.615780186519295,7.490805938378472,0.09988960148406344,4.614117197771854,7.489142949631031,0.65
p4/3865/1,p4-3865,p4,L',4.0,4.616266455163684,True,4.616266455163684,7.491292207022861,0.0034291912047297772,4.616264495271631,7.491290247130808,0.05
p4/3865/1,p4-3865,p4,L',6.0,4.616266455163684,True,4.616266455163684,7.491292207022861,0.0034291912047297772,4.616264495271631,7.491290247130808,0.05
p4/3865/1,p4-3865,p4,R,2.0,4.616266455163684,True,1.8661768672328378,4.7412026190920145,3.5819442019915133,-0.2722105104639323,2.6028152413952443,1.85
p4/3865/1,p4-3865,p4,R,4.0,4.616266455163684,True,3.810219819281667,6.685245571140843,2.2640821092495957,2.9558751863776505,5.830900938236827,1.25
p4/3865/1,p4-3865,p4,R,6.0,4.616266455163684,True,4.616266455163684,7.491292207022861,0.0034291912047297772,4.616264495271631,7.491290247130808,0.05
p4/3865/1,p4-3865,p4,R',2.0,4.616266455163684,True,3.289064648205035,6.164090400064212,2.904427264209122,1.8831150260248213,4.758140777883998,1.45
p4/3865/1,p4-3865,p4,R',4.0,4.616266455163684,True,4.193626313240429,7.068652065099606,1.5998904716686546,3.7670180596844043,6.642043811543581,1.05
p4/3865/1,p4-3865,p4,R',6.0,4.616266455163684,True,4.616266455163684,7.491292207022861,0.0034291912047297772,4.616264495271631,7.491290247130808,0.05
p4/3869/1,p4-3869,p4,U,2.0,4.826435699807756,False,,,,,,
p4/3869/1,p4-3869,p4,U,4.0,4.826435699807756,False,,,,,,
p4/3869/1,p4-3869,p4,U,6.0,4.826435699807756,True,-0.18655525172248932,2.8134447482775107,0.0,-0.18655525172248932,2.8134447482775107,18.2
p4/3869/1,p4-3869,p4,U',2.0,4.826435699807756,False,,,,,,
p4/3869/1,p4-3869,p4,U',4.0,4.826435699807756,True,2.149517538764769,5.149517538764769,4.499210285947486,-1.2242979940978405,1.7757020059021595,1.8
p4/3869/1,p4-3869,p4,U',6.0,4.826435699807756,True,2.149517538764769,5.149517538764769,4.499210285947486,-1.2242979940978405,1.7757020059021595,1.8
p4/3869/1,p4-3869,p4,L,2.0,4.826435699807756,True,4.826435699807756,7.826435699807756,0.0003589939623963459,4.826435678328312,7.826435678328312,0.2
p4/3869/1,p4-3869,p4,L,4.0,4.826435699807756,True,4.826435699807756,7.826435699807756,0.0003589939623963459,4.826435678328312,7.826435678328312,0.2
p4/3869/1,p4-3869,p4,L,6.0,4.826435699807756,True,4.826435699807756,7.826435699807756,0.0003589939623963459,4.826435678328312,7.826435678328312,0.2
p4/3869/1,p4-3869,p4,L',2.0,4.826435699807756,True,4.826435699807756,7.826435699807756,0.0003589939623963459,4.826435678328312,7.826435678328312,0.2
p4/3869/1,p4-3869,p4,L',4.0,4.826435699807756,True,4.826435699807756,7.826435699807756,0.0003589939623963459,4.826435678328312,7.826435678328312,0.2
p4/3869/1,p4-3869,p4,L',6.0,4.826435699807756,True,4.826435699807756,7.826435699807756,0.0003589939623963459,4.826435678328312,7.826435678328312,0.2
p4/3869/1,p4-3869,p4,R,2.0,4.826435699807756,True,1.295460566892464,4.295460566892464,3.9258365906609747,-1.2732382558696336,1.7267617441303664,2.0
p4/3869/1,p4-3869,p4,R,4.0,4.826435699807756,True,3.634712371851341,6.634712371851341,2.8056745884098238,2.3227440558432355,5.322744055843236,1.4
p4/3869/1,p4-3869,p4,R,6.0,4.826435699807756,True,4.826435699807756,7.826435699807756,0.0003589939623963459,4.826435678328312,7.826435678328312,0.2
p4/3869/1,p4-3869,p4,R',2.0,4.826435699807756,True,2.9806213716794003,5.9806213716794,3.7038510887456226,0.6942025570790444,3.6942025570790444,1.6
p4/3869/1,p4-3869,p4,R',4.0,4.826435699807756,True,4.1213142965271885,7.1213142965271885,2.040877617821727,3.4271173880395738,6.427117388039574,1.2
p4/3869/1,p4-3869,p4,R',6.0,4.826435699807756,True,4.826435699807756,7.826435699807756,0.0003589939623963459,4.826435678328312,7.826435678328312,0.2
p4/3876/2,p4-3876,p4,U,2.0,4.935909293525019,True,-1.9943946689712657,1.0058494716537343,3.314260335830349,-3.825114931247649,-0.8248707906226487,8.6
p4/3876/2,p4-3876,p4,U,4.0,4.935909293525019,True,0.5509543743602556,3.5511985149852556,3.1660306372714353,-1.1196706249966395,1.8805735156283605,2.2
p4/3876/2,p4-3876,p4,U,6.0,4.935909293525019,True,0.5509543743602556,3.5511985149852556,3.1660306372714353,-1.1196706249966395,1.8805735156283605,2.2
p4/3876/2,p4-3876,p4,U',2.0,4.935909293525019,True,-1.9943946689712657,1.0058494716537343,3.314260335830349,-3.825114931247649,-0.8248707906226487,8.6
p4/3876/2,p4-3876,p4,U',4.0,4.935909293525019,True,0.5509543743602556,3.5511985149852556,3.1660306372714353,-1.1196706249966395,1.8805735156283605,2.2
p4/3876/2,p4-3876,p4,U',6.0,4.935909293525019,True,1.2619211449132361,4.262165285538236,4.041683572286846,-1.4606132048356577,1.5396309357893423,2.0
p4/3876/2,p4-3876,p4,L,2.0,4.935909293525019,True,4.838982909370077,7.839227049995077,0.9669508254839361,4.683150592886066,7.683394733511066,0.8
p4/3876/2,p4-3876,p4,L,4.0,4.935909293525019,True,4.935909293525019,7.936153434150019,0.0004931591230034746,4.935909252990699,7.936153393615699,0.6
p4/3876/2,p4-3876,p4,L,6.0,4.935909293525019,True,4.935909293525019,7.936153434150019,0.0034172453449792563,4.935907347264061,7.936151487889061,0.2
p4/3876/2,p4-3876,p4,L',2.0,4.935909293525019,True,4.838982909370077,7.839227049995077,0.9669508254839361,4.683150592886066,7.683394733511066,0.8
p4/3876/2,p4-3876,p4,L',4.0,4.935909293525019,True,4.935909293525019,7.936153434150019,0.0004931591230034746,4.935909252990699,7.936153393615699,0.6
p4/3876/2,p4-3876,p4,L',6.0,4.935909293525019,True,4.935909293525019,7.936153434150019,0.0034172453449792563,4.935907347264061,7.936151487889061,0.2
p4/3876/2,p4-3876,p4,R,2.0,4.935909293525019,True,1.2619211449132361,4.262165285538236,4.041683572286846,-1.4606132048356577,1.5396309357893423,2.0
p4/3876/2,p4-3876,p4,R,4.0,4.935909293525019,True,3.663632758519369,6.663876899144369,2.941348181205206,2.221711238006173,5.221955378631173,1.4
p4/3876/2,p4-3876,p4,R,6.0,4.935909293525019,True,4.935909293525019,7.936153434150019,0.0034172453449792563,4.935907347264061,7.936151487889061,0.2
p4/3876/2,p4-3876,p4,R',2.0,4.935909293525019,True,2.9885541064176993,5.988798247042699,3.797621831273241,0.5848988441905121,3.585142984815512,1.6
p4/3876/2,p4-3876,p4,R',4.0,4.935909293525019,True,4.189294878702654,7.189539019327654,2.276061613488821,3.3258854673030984,6.326129607928098,1.2
p4/3876/2,p4-3876,p4,R',6.0,4.935909293525019,True,4.935909293525019,7.936153434150019,0.0034172453449792563,4.935907347264061,7.936151487889061,0.2
p4/3936/1,p4-3936,p4,U,2.0,23.57543721890516,False,,,,,,
p4/3936/1,p4-3936,p4,U,4.0,23.57543721890516,False,,,,,,
p4/3936/1,p4-3936,p4,U,6.0,23.57543721890516,True,-0.8677339582825994,2.1322660417174006,4.953126712764213,-4.9566446637323365,-1.9566446637323365,5.0
p4/3936/1,p4-3936,p4,U',2.0,23.57543721890516,True,4.618246672532912,7.618246672532912,7.495416218441036,-4.745297375411907,-1.7452973754119068,4.2
p4/3936/1,p4-3936,p4,U',4.0,23.57543721890516,True,4.618246672532912,7.618246672532912,7.495416218441036,-4.745297375411907,-1.7452973754119068,4.2
p4/3936/1,p4-3936,p4,U',6.0,23.57543721890516,True,4.618246672532912,7.618246672532912,7.495416218441036,-4.745297375411907,-1.7452973754119068,4.2
p4/3936/1,p4-3936,p4,L,2.0,23.57543721890516,True,6.123460063644199,9.123460063644199,7.379328186676142,-2.952287350801301,0.047712649198699,4.0
p4/3936/1,p4-3936,p4,L,4.0,23.57543721890516,True,7.566940310842547,10.566940310842547,7.160042476094506,-0.9774277324037097,2.0225722675962903,3.8
p4/3936/1,p4-3936,p4,L,6.0,23.57543721890516,True,7.566940310842547,10.566940310842547,7.160042476094506,-0.9774277324037097,2.0225722675962903,3.8
p4/3936/1,p4-3936,p4,L',2.0,23.57543721890516,True,14.918001318136042,17.918001318136042,7.799519722320211,4.779250001659053,7.779250001659053,2.8
p4/3936/1,p4-3936,p4,L',4.0,23.57543721890516,True,14.918001318136042,17.918001318136042,7.799519722320211,4.779250001659053,7.779250001659053,2.8
p4/3936/1,p4-3936,p4,L',6.0,23.57543721890516,True,16.419840856530836,19.419840856530836,7.081956739309552,8.060822313622172,11.060822313622172,2.6
p4/3936/1,p4-3936,p4,R,2.0,23.57543721890516,True,1.7278339855187888,4.727833985518789,7.198297706872206,-6.908080993941487,-3.9080809939414873,4.6
p4/3936/1,p4-3936,p4,R,4.0,23.57543721890516,True,3.1633679876528404,6.16336798765284,7.142871694409737,-5.340068019480464,-2.340068019480464,4.4
p4/3936/1,p4-3936,p4,R,6.0,23.57543721890516,True,4.618246672532912,7.618246672532912,7.495416218441036,-4.745297375411907,-1.7452973754119068,4.2
p4/3936/1,p4-3936,p4,R',2.0,23.57543721890516,True,10.535219503971646,13.535219503971646,7.35690012017885,1.514556274257048,4.514556274257048,3.4
p4/3936/1,p4-3936,p4,R',4.0,23.57543721890516,True,11.966819478670974,14.966819478670974,7.040913870440343,3.704408123511106,6.704408123511106,3.2
p4/3936/1,p4-3936,p4,R',6.0,23.57543721890516,True,14.918001318136042,17.918001318136042,7.799519722320211,4.779250001659053,7.779250001659053,2.8
p4/4183/1,p4-4183,p4,U,2.0,19.67746695578075,False,,,,,,
p4/4183/1,p4-4183,p4,U,4.0,19.67746695578075,True,0.028202461653862088,3.028202461653862,0.004771959218109902,0.028198666388065535,3.0281986663880653,5.0
p4/4183/1,p4-4183,p4,U,6.0,19.67746695578075,True,0.028202461653862088,3.028202461653862,0.004771959218109902,0.028198666388065535,3.0281986663880653,5.0
p4/4183/1,p4-4183,p4,U',2.0,19.67746695578075,True,5.162625292043774,8.162625292043774,7.578066152550948,-4.408555810029279,-1.408555810029279,3.6
p4/4183/1,p4-4183,p4,U',4.0,19.67746695578075,True,11.04195271246773,14.04195271246773,7.7822498607948285,0.9480505631608747,3.9480505631608747,2.8
p4/4183/1,p4-4183,p4,U',6.0,19.67746695578075,True,12.543336590354887,15.543336590354887,7.085125586840525,4.1768358268045045,7.1768358268045045,2.6
p4/4183/1,p4-4183,p4,L,2.0,19.67746695578075,True,9.521562813728156,12.521562813728156,7.376168253252487,0.4535864636798479,3.453586463679848,3.0
p4/4183/1,p4-4183,p4,L,4.0,19.67746695578075,True,12.543336590354887,15.543336590354887,7.085125586840525,4.1768358268045045,7.1768358268045045,2.6
p4/4183/1,p4-4183,p4,L,6.0,19.67746695578075,True,12.543336590354887,15.543336590354887,7.085125586840525,4.1768358268045045,7.1768358268045045,2.6
p4/4183/1,p4-4183,p4,L',2.0,19.67746695578075,True,13.881724902737169,16.88172490273717,6.184243970827999,7.507579320950093,10.507579320950093,2.4
p4/4183/1,p4-4183,p4,L',4.0,19.67746695578075,True,14.983387097059467,17.983387097059467,5.282840725240928,10.331986075682117,13.331986075682117,2.2
p4/4183/1,p4-4183,p4,L',6.0,19.67746695578075,True,14.983387097059467,17.983387097059467,5.282840725240928,10.331986075682117,13.331986075682117,2.2
p4/4183/1,p4-4183,p4,R,2.0,19.67746695578075,True,1.0121399641261135,4.0121399641261135,6.1795973806577615,-5.3524306670459305,-2.3524306670459305,4.2
p4/4183/1,p4-4183,p4,R,4.0,19.67746695578075,True,3.693410577848997,6.693410577848997,7.163814545508175,-4.859962562556753,-1.8599625625567526,3.8
p4/4183/1,p4-4183,p4,R,6.0,19.67746695578075,True,5.162625292043774,8.162625292043774,7.578066152550948,-4.408555810029279,-1.408555810029279,3.6
p4/4183/1,p4-4183,p4,R',2.0,19.67746695578075,True,11.04195271246773,14.04195271246773,7.7822498607948285,0.9480505631608747,3.9480505631608747,2.8
p4/4183/1,p4-4183,p4,R',4.0,19.67746695578075,True,11.04195271246773,14.04195271246773,7.7822498607948285,0.9480505631608747,3.9480505631608747,2.8
p4/4183/1,p4-4183,p4,R',6.0,19.67746695578075,True,12.543336590354887,15.543336590354887,7.085125586840525,4.1768358268045045,7.1768358268045045,2.6
p4/4468/1,p4-4468,p4,U,2.0,25.077376002889075,True,-1.8273211772924363,1.1726788227075637,1.7437843051028061,-2.334118461079582,0.6658815389204177,8.8
p4/4468/1,p4-4468,p4,U,4.0,25.077376002889075,True,1.6500675746671511,4.650067574667151,7.323522507087898,-7.288929410636685,-4.288929410636685,4.8
p4/4468/1,p4-4468,p4,U,6.0,25.077376002889075,True,3.1457140562573116,6.145714056257312,7.459537021420558,-6.128401372733336,-3.128401372733336,4.6
p4/4468/1,p4-4468,p4,U',2.0,25.077376002889075,True,10.450996735976318,13.450996735976318,7.440453969040321,1.2242708584083406,4.224270858408341,3.6
p4/4468/1,p4-4468,p4,U',4.0,25.077376002889075,True,10.450996735976318,13.450996735976318,7.440453969040321,1.2242708584083406,4.224270858408341,3.6
p4/4468/1,p4-4468,p4,U',6.0,25.077376002889075,True,11.962576826027743,14.962576826027743,7.508203043782867,2.5670580015826907,5.567058001582691,3.4
p4/4468/1,p4-4468,p4,L,2.0,25.077376002889075,True,10.450996735976318,13.450996735976318,7.440453969040321,1.2242708584083406,4.224270858408341,3.6
p4/4468/1,p4-4468,p4,L,4.0,25.077376002889075,True,11.962576826027743,14.962576826027743,7.508203043782867,2.5670580015826907,5.567058001582691,3.4
p4/4468/1,p4-4468,p4,L,6.0,25.077376002889075,True,11.962576826027743,14.962576826027743,7.508203043782867,2.5670580015826907,5.567058001582691,3.4
p4/4468/1,p4-4468,p4,L',2.0,25.077376002889075,True,17.844538639545757,20.844538639545757,7.188541010594272,9.232018329379803,12.232018329379803,2.6
p4/4468/1,p4-4468,p4,L',4.0,25.077376002889075,True,17.844538639545757,20.844538639545757,7.188541010594272,9.232018329379803,12.232018329379803,2.6
p4/4468/1,p4-4468,p4,L',6.0,25.077376002889075,True,19.187384782108822,22.187384782108822,6.1417792118996575,12.900476134155024,15.900476134155024,2.4
p4/4468/1,p4-4468,p4,R,2.0,25.077376002889075,True,1.6500675746671511,4.650067574667151,7.323522507087898,-7.288929410636685,-4.288929410636685,4.8
p4/4468/1,p4-4468,p4,R,4.0,25.077376002889075,True,3.1457140562573116,6.145714056257312,7.459537021420558,-6.128401372733336,-3.128401372733336,4.6
p4/4468/1,p4-4468,p4,R,6.0,25.077376002889075,True,4.5988556476207165,7.5988556476207165,7.148400106072429,-3.917748365128668,-0.9177483651286682,4.4
p4/4468/1,p4-4468,p4,R',2.0,25.077376002889075,True,10.450996735976318,13.450996735976318,7.440453969040321,1.2242708584083406,4.224270858408341,3.6
p4/4468/1,p4-4468,p4,R',4.0,25.077376002889075,True,11.962576826027743,14.962576826027743,7.508203043782867,2.5670580015826907,5.567058001582691,3.4
p4/4468/1,p4-4468,p4,R',6.0,25.077376002889075,True,13.416240159781555,16.416240159781555,7.073976626336526,5.076049274788973,8.076049274788973,3.2
p4/4669/1,p4-4669,p4,U,2.0,21.786507525659438,True,-0.18566270806692842,3.9541855602094813,0.19517628006749163,-0.19201167145042575,3.947836596825984,4.8
p4/4669/1,p4-4669,p4,U,4.0,21.786507525659438,True,-0.18566270806692842,3.9541855602094813,0.19517628006749163,-0.19201167145042575,3.947836596825984,4.8
p4/4669/1,p4-4669,p4,U,6.0,21.786507525659438,True,0.2579408075580716,4.397789075834481,4.337676465390985,-2.8779653788430672,1.2618828894333425,4.6
p4/4669/1,p4-4669,p4,U',2.0,21.786507525659438,True,5.764410655963779,9.904258924240189,7.189609063368063,-2.8506690913802526,1.2891791768961571,3.8
p4/4669/1,p4-4669,p4,U',4.0,21.786507525659438,True,7.207037675532828,11.346885943809237,7.383732462112391,-1.8795465031425582,2.2603017651338515,3.6
p4/4669/1,p4-4669,p4,U',6.0,21.786507525659438,True,7.207037675532828,11.346885943809237,7.383732462112391,-1.8795465031425582,2.2603017651338515,3.6
p4/4669/1,p4-4669,p4,L,2.0,21.786507525659438,True,4.291754343099502,8.431602611375911,7.553110362304841,-5.2164916810932915,-1.0766434128168818,4.0
p4/4669/1,p4-4669,p4,L,4.0,21.786507525659438,True,5.764410655963779,9.904258924240189,7.189609063368063,-2.8506690913802526,1.2891791768961571,3.8
p4/4669/1,p4-4669,p4,L,6.0,21.786507525659438,True,7.207037675532828,11.346885943809237,7.383732462112391,-1.8795465031425582,2.2603017651338515,3.6
p4/4669/1,p4-4669,p4,L',2.0,21.786507525659438,True,13.1010817297974,17.24092999807381,7.732554550195883,3.1356817511715587,7.275530019447968,2.8
p4/4669/1,p4-4669,p4,L',4.0,21.786507525659438,True,14.610114991450207,18.749963259726616,7.163927455319462,6.056472227270209,10.196320495546619,2.6
p4/4669/1,p4-4669,p4,L',6.0,21.786507525659438,True,14.610114991450207,18.749963259726616,7.163927455319462,6.056472227270209,10.196320495546619,2.6
p4/4669/1,p4-4669,p4,R,2.0,21.786507525659438,True,1.4191953765294585,5.559043644805868,6.821939253049518,-6.337280485520178,-2.197432217243768,4.4
p4/4669/1,p4-4669,p4,R,4.0,21.786507525659438,True,2.802862680608129,6.942710948884539,7.236275063977396,-5.924416786315382,-1.7845685180389719,4.2
p4/4669/1,p4-4669,p4,R,6.0,21.786507525659438,True,5.764410655963779,9.904258924240189,7.189609063368063,-2.8506690913802526,1.2891791768961571,3.8
p4/4669/1,p4-4669,p4,R',2.0,21.786507525659438,True,10.175788156095233,14.315636424371643,7.115664559565339,1.7370078020528688,5.8768560703292785,3.2
p4/4669/1,p4-4669,p4,R',4.0,21.786507525659438,True,13.1010817297974,17.24092999807381,7.732554550195883,3.1356817511715587,7.275530019447968,2.8
p4/4669/1,p4-4669,p4,R',6.0,21.786507525659438,True,13.1010817297974,17.24092999807381,7.732554550195883,3.1356817511715587,7.275530019447968,2.8
p4/4683/1,p4-4683,p4,U,2.0,21.97209498776204,True,-0.1920060792039493,2.8079939207960507,0.003926641567283614,-0.19200864895628228,2.8079913510437176,5.4
p4/4683/1,p4-4683,p4,U,4.0,21.97209498776204,True,-0.1920060792039493,2.8079939207960507,0.003926641567283614,-0.19200864895628228,2.8079913510437176,5.4
p4/4683/1,p4-4683,p4,U,6.0,21.97209498776204,True,3.1754341788540863,6.175434178854086,7.489233318570741,-6.172668437810932,-3.172668437810932,4.2
p4/4683/1,p4-4683,p4,U',2.0,21.97209498776204,True,7.576320188295124,10.576320188295124,7.5164685742251045,-1.839896449590471,1.160103550409529,3.6
p4/4683/1,p4-4683,p4,U',4.0,21.97209498776204,True,9.082670783505037,12.082670783505037,7.33999106643586,0.10342597427866629,3.1034259742786663,3.4
p4/4683/1,p4-4683,p4,U',6.0,21.97209498776204,True,9.082670783505037,12.082670783505037,7.33999106643586,0.10342597427866629,3.1034259742786663,3.4
p4/4683/1,p4-4683,p4,L,2.0,21.97209498776204,True,4.678122691726319,7.678122691726319,7.3399595432465,-4.301044991022907,-1.3010449910229074,4.0
p4/4683/1,p4-4683,p4,L,4.0,21.97209498776204,True,9.082670783505037,12.082670783505037,7.33999106643586,0.10342597427866629,3.1034259742786663,3.4
p4/4683/1,p4-4683,p4,L,6.0,21.97209498776204,True,9.082670783505037,12.082670783505037,7.33999106643586,0.10342597427866629,3.1034259742786663,3.4
p4/4683/1,p4-4683,p4,L',2.0,21.97209498776204,True,14.947426939545831,17.94742693954583,6.930169013107303,6.942886514507057,9.942886514507057,2.6
p4/4683/1,p4-4683,p4,L',4.0,21.97209498776204,True,14.947426939545831,17.94742693954583,6.930169013107303,6.942886514507057,9.942886514507057,2.6
p4/4683/1,p4-4683,p4,L',6.0,21.97209498776204,True,16.251383337674923,19.251383337674923,5.783567666618724,10.676440845281999,13.676440845281999,2.4
p4/4683/1,p4-4683,p4,R,2.0,21.97209498776204,True,1.7420832945279088,4.742083294527909,6.819965694653829,-6.00990538484794,-3.00990538484794,4.4
p4/4683/1,p4-4683,p4,R,4.0,21.97209498776204,True,3.1754341788540863,6.175434178854086,7.489233318570741,-6.172668437810932,-3.172668437810932,4.2
p4/4683/1,p4-4683,p4,R,6.0,21.97209498776204,True,4.678122691726319,7.678122691726319,7.3399595432465,-4.301044991022907,-1.3010449910229074,4.0
p4/4683/1,p4-4683,p4,R',2.0,21.97209498776204,True,9.082670783505037,12.082670783505037,7.33999106643586,0.10342597427866629,3.1034259742786663,3.4
p4/4683/1,p4-4683,p4,R',4.0,21.97209498776204,True,13.476720720463103,16.476720720463103,7.694336574443068,3.6095848336610548,6.609584833661055,2.8
p4/4683/1,p4-4683,p4,R',6.0,21.97209498776204,True,13.476720720463103,16.476720720463103,7.694336574443068,3.6095848336610548,6.609584833661055,2.8
p4/4937/1,p4-4937,p4,U,2.0,19.519385629554165,False,,,,,,
p4/4937/1,p4-4937,p4,U,4.0,19.519385629554165,True,1.0759995738830952,4.075999573883095,0.8402727397211834,0.9583231943633379,3.958323194363338,5.65
p4/4937/1,p4-4937,p4,U,6.0,19.519385629554165,True,6.10969062688573,9.10969062688573,7.480365366799633,-3.2162870432501727,-0.21628704325017267,3.45
p4/4937/1,p4-4937,p4,U',2.0,19.519385629554165,True,7.56105479303827,10.56105479303827,7.048221086378487,-0.7185152873734548,2.281484712626545,3.25
p4/4937/1,p4-4937,p4,U',4.0,19.519385629554165,True,7.56105479303827,10.56105479303827,7.048221086378487,-0.7185152873734548,2.281484712626545,3.25
p4/4937/1,p4-4937,p4,U',6.0,19.519385629554165,True,8.977415097592107,11.977415097592107,7.241695551252771,0.23705602141974502,3.237056021419745,3.05
p4/4937/1,p4-4937,p4,L,2.0,19.519385629554165,True,6.10969062688573,9.10969062688573,7.480365366799633,-3.2162870432501727,-0.21628704325017267,3.45
p4/4937/1,p4-4937,p4,L,4.0,19.519385629554165,True,7.56105479303827,10.56105479303827,7.048221086378487,-0.7185152873734548,2.281484712626545,3.25
p4/4937/1,p4-4937,p4,L,6.0,19.519385629554165,True,10.477264219464413,13.477264219464413,7.754821523219295,0.4543880766335402,3.45438807663354,2.85
p4/4937/1,p4-4937,p4,L',2.0,19.519385629554165,True,12.010265877707155,15.010265877707155,7.315320094898943,3.091281195901777,6.091281195901777,2.65
p4/4937/1,p4-4937,p4,L',4.0,19.519385629554165,True,12.010265877707155,15.010265877707155,7.315320094898943,3.091281195901777,6.091281195901777,2.65
p4/4937/1,p4-4937,p4,L',6.0,19.519385629554165,True,13.391390584947157,16.391390584947157,6.428528737206365,6.503726964099147,9.503726964099148,2.45
p4/4937/1,p4-4937,p4,R,2.0,19.519385629554165,True,1.8967230219653644,4.896723021965364,5.751864272858496,-3.6172674135989675,-0.6172674135989675,4.05
p4/4937/1,p4-4937,p4,R,4.0,19.519385629554165,True,3.184648324319376,6.184648324319376,6.827839949327116,-4.585251404618508,-1.585251404618508,3.85
p4/4937/1,p4-4937,p4,R,6.0,19.519385629554165,True,4.600931434974033,7.600931434974033,7.406975836115257,-4.542950404491853,-1.5429504044918527,3.65
p4/4937/1,p4-4937,p4,R',2.0,19.519385629554165,True,10.477264219464413,13.477264219464413,7.754821523219295,0.4543880766335402,3.45438807663354,2.85
p4/4937/1,p4-4937,p4,R',4.0,19.519385629554165,True,12.010265877707155,15.010265877707155,7.315320094898943,3.091281195901777,6.091281195901777,2.65
p4/4937/1,p4-4937,p4,R',6.0,19.519385629554165,True,12.010265877707155,15.010265877707155,7.315320094898943,3.091281195901777,6.091281195901777,2.65
